3,1,3252.0,613.0,25.0,60.0,0.5166810750961304,-1,-1,-1
3,2,3190.0,624.0,26.0,55.0,0.4717908799648285,-1,-1,-1
3,3,2666.0,630.0,31.0,65.0,0.48897233605384827,-1,-1,-1
3,4,3603.0,800.0,35.0,107.0,0.5685203075408936,-1,-1,-1
3,5,3385.0,560.0,20.0,43.0,0.3631681501865387,-1,-1,-1
3,6,3936.0,528.0,16.0,32.0,0.4167337119579315,-1,-1,-1
3,7,3044.0,509.0,24.0,49.0,0.32125452160835266,-1,-1,-1
4,1,3252.0,613.0,25.0,59.0,0.53480064868927,-1,-1,-1
4,2,3188.0,624.0,26.0,54.0,0.39354947209358215,-1,-1,-1
4,3,2665.0,629.0,31.0,66.0,0.5101022124290466,-1,-1,-1
4,4,3602.0,799.0,34.0,105.0,0.5722543597221375,-1,-1,-1
4,5,3385.0,560.0,20.0,43.0,0.3833620548248291,-1,-1,-1
4,6,3935.0,526.0,17.0,34.0,0.4398333430290222,-1,-1,-1
4,7,3044.0,507.0,24.0,49.0,0.3513713777065277,-1,-1,-1
5,1,3252.0,613.0,25.0,59.0,0.5135554075241089,-1,-1,-1
5,2,3186.0,624.0,25.0,53.0,1.0,-1,-1,-1
5,3,2663.0,628.0,32.0,68.0,0.5133503079414368,-1,-1,-1
5,4,3600.0,799.0,34.0,105.0,0.5279639959335327,-1,-1,-1
5,5,3385.0,558.0,20.0,43.0,0.3614390194416046,-1,-1,-1
5,6,3935.0,524.0,17.0,36.0,0.46126997470855713,-1,-1,-1
5,7,3044.0,506.0,24.0,49.0,0.3654763698577881,-1,-1,-1
6,1,3252.0,613.0,24.0,59.0,0.48719221353530884,-1,-1,-1
6,2,3185.0,624.0,25.0,53.0,1.0,-1,-1,-1
6,3,2663.0,628.0,32.0,67.0,0.5166827440261841,-1,-1,-1
6,4,3597.0,799.0,34.0,104.0,0.411772757768631,-1,-1,-1
6,5,3386.0,559.0,20.0,43.0,0.3646458685398102,-1,-1,-1
6,6,3935.0,525.0,17.0,35.0,0.44992905855178833,-1,-1,-1
6,7,3044.0,507.0,24.0,48.0,0.341938853263855,-1,-1,-1
6,9,2752.0,574.0,25.0,52.0,0.2897205054759979,-1,-1,-1
7,1,3253.0,614.0,24.0,58.0,0.4581651985645294,-1,-1,-1
7,2,3183.0,624.0,25.0,52.0,1.0,-1,-1,-1
7,3,2662.0,629.0,32.0,67.0,0.4912971556186676,-1,-1,-1
7,4,3594.0,799.0,34.0,105.0,0.39969220757484436,-1,-1,-1
7,5,3387.0,560.0,19.0,41.0,0.3419528007507324,-1,-1,-1
7,6,3935.0,526.0,16.0,34.0,0.4231337606906891,-1,-1,-1
7,7,3045.0,508.0,23.0,46.0,0.35111746191978455,-1,-1,-1
7,9,2753.0,573.0,24.0,50.0,0.29998600482940674,-1,-1,-1
8,1,3252.0,614.0,24.0,58.0,0.47487929463386536,-1,-1,-1
8,2,3177.0,621.0,26.0,55.0,0.4067522883415222,-1,-1,-1
8,3,2661.0,629.0,31.0,65.0,0.48512956500053406,-1,-1,-1
8,4,3591.0,800.0,34.0,106.0,0.34319639205932617,-1,-1,-1
8,5,3388.0,559.0,19.0,41.0,0.3744591176509857,-1,-1,-1
8,6,3935.0,527.0,15.0,32.0,0.44037654995918274,-1,-1,-1
8,7,3045.0,508.0,23.0,45.0,0.38563695549964905,-1,-1,-1
8,9,2754.0,573.0,22.0,46.0,0.3250572383403778,-1,-1,-1
9,1,3252.0,614.0,25.0,60.0,0.48376354575157166,-1,-1,-1
9,2,3176.0,620.0,27.0,59.0,0.41942185163497925,-1,-1,-1
9,3,2661.0,629.0,31.0,65.0,0.5037420392036438,-1,-1,-1
9,4,3589.0,800.0,33.0,103.0,0.37615248560905457,-1,-1,-1
9,5,3388.0,557.0,19.0,43.0,0.39056774973869324,-1,-1,-1
9,6,3934.0,527.0,15.0,31.0,0.4809917211532593,-1,-1,-1
9,7,3044.0,508.0,23.0,46.0,0.34074103832244873,-1,-1,-1
9,9,2755.0,573.0,21.0,44.0,0.3624947965145111,-1,-1,-1
10,1,3252.0,614.0,25.0,61.0,0.4927707016468048,-1,-1,-1
10,2,3174.0,619.0,27.0,59.0,0.3886367380619049,-1,-1,-1
10,3,2660.0,628.0,30.0,64.0,0.5201897621154785,-1,-1,-1
10,4,3586.0,800.0,33.0,103.0,0.36268216371536255,-1,-1,-1
10,5,3388.0,552.0,21.0,47.0,0.4325276017189026,-1,-1,-1
10,6,3933.0,527.0,16.0,32.0,0.525178849697113,-1,-1,-1
10,7,3042.0,505.0,26.0,51.0,0.33904117345809937,-1,-1,-1
10,9,2755.0,573.0,22.0,45.0,0.425160676240921,-1,-1,-1
11,1,3251.0,614.0,26.0,63.0,0.4831923544406891,-1,-1,-1
11,2,3171.0,619.0,26.0,59.0,0.4480639696121216,-1,-1,-1
11,3,2660.0,627.0,31.0,66.0,0.5598188638687134,-1,-1,-1
11,4,3584.0,801.0,33.0,104.0,0.4555131494998932,-1,-1,-1
11,5,3388.0,549.0,22.0,52.0,0.49449482560157776,-1,-1,-1
11,6,3932.0,526.0,16.0,32.0,0.5185690522193909,-1,-1,-1
11,7,3040.0,505.0,26.0,52.0,0.35162901878356934,-1,-1,-1
11,9,2755.0,573.0,22.0,46.0,0.41359034180641174,-1,-1,-1
12,1,3251.0,614.0,26.0,63.0,0.449353963136673,-1,-1,-1
12,2,3170.0,618.0,26.0,59.0,0.43896108865737915,-1,-1,-1
12,3,2660.0,627.0,31.0,67.0,0.5551244020462036,-1,-1,-1
12,4,3583.0,801.0,33.0,104.0,0.3979915380477905,-1,-1,-1
12,5,3387.0,547.0,23.0,54.0,0.5065040588378906,-1,-1,-1
12,6,3932.0,526.0,16.0,32.0,0.5147848129272461,-1,-1,-1
12,7,3039.0,504.0,27.0,52.0,0.29633814096450806,-1,-1,-1
12,9,2756.0,573.0,22.0,47.0,0.46573856472969055,-1,-1,-1
12,11,2884.0,526.0,18.0,33.0,0.3090091347694397,-1,-1,-1
13,1,3251.0,614.0,25.0,64.0,0.46025264263153076,-1,-1,-1
13,2,3169.0,620.0,24.0,55.0,0.42666706442832947,-1,-1,-1
13,3,2659.0,627.0,31.0,66.0,0.6060365438461304,-1,-1,-1
13,4,3582.0,801.0,34.0,103.0,0.3874463140964508,-1,-1,-1
13,5,3387.0,547.0,23.0,54.0,0.4858461618423462,-1,-1,-1
13,6,3931.0,526.0,16.0,32.0,0.5121317505836487,-1,-1,-1
13,7,3038.0,504.0,28.0,53.0,0.31281211972236633,-1,-1,-1
13,9,2756.0,572.0,22.0,48.0,0.49452221393585205,-1,-1,-1
13,11,2884.0,526.0,17.0,33.0,0.3294616639614105,-1,-1,-1
14,1,3251.0,615.0,25.0,63.0,0.45369577407836914,-1,-1,-1
14,2,3166.0,621.0,23.0,53.0,0.4412848651409149,-1,-1,-1
14,3,2659.0,627.0,30.0,65.0,0.6321530938148499,-1,-1,-1
14,4,3580.0,799.0,34.0,104.0,0.4631020426750183,-1,-1,-1
14,5,3388.0,546.0,23.0,53.0,0.534510612487793,-1,-1,-1
14,6,3931.0,526.0,17.0,33.0,0.5262566208839417,-1,-1,-1
14,7,3037.0,504.0,28.0,53.0,0.33834385871887207,-1,-1,-1
14,9,2758.0,572.0,21.0,46.0,0.5389697551727295,-1,-1,-1
14,11,2884.0,526.0,17.0,32.0,0.3172015845775604,-1,-1,-1
15,1,3250.0,615.0,25.0,63.0,0.4278147518634796,-1,-1,-1
15,2,3165.0,621.0,21.0,51.0,0.39631569385528564,-1,-1,-1
15,3,2657.0,627.0,30.0,65.0,0.6336477398872375,-1,-1,-1
15,4,3579.0,799.0,35.0,104.0,0.42045360803604126,-1,-1,-1
15,5,3388.0,546.0,22.0,53.0,0.5340583324432373,-1,-1,-1
15,6,3930.0,526.0,17.0,33.0,0.49747827649116516,-1,-1,-1
15,7,3036.0,504.0,28.0,53.0,0.30154889822006226,-1,-1,-1
15,9,2759.0,570.0,20.0,45.0,0.5139519572257996,-1,-1,-1
15,11,2884.0,526.0,17.0,32.0,0.3227006196975708,-1,-1,-1
16,1,3251.0,616.0,24.0,62.0,0.43972936272621155,-1,-1,-1
16,2,3163.0,622.0,21.0,49.0,0.32567793130874634,-1,-1,-1
16,3,2656.0,626.0,31.0,66.0,0.65997314453125,-1,-1,-1
16,4,3578.0,798.0,35.0,105.0,0.6208169460296631,-1,-1,-1
16,5,3388.0,545.0,22.0,53.0,0.5514569878578186,-1,-1,-1
16,6,3929.0,526.0,16.0,32.0,0.4610506296157837,-1,-1,-1
16,7,3036.0,504.0,28.0,53.0,0.2631048560142517,-1,-1,-1
16,9,2760.0,569.0,19.0,42.0,0.4639018476009369,-1,-1,-1
16,11,2884.0,526.0,18.0,32.0,0.30960384011268616,-1,-1,-1
17,1,3251.0,616.0,24.0,62.0,0.4478834569454193,-1,-1,-1
17,2,3161.0,622.0,20.0,48.0,1.0,-1,-1,-1
17,3,2656.0,625.0,31.0,66.0,0.6608442664146423,-1,-1,-1
17,4,3577.0,797.0,36.0,106.0,0.6467090249061584,-1,-1,-1
17,5,3390.0,547.0,21.0,51.0,0.5234581828117371,-1,-1,-1
17,6,3928.0,526.0,16.0,32.0,0.44681477546691895,-1,-1,-1
17,7,3036.0,504.0,28.0,51.0,0.2735399007797241,-1,-1,-1
17,9,2760.0,568.0,20.0,43.0,0.4674359858036041,-1,-1,-1
17,11,2884.0,526.0,17.0,32.0,0.30769219994544983,-1,-1,-1
17,12,3168.0,561.0,22.0,41.0,0.2688734531402588,-1,-1,-1
17,13,3271.0,518.0,28.0,44.0,0.4142555296421051,-1,-1,-1
18,1,3250.0,616.0,24.0,62.0,0.4242958724498749,-1,-1,-1
18,2,3160.0,619.0,22.0,54.0,0.28370463848114014,-1,-1,-1
18,3,2655.0,624.0,31.0,67.0,0.6815915107727051,-1,-1,-1
18,4,3576.0,797.0,36.0,106.0,0.6689952611923218,-1,-1,-1
18,5,3391.0,548.0,19.0,47.0,0.4991101324558258,-1,-1,-1
18,6,3927.0,526.0,16.0,32.0,0.44293496012687683,-1,-1,-1
18,7,3038.0,506.0,27.0,49.0,0.267768532037735,-1,-1,-1
18,9,2760.0,567.0,19.0,42.0,0.502058744430542,-1,-1,-1
18,11,2884.0,526.0,18.0,31.0,0.31830528378486633,-1,-1,-1
18,12,3167.0,560.0,21.0,40.0,0.2830411195755005,-1,-1,-1
18,13,3272.0,517.0,29.0,47.0,0.4194169044494629,-1,-1,-1
19,1,3250.0,616.0,24.0,62.0,0.48652270436286926,-1,-1,-1
19,2,3157.0,617.0,24.0,58.0,0.3411185145378113,-1,-1,-1
19,3,2654.0,624.0,31.0,67.0,0.7085612416267395,-1,-1,-1
19,4,3575.0,795.0,37.0,108.0,0.6729997396469116,-1,-1,-1
19,5,3391.0,549.0,19.0,46.0,0.5321613550186157,-1,-1,-1
19,6,3926.0,527.0,16.0,31.0,0.46971777081489563,-1,-1,-1
19,7,3039.0,506.0,26.0,48.0,0.30378514528274536,-1,-1,-1
19,9,2761.0,567.0,19.0,42.0,0.5371974110603333,-1,-1,-1
19,11,2884.0,526.0,18.0,31.0,0.32210248708724976,-1,-1,-1
19,12,3166.0,559.0,21.0,39.0,0.30300453305244446,-1,-1,-1
19,13,3272.0,516.0,30.0,48.0,0.4383239150047302,-1,-1,-1
20,1,3249.0,616.0,24.0,62.0,0.5118974447250366,-1,-1,-1
20,2,3153.0,615.0,25.0,60.0,0.4568749666213989,-1,-1,-1
20,3,2653.0,623.0,32.0,68.0,0.744563102722168,-1,-1,-1
20,4,3575.0,795.0,37.0,108.0,0.6708652377128601,-1,-1,-1
20,5,3392.0,548.0,18.0,45.0,0.5686585307121277,-1,-1,-1
20,6,3925.0,527.0,16.0,31.0,0.4800522029399872,-1,-1,-1
20,7,3040.0,506.0,24.0,45.0,0.3052375316619873,-1,-1,-1
20,9,2762.0,567.0,19.0,42.0,0.5396859049797058,-1,-1,-1
20,11,2884.0,526.0,18.0,31.0,0.32879507541656494,-1,-1,-1
20,12,3165.0,558.0,21.0,39.0,1.0,-1,-1,-1
20,13,3273.0,516.0,29.0,49.0,0.46675610542297363,-1,-1,-1
21,1,3249.0,616.0,24.0,62.0,0.5122901797294617,-1,-1,-1
21,2,3151.0,612.0,25.0,61.0,0.5245687961578369,-1,-1,-1
21,3,2651.0,622.0,32.0,70.0,0.733798623085022,-1,-1,-1
21,4,3574.0,796.0,37.0,108.0,0.6741342544555664,-1,-1,-1
21,5,3392.0,546.0,19.0,46.0,0.5342217087745667,-1,-1,-1
21,6,3924.0,526.0,17.0,32.0,0.4471602439880371,-1,-1,-1
21,7,3041.0,506.0,24.0,46.0,0.3018782138824463,-1,-1,-1
21,9,2761.0,567.0,19.0,43.0,0.48390111327171326,-1,-1,-1
21,11,2883.0,525.0,19.0,33.0,0.34133127331733704,-1,-1,-1
21,12,3165.0,557.0,20.0,39.0,1.0,-1,-1,-1
21,13,3274.0,515.0,29.0,49.0,0.4735046327114105,-1,-1,-1
22,1,3249.0,615.0,24.0,62.0,0.46086037158966064,-1,-1,-1
22,2,3150.0,611.0,24.0,60.0,0.5259010195732117,-1,-1,-1
22,3,2651.0,622.0,31.0,68.0,0.6964668035507202,-1,-1,-1
22,4,3575.0,796.0,36.0,106.0,0.6188675165176392,-1,-1,-1
22,5,3392.0,546.0,18.0,44.0,0.5077167749404907,-1,-1,-1
22,6,3924.0,525.0,17.0,32.0,0.4139648973941803,-1,-1,-1
22,7,3042.0,505.0,24.0,45.0,0.2684309780597687,-1,-1,-1
22,9,2761.0,566.0,20.0,44.0,0.4122663736343384,-1,-1,-1
22,11,2883.0,522.0,19.0,33.0,0.3322049081325531,-1,-1,-1
22,12,3164.0,556.0,20.0,38.0,1.0,-1,-1,-1
22,13,3275.0,514.0,28.0,47.0,0.4183703362941742,-1,-1,-1
23,1,3249.0,615.0,24.0,62.0,0.47101861238479614,-1,-1,-1
23,2,3148.0,611.0,24.0,60.0,0.5806140899658203,-1,-1,-1
23,3,2650.0,622.0,31.0,67.0,0.6433377265930176,-1,-1,-1
23,4,3574.0,797.0,35.0,106.0,0.6394329071044922,-1,-1,-1
23,5,3392.0,546.0,18.0,46.0,0.5472649931907654,-1,-1,-1
23,6,3923.0,525.0,16.0,32.0,0.3991881012916565,-1,-1,-1
23,7,3042.0,504.0,24.0,46.0,0.2776986360549927,-1,-1,-1
23,9,2760.0,564.0,21.0,47.0,0.4281753599643707,-1,-1,-1
23,11,2883.0,521.0,19.0,33.0,0.3451370894908905,-1,-1,-1
23,12,3163.0,555.0,20.0,38.0,1.0,-1,-1,-1
23,13,3275.0,516.0,27.0,46.0,0.48346298933029175,-1,-1,-1
24,1,3249.0,615.0,23.0,62.0,0.42935916781425476,-1,-1,-1
24,2,3145.0,609.0,24.0,60.0,0.5296698808670044,-1,-1,-1
24,3,2648.0,622.0,32.0,68.0,0.6103542447090149,-1,-1,-1
24,4,3574.0,797.0,35.0,105.0,0.6502024531364441,-1,-1,-1
24,5,3392.0,545.0,18.0,46.0,0.4844571352005005,-1,-1,-1
24,6,3924.0,527.0,15.0,30.0,0.35317426919937134,-1,-1,-1
24,7,3043.0,503.0,23.0,45.0,0.2812776565551758,-1,-1,-1
24,9,2760.0,563.0,21.0,47.0,0.40571680665016174,-1,-1,-1
24,11,2883.0,521.0,19.0,32.0,0.3290956914424896,-1,-1,-1
24,12,3162.0,554.0,20.0,37.0,1.0,-1,-1,-1
24,13,3275.0,515.0,26.0,44.0,0.4354243576526642,-1,-1,-1
25,1,3249.0,616.0,23.0,61.0,0.4080164134502411,-1,-1,-1
25,2,3144.0,610.0,23.0,58.0,0.5492417812347412,-1,-1,-1
25,3,2646.0,622.0,32.0,68.0,0.550330400466919,-1,-1,-1
25,4,3574.0,797.0,34.0,105.0,0.6125191450119019,-1,-1,-1
25,5,3392.0,545.0,18.0,45.0,0.4867573082447052,-1,-1,-1
25,6,3923.0,527.0,16.0,31.0,0.3358224928379059,-1,-1,-1
25,7,3044.0,504.0,20.0,40.0,0.2805262804031372,-1,-1,-1
25,9,2760.0,562.0,21.0,47.0,0.39930418133735657,-1,-1,-1
25,11,2883.0,521.0,18.0,32.0,0.28332096338272095,-1,-1,-1
25,12,3162.0,553.0,19.0,37.0,1.0,-1,-1,-1
25,13,3277.0,515.0,26.0,44.0,0.4157993495464325,-1,-1,-1
26,1,3249.0,616.0,23.0,61.0,0.38057905435562134,-1,-1,-1
26,2,3142.0,611.0,22.0,56.0,0.5108270645141602,-1,-1,-1
26,3,2645.0,623.0,32.0,68.0,0.5260000824928284,-1,-1,-1
26,4,3574.0,799.0,34.0,104.0,0.6290615200996399,-1,-1,-1
26,5,3393.0,545.0,17.0,44.0,0.48256388306617737,-1,-1,-1
26,6,3922.0,527.0,17.0,31.0,0.2919580340385437,-1,-1,-1
26,7,3045.0,504.0,19.0,38.0,0.263370543718338,-1,-1,-1
26,9,2760.0,561.0,21.0,46.0,0.38095685839653015,-1,-1,-1
26,11,2883.0,522.0,17.0,29.0,0.2605535089969635,-1,-1,-1
26,12,3161.0,552.0,19.0,37.0,1.0,-1,-1,-1
26,13,3279.0,516.0,25.0,42.0,0.2734301686286926,-1,-1,-1
27,1,3248.0,617.0,23.0,61.0,0.35729819536209106,-1,-1,-1
27,2,3140.0,612.0,21.0,53.0,0.48375988006591797,-1,-1,-1
27,3,2644.0,623.0,32.0,68.0,0.4646269977092743,-1,-1,-1
27,4,3573.0,799.0,33.0,104.0,0.6445277333259583,-1,-1,-1
27,5,3393.0,545.0,17.0,44.0,0.48329591751098633,-1,-1,-1
27,6,3922.0,527.0,17.0,31.0,1.0,-1,-1,-1
27,7,3046.0,503.0,18.0,36.0,0.28388673067092896,-1,-1,-1
27,9,2760.0,561.0,20.0,46.0,0.38206255435943604,-1,-1,-1
27,11,2884.0,522.0,17.0,29.0,0.26313915848731995,-1,-1,-1
27,12,3160.0,552.0,19.0,36.0,1.0,-1,-1,-1
27,13,3281.0,516.0,25.0,42.0,0.34152448177337646,-1,-1,-1
28,1,3248.0,617.0,23.0,61.0,0.3704507648944855,-1,-1,-1
28,2,3138.0,613.0,20.0,51.0,0.48867267370224,-1,-1,-1
28,3,2643.0,623.0,32.0,68.0,0.42350947856903076,-1,-1,-1
28,4,3572.0,800.0,33.0,103.0,0.6068480610847473,-1,-1,-1
28,5,3393.0,545.0,17.0,43.0,0.4951234459877014,-1,-1,-1
28,6,3921.0,527.0,17.0,31.0,1.0,-1,-1,-1
28,7,3046.0,504.0,17.0,34.0,0.2828928232192993,-1,-1,-1
28,9,2761.0,561.0,20.0,45.0,0.4102213382720947,-1,-1,-1
28,11,2884.0,522.0,17.0,29.0,0.28336307406425476,-1,-1,-1
28,12,3160.0,551.0,19.0,36.0,1.0,-1,-1,-1
28,13,3282.0,516.0,24.0,42.0,0.311006635427475,-1,-1,-1
29,1,3248.0,617.0,23.0,61.0,0.3586309552192688,-1,-1,-1
29,2,3136.0,613.0,20.0,51.0,0.40209874510765076,-1,-1,-1
29,3,2641.0,623.0,32.0,68.0,0.36752527952194214,-1,-1,-1
29,4,3571.0,800.0,33.0,103.0,0.6461919546127319,-1,-1,-1
29,5,3394.0,545.0,16.0,42.0,0.48409268260002136,-1,-1,-1
29,6,3920.0,527.0,16.0,31.0,1.0,-1,-1,-1
29,7,3046.0,503.0,17.0,35.0,0.281901478767395,-1,-1,-1
29,9,2761.0,561.0,20.0,45.0,0.36928707361221313,-1,-1,-1
29,11,2884.0,522.0,17.0,29.0,0.2800089120864868,-1,-1,-1
29,12,3159.0,550.0,19.0,36.0,1.0,-1,-1,-1
29,13,3283.0,516.0,24.0,41.0,1.0,-1,-1,-1
30,1,3248.0,617.0,23.0,61.0,0.37365037202835083,-1,-1,-1
30,2,3133.0,610.0,22.0,55.0,0.37323543429374695,-1,-1,-1
30,3,2640.0,624.0,32.0,66.0,0.38783589005470276,-1,-1,-1
30,4,3571.0,801.0,32.0,103.0,0.6784358620643616,-1,-1,-1
30,5,3393.0,545.0,16.0,41.0,0.4914442300796509,-1,-1,-1
30,6,3920.0,527.0,16.0,31.0,1.0,-1,-1,-1
30,7,3046.0,503.0,18.0,38.0,0.2820660173892975,-1,-1,-1
30,9,2761.0,562.0,19.0,44.0,0.41363486647605896,-1,-1,-1
30,11,2884.0,523.0,17.0,29.0,0.2819060981273651,-1,-1,-1
30,12,3158.0,549.0,18.0,35.0,1.0,-1,-1,-1
30,13,3284.0,516.0,23.0,41.0,1.0,-1,-1,-1
31,1,3247.0,617.0,22.0,61.0,0.341493159532547,-1,-1,-1
31,2,3131.0,610.0,23.0,57.0,0.2816276252269745,-1,-1,-1
31,3,2640.0,624.0,31.0,64.0,0.36754825711250305,-1,-1,-1
31,4,3570.0,801.0,32.0,103.0,0.6848645210266113,-1,-1,-1
31,5,3394.0,546.0,15.0,39.0,0.4181656241416931,-1,-1,-1
31,6,3919.0,527.0,16.0,31.0,1.0,-1,-1,-1
31,7,3045.0,500.0,19.0,40.0,0.2843291759490967,-1,-1,-1
31,9,2761.0,561.0,20.0,45.0,0.40737494826316833,-1,-1,-1
31,11,2884.0,523.0,17.0,28.0,1.0,-1,-1,-1
31,12,3158.0,548.0,18.0,35.0,1.0,-1,-1,-1
31,13,3285.0,515.0,23.0,40.0,1.0,-1,-1,-1
32,1,3247.0,617.0,22.0,61.0,0.29957062005996704,-1,-1,-1
32,2,3129.0,609.0,23.0,57.0,1.0,-1,-1,-1
32,3,2639.0,625.0,30.0,62.0,0.3045833706855774,-1,-1,-1
32,4,3570.0,801.0,32.0,103.0,0.6839569211006165,-1,-1,-1
32,5,3394.0,546.0,15.0,38.0,0.36344611644744873,-1,-1,-1
32,6,3919.0,527.0,16.0,31.0,1.0,-1,-1,-1
32,7,3045.0,500.0,19.0,40.0,1.0,-1,-1,-1
32,9,2761.0,561.0,19.0,45.0,0.33978280425071716,-1,-1,-1
32,11,2884.0,523.0,17.0,28.0,1.0,-1,-1,-1
32,12,3157.0,547.0,18.0,34.0,1.0,-1,-1,-1
32,13,3286.0,515.0,23.0,40.0,1.0,-1,-1,-1
33,1,3247.0,617.0,22.0,60.0,0.2857527434825897,-1,-1,-1
33,2,3126.0,606.0,24.0,60.0,0.3129153549671173,-1,-1,-1
33,3,2639.0,625.0,31.0,63.0,0.40728679299354553,-1,-1,-1
33,4,3570.0,801.0,32.0,103.0,0.6948212385177612,-1,-1,-1
33,5,3394.0,544.0,15.0,39.0,0.4091138243675232,-1,-1,-1
33,6,3918.0,527.0,16.0,31.0,1.0,-1,-1,-1
33,7,3045.0,500.0,19.0,40.0,1.0,-1,-1,-1
33,9,2761.0,558.0,20.0,46.0,0.3385794460773468,-1,-1,-1
33,11,2884.0,523.0,16.0,28.0,1.0,-1,-1,-1
33,12,3140.0,490.0,20.0,38.0,0.30011922121047974,-1,-1,-1
33,13,3287.0,515.0,23.0,39.0,1.0,-1,-1,-1
34,1,3246.0,617.0,22.0,61.0,0.28634315729141235,-1,-1,-1
34,2,3124.0,607.0,24.0,59.0,0.5369198322296143,-1,-1,-1
34,3,2639.0,623.0,31.0,64.0,0.34847313165664673,-1,-1,-1
34,4,3570.0,801.0,31.0,103.0,0.7276743650436401,-1,-1,-1
34,5,3393.0,543.0,16.0,41.0,0.375874787569046,-1,-1,-1
34,6,3918.0,527.0,16.0,31.0,1.0,-1,-1,-1
34,7,3046.0,499.0,19.0,40.0,1.0,-1,-1,-1
34,9,2761.0,556.0,20.0,46.0,0.34874942898750305,-1,-1,-1
34,11,2884.0,523.0,16.0,27.0,1.0,-1,-1,-1
34,12,3141.0,487.0,21.0,39.0,0.2610023617744446,-1,-1,-1
34,13,3287.0,515.0,22.0,39.0,1.0,-1,-1,-1
35,1,3246.0,617.0,22.0,61.0,0.26973679661750793,-1,-1,-1
35,2,3121.0,606.0,24.0,61.0,0.6158115863800049,-1,-1,-1
35,3,2638.0,621.0,32.0,66.0,0.28271177411079407,-1,-1,-1
35,4,3570.0,801.0,31.0,103.0,0.7391949892044067,-1,-1,-1
35,5,3394.0,543.0,16.0,40.0,0.38657867908477783,-1,-1,-1
35,6,3917.0,527.0,16.0,31.0,1.0,-1,-1,-1
35,7,3046.0,499.0,19.0,40.0,1.0,-1,-1,-1
35,9,2760.0,555.0,19.0,46.0,0.3460843563079834,-1,-1,-1
35,11,2884.0,523.0,16.0,27.0,1.0,-1,-1,-1
35,12,3139.0,482.0,21.0,39.0,1.0,-1,-1,-1
35,13,3288.0,515.0,22.0,39.0,1.0,-1,-1,-1
36,1,3246.0,617.0,22.0,61.0,0.2516750991344452,-1,-1,-1
36,2,3120.0,607.0,24.0,61.0,0.5627585053443909,-1,-1,-1
36,3,2638.0,621.0,32.0,66.0,0.31725993752479553,-1,-1,-1
36,4,3570.0,800.0,31.0,102.0,0.7559487223625183,-1,-1,-1
36,5,3394.0,543.0,15.0,39.0,0.38146063685417175,-1,-1,-1
36,6,3916.0,527.0,16.0,31.0,1.0,-1,-1,-1
36,7,3046.0,498.0,19.0,39.0,1.0,-1,-1,-1
36,9,2760.0,556.0,19.0,44.0,0.31586238741874695,-1,-1,-1
36,11,2885.0,523.0,16.0,27.0,1.0,-1,-1,-1
36,12,3138.0,478.0,21.0,39.0,1.0,-1,-1,-1
36,13,3289.0,515.0,22.0,38.0,1.0,-1,-1,-1
37,1,3246.0,617.0,22.0,62.0,1.0,-1,-1,-1
37,2,3118.0,606.0,23.0,60.0,0.5660018920898438,-1,-1,-1
37,3,2638.0,620.0,32.0,66.0,0.409210205078125,-1,-1,-1
37,4,3570.0,800.0,31.0,102.0,0.7590335607528687,-1,-1,-1
37,5,3394.0,543.0,15.0,39.0,0.4049068093299866,-1,-1,-1
37,6,3916.0,527.0,16.0,31.0,1.0,-1,-1,-1
37,7,3046.0,498.0,19.0,39.0,1.0,-1,-1,-1
37,9,2760.0,555.0,19.0,44.0,0.3266538083553314,-1,-1,-1
37,11,2885.0,523.0,16.0,26.0,1.0,-1,-1,-1
37,12,3136.0,474.0,21.0,39.0,1.0,-1,-1,-1
37,13,3290.0,514.0,22.0,38.0,1.0,-1,-1,-1
38,1,3245.0,617.0,22.0,62.0,1.0,-1,-1,-1
38,2,3116.0,605.0,23.0,60.0,0.541742205619812,-1,-1,-1
38,3,2638.0,620.0,32.0,66.0,0.39845705032348633,-1,-1,-1
38,4,3571.0,800.0,30.0,101.0,0.7544704079627991,-1,-1,-1
38,5,3394.0,542.0,15.0,39.0,0.4007987082004547,-1,-1,-1
38,6,3915.0,527.0,16.0,31.0,1.0,-1,-1,-1
38,7,3046.0,497.0,19.0,39.0,1.0,-1,-1,-1
38,9,2760.0,556.0,18.0,43.0,0.32457032799720764,-1,-1,-1
38,11,2885.0,523.0,16.0,26.0,1.0,-1,-1,-1
38,12,3135.0,469.0,21.0,39.0,1.0,-1,-1,-1
38,13,3291.0,514.0,21.0,37.0,1.0,-1,-1,-1
39,1,3245.0,617.0,22.0,62.0,1.0,-1,-1,-1
39,2,3115.0,603.0,22.0,58.0,0.5462201833724976,-1,-1,-1
39,3,2637.0,619.0,32.0,67.0,0.4677516222000122,-1,-1,-1
39,4,3572.0,800.0,30.0,101.0,0.755068838596344,-1,-1,-1
39,5,3393.0,542.0,16.0,41.0,0.37275493144989014,-1,-1,-1
39,6,3915.0,527.0,16.0,31.0,1.0,-1,-1,-1
39,7,3046.0,497.0,19.0,39.0,1.0,-1,-1,-1
39,9,2761.0,556.0,18.0,43.0,0.315786749124527,-1,-1,-1
39,11,2885.0,523.0,15.0,26.0,1.0,-1,-1,-1
39,12,3133.0,465.0,21.0,39.0,1.0,-1,-1,-1
39,13,3292.0,514.0,21.0,37.0,1.0,-1,-1,-1
40,1,3245.0,617.0,22.0,62.0,1.0,-1,-1,-1
40,2,3112.0,604.0,21.0,57.0,0.5698055624961853,-1,-1,-1
40,3,2637.0,618.0,32.0,66.0,0.45860347151756287,-1,-1,-1
40,4,3573.0,799.0,31.0,100.0,0.7337373495101929,-1,-1,-1
40,5,3393.0,543.0,16.0,40.0,0.44195255637168884,-1,-1,-1
40,6,3910.0,525.0,17.0,33.0,0.25863268971443176,-1,-1,-1
40,7,3046.0,496.0,19.0,39.0,1.0,-1,-1,-1
40,9,2760.0,556.0,18.0,43.0,0.3365943431854248,-1,-1,-1
40,11,2885.0,523.0,15.0,25.0,1.0,-1,-1,-1
40,12,3131.0,460.0,21.0,39.0,1.0,-1,-1,-1
40,13,3293.0,514.0,21.0,36.0,1.0,-1,-1,-1
41,1,3245.0,617.0,22.0,62.0,1.0,-1,-1,-1
41,2,3111.0,603.0,21.0,58.0,0.5750129222869873,-1,-1,-1
41,3,2637.0,620.0,31.0,64.0,0.4558536410331726,-1,-1,-1
41,4,3572.0,799.0,31.0,100.0,0.7337383031845093,-1,-1,-1
41,5,3394.0,544.0,15.0,39.0,0.43900230526924133,-1,-1,-1
41,6,3910.0,525.0,17.0,33.0,0.3252738118171692,-1,-1,-1
41,7,3046.0,496.0,19.0,39.0,1.0,-1,-1,-1
41,9,2759.0,555.0,19.0,44.0,0.3908390402793884,-1,-1,-1
41,11,2885.0,523.0,15.0,25.0,1.0,-1,-1,-1
41,12,3130.0,456.0,21.0,39.0,1.0,-1,-1,-1
41,13,3294.0,514.0,20.0,36.0,1.0,-1,-1,-1
42,1,3244.0,617.0,22.0,62.0,1.0,-1,-1,-1
42,2,3109.0,601.0,21.0,58.0,0.5106802582740784,-1,-1,-1
42,3,2636.0,621.0,30.0,62.0,0.4550556242465973,-1,-1,-1
42,4,3572.0,798.0,31.0,100.0,0.7341771125793457,-1,-1,-1
42,5,3394.0,544.0,15.0,39.0,0.3928977847099304,-1,-1,-1
42,6,3909.0,525.0,16.0,33.0,0.2857551574707031,-1,-1,-1
42,7,3047.0,495.0,19.0,39.0,1.0,-1,-1,-1
42,9,2760.0,554.0,19.0,45.0,0.36420130729675293,-1,-1,-1
42,11,2885.0,523.0,15.0,25.0,1.0,-1,-1,-1
42,12,3128.0,452.0,21.0,39.0,1.0,-1,-1,-1
42,13,3295.0,514.0,20.0,35.0,1.0,-1,-1,-1
43,1,3244.0,617.0,22.0,62.0,1.0,-1,-1,-1
43,2,3108.0,600.0,21.0,58.0,0.47094234824180603,-1,-1,-1
43,3,2636.0,622.0,28.0,60.0,0.4302358627319336,-1,-1,-1
43,4,3571.0,798.0,31.0,100.0,0.7260794043540955,-1,-1,-1
43,5,3393.0,544.0,15.0,38.0,0.38418954610824585,-1,-1,-1
43,6,3910.0,525.0,16.0,32.0,0.31751564145088196,-1,-1,-1
43,7,3047.0,495.0,18.0,39.0,1.0,-1,-1,-1
43,9,2760.0,553.0,19.0,44.0,0.3642187714576721,-1,-1,-1
43,11,2885.0,523.0,15.0,25.0,1.0,-1,-1,-1
43,12,3127.0,447.0,21.0,39.0,1.0,-1,-1,-1
43,13,3296.0,514.0,20.0,35.0,1.0,-1,-1,-1
44,1,3244.0,617.0,22.0,62.0,1.0,-1,-1,-1
44,2,3107.0,601.0,21.0,57.0,0.570533812046051,-1,-1,-1
44,3,2635.0,622.0,28.0,60.0,0.4515828788280487,-1,-1,-1
44,4,3571.0,798.0,31.0,100.0,0.7245022058486938,-1,-1,-1
44,5,3393.0,542.0,15.0,40.0,0.4157591760158539,-1,-1,-1
44,6,3910.0,525.0,15.0,31.0,0.26906368136405945,-1,-1,-1
44,7,3047.0,494.0,18.0,39.0,1.0,-1,-1,-1
44,9,2761.0,551.0,18.0,43.0,0.38306665420532227,-1,-1,-1
44,11,2885.0,523.0,14.0,24.0,1.0,-1,-1,-1
44,12,3125.0,443.0,21.0,39.0,1.0,-1,-1,-1
44,13,3297.0,513.0,20.0,35.0,1.0,-1,-1,-1
45,1,3243.0,617.0,22.0,62.0,1.0,-1,-1,-1
45,2,3106.0,602.0,21.0,55.0,0.5305792689323425,-1,-1,-1
45,3,2635.0,622.0,28.0,59.0,0.45875510573387146,-1,-1,-1
45,4,3571.0,798.0,31.0,100.0,0.7240562438964844,-1,-1,-1
45,5,3393.0,541.0,15.0,39.0,0.33325013518333435,-1,-1,-1
45,6,3909.0,525.0,15.0,31.0,1.0,-1,-1,-1
45,7,3047.0,494.0,18.0,39.0,1.0,-1,-1,-1
45,9,2760.0,550.0,18.0,41.0,0.33718276023864746,-1,-1,-1
45,11,2885.0,523.0,14.0,24.0,1.0,-1,-1,-1
45,12,3124.0,438.0,21.0,39.0,1.0,-1,-1,-1
45,13,3298.0,513.0,19.0,34.0,1.0,-1,-1,-1
46,1,3243.0,617.0,22.0,62.0,1.0,-1,-1,-1
46,2,3104.0,602.0,21.0,55.0,0.5005486011505127,-1,-1,-1
46,3,2634.0,622.0,28.0,59.0,0.49550101161003113,-1,-1,-1
46,4,3571.0,798.0,31.0,101.0,0.7264706492424011,-1,-1,-1
46,5,3393.0,541.0,15.0,39.0,0.34057867527008057,-1,-1,-1
46,6,3910.0,526.0,15.0,30.0,0.2848942279815674,-1,-1,-1
46,7,3047.0,493.0,18.0,38.0,1.0,-1,-1,-1
46,9,2760.0,551.0,17.0,41.0,0.354278564453125,-1,-1,-1
46,11,2885.0,523.0,14.0,24.0,1.0,-1,-1,-1
46,12,3122.0,434.0,21.0,39.0,1.0,-1,-1,-1
46,13,3299.0,513.0,19.0,34.0,1.0,-1,-1,-1
47,1,3243.0,617.0,22.0,62.0,1.0,-1,-1,-1
47,2,3101.0,601.0,21.0,55.0,0.4192259907722473,-1,-1,-1
47,3,2633.0,621.0,27.0,58.0,0.5162906050682068,-1,-1,-1
47,4,3571.0,798.0,31.0,101.0,0.7176218628883362,-1,-1,-1
47,5,3393.0,540.0,15.0,38.0,0.3339938223361969,-1,-1,-1
47,6,3909.0,526.0,15.0,30.0,0.34204304218292236,-1,-1,-1
47,7,3036.0,493.0,21.0,41.0,0.2677675783634186,-1,-1,-1
47,9,2760.0,552.0,17.0,40.0,0.3489276170730591,-1,-1,-1
47,11,2886.0,523.0,14.0,23.0,1.0,-1,-1,-1
47,12,3121.0,429.0,21.0,39.0,1.0,-1,-1,-1
47,13,3300.0,513.0,19.0,33.0,1.0,-1,-1,-1
48,1,3243.0,617.0,22.0,62.0,1.0,-1,-1,-1
48,2,3099.0,600.0,21.0,55.0,0.4083727300167084,-1,-1,-1
48,3,2632.0,619.0,28.0,60.0,0.5214516520500183,-1,-1,-1
48,4,3571.0,798.0,31.0,101.0,0.7258226871490479,-1,-1,-1
48,5,3393.0,540.0,15.0,38.0,0.34304723143577576,-1,-1,-1
48,6,3909.0,526.0,14.0,29.0,0.3305175006389618,-1,-1,-1
48,7,3035.0,494.0,20.0,39.0,0.25742995738983154,-1,-1,-1
48,9,2759.0,553.0,17.0,39.0,0.3222287893295288,-1,-1,-1
48,11,2886.0,523.0,14.0,23.0,1.0,-1,-1,-1
48,12,3119.0,425.0,21.0,39.0,1.0,-1,-1,-1
48,13,3301.0,513.0,19.0,33.0,1.0,-1,-1,-1
49,1,3242.0,617.0,23.0,62.0,1.0,-1,-1,-1
49,2,3096.0,599.0,22.0,57.0,0.5779358148574829,-1,-1,-1
49,3,2631.0,618.0,28.0,61.0,0.438961923122406,-1,-1,-1
49,4,3571.0,798.0,31.0,100.0,0.7339787483215332,-1,-1,-1
49,5,3394.0,540.0,15.0,37.0,0.31396034359931946,-1,-1,-1
49,6,3909.0,526.0,14.0,29.0,1.0,-1,-1,-1
49,7,3035.0,493.0,20.0,39.0,1.0,-1,-1,-1
49,9,2759.0,552.0,18.0,40.0,0.3218311071395874,-1,-1,-1
49,11,2886.0,523.0,13.0,23.0,1.0,-1,-1,-1
49,12,3118.0,421.0,21.0,39.0,1.0,-1,-1,-1
49,13,3302.0,513.0,18.0,32.0,1.0,-1,-1,-1
50,1,3242.0,617.0,23.0,62.0,1.0,-1,-1,-1
50,2,3094.0,598.0,22.0,57.0,0.5213011503219604,-1,-1,-1
50,3,2631.0,617.0,29.0,62.0,0.45242488384246826,-1,-1,-1
50,4,3571.0,799.0,31.0,100.0,0.7386996746063232,-1,-1,-1
50,5,3394.0,540.0,15.0,37.0,0.3186703324317932,-1,-1,-1
50,6,3908.0,527.0,14.0,28.0,0.2593410909175873,-1,-1,-1
50,7,3035.0,493.0,20.0,40.0,0.318377286195755,-1,-1,-1
50,9,2759.0,551.0,18.0,42.0,0.3073662221431732,-1,-1,-1
50,11,2886.0,523.0,13.0,22.0,1.0,-1,-1,-1
50,12,3116.0,416.0,21.0,39.0,1.0,-1,-1,-1
50,13,3303.0,513.0,18.0,32.0,1.0,-1,-1,-1
51,1,3242.0,617.0,23.0,62.0,1.0,-1,-1,-1
51,2,3091.0,597.0,21.0,57.0,0.535691499710083,-1,-1,-1
51,3,2630.0,616.0,29.0,62.0,0.416044145822525,-1,-1,-1
51,4,3571.0,799.0,31.0,100.0,0.7385000586509705,-1,-1,-1
51,5,3394.0,540.0,15.0,37.0,0.3254064619541168,-1,-1,-1
51,6,3908.0,527.0,13.0,26.0,0.2821267545223236,-1,-1,-1
51,7,3034.0,493.0,20.0,41.0,0.3281656801700592,-1,-1,-1
51,9,2758.0,550.0,18.0,42.0,1.0,-1,-1,-1
51,11,2886.0,523.0,13.0,22.0,1.0,-1,-1,-1
51,12,3115.0,412.0,21.0,39.0,1.0,-1,-1,-1
51,13,3304.0,512.0,18.0,31.0,1.0,-1,-1,-1
52,1,3234.0,616.0,23.0,63.0,0.2823803126811981,-1,-1,-1
52,2,3089.0,596.0,22.0,58.0,0.6394696235656738,-1,-1,-1
52,3,2630.0,616.0,29.0,62.0,0.41902562975883484,-1,-1,-1
52,4,3571.0,799.0,31.0,100.0,0.729369580745697,-1,-1,-1
52,5,3393.0,540.0,16.0,39.0,0.3026847839355469,-1,-1,-1
52,6,3907.0,526.0,14.0,28.0,0.3309180438518524,-1,-1,-1
52,7,3033.0,493.0,19.0,39.0,0.29026204347610474,-1,-1,-1
52,9,2758.0,550.0,18.0,41.0,1.0,-1,-1,-1
52,11,2886.0,523.0,13.0,22.0,1.0,-1,-1,-1
52,12,3113.0,407.0,21.0,39.0,1.0,-1,-1,-1
52,13,3304.0,512.0,18.0,31.0,1.0,-1,-1,-1
53,1,3234.0,615.0,23.0,63.0,0.41068217158317566,-1,-1,-1
53,2,3087.0,595.0,21.0,58.0,0.6733356714248657,-1,-1,-1
53,3,2629.0,616.0,29.0,62.0,0.4247726798057556,-1,-1,-1
53,4,3571.0,800.0,31.0,100.0,0.727627694606781,-1,-1,-1
53,5,3393.0,540.0,15.0,39.0,0.3519458472728729,-1,-1,-1
53,6,3905.0,525.0,14.0,29.0,0.34803324937820435,-1,-1,-1
53,7,3033.0,494.0,19.0,39.0,0.30033108592033386,-1,-1,-1
53,9,2757.0,547.0,19.0,43.0,0.26536616683006287,-1,-1,-1
53,11,2886.0,523.0,13.0,21.0,1.0,-1,-1,-1
53,12,3112.0,403.0,21.0,39.0,1.0,-1,-1,-1
53,13,3305.0,512.0,17.0,31.0,1.0,-1,-1,-1
54,1,3234.0,615.0,23.0,62.0,0.45777711272239685,-1,-1,-1
54,2,3085.0,596.0,21.0,56.0,0.6199918985366821,-1,-1,-1
54,3,2629.0,616.0,29.0,62.0,0.44004788994789124,-1,-1,-1
54,4,3571.0,800.0,31.0,100.0,0.7267977595329285,-1,-1,-1
54,5,3393.0,540.0,15.0,39.0,0.3708573281764984,-1,-1,-1
54,6,3904.0,524.0,15.0,31.0,0.3656579554080963,-1,-1,-1
54,7,3032.0,494.0,19.0,39.0,1.0,-1,-1,-1
54,9,2757.0,546.0,19.0,43.0,0.2534199357032776,-1,-1,-1
54,11,2886.0,523.0,12.0,21.0,1.0,-1,-1,-1
54,12,3110.0,399.0,21.0,39.0,1.0,-1,-1,-1
55,1,3234.0,615.0,23.0,62.0,0.4391128420829773,-1,-1,-1
55,2,3083.0,595.0,20.0,56.0,0.6372931599617004,-1,-1,-1
55,3,2629.0,616.0,29.0,62.0,0.42765018343925476,-1,-1,-1
55,4,3571.0,799.0,31.0,100.0,0.7225717902183533,-1,-1,-1
55,5,3393.0,540.0,15.0,38.0,0.38257327675819397,-1,-1,-1
55,6,3903.0,524.0,15.0,31.0,0.3852125108242035,-1,-1,-1
55,7,3032.0,494.0,19.0,38.0,1.0,-1,-1,-1
55,9,2757.0,546.0,19.0,43.0,0.2742747664451599,-1,-1,-1
55,11,2886.0,523.0,12.0,21.0,1.0,-1,-1,-1
55,12,3109.0,394.0,21.0,39.0,1.0,-1,-1,-1
56,1,3233.0,615.0,23.0,61.0,0.4955151081085205,-1,-1,-1
56,2,3081.0,596.0,20.0,56.0,0.5592600703239441,-1,-1,-1
56,3,2629.0,616.0,29.0,62.0,0.44078752398490906,-1,-1,-1
56,4,3571.0,799.0,31.0,100.0,0.729017972946167,-1,-1,-1
56,5,3392.0,540.0,16.0,39.0,0.39554303884506226,-1,-1,-1
56,6,3903.0,523.0,14.0,30.0,0.3861076831817627,-1,-1,-1
56,7,3029.0,494.0,19.0,38.0,0.26683518290519714,-1,-1,-1
56,9,2757.0,546.0,19.0,42.0,0.28027841448783875,-1,-1,-1
56,12,3107.0,390.0,20.0,38.0,1.0,-1,-1,-1
57,1,3234.0,617.0,22.0,60.0,0.4645804762840271,-1,-1,-1
57,2,3080.0,596.0,20.0,56.0,0.5062326192855835,-1,-1,-1
57,3,2630.0,616.0,29.0,61.0,0.4232264757156372,-1,-1,-1
57,4,3571.0,799.0,30.0,100.0,0.7288795709609985,-1,-1,-1
57,5,3392.0,538.0,16.0,41.0,0.38061830401420593,-1,-1,-1
57,6,3903.0,525.0,14.0,30.0,0.38438236713409424,-1,-1,-1
57,7,3028.0,493.0,19.0,38.0,1.0,-1,-1,-1
57,9,2757.0,546.0,19.0,41.0,0.2793009281158447,-1,-1,-1
57,12,3106.0,385.0,20.0,38.0,1.0,-1,-1,-1
58,1,3233.0,617.0,22.0,60.0,0.47968003153800964,-1,-1,-1
58,2,3078.0,595.0,20.0,56.0,1.0,-1,-1,-1
58,3,2630.0,615.0,28.0,59.0,0.37877577543258667,-1,-1,-1
58,4,3571.0,798.0,31.0,101.0,0.735921323299408,-1,-1,-1
58,5,3392.0,538.0,16.0,41.0,0.3865543305873871,-1,-1,-1
58,6,3903.0,525.0,14.0,29.0,0.3653954267501831,-1,-1,-1
58,7,3027.0,493.0,19.0,38.0,1.0,-1,-1,-1
58,9,2757.0,546.0,18.0,40.0,0.2542606294155121,-1,-1,-1
58,12,3104.0,381.0,20.0,38.0,1.0,-1,-1,-1
59,1,3232.0,617.0,22.0,59.0,0.47246253490448,-1,-1,-1
59,2,3076.0,595.0,20.0,56.0,1.0,-1,-1,-1
59,3,2630.0,615.0,28.0,59.0,0.3861354887485504,-1,-1,-1
59,4,3571.0,799.0,30.0,101.0,0.746021568775177,-1,-1,-1
59,5,3393.0,537.0,16.0,41.0,0.34043046832084656,-1,-1,-1
59,6,3902.0,525.0,14.0,30.0,0.3824736475944519,-1,-1,-1
59,7,3026.0,493.0,19.0,38.0,1.0,-1,-1,-1
59,9,2757.0,546.0,18.0,40.0,1.0,-1,-1,-1
59,12,3103.0,377.0,20.0,38.0,1.0,-1,-1,-1
60,1,3232.0,618.0,22.0,58.0,0.4927258789539337,-1,-1,-1
60,2,3072.0,594.0,20.0,56.0,0.42951375246047974,-1,-1,-1
60,3,2630.0,614.0,28.0,59.0,0.4221115708351135,-1,-1,-1
60,4,3571.0,799.0,30.0,101.0,0.7472502589225769,-1,-1,-1
60,5,3393.0,537.0,15.0,39.0,0.34286123514175415,-1,-1,-1
60,6,3901.0,525.0,15.0,30.0,0.37480345368385315,-1,-1,-1
60,7,3026.0,493.0,19.0,38.0,1.0,-1,-1,-1
60,9,2757.0,545.0,18.0,39.0,1.0,-1,-1,-1
61,1,3232.0,618.0,22.0,58.0,0.5212523341178894,-1,-1,-1
61,2,3071.0,594.0,21.0,57.0,0.5296005606651306,-1,-1,-1
61,3,2630.0,613.0,28.0,59.0,0.4074597954750061,-1,-1,-1
61,4,3571.0,799.0,30.0,102.0,0.7443722486495972,-1,-1,-1
61,5,3393.0,537.0,15.0,39.0,0.32905811071395874,-1,-1,-1
61,6,3900.0,525.0,15.0,32.0,0.3784240782260895,-1,-1,-1
61,7,3025.0,493.0,19.0,38.0,1.0,-1,-1,-1
61,9,2756.0,545.0,18.0,39.0,1.0,-1,-1,-1
62,1,3231.0,619.0,21.0,57.0,0.5468770861625671,-1,-1,-1
62,2,3070.0,595.0,20.0,55.0,0.6623062491416931,-1,-1,-1
62,3,2630.0,613.0,28.0,59.0,0.47060590982437134,-1,-1,-1
62,4,3571.0,800.0,30.0,102.0,0.7429801225662231,-1,-1,-1
62,5,3393.0,537.0,14.0,38.0,0.30846327543258667,-1,-1,-1
62,6,3900.0,525.0,15.0,32.0,0.35015854239463806,-1,-1,-1
62,7,3024.0,493.0,18.0,38.0,1.0,-1,-1,-1
62,9,2756.0,545.0,18.0,39.0,1.0,-1,-1,-1
62,17,3199.0,530.0,16.0,34.0,0.2782691419124603,-1,-1,-1
63,1,3230.0,619.0,21.0,57.0,0.5540075898170471,-1,-1,-1
63,2,3067.0,595.0,20.0,54.0,0.6316174268722534,-1,-1,-1
63,3,2630.0,612.0,29.0,59.0,0.43629103899002075,-1,-1,-1
63,4,3571.0,800.0,30.0,102.0,0.7440151572227478,-1,-1,-1
63,5,3393.0,537.0,14.0,38.0,0.3218134045600891,-1,-1,-1
63,6,3899.0,525.0,15.0,30.0,0.330355167388916,-1,-1,-1
63,7,3023.0,493.0,18.0,37.0,1.0,-1,-1,-1
63,9,2756.0,544.0,18.0,39.0,1.0,-1,-1,-1
63,17,3198.0,530.0,16.0,34.0,1.0,-1,-1,-1
64,1,3230.0,618.0,21.0,57.0,0.5362029671669006,-1,-1,-1
64,2,3066.0,595.0,19.0,52.0,0.6301963329315186,-1,-1,-1
64,3,2630.0,612.0,29.0,59.0,0.4501980245113373,-1,-1,-1
64,4,3570.0,800.0,30.0,102.0,0.7449914813041687,-1,-1,-1
64,5,3394.0,537.0,14.0,37.0,0.32691121101379395,-1,-1,-1
64,6,3899.0,525.0,14.0,28.0,0.3303386867046356,-1,-1,-1
64,7,3022.0,492.0,18.0,37.0,1.0,-1,-1,-1
64,9,2756.0,544.0,18.0,38.0,1.0,-1,-1,-1
64,17,3197.0,530.0,16.0,34.0,1.0,-1,-1,-1
65,1,3229.0,618.0,22.0,57.0,0.5131334066390991,-1,-1,-1
65,2,3064.0,595.0,20.0,52.0,0.6065314412117004,-1,-1,-1
65,3,2631.0,612.0,29.0,59.0,0.3948691487312317,-1,-1,-1
65,4,3571.0,800.0,30.0,102.0,0.7455653548240662,-1,-1,-1
65,5,3394.0,537.0,14.0,37.0,0.29317033290863037,-1,-1,-1
65,6,3899.0,526.0,14.0,28.0,0.317788302898407,-1,-1,-1
65,7,3022.0,492.0,18.0,37.0,1.0,-1,-1,-1
65,9,2756.0,543.0,17.0,38.0,1.0,-1,-1,-1
65,17,3196.0,530.0,16.0,34.0,1.0,-1,-1,-1
66,1,3229.0,618.0,22.0,59.0,0.51888108253479,-1,-1,-1
66,2,3063.0,595.0,20.0,52.0,0.5868397355079651,-1,-1,-1
66,3,2630.0,612.0,29.0,59.0,0.3713245093822479,-1,-1,-1
66,4,3571.0,800.0,30.0,102.0,0.7547499537467957,-1,-1,-1
66,5,3394.0,536.0,14.0,38.0,0.3052145540714264,-1,-1,-1
66,6,3899.0,526.0,14.0,26.0,0.2926293611526489,-1,-1,-1
66,7,3021.0,492.0,18.0,37.0,1.0,-1,-1,-1
66,9,2756.0,543.0,17.0,38.0,1.0,-1,-1,-1
66,17,3195.0,530.0,16.0,34.0,1.0,-1,-1,-1
67,1,3228.0,617.0,23.0,60.0,0.5188258290290833,-1,-1,-1
67,2,3061.0,596.0,19.0,50.0,0.6320754885673523,-1,-1,-1
67,3,2630.0,612.0,29.0,59.0,0.40753474831581116,-1,-1,-1
67,4,3571.0,800.0,30.0,102.0,0.7592170238494873,-1,-1,-1
67,5,3394.0,535.0,14.0,39.0,0.3506292998790741,-1,-1,-1
67,6,3898.0,525.0,14.0,27.0,0.2599167823791504,-1,-1,-1
67,7,3020.0,492.0,18.0,37.0,1.0,-1,-1,-1
67,9,2756.0,542.0,17.0,38.0,1.0,-1,-1,-1
67,17,3194.0,530.0,16.0,34.0,1.0,-1,-1,-1
68,1,3228.0,617.0,22.0,60.0,0.4772054851055145,-1,-1,-1
68,2,3059.0,595.0,20.0,52.0,0.579925537109375,-1,-1,-1
68,3,2631.0,612.0,28.0,57.0,0.3586501479148865,-1,-1,-1
68,4,3571.0,800.0,30.0,102.0,0.7611203193664551,-1,-1,-1
68,5,3394.0,535.0,14.0,40.0,0.3752165138721466,-1,-1,-1
68,6,3898.0,525.0,14.0,27.0,0.25813326239585876,-1,-1,-1
68,7,3019.0,492.0,18.0,37.0,1.0,-1,-1,-1
68,9,2748.0,542.0,19.0,40.0,0.3121914863586426,-1,-1,-1
68,17,3193.0,530.0,16.0,34.0,1.0,-1,-1,-1
69,1,3229.0,617.0,22.0,59.0,0.4548019766807556,-1,-1,-1
69,2,3058.0,595.0,19.0,52.0,0.5683110952377319,-1,-1,-1
69,3,2631.0,613.0,29.0,57.0,0.3524008095264435,-1,-1,-1
69,4,3571.0,800.0,30.0,102.0,0.7605955600738525,-1,-1,-1
69,5,3394.0,534.0,14.0,40.0,0.3661177158355713,-1,-1,-1
69,6,3897.0,525.0,14.0,27.0,1.0,-1,-1,-1
69,7,3019.0,492.0,18.0,37.0,1.0,-1,-1,-1
69,9,2747.0,541.0,19.0,41.0,0.3656430244445801,-1,-1,-1
69,17,3192.0,530.0,16.0,34.0,1.0,-1,-1,-1
70,1,3229.0,617.0,22.0,59.0,0.45653480291366577,-1,-1,-1
70,2,3056.0,593.0,19.0,52.0,0.5088710188865662,-1,-1,-1
70,3,2631.0,613.0,29.0,57.0,0.3692023456096649,-1,-1,-1
70,4,3571.0,800.0,30.0,102.0,0.7624686360359192,-1,-1,-1
70,5,3395.0,534.0,15.0,41.0,0.33993569016456604,-1,-1,-1
70,6,3897.0,525.0,14.0,27.0,1.0,-1,-1,-1
70,7,3018.0,492.0,18.0,36.0,1.0,-1,-1,-1
70,9,2746.0,541.0,19.0,41.0,0.40949898958206177,-1,-1,-1
70,17,3191.0,530.0,16.0,34.0,1.0,-1,-1,-1
71,1,3229.0,617.0,22.0,59.0,0.41741853952407837,-1,-1,-1
71,2,3056.0,593.0,18.0,50.0,0.4609938859939575,-1,-1,-1
71,3,2631.0,613.0,29.0,57.0,0.3045903146266937,-1,-1,-1
71,4,3571.0,800.0,30.0,102.0,0.7594861388206482,-1,-1,-1
71,5,3395.0,534.0,14.0,40.0,0.31195902824401855,-1,-1,-1
71,6,3896.0,524.0,14.0,27.0,1.0,-1,-1,-1
71,7,3017.0,491.0,18.0,36.0,1.0,-1,-1,-1
71,9,2745.0,541.0,19.0,41.0,0.4294515550136566,-1,-1,-1
71,17,3190.0,530.0,16.0,34.0,1.0,-1,-1,-1
72,1,3228.0,617.0,22.0,58.0,0.4172168970108032,-1,-1,-1
72,2,3054.0,591.0,19.0,52.0,0.3927766680717468,-1,-1,-1
72,3,2632.0,613.0,28.0,56.0,0.26144590973854065,-1,-1,-1
72,4,3571.0,800.0,30.0,102.0,0.7631763815879822,-1,-1,-1
72,5,3395.0,534.0,14.0,40.0,0.2843472361564636,-1,-1,-1
72,6,3896.0,524.0,14.0,27.0,1.0,-1,-1,-1
72,7,3011.0,490.0,21.0,43.0,0.26733314990997314,-1,-1,-1
72,9,2744.0,541.0,19.0,41.0,0.4522142708301544,-1,-1,-1
72,17,3189.0,530.0,16.0,34.0,1.0,-1,-1,-1
73,1,3229.0,616.0,21.0,58.0,0.4146687686443329,-1,-1,-1
73,2,3052.0,590.0,20.0,53.0,0.3039860725402832,-1,-1,-1
73,3,2632.0,612.0,28.0,56.0,1.0,-1,-1,-1
73,4,3571.0,800.0,30.0,102.0,0.7613117098808289,-1,-1,-1
73,5,3395.0,534.0,14.0,39.0,0.2652389407157898,-1,-1,-1
73,6,3896.0,524.0,14.0,26.0,1.0,-1,-1,-1
73,7,3010.0,489.0,21.0,44.0,1.0,-1,-1,-1
73,9,2744.0,541.0,18.0,39.0,0.4567452073097229,-1,-1,-1
73,17,3188.0,530.0,16.0,34.0,1.0,-1,-1,-1
74,1,3229.0,616.0,21.0,59.0,0.44876328110694885,-1,-1,-1
74,2,3050.0,588.0,21.0,55.0,0.31648004055023193,-1,-1,-1
74,3,2633.0,611.0,28.0,55.0,0.4394001364707947,-1,-1,-1
74,4,3571.0,800.0,30.0,102.0,0.7503691911697388,-1,-1,-1
74,5,3395.0,534.0,14.0,39.0,0.26550358533859253,-1,-1,-1
74,6,3895.0,524.0,14.0,26.0,1.0,-1,-1,-1
74,7,3009.0,489.0,21.0,44.0,1.0,-1,-1,-1
74,9,2743.0,541.0,18.0,40.0,0.4741760194301605,-1,-1,-1
74,17,3187.0,530.0,16.0,34.0,1.0,-1,-1,-1
75,1,3229.0,615.0,22.0,61.0,0.46762970089912415,-1,-1,-1
75,2,3049.0,587.0,21.0,56.0,0.38776955008506775,-1,-1,-1
75,3,2633.0,611.0,28.0,56.0,0.5249450206756592,-1,-1,-1
75,4,3571.0,799.0,30.0,102.0,0.7419151067733765,-1,-1,-1
75,5,3395.0,534.0,14.0,39.0,0.2691071033477783,-1,-1,-1
75,6,3895.0,524.0,14.0,26.0,1.0,-1,-1,-1
75,7,3008.0,489.0,21.0,44.0,1.0,-1,-1,-1
75,9,2742.0,542.0,18.0,40.0,0.4527597725391388,-1,-1,-1
75,17,3186.0,530.0,16.0,34.0,1.0,-1,-1,-1
76,1,3230.0,615.0,22.0,61.0,0.45517438650131226,-1,-1,-1
76,2,3048.0,587.0,21.0,55.0,0.308794230222702,-1,-1,-1
76,3,2633.0,610.0,28.0,57.0,0.5061858296394348,-1,-1,-1
76,4,3571.0,799.0,30.0,102.0,0.7462190389633179,-1,-1,-1
76,5,3395.0,534.0,15.0,39.0,0.2678987681865692,-1,-1,-1
76,6,3894.0,524.0,14.0,26.0,1.0,-1,-1,-1
76,7,3007.0,489.0,21.0,44.0,1.0,-1,-1,-1
76,9,2741.0,541.0,18.0,40.0,0.38827627897262573,-1,-1,-1
76,17,3185.0,530.0,16.0,34.0,1.0,-1,-1,-1
77,1,3230.0,615.0,22.0,62.0,0.4573529064655304,-1,-1,-1
77,2,3047.0,588.0,21.0,55.0,0.31154516339302063,-1,-1,-1
77,3,2634.0,609.0,28.0,57.0,0.3740634024143219,-1,-1,-1
77,4,3572.0,799.0,30.0,102.0,0.752028226852417,-1,-1,-1
77,5,3395.0,534.0,15.0,40.0,0.29599902033805847,-1,-1,-1
77,6,3894.0,524.0,14.0,26.0,1.0,-1,-1,-1
77,7,3006.0,491.0,20.0,42.0,0.2795778512954712,-1,-1,-1
77,9,2741.0,541.0,18.0,40.0,0.4028283953666687,-1,-1,-1
77,17,3184.0,530.0,16.0,34.0,1.0,-1,-1,-1
78,1,3230.0,615.0,22.0,62.0,0.4619651436805725,-1,-1,-1
78,2,3046.0,587.0,21.0,55.0,0.3264966905117035,-1,-1,-1
78,3,2635.0,608.0,28.0,57.0,0.434976726770401,-1,-1,-1
78,4,3572.0,799.0,30.0,102.0,0.7501229047775269,-1,-1,-1
78,5,3395.0,534.0,15.0,40.0,0.30730006098747253,-1,-1,-1
78,6,3894.0,524.0,13.0,25.0,1.0,-1,-1,-1
78,7,3005.0,491.0,20.0,42.0,1.0,-1,-1,-1
78,9,2740.0,540.0,18.0,40.0,0.3529732823371887,-1,-1,-1
78,17,3183.0,530.0,16.0,34.0,1.0,-1,-1,-1
79,1,3231.0,614.0,22.0,63.0,0.4637041389942169,-1,-1,-1
79,2,3045.0,588.0,21.0,55.0,0.43106403946876526,-1,-1,-1
79,3,2635.0,607.0,28.0,59.0,0.368314266204834,-1,-1,-1
79,4,3571.0,799.0,30.0,102.0,0.7530733346939087,-1,-1,-1
79,5,3395.0,534.0,15.0,40.0,0.34074777364730835,-1,-1,-1
79,6,3893.0,524.0,13.0,25.0,1.0,-1,-1,-1
79,7,3004.0,491.0,20.0,42.0,1.0,-1,-1,-1
79,9,2738.0,537.0,19.0,42.0,0.35127198696136475,-1,-1,-1
79,17,3182.0,530.0,16.0,34.0,1.0,-1,-1,-1
80,1,3232.0,614.0,22.0,64.0,0.4561625123023987,-1,-1,-1
80,2,3044.0,588.0,21.0,55.0,0.48508062958717346,-1,-1,-1
80,3,2636.0,606.0,28.0,58.0,0.3225550651550293,-1,-1,-1
80,4,3571.0,800.0,30.0,102.0,0.7504947185516357,-1,-1,-1
80,5,3396.0,534.0,15.0,40.0,0.35866832733154297,-1,-1,-1
80,6,3893.0,524.0,13.0,25.0,1.0,-1,-1,-1
80,7,3003.0,491.0,20.0,42.0,1.0,-1,-1,-1
80,9,2736.0,536.0,21.0,45.0,0.4069783389568329,-1,-1,-1
80,17,3181.0,530.0,16.0,34.0,1.0,-1,-1,-1
81,1,3232.0,613.0,22.0,64.0,0.4546598196029663,-1,-1,-1
81,2,3043.0,588.0,22.0,56.0,0.5727266669273376,-1,-1,-1
81,3,2636.0,606.0,28.0,59.0,0.32985934615135193,-1,-1,-1
81,4,3571.0,800.0,30.0,101.0,0.7490919828414917,-1,-1,-1
81,5,3395.0,534.0,16.0,40.0,0.3350085914134979,-1,-1,-1
81,6,3892.0,523.0,13.0,25.0,1.0,-1,-1,-1
81,7,3002.0,491.0,20.0,42.0,1.0,-1,-1,-1
81,9,2735.0,536.0,21.0,45.0,0.3635754883289337,-1,-1,-1
81,17,3180.0,530.0,16.0,34.0,1.0,-1,-1,-1
82,1,3232.0,614.0,21.0,62.0,0.4394931197166443,-1,-1,-1
82,2,3042.0,586.0,21.0,56.0,0.5752288103103638,-1,-1,-1
82,3,2639.0,605.0,28.0,59.0,0.2952295243740082,-1,-1,-1
82,4,3572.0,800.0,30.0,101.0,0.7507569193840027,-1,-1,-1
82,5,3395.0,534.0,16.0,40.0,0.3341752290725708,-1,-1,-1
82,6,3892.0,523.0,13.0,25.0,1.0,-1,-1,-1
82,7,3001.0,491.0,20.0,42.0,1.0,-1,-1,-1
82,9,2735.0,536.0,20.0,42.0,0.2920722961425781,-1,-1,-1
82,17,3179.0,530.0,16.0,34.0,1.0,-1,-1,-1
83,1,3234.0,614.0,21.0,61.0,0.44287216663360596,-1,-1,-1
83,2,3041.0,586.0,20.0,53.0,0.566750705242157,-1,-1,-1
83,3,2640.0,605.0,28.0,59.0,0.32322537899017334,-1,-1,-1
83,4,3571.0,800.0,30.0,101.0,0.7471012473106384,-1,-1,-1
83,5,3395.0,533.0,16.0,41.0,0.30539023876190186,-1,-1,-1
83,6,3891.0,523.0,13.0,25.0,1.0,-1,-1,-1
83,7,3000.0,491.0,20.0,42.0,1.0,-1,-1,-1
83,9,2733.0,536.0,19.0,40.0,0.2780110239982605,-1,-1,-1
83,17,3178.0,530.0,16.0,34.0,1.0,-1,-1,-1
84,1,3234.0,614.0,20.0,59.0,0.49123817682266235,-1,-1,-1
84,2,3040.0,584.0,20.0,53.0,0.5957272052764893,-1,-1,-1
84,3,2642.0,604.0,29.0,59.0,0.3462252914905548,-1,-1,-1
84,4,3571.0,800.0,30.0,101.0,0.7455602288246155,-1,-1,-1
84,5,3396.0,533.0,17.0,41.0,0.254993200302124,-1,-1,-1
84,6,3891.0,523.0,13.0,24.0,1.0,-1,-1,-1
84,7,3003.0,489.0,20.0,42.0,0.2946288287639618,-1,-1,-1
84,9,2732.0,536.0,19.0,40.0,0.29666757583618164,-1,-1,-1
84,17,3177.0,530.0,16.0,34.0,1.0,-1,-1,-1
85,1,3234.0,614.0,20.0,59.0,0.4822920560836792,-1,-1,-1
85,2,3040.0,583.0,20.0,54.0,0.6380510330200195,-1,-1,-1
85,3,2643.0,603.0,28.0,57.0,0.39889806509017944,-1,-1,-1
85,4,3571.0,800.0,31.0,102.0,0.7418662309646606,-1,-1,-1
85,5,3397.0,533.0,17.0,42.0,0.25823354721069336,-1,-1,-1
85,6,3891.0,523.0,13.0,24.0,1.0,-1,-1,-1
85,7,3003.0,488.0,19.0,40.0,0.2895021140575409,-1,-1,-1
85,9,2731.0,536.0,19.0,40.0,0.29316064715385437,-1,-1,-1
85,17,3176.0,530.0,16.0,34.0,1.0,-1,-1,-1
86,1,3234.0,613.0,20.0,58.0,0.47006651759147644,-1,-1,-1
86,2,3039.0,583.0,20.0,54.0,0.5991780161857605,-1,-1,-1
86,3,2645.0,602.0,28.0,59.0,0.4833250045776367,-1,-1,-1
86,4,3571.0,800.0,31.0,102.0,0.7347728610038757,-1,-1,-1
86,5,3397.0,533.0,17.0,42.0,0.2679736018180847,-1,-1,-1
86,6,3890.0,523.0,13.0,24.0,1.0,-1,-1,-1
86,7,3002.0,488.0,19.0,39.0,0.26648595929145813,-1,-1,-1
86,9,2730.0,537.0,19.0,39.0,0.28361085057258606,-1,-1,-1
86,17,3175.0,530.0,16.0,34.0,1.0,-1,-1,-1
87,1,3234.0,612.0,20.0,58.0,0.4546677768230438,-1,-1,-1
87,2,3039.0,583.0,20.0,54.0,0.5931341052055359,-1,-1,-1
87,3,2647.0,601.0,28.0,60.0,0.4993172585964203,-1,-1,-1
87,4,3571.0,800.0,31.0,102.0,0.7302080392837524,-1,-1,-1
87,5,3396.0,532.0,18.0,42.0,0.2622867524623871,-1,-1,-1
87,6,3890.0,523.0,13.0,24.0,1.0,-1,-1,-1
87,7,3002.0,488.0,19.0,39.0,0.2622395157814026,-1,-1,-1
87,9,2730.0,537.0,19.0,39.0,1.0,-1,-1,-1
87,17,3174.0,530.0,16.0,34.0,1.0,-1,-1,-1
88,1,3234.0,611.0,21.0,60.0,0.44432589411735535,-1,-1,-1
88,2,3038.0,583.0,20.0,53.0,0.6227973103523254,-1,-1,-1
88,3,2649.0,601.0,27.0,58.0,0.4461144804954529,-1,-1,-1
88,4,3571.0,800.0,31.0,103.0,0.7291547656059265,-1,-1,-1
88,5,3397.0,532.0,18.0,42.0,0.2667936682701111,-1,-1,-1
88,6,3889.0,523.0,13.0,24.0,1.0,-1,-1,-1
88,7,3002.0,488.0,19.0,39.0,1.0,-1,-1,-1
88,9,2729.0,536.0,19.0,38.0,1.0,-1,-1,-1
89,1,3234.0,610.0,21.0,60.0,0.4283547103404999,-1,-1,-1
89,2,3038.0,583.0,20.0,53.0,0.6110365986824036,-1,-1,-1
89,3,2650.0,600.0,27.0,59.0,0.48563969135284424,-1,-1,-1
89,4,3571.0,800.0,31.0,103.0,0.730902910232544,-1,-1,-1
89,5,3397.0,532.0,18.0,43.0,1.0,-1,-1,-1
89,6,3889.0,523.0,12.0,24.0,1.0,-1,-1,-1
89,7,3001.0,488.0,19.0,39.0,1.0,-1,-1,-1
89,9,2729.0,539.0,18.0,37.0,0.25156983733177185,-1,-1,-1
90,1,3234.0,610.0,22.0,60.0,0.4038504958152771,-1,-1,-1
90,2,3036.0,582.0,21.0,54.0,0.6238601207733154,-1,-1,-1
90,3,2652.0,600.0,27.0,59.0,0.5089884996414185,-1,-1,-1
90,4,3571.0,800.0,31.0,103.0,0.7341245412826538,-1,-1,-1
90,5,3397.0,532.0,18.0,43.0,1.0,-1,-1,-1
90,6,3889.0,523.0,12.0,23.0,1.0,-1,-1,-1
90,7,3001.0,488.0,19.0,39.0,1.0,-1,-1,-1
90,9,2729.0,539.0,18.0,36.0,1.0,-1,-1,-1
91,1,3234.0,610.0,21.0,60.0,0.34890538454055786,-1,-1,-1
91,2,3036.0,582.0,21.0,55.0,0.5916004180908203,-1,-1,-1
91,3,2653.0,599.0,27.0,59.0,0.44644662737846375,-1,-1,-1
91,4,3571.0,800.0,31.0,103.0,0.7282559871673584,-1,-1,-1
91,5,3397.0,532.0,18.0,43.0,1.0,-1,-1,-1
91,6,3888.0,523.0,12.0,23.0,1.0,-1,-1,-1
91,7,3000.0,488.0,19.0,38.0,1.0,-1,-1,-1
91,9,2728.0,539.0,18.0,36.0,1.0,-1,-1,-1
92,1,3234.0,610.0,21.0,60.0,0.37073418498039246,-1,-1,-1
92,2,3035.0,582.0,21.0,55.0,0.58814537525177,-1,-1,-1
92,3,2654.0,597.0,27.0,60.0,0.413381963968277,-1,-1,-1
92,4,3571.0,800.0,31.0,103.0,0.7324985265731812,-1,-1,-1
92,5,3397.0,532.0,18.0,43.0,1.0,-1,-1,-1
92,6,3888.0,522.0,12.0,23.0,1.0,-1,-1,-1
92,7,3002.0,489.0,20.0,38.0,0.2567058503627777,-1,-1,-1
92,9,2727.0,539.0,18.0,36.0,1.0,-1,-1,-1
93,1,3234.0,610.0,22.0,60.0,0.37538889050483704,-1,-1,-1
93,2,3034.0,582.0,21.0,56.0,0.6151978969573975,-1,-1,-1
93,3,2655.0,597.0,27.0,60.0,0.4256513714790344,-1,-1,-1
93,4,3571.0,800.0,32.0,103.0,0.7284111976623535,-1,-1,-1
93,5,3398.0,532.0,19.0,44.0,1.0,-1,-1,-1
93,6,3887.0,522.0,12.0,23.0,1.0,-1,-1,-1
93,7,3001.0,489.0,20.0,38.0,1.0,-1,-1,-1
93,9,2727.0,539.0,18.0,35.0,1.0,-1,-1,-1
94,1,3234.0,610.0,22.0,59.0,0.4131528437137604,-1,-1,-1
94,2,3034.0,581.0,20.0,54.0,0.6107727289199829,-1,-1,-1
94,3,2656.0,595.0,28.0,62.0,0.43506643176078796,-1,-1,-1
94,4,3571.0,800.0,32.0,103.0,0.7326759696006775,-1,-1,-1
94,5,3398.0,531.0,19.0,44.0,1.0,-1,-1,-1
94,7,3001.0,489.0,20.0,37.0,0.25697392225265503,-1,-1,-1
94,9,2726.0,539.0,17.0,35.0,1.0,-1,-1,-1
95,1,3234.0,610.0,22.0,59.0,0.46274232864379883,-1,-1,-1
95,2,3034.0,580.0,20.0,52.0,0.638087809085846,-1,-1,-1
95,3,2657.0,594.0,29.0,62.0,0.49889132380485535,-1,-1,-1
95,4,3571.0,800.0,32.0,103.0,0.7359725832939148,-1,-1,-1
95,5,3398.0,531.0,19.0,44.0,1.0,-1,-1,-1
95,7,3000.0,489.0,21.0,37.0,0.3026123344898224,-1,-1,-1
95,9,2725.0,540.0,17.0,34.0,1.0,-1,-1,-1
96,1,3234.0,610.0,22.0,59.0,0.4600384533405304,-1,-1,-1
96,2,3033.0,579.0,19.0,51.0,0.6456364393234253,-1,-1,-1
96,3,2657.0,595.0,28.0,61.0,0.475252628326416,-1,-1,-1
96,4,3571.0,800.0,32.0,104.0,0.7382075190544128,-1,-1,-1
96,5,3398.0,531.0,19.0,44.0,1.0,-1,-1,-1
96,7,3000.0,489.0,22.0,39.0,0.3047665059566498,-1,-1,-1
96,9,2724.0,540.0,17.0,34.0,1.0,-1,-1,-1
97,1,3234.0,610.0,22.0,58.0,0.4728657007217407,-1,-1,-1
97,2,3033.0,579.0,18.0,49.0,0.6161665320396423,-1,-1,-1
97,3,2659.0,595.0,28.0,61.0,0.45340150594711304,-1,-1,-1
97,4,3571.0,800.0,32.0,103.0,0.7407788038253784,-1,-1,-1
97,5,3398.0,531.0,19.0,44.0,1.0,-1,-1,-1
97,7,3000.0,488.0,23.0,40.0,0.25288495421409607,-1,-1,-1
97,9,2724.0,540.0,17.0,34.0,1.0,-1,-1,-1
98,1,3234.0,610.0,22.0,58.0,0.46652859449386597,-1,-1,-1
98,2,3033.0,580.0,18.0,46.0,0.567277729511261,-1,-1,-1
98,3,2661.0,595.0,28.0,61.0,0.43215110898017883,-1,-1,-1
98,4,3571.0,800.0,32.0,103.0,0.7401269674301147,-1,-1,-1
98,5,3399.0,531.0,19.0,45.0,1.0,-1,-1,-1
98,7,2999.0,488.0,23.0,40.0,1.0,-1,-1,-1
98,9,2723.0,540.0,17.0,33.0,1.0,-1,-1,-1
99,1,3234.0,610.0,22.0,58.0,0.4657530188560486,-1,-1,-1
99,2,3033.0,580.0,17.0,46.0,0.5500611066818237,-1,-1,-1
99,3,2661.0,595.0,28.0,62.0,0.4672592282295227,-1,-1,-1
99,4,3570.0,800.0,32.0,103.0,0.7339247465133667,-1,-1,-1
99,5,3399.0,531.0,19.0,45.0,1.0,-1,-1,-1
99,7,2999.0,488.0,23.0,40.0,1.0,-1,-1,-1
99,9,2722.0,540.0,16.0,33.0,1.0,-1,-1,-1
99,21,3883.0,518.0,20.0,33.0,0.28472018241882324,-1,-1,-1
99,22,2854.0,510.0,16.0,33.0,0.27411940693855286,-1,-1,-1
99,23,3141.0,529.0,15.0,38.0,0.26241058111190796,-1,-1,-1
100,1,3234.0,610.0,22.0,59.0,0.4601854979991913,-1,-1,-1
100,2,3032.0,580.0,18.0,47.0,0.5768206715583801,-1,-1,-1
100,3,2663.0,595.0,28.0,61.0,0.4234504699707031,-1,-1,-1
100,4,3570.0,800.0,32.0,103.0,0.7298911809921265,-1,-1,-1
100,5,3399.0,530.0,19.0,45.0,1.0,-1,-1,-1
100,7,2999.0,487.0,23.0,40.0,1.0,-1,-1,-1
100,9,2722.0,540.0,16.0,33.0,1.0,-1,-1,-1
100,21,3884.0,519.0,19.0,32.0,0.29093098640441895,-1,-1,-1
100,22,2853.0,510.0,16.0,33.0,0.30085107684135437,-1,-1,-1
100,23,3141.0,529.0,14.0,36.0,1.0,-1,-1,-1
101,1,3234.0,610.0,22.0,59.0,0.4749879240989685,-1,-1,-1
101,2,3031.0,580.0,18.0,47.0,0.5904400944709778,-1,-1,-1
101,3,2664.0,595.0,28.0,61.0,0.43475842475891113,-1,-1,-1
101,4,3570.0,800.0,32.0,103.0,0.7308441996574402,-1,-1,-1
101,5,3399.0,530.0,19.0,45.0,1.0,-1,-1,-1
101,7,2999.0,487.0,23.0,41.0,1.0,-1,-1,-1
101,9,2721.0,540.0,16.0,32.0,1.0,-1,-1,-1
101,21,3884.0,520.0,19.0,31.0,0.29862916469573975,-1,-1,-1
101,22,2852.0,509.0,17.0,34.0,0.3246629536151886,-1,-1,-1
101,23,3141.0,528.0,15.0,39.0,0.3074693977832794,-1,-1,-1
102,1,3234.0,610.0,22.0,59.0,0.3742882311344147,-1,-1,-1
102,2,3031.0,578.0,18.0,49.0,0.6091419458389282,-1,-1,-1
102,3,2665.0,595.0,27.0,60.0,0.43063968420028687,-1,-1,-1
102,4,3570.0,800.0,32.0,103.0,0.7327778935432434,-1,-1,-1
102,5,3399.0,530.0,19.0,46.0,1.0,-1,-1,-1
102,7,2998.0,487.0,23.0,41.0,1.0,-1,-1,-1
102,9,2720.0,540.0,16.0,32.0,1.0,-1,-1,-1
102,21,3884.0,521.0,18.0,30.0,0.3081265985965729,-1,-1,-1
102,22,2852.0,509.0,17.0,34.0,0.3163582384586334,-1,-1,-1
102,23,3142.0,529.0,16.0,39.0,0.30295276641845703,-1,-1,-1
103,1,3234.0,610.0,22.0,58.0,0.32240086793899536,-1,-1,-1
103,2,3030.0,576.0,19.0,51.0,0.6018291711807251,-1,-1,-1
103,3,2667.0,595.0,27.0,61.0,0.4342828691005707,-1,-1,-1
103,4,3570.0,800.0,32.0,102.0,0.7330906391143799,-1,-1,-1
103,5,3400.0,530.0,20.0,46.0,1.0,-1,-1,-1
103,7,2998.0,487.0,23.0,41.0,1.0,-1,-1,-1
103,9,2719.0,540.0,16.0,31.0,1.0,-1,-1,-1
103,21,3884.0,521.0,18.0,30.0,0.31695637106895447,-1,-1,-1
103,22,2852.0,509.0,17.0,34.0,0.3644288182258606,-1,-1,-1
103,23,3142.0,529.0,15.0,39.0,1.0,-1,-1,-1
104,1,3234.0,610.0,22.0,58.0,0.2815109193325043,-1,-1,-1
104,2,3030.0,574.0,19.0,53.0,0.604459822177887,-1,-1,-1
104,3,2668.0,594.0,27.0,63.0,0.42275750637054443,-1,-1,-1
104,4,3570.0,800.0,32.0,103.0,0.7300640344619751,-1,-1,-1
104,5,3400.0,530.0,20.0,46.0,1.0,-1,-1,-1
104,7,2998.0,487.0,23.0,41.0,1.0,-1,-1,-1
104,9,2719.0,540.0,15.0,31.0,1.0,-1,-1,-1
104,21,3884.0,522.0,18.0,30.0,0.3293501138687134,-1,-1,-1
104,22,2852.0,508.0,17.0,35.0,0.36072686314582825,-1,-1,-1
104,23,3142.0,529.0,15.0,39.0,1.0,-1,-1,-1
105,1,3234.0,609.0,22.0,57.0,1.0,-1,-1,-1
105,2,3030.0,572.0,20.0,56.0,0.6315922737121582,-1,-1,-1
105,3,2670.0,592.0,27.0,63.0,0.45589378476142883,-1,-1,-1
105,4,3570.0,800.0,32.0,103.0,0.7236528992652893,-1,-1,-1
105,5,3400.0,529.0,20.0,46.0,1.0,-1,-1,-1
105,7,2998.0,487.0,23.0,41.0,1.0,-1,-1,-1
105,9,2718.0,540.0,15.0,31.0,1.0,-1,-1,-1
105,21,3884.0,522.0,19.0,31.0,0.33088362216949463,-1,-1,-1
105,22,2852.0,508.0,17.0,35.0,0.35329321026802063,-1,-1,-1
105,23,3142.0,529.0,15.0,39.0,1.0,-1,-1,-1
106,1,3234.0,609.0,23.0,59.0,0.25019046664237976,-1,-1,-1
106,2,3030.0,571.0,20.0,55.0,0.6287637948989868,-1,-1,-1
106,3,2671.0,592.0,27.0,63.0,0.4452829957008362,-1,-1,-1
106,4,3570.0,800.0,31.0,103.0,0.7270363569259644,-1,-1,-1
106,5,3400.0,529.0,20.0,46.0,1.0,-1,-1,-1
106,7,2997.0,487.0,23.0,41.0,1.0,-1,-1,-1
106,9,2717.0,540.0,15.0,30.0,1.0,-1,-1,-1
106,21,3884.0,522.0,19.0,31.0,0.31973299384117126,-1,-1,-1
106,22,2852.0,508.0,17.0,36.0,0.3207187354564667,-1,-1,-1
106,23,3142.0,529.0,15.0,38.0,1.0,-1,-1,-1
107,1,3234.0,609.0,23.0,59.0,1.0,-1,-1,-1
107,2,3029.0,571.0,20.0,55.0,0.6167060136795044,-1,-1,-1
107,3,2672.0,592.0,26.0,62.0,0.4407334327697754,-1,-1,-1
107,4,3570.0,800.0,31.0,104.0,0.728788435459137,-1,-1,-1
107,5,3400.0,529.0,20.0,47.0,1.0,-1,-1,-1
107,7,2997.0,486.0,23.0,41.0,1.0,-1,-1,-1
107,9,2717.0,541.0,15.0,30.0,1.0,-1,-1,-1
107,21,3884.0,522.0,19.0,31.0,0.33653736114501953,-1,-1,-1
107,22,2852.0,508.0,17.0,36.0,0.3860289454460144,-1,-1,-1
107,23,3142.0,529.0,15.0,38.0,1.0,-1,-1,-1
108,1,3234.0,609.0,23.0,59.0,1.0,-1,-1,-1
108,2,3029.0,572.0,19.0,54.0,0.5901587009429932,-1,-1,-1
108,3,2673.0,591.0,26.0,60.0,0.4405687153339386,-1,-1,-1
108,4,3570.0,800.0,31.0,104.0,0.732901394367218,-1,-1,-1
108,5,3401.0,529.0,20.0,47.0,1.0,-1,-1,-1
108,7,2997.0,486.0,23.0,41.0,1.0,-1,-1,-1
108,9,2716.0,541.0,15.0,29.0,1.0,-1,-1,-1
108,21,3884.0,522.0,19.0,31.0,0.33199456334114075,-1,-1,-1
108,22,2852.0,507.0,17.0,37.0,0.3590325713157654,-1,-1,-1
108,23,3143.0,530.0,15.0,38.0,1.0,-1,-1,-1
109,1,3234.0,609.0,23.0,59.0,1.0,-1,-1,-1
109,2,3028.0,573.0,19.0,53.0,0.5358953475952148,-1,-1,-1
109,3,2675.0,592.0,25.0,58.0,0.4945816993713379,-1,-1,-1
109,4,3570.0,800.0,31.0,104.0,0.7360842823982239,-1,-1,-1
109,5,3401.0,529.0,20.0,47.0,1.0,-1,-1,-1
109,7,3000.0,486.0,23.0,41.0,0.2705059051513672,-1,-1,-1
109,9,2715.0,541.0,14.0,29.0,1.0,-1,-1,-1
109,21,3884.0,523.0,19.0,31.0,0.3251217007637024,-1,-1,-1
109,22,2852.0,507.0,17.0,37.0,0.3533634841442108,-1,-1,-1
109,23,3143.0,530.0,15.0,38.0,1.0,-1,-1,-1
110,1,3234.0,609.0,23.0,59.0,1.0,-1,-1,-1
110,2,3028.0,574.0,19.0,51.0,0.5296084880828857,-1,-1,-1
110,3,2678.0,592.0,24.0,57.0,0.5029950737953186,-1,-1,-1
110,4,3571.0,799.0,31.0,104.0,0.7388970255851746,-1,-1,-1
110,5,3401.0,529.0,20.0,47.0,1.0,-1,-1,-1
110,7,3000.0,487.0,23.0,41.0,0.2938286364078522,-1,-1,-1
110,9,2715.0,541.0,14.0,29.0,1.0,-1,-1,-1
110,21,3884.0,522.0,19.0,31.0,0.37304434180259705,-1,-1,-1
110,22,2851.0,507.0,17.0,37.0,0.350040465593338,-1,-1,-1
110,23,3143.0,530.0,15.0,37.0,1.0,-1,-1,-1
111,1,3234.0,609.0,23.0,59.0,1.0,-1,-1,-1
111,2,3027.0,573.0,19.0,52.0,0.540503203868866,-1,-1,-1
111,3,2680.0,593.0,24.0,57.0,0.5091984868049622,-1,-1,-1
111,4,3570.0,799.0,31.0,104.0,0.7400805950164795,-1,-1,-1
111,5,3401.0,528.0,20.0,48.0,1.0,-1,-1,-1
111,7,3000.0,487.0,23.0,42.0,0.29317131638526917,-1,-1,-1
111,9,2714.0,541.0,14.0,28.0,1.0,-1,-1,-1
111,21,3884.0,522.0,19.0,31.0,0.38955163955688477,-1,-1,-1
111,22,2852.0,507.0,17.0,38.0,0.3179168999195099,-1,-1,-1
111,23,3143.0,530.0,15.0,37.0,1.0,-1,-1,-1
112,1,3234.0,609.0,23.0,59.0,1.0,-1,-1,-1
112,2,3026.0,572.0,19.0,52.0,0.5268764495849609,-1,-1,-1
112,3,2681.0,593.0,25.0,57.0,0.529736340045929,-1,-1,-1
112,4,3570.0,799.0,31.0,104.0,0.7407649755477905,-1,-1,-1
112,5,3410.0,531.0,14.0,30.0,0.26702675223350525,-1,-1,-1
112,7,3001.0,486.0,23.0,42.0,0.2991458475589752,-1,-1,-1
112,9,2731.0,537.0,18.0,34.0,0.2696263790130615,-1,-1,-1
112,21,3883.0,521.0,20.0,32.0,0.4095495939254761,-1,-1,-1
112,22,2852.0,507.0,18.0,38.0,0.31168416142463684,-1,-1,-1
112,23,3143.0,530.0,15.0,37.0,1.0,-1,-1,-1
113,1,3242.0,611.0,22.0,57.0,0.25513172149658203,-1,-1,-1
113,2,3026.0,572.0,19.0,50.0,0.48681697249412537,-1,-1,-1
113,3,2683.0,593.0,24.0,57.0,0.5423348546028137,-1,-1,-1
113,4,3570.0,799.0,31.0,104.0,0.7339352369308472,-1,-1,-1
113,5,3410.0,531.0,14.0,29.0,0.2636626064777374,-1,-1,-1
113,7,3002.0,486.0,23.0,43.0,0.27826061844825745,-1,-1,-1
113,9,2731.0,537.0,18.0,34.0,0.26147425174713135,-1,-1,-1
113,21,3883.0,520.0,20.0,32.0,0.4025774300098419,-1,-1,-1
113,22,2852.0,507.0,18.0,38.0,0.3074102997779846,-1,-1,-1
113,23,3143.0,530.0,15.0,37.0,1.0,-1,-1,-1
114,1,3243.0,611.0,22.0,54.0,0.2552375793457031,-1,-1,-1
114,2,3026.0,572.0,18.0,48.0,0.4370129108428955,-1,-1,-1
114,3,2684.0,594.0,23.0,54.0,0.5489130616188049,-1,-1,-1
114,4,3570.0,799.0,31.0,103.0,0.7332455515861511,-1,-1,-1
114,5,3411.0,531.0,15.0,28.0,0.2715466320514679,-1,-1,-1
114,7,3003.0,486.0,22.0,41.0,0.26178285479545593,-1,-1,-1
114,9,2732.0,537.0,18.0,34.0,0.2876768410205841,-1,-1,-1
114,21,3882.0,520.0,19.0,32.0,0.4335829019546509,-1,-1,-1
114,22,2853.0,507.0,18.0,38.0,0.2883034944534302,-1,-1,-1
114,23,3143.0,530.0,14.0,37.0,1.0,-1,-1,-1
115,1,3243.0,611.0,23.0,56.0,0.31109657883644104,-1,-1,-1
115,2,3027.0,571.0,18.0,46.0,0.4609778821468353,-1,-1,-1
115,3,2685.0,594.0,24.0,55.0,0.562595784664154,-1,-1,-1
115,4,3570.0,799.0,31.0,103.0,0.7219511270523071,-1,-1,-1
115,5,3410.0,530.0,16.0,30.0,0.29658839106559753,-1,-1,-1
115,7,3003.0,486.0,22.0,41.0,1.0,-1,-1,-1
115,9,2733.0,537.0,19.0,34.0,0.3248574733734131,-1,-1,-1
115,21,3882.0,520.0,19.0,33.0,0.4515132009983063,-1,-1,-1
115,22,2853.0,507.0,17.0,37.0,0.29740527272224426,-1,-1,-1
115,23,3122.0,526.0,13.0,36.0,0.2786839008331299,-1,-1,-1
116,1,3243.0,611.0,23.0,56.0,1.0,-1,-1,-1
116,2,3026.0,570.0,19.0,47.0,0.4186147153377533,-1,-1,-1
116,3,2686.0,593.0,23.0,52.0,0.34625929594039917,-1,-1,-1
116,4,3570.0,800.0,31.0,103.0,0.7275320887565613,-1,-1,-1
116,5,3411.0,530.0,16.0,30.0,1.0,-1,-1,-1
116,7,3003.0,485.0,22.0,41.0,1.0,-1,-1,-1
116,9,2734.0,537.0,19.0,34.0,0.2742184102535248,-1,-1,-1
116,21,3881.0,519.0,19.0,33.0,0.43999966979026794,-1,-1,-1
116,22,2853.0,507.0,17.0,37.0,0.266107439994812,-1,-1,-1
116,23,3121.0,526.0,13.0,35.0,0.29718104004859924,-1,-1,-1
117,1,3246.0,611.0,21.0,52.0,0.26824289560317993,-1,-1,-1
117,2,3026.0,569.0,19.0,46.0,0.3656274378299713,-1,-1,-1
117,3,2689.0,593.0,22.0,52.0,0.3180919885635376,-1,-1,-1
117,4,3570.0,800.0,30.0,102.0,0.7228939533233643,-1,-1,-1
117,5,3411.0,529.0,16.0,30.0,1.0,-1,-1,-1
117,7,3003.0,485.0,22.0,41.0,1.0,-1,-1,-1
117,9,2734.0,537.0,19.0,34.0,0.2514570951461792,-1,-1,-1
117,21,3881.0,519.0,18.0,32.0,0.41030004620552063,-1,-1,-1
117,22,2853.0,507.0,17.0,37.0,1.0,-1,-1,-1
117,23,3120.0,526.0,13.0,34.0,1.0,-1,-1,-1
118,1,3247.0,610.0,21.0,51.0,0.2937255799770355,-1,-1,-1
118,2,3025.0,569.0,19.0,46.0,0.3755244016647339,-1,-1,-1
118,3,2691.0,591.0,23.0,55.0,0.3305113911628723,-1,-1,-1
118,4,3571.0,800.0,30.0,102.0,0.7152342796325684,-1,-1,-1
118,5,3412.0,529.0,16.0,30.0,0.28141602873802185,-1,-1,-1
118,7,3003.0,485.0,22.0,42.0,1.0,-1,-1,-1
118,9,2735.0,537.0,19.0,34.0,0.29082396626472473,-1,-1,-1
118,21,3881.0,520.0,18.0,32.0,0.4333799481391907,-1,-1,-1
118,22,2853.0,507.0,17.0,37.0,1.0,-1,-1,-1
118,23,3120.0,524.0,13.0,35.0,0.2973863482475281,-1,-1,-1
119,1,3248.0,610.0,21.0,51.0,1.0,-1,-1,-1
119,2,3025.0,569.0,20.0,46.0,0.3767441511154175,-1,-1,-1
119,3,2692.0,591.0,23.0,55.0,1.0,-1,-1,-1
119,4,3571.0,800.0,30.0,102.0,0.7150493264198303,-1,-1,-1
119,5,3413.0,530.0,16.0,30.0,0.2978764772415161,-1,-1,-1
119,7,3004.0,485.0,22.0,42.0,1.0,-1,-1,-1
119,9,2736.0,536.0,19.0,35.0,0.27870941162109375,-1,-1,-1
119,21,3882.0,521.0,17.0,31.0,0.41871464252471924,-1,-1,-1
119,22,2853.0,507.0,17.0,37.0,1.0,-1,-1,-1
119,23,3120.0,524.0,13.0,35.0,0.30282407999038696,-1,-1,-1
120,1,3249.0,610.0,22.0,54.0,0.30074867606163025,-1,-1,-1
120,2,3025.0,569.0,20.0,46.0,0.36237117648124695,-1,-1,-1
120,3,2694.0,591.0,23.0,55.0,1.0,-1,-1,-1
120,4,3571.0,800.0,30.0,102.0,0.7186620831489563,-1,-1,-1
120,5,3414.0,531.0,15.0,29.0,0.2631051540374756,-1,-1,-1
120,7,3004.0,485.0,22.0,42.0,1.0,-1,-1,-1
120,9,2737.0,535.0,20.0,36.0,0.2940203547477722,-1,-1,-1
120,21,3882.0,521.0,17.0,31.0,0.40729600191116333,-1,-1,-1
120,22,2853.0,507.0,17.0,37.0,1.0,-1,-1,-1
120,23,3119.0,523.0,14.0,36.0,0.28918495774269104,-1,-1,-1
121,1,3250.0,609.0,23.0,56.0,0.3256574869155884,-1,-1,-1
121,2,3025.0,569.0,20.0,45.0,0.34059786796569824,-1,-1,-1
121,3,2695.0,590.0,23.0,54.0,1.0,-1,-1,-1
121,4,3571.0,800.0,30.0,102.0,0.722888708114624,-1,-1,-1
121,5,3416.0,531.0,15.0,29.0,0.2696842849254608,-1,-1,-1
121,7,3004.0,485.0,22.0,42.0,1.0,-1,-1,-1
121,9,2738.0,535.0,20.0,37.0,0.3413912057876587,-1,-1,-1
121,21,3882.0,522.0,17.0,31.0,0.404258668422699,-1,-1,-1
121,22,2854.0,507.0,17.0,37.0,1.0,-1,-1,-1
121,23,3119.0,524.0,14.0,36.0,0.26506930589675903,-1,-1,-1
122,1,3250.0,607.0,24.0,58.0,0.3187372088432312,-1,-1,-1
122,2,3025.0,569.0,21.0,47.0,0.3179071545600891,-1,-1,-1
122,3,2697.0,590.0,23.0,54.0,1.0,-1,-1,-1
122,4,3571.0,800.0,30.0,102.0,0.7237256169319153,-1,-1,-1
122,5,3416.0,531.0,16.0,29.0,0.26515114307403564,-1,-1,-1
122,7,3004.0,484.0,22.0,42.0,1.0,-1,-1,-1
122,9,2739.0,534.0,20.0,37.0,0.29371508955955505,-1,-1,-1
122,21,3882.0,522.0,17.0,31.0,0.38001900911331177,-1,-1,-1
122,22,2854.0,507.0,17.0,37.0,1.0,-1,-1,-1
122,23,3118.0,523.0,15.0,36.0,0.2523990571498871,-1,-1,-1
123,1,3251.0,607.0,24.0,58.0,0.32405832409858704,-1,-1,-1
123,2,3024.0,569.0,21.0,47.0,1.0,-1,-1,-1
123,3,2699.0,590.0,23.0,54.0,1.0,-1,-1,-1
123,4,3571.0,800.0,29.0,101.0,0.7315552234649658,-1,-1,-1
123,5,3417.0,531.0,16.0,29.0,1.0,-1,-1,-1
123,7,3004.0,484.0,22.0,42.0,1.0,-1,-1,-1
123,9,2739.0,534.0,20.0,37.0,0.2641725540161133,-1,-1,-1
123,21,3882.0,522.0,17.0,31.0,0.3407709300518036,-1,-1,-1
123,22,2854.0,507.0,17.0,37.0,1.0,-1,-1,-1
123,23,3118.0,523.0,15.0,36.0,1.0,-1,-1,-1
124,1,3252.0,607.0,23.0,57.0,0.3628949224948883,-1,-1,-1
124,2,3024.0,569.0,21.0,46.0,0.3064557909965515,-1,-1,-1
124,3,2699.0,589.0,25.0,56.0,0.2871961295604706,-1,-1,-1
124,4,3571.0,800.0,29.0,101.0,0.7376937866210938,-1,-1,-1
124,5,3418.0,531.0,16.0,29.0,1.0,-1,-1,-1
124,7,3005.0,484.0,22.0,42.0,1.0,-1,-1,-1
124,9,2740.0,533.0,20.0,38.0,0.2871430218219757,-1,-1,-1
124,21,3882.0,522.0,17.0,31.0,0.34237194061279297,-1,-1,-1
124,22,2854.0,507.0,17.0,37.0,1.0,-1,-1,-1
124,23,3117.0,522.0,15.0,36.0,1.0,-1,-1,-1
125,1,3253.0,607.0,24.0,58.0,0.36585938930511475,-1,-1,-1
125,2,3024.0,568.0,21.0,47.0,0.2704439163208008,-1,-1,-1
125,3,2701.0,589.0,25.0,56.0,0.3002672791481018,-1,-1,-1
125,4,3571.0,800.0,29.0,100.0,0.7425752282142639,-1,-1,-1
125,5,3419.0,531.0,16.0,29.0,1.0,-1,-1,-1
125,7,3005.0,484.0,22.0,42.0,1.0,-1,-1,-1
125,9,2741.0,532.0,20.0,38.0,0.2722557783126831,-1,-1,-1
125,21,3882.0,521.0,17.0,32.0,0.36509233713150024,-1,-1,-1
125,22,2854.0,507.0,17.0,38.0,1.0,-1,-1,-1
125,23,3116.0,522.0,15.0,36.0,1.0,-1,-1,-1
126,1,3253.0,607.0,24.0,58.0,0.36667388677597046,-1,-1,-1
126,2,3024.0,567.0,21.0,47.0,1.0,-1,-1,-1
126,3,2702.0,587.0,27.0,58.0,0.3007785677909851,-1,-1,-1
126,4,3571.0,800.0,29.0,101.0,0.738247275352478,-1,-1,-1
126,5,3419.0,531.0,15.0,29.0,1.0,-1,-1,-1
126,7,3005.0,484.0,22.0,42.0,1.0,-1,-1,-1
126,9,2741.0,532.0,20.0,38.0,0.2557260990142822,-1,-1,-1
126,21,3882.0,521.0,17.0,32.0,0.3569243848323822,-1,-1,-1
126,22,2854.0,507.0,17.0,38.0,1.0,-1,-1,-1
126,23,3115.0,522.0,15.0,36.0,1.0,-1,-1,-1
127,1,3254.0,607.0,24.0,59.0,0.3319839537143707,-1,-1,-1
127,2,3024.0,567.0,21.0,47.0,1.0,-1,-1,-1
127,3,2704.0,586.0,27.0,59.0,0.35937732458114624,-1,-1,-1
127,4,3571.0,800.0,30.0,102.0,0.7364711165428162,-1,-1,-1
127,5,3420.0,531.0,15.0,29.0,1.0,-1,-1,-1
127,7,3005.0,484.0,22.0,42.0,1.0,-1,-1,-1
127,9,2742.0,532.0,19.0,38.0,0.2583214044570923,-1,-1,-1
127,21,3882.0,520.0,17.0,33.0,0.3752415180206299,-1,-1,-1
127,22,2854.0,507.0,18.0,38.0,1.0,-1,-1,-1
127,23,3115.0,521.0,15.0,36.0,1.0,-1,-1,-1
128,1,3256.0,607.0,24.0,58.0,0.34709858894348145,-1,-1,-1
128,2,3024.0,567.0,21.0,47.0,1.0,-1,-1,-1
128,3,2706.0,585.0,26.0,57.0,0.29070529341697693,-1,-1,-1
128,4,3571.0,800.0,30.0,102.0,0.7411443591117859,-1,-1,-1
128,5,3421.0,531.0,15.0,28.0,1.0,-1,-1,-1
128,7,3005.0,483.0,22.0,42.0,1.0,-1,-1,-1
128,9,2743.0,532.0,19.0,38.0,1.0,-1,-1,-1
128,21,3882.0,520.0,17.0,33.0,0.3754761815071106,-1,-1,-1
128,22,2854.0,507.0,18.0,38.0,1.0,-1,-1,-1
128,23,3114.0,521.0,15.0,36.0,1.0,-1,-1,-1
129,1,3258.0,606.0,24.0,57.0,0.4622066020965576,-1,-1,-1
129,2,3024.0,566.0,21.0,47.0,1.0,-1,-1,-1
129,3,2708.0,585.0,26.0,57.0,0.3179595172405243,-1,-1,-1
129,4,3571.0,800.0,30.0,102.0,0.7402052879333496,-1,-1,-1
129,5,3422.0,531.0,15.0,28.0,1.0,-1,-1,-1
129,7,3005.0,483.0,22.0,42.0,1.0,-1,-1,-1
129,9,2743.0,532.0,19.0,38.0,1.0,-1,-1,-1
129,21,3882.0,519.0,17.0,34.0,0.39456233382225037,-1,-1,-1
129,22,2854.0,507.0,18.0,38.0,1.0,-1,-1,-1
129,23,3117.0,520.0,14.0,34.0,0.25071585178375244,-1,-1,-1
130,1,3259.0,607.0,23.0,56.0,0.45093265175819397,-1,-1,-1
130,2,3023.0,566.0,21.0,47.0,1.0,-1,-1,-1
130,3,2710.0,585.0,26.0,56.0,0.2503567934036255,-1,-1,-1
130,4,3571.0,800.0,30.0,103.0,0.7337708473205566,-1,-1,-1
130,5,3423.0,530.0,15.0,28.0,1.0,-1,-1,-1
130,7,3006.0,483.0,22.0,42.0,1.0,-1,-1,-1
130,9,2744.0,531.0,19.0,38.0,1.0,-1,-1,-1
130,21,3882.0,519.0,17.0,33.0,0.38572585582733154,-1,-1,-1
130,22,2854.0,506.0,18.0,38.0,1.0,-1,-1,-1
130,23,3116.0,519.0,14.0,33.0,1.0,-1,-1,-1
131,1,3260.0,608.0,23.0,56.0,0.3873513638973236,-1,-1,-1
131,2,3023.0,566.0,21.0,47.0,1.0,-1,-1,-1
131,3,2712.0,585.0,26.0,56.0,1.0,-1,-1,-1
131,4,3571.0,800.0,30.0,103.0,0.7430149912834167,-1,-1,-1
131,5,3423.0,530.0,15.0,28.0,1.0,-1,-1,-1
131,7,3006.0,483.0,22.0,42.0,1.0,-1,-1,-1
131,9,2745.0,531.0,20.0,38.0,1.0,-1,-1,-1
131,21,3882.0,519.0,16.0,33.0,0.4070354402065277,-1,-1,-1
131,22,2854.0,506.0,18.0,38.0,1.0,-1,-1,-1
131,23,3115.0,519.0,15.0,36.0,0.27752095460891724,-1,-1,-1
132,1,3261.0,609.0,23.0,54.0,0.3469158709049225,-1,-1,-1
132,2,3023.0,565.0,21.0,47.0,1.0,-1,-1,-1
132,3,2713.0,584.0,26.0,56.0,1.0,-1,-1,-1
132,4,3572.0,800.0,30.0,102.0,0.7230568528175354,-1,-1,-1
132,5,3424.0,530.0,15.0,28.0,1.0,-1,-1,-1
132,7,3006.0,483.0,23.0,42.0,1.0,-1,-1,-1
132,9,2745.0,531.0,20.0,39.0,1.0,-1,-1,-1
132,21,3882.0,520.0,16.0,32.0,0.4189085364341736,-1,-1,-1
132,22,2854.0,506.0,18.0,38.0,1.0,-1,-1,-1
132,23,3115.0,519.0,16.0,36.0,0.3099242150783539,-1,-1,-1
132,24,3168.0,533.0,15.0,24.0,0.32033035159111023,-1,-1,-1
133,1,3264.0,609.0,22.0,52.0,0.3264695703983307,-1,-1,-1
133,2,3023.0,565.0,21.0,47.0,1.0,-1,-1,-1
133,3,2716.0,587.0,25.0,55.0,0.28578832745552063,-1,-1,-1
133,4,3572.0,800.0,31.0,102.0,0.7490776777267456,-1,-1,-1
133,5,3425.0,530.0,15.0,28.0,1.0,-1,-1,-1
133,7,3006.0,483.0,23.0,42.0,1.0,-1,-1,-1
133,9,2746.0,531.0,20.0,39.0,1.0,-1,-1,-1
133,21,3883.0,521.0,15.0,30.0,0.4048379361629486,-1,-1,-1
133,22,2854.0,506.0,18.0,38.0,1.0,-1,-1,-1
133,23,3115.0,519.0,16.0,37.0,0.3136439323425293,-1,-1,-1
133,24,3169.0,532.0,16.0,26.0,0.3566950857639313,-1,-1,-1
134,1,3265.0,607.0,23.0,52.0,0.2812393009662628,-1,-1,-1
134,2,3023.0,565.0,21.0,46.0,1.0,-1,-1,-1
134,3,2718.0,587.0,25.0,55.0,1.0,-1,-1,-1
134,4,3573.0,800.0,31.0,104.0,0.7446087598800659,-1,-1,-1
134,5,3426.0,530.0,15.0,28.0,1.0,-1,-1,-1
134,7,3006.0,482.0,23.0,42.0,1.0,-1,-1,-1
134,9,2746.0,530.0,20.0,39.0,1.0,-1,-1,-1
134,21,3883.0,521.0,15.0,30.0,0.39833754301071167,-1,-1,-1
134,22,2854.0,506.0,18.0,38.0,1.0,-1,-1,-1
134,23,3114.0,519.0,16.0,37.0,0.29251691699028015,-1,-1,-1
134,24,3170.0,531.0,16.0,26.0,0.37382590770721436,-1,-1,-1
135,1,3266.0,607.0,23.0,51.0,0.3080637753009796,-1,-1,-1
135,2,3023.0,564.0,21.0,46.0,1.0,-1,-1,-1
135,3,2721.0,588.0,24.0,54.0,0.2645673453807831,-1,-1,-1
135,4,3574.0,800.0,32.0,104.0,0.7746380567550659,-1,-1,-1
135,5,3426.0,530.0,15.0,28.0,1.0,-1,-1,-1
135,7,3006.0,482.0,23.0,42.0,1.0,-1,-1,-1
135,9,2747.0,530.0,20.0,39.0,1.0,-1,-1,-1
135,21,3883.0,522.0,15.0,30.0,0.41135308146476746,-1,-1,-1
135,22,2854.0,506.0,18.0,39.0,1.0,-1,-1,-1
135,23,3114.0,519.0,16.0,36.0,0.28744277358055115,-1,-1,-1
135,24,3172.0,532.0,16.0,25.0,0.333289235830307,-1,-1,-1
136,1,3267.0,606.0,23.0,53.0,0.3402760922908783,-1,-1,-1
136,2,3023.0,564.0,21.0,46.0,1.0,-1,-1,-1
136,3,2722.0,586.0,26.0,56.0,0.2978372871875763,-1,-1,-1
136,4,3573.0,800.0,32.0,104.0,0.7966665625572205,-1,-1,-1
136,5,3427.0,530.0,15.0,28.0,1.0,-1,-1,-1
136,7,3007.0,482.0,23.0,43.0,1.0,-1,-1,-1
136,9,2748.0,530.0,20.0,39.0,1.0,-1,-1,-1
136,21,3882.0,521.0,16.0,31.0,0.4466921091079712,-1,-1,-1
136,22,2854.0,506.0,18.0,39.0,1.0,-1,-1,-1
136,23,3114.0,519.0,16.0,36.0,0.306031197309494,-1,-1,-1
136,24,3174.0,532.0,16.0,26.0,0.3506358861923218,-1,-1,-1
137,1,3268.0,606.0,23.0,52.0,0.27364403009414673,-1,-1,-1
137,2,3022.0,563.0,21.0,46.0,1.0,-1,-1,-1
137,3,2724.0,585.0,26.0,55.0,0.2844633162021637,-1,-1,-1
137,4,3574.0,800.0,32.0,104.0,0.8030847907066345,-1,-1,-1
137,5,3428.0,530.0,15.0,27.0,1.0,-1,-1,-1
137,7,3007.0,482.0,23.0,43.0,1.0,-1,-1,-1
137,9,2748.0,529.0,20.0,39.0,1.0,-1,-1,-1
137,21,3883.0,521.0,15.0,31.0,0.46167322993278503,-1,-1,-1
137,22,2854.0,506.0,18.0,39.0,1.0,-1,-1,-1
137,23,3115.0,518.0,16.0,34.0,0.2724885046482086,-1,-1,-1
137,24,3175.0,531.0,16.0,26.0,0.31167855858802795,-1,-1,-1
138,1,3271.0,604.0,23.0,51.0,0.25621095299720764,-1,-1,-1
138,2,3022.0,563.0,21.0,46.0,1.0,-1,-1,-1
138,3,2725.0,585.0,27.0,56.0,0.29138171672821045,-1,-1,-1
138,4,3575.0,800.0,32.0,104.0,0.8080019950866699,-1,-1,-1
138,5,3429.0,530.0,15.0,27.0,1.0,-1,-1,-1
138,7,3007.0,482.0,23.0,43.0,1.0,-1,-1,-1
138,9,2749.0,529.0,20.0,40.0,1.0,-1,-1,-1
138,21,3882.0,521.0,16.0,31.0,0.467796266078949,-1,-1,-1
138,22,2854.0,506.0,18.0,39.0,1.0,-1,-1,-1
138,23,3115.0,518.0,16.0,34.0,0.2728622555732727,-1,-1,-1
138,24,3176.0,531.0,16.0,25.0,0.2976486384868622,-1,-1,-1
139,1,3272.0,602.0,23.0,52.0,0.31746622920036316,-1,-1,-1
139,2,3022.0,563.0,21.0,46.0,1.0,-1,-1,-1
139,3,2727.0,585.0,27.0,56.0,1.0,-1,-1,-1
139,4,3575.0,800.0,33.0,103.0,0.8014166951179504,-1,-1,-1
139,5,3430.0,530.0,15.0,27.0,1.0,-1,-1,-1
139,7,3007.0,482.0,23.0,43.0,1.0,-1,-1,-1
139,9,2749.0,529.0,20.0,40.0,1.0,-1,-1,-1
139,21,3882.0,520.0,16.0,32.0,0.45706912875175476,-1,-1,-1
139,22,2854.0,506.0,18.0,39.0,1.0,-1,-1,-1
139,23,3114.0,518.0,16.0,34.0,0.2698344886302948,-1,-1,-1
139,24,3177.0,531.0,15.0,25.0,0.26920410990715027,-1,-1,-1
140,1,3275.0,602.0,22.0,52.0,0.2545666992664337,-1,-1,-1
140,2,3022.0,562.0,21.0,46.0,1.0,-1,-1,-1
140,3,2728.0,585.0,26.0,53.0,0.28348878026008606,-1,-1,-1
140,4,3576.0,800.0,33.0,103.0,0.789638876914978,-1,-1,-1
140,5,3430.0,530.0,15.0,27.0,1.0,-1,-1,-1
140,9,2756.0,529.0,20.0,38.0,0.294033020734787,-1,-1,-1
140,21,3882.0,519.0,16.0,32.0,0.46331360936164856,-1,-1,-1
140,22,2854.0,506.0,18.0,39.0,1.0,-1,-1,-1
140,23,3114.0,518.0,16.0,35.0,0.30111733078956604,-1,-1,-1
140,24,3177.0,529.0,16.0,27.0,0.2794443666934967,-1,-1,-1
141,1,3276.0,601.0,22.0,52.0,0.37314531207084656,-1,-1,-1
141,2,3022.0,562.0,21.0,46.0,1.0,-1,-1,-1
141,3,2730.0,584.0,28.0,55.0,0.30754148960113525,-1,-1,-1
141,4,3577.0,800.0,33.0,103.0,0.775439441204071,-1,-1,-1
141,5,3431.0,530.0,15.0,27.0,1.0,-1,-1,-1
141,9,2757.0,529.0,20.0,38.0,1.0,-1,-1,-1
141,21,3882.0,519.0,16.0,32.0,0.42634516954421997,-1,-1,-1
141,22,2854.0,506.0,18.0,39.0,1.0,-1,-1,-1
141,23,3114.0,518.0,16.0,35.0,0.2756621837615967,-1,-1,-1
141,24,3177.0,527.0,17.0,29.0,0.2928718328475952,-1,-1,-1
142,1,3277.0,601.0,23.0,54.0,0.4180603623390198,-1,-1,-1
142,2,3022.0,562.0,21.0,46.0,1.0,-1,-1,-1
142,3,2732.0,584.0,28.0,56.0,0.3843402862548828,-1,-1,-1
142,4,3577.0,799.0,34.0,104.0,0.764319896697998,-1,-1,-1
142,5,3432.0,530.0,15.0,27.0,1.0,-1,-1,-1
142,9,2757.0,529.0,20.0,38.0,0.26955780386924744,-1,-1,-1
142,21,3882.0,519.0,16.0,33.0,0.43609127402305603,-1,-1,-1
142,23,3114.0,518.0,17.0,35.0,0.3108072578907013,-1,-1,-1
142,24,3178.0,527.0,18.0,30.0,0.33811959624290466,-1,-1,-1
143,1,3278.0,601.0,23.0,54.0,0.46785762906074524,-1,-1,-1
143,2,3022.0,561.0,21.0,46.0,1.0,-1,-1,-1
143,3,2735.0,583.0,27.0,55.0,0.4142824411392212,-1,-1,-1
143,4,3577.0,798.0,34.0,106.0,0.7467831969261169,-1,-1,-1
143,5,3433.0,530.0,14.0,27.0,1.0,-1,-1,-1
143,9,2758.0,529.0,20.0,38.0,1.0,-1,-1,-1
143,21,3883.0,520.0,16.0,32.0,0.4018659293651581,-1,-1,-1
143,23,3114.0,518.0,17.0,35.0,0.26480239629745483,-1,-1,-1
143,24,3178.0,526.0,19.0,31.0,0.28818461298942566,-1,-1,-1
144,1,3280.0,601.0,23.0,54.0,0.45329293608665466,-1,-1,-1
144,2,3021.0,561.0,21.0,46.0,1.0,-1,-1,-1
144,3,2737.0,582.0,27.0,54.0,0.40520334243774414,-1,-1,-1
144,4,3577.0,798.0,35.0,106.0,0.7407193183898926,-1,-1,-1
144,5,3433.0,530.0,14.0,27.0,1.0,-1,-1,-1
144,9,2759.0,529.0,20.0,38.0,1.0,-1,-1,-1
144,21,3883.0,521.0,16.0,31.0,0.38594722747802734,-1,-1,-1
144,23,3114.0,517.0,17.0,36.0,0.30694329738616943,-1,-1,-1
144,24,3179.0,525.0,19.0,32.0,1.0,-1,-1,-1
145,1,3280.0,601.0,23.0,54.0,0.460903525352478,-1,-1,-1
145,2,3021.0,561.0,21.0,46.0,1.0,-1,-1,-1
145,3,2740.0,583.0,24.0,50.0,0.2834526598453522,-1,-1,-1
145,4,3577.0,798.0,35.0,107.0,0.7404847145080566,-1,-1,-1
145,5,3434.0,530.0,14.0,27.0,1.0,-1,-1,-1
145,9,2760.0,529.0,20.0,38.0,1.0,-1,-1,-1
145,21,3883.0,521.0,15.0,30.0,0.3798682391643524,-1,-1,-1
145,23,3114.0,518.0,17.0,36.0,0.28333598375320435,-1,-1,-1
145,24,3180.0,524.0,19.0,32.0,1.0,-1,-1,-1
146,1,3282.0,601.0,24.0,54.0,0.4997754991054535,-1,-1,-1
146,2,3021.0,560.0,21.0,46.0,1.0,-1,-1,-1
146,3,2743.0,582.0,24.0,51.0,0.27165889739990234,-1,-1,-1
146,4,3577.0,798.0,36.0,108.0,0.7359745502471924,-1,-1,-1
146,5,3435.0,530.0,14.0,27.0,1.0,-1,-1,-1
146,9,2762.0,529.0,19.0,36.0,0.2555033564567566,-1,-1,-1
146,21,3883.0,522.0,15.0,29.0,0.35490912199020386,-1,-1,-1
146,23,3114.0,518.0,17.0,35.0,0.2655056416988373,-1,-1,-1
146,24,3180.0,524.0,20.0,33.0,1.0,-1,-1,-1
147,1,3283.0,602.0,24.0,53.0,0.46730589866638184,-1,-1,-1
147,2,3021.0,560.0,21.0,46.0,1.0,-1,-1,-1
147,3,2745.0,582.0,24.0,50.0,1.0,-1,-1,-1
147,4,3578.0,797.0,36.0,108.0,0.7208238840103149,-1,-1,-1
147,5,3436.0,530.0,14.0,26.0,1.0,-1,-1,-1
147,9,2764.0,528.0,18.0,35.0,0.272178590297699,-1,-1,-1
147,21,3883.0,522.0,15.0,29.0,0.35562941431999207,-1,-1,-1
147,23,3113.0,518.0,17.0,35.0,0.26230722665786743,-1,-1,-1
147,24,3181.0,523.0,20.0,34.0,1.0,-1,-1,-1
148,1,3283.0,603.0,24.0,53.0,0.483819842338562,-1,-1,-1
148,2,3021.0,559.0,20.0,45.0,1.0,-1,-1,-1
148,3,2747.0,581.0,23.0,50.0,1.0,-1,-1,-1
148,4,3579.0,798.0,37.0,108.0,0.7178218364715576,-1,-1,-1
148,9,2765.0,528.0,18.0,35.0,0.2571429908275604,-1,-1,-1
148,21,3884.0,522.0,15.0,29.0,0.36487051844596863,-1,-1,-1
148,23,3113.0,518.0,17.0,35.0,0.26546594500541687,-1,-1,-1
148,24,3182.0,522.0,21.0,34.0,1.0,-1,-1,-1
149,1,3285.0,603.0,24.0,53.0,0.3929746448993683,-1,-1,-1
149,2,3021.0,559.0,20.0,45.0,1.0,-1,-1,-1
149,3,2750.0,581.0,23.0,50.0,1.0,-1,-1,-1
149,4,3579.0,798.0,37.0,107.0,0.7080362439155579,-1,-1,-1
149,9,2766.0,528.0,18.0,35.0,1.0,-1,-1,-1
149,21,3884.0,522.0,15.0,29.0,0.3626333177089691,-1,-1,-1
149,23,3113.0,518.0,17.0,35.0,0.26177942752838135,-1,-1,-1
149,24,3183.0,522.0,21.0,35.0,1.0,-1,-1,-1
150,1,3287.0,603.0,25.0,52.0,0.3601522743701935,-1,-1,-1
150,2,3021.0,559.0,20.0,45.0,1.0,-1,-1,-1
150,3,2752.0,580.0,23.0,49.0,1.0,-1,-1,-1
150,4,3580.0,799.0,37.0,107.0,0.7234200239181519,-1,-1,-1
150,9,2768.0,528.0,17.0,35.0,1.0,-1,-1,-1
150,21,3884.0,522.0,16.0,29.0,0.3559325933456421,-1,-1,-1
150,23,3113.0,518.0,17.0,35.0,0.2643311023712158,-1,-1,-1
150,24,3183.0,521.0,21.0,35.0,1.0,-1,-1,-1
151,1,3290.0,600.0,26.0,55.0,0.28755566477775574,-1,-1,-1
151,3,2753.0,583.0,24.0,49.0,0.3031785488128662,-1,-1,-1
151,4,3581.0,799.0,37.0,107.0,0.730339765548706,-1,-1,-1
151,9,2769.0,528.0,17.0,35.0,1.0,-1,-1,-1
151,21,3884.0,521.0,16.0,30.0,0.3608880639076233,-1,-1,-1
151,23,3113.0,518.0,18.0,35.0,0.26339682936668396,-1,-1,-1
151,24,3184.0,520.0,22.0,36.0,1.0,-1,-1,-1
152,1,3292.0,602.0,26.0,53.0,0.25246745347976685,-1,-1,-1
152,3,2753.0,583.0,26.0,51.0,0.292238712310791,-1,-1,-1
152,4,3582.0,799.0,38.0,106.0,0.731606662273407,-1,-1,-1
152,9,2770.0,528.0,17.0,34.0,1.0,-1,-1,-1
152,21,3884.0,521.0,16.0,30.0,0.33879414200782776,-1,-1,-1
152,23,3113.0,518.0,18.0,36.0,0.26600363850593567,-1,-1,-1
152,24,3185.0,520.0,22.0,37.0,1.0,-1,-1,-1
153,1,3294.0,601.0,25.0,54.0,0.3088951110839844,-1,-1,-1
153,3,2755.0,583.0,26.0,51.0,0.30624380707740784,-1,-1,-1
153,4,3581.0,800.0,38.0,106.0,0.7164039015769958,-1,-1,-1
153,9,2771.0,528.0,17.0,34.0,1.0,-1,-1,-1
153,21,3884.0,521.0,16.0,29.0,0.3390887975692749,-1,-1,-1
153,23,3113.0,518.0,18.0,36.0,0.29751747846603394,-1,-1,-1
153,24,3186.0,519.0,22.0,37.0,1.0,-1,-1,-1
154,1,3298.0,602.0,24.0,52.0,0.3307915925979614,-1,-1,-1
154,3,2757.0,583.0,26.0,51.0,1.0,-1,-1,-1
154,4,3583.0,800.0,39.0,106.0,0.7217145562171936,-1,-1,-1
154,9,2772.0,527.0,17.0,34.0,1.0,-1,-1,-1
154,21,3885.0,521.0,16.0,29.0,0.3248480260372162,-1,-1,-1
154,23,3113.0,518.0,19.0,37.0,0.288827121257782,-1,-1,-1
154,24,3187.0,518.0,23.0,38.0,1.0,-1,-1,-1
155,1,3301.0,600.0,25.0,53.0,0.36509770154953003,-1,-1,-1
155,3,2757.0,582.0,26.0,50.0,0.29964959621429443,-1,-1,-1
155,4,3585.0,800.0,39.0,106.0,0.7096360921859741,-1,-1,-1
155,9,2773.0,527.0,17.0,34.0,1.0,-1,-1,-1
155,21,3885.0,521.0,16.0,28.0,0.29793721437454224,-1,-1,-1
155,23,3113.0,518.0,19.0,37.0,1.0,-1,-1,-1
155,24,3187.0,517.0,23.0,38.0,1.0,-1,-1,-1
156,1,3302.0,600.0,25.0,53.0,0.3199188709259033,-1,-1,-1
156,3,2759.0,580.0,27.0,52.0,0.3004324734210968,-1,-1,-1
156,4,3586.0,800.0,39.0,106.0,0.6972388625144958,-1,-1,-1
156,9,2774.0,527.0,17.0,34.0,1.0,-1,-1,-1
156,21,3885.0,521.0,16.0,27.0,0.2741797864437103,-1,-1,-1
156,23,3113.0,518.0,19.0,37.0,1.0,-1,-1,-1
156,24,3188.0,517.0,23.0,39.0,1.0,-1,-1,-1
157,1,3304.0,599.0,24.0,52.0,0.33693236112594604,-1,-1,-1
157,3,2762.0,581.0,25.0,50.0,0.2993563413619995,-1,-1,-1
157,4,3587.0,800.0,40.0,107.0,0.7173519134521484,-1,-1,-1
157,9,2776.0,527.0,17.0,34.0,1.0,-1,-1,-1
157,21,3885.0,521.0,16.0,27.0,0.279605507850647,-1,-1,-1
157,23,3113.0,518.0,19.0,37.0,1.0,-1,-1,-1
157,24,3189.0,516.0,24.0,40.0,1.0,-1,-1,-1
158,1,3306.0,599.0,23.0,50.0,0.41250136494636536,-1,-1,-1
158,3,2764.0,579.0,26.0,51.0,0.3639664053916931,-1,-1,-1
158,4,3588.0,800.0,40.0,107.0,0.7278183102607727,-1,-1,-1
158,9,2777.0,527.0,17.0,33.0,1.0,-1,-1,-1
158,21,3885.0,522.0,16.0,26.0,0.30256813764572144,-1,-1,-1
158,23,3114.0,518.0,18.0,35.0,0.25682634115219116,-1,-1,-1
158,24,3190.0,515.0,24.0,40.0,1.0,-1,-1,-1
159,1,3306.0,598.0,25.0,53.0,0.47330307960510254,-1,-1,-1
159,3,2767.0,577.0,26.0,53.0,0.38656654953956604,-1,-1,-1
159,4,3590.0,800.0,39.0,105.0,0.7232000231742859,-1,-1,-1
159,9,2778.0,527.0,17.0,33.0,1.0,-1,-1,-1
159,21,3885.0,522.0,16.0,26.0,0.3329291045665741,-1,-1,-1
159,23,3114.0,518.0,18.0,35.0,0.308464378118515,-1,-1,-1
159,24,3190.0,515.0,25.0,41.0,1.0,-1,-1,-1
160,1,3307.0,598.0,25.0,53.0,0.4255102276802063,-1,-1,-1
160,3,2769.0,579.0,25.0,52.0,0.2965363562107086,-1,-1,-1
160,4,3591.0,800.0,39.0,105.0,0.765643835067749,-1,-1,-1
160,9,2779.0,526.0,17.0,33.0,1.0,-1,-1,-1
160,21,3885.0,522.0,17.0,26.0,0.31067508459091187,-1,-1,-1
160,23,3115.0,518.0,18.0,34.0,0.30490756034851074,-1,-1,-1
160,24,3191.0,514.0,25.0,41.0,1.0,-1,-1,-1
161,1,3311.0,596.0,24.0,52.0,0.45744016766548157,-1,-1,-1
161,3,2771.0,578.0,25.0,52.0,0.2925252318382263,-1,-1,-1
161,4,3593.0,800.0,39.0,105.0,0.7984315156936646,-1,-1,-1
161,9,2780.0,526.0,16.0,33.0,1.0,-1,-1,-1
161,21,3884.0,522.0,17.0,27.0,0.3344603478908539,-1,-1,-1
161,23,3115.0,518.0,18.0,34.0,0.31107357144355774,-1,-1,-1
161,24,3192.0,513.0,25.0,42.0,1.0,-1,-1,-1
162,1,3313.0,596.0,24.0,51.0,1.0,-1,-1,-1
162,3,2773.0,578.0,25.0,53.0,1.0,-1,-1,-1
162,4,3596.0,800.0,38.0,104.0,0.7541503310203552,-1,-1,-1
162,9,2781.0,526.0,16.0,33.0,1.0,-1,-1,-1
162,21,3884.0,522.0,17.0,27.0,0.3199450969696045,-1,-1,-1
162,23,3115.0,518.0,18.0,33.0,0.321346640586853,-1,-1,-1
162,24,3193.0,513.0,26.0,43.0,1.0,-1,-1,-1
163,1,3315.0,595.0,24.0,51.0,1.0,-1,-1,-1
163,3,2775.0,578.0,25.0,53.0,1.0,-1,-1,-1
163,4,3597.0,800.0,37.0,104.0,0.7412670254707336,-1,-1,-1
163,9,2782.0,526.0,16.0,33.0,1.0,-1,-1,-1
163,21,3885.0,522.0,17.0,26.0,0.2923941910266876,-1,-1,-1
163,23,3115.0,518.0,18.0,34.0,0.31161749362945557,-1,-1,-1
163,24,3193.0,512.0,26.0,43.0,1.0,-1,-1,-1
163,26,3025.0,556.0,22.0,42.0,0.30062335729599,-1,-1,-1
164,1,3320.0,595.0,23.0,50.0,0.2897892892360687,-1,-1,-1
164,3,2776.0,577.0,25.0,53.0,1.0,-1,-1,-1
164,4,3598.0,799.0,38.0,107.0,0.7689076066017151,-1,-1,-1
164,9,2783.0,526.0,16.0,32.0,1.0,-1,-1,-1
164,21,3884.0,521.0,18.0,27.0,0.338640034198761,-1,-1,-1
164,23,3115.0,517.0,18.0,34.0,0.3267795741558075,-1,-1,-1
164,24,3194.0,511.0,26.0,44.0,1.0,-1,-1,-1
164,26,3024.0,555.0,23.0,44.0,0.32890042662620544,-1,-1,-1
165,1,3322.0,595.0,23.0,49.0,1.0,-1,-1,-1
165,3,2778.0,577.0,25.0,53.0,1.0,-1,-1,-1
165,4,3599.0,799.0,38.0,108.0,0.7794983983039856,-1,-1,-1
165,9,2785.0,526.0,16.0,32.0,1.0,-1,-1,-1
165,21,3884.0,521.0,18.0,27.0,0.35125622153282166,-1,-1,-1
165,23,3115.0,517.0,19.0,35.0,0.32309532165527344,-1,-1,-1
165,24,3198.0,523.0,17.0,30.0,0.25495216250419617,-1,-1,-1
165,26,3024.0,555.0,23.0,44.0,0.3373652398586273,-1,-1,-1
166,1,3324.0,595.0,22.0,49.0,1.0,-1,-1,-1
166,3,2781.0,580.0,23.0,48.0,0.25336915254592896,-1,-1,-1
166,4,3599.0,799.0,38.0,108.0,0.7953827381134033,-1,-1,-1
166,9,2786.0,525.0,16.0,32.0,1.0,-1,-1,-1
166,21,3884.0,521.0,19.0,28.0,0.373015820980072,-1,-1,-1
166,23,3115.0,516.0,19.0,35.0,0.3100973963737488,-1,-1,-1
166,24,3198.0,523.0,17.0,30.0,1.0,-1,-1,-1
166,26,3026.0,553.0,23.0,44.0,0.4694604277610779,-1,-1,-1
167,1,3326.0,593.0,24.0,52.0,0.32031872868537903,-1,-1,-1
167,3,2782.0,581.0,23.0,48.0,0.32281702756881714,-1,-1,-1
167,4,3600.0,798.0,38.0,109.0,0.7898452281951904,-1,-1,-1
167,9,2787.0,525.0,16.0,32.0,1.0,-1,-1,-1
167,21,3884.0,520.0,19.0,28.0,0.34860995411872864,-1,-1,-1
167,23,3115.0,517.0,19.0,35.0,0.2757176160812378,-1,-1,-1
167,24,3199.0,523.0,17.0,30.0,1.0,-1,-1,-1
167,26,3028.0,553.0,22.0,44.0,0.499103307723999,-1,-1,-1
168,1,3327.0,593.0,23.0,52.0,0.2826601266860962,-1,-1,-1
168,3,2783.0,580.0,24.0,49.0,0.3676747977733612,-1,-1,-1
168,4,3601.0,798.0,38.0,110.0,0.7458258271217346,-1,-1,-1
168,9,2788.0,525.0,16.0,32.0,1.0,-1,-1,-1
168,21,3884.0,521.0,19.0,28.0,0.3408737778663635,-1,-1,-1
168,23,3115.0,517.0,19.0,36.0,0.27492833137512207,-1,-1,-1
168,24,3200.0,523.0,17.0,29.0,1.0,-1,-1,-1
168,26,3029.0,552.0,22.0,44.0,0.5261858701705933,-1,-1,-1
169,1,3329.0,594.0,23.0,52.0,0.32755517959594727,-1,-1,-1
169,3,2785.0,578.0,25.0,51.0,0.38544026017189026,-1,-1,-1
169,4,3602.0,797.0,38.0,110.0,0.7628026604652405,-1,-1,-1
169,9,2789.0,525.0,16.0,32.0,1.0,-1,-1,-1
169,21,3884.0,521.0,19.0,28.0,0.34187448024749756,-1,-1,-1
169,23,3115.0,517.0,19.0,36.0,0.26236870884895325,-1,-1,-1
169,24,3201.0,523.0,17.0,29.0,1.0,-1,-1,-1
169,26,3030.0,549.0,23.0,46.0,0.5223335027694702,-1,-1,-1
170,1,3332.0,594.0,23.0,50.0,0.3552689254283905,-1,-1,-1
170,3,2788.0,576.0,25.0,52.0,0.41782906651496887,-1,-1,-1
170,4,3604.0,798.0,38.0,108.0,0.7413606643676758,-1,-1,-1
170,9,2790.0,525.0,16.0,31.0,1.0,-1,-1,-1
170,21,3884.0,521.0,19.0,28.0,0.3370145261287689,-1,-1,-1
170,23,3115.0,517.0,19.0,36.0,0.2556668519973755,-1,-1,-1
170,24,3202.0,523.0,17.0,29.0,1.0,-1,-1,-1
170,26,3032.0,548.0,22.0,45.0,0.5176817178726196,-1,-1,-1
171,1,3334.0,595.0,22.0,47.0,0.3722880184650421,-1,-1,-1
171,3,2790.0,574.0,26.0,54.0,0.4391566216945648,-1,-1,-1
171,4,3605.0,798.0,38.0,108.0,0.708929717540741,-1,-1,-1
171,9,2791.0,525.0,16.0,31.0,1.0,-1,-1,-1
171,21,3884.0,522.0,19.0,29.0,0.3234926760196686,-1,-1,-1
171,23,3116.0,517.0,19.0,36.0,1.0,-1,-1,-1
171,24,3203.0,523.0,17.0,29.0,1.0,-1,-1,-1
171,26,3034.0,550.0,21.0,44.0,0.5074657797813416,-1,-1,-1
172,1,3336.0,595.0,21.0,46.0,0.43096235394477844,-1,-1,-1
172,3,2791.0,574.0,26.0,54.0,0.43322989344596863,-1,-1,-1
172,4,3605.0,798.0,38.0,108.0,0.7508177757263184,-1,-1,-1
172,9,2792.0,524.0,15.0,31.0,1.0,-1,-1,-1
172,21,3884.0,521.0,19.0,29.0,0.30273351073265076,-1,-1,-1
172,23,3116.0,517.0,19.0,36.0,1.0,-1,-1,-1
172,24,3204.0,523.0,17.0,29.0,1.0,-1,-1,-1
172,26,3036.0,552.0,21.0,43.0,0.4825461804866791,-1,-1,-1
173,1,3338.0,594.0,21.0,45.0,1.0,-1,-1,-1
173,3,2793.0,575.0,24.0,53.0,0.45483681559562683,-1,-1,-1
173,4,3605.0,798.0,38.0,108.0,0.7086913585662842,-1,-1,-1
173,9,2794.0,524.0,15.0,31.0,1.0,-1,-1,-1
173,21,3884.0,521.0,19.0,29.0,0.3019483685493469,-1,-1,-1
173,23,3118.0,517.0,18.0,34.0,0.25182104110717773,-1,-1,-1
173,24,3205.0,523.0,17.0,29.0,1.0,-1,-1,-1
173,26,3037.0,554.0,20.0,42.0,0.45023512840270996,-1,-1,-1
174,1,3340.0,594.0,21.0,45.0,1.0,-1,-1,-1
174,3,2795.0,574.0,24.0,53.0,1.0,-1,-1,-1
174,4,3606.0,797.0,38.0,108.0,0.6918915510177612,-1,-1,-1
174,21,3883.0,521.0,20.0,29.0,0.283731073141098,-1,-1,-1
174,23,3119.0,518.0,17.0,32.0,0.25533875823020935,-1,-1,-1
174,24,3206.0,523.0,17.0,29.0,1.0,-1,-1,-1
174,26,3038.0,555.0,19.0,40.0,0.35178041458129883,-1,-1,-1
175,1,3342.0,594.0,20.0,44.0,1.0,-1,-1,-1
175,3,2797.0,575.0,23.0,52.0,0.3175373375415802,-1,-1,-1
175,4,3607.0,797.0,38.0,106.0,0.7379224300384521,-1,-1,-1
175,21,3883.0,520.0,20.0,29.0,0.3076435327529907,-1,-1,-1
175,23,3119.0,518.0,16.0,32.0,0.26801952719688416,-1,-1,-1
175,24,3206.0,522.0,17.0,29.0,1.0,-1,-1,-1
175,26,3039.0,555.0,19.0,39.0,0.37352728843688965,-1,-1,-1
176,1,3344.0,594.0,20.0,44.0,1.0,-1,-1,-1
176,3,2799.0,575.0,23.0,52.0,0.2745210528373718,-1,-1,-1
176,4,3608.0,797.0,37.0,105.0,0.7291873097419739,-1,-1,-1
176,21,3883.0,520.0,20.0,31.0,0.3317493796348572,-1,-1,-1
176,23,3119.0,518.0,16.0,31.0,0.28057220578193665,-1,-1,-1
176,24,3207.0,522.0,17.0,29.0,1.0,-1,-1,-1
176,26,3040.0,551.0,20.0,42.0,0.42865750193595886,-1,-1,-1
177,1,3346.0,594.0,20.0,43.0,1.0,-1,-1,-1
177,3,2801.0,575.0,23.0,52.0,0.260433167219162,-1,-1,-1
177,4,3609.0,798.0,37.0,103.0,0.7254133224487305,-1,-1,-1
177,21,3882.0,519.0,21.0,33.0,0.3577045500278473,-1,-1,-1
177,23,3119.0,518.0,16.0,31.0,0.28228408098220825,-1,-1,-1
177,24,3208.0,522.0,17.0,29.0,1.0,-1,-1,-1
177,26,3041.0,548.0,22.0,47.0,0.523154616355896,-1,-1,-1
178,1,3349.0,594.0,19.0,43.0,1.0,-1,-1,-1
178,3,2801.0,575.0,24.0,52.0,0.2595771849155426,-1,-1,-1
178,4,3610.0,798.0,36.0,101.0,0.7317878007888794,-1,-1,-1
178,21,3882.0,519.0,21.0,33.0,0.35108715295791626,-1,-1,-1
178,23,3119.0,518.0,16.0,31.0,0.2877635061740875,-1,-1,-1
178,24,3209.0,522.0,17.0,29.0,1.0,-1,-1,-1
178,26,3041.0,546.0,22.0,47.0,0.47340768575668335,-1,-1,-1
179,1,3351.0,593.0,19.0,42.0,1.0,-1,-1,-1
179,3,2805.0,575.0,24.0,51.0,0.2738158106803894,-1,-1,-1
179,4,3611.0,798.0,36.0,101.0,0.7451156973838806,-1,-1,-1
179,21,3882.0,518.0,21.0,34.0,0.3611023426055908,-1,-1,-1
179,23,3119.0,518.0,16.0,32.0,0.2948650121688843,-1,-1,-1
179,24,3210.0,522.0,17.0,28.0,1.0,-1,-1,-1
179,26,3042.0,547.0,22.0,48.0,0.4726381003856659,-1,-1,-1
179,27,2793.0,527.0,18.0,33.0,0.29023024439811707,-1,-1,-1
180,1,3353.0,593.0,19.0,42.0,1.0,-1,-1,-1
180,3,2807.0,574.0,24.0,51.0,1.0,-1,-1,-1
180,4,3614.0,799.0,36.0,100.0,0.7117181420326233,-1,-1,-1
180,21,3882.0,518.0,21.0,34.0,0.33905312418937683,-1,-1,-1
180,23,3119.0,518.0,16.0,32.0,1.0,-1,-1,-1
180,24,3211.0,522.0,17.0,28.0,1.0,-1,-1,-1
180,26,3045.0,549.0,20.0,45.0,0.423462450504303,-1,-1,-1
180,27,2793.0,526.0,18.0,34.0,1.0,-1,-1,-1
181,1,3355.0,593.0,19.0,41.0,1.0,-1,-1,-1
181,3,2809.0,574.0,24.0,51.0,1.0,-1,-1,-1
181,4,3616.0,799.0,35.0,98.0,0.7135775685310364,-1,-1,-1
181,21,3882.0,517.0,20.0,34.0,0.3383753299713135,-1,-1,-1
181,23,3120.0,518.0,16.0,32.0,0.2523423135280609,-1,-1,-1
181,24,3212.0,522.0,16.0,28.0,1.0,-1,-1,-1
181,26,3047.0,550.0,20.0,45.0,0.4989575445652008,-1,-1,-1
181,27,2793.0,526.0,19.0,35.0,1.0,-1,-1,-1
182,1,3357.0,593.0,18.0,40.0,1.0,-1,-1,-1
182,3,2811.0,579.0,22.0,45.0,0.29396727681159973,-1,-1,-1
182,4,3618.0,799.0,35.0,98.0,0.7260274291038513,-1,-1,-1
182,21,3882.0,517.0,20.0,34.0,0.3464467227458954,-1,-1,-1
182,23,3121.0,516.0,16.0,33.0,0.2750779092311859,-1,-1,-1
182,24,3208.0,511.0,21.0,37.0,0.2502861022949219,-1,-1,-1
182,26,3049.0,549.0,20.0,45.0,0.47321122884750366,-1,-1,-1
182,27,2793.0,525.0,19.0,35.0,1.0,-1,-1,-1
183,1,3359.0,593.0,18.0,40.0,1.0,-1,-1,-1
183,3,2811.0,577.0,23.0,47.0,0.25933560729026794,-1,-1,-1
183,4,3619.0,799.0,35.0,98.0,0.743208110332489,-1,-1,-1
183,21,3882.0,517.0,20.0,34.0,0.34612837433815,-1,-1,-1
183,23,3121.0,518.0,16.0,31.0,0.2557496130466461,-1,-1,-1
183,24,3209.0,510.0,21.0,38.0,1.0,-1,-1,-1
183,26,3050.0,548.0,19.0,44.0,0.4071759581565857,-1,-1,-1
183,27,2796.0,529.0,18.0,33.0,0.25376951694488525,-1,-1,-1
184,1,3361.0,592.0,18.0,39.0,1.0,-1,-1,-1
184,3,2813.0,577.0,23.0,47.0,1.0,-1,-1,-1
184,4,3620.0,799.0,35.0,98.0,0.7448640465736389,-1,-1,-1
184,21,3882.0,518.0,19.0,33.0,0.3236920237541199,-1,-1,-1
184,23,3122.0,518.0,16.0,31.0,1.0,-1,-1,-1
184,24,3209.0,509.0,21.0,38.0,1.0,-1,-1,-1
184,26,3052.0,547.0,19.0,43.0,0.32534050941467285,-1,-1,-1
184,27,2797.0,529.0,18.0,33.0,1.0,-1,-1,-1
185,1,3363.0,592.0,18.0,39.0,1.0,-1,-1,-1
185,3,2815.0,577.0,23.0,47.0,1.0,-1,-1,-1
185,4,3621.0,799.0,35.0,100.0,0.7340887188911438,-1,-1,-1
185,21,3882.0,518.0,19.0,33.0,0.34635183215141296,-1,-1,-1
185,23,3122.0,518.0,15.0,31.0,1.0,-1,-1,-1
185,24,3210.0,508.0,21.0,39.0,1.0,-1,-1,-1
185,26,3053.0,547.0,19.0,43.0,0.3610897958278656,-1,-1,-1
185,27,2798.0,530.0,18.0,33.0,1.0,-1,-1,-1
186,1,3365.0,592.0,17.0,38.0,1.0,-1,-1,-1
186,3,2817.0,575.0,23.0,49.0,0.3168112337589264,-1,-1,-1
186,4,3622.0,799.0,35.0,100.0,0.7679221034049988,-1,-1,-1
186,21,3883.0,517.0,19.0,34.0,0.35040608048439026,-1,-1,-1
186,23,3122.0,518.0,15.0,31.0,1.0,-1,-1,-1
186,24,3210.0,508.0,22.0,39.0,1.0,-1,-1,-1
186,26,3055.0,546.0,18.0,41.0,0.35991355776786804,-1,-1,-1
186,27,2798.0,530.0,18.0,33.0,1.0,-1,-1,-1
187,1,3368.0,592.0,17.0,38.0,1.0,-1,-1,-1
187,3,2819.0,575.0,23.0,49.0,0.28936687111854553,-1,-1,-1
187,4,3622.0,799.0,36.0,102.0,0.776957631111145,-1,-1,-1
187,21,3883.0,517.0,19.0,34.0,0.37910133600234985,-1,-1,-1
187,23,3123.0,518.0,15.0,31.0,1.0,-1,-1,-1
187,24,3211.0,507.0,22.0,40.0,1.0,-1,-1,-1
187,26,3057.0,546.0,18.0,39.0,0.4452797770500183,-1,-1,-1
187,27,2798.0,529.0,18.0,34.0,0.26977673172950745,-1,-1,-1
188,1,3370.0,592.0,17.0,37.0,1.0,-1,-1,-1
188,3,2821.0,575.0,23.0,49.0,1.0,-1,-1,-1
188,4,3623.0,798.0,36.0,104.0,0.7502158880233765,-1,-1,-1
188,21,3883.0,517.0,19.0,34.0,0.42044705152511597,-1,-1,-1
188,23,3123.0,518.0,15.0,30.0,1.0,-1,-1,-1
188,24,3212.0,506.0,22.0,40.0,1.0,-1,-1,-1
188,26,3058.0,545.0,18.0,41.0,0.4786359369754791,-1,-1,-1
188,27,2799.0,529.0,18.0,34.0,0.3086760938167572,-1,-1,-1
189,1,3372.0,592.0,17.0,37.0,1.0,-1,-1,-1
189,3,2823.0,575.0,23.0,49.0,1.0,-1,-1,-1
189,4,3625.0,798.0,36.0,102.0,0.7497206330299377,-1,-1,-1
189,21,3883.0,516.0,19.0,35.0,0.4153496026992798,-1,-1,-1
189,23,3123.0,518.0,15.0,30.0,1.0,-1,-1,-1
189,24,3212.0,506.0,22.0,40.0,1.0,-1,-1,-1
189,26,3059.0,545.0,19.0,42.0,0.48138657212257385,-1,-1,-1
189,27,2800.0,529.0,18.0,33.0,0.2809550166130066,-1,-1,-1
190,1,3374.0,591.0,16.0,36.0,1.0,-1,-1,-1
190,3,2825.0,575.0,23.0,49.0,1.0,-1,-1,-1
190,4,3627.0,798.0,36.0,101.0,0.7601792812347412,-1,-1,-1
190,21,3883.0,517.0,19.0,34.0,0.38532596826553345,-1,-1,-1
190,23,3124.0,518.0,15.0,30.0,1.0,-1,-1,-1
190,24,3213.0,505.0,22.0,41.0,1.0,-1,-1,-1
190,26,3060.0,544.0,18.0,42.0,0.5223870873451233,-1,-1,-1
190,27,2800.0,530.0,17.0,33.0,0.2568449079990387,-1,-1,-1
191,1,3376.0,591.0,16.0,35.0,1.0,-1,-1,-1
191,3,2827.0,575.0,23.0,49.0,1.0,-1,-1,-1
191,4,3628.0,798.0,36.0,101.0,0.7686953544616699,-1,-1,-1
191,21,3883.0,517.0,19.0,34.0,0.39956802129745483,-1,-1,-1
191,23,3124.0,518.0,15.0,30.0,1.0,-1,-1,-1
191,24,3213.0,504.0,23.0,41.0,1.0,-1,-1,-1
191,26,3061.0,544.0,19.0,43.0,0.5512259006500244,-1,-1,-1
191,27,2801.0,529.0,18.0,33.0,0.27840858697891235,-1,-1,-1
192,1,3380.0,585.0,22.0,48.0,0.2521130442619324,-1,-1,-1
192,3,2829.0,574.0,23.0,49.0,1.0,-1,-1,-1
192,4,3628.0,798.0,36.0,101.0,0.6968971490859985,-1,-1,-1
192,21,3884.0,518.0,18.0,33.0,0.3140641748905182,-1,-1,-1
192,23,3124.0,518.0,15.0,30.0,1.0,-1,-1,-1
192,24,3214.0,503.0,23.0,42.0,1.0,-1,-1,-1
192,26,3063.0,543.0,19.0,43.0,0.4986330270767212,-1,-1,-1
192,27,2801.0,529.0,18.0,33.0,0.2629300653934479,-1,-1,-1
193,1,3382.0,584.0,22.0,49.0,1.0,-1,-1,-1
193,3,2831.0,574.0,23.0,49.0,1.0,-1,-1,-1
193,4,3628.0,799.0,36.0,102.0,0.7016619443893433,-1,-1,-1
193,21,3884.0,518.0,18.0,32.0,0.2804807424545288,-1,-1,-1
193,23,3125.0,518.0,15.0,30.0,1.0,-1,-1,-1
193,24,3215.0,503.0,23.0,42.0,1.0,-1,-1,-1
193,26,3064.0,544.0,18.0,41.0,0.49442875385284424,-1,-1,-1
193,27,2802.0,529.0,18.0,34.0,1.0,-1,-1,-1
194,1,3385.0,585.0,21.0,45.0,0.38891807198524475,-1,-1,-1
194,3,2832.0,574.0,23.0,49.0,1.0,-1,-1,-1
194,4,3629.0,798.0,37.0,104.0,0.7072239518165588,-1,-1,-1
194,21,3884.0,518.0,18.0,32.0,1.0,-1,-1,-1
194,23,3125.0,518.0,15.0,29.0,1.0,-1,-1,-1
194,24,3215.0,502.0,23.0,43.0,1.0,-1,-1,-1
194,26,3065.0,544.0,18.0,41.0,0.4660668671131134,-1,-1,-1
194,27,2803.0,529.0,18.0,34.0,1.0,-1,-1,-1
195,1,3387.0,586.0,20.0,43.0,0.3967319428920746,-1,-1,-1
195,3,2835.0,574.0,21.0,43.0,0.2523582875728607,-1,-1,-1
195,4,3629.0,798.0,37.0,104.0,0.7063900828361511,-1,-1,-1
195,21,3884.0,518.0,18.0,32.0,1.0,-1,-1,-1
195,23,3125.0,518.0,15.0,29.0,1.0,-1,-1,-1
195,24,3216.0,501.0,24.0,43.0,1.0,-1,-1,-1
195,26,3066.0,544.0,17.0,40.0,0.41378432512283325,-1,-1,-1
195,27,2803.0,530.0,18.0,34.0,1.0,-1,-1,-1
196,1,3389.0,586.0,20.0,43.0,0.4503061771392822,-1,-1,-1
196,3,2836.0,573.0,22.0,44.0,0.30863019824028015,-1,-1,-1
196,4,3629.0,797.0,37.0,104.0,0.6808622479438782,-1,-1,-1
196,21,3885.0,519.0,17.0,31.0,0.25196734070777893,-1,-1,-1
196,23,3126.0,518.0,15.0,29.0,1.0,-1,-1,-1
196,24,3216.0,501.0,24.0,43.0,1.0,-1,-1,-1
196,26,3069.0,545.0,16.0,38.0,0.4200030267238617,-1,-1,-1
196,27,2804.0,530.0,18.0,34.0,1.0,-1,-1,-1
197,1,3391.0,584.0,20.0,42.0,0.42196428775787354,-1,-1,-1
197,3,2837.0,572.0,23.0,44.0,0.4118220806121826,-1,-1,-1
197,4,3630.0,796.0,37.0,105.0,0.6710740923881531,-1,-1,-1
197,21,3885.0,519.0,17.0,30.0,0.26125791668891907,-1,-1,-1
197,23,3117.0,494.0,25.0,51.0,0.25389179587364197,-1,-1,-1
197,24,3217.0,500.0,24.0,44.0,1.0,-1,-1,-1
197,26,3070.0,543.0,18.0,42.0,0.43668490648269653,-1,-1,-1
197,27,2804.0,530.0,18.0,34.0,1.0,-1,-1,-1
198,1,3393.0,584.0,20.0,43.0,0.36970844864845276,-1,-1,-1
198,3,2839.0,571.0,23.0,45.0,0.45789283514022827,-1,-1,-1
198,4,3631.0,796.0,38.0,105.0,0.6734803915023804,-1,-1,-1
198,21,3886.0,520.0,17.0,30.0,0.2610282003879547,-1,-1,-1
198,23,3117.0,492.0,25.0,52.0,1.0,-1,-1,-1
198,24,3218.0,499.0,24.0,44.0,1.0,-1,-1,-1
198,26,3071.0,542.0,18.0,43.0,0.3790401816368103,-1,-1,-1
198,27,2805.0,530.0,18.0,34.0,1.0,-1,-1,-1
198,30,3469.0,520.0,15.0,29.0,0.2996228337287903,-1,-1,-1
199,1,3396.0,584.0,21.0,44.0,0.30742043256759644,-1,-1,-1
199,3,2841.0,571.0,23.0,47.0,0.4467897117137909,-1,-1,-1
199,4,3631.0,795.0,38.0,106.0,0.6789071559906006,-1,-1,-1
199,21,3886.0,520.0,17.0,29.0,1.0,-1,-1,-1
199,23,3116.0,491.0,26.0,54.0,1.0,-1,-1,-1
199,24,3218.0,498.0,25.0,45.0,1.0,-1,-1,-1
199,26,3072.0,540.0,19.0,45.0,0.2547966539859772,-1,-1,-1
199,27,2806.0,530.0,18.0,34.0,1.0,-1,-1,-1
199,30,3470.0,521.0,15.0,28.0,0.2778112292289734,-1,-1,-1
200,1,3398.0,584.0,21.0,44.0,1.0,-1,-1,-1
200,3,2843.0,570.0,23.0,47.0,0.36305513978004456,-1,-1,-1
200,4,3631.0,795.0,38.0,105.0,0.6635814905166626,-1,-1,-1
200,21,3886.0,520.0,17.0,29.0,1.0,-1,-1,-1
200,23,3116.0,489.0,27.0,55.0,1.0,-1,-1,-1
200,24,3219.0,498.0,25.0,45.0,1.0,-1,-1,-1
200,26,3073.0,540.0,19.0,45.0,1.0,-1,-1,-1
200,27,2806.0,530.0,18.0,34.0,1.0,-1,-1,-1
200,30,3471.0,521.0,13.0,25.0,0.27410128712654114,-1,-1,-1
201,1,3400.0,583.0,21.0,44.0,1.0,-1,-1,-1
201,3,2845.0,570.0,23.0,47.0,0.40089067816734314,-1,-1,-1
201,4,3632.0,795.0,38.0,105.0,0.6661333441734314,-1,-1,-1
201,21,3886.0,520.0,17.0,29.0,1.0,-1,-1,-1
201,23,3116.0,488.0,27.0,56.0,1.0,-1,-1,-1
201,24,3219.0,497.0,25.0,45.0,1.0,-1,-1,-1
201,26,3074.0,539.0,19.0,45.0,1.0,-1,-1,-1
201,27,2807.0,530.0,19.0,34.0,1.0,-1,-1,-1
201,30,3472.0,521.0,13.0,24.0,1.0,-1,-1,-1
202,1,3402.0,583.0,21.0,44.0,1.0,-1,-1,-1
202,3,2846.0,570.0,21.0,45.0,0.43918728828430176,-1,-1,-1
202,4,3632.0,795.0,39.0,105.0,0.6551947593688965,-1,-1,-1
202,21,3887.0,520.0,17.0,29.0,1.0,-1,-1,-1
202,23,3116.0,487.0,28.0,57.0,1.0,-1,-1,-1
202,24,3220.0,496.0,25.0,46.0,1.0,-1,-1,-1
202,26,3075.0,539.0,19.0,46.0,1.0,-1,-1,-1
202,27,2807.0,530.0,19.0,35.0,1.0,-1,-1,-1
202,30,3472.0,520.0,15.0,28.0,0.2502329647541046,-1,-1,-1
203,1,3405.0,583.0,21.0,43.0,1.0,-1,-1,-1
203,3,2848.0,569.0,21.0,44.0,0.3925275206565857,-1,-1,-1
203,4,3632.0,794.0,40.0,106.0,0.641311764717102,-1,-1,-1
203,21,3887.0,520.0,16.0,28.0,1.0,-1,-1,-1
203,23,3115.0,485.0,28.0,58.0,1.0,-1,-1,-1
203,24,3220.0,496.0,26.0,46.0,1.0,-1,-1,-1
203,26,3076.0,538.0,19.0,46.0,1.0,-1,-1,-1
203,27,2808.0,530.0,19.0,35.0,1.0,-1,-1,-1
203,30,3473.0,520.0,15.0,28.0,1.0,-1,-1,-1
204,1,3407.0,582.0,20.0,43.0,1.0,-1,-1,-1
204,3,2849.0,569.0,21.0,44.0,0.34585413336753845,-1,-1,-1
204,4,3632.0,794.0,40.0,106.0,0.6925499439239502,-1,-1,-1
204,21,3887.0,520.0,16.0,28.0,1.0,-1,-1,-1
204,23,3115.0,484.0,29.0,60.0,1.0,-1,-1,-1
204,24,3221.0,495.0,26.0,47.0,1.0,-1,-1,-1
204,26,3078.0,537.0,19.0,46.0,1.0,-1,-1,-1
204,27,2809.0,530.0,19.0,35.0,1.0,-1,-1,-1
204,30,3474.0,520.0,15.0,27.0,1.0,-1,-1,-1
205,1,3409.0,582.0,20.0,43.0,1.0,-1,-1,-1
205,3,2851.0,570.0,21.0,44.0,0.3741779327392578,-1,-1,-1
205,4,3633.0,794.0,40.0,106.0,0.7265298366546631,-1,-1,-1
205,21,3887.0,520.0,16.0,28.0,1.0,-1,-1,-1
205,23,3115.0,482.0,30.0,61.0,1.0,-1,-1,-1
205,24,3222.0,494.0,26.0,47.0,1.0,-1,-1,-1
205,26,3079.0,537.0,20.0,47.0,1.0,-1,-1,-1
205,27,2809.0,530.0,19.0,35.0,1.0,-1,-1,-1
205,30,3474.0,520.0,15.0,27.0,1.0,-1,-1,-1
206,1,3411.0,582.0,20.0,43.0,1.0,-1,-1,-1
206,3,2852.0,570.0,21.0,46.0,0.3660367727279663,-1,-1,-1
206,4,3633.0,794.0,41.0,106.0,0.7393051981925964,-1,-1,-1
206,21,3888.0,521.0,16.0,28.0,1.0,-1,-1,-1
206,23,3115.0,481.0,30.0,62.0,1.0,-1,-1,-1
206,24,3222.0,494.0,26.0,48.0,1.0,-1,-1,-1
206,26,3082.0,543.0,17.0,37.0,0.329282283782959,-1,-1,-1
206,27,2810.0,530.0,19.0,35.0,1.0,-1,-1,-1
206,30,3475.0,520.0,14.0,27.0,1.0,-1,-1,-1
207,1,3413.0,582.0,20.0,43.0,1.0,-1,-1,-1
207,3,2854.0,571.0,21.0,45.0,0.2532065808773041,-1,-1,-1
207,4,3633.0,794.0,41.0,106.0,0.7306395173072815,-1,-1,-1
207,21,3888.0,521.0,16.0,27.0,1.0,-1,-1,-1
207,23,3114.0,479.0,31.0,63.0,1.0,-1,-1,-1
207,24,3223.0,493.0,27.0,48.0,1.0,-1,-1,-1
207,26,3084.0,544.0,16.0,36.0,0.3193199336528778,-1,-1,-1
207,27,2810.0,531.0,19.0,35.0,1.0,-1,-1,-1
207,30,3476.0,520.0,14.0,27.0,1.0,-1,-1,-1
208,1,3416.0,581.0,20.0,43.0,1.0,-1,-1,-1
208,3,2856.0,571.0,21.0,45.0,1.0,-1,-1,-1
208,4,3634.0,794.0,41.0,107.0,0.7251680493354797,-1,-1,-1
208,21,3888.0,521.0,16.0,27.0,1.0,-1,-1,-1
208,23,3114.0,478.0,31.0,64.0,1.0,-1,-1,-1
208,26,3085.0,544.0,16.0,34.0,0.2595791220664978,-1,-1,-1
208,27,2811.0,531.0,19.0,35.0,1.0,-1,-1,-1
208,30,3476.0,520.0,14.0,27.0,1.0,-1,-1,-1
209,1,3409.0,580.0,21.0,45.0,0.2824520170688629,-1,-1,-1
209,3,2857.0,571.0,21.0,45.0,1.0,-1,-1,-1
209,4,3634.0,795.0,42.0,107.0,0.7351383566856384,-1,-1,-1
209,21,3888.0,521.0,16.0,27.0,1.0,-1,-1,-1
209,23,3114.0,476.0,32.0,66.0,1.0,-1,-1,-1
209,26,3085.0,545.0,16.0,34.0,0.304153174161911,-1,-1,-1
209,27,2811.0,530.0,18.0,33.0,0.2945473790168762,-1,-1,-1
209,30,3476.0,519.0,17.0,31.0,0.2607699930667877,-1,-1,-1
210,1,3410.0,579.0,21.0,47.0,0.3628908097743988,-1,-1,-1
210,3,2859.0,571.0,21.0,45.0,1.0,-1,-1,-1
210,4,3633.0,795.0,42.0,107.0,0.7273707389831543,-1,-1,-1
210,21,3888.0,521.0,15.0,27.0,1.0,-1,-1,-1
210,23,3114.0,475.0,33.0,67.0,1.0,-1,-1,-1
210,26,3085.0,544.0,17.0,36.0,0.3398149013519287,-1,-1,-1
210,27,2811.0,530.0,19.0,34.0,0.31318217515945435,-1,-1,-1
210,30,3477.0,519.0,16.0,31.0,0.2935214340686798,-1,-1,-1
211,1,3411.0,578.0,21.0,47.0,1.0,-1,-1,-1
211,3,2860.0,570.0,21.0,45.0,1.0,-1,-1,-1
211,4,3633.0,795.0,42.0,107.0,0.7243852019309998,-1,-1,-1
211,21,3889.0,521.0,15.0,26.0,1.0,-1,-1,-1
211,23,3113.0,473.0,33.0,68.0,1.0,-1,-1,-1
211,26,3085.0,543.0,17.0,37.0,0.30573660135269165,-1,-1,-1
211,27,2812.0,530.0,19.0,34.0,0.32857832312583923,-1,-1,-1
211,30,3477.0,519.0,16.0,31.0,1.0,-1,-1,-1
212,1,3413.0,578.0,22.0,47.0,1.0,-1,-1,-1
212,3,2862.0,570.0,21.0,45.0,1.0,-1,-1,-1
212,4,3633.0,794.0,43.0,108.0,0.7204851508140564,-1,-1,-1
212,21,3889.0,521.0,15.0,26.0,1.0,-1,-1,-1
212,23,3113.0,472.0,34.0,69.0,1.0,-1,-1,-1
212,26,3087.0,541.0,18.0,39.0,0.3428782820701599,-1,-1,-1
212,27,2812.0,530.0,19.0,34.0,0.36389321088790894,-1,-1,-1
212,30,3478.0,519.0,16.0,31.0,1.0,-1,-1,-1
213,1,3414.0,577.0,22.0,47.0,1.0,-1,-1,-1
213,3,2864.0,570.0,21.0,45.0,1.0,-1,-1,-1
213,4,3633.0,794.0,43.0,109.0,0.7373550534248352,-1,-1,-1
213,21,3889.0,521.0,15.0,26.0,1.0,-1,-1,-1
213,23,3113.0,471.0,34.0,70.0,1.0,-1,-1,-1
213,26,3087.0,541.0,18.0,39.0,0.37029263377189636,-1,-1,-1
213,27,2812.0,530.0,19.0,34.0,0.3670429587364197,-1,-1,-1
213,30,3478.0,519.0,17.0,31.0,1.0,-1,-1,-1
214,1,3416.0,577.0,22.0,48.0,1.0,-1,-1,-1
214,3,2865.0,570.0,21.0,45.0,1.0,-1,-1,-1
214,4,3632.0,794.0,43.0,110.0,0.7524152398109436,-1,-1,-1
214,21,3889.0,522.0,15.0,26.0,1.0,-1,-1,-1
214,23,3113.0,469.0,35.0,71.0,1.0,-1,-1,-1
214,26,3089.0,542.0,18.0,39.0,0.44801270961761475,-1,-1,-1
214,27,2811.0,530.0,19.0,35.0,0.3862176835536957,-1,-1,-1
214,30,3479.0,519.0,17.0,32.0,1.0,-1,-1,-1
214,32,2922.0,504.0,18.0,29.0,0.2612464129924774,-1,-1,-1
215,1,3417.0,576.0,22.0,48.0,1.0,-1,-1,-1
215,3,2868.0,566.0,21.0,45.0,0.2866608202457428,-1,-1,-1
215,4,3632.0,794.0,43.0,110.0,0.7564247250556946,-1,-1,-1
215,21,3890.0,522.0,15.0,25.0,1.0,-1,-1,-1
215,23,3112.0,468.0,35.0,73.0,1.0,-1,-1,-1
215,26,3090.0,542.0,18.0,39.0,0.4499320089817047,-1,-1,-1
215,27,2812.0,530.0,19.0,35.0,0.3968280255794525,-1,-1,-1
215,30,3479.0,519.0,17.0,32.0,1.0,-1,-1,-1
215,32,2921.0,503.0,19.0,29.0,0.27678942680358887,-1,-1,-1
216,1,3419.0,576.0,22.0,48.0,1.0,-1,-1,-1
216,3,2869.0,565.0,21.0,45.0,1.0,-1,-1,-1
216,4,3632.0,794.0,44.0,112.0,0.7427752017974854,-1,-1,-1
216,21,3890.0,522.0,14.0,25.0,1.0,-1,-1,-1
216,23,3112.0,466.0,36.0,74.0,1.0,-1,-1,-1
216,26,3091.0,543.0,19.0,39.0,0.4190342426300049,-1,-1,-1
216,27,2812.0,530.0,19.0,36.0,0.3834206759929657,-1,-1,-1
216,30,3480.0,519.0,17.0,32.0,1.0,-1,-1,-1
216,32,2921.0,503.0,19.0,30.0,0.2630164921283722,-1,-1,-1
217,1,3420.0,576.0,22.0,48.0,1.0,-1,-1,-1
217,3,2872.0,566.0,20.0,45.0,0.2875811755657196,-1,-1,-1
217,4,3631.0,794.0,44.0,112.0,0.7562763094902039,-1,-1,-1
217,21,3890.0,522.0,14.0,25.0,1.0,-1,-1,-1
217,23,3112.0,465.0,37.0,75.0,1.0,-1,-1,-1
217,26,3092.0,543.0,19.0,39.0,0.42426544427871704,-1,-1,-1
217,27,2813.0,530.0,19.0,36.0,0.3772422969341278,-1,-1,-1
217,30,3480.0,519.0,17.0,32.0,1.0,-1,-1,-1
217,32,2922.0,503.0,20.0,30.0,0.2746966481208801,-1,-1,-1
218,1,3422.0,575.0,22.0,48.0,1.0,-1,-1,-1
218,3,2874.0,567.0,20.0,45.0,0.43502432107925415,-1,-1,-1
218,4,3631.0,795.0,43.0,113.0,0.7599944472312927,-1,-1,-1
218,21,3890.0,522.0,14.0,24.0,1.0,-1,-1,-1
218,23,3112.0,463.0,37.0,76.0,1.0,-1,-1,-1
218,26,3093.0,543.0,18.0,38.0,0.3857325315475464,-1,-1,-1
218,27,2814.0,530.0,20.0,37.0,0.3970857858657837,-1,-1,-1
218,30,3481.0,519.0,17.0,33.0,1.0,-1,-1,-1
218,32,2922.0,502.0,20.0,31.0,0.28247445821762085,-1,-1,-1
219,1,3423.0,577.0,19.0,40.0,0.258279025554657,-1,-1,-1
219,3,2875.0,567.0,20.0,44.0,0.4942239820957184,-1,-1,-1
219,4,3631.0,795.0,43.0,113.0,0.7489849925041199,-1,-1,-1
219,21,3891.0,522.0,14.0,24.0,1.0,-1,-1,-1
219,23,3111.0,462.0,38.0,77.0,1.0,-1,-1,-1
219,26,3093.0,542.0,19.0,39.0,0.3868574798107147,-1,-1,-1
219,27,2814.0,529.0,20.0,38.0,0.4191431999206543,-1,-1,-1
219,30,3481.0,511.0,19.0,37.0,0.25940921902656555,-1,-1,-1
219,32,2922.0,502.0,20.0,31.0,0.31465721130371094,-1,-1,-1
220,1,3423.0,577.0,21.0,42.0,0.25538191199302673,-1,-1,-1
220,3,2877.0,567.0,19.0,43.0,0.5116180777549744,-1,-1,-1
220,4,3630.0,796.0,43.0,113.0,0.7281462550163269,-1,-1,-1
220,21,3891.0,522.0,14.0,24.0,1.0,-1,-1,-1
220,23,3111.0,460.0,38.0,79.0,1.0,-1,-1,-1
220,26,3094.0,541.0,19.0,39.0,0.4389193058013916,-1,-1,-1
220,27,2814.0,529.0,20.0,39.0,0.4117099344730377,-1,-1,-1
220,30,3482.0,510.0,19.0,38.0,1.0,-1,-1,-1
220,32,2921.0,502.0,20.0,32.0,0.3190712332725525,-1,-1,-1
221,1,3425.0,577.0,20.0,41.0,0.27345746755599976,-1,-1,-1
221,3,2878.0,567.0,20.0,44.0,0.4863387942314148,-1,-1,-1
221,4,3629.0,796.0,41.0,111.0,0.7233848571777344,-1,-1,-1
221,21,3891.0,522.0,14.0,24.0,1.0,-1,-1,-1
221,23,3111.0,459.0,39.0,80.0,1.0,-1,-1,-1
221,26,3095.0,541.0,19.0,39.0,0.4304657280445099,-1,-1,-1
221,27,2814.0,529.0,20.0,39.0,0.3844705820083618,-1,-1,-1
221,30,3482.0,510.0,19.0,38.0,1.0,-1,-1,-1
221,32,2921.0,503.0,20.0,32.0,0.31801876425743103,-1,-1,-1
222,1,3427.0,577.0,19.0,38.0,0.26074832677841187,-1,-1,-1
222,3,2879.0,567.0,20.0,44.0,0.44942328333854675,-1,-1,-1
222,4,3629.0,797.0,41.0,111.0,0.7381740212440491,-1,-1,-1
222,21,3891.0,523.0,14.0,23.0,1.0,-1,-1,-1
222,23,3111.0,457.0,40.0,81.0,1.0,-1,-1,-1
222,26,3096.0,540.0,18.0,39.0,0.38264960050582886,-1,-1,-1
222,27,2814.0,529.0,19.0,38.0,0.3546783924102783,-1,-1,-1
222,30,3483.0,509.0,20.0,39.0,1.0,-1,-1,-1
222,32,2920.0,503.0,20.0,32.0,0.29116976261138916,-1,-1,-1
223,1,3428.0,576.0,19.0,38.0,1.0,-1,-1,-1
223,3,2880.0,566.0,21.0,46.0,0.3878929913043976,-1,-1,-1
223,4,3629.0,798.0,40.0,111.0,0.7587699294090271,-1,-1,-1
223,21,3892.0,523.0,13.0,23.0,1.0,-1,-1,-1
223,26,3097.0,538.0,19.0,41.0,0.3301694989204407,-1,-1,-1
223,27,2815.0,530.0,18.0,37.0,0.3535912334918976,-1,-1,-1
223,30,3483.0,508.0,20.0,39.0,1.0,-1,-1,-1
223,32,2920.0,503.0,20.0,32.0,0.2668715715408325,-1,-1,-1
224,1,3430.0,576.0,19.0,37.0,1.0,-1,-1,-1
224,3,2882.0,566.0,21.0,46.0,0.32007959485054016,-1,-1,-1
224,4,3627.0,798.0,40.0,111.0,0.7771981358528137,-1,-1,-1
224,26,3098.0,538.0,19.0,42.0,0.28550323843955994,-1,-1,-1
224,27,2815.0,530.0,18.0,37.0,0.37355417013168335,-1,-1,-1
224,30,3484.0,508.0,20.0,40.0,1.0,-1,-1,-1
224,32,2920.0,503.0,20.0,32.0,1.0,-1,-1,-1
225,1,3431.0,576.0,19.0,37.0,1.0,-1,-1,-1
225,3,2885.0,568.0,20.0,42.0,0.25920894742012024,-1,-1,-1
225,4,3627.0,799.0,39.0,111.0,0.8003270030021667,-1,-1,-1
225,26,3099.0,537.0,19.0,42.0,1.0,-1,-1,-1
225,27,2815.0,530.0,18.0,36.0,0.3547409176826477,-1,-1,-1
225,30,3484.0,507.0,20.0,40.0,1.0,-1,-1,-1
225,32,2920.0,503.0,20.0,32.0,1.0,-1,-1,-1
226,1,3433.0,576.0,18.0,36.0,1.0,-1,-1,-1
226,3,2886.0,568.0,19.0,42.0,0.2791394293308258,-1,-1,-1
226,4,3627.0,799.0,39.0,111.0,0.8090359568595886,-1,-1,-1
226,26,3100.0,537.0,20.0,42.0,1.0,-1,-1,-1
226,27,2816.0,530.0,18.0,36.0,0.3741927742958069,-1,-1,-1
226,30,3485.0,507.0,21.0,41.0,1.0,-1,-1,-1
226,32,2920.0,503.0,20.0,32.0,1.0,-1,-1,-1
227,1,3434.0,574.0,20.0,41.0,0.27016258239746094,-1,-1,-1
227,3,2890.0,567.0,19.0,42.0,0.32801830768585205,-1,-1,-1
227,4,3626.0,799.0,39.0,111.0,0.8262436985969543,-1,-1,-1
227,26,3101.0,536.0,20.0,42.0,1.0,-1,-1,-1
227,27,2816.0,531.0,18.0,36.0,0.3526422679424286,-1,-1,-1
227,30,3486.0,506.0,21.0,42.0,1.0,-1,-1,-1
227,32,2920.0,503.0,20.0,33.0,1.0,-1,-1,-1
228,1,3435.0,572.0,21.0,43.0,0.3874033987522125,-1,-1,-1
228,3,2892.0,567.0,19.0,42.0,1.0,-1,-1,-1
228,4,3626.0,801.0,38.0,109.0,0.8207249641418457,-1,-1,-1
228,26,3102.0,536.0,20.0,43.0,1.0,-1,-1,-1
228,27,2816.0,532.0,17.0,35.0,0.34201523661613464,-1,-1,-1
228,30,3486.0,505.0,21.0,42.0,1.0,-1,-1,-1
228,32,2919.0,503.0,20.0,33.0,1.0,-1,-1,-1
229,1,3436.0,572.0,21.0,45.0,0.42699313163757324,-1,-1,-1
229,3,2893.0,567.0,18.0,40.0,0.2582539916038513,-1,-1,-1
229,4,3626.0,802.0,37.0,107.0,0.8141952157020569,-1,-1,-1
229,26,3103.0,535.0,20.0,43.0,1.0,-1,-1,-1
229,27,2816.0,533.0,17.0,34.0,0.34238481521606445,-1,-1,-1
229,30,3487.0,505.0,21.0,43.0,1.0,-1,-1,-1
229,32,2919.0,503.0,21.0,33.0,1.0,-1,-1,-1
230,1,3436.0,569.0,22.0,47.0,0.43250226974487305,-1,-1,-1
230,3,2894.0,567.0,18.0,40.0,1.0,-1,-1,-1
230,4,3626.0,803.0,37.0,107.0,0.8190385699272156,-1,-1,-1
230,26,3104.0,535.0,20.0,43.0,1.0,-1,-1,-1
230,27,2817.0,534.0,16.0,33.0,0.33261537551879883,-1,-1,-1
230,30,3487.0,504.0,22.0,43.0,1.0,-1,-1,-1
230,32,2919.0,503.0,21.0,34.0,1.0,-1,-1,-1
231,1,3437.0,568.0,21.0,47.0,0.4437357485294342,-1,-1,-1
231,3,2896.0,567.0,18.0,39.0,1.0,-1,-1,-1
231,4,3626.0,803.0,37.0,106.0,0.8150439262390137,-1,-1,-1
231,26,3105.0,534.0,20.0,44.0,1.0,-1,-1,-1
231,27,2817.0,535.0,16.0,33.0,0.3241216242313385,-1,-1,-1
231,30,3488.0,504.0,22.0,44.0,1.0,-1,-1,-1
231,32,2919.0,503.0,21.0,34.0,1.0,-1,-1,-1
232,1,3438.0,568.0,21.0,47.0,0.4182455837726593,-1,-1,-1
232,3,2898.0,567.0,18.0,39.0,1.0,-1,-1,-1
232,4,3625.0,803.0,37.0,107.0,0.8217878937721252,-1,-1,-1
232,26,3106.0,534.0,20.0,44.0,1.0,-1,-1,-1
232,27,2817.0,535.0,16.0,33.0,0.3386969566345215,-1,-1,-1
232,30,3488.0,503.0,22.0,44.0,1.0,-1,-1,-1
232,32,2918.0,503.0,21.0,34.0,1.0,-1,-1,-1
233,1,3439.0,568.0,21.0,47.0,0.42411717772483826,-1,-1,-1
233,3,2897.0,564.0,20.0,44.0,0.35460329055786133,-1,-1,-1
233,4,3625.0,804.0,37.0,107.0,0.8299347758293152,-1,-1,-1
233,26,3107.0,533.0,21.0,44.0,1.0,-1,-1,-1
233,27,2817.0,535.0,17.0,34.0,0.3399760127067566,-1,-1,-1
233,30,3489.0,502.0,23.0,45.0,1.0,-1,-1,-1
233,32,2918.0,503.0,21.0,34.0,1.0,-1,-1,-1
234,1,3441.0,568.0,20.0,46.0,0.39249974489212036,-1,-1,-1
234,3,2899.0,564.0,20.0,44.0,0.3135245442390442,-1,-1,-1
234,4,3624.0,804.0,37.0,107.0,0.8372396230697632,-1,-1,-1
234,26,3108.0,533.0,21.0,45.0,1.0,-1,-1,-1
234,27,2816.0,535.0,17.0,34.0,0.3416413962841034,-1,-1,-1
234,30,3494.0,517.0,16.0,31.0,0.2539612650871277,-1,-1,-1
234,32,2918.0,503.0,21.0,35.0,1.0,-1,-1,-1
235,1,3443.0,569.0,20.0,45.0,0.3856971859931946,-1,-1,-1
235,3,2900.0,564.0,21.0,44.0,0.39890483021736145,-1,-1,-1
235,4,3623.0,803.0,37.0,107.0,0.8405232429504395,-1,-1,-1
235,26,3109.0,533.0,21.0,45.0,1.0,-1,-1,-1
235,27,2816.0,534.0,17.0,35.0,0.37034380435943604,-1,-1,-1
235,30,3495.0,517.0,15.0,31.0,1.0,-1,-1,-1
235,32,2918.0,503.0,22.0,35.0,1.0,-1,-1,-1
236,1,3444.0,570.0,19.0,43.0,0.2628497779369354,-1,-1,-1
236,3,2902.0,566.0,21.0,44.0,0.33293819427490234,-1,-1,-1
236,4,3623.0,803.0,37.0,107.0,0.8394948840141296,-1,-1,-1
236,26,3110.0,532.0,21.0,45.0,1.0,-1,-1,-1
236,27,2815.0,532.0,18.0,37.0,0.3623318374156952,-1,-1,-1
236,30,3496.0,518.0,15.0,30.0,1.0,-1,-1,-1
236,32,2918.0,503.0,22.0,35.0,1.0,-1,-1,-1
237,1,3445.0,570.0,19.0,43.0,0.38213300704956055,-1,-1,-1
237,3,2902.0,566.0,21.0,44.0,0.354858934879303,-1,-1,-1
237,4,3623.0,803.0,38.0,108.0,0.8451241254806519,-1,-1,-1
237,26,3111.0,532.0,21.0,46.0,1.0,-1,-1,-1
237,27,2815.0,531.0,18.0,38.0,0.3662061393260956,-1,-1,-1
237,30,3497.0,518.0,15.0,30.0,1.0,-1,-1,-1
237,32,2917.0,503.0,22.0,35.0,1.0,-1,-1,-1
238,1,3445.0,570.0,19.0,42.0,0.3363989591598511,-1,-1,-1
238,3,2904.0,565.0,21.0,43.0,0.3699325919151306,-1,-1,-1
238,4,3623.0,803.0,37.0,108.0,0.8387395143508911,-1,-1,-1
238,26,3115.0,537.0,17.0,37.0,0.2550600469112396,-1,-1,-1
238,27,2815.0,531.0,18.0,39.0,0.3760194778442383,-1,-1,-1
238,30,3498.0,518.0,15.0,30.0,1.0,-1,-1,-1
238,32,2917.0,503.0,22.0,36.0,1.0,-1,-1,-1
239,1,3446.0,569.0,19.0,42.0,0.3614925444126129,-1,-1,-1
239,3,2906.0,564.0,21.0,44.0,0.3717852234840393,-1,-1,-1
239,4,3623.0,803.0,38.0,108.0,0.8330167531967163,-1,-1,-1
239,26,3116.0,537.0,17.0,36.0,0.2582724392414093,-1,-1,-1
239,27,2816.0,532.0,18.0,37.0,0.3555777668952942,-1,-1,-1
239,30,3499.0,518.0,15.0,29.0,1.0,-1,-1,-1
239,32,2917.0,503.0,22.0,36.0,1.0,-1,-1,-1
240,1,3447.0,569.0,19.0,42.0,0.2786727845668793,-1,-1,-1
240,3,2907.0,564.0,21.0,44.0,1.0,-1,-1,-1
240,4,3623.0,803.0,37.0,108.0,0.8252007365226746,-1,-1,-1
240,26,3118.0,538.0,16.0,35.0,0.2729164659976959,-1,-1,-1
240,27,2816.0,532.0,17.0,37.0,0.3584139943122864,-1,-1,-1
240,30,3499.0,519.0,15.0,29.0,1.0,-1,-1,-1
240,32,2917.0,503.0,23.0,36.0,1.0,-1,-1,-1
241,1,3448.0,568.0,19.0,42.0,0.27195873856544495,-1,-1,-1
241,3,2909.0,563.0,21.0,44.0,1.0,-1,-1,-1
241,4,3623.0,803.0,37.0,108.0,0.8289607167243958,-1,-1,-1
241,26,3119.0,539.0,16.0,33.0,0.2727694511413574,-1,-1,-1
241,27,2816.0,532.0,17.0,36.0,0.3592514097690582,-1,-1,-1
241,30,3500.0,519.0,15.0,29.0,1.0,-1,-1,-1
241,32,2917.0,503.0,23.0,37.0,1.0,-1,-1,-1
242,1,3449.0,567.0,19.0,42.0,0.2827417552471161,-1,-1,-1
242,3,2911.0,563.0,21.0,44.0,1.0,-1,-1,-1
242,4,3623.0,802.0,37.0,107.0,0.8326166868209839,-1,-1,-1
242,26,3120.0,539.0,16.0,33.0,0.2678011357784271,-1,-1,-1
242,27,2817.0,533.0,17.0,35.0,0.3493603765964508,-1,-1,-1
242,30,3501.0,519.0,14.0,29.0,1.0,-1,-1,-1
242,32,2916.0,502.0,23.0,37.0,1.0,-1,-1,-1
243,1,3450.0,567.0,19.0,42.0,1.0,-1,-1,-1
243,3,2912.0,563.0,21.0,44.0,1.0,-1,-1,-1
243,4,3623.0,802.0,37.0,107.0,0.8291904330253601,-1,-1,-1
243,26,3122.0,540.0,16.0,32.0,0.29170799255371094,-1,-1,-1
243,27,2817.0,534.0,16.0,34.0,0.33694547414779663,-1,-1,-1
243,30,3502.0,519.0,14.0,28.0,1.0,-1,-1,-1
243,32,2916.0,502.0,23.0,37.0,1.0,-1,-1,-1
244,1,3451.0,567.0,19.0,42.0,1.0,-1,-1,-1
244,3,2914.0,563.0,21.0,44.0,1.0,-1,-1,-1
244,4,3623.0,802.0,37.0,107.0,0.8228359818458557,-1,-1,-1
244,26,3123.0,540.0,16.0,32.0,0.2963462173938751,-1,-1,-1
244,27,2817.0,534.0,16.0,34.0,0.3327746093273163,-1,-1,-1
244,30,3503.0,520.0,14.0,28.0,1.0,-1,-1,-1
244,32,2916.0,502.0,23.0,37.0,1.0,-1,-1,-1
245,1,3452.0,566.0,19.0,42.0,1.0,-1,-1,-1
245,3,2915.0,562.0,22.0,44.0,1.0,-1,-1,-1
245,4,3623.0,802.0,37.0,107.0,0.8221873044967651,-1,-1,-1
245,26,3124.0,541.0,16.0,31.0,0.25603950023651123,-1,-1,-1
245,27,2818.0,535.0,16.0,33.0,0.3157488703727722,-1,-1,-1
245,30,3503.0,520.0,14.0,28.0,1.0,-1,-1,-1
245,32,2916.0,502.0,23.0,38.0,1.0,-1,-1,-1
246,1,3453.0,566.0,19.0,42.0,1.0,-1,-1,-1
246,3,2917.0,562.0,22.0,44.0,1.0,-1,-1,-1
246,4,3623.0,802.0,37.0,107.0,0.8169399499893188,-1,-1,-1
246,26,3124.0,539.0,18.0,34.0,0.2567720115184784,-1,-1,-1
246,27,2818.0,535.0,16.0,33.0,0.33080974221229553,-1,-1,-1
246,30,3504.0,520.0,14.0,27.0,1.0,-1,-1,-1
246,32,2915.0,502.0,24.0,38.0,1.0,-1,-1,-1
247,1,3454.0,566.0,19.0,42.0,1.0,-1,-1,-1
247,3,2918.0,562.0,22.0,45.0,1.0,-1,-1,-1
247,4,3624.0,803.0,37.0,107.0,0.8156614303588867,-1,-1,-1
247,26,3125.0,539.0,18.0,34.0,1.0,-1,-1,-1
247,27,2818.0,535.0,16.0,33.0,0.33776625990867615,-1,-1,-1
247,30,3505.0,521.0,14.0,27.0,1.0,-1,-1,-1
247,32,2915.0,502.0,24.0,38.0,1.0,-1,-1,-1
248,1,3456.0,565.0,19.0,42.0,1.0,-1,-1,-1
248,3,2920.0,562.0,22.0,45.0,1.0,-1,-1,-1
248,4,3624.0,803.0,37.0,107.0,0.8123881816864014,-1,-1,-1
248,26,3126.0,539.0,18.0,34.0,1.0,-1,-1,-1
248,27,2818.0,534.0,16.0,34.0,0.33757972717285156,-1,-1,-1
248,30,3506.0,521.0,13.0,27.0,1.0,-1,-1,-1
248,32,2915.0,502.0,24.0,38.0,1.0,-1,-1,-1
249,1,3457.0,565.0,19.0,42.0,1.0,-1,-1,-1
249,3,2921.0,561.0,22.0,45.0,1.0,-1,-1,-1
249,4,3624.0,803.0,37.0,107.0,0.8124353885650635,-1,-1,-1
249,26,3127.0,539.0,18.0,34.0,1.0,-1,-1,-1
249,27,2818.0,534.0,17.0,35.0,0.3289063274860382,-1,-1,-1
249,30,3507.0,521.0,13.0,27.0,1.0,-1,-1,-1
250,1,3458.0,565.0,19.0,42.0,1.0,-1,-1,-1
250,3,2923.0,561.0,22.0,45.0,1.0,-1,-1,-1
250,4,3624.0,803.0,37.0,107.0,0.8085562586784363,-1,-1,-1
250,26,3128.0,539.0,18.0,34.0,1.0,-1,-1,-1
250,27,2818.0,534.0,17.0,35.0,0.31060636043548584,-1,-1,-1
250,30,3508.0,521.0,13.0,26.0,1.0,-1,-1,-1
251,1,3459.0,564.0,19.0,42.0,1.0,-1,-1,-1
251,3,2927.0,562.0,19.0,40.0,0.26806965470314026,-1,-1,-1
251,4,3624.0,803.0,37.0,107.0,0.8034149408340454,-1,-1,-1
251,26,3130.0,538.0,18.0,33.0,1.0,-1,-1,-1
251,27,2818.0,534.0,17.0,36.0,0.32121405005455017,-1,-1,-1
251,30,3508.0,522.0,13.0,26.0,1.0,-1,-1,-1
252,1,3460.0,564.0,19.0,42.0,1.0,-1,-1,-1
252,3,2928.0,562.0,20.0,40.0,0.2582297921180725,-1,-1,-1
252,4,3624.0,803.0,37.0,107.0,0.8058639764785767,-1,-1,-1
252,26,3131.0,538.0,18.0,33.0,1.0,-1,-1,-1
252,27,2818.0,534.0,18.0,36.0,0.29548344016075134,-1,-1,-1
252,30,3509.0,522.0,13.0,26.0,1.0,-1,-1,-1
253,1,3461.0,564.0,19.0,41.0,1.0,-1,-1,-1
253,3,2930.0,561.0,20.0,41.0,0.2602141797542572,-1,-1,-1
253,4,3624.0,803.0,37.0,107.0,0.8148580193519592,-1,-1,-1
253,26,3132.0,538.0,18.0,33.0,1.0,-1,-1,-1
253,27,2818.0,534.0,18.0,37.0,0.32776641845703125,-1,-1,-1
253,30,3510.0,522.0,13.0,25.0,1.0,-1,-1,-1
254,1,3462.0,563.0,19.0,41.0,1.0,-1,-1,-1
254,3,2931.0,560.0,20.0,43.0,0.3099428713321686,-1,-1,-1
254,4,3623.0,803.0,37.0,107.0,0.8190411329269409,-1,-1,-1
254,26,3133.0,538.0,18.0,33.0,1.0,-1,-1,-1
254,27,2818.0,533.0,18.0,37.0,0.34028175473213196,-1,-1,-1
254,30,3511.0,522.0,13.0,25.0,1.0,-1,-1,-1
255,1,3463.0,563.0,19.0,41.0,1.0,-1,-1,-1
255,3,2933.0,560.0,20.0,43.0,1.0,-1,-1,-1
255,4,3623.0,803.0,37.0,107.0,0.817814826965332,-1,-1,-1
255,26,3134.0,538.0,18.0,33.0,1.0,-1,-1,-1
255,27,2818.0,533.0,17.0,37.0,0.2985815405845642,-1,-1,-1
255,30,3512.0,523.0,12.0,25.0,1.0,-1,-1,-1
256,1,3464.0,563.0,19.0,41.0,1.0,-1,-1,-1
256,3,2934.0,559.0,20.0,43.0,1.0,-1,-1,-1
256,4,3623.0,804.0,37.0,107.0,0.8143871426582336,-1,-1,-1
256,26,3135.0,538.0,18.0,33.0,1.0,-1,-1,-1
256,27,2818.0,533.0,17.0,37.0,0.335612028837204,-1,-1,-1
256,30,3513.0,523.0,12.0,25.0,1.0,-1,-1,-1
257,1,3465.0,562.0,19.0,41.0,1.0,-1,-1,-1
257,3,2936.0,559.0,20.0,43.0,1.0,-1,-1,-1
257,4,3623.0,804.0,36.0,107.0,0.8156431317329407,-1,-1,-1
257,26,3132.0,516.0,28.0,56.0,0.27220162749290466,-1,-1,-1
257,27,2818.0,533.0,17.0,37.0,0.3235325515270233,-1,-1,-1
257,30,3513.0,523.0,12.0,24.0,1.0,-1,-1,-1
258,1,3466.0,562.0,19.0,41.0,1.0,-1,-1,-1
258,3,2937.0,558.0,20.0,43.0,1.0,-1,-1,-1
258,4,3623.0,804.0,36.0,107.0,0.8162409663200378,-1,-1,-1
258,26,3133.0,516.0,27.0,56.0,0.25979337096214294,-1,-1,-1
258,27,2818.0,533.0,17.0,37.0,0.30034270882606506,-1,-1,-1
258,30,3514.0,523.0,12.0,24.0,1.0,-1,-1,-1
259,1,3467.0,561.0,19.0,41.0,1.0,-1,-1,-1
259,3,2939.0,558.0,21.0,43.0,1.0,-1,-1,-1
259,4,3623.0,804.0,36.0,107.0,0.819893479347229,-1,-1,-1
259,26,3134.0,515.0,28.0,57.0,1.0,-1,-1,-1
259,27,2818.0,533.0,17.0,37.0,0.2989594638347626,-1,-1,-1
259,30,3515.0,524.0,12.0,24.0,1.0,-1,-1,-1
260,1,3469.0,561.0,19.0,41.0,1.0,-1,-1,-1
260,3,2940.0,558.0,21.0,44.0,1.0,-1,-1,-1
260,4,3623.0,804.0,36.0,107.0,0.8198767304420471,-1,-1,-1
260,26,3135.0,518.0,25.0,53.0,0.28107720613479614,-1,-1,-1
260,27,2818.0,533.0,17.0,38.0,0.2988916039466858,-1,-1,-1
261,1,3470.0,561.0,19.0,41.0,1.0,-1,-1,-1
261,3,2942.0,557.0,21.0,44.0,1.0,-1,-1,-1
261,4,3623.0,804.0,36.0,107.0,0.8227151036262512,-1,-1,-1
261,26,3136.0,521.0,24.0,50.0,0.26106929779052734,-1,-1,-1
261,27,2818.0,533.0,17.0,38.0,0.2915787696838379,-1,-1,-1
262,1,3471.0,560.0,19.0,41.0,1.0,-1,-1,-1
262,3,2944.0,557.0,21.0,44.0,1.0,-1,-1,-1
262,4,3623.0,804.0,36.0,107.0,0.826270341873169,-1,-1,-1
262,26,3138.0,520.0,23.0,51.0,0.35647454857826233,-1,-1,-1
262,27,2819.0,533.0,17.0,38.0,0.29859471321105957,-1,-1,-1
263,1,3472.0,560.0,19.0,41.0,1.0,-1,-1,-1
263,3,2945.0,556.0,21.0,44.0,1.0,-1,-1,-1
263,4,3624.0,804.0,36.0,107.0,0.8302016258239746,-1,-1,-1
263,26,3140.0,520.0,22.0,50.0,0.3193265497684479,-1,-1,-1
263,27,2819.0,534.0,17.0,36.0,0.30017921328544617,-1,-1,-1
264,1,3473.0,560.0,18.0,41.0,1.0,-1,-1,-1
264,3,2947.0,556.0,21.0,44.0,1.0,-1,-1,-1
264,4,3624.0,804.0,35.0,107.0,0.8358945250511169,-1,-1,-1
264,26,3142.0,520.0,21.0,51.0,0.34974706172943115,-1,-1,-1
264,27,2819.0,534.0,16.0,36.0,0.31452253460884094,-1,-1,-1
265,1,3474.0,559.0,18.0,41.0,1.0,-1,-1,-1
265,3,2948.0,556.0,21.0,44.0,1.0,-1,-1,-1
265,4,3624.0,803.0,35.0,107.0,0.8364442586898804,-1,-1,-1
265,26,3143.0,520.0,20.0,49.0,0.34022653102874756,-1,-1,-1
265,27,2819.0,535.0,16.0,36.0,0.31096434593200684,-1,-1,-1
266,1,3475.0,559.0,18.0,40.0,1.0,-1,-1,-1
266,3,2950.0,555.0,21.0,45.0,1.0,-1,-1,-1
266,4,3624.0,803.0,35.0,107.0,0.832471489906311,-1,-1,-1
266,26,3145.0,521.0,18.0,46.0,0.25773242115974426,-1,-1,-1
266,27,2819.0,534.0,17.0,37.0,0.2609374225139618,-1,-1,-1
267,1,3476.0,559.0,18.0,40.0,1.0,-1,-1,-1
267,3,2951.0,555.0,21.0,45.0,1.0,-1,-1,-1
267,4,3624.0,803.0,35.0,107.0,0.8334335088729858,-1,-1,-1
267,26,3147.0,518.0,20.0,49.0,0.32415902614593506,-1,-1,-1
267,27,2819.0,534.0,16.0,36.0,0.26156774163246155,-1,-1,-1
268,3,2951.0,557.0,19.0,42.0,0.2593689262866974,-1,-1,-1
268,4,3623.0,802.0,36.0,108.0,0.8385500311851501,-1,-1,-1
268,26,3147.0,518.0,20.0,51.0,0.41039523482322693,-1,-1,-1
268,27,2820.0,534.0,16.0,36.0,0.30040091276168823,-1,-1,-1
269,3,2953.0,557.0,18.0,41.0,0.27672630548477173,-1,-1,-1
269,4,3624.0,802.0,36.0,108.0,0.8360278606414795,-1,-1,-1
269,26,3148.0,517.0,20.0,52.0,0.3869078457355499,-1,-1,-1
269,27,2820.0,535.0,15.0,35.0,0.2924420237541199,-1,-1,-1
270,3,2955.0,557.0,17.0,41.0,0.26143336296081543,-1,-1,-1
270,4,3625.0,802.0,36.0,108.0,0.8299933075904846,-1,-1,-1
270,26,3150.0,518.0,20.0,51.0,0.3265755772590637,-1,-1,-1
270,27,2821.0,535.0,15.0,35.0,0.25515565276145935,-1,-1,-1
271,3,2957.0,557.0,17.0,40.0,0.32029569149017334,-1,-1,-1
271,4,3626.0,802.0,36.0,108.0,0.8182170987129211,-1,-1,-1
271,26,3151.0,517.0,20.0,51.0,0.33538123965263367,-1,-1,-1
271,27,2821.0,536.0,15.0,34.0,1.0,-1,-1,-1
272,3,2959.0,557.0,17.0,41.0,0.31047630310058594,-1,-1,-1
272,4,3626.0,802.0,36.0,108.0,0.8311552405357361,-1,-1,-1
272,26,3152.0,517.0,20.0,52.0,0.30479711294174194,-1,-1,-1
272,27,2822.0,538.0,15.0,33.0,0.26662227511405945,-1,-1,-1
273,3,2960.0,557.0,17.0,42.0,0.36317306756973267,-1,-1,-1
273,4,3627.0,802.0,36.0,108.0,0.8275006413459778,-1,-1,-1
273,26,3153.0,517.0,20.0,53.0,1.0,-1,-1,-1
273,27,2822.0,538.0,15.0,33.0,0.3135465085506439,-1,-1,-1
274,3,2962.0,557.0,18.0,42.0,0.35292473435401917,-1,-1,-1
274,4,3627.0,803.0,36.0,108.0,0.8070523142814636,-1,-1,-1
274,26,3154.0,516.0,21.0,53.0,1.0,-1,-1,-1
274,27,2823.0,538.0,16.0,34.0,0.3716730773448944,-1,-1,-1
275,3,2963.0,556.0,19.0,42.0,0.31583189964294434,-1,-1,-1
275,4,3628.0,804.0,36.0,108.0,0.8050949573516846,-1,-1,-1
275,26,3155.0,516.0,20.0,51.0,0.26115846633911133,-1,-1,-1
275,27,2822.0,537.0,16.0,35.0,0.423748642206192,-1,-1,-1
276,3,2964.0,556.0,19.0,43.0,1.0,-1,-1,-1
276,4,3628.0,804.0,36.0,107.0,0.8098759651184082,-1,-1,-1
276,26,3156.0,515.0,20.0,51.0,1.0,-1,-1,-1
276,27,2823.0,536.0,16.0,35.0,0.3466659188270569,-1,-1,-1
277,3,2966.0,556.0,19.0,43.0,1.0,-1,-1,-1
277,4,3629.0,805.0,36.0,107.0,0.7918451428413391,-1,-1,-1
277,26,3157.0,515.0,20.0,51.0,1.0,-1,-1,-1
277,27,2823.0,536.0,17.0,36.0,0.35761329531669617,-1,-1,-1
278,3,2967.0,556.0,19.0,43.0,1.0,-1,-1,-1
278,4,3630.0,803.0,37.0,109.0,0.7470225691795349,-1,-1,-1
278,26,3158.0,514.0,20.0,52.0,1.0,-1,-1,-1
278,27,2823.0,536.0,17.0,37.0,0.3643229305744171,-1,-1,-1
279,3,2969.0,556.0,19.0,43.0,1.0,-1,-1,-1
279,4,3631.0,803.0,37.0,109.0,0.7628549933433533,-1,-1,-1
279,26,3159.0,513.0,20.0,52.0,1.0,-1,-1,-1
279,27,2823.0,536.0,17.0,37.0,0.32470688223838806,-1,-1,-1
279,34,3471.0,554.0,17.0,44.0,0.36874350905418396,-1,-1,-1
280,3,2970.0,556.0,19.0,43.0,1.0,-1,-1,-1
280,4,3631.0,801.0,37.0,109.0,0.7030420303344727,-1,-1,-1
280,26,3160.0,513.0,20.0,52.0,1.0,-1,-1,-1
280,27,2824.0,536.0,17.0,37.0,0.3412981331348419,-1,-1,-1
280,34,3472.0,556.0,17.0,43.0,0.28760647773742676,-1,-1,-1
280,35,3525.0,511.0,28.0,34.0,0.2929264307022095,-1,-1,-1
281,3,2972.0,555.0,19.0,43.0,1.0,-1,-1,-1
281,4,3632.0,801.0,38.0,112.0,0.7033198475837708,-1,-1,-1
281,26,3161.0,512.0,21.0,52.0,1.0,-1,-1,-1
281,27,2824.0,535.0,17.0,38.0,0.3351999521255493,-1,-1,-1
281,34,3473.0,557.0,17.0,42.0,0.2588081955909729,-1,-1,-1
281,35,3527.0,511.0,27.0,34.0,0.2744494378566742,-1,-1,-1
282,3,2974.0,556.0,18.0,40.0,0.2522329092025757,-1,-1,-1
282,4,3634.0,801.0,39.0,112.0,0.7244024872779846,-1,-1,-1
282,26,3162.0,512.0,21.0,53.0,1.0,-1,-1,-1
282,27,2824.0,535.0,18.0,39.0,0.36138850450515747,-1,-1,-1
282,34,3473.0,555.0,17.0,43.0,0.2972560226917267,-1,-1,-1
282,35,3527.0,511.0,26.0,33.0,0.28707030415534973,-1,-1,-1
283,3,2976.0,556.0,18.0,41.0,0.29092469811439514,-1,-1,-1
283,4,3634.0,801.0,39.0,111.0,0.7545741200447083,-1,-1,-1
283,26,3163.0,511.0,21.0,53.0,1.0,-1,-1,-1
283,27,2824.0,535.0,18.0,40.0,0.3923386335372925,-1,-1,-1
283,34,3473.0,555.0,17.0,43.0,0.3207182288169861,-1,-1,-1
283,35,3528.0,511.0,26.0,33.0,1.0,-1,-1,-1
284,3,2977.0,556.0,18.0,41.0,1.0,-1,-1,-1
284,4,3635.0,801.0,39.0,111.0,0.7238665223121643,-1,-1,-1
284,26,3164.0,511.0,21.0,53.0,1.0,-1,-1,-1
284,27,2825.0,535.0,17.0,40.0,0.39101719856262207,-1,-1,-1
284,34,3473.0,555.0,17.0,41.0,0.2557196617126465,-1,-1,-1
284,35,3529.0,510.0,25.0,32.0,0.2839464545249939,-1,-1,-1
285,3,2979.0,555.0,18.0,41.0,1.0,-1,-1,-1
285,4,3636.0,801.0,39.0,110.0,0.7571460008621216,-1,-1,-1
285,26,3168.0,520.0,18.0,47.0,0.2851203382015228,-1,-1,-1
285,27,2825.0,536.0,17.0,39.0,0.3863008916378021,-1,-1,-1
285,34,3474.0,555.0,16.0,41.0,1.0,-1,-1,-1
285,35,3529.0,509.0,25.0,32.0,0.2797184884548187,-1,-1,-1
286,3,2981.0,555.0,18.0,41.0,1.0,-1,-1,-1
286,4,3637.0,801.0,39.0,109.0,0.7593027949333191,-1,-1,-1
286,26,3169.0,520.0,18.0,46.0,1.0,-1,-1,-1
286,27,2825.0,536.0,17.0,38.0,0.32407596707344055,-1,-1,-1
286,34,3474.0,555.0,16.0,41.0,1.0,-1,-1,-1
286,35,3530.0,509.0,25.0,32.0,1.0,-1,-1,-1
287,3,2982.0,557.0,18.0,41.0,0.28159308433532715,-1,-1,-1
287,4,3639.0,801.0,39.0,109.0,0.7663726806640625,-1,-1,-1
287,26,3170.0,521.0,18.0,46.0,1.0,-1,-1,-1
287,27,2826.0,536.0,16.0,38.0,0.3351442515850067,-1,-1,-1
287,34,3474.0,555.0,16.0,41.0,1.0,-1,-1,-1
287,35,3530.0,509.0,25.0,32.0,1.0,-1,-1,-1
288,3,2984.0,557.0,18.0,40.0,0.2803344130516052,-1,-1,-1
288,4,3641.0,801.0,39.0,109.0,0.771937906742096,-1,-1,-1
288,26,3171.0,521.0,18.0,46.0,1.0,-1,-1,-1
288,27,2826.0,537.0,16.0,38.0,0.3814275562763214,-1,-1,-1
288,34,3475.0,555.0,16.0,40.0,1.0,-1,-1,-1
288,35,3531.0,509.0,25.0,32.0,1.0,-1,-1,-1
289,3,2985.0,558.0,18.0,40.0,0.28971755504608154,-1,-1,-1
289,4,3642.0,801.0,39.0,108.0,0.7566916346549988,-1,-1,-1
289,26,3172.0,521.0,18.0,46.0,1.0,-1,-1,-1
289,27,2827.0,537.0,16.0,38.0,0.38711658120155334,-1,-1,-1
289,34,3475.0,555.0,16.0,40.0,1.0,-1,-1,-1
289,35,3531.0,508.0,24.0,32.0,1.0,-1,-1,-1
290,3,2986.0,558.0,18.0,40.0,0.3477284014225006,-1,-1,-1
290,4,3644.0,801.0,39.0,108.0,0.726222038269043,-1,-1,-1
290,26,3174.0,521.0,18.0,46.0,1.0,-1,-1,-1
290,27,2827.0,538.0,16.0,38.0,0.3959784209728241,-1,-1,-1
290,34,3476.0,555.0,16.0,40.0,1.0,-1,-1,-1
290,35,3532.0,508.0,24.0,31.0,1.0,-1,-1,-1
291,3,2988.0,556.0,19.0,41.0,0.29007306694984436,-1,-1,-1
291,4,3645.0,802.0,39.0,107.0,0.7034228444099426,-1,-1,-1
291,26,3175.0,521.0,18.0,45.0,1.0,-1,-1,-1
291,27,2828.0,538.0,17.0,37.0,0.3272787928581238,-1,-1,-1
291,34,3476.0,555.0,16.0,39.0,1.0,-1,-1,-1
291,35,3533.0,508.0,24.0,31.0,1.0,-1,-1,-1
292,3,2989.0,556.0,19.0,41.0,1.0,-1,-1,-1
292,4,3648.0,802.0,38.0,107.0,0.6558406352996826,-1,-1,-1
292,26,3176.0,521.0,18.0,45.0,1.0,-1,-1,-1
292,27,2829.0,537.0,17.0,38.0,0.2921869456768036,-1,-1,-1
292,34,3477.0,555.0,16.0,39.0,1.0,-1,-1,-1
292,35,3533.0,507.0,24.0,31.0,1.0,-1,-1,-1
293,3,2991.0,556.0,19.0,41.0,1.0,-1,-1,-1
293,4,3650.0,803.0,38.0,107.0,0.6695936918258667,-1,-1,-1
293,26,3177.0,522.0,18.0,45.0,1.0,-1,-1,-1
293,27,2829.0,537.0,17.0,38.0,1.0,-1,-1,-1
293,34,3477.0,555.0,16.0,39.0,1.0,-1,-1,-1
293,35,3534.0,507.0,24.0,31.0,1.0,-1,-1,-1
294,3,2992.0,556.0,19.0,41.0,1.0,-1,-1,-1
294,4,3651.0,804.0,38.0,107.0,0.6477791666984558,-1,-1,-1
294,26,3178.0,522.0,18.0,45.0,1.0,-1,-1,-1
294,27,2829.0,537.0,17.0,38.0,1.0,-1,-1,-1
294,34,3477.0,555.0,15.0,38.0,1.0,-1,-1,-1
294,35,3535.0,507.0,24.0,31.0,1.0,-1,-1,-1
295,3,2994.0,556.0,19.0,41.0,1.0,-1,-1,-1
295,4,3652.0,804.0,38.0,107.0,0.6948911547660828,-1,-1,-1
295,26,3180.0,522.0,17.0,44.0,1.0,-1,-1,-1
295,27,2830.0,537.0,17.0,38.0,1.0,-1,-1,-1
295,34,3478.0,556.0,15.0,38.0,1.0,-1,-1,-1
295,35,3535.0,507.0,24.0,31.0,1.0,-1,-1,-1
296,3,2995.0,556.0,19.0,41.0,1.0,-1,-1,-1
296,4,3653.0,803.0,38.0,107.0,0.7103321552276611,-1,-1,-1
296,26,3181.0,522.0,17.0,44.0,1.0,-1,-1,-1
296,27,2830.0,537.0,17.0,38.0,1.0,-1,-1,-1
296,34,3478.0,556.0,15.0,38.0,1.0,-1,-1,-1
296,35,3536.0,506.0,23.0,30.0,1.0,-1,-1,-1
297,3,2997.0,556.0,19.0,41.0,1.0,-1,-1,-1
297,4,3654.0,803.0,38.0,107.0,0.6980614066123962,-1,-1,-1
297,26,3182.0,522.0,17.0,44.0,1.0,-1,-1,-1
297,27,2831.0,537.0,17.0,38.0,1.0,-1,-1,-1
297,34,3479.0,556.0,15.0,38.0,1.0,-1,-1,-1
297,35,3536.0,506.0,23.0,30.0,1.0,-1,-1,-1
297,39,3903.0,523.0,14.0,24.0,0.27678319811820984,-1,-1,-1
298,3,2998.0,556.0,19.0,41.0,1.0,-1,-1,-1
298,4,3655.0,802.0,38.0,107.0,0.7112355828285217,-1,-1,-1
298,26,3183.0,522.0,17.0,44.0,1.0,-1,-1,-1
298,27,2831.0,537.0,17.0,38.0,1.0,-1,-1,-1
298,34,3479.0,556.0,15.0,37.0,1.0,-1,-1,-1
298,35,3537.0,506.0,23.0,30.0,1.0,-1,-1,-1
298,39,3903.0,524.0,13.0,23.0,0.26147952675819397,-1,-1,-1
299,3,3000.0,555.0,19.0,41.0,1.0,-1,-1,-1
299,4,3655.0,802.0,39.0,107.0,0.7135027647018433,-1,-1,-1
299,26,3185.0,523.0,17.0,43.0,1.0,-1,-1,-1
299,27,2832.0,537.0,17.0,38.0,1.0,-1,-1,-1
299,34,3480.0,556.0,15.0,37.0,1.0,-1,-1,-1
299,35,3538.0,505.0,23.0,30.0,1.0,-1,-1,-1
299,39,3903.0,525.0,13.0,22.0,0.25936710834503174,-1,-1,-1
300,3,3001.0,555.0,19.0,41.0,1.0,-1,-1,-1
300,4,3656.0,800.0,39.0,107.0,0.6943862438201904,-1,-1,-1
300,26,3186.0,523.0,17.0,43.0,1.0,-1,-1,-1
300,27,2832.0,537.0,17.0,38.0,1.0,-1,-1,-1
300,34,3480.0,556.0,15.0,37.0,1.0,-1,-1,-1
300,35,3538.0,505.0,23.0,30.0,1.0,-1,-1,-1
300,39,3904.0,523.0,14.0,24.0,0.3198694884777069,-1,-1,-1
301,3,3004.0,555.0,17.0,38.0,0.28677499294281006,-1,-1,-1
301,4,3658.0,802.0,39.0,105.0,0.6963018774986267,-1,-1,-1
301,26,3199.0,533.0,15.0,36.0,0.2528551518917084,-1,-1,-1
301,27,2833.0,537.0,17.0,39.0,1.0,-1,-1,-1
301,34,3480.0,556.0,15.0,36.0,1.0,-1,-1,-1
301,35,3539.0,505.0,23.0,30.0,1.0,-1,-1,-1
301,39,3904.0,522.0,14.0,24.0,0.3683822751045227,-1,-1,-1
302,3,3004.0,555.0,17.0,36.0,0.3207605183124542,-1,-1,-1
302,4,3659.0,802.0,40.0,105.0,0.7604661583900452,-1,-1,-1
302,26,3201.0,534.0,15.0,35.0,1.0,-1,-1,-1
302,27,2833.0,537.0,18.0,39.0,1.0,-1,-1,-1
302,34,3481.0,556.0,14.0,36.0,1.0,-1,-1,-1
302,35,3539.0,505.0,23.0,29.0,1.0,-1,-1,-1
302,39,3904.0,522.0,15.0,25.0,0.36823105812072754,-1,-1,-1
303,3,3005.0,556.0,17.0,36.0,0.290239542722702,-1,-1,-1
303,4,3661.0,802.0,40.0,103.0,0.7215084433555603,-1,-1,-1
303,26,3203.0,535.0,14.0,34.0,1.0,-1,-1,-1
303,27,2833.0,537.0,18.0,39.0,1.0,-1,-1,-1
303,34,3481.0,556.0,14.0,36.0,1.0,-1,-1,-1
303,35,3540.0,504.0,23.0,29.0,1.0,-1,-1,-1
303,39,3905.0,522.0,15.0,25.0,0.31081265211105347,-1,-1,-1
304,3,3007.0,556.0,17.0,36.0,0.29064473509788513,-1,-1,-1
304,4,3662.0,802.0,40.0,102.0,0.7494992017745972,-1,-1,-1
304,26,3204.0,532.0,16.0,38.0,0.26096096634864807,-1,-1,-1
304,27,2834.0,537.0,18.0,39.0,1.0,-1,-1,-1
304,34,3482.0,556.0,14.0,36.0,1.0,-1,-1,-1
304,35,3541.0,504.0,22.0,29.0,1.0,-1,-1,-1
304,39,3906.0,522.0,15.0,25.0,0.32185304164886475,-1,-1,-1
305,3,3008.0,556.0,17.0,35.0,1.0,-1,-1,-1
305,4,3665.0,803.0,40.0,101.0,0.7526289820671082,-1,-1,-1
305,26,3205.0,532.0,16.0,38.0,1.0,-1,-1,-1
305,27,2834.0,538.0,18.0,39.0,1.0,-1,-1,-1
305,34,3482.0,556.0,14.0,35.0,1.0,-1,-1,-1
305,35,3541.0,504.0,22.0,29.0,1.0,-1,-1,-1
305,39,3907.0,522.0,15.0,25.0,0.2636665105819702,-1,-1,-1
306,3,3010.0,557.0,17.0,35.0,0.28239402174949646,-1,-1,-1
306,4,3669.0,802.0,41.0,101.0,0.7228751182556152,-1,-1,-1
306,26,3207.0,533.0,16.0,38.0,1.0,-1,-1,-1
306,27,2835.0,538.0,18.0,39.0,1.0,-1,-1,-1
306,34,3483.0,556.0,14.0,35.0,1.0,-1,-1,-1
306,35,3542.0,503.0,22.0,29.0,1.0,-1,-1,-1
306,39,3907.0,521.0,15.0,25.0,0.27659282088279724,-1,-1,-1
307,3,3012.0,557.0,16.0,35.0,1.0,-1,-1,-1
307,4,3671.0,801.0,41.0,103.0,0.6935142278671265,-1,-1,-1
307,26,3209.0,533.0,16.0,38.0,1.0,-1,-1,-1
307,27,2835.0,538.0,18.0,39.0,1.0,-1,-1,-1
307,34,3483.0,556.0,14.0,35.0,1.0,-1,-1,-1
307,35,3542.0,503.0,22.0,29.0,1.0,-1,-1,-1
307,39,3908.0,521.0,15.0,25.0,0.2510191798210144,-1,-1,-1
308,3,3013.0,557.0,16.0,35.0,1.0,-1,-1,-1
308,4,3673.0,801.0,41.0,104.0,0.6552547216415405,-1,-1,-1
308,26,3211.0,533.0,16.0,37.0,1.0,-1,-1,-1
308,27,2836.0,538.0,18.0,39.0,1.0,-1,-1,-1
308,34,3484.0,556.0,14.0,34.0,1.0,-1,-1,-1
308,35,3543.0,503.0,22.0,28.0,1.0,-1,-1,-1
308,39,3909.0,522.0,15.0,25.0,0.2511386275291443,-1,-1,-1
309,3,3015.0,557.0,16.0,35.0,1.0,-1,-1,-1
309,4,3676.0,800.0,40.0,103.0,0.5421342253684998,-1,-1,-1
309,26,3213.0,534.0,16.0,37.0,1.0,-1,-1,-1
309,27,2836.0,538.0,18.0,39.0,1.0,-1,-1,-1
309,34,3484.0,556.0,14.0,34.0,1.0,-1,-1,-1
309,35,3544.0,503.0,22.0,28.0,1.0,-1,-1,-1
309,39,3910.0,522.0,15.0,25.0,1.0,-1,-1,-1
310,3,3016.0,557.0,16.0,34.0,1.0,-1,-1,-1
310,4,3678.0,801.0,40.0,102.0,0.3161804676055908,-1,-1,-1
310,26,3215.0,534.0,16.0,37.0,1.0,-1,-1,-1
310,27,2837.0,538.0,18.0,39.0,1.0,-1,-1,-1
310,35,3544.0,502.0,22.0,28.0,1.0,-1,-1,-1
310,39,3910.0,522.0,15.0,25.0,1.0,-1,-1,-1
311,3,3018.0,557.0,16.0,34.0,1.0,-1,-1,-1
311,4,3680.0,801.0,39.0,102.0,0.45039844512939453,-1,-1,-1
311,26,3216.0,534.0,16.0,37.0,1.0,-1,-1,-1
311,27,2840.0,540.0,18.0,39.0,0.2603808045387268,-1,-1,-1
311,39,3911.0,522.0,15.0,25.0,1.0,-1,-1,-1
312,3,3019.0,557.0,16.0,34.0,1.0,-1,-1,-1
312,4,3683.0,801.0,39.0,101.0,0.6041755676269531,-1,-1,-1
312,26,3218.0,534.0,16.0,37.0,1.0,-1,-1,-1
312,27,2840.0,540.0,18.0,39.0,0.3180207312107086,-1,-1,-1
312,39,3910.0,521.0,15.0,26.0,0.3250172734260559,-1,-1,-1
313,3,3021.0,557.0,16.0,33.0,1.0,-1,-1,-1
313,4,3685.0,801.0,40.0,103.0,0.6025160551071167,-1,-1,-1
313,26,3220.0,535.0,16.0,37.0,1.0,-1,-1,-1
313,27,2841.0,540.0,18.0,39.0,0.32596343755722046,-1,-1,-1
313,39,3910.0,520.0,16.0,26.0,0.31085190176963806,-1,-1,-1
314,3,3023.0,557.0,16.0,33.0,1.0,-1,-1,-1
314,4,3688.0,801.0,41.0,104.0,0.6354988217353821,-1,-1,-1
314,26,3222.0,535.0,16.0,37.0,1.0,-1,-1,-1
314,27,2841.0,540.0,18.0,39.0,0.30865636467933655,-1,-1,-1
314,39,3910.0,520.0,16.0,27.0,0.2783416509628296,-1,-1,-1
315,3,3024.0,557.0,15.0,33.0,1.0,-1,-1,-1
315,4,3688.0,800.0,42.0,106.0,0.5195462107658386,-1,-1,-1
315,26,3224.0,535.0,16.0,37.0,1.0,-1,-1,-1
315,27,2841.0,540.0,18.0,39.0,0.2862985134124756,-1,-1,-1
315,39,3910.0,521.0,15.0,27.0,0.25706806778907776,-1,-1,-1
316,3,3026.0,557.0,15.0,33.0,1.0,-1,-1,-1
316,4,3689.0,799.0,43.0,106.0,0.5892844796180725,-1,-1,-1
316,26,3226.0,536.0,16.0,36.0,1.0,-1,-1,-1
316,27,2841.0,540.0,18.0,40.0,0.31341156363487244,-1,-1,-1
316,39,3910.0,521.0,16.0,27.0,1.0,-1,-1,-1
317,3,3027.0,557.0,15.0,32.0,1.0,-1,-1,-1
317,4,3689.0,799.0,43.0,106.0,0.5552975535392761,-1,-1,-1
317,26,3227.0,536.0,16.0,36.0,1.0,-1,-1,-1
317,27,2842.0,540.0,18.0,39.0,0.32460200786590576,-1,-1,-1
317,39,3911.0,521.0,16.0,27.0,1.0,-1,-1,-1
318,3,3029.0,558.0,15.0,32.0,1.0,-1,-1,-1
318,4,3690.0,799.0,44.0,106.0,0.6856465339660645,-1,-1,-1
318,26,3229.0,536.0,16.0,36.0,1.0,-1,-1,-1
318,27,2842.0,540.0,18.0,39.0,0.3651076555252075,-1,-1,-1
318,39,3911.0,521.0,16.0,27.0,1.0,-1,-1,-1
319,3,3030.0,558.0,15.0,32.0,1.0,-1,-1,-1
319,4,3692.0,801.0,45.0,104.0,0.6783663630485535,-1,-1,-1
319,26,3231.0,537.0,16.0,36.0,1.0,-1,-1,-1
319,27,2843.0,540.0,17.0,38.0,0.38010284304618835,-1,-1,-1
319,39,3911.0,521.0,16.0,28.0,1.0,-1,-1,-1
320,3,3030.0,553.0,18.0,38.0,0.3105492889881134,-1,-1,-1
320,4,3693.0,802.0,45.0,103.0,0.6715973615646362,-1,-1,-1
320,26,3233.0,537.0,15.0,36.0,1.0,-1,-1,-1
320,27,2843.0,540.0,17.0,38.0,0.39634841680526733,-1,-1,-1
320,39,3911.0,521.0,16.0,28.0,1.0,-1,-1,-1
321,3,3032.0,552.0,18.0,39.0,1.0,-1,-1,-1
321,4,3694.0,802.0,47.0,103.0,0.6374081969261169,-1,-1,-1
321,26,3235.0,537.0,15.0,36.0,1.0,-1,-1,-1
321,27,2844.0,540.0,17.0,37.0,0.3672824501991272,-1,-1,-1
321,39,3912.0,521.0,16.0,28.0,1.0,-1,-1,-1
322,3,3033.0,552.0,18.0,39.0,0.2533002495765686,-1,-1,-1
322,4,3695.0,802.0,48.0,104.0,0.5297571420669556,-1,-1,-1
322,26,3237.0,538.0,15.0,36.0,1.0,-1,-1,-1
322,27,2844.0,539.0,17.0,37.0,0.37854456901550293,-1,-1,-1
322,39,3912.0,520.0,16.0,28.0,1.0,-1,-1,-1
323,3,3034.0,549.0,18.0,41.0,0.2860736846923828,-1,-1,-1
323,4,3697.0,802.0,49.0,104.0,0.5899633169174194,-1,-1,-1
323,26,3238.0,538.0,15.0,36.0,1.0,-1,-1,-1
323,27,2845.0,539.0,16.0,37.0,0.38975223898887634,-1,-1,-1
323,39,3912.0,520.0,16.0,28.0,1.0,-1,-1,-1
324,3,3036.0,549.0,19.0,42.0,1.0,-1,-1,-1
324,4,3698.0,802.0,49.0,104.0,0.5995568037033081,-1,-1,-1
324,26,3240.0,538.0,15.0,35.0,1.0,-1,-1,-1
324,27,2846.0,539.0,17.0,38.0,0.41036683320999146,-1,-1,-1
324,39,3913.0,520.0,16.0,28.0,1.0,-1,-1,-1
325,3,3037.0,549.0,19.0,42.0,1.0,-1,-1,-1
325,4,3699.0,802.0,49.0,103.0,0.6447862982749939,-1,-1,-1
325,26,3242.0,539.0,15.0,35.0,1.0,-1,-1,-1
325,27,2846.0,539.0,17.0,38.0,0.4137614071369171,-1,-1,-1
325,39,3913.0,520.0,16.0,29.0,1.0,-1,-1,-1
326,3,3038.0,548.0,19.0,44.0,0.287492573261261,-1,-1,-1
326,4,3701.0,802.0,49.0,103.0,0.6872236728668213,-1,-1,-1
326,26,3254.0,535.0,14.0,35.0,0.28672555088996887,-1,-1,-1
326,27,2847.0,540.0,17.0,38.0,0.4826168715953827,-1,-1,-1
326,39,3913.0,520.0,17.0,29.0,1.0,-1,-1,-1
327,3,3040.0,547.0,20.0,47.0,0.3428555428981781,-1,-1,-1
327,4,3704.0,800.0,49.0,105.0,0.7014437913894653,-1,-1,-1
327,26,3256.0,535.0,14.0,35.0,1.0,-1,-1,-1
327,27,2848.0,540.0,17.0,39.0,0.48735377192497253,-1,-1,-1
327,39,3914.0,520.0,17.0,29.0,1.0,-1,-1,-1
328,3,3042.0,550.0,19.0,45.0,0.2768208980560303,-1,-1,-1
328,4,3705.0,800.0,49.0,105.0,0.7363102436065674,-1,-1,-1
328,26,3259.0,535.0,14.0,35.0,0.3119473457336426,-1,-1,-1
328,27,2849.0,541.0,17.0,39.0,0.5372264385223389,-1,-1,-1
328,39,3914.0,520.0,17.0,29.0,1.0,-1,-1,-1
329,3,3044.0,550.0,19.0,45.0,1.0,-1,-1,-1
329,4,3706.0,800.0,49.0,105.0,0.7206541895866394,-1,-1,-1
329,26,3261.0,535.0,14.0,35.0,0.28075674176216125,-1,-1,-1
329,27,2849.0,541.0,18.0,39.0,0.5695563554763794,-1,-1,-1
329,39,3917.0,518.0,18.0,33.0,0.30431973934173584,-1,-1,-1
330,3,3045.0,549.0,19.0,46.0,1.0,-1,-1,-1
330,4,3709.0,801.0,48.0,106.0,0.703141450881958,-1,-1,-1
330,26,3263.0,535.0,14.0,35.0,1.0,-1,-1,-1
330,27,2849.0,541.0,18.0,39.0,0.5606332421302795,-1,-1,-1
330,39,3918.0,518.0,17.0,32.0,0.29264798760414124,-1,-1,-1
331,3,3047.0,549.0,19.0,46.0,1.0,-1,-1,-1
331,4,3710.0,801.0,48.0,106.0,0.7070748805999756,-1,-1,-1
331,26,3265.0,535.0,14.0,35.0,1.0,-1,-1,-1
331,27,2849.0,542.0,18.0,40.0,0.5339549779891968,-1,-1,-1
331,39,3918.0,518.0,17.0,33.0,1.0,-1,-1,-1
332,3,3048.0,555.0,17.0,40.0,0.31920310854911804,-1,-1,-1
332,4,3712.0,802.0,48.0,106.0,0.7212896943092346,-1,-1,-1
332,26,3268.0,535.0,14.0,35.0,1.0,-1,-1,-1
332,27,2850.0,542.0,18.0,40.0,0.5267391204833984,-1,-1,-1
332,39,3919.0,518.0,18.0,33.0,1.0,-1,-1,-1
333,3,3049.0,555.0,17.0,39.0,0.34810692071914673,-1,-1,-1
333,4,3715.0,802.0,47.0,105.0,0.7509587407112122,-1,-1,-1
333,26,3270.0,535.0,14.0,35.0,1.0,-1,-1,-1
333,27,2851.0,542.0,18.0,41.0,0.590522289276123,-1,-1,-1
333,39,3919.0,518.0,18.0,33.0,1.0,-1,-1,-1
334,3,3051.0,553.0,17.0,40.0,0.25701770186424255,-1,-1,-1
334,4,3717.0,803.0,46.0,105.0,0.7777139544487,-1,-1,-1
334,26,3272.0,535.0,14.0,35.0,1.0,-1,-1,-1
334,27,2852.0,542.0,17.0,39.0,0.5520013570785522,-1,-1,-1
334,39,3920.0,517.0,18.0,34.0,1.0,-1,-1,-1
335,3,3052.0,552.0,18.0,42.0,0.3197764456272125,-1,-1,-1
335,4,3719.0,804.0,46.0,104.0,0.7568451166152954,-1,-1,-1
335,26,3274.0,535.0,14.0,35.0,1.0,-1,-1,-1
335,27,2853.0,542.0,16.0,37.0,0.517316460609436,-1,-1,-1
335,39,3920.0,517.0,18.0,34.0,1.0,-1,-1,-1
336,3,3053.0,552.0,18.0,42.0,1.0,-1,-1,-1
336,4,3720.0,804.0,46.0,104.0,0.7447476983070374,-1,-1,-1
336,26,3277.0,535.0,14.0,35.0,1.0,-1,-1,-1
336,27,2854.0,542.0,16.0,37.0,0.45874258875846863,-1,-1,-1
336,39,3921.0,517.0,18.0,34.0,1.0,-1,-1,-1
337,3,3055.0,552.0,18.0,42.0,1.0,-1,-1,-1
337,4,3721.0,804.0,46.0,104.0,0.7430209517478943,-1,-1,-1
337,26,3279.0,535.0,14.0,34.0,1.0,-1,-1,-1
337,27,2853.0,541.0,17.0,39.0,0.42136624455451965,-1,-1,-1
337,39,3921.0,517.0,18.0,34.0,1.0,-1,-1,-1
338,3,3056.0,552.0,18.0,42.0,1.0,-1,-1,-1
338,4,3722.0,804.0,46.0,104.0,0.7646716833114624,-1,-1,-1
338,26,3281.0,535.0,14.0,34.0,1.0,-1,-1,-1
338,27,2853.0,541.0,17.0,41.0,0.45172005891799927,-1,-1,-1
338,39,3922.0,517.0,19.0,35.0,1.0,-1,-1,-1
339,3,3057.0,552.0,18.0,42.0,1.0,-1,-1,-1
339,4,3722.0,803.0,46.0,105.0,0.7739174365997314,-1,-1,-1
339,26,3283.0,535.0,14.0,34.0,1.0,-1,-1,-1
339,27,2854.0,541.0,18.0,42.0,0.46034038066864014,-1,-1,-1
339,39,3922.0,517.0,19.0,35.0,1.0,-1,-1,-1
340,3,3059.0,552.0,18.0,42.0,1.0,-1,-1,-1
340,4,3723.0,803.0,46.0,106.0,0.7783051133155823,-1,-1,-1
340,26,3289.0,536.0,15.0,34.0,0.3550204932689667,-1,-1,-1
340,27,2854.0,541.0,18.0,42.0,0.4376126825809479,-1,-1,-1
340,39,3925.0,519.0,16.0,29.0,0.2658456563949585,-1,-1,-1
341,3,3062.0,552.0,17.0,40.0,0.2769223749637604,-1,-1,-1
341,4,3725.0,802.0,46.0,106.0,0.7519371509552002,-1,-1,-1
341,26,3290.0,536.0,16.0,34.0,0.29915326833724976,-1,-1,-1
341,27,2855.0,542.0,17.0,41.0,0.403288871049881,-1,-1,-1
341,39,3927.0,521.0,15.0,27.0,0.3112384080886841,-1,-1,-1
342,3,3063.0,551.0,18.0,40.0,0.30208998918533325,-1,-1,-1
342,4,3726.0,802.0,45.0,107.0,0.7488686442375183,-1,-1,-1
342,26,3292.0,536.0,16.0,34.0,1.0,-1,-1,-1
342,27,2856.0,543.0,17.0,39.0,0.3153562843799591,-1,-1,-1
342,39,3928.0,520.0,15.0,27.0,0.3807743489742279,-1,-1,-1
343,3,3065.0,549.0,18.0,39.0,0.26427119970321655,-1,-1,-1
343,4,3728.0,802.0,44.0,106.0,0.7265865802764893,-1,-1,-1
343,26,3295.0,536.0,16.0,34.0,1.0,-1,-1,-1
343,27,2856.0,543.0,17.0,39.0,1.0,-1,-1,-1
343,39,3928.0,520.0,15.0,27.0,0.3338834047317505,-1,-1,-1
344,3,3067.0,550.0,18.0,38.0,0.32757407426834106,-1,-1,-1
344,4,3730.0,801.0,44.0,106.0,0.7219640016555786,-1,-1,-1
344,26,3297.0,536.0,16.0,34.0,1.0,-1,-1,-1
344,27,2856.0,545.0,17.0,38.0,0.3204851746559143,-1,-1,-1
344,39,3927.0,520.0,16.0,28.0,0.323783278465271,-1,-1,-1
345,3,3068.0,548.0,18.0,38.0,0.2988280653953552,-1,-1,-1
345,4,3732.0,801.0,43.0,106.0,0.621304988861084,-1,-1,-1
345,26,3299.0,536.0,16.0,34.0,1.0,-1,-1,-1
345,27,2856.0,545.0,17.0,37.0,0.2840873599052429,-1,-1,-1
345,39,3927.0,519.0,16.0,29.0,0.31706446409225464,-1,-1,-1
346,3,3070.0,548.0,18.0,38.0,1.0,-1,-1,-1
346,4,3734.0,801.0,41.0,105.0,0.5996197462081909,-1,-1,-1
346,26,3302.0,536.0,16.0,34.0,1.0,-1,-1,-1
346,27,2856.0,546.0,17.0,37.0,0.27359703183174133,-1,-1,-1
346,39,3927.0,519.0,16.0,29.0,0.35242778062820435,-1,-1,-1
347,3,3072.0,547.0,18.0,38.0,1.0,-1,-1,-1
347,4,3737.0,800.0,41.0,105.0,0.5516851544380188,-1,-1,-1
347,26,3304.0,536.0,16.0,34.0,1.0,-1,-1,-1
347,27,2857.0,546.0,17.0,37.0,1.0,-1,-1,-1
347,39,3930.0,519.0,16.0,28.0,0.3497767150402069,-1,-1,-1
348,3,3073.0,547.0,18.0,38.0,1.0,-1,-1,-1
348,4,3739.0,801.0,40.0,104.0,0.44854941964149475,-1,-1,-1
348,26,3307.0,536.0,16.0,34.0,1.0,-1,-1,-1
348,27,2857.0,546.0,17.0,37.0,1.0,-1,-1,-1
348,39,3932.0,520.0,15.0,26.0,0.409223347902298,-1,-1,-1
349,3,3075.0,547.0,18.0,38.0,1.0,-1,-1,-1
349,4,3739.0,800.0,40.0,105.0,0.5149640440940857,-1,-1,-1
349,26,3309.0,536.0,16.0,34.0,1.0,-1,-1,-1
349,27,2857.0,547.0,17.0,37.0,1.0,-1,-1,-1
349,39,3933.0,520.0,15.0,26.0,0.3883366286754608,-1,-1,-1
350,3,3077.0,546.0,18.0,37.0,1.0,-1,-1,-1
350,4,3740.0,800.0,41.0,107.0,0.5640479326248169,-1,-1,-1
350,26,3312.0,538.0,15.0,32.0,0.25729432702064514,-1,-1,-1
350,27,2858.0,547.0,17.0,36.0,1.0,-1,-1,-1
350,39,3933.0,519.0,15.0,27.0,0.45391690731048584,-1,-1,-1
351,3,3078.0,546.0,17.0,37.0,1.0,-1,-1,-1
351,4,3741.0,799.0,40.0,107.0,0.520372211933136,-1,-1,-1
351,26,3314.0,539.0,15.0,31.0,1.0,-1,-1,-1
351,27,2858.0,547.0,17.0,36.0,1.0,-1,-1,-1
351,39,3934.0,519.0,16.0,28.0,0.4039434790611267,-1,-1,-1
352,3,3080.0,546.0,17.0,37.0,1.0,-1,-1,-1
352,4,3742.0,798.0,40.0,107.0,0.5344922542572021,-1,-1,-1
352,26,3317.0,539.0,15.0,31.0,1.0,-1,-1,-1
352,27,2859.0,548.0,17.0,36.0,1.0,-1,-1,-1
352,39,3933.0,519.0,15.0,28.0,0.38607504963874817,-1,-1,-1
353,3,3081.0,545.0,17.0,37.0,1.0,-1,-1,-1
353,4,3742.0,797.0,40.0,108.0,0.5731755495071411,-1,-1,-1
353,26,3319.0,539.0,14.0,31.0,1.0,-1,-1,-1
353,27,2859.0,548.0,17.0,36.0,1.0,-1,-1,-1
353,39,3934.0,519.0,15.0,27.0,0.4060231149196625,-1,-1,-1
354,3,3083.0,545.0,17.0,37.0,1.0,-1,-1,-1
354,4,3744.0,796.0,40.0,107.0,0.6148592233657837,-1,-1,-1
354,26,3322.0,539.0,14.0,31.0,1.0,-1,-1,-1
354,27,2859.0,548.0,17.0,36.0,1.0,-1,-1,-1
354,39,3936.0,519.0,15.0,27.0,0.45726487040519714,-1,-1,-1
355,3,3085.0,544.0,17.0,36.0,1.0,-1,-1,-1
355,4,3746.0,796.0,41.0,107.0,0.6571727395057678,-1,-1,-1
355,26,3324.0,540.0,14.0,30.0,1.0,-1,-1,-1
355,27,2860.0,549.0,16.0,36.0,1.0,-1,-1,-1
355,39,3936.0,518.0,15.0,28.0,0.49058687686920166,-1,-1,-1
356,3,3086.0,552.0,17.0,37.0,0.30490565299987793,-1,-1,-1
356,4,3749.0,797.0,42.0,106.0,0.6291911602020264,-1,-1,-1
356,26,3327.0,540.0,14.0,30.0,1.0,-1,-1,-1
356,27,2860.0,549.0,16.0,35.0,1.0,-1,-1,-1
356,39,3936.0,518.0,15.0,28.0,0.4481039345264435,-1,-1,-1
357,3,3088.0,551.0,18.0,39.0,0.3107205033302307,-1,-1,-1
357,4,3750.0,798.0,42.0,105.0,0.6148334741592407,-1,-1,-1
357,26,3329.0,540.0,14.0,30.0,1.0,-1,-1,-1
357,27,2861.0,549.0,16.0,35.0,1.0,-1,-1,-1
357,39,3936.0,517.0,15.0,28.0,0.49950480461120605,-1,-1,-1
358,3,3089.0,553.0,18.0,39.0,0.28164634108543396,-1,-1,-1
358,4,3751.0,800.0,43.0,103.0,0.6428338289260864,-1,-1,-1
358,26,3331.0,540.0,14.0,30.0,1.0,-1,-1,-1
358,27,2861.0,550.0,16.0,35.0,1.0,-1,-1,-1
358,39,3936.0,517.0,14.0,28.0,0.4151228368282318,-1,-1,-1
359,3,3091.0,551.0,19.0,42.0,0.29237130284309387,-1,-1,-1
359,4,3751.0,800.0,43.0,104.0,0.6089556813240051,-1,-1,-1
359,26,3334.0,540.0,14.0,30.0,1.0,-1,-1,-1
359,27,2862.0,550.0,16.0,35.0,1.0,-1,-1,-1
359,39,3938.0,518.0,14.0,27.0,0.42178311944007874,-1,-1,-1
360,3,3092.0,552.0,18.0,39.0,0.26976001262664795,-1,-1,-1
360,4,3751.0,800.0,44.0,104.0,0.5694433450698853,-1,-1,-1
360,26,3336.0,541.0,14.0,29.0,1.0,-1,-1,-1
360,27,2862.0,550.0,16.0,35.0,1.0,-1,-1,-1
360,39,3938.0,519.0,14.0,26.0,0.39061859250068665,-1,-1,-1
361,3,3094.0,552.0,18.0,39.0,1.0,-1,-1,-1
361,4,3752.0,800.0,45.0,104.0,0.5518114566802979,-1,-1,-1
361,26,3339.0,541.0,14.0,29.0,1.0,-1,-1,-1
361,27,2862.0,551.0,16.0,34.0,1.0,-1,-1,-1
361,39,3938.0,519.0,14.0,27.0,0.3969469964504242,-1,-1,-1
362,3,3096.0,550.0,16.0,36.0,0.3032873868942261,-1,-1,-1
362,4,3752.0,801.0,45.0,104.0,0.5722624659538269,-1,-1,-1
362,26,3341.0,541.0,14.0,29.0,1.0,-1,-1,-1
362,27,2863.0,551.0,16.0,34.0,1.0,-1,-1,-1
362,39,3938.0,517.0,15.0,29.0,0.41005176305770874,-1,-1,-1
363,3,3098.0,550.0,16.0,36.0,1.0,-1,-1,-1
363,4,3753.0,801.0,45.0,102.0,0.6219793558120728,-1,-1,-1
363,26,3344.0,541.0,13.0,29.0,1.0,-1,-1,-1
363,27,2863.0,551.0,16.0,34.0,1.0,-1,-1,-1
363,39,3938.0,517.0,15.0,29.0,0.40307363867759705,-1,-1,-1
364,3,3099.0,550.0,16.0,36.0,1.0,-1,-1,-1
364,4,3755.0,802.0,45.0,101.0,0.6293866038322449,-1,-1,-1
364,26,3346.0,542.0,13.0,29.0,1.0,-1,-1,-1
364,27,2864.0,552.0,16.0,34.0,1.0,-1,-1,-1
364,39,3939.0,518.0,15.0,28.0,0.3251027464866638,-1,-1,-1
365,3,3101.0,550.0,16.0,35.0,1.0,-1,-1,-1
365,4,3756.0,802.0,46.0,101.0,0.637326717376709,-1,-1,-1
365,26,3349.0,542.0,13.0,28.0,1.0,-1,-1,-1
365,27,2864.0,552.0,16.0,34.0,1.0,-1,-1,-1
365,39,3939.0,519.0,15.0,27.0,0.29819169640541077,-1,-1,-1
366,3,3103.0,550.0,16.0,35.0,1.0,-1,-1,-1
366,4,3758.0,802.0,46.0,101.0,0.6776647567749023,-1,-1,-1
366,26,3351.0,542.0,13.0,28.0,1.0,-1,-1,-1
366,27,2864.0,553.0,15.0,34.0,1.0,-1,-1,-1
366,39,3939.0,517.0,16.0,29.0,0.25088974833488464,-1,-1,-1
367,3,3104.0,549.0,16.0,35.0,1.0,-1,-1,-1
367,4,3759.0,801.0,47.0,103.0,0.675692081451416,-1,-1,-1
367,26,3353.0,542.0,13.0,28.0,1.0,-1,-1,-1
367,27,2865.0,553.0,15.0,33.0,1.0,-1,-1,-1
367,39,3939.0,516.0,17.0,31.0,0.25340235233306885,-1,-1,-1
368,3,3105.0,554.0,17.0,36.0,0.3056859076023102,-1,-1,-1
368,4,3761.0,801.0,47.0,103.0,0.7003424167633057,-1,-1,-1
368,26,3356.0,542.0,13.0,28.0,1.0,-1,-1,-1
368,27,2867.0,546.0,18.0,40.0,0.2927777171134949,-1,-1,-1
368,39,3939.0,516.0,17.0,31.0,1.0,-1,-1,-1
369,3,3106.0,555.0,17.0,36.0,1.0,-1,-1,-1
369,4,3763.0,800.0,48.0,104.0,0.7172016501426697,-1,-1,-1
369,26,3358.0,544.0,15.0,30.0,0.25289246439933777,-1,-1,-1
369,27,2868.0,546.0,18.0,41.0,0.32362595200538635,-1,-1,-1
369,39,3940.0,516.0,17.0,31.0,1.0,-1,-1,-1
370,3,3108.0,555.0,17.0,36.0,1.0,-1,-1,-1
370,4,3766.0,800.0,48.0,105.0,0.6833612322807312,-1,-1,-1
370,26,3360.0,546.0,16.0,30.0,0.2971734404563904,-1,-1,-1
370,27,2869.0,546.0,17.0,40.0,0.303496390581131,-1,-1,-1
370,39,3940.0,515.0,17.0,32.0,1.0,-1,-1,-1
371,3,3109.0,555.0,17.0,36.0,1.0,-1,-1,-1
371,4,3769.0,800.0,48.0,105.0,0.731701135635376,-1,-1,-1
371,26,3362.0,546.0,15.0,30.0,1.0,-1,-1,-1
371,27,2869.0,546.0,17.0,40.0,0.32189708948135376,-1,-1,-1
371,39,3940.0,515.0,18.0,32.0,1.0,-1,-1,-1
372,3,3111.0,556.0,17.0,36.0,1.0,-1,-1,-1
372,4,3773.0,800.0,47.0,104.0,0.6377764344215393,-1,-1,-1
372,26,3364.0,547.0,15.0,30.0,1.0,-1,-1,-1
372,27,2869.0,547.0,17.0,40.0,0.34495872259140015,-1,-1,-1
372,39,3941.0,515.0,18.0,32.0,1.0,-1,-1,-1
373,3,3113.0,556.0,17.0,36.0,1.0,-1,-1,-1
373,4,3775.0,801.0,47.0,104.0,0.6629897952079773,-1,-1,-1
373,26,3367.0,547.0,15.0,29.0,1.0,-1,-1,-1
373,27,2870.0,547.0,17.0,40.0,0.3878049850463867,-1,-1,-1
373,39,3941.0,515.0,18.0,33.0,1.0,-1,-1,-1
374,3,3114.0,556.0,17.0,36.0,1.0,-1,-1,-1
374,4,3776.0,801.0,47.0,104.0,0.6514814496040344,-1,-1,-1
374,26,3369.0,548.0,15.0,29.0,1.0,-1,-1,-1
374,27,2871.0,546.0,17.0,42.0,0.4391290247440338,-1,-1,-1
374,39,3942.0,514.0,18.0,33.0,1.0,-1,-1,-1
375,3,3116.0,556.0,17.0,36.0,1.0,-1,-1,-1
375,4,3777.0,801.0,47.0,105.0,0.7141170501708984,-1,-1,-1
375,26,3372.0,548.0,15.0,29.0,1.0,-1,-1,-1
375,27,2872.0,545.0,17.0,43.0,0.45758283138275146,-1,-1,-1
375,39,3942.0,514.0,18.0,33.0,1.0,-1,-1,-1
376,3,3117.0,557.0,17.0,36.0,1.0,-1,-1,-1
376,4,3778.0,801.0,48.0,106.0,0.6748616695404053,-1,-1,-1
376,26,3374.0,548.0,15.0,29.0,1.0,-1,-1,-1
376,27,2873.0,546.0,17.0,43.0,0.39376363158226013,-1,-1,-1
376,39,3942.0,514.0,19.0,34.0,1.0,-1,-1,-1
377,3,3119.0,557.0,16.0,35.0,1.0,-1,-1,-1
377,4,3779.0,801.0,47.0,106.0,0.7285430431365967,-1,-1,-1
377,26,3377.0,549.0,15.0,29.0,1.0,-1,-1,-1
377,27,2874.0,545.0,18.0,44.0,0.47525131702423096,-1,-1,-1
377,39,3943.0,514.0,19.0,34.0,1.0,-1,-1,-1
378,3,3120.0,557.0,16.0,35.0,1.0,-1,-1,-1
378,4,3779.0,801.0,47.0,106.0,0.6992213726043701,-1,-1,-1
378,26,3379.0,549.0,15.0,29.0,1.0,-1,-1,-1
378,27,2874.0,544.0,18.0,44.0,0.5060444474220276,-1,-1,-1
378,39,3943.0,513.0,19.0,34.0,1.0,-1,-1,-1
379,3,3122.0,558.0,16.0,35.0,1.0,-1,-1,-1
379,4,3780.0,802.0,46.0,106.0,0.6989364624023438,-1,-1,-1
379,26,3381.0,550.0,15.0,29.0,1.0,-1,-1,-1
379,27,2875.0,544.0,19.0,45.0,0.49145424365997314,-1,-1,-1
379,39,3943.0,513.0,19.0,35.0,1.0,-1,-1,-1
380,3,3124.0,558.0,16.0,35.0,1.0,-1,-1,-1
380,4,3781.0,802.0,46.0,106.0,0.7298239469528198,-1,-1,-1
380,26,3384.0,550.0,15.0,29.0,1.0,-1,-1,-1
380,27,2875.0,546.0,18.0,44.0,0.4206284284591675,-1,-1,-1
380,39,3944.0,513.0,19.0,35.0,1.0,-1,-1,-1
381,3,3125.0,558.0,16.0,35.0,1.0,-1,-1,-1
381,4,3782.0,802.0,46.0,105.0,0.73974609375,-1,-1,-1
381,26,3386.0,551.0,15.0,28.0,1.0,-1,-1,-1
381,27,2876.0,546.0,18.0,43.0,0.3946819603443146,-1,-1,-1
381,39,3944.0,513.0,20.0,36.0,1.0,-1,-1,-1
382,3,3127.0,559.0,16.0,35.0,1.0,-1,-1,-1
382,4,3783.0,802.0,46.0,105.0,0.737450361251831,-1,-1,-1
382,26,3389.0,551.0,15.0,28.0,1.0,-1,-1,-1
382,27,2877.0,546.0,18.0,43.0,0.4197577238082886,-1,-1,-1
382,39,3944.0,512.0,20.0,36.0,1.0,-1,-1,-1
383,3,3128.0,559.0,16.0,35.0,1.0,-1,-1,-1
383,4,3785.0,802.0,45.0,106.0,0.7574543356895447,-1,-1,-1
383,26,3391.0,551.0,15.0,28.0,1.0,-1,-1,-1
383,27,2879.0,546.0,17.0,42.0,0.29447999596595764,-1,-1,-1
383,39,3945.0,512.0,20.0,36.0,1.0,-1,-1,-1
384,3,3130.0,559.0,16.0,35.0,1.0,-1,-1,-1
384,4,3787.0,801.0,44.0,106.0,0.7408561706542969,-1,-1,-1
384,26,3394.0,552.0,15.0,28.0,1.0,-1,-1,-1
384,27,2880.0,547.0,17.0,41.0,0.26128634810447693,-1,-1,-1
384,39,3945.0,512.0,20.0,37.0,1.0,-1,-1,-1
385,3,3131.0,560.0,16.0,35.0,1.0,-1,-1,-1
385,4,3790.0,801.0,43.0,104.0,0.6925671696662903,-1,-1,-1
385,26,3396.0,552.0,15.0,28.0,1.0,-1,-1,-1
385,27,2881.0,547.0,17.0,41.0,1.0,-1,-1,-1
385,39,3945.0,512.0,20.0,37.0,1.0,-1,-1,-1
386,3,3119.0,556.0,16.0,34.0,0.29125726222991943,-1,-1,-1
386,4,3792.0,801.0,43.0,105.0,0.6596172451972961,-1,-1,-1
386,26,3398.0,553.0,15.0,28.0,1.0,-1,-1,-1
386,27,2882.0,548.0,16.0,41.0,0.2756520211696625,-1,-1,-1
386,39,3946.0,511.0,20.0,37.0,1.0,-1,-1,-1
387,3,3120.0,556.0,16.0,33.0,1.0,-1,-1,-1
387,4,3795.0,799.0,42.0,105.0,0.5358443260192871,-1,-1,-1
387,26,3401.0,553.0,14.0,28.0,1.0,-1,-1,-1
387,27,2883.0,549.0,16.0,40.0,1.0,-1,-1,-1
387,39,3946.0,511.0,21.0,38.0,1.0,-1,-1,-1
388,3,3121.0,556.0,16.0,33.0,1.0,-1,-1,-1
388,4,3797.0,799.0,41.0,104.0,0.5712741017341614,-1,-1,-1
388,26,3403.0,554.0,14.0,28.0,1.0,-1,-1,-1
388,27,2884.0,549.0,16.0,40.0,1.0,-1,-1,-1
388,39,3947.0,511.0,21.0,38.0,1.0,-1,-1,-1
389,3,3122.0,556.0,16.0,33.0,1.0,-1,-1,-1
389,4,3798.0,799.0,40.0,102.0,0.5866011381149292,-1,-1,-1
389,26,3406.0,554.0,14.0,28.0,1.0,-1,-1,-1
389,27,2884.0,549.0,16.0,40.0,1.0,-1,-1,-1
389,39,3955.0,519.0,14.0,26.0,0.25523895025253296,-1,-1,-1
390,3,3123.0,556.0,16.0,33.0,1.0,-1,-1,-1
390,4,3800.0,799.0,40.0,101.0,0.7051512002944946,-1,-1,-1
390,26,3408.0,554.0,14.0,27.0,1.0,-1,-1,-1
390,27,2885.0,549.0,16.0,40.0,1.0,-1,-1,-1
390,39,3957.0,520.0,14.0,25.0,0.2775600850582123,-1,-1,-1
391,3,3124.0,556.0,16.0,33.0,1.0,-1,-1,-1
391,4,3801.0,799.0,41.0,105.0,0.7358459830284119,-1,-1,-1
391,26,3411.0,555.0,14.0,27.0,1.0,-1,-1,-1
391,27,2886.0,549.0,16.0,40.0,1.0,-1,-1,-1
391,39,3958.0,521.0,14.0,24.0,0.27050742506980896,-1,-1,-1
392,3,3125.0,556.0,16.0,33.0,1.0,-1,-1,-1
392,4,3802.0,799.0,42.0,107.0,0.7417303919792175,-1,-1,-1
392,26,3413.0,555.0,14.0,27.0,1.0,-1,-1,-1
392,27,2887.0,550.0,16.0,40.0,1.0,-1,-1,-1
392,39,3959.0,521.0,14.0,23.0,0.30061593651771545,-1,-1,-1
393,3,3125.0,556.0,16.0,32.0,1.0,-1,-1,-1
393,4,3802.0,799.0,43.0,109.0,0.7400017976760864,-1,-1,-1
393,26,3415.0,556.0,14.0,27.0,1.0,-1,-1,-1
393,27,2888.0,550.0,16.0,40.0,1.0,-1,-1,-1
393,39,3960.0,521.0,13.0,23.0,1.0,-1,-1,-1
394,3,3126.0,556.0,15.0,32.0,1.0,-1,-1,-1
394,4,3803.0,800.0,43.0,109.0,0.7529527544975281,-1,-1,-1
394,26,3418.0,556.0,14.0,27.0,1.0,-1,-1,-1
394,27,2889.0,550.0,16.0,39.0,1.0,-1,-1,-1
394,39,3959.0,520.0,15.0,25.0,0.2567528188228607,-1,-1,-1
395,3,3127.0,556.0,15.0,32.0,1.0,-1,-1,-1
395,4,3803.0,800.0,42.0,108.0,0.7298552393913269,-1,-1,-1
395,26,3420.0,557.0,14.0,27.0,1.0,-1,-1,-1
395,27,2893.0,552.0,16.0,37.0,0.26745954155921936,-1,-1,-1
395,39,3960.0,520.0,14.0,25.0,0.320258229970932,-1,-1,-1
396,3,3128.0,556.0,15.0,32.0,1.0,-1,-1,-1
396,4,3803.0,801.0,42.0,108.0,0.7310471534729004,-1,-1,-1
396,27,2894.0,553.0,16.0,36.0,1.0,-1,-1,-1
396,39,3961.0,520.0,14.0,25.0,0.32367220520973206,-1,-1,-1
397,3,3129.0,557.0,15.0,32.0,1.0,-1,-1,-1
397,4,3804.0,801.0,42.0,108.0,0.7493864297866821,-1,-1,-1
397,27,2895.0,553.0,16.0,35.0,0.2648675739765167,-1,-1,-1
397,39,3963.0,521.0,14.0,24.0,0.25154146552085876,-1,-1,-1
398,3,3130.0,557.0,15.0,32.0,1.0,-1,-1,-1
398,4,3804.0,801.0,43.0,108.0,0.7494913935661316,-1,-1,-1
398,27,2897.0,554.0,15.0,33.0,0.2848796844482422,-1,-1,-1
398,39,3964.0,520.0,14.0,24.0,0.3447791039943695,-1,-1,-1
399,3,3131.0,557.0,15.0,31.0,1.0,-1,-1,-1
399,4,3803.0,801.0,43.0,108.0,0.7528455853462219,-1,-1,-1
399,27,2898.0,555.0,15.0,32.0,0.27604424953460693,-1,-1,-1
399,39,3964.0,519.0,14.0,26.0,0.3643553853034973,-1,-1,-1
400,3,3131.0,557.0,15.0,31.0,1.0,-1,-1,-1
400,4,3802.0,801.0,43.0,108.0,0.7360512614250183,-1,-1,-1
400,27,2899.0,557.0,14.0,30.0,0.2909379005432129,-1,-1,-1
400,39,3964.0,519.0,15.0,27.0,0.3728923797607422,-1,-1,-1
401,3,3132.0,557.0,15.0,31.0,1.0,-1,-1,-1
401,4,3801.0,801.0,43.0,108.0,0.7203366756439209,-1,-1,-1
401,27,2900.0,558.0,14.0,30.0,0.29538410902023315,-1,-1,-1
401,39,3965.0,520.0,14.0,25.0,0.31166669726371765,-1,-1,-1
402,3,3133.0,557.0,15.0,31.0,1.0,-1,-1,-1
402,4,3799.0,801.0,44.0,109.0,0.7140350341796875,-1,-1,-1
402,27,2902.0,556.0,15.0,31.0,0.3955106735229492,-1,-1,-1
402,39,3965.0,520.0,15.0,26.0,0.3371175229549408,-1,-1,-1
403,3,3134.0,557.0,15.0,31.0,1.0,-1,-1,-1
403,4,3797.0,800.0,45.0,110.0,0.6943798065185547,-1,-1,-1
403,27,2903.0,556.0,15.0,32.0,0.3024432957172394,-1,-1,-1
403,39,3965.0,518.0,16.0,28.0,0.2527785897254944,-1,-1,-1
404,3,3135.0,557.0,15.0,31.0,1.0,-1,-1,-1
404,4,3795.0,800.0,46.0,111.0,0.7219153046607971,-1,-1,-1
404,27,2904.0,554.0,17.0,35.0,0.38347795605659485,-1,-1,-1
404,39,3965.0,518.0,16.0,29.0,1.0,-1,-1,-1
405,3,3136.0,557.0,15.0,31.0,1.0,-1,-1,-1
405,4,3794.0,800.0,47.0,111.0,0.7071665525436401,-1,-1,-1
405,27,2905.0,555.0,17.0,34.0,0.3064349293708801,-1,-1,-1
405,39,3966.0,518.0,16.0,29.0,1.0,-1,-1,-1
406,3,3137.0,557.0,15.0,30.0,1.0,-1,-1,-1
406,4,3793.0,800.0,47.0,110.0,0.7144729495048523,-1,-1,-1
406,27,2906.0,554.0,18.0,36.0,0.29477888345718384,-1,-1,-1
406,39,3966.0,518.0,16.0,29.0,1.0,-1,-1,-1
407,3,3137.0,557.0,14.0,30.0,1.0,-1,-1,-1
407,4,3791.0,800.0,48.0,110.0,0.7130728363990784,-1,-1,-1
407,27,2907.0,554.0,18.0,36.0,1.0,-1,-1,-1
407,39,3967.0,518.0,17.0,30.0,1.0,-1,-1,-1
408,3,3138.0,557.0,14.0,30.0,1.0,-1,-1,-1
408,4,3790.0,800.0,49.0,110.0,0.6865885257720947,-1,-1,-1
408,27,2908.0,554.0,18.0,36.0,1.0,-1,-1,-1
408,39,3967.0,518.0,17.0,30.0,1.0,-1,-1,-1
409,3,3139.0,558.0,14.0,30.0,1.0,-1,-1,-1
409,4,3788.0,801.0,50.0,111.0,0.7039051651954651,-1,-1,-1
409,27,2910.0,554.0,18.0,36.0,1.0,-1,-1,-1
409,39,3968.0,518.0,17.0,30.0,1.0,-1,-1,-1
410,3,3140.0,558.0,14.0,30.0,1.0,-1,-1,-1
410,4,3787.0,802.0,50.0,109.0,0.7016465067863464,-1,-1,-1
410,27,2911.0,554.0,19.0,36.0,1.0,-1,-1,-1
410,39,3968.0,517.0,17.0,31.0,1.0,-1,-1,-1
411,3,3141.0,558.0,14.0,30.0,1.0,-1,-1,-1
411,4,3786.0,803.0,50.0,109.0,0.7122069597244263,-1,-1,-1
411,27,2912.0,554.0,19.0,36.0,1.0,-1,-1,-1
411,39,3969.0,517.0,17.0,31.0,1.0,-1,-1,-1
412,4,3786.0,803.0,50.0,109.0,0.7172712683677673,-1,-1,-1
412,27,2913.0,554.0,19.0,37.0,1.0,-1,-1,-1
412,39,3969.0,517.0,18.0,32.0,1.0,-1,-1,-1
413,4,3785.0,802.0,50.0,110.0,0.7303875684738159,-1,-1,-1
413,27,2915.0,554.0,19.0,37.0,1.0,-1,-1,-1
413,39,3970.0,517.0,18.0,32.0,1.0,-1,-1,-1
414,4,3784.0,802.0,50.0,110.0,0.7384530305862427,-1,-1,-1
414,27,2920.0,550.0,20.0,40.0,0.2938862442970276,-1,-1,-1
414,39,3971.0,517.0,18.0,32.0,1.0,-1,-1,-1
414,44,3209.0,496.0,17.0,40.0,0.29746198654174805,-1,-1,-1
415,4,3784.0,802.0,49.0,111.0,0.7487570643424988,-1,-1,-1
415,27,2922.0,549.0,20.0,41.0,0.3492717444896698,-1,-1,-1
415,39,3971.0,517.0,18.0,33.0,1.0,-1,-1,-1
415,44,3210.0,497.0,16.0,38.0,0.2804200351238251,-1,-1,-1
416,4,3783.0,802.0,49.0,111.0,0.7536676526069641,-1,-1,-1
416,27,2924.0,550.0,20.0,42.0,0.3168693482875824,-1,-1,-1
416,39,3980.0,519.0,16.0,29.0,0.26780760288238525,-1,-1,-1
416,44,3211.0,498.0,16.0,38.0,0.25314831733703613,-1,-1,-1
417,4,3782.0,802.0,49.0,111.0,0.752265214920044,-1,-1,-1
417,27,2926.0,552.0,18.0,40.0,0.34912848472595215,-1,-1,-1
417,39,3980.0,519.0,16.0,29.0,0.3012922704219818,-1,-1,-1
417,44,3211.0,499.0,16.0,37.0,1.0,-1,-1,-1
418,4,3782.0,802.0,48.0,111.0,0.7546370029449463,-1,-1,-1
418,27,2929.0,556.0,16.0,36.0,0.2518054246902466,-1,-1,-1
418,39,3981.0,520.0,16.0,29.0,1.0,-1,-1,-1
418,44,3211.0,500.0,15.0,36.0,1.0,-1,-1,-1
419,4,3782.0,801.0,48.0,111.0,0.7596985697746277,-1,-1,-1
419,27,2930.0,557.0,16.0,35.0,1.0,-1,-1,-1
419,39,3983.0,520.0,16.0,29.0,0.3000905513763428,-1,-1,-1
419,44,3212.0,500.0,15.0,36.0,1.0,-1,-1,-1
420,4,3782.0,801.0,48.0,112.0,0.778118908405304,-1,-1,-1
420,27,2932.0,558.0,16.0,35.0,0.2781795859336853,-1,-1,-1
420,39,3985.0,521.0,15.0,28.0,0.3405132591724396,-1,-1,-1
420,44,3212.0,501.0,15.0,35.0,1.0,-1,-1,-1
421,4,3782.0,801.0,47.0,112.0,0.7803690433502197,-1,-1,-1
421,27,2933.0,558.0,17.0,37.0,0.29822784662246704,-1,-1,-1
421,39,3987.0,521.0,15.0,26.0,0.35834723711013794,-1,-1,-1
421,44,3212.0,502.0,15.0,35.0,1.0,-1,-1,-1
422,4,3782.0,801.0,47.0,112.0,0.7784656286239624,-1,-1,-1
422,27,2935.0,555.0,18.0,40.0,0.33679699897766113,-1,-1,-1
422,39,3987.0,522.0,14.0,26.0,0.44475483894348145,-1,-1,-1
422,44,3213.0,503.0,14.0,34.0,1.0,-1,-1,-1
423,4,3782.0,801.0,47.0,112.0,0.7809327840805054,-1,-1,-1
423,27,2937.0,555.0,19.0,41.0,0.2560732960700989,-1,-1,-1
423,39,3989.0,522.0,14.0,24.0,0.30006512999534607,-1,-1,-1
423,44,3213.0,503.0,14.0,34.0,1.0,-1,-1,-1
424,4,3783.0,801.0,46.0,112.0,0.7859734892845154,-1,-1,-1
424,27,2938.0,556.0,19.0,41.0,1.0,-1,-1,-1
424,39,3990.0,522.0,14.0,25.0,0.3839251697063446,-1,-1,-1
424,44,3213.0,504.0,14.0,33.0,1.0,-1,-1,-1
425,4,3784.0,802.0,46.0,111.0,0.7826621532440186,-1,-1,-1
425,27,2940.0,556.0,19.0,42.0,1.0,-1,-1,-1
425,39,3991.0,521.0,14.0,25.0,0.40862321853637695,-1,-1,-1
425,44,3214.0,505.0,14.0,33.0,1.0,-1,-1,-1
426,4,3784.0,802.0,45.0,111.0,0.7720657587051392,-1,-1,-1
426,27,2941.0,556.0,19.0,42.0,1.0,-1,-1,-1
426,39,3991.0,522.0,14.0,25.0,0.36335089802742004,-1,-1,-1
426,44,3214.0,506.0,13.0,32.0,1.0,-1,-1,-1
427,4,3785.0,803.0,45.0,110.0,0.761252760887146,-1,-1,-1
427,27,2944.0,561.0,18.0,38.0,0.251986026763916,-1,-1,-1
427,39,3993.0,522.0,15.0,25.0,0.30727243423461914,-1,-1,-1
427,44,3214.0,506.0,13.0,32.0,1.0,-1,-1,-1
428,4,3786.0,803.0,45.0,110.0,0.7150779366493225,-1,-1,-1
428,27,2946.0,561.0,18.0,38.0,1.0,-1,-1,-1
428,39,3994.0,522.0,15.0,25.0,1.0,-1,-1,-1
428,44,3215.0,507.0,13.0,31.0,1.0,-1,-1,-1
429,4,3787.0,803.0,44.0,109.0,0.7291787266731262,-1,-1,-1
429,27,2947.0,562.0,17.0,38.0,0.2565734088420868,-1,-1,-1
429,39,3995.0,522.0,15.0,25.0,1.0,-1,-1,-1
429,44,3215.0,508.0,13.0,31.0,1.0,-1,-1,-1
430,4,3788.0,803.0,44.0,109.0,0.7242530584335327,-1,-1,-1
430,27,2948.0,559.0,18.0,39.0,0.33204784989356995,-1,-1,-1
430,39,3996.0,522.0,15.0,25.0,1.0,-1,-1,-1
430,44,3215.0,508.0,12.0,30.0,1.0,-1,-1,-1
431,4,3789.0,803.0,45.0,109.0,0.7317964434623718,-1,-1,-1
431,27,2949.0,557.0,18.0,41.0,0.3431120216846466,-1,-1,-1
431,39,3997.0,522.0,14.0,25.0,1.0,-1,-1,-1
431,44,3216.0,509.0,12.0,29.0,1.0,-1,-1,-1
432,4,3790.0,803.0,45.0,109.0,0.756858229637146,-1,-1,-1
432,27,2950.0,557.0,18.0,40.0,0.30351221561431885,-1,-1,-1
432,39,3998.0,522.0,14.0,24.0,1.0,-1,-1,-1
432,44,3216.0,510.0,12.0,29.0,1.0,-1,-1,-1
433,4,3791.0,802.0,45.0,109.0,0.7582075595855713,-1,-1,-1
433,27,2952.0,557.0,17.0,39.0,0.3644757568836212,-1,-1,-1
433,39,4000.0,522.0,14.0,24.0,1.0,-1,-1,-1
433,44,3216.0,511.0,12.0,28.0,1.0,-1,-1,-1
434,4,3791.0,802.0,45.0,109.0,0.7602673768997192,-1,-1,-1
434,27,2954.0,559.0,17.0,38.0,0.380559504032135,-1,-1,-1
434,39,4001.0,522.0,14.0,24.0,1.0,-1,-1,-1
434,44,3217.0,511.0,12.0,28.0,1.0,-1,-1,-1
435,4,3792.0,803.0,45.0,108.0,0.7852754592895508,-1,-1,-1
435,27,2956.0,560.0,17.0,38.0,0.32722944021224976,-1,-1,-1
435,39,4002.0,523.0,14.0,24.0,1.0,-1,-1,-1
435,44,3217.0,512.0,11.0,27.0,1.0,-1,-1,-1
436,4,3793.0,804.0,45.0,108.0,0.7872631549835205,-1,-1,-1
436,27,2959.0,560.0,17.0,37.0,0.29319512844085693,-1,-1,-1
436,39,4003.0,523.0,14.0,24.0,1.0,-1,-1,-1
436,44,3217.0,513.0,11.0,27.0,1.0,-1,-1,-1
437,4,3794.0,804.0,45.0,107.0,0.7865302562713623,-1,-1,-1
437,27,2961.0,561.0,17.0,37.0,0.35360005497932434,-1,-1,-1
437,39,4010.0,524.0,14.0,24.0,0.2937980890274048,-1,-1,-1
437,44,3218.0,514.0,11.0,26.0,1.0,-1,-1,-1
438,4,3795.0,805.0,45.0,106.0,0.8018908500671387,-1,-1,-1
438,27,2962.0,562.0,17.0,37.0,0.37891581654548645,-1,-1,-1
438,39,4011.0,522.0,15.0,26.0,0.3470323383808136,-1,-1,-1
438,44,3218.0,514.0,11.0,26.0,1.0,-1,-1,-1
439,4,3796.0,805.0,45.0,106.0,0.8015503287315369,-1,-1,-1
439,27,2963.0,562.0,17.0,39.0,0.38474833965301514,-1,-1,-1
439,39,4013.0,523.0,15.0,26.0,0.38828712701797485,-1,-1,-1
439,44,3218.0,515.0,10.0,25.0,1.0,-1,-1,-1
440,4,3798.0,805.0,45.0,105.0,0.8009905815124512,-1,-1,-1
440,27,2964.0,562.0,17.0,40.0,1.0,-1,-1,-1
440,39,4014.0,522.0,15.0,26.0,0.3855856955051422,-1,-1,-1
440,44,3219.0,516.0,10.0,25.0,1.0,-1,-1,-1
441,4,3800.0,805.0,45.0,106.0,0.8086616396903992,-1,-1,-1
441,27,2966.0,562.0,18.0,40.0,1.0,-1,-1,-1
441,39,4016.0,522.0,14.0,24.0,0.36991894245147705,-1,-1,-1
441,44,3219.0,516.0,10.0,24.0,1.0,-1,-1,-1
441,46,3036.0,510.0,15.0,30.0,0.2958529591560364,-1,-1,-1
442,4,3801.0,805.0,44.0,106.0,0.8164543509483337,-1,-1,-1
442,27,2968.0,562.0,18.0,40.0,1.0,-1,-1,-1
442,39,4017.0,522.0,14.0,24.0,0.3363110423088074,-1,-1,-1
442,46,3037.0,510.0,14.0,29.0,0.254589319229126,-1,-1,-1
443,4,3803.0,806.0,44.0,106.0,0.8040786385536194,-1,-1,-1
443,27,2969.0,563.0,18.0,40.0,1.0,-1,-1,-1
443,39,4019.0,522.0,15.0,25.0,0.3026335537433624,-1,-1,-1
443,46,3038.0,510.0,14.0,28.0,1.0,-1,-1,-1
444,4,3804.0,806.0,43.0,105.0,0.8034237623214722,-1,-1,-1
444,27,2973.0,563.0,18.0,40.0,0.26198211312294006,-1,-1,-1
444,39,4020.0,522.0,15.0,25.0,1.0,-1,-1,-1
444,46,3038.0,510.0,14.0,28.0,1.0,-1,-1,-1
445,4,3805.0,806.0,43.0,106.0,0.821851909160614,-1,-1,-1
445,27,2975.0,563.0,18.0,41.0,0.2861817181110382,-1,-1,-1
445,39,4022.0,523.0,15.0,25.0,1.0,-1,-1,-1
445,46,3039.0,510.0,13.0,27.0,1.0,-1,-1,-1
446,4,3806.0,806.0,43.0,107.0,0.8086209893226624,-1,-1,-1
446,27,2977.0,563.0,18.0,41.0,0.30924439430236816,-1,-1,-1
446,39,4023.0,523.0,15.0,25.0,1.0,-1,-1,-1
446,46,3039.0,510.0,13.0,26.0,1.0,-1,-1,-1
447,4,3806.0,806.0,43.0,107.0,0.8064005970954895,-1,-1,-1
447,27,2978.0,565.0,18.0,40.0,0.34607335925102234,-1,-1,-1
447,39,4025.0,523.0,15.0,25.0,1.0,-1,-1,-1
447,46,3040.0,510.0,13.0,26.0,1.0,-1,-1,-1
448,4,3807.0,807.0,43.0,107.0,0.8062115907669067,-1,-1,-1
448,27,2979.0,567.0,17.0,40.0,0.3980760872364044,-1,-1,-1
448,39,4026.0,523.0,15.0,25.0,1.0,-1,-1,-1
448,46,3041.0,510.0,12.0,25.0,1.0,-1,-1,-1
449,4,3809.0,808.0,42.0,106.0,0.8084893822669983,-1,-1,-1
449,27,2981.0,567.0,17.0,40.0,0.3925062417984009,-1,-1,-1
449,39,4028.0,523.0,15.0,25.0,1.0,-1,-1,-1
449,46,3041.0,510.0,12.0,24.0,1.0,-1,-1,-1
450,4,3811.0,808.0,42.0,105.0,0.7841405868530273,-1,-1,-1
450,27,2983.0,567.0,18.0,40.0,0.3672925531864166,-1,-1,-1
450,39,4029.0,523.0,15.0,25.0,1.0,-1,-1,-1
450,46,3042.0,509.0,11.0,24.0,1.0,-1,-1,-1
451,4,3812.0,810.0,41.0,103.0,0.7693566679954529,-1,-1,-1
451,27,2984.0,566.0,19.0,43.0,0.3932732939720154,-1,-1,-1
451,39,4031.0,523.0,15.0,25.0,1.0,-1,-1,-1
451,46,3042.0,509.0,11.0,23.0,1.0,-1,-1,-1
452,4,3812.0,809.0,41.0,104.0,0.7889729142189026,-1,-1,-1
452,27,2986.0,566.0,20.0,44.0,0.42176952958106995,-1,-1,-1
452,39,4033.0,523.0,15.0,25.0,0.362972617149353,-1,-1,-1
452,46,3049.0,510.0,13.0,27.0,0.2722337543964386,-1,-1,-1
453,4,3813.0,809.0,41.0,104.0,0.7596315145492554,-1,-1,-1
453,27,2988.0,565.0,20.0,45.0,0.4044647216796875,-1,-1,-1
453,39,4034.0,521.0,16.0,28.0,0.4052417576313019,-1,-1,-1
453,46,3050.0,512.0,13.0,27.0,0.3574449419975281,-1,-1,-1
454,4,3815.0,810.0,41.0,104.0,0.7707827091217041,-1,-1,-1
454,27,2991.0,565.0,19.0,44.0,0.38058996200561523,-1,-1,-1
454,39,4036.0,523.0,15.0,26.0,0.43675553798675537,-1,-1,-1
454,46,3052.0,513.0,12.0,24.0,0.4036451280117035,-1,-1,-1
455,4,3815.0,810.0,42.0,103.0,0.7747117280960083,-1,-1,-1
455,27,2993.0,568.0,18.0,41.0,0.4353293180465698,-1,-1,-1
455,39,4038.0,521.0,15.0,26.0,0.4266907274723053,-1,-1,-1
455,46,3053.0,513.0,11.0,24.0,0.40217140316963196,-1,-1,-1
455,47,3215.0,491.0,25.0,51.0,0.2581475079059601,-1,-1,-1
456,4,3817.0,809.0,42.0,103.0,0.7773721218109131,-1,-1,-1
456,27,2996.0,568.0,18.0,40.0,0.46647143363952637,-1,-1,-1
456,39,4041.0,522.0,14.0,24.0,0.476710706949234,-1,-1,-1
456,46,3054.0,513.0,11.0,25.0,0.41551944613456726,-1,-1,-1
456,47,3216.0,489.0,26.0,54.0,0.30238965153694153,-1,-1,-1
456,48,3612.0,533.0,18.0,43.0,0.4071158468723297,-1,-1,-1
457,4,3818.0,807.0,43.0,105.0,0.7786402702331543,-1,-1,-1
457,27,2999.0,569.0,18.0,40.0,0.4139457046985626,-1,-1,-1
457,39,4042.0,522.0,16.0,26.0,0.567415177822113,-1,-1,-1
457,46,3055.0,515.0,10.0,22.0,0.2840983271598816,-1,-1,-1
457,47,3216.0,487.0,27.0,56.0,0.2574117183685303,-1,-1,-1
457,48,3611.0,532.0,18.0,43.0,0.3996801972389221,-1,-1,-1
458,4,3819.0,805.0,44.0,107.0,0.7707083821296692,-1,-1,-1
458,27,3000.0,569.0,18.0,40.0,0.43506136536598206,-1,-1,-1
458,39,4044.0,523.0,14.0,23.0,0.5296326279640198,-1,-1,-1
458,46,3057.0,513.0,11.0,23.0,0.30480027198791504,-1,-1,-1
458,47,3218.0,485.0,28.0,58.0,0.2750852108001709,-1,-1,-1
458,48,3610.0,529.0,19.0,44.0,0.3884034752845764,-1,-1,-1
459,4,3822.0,805.0,43.0,106.0,0.7795474529266357,-1,-1,-1
459,27,3001.0,569.0,19.0,43.0,0.5271933674812317,-1,-1,-1
459,39,4045.0,523.0,15.0,24.0,0.47916656732559204,-1,-1,-1
459,46,3058.0,513.0,12.0,25.0,0.2827266454696655,-1,-1,-1
459,47,3220.0,483.0,29.0,60.0,0.25321972370147705,-1,-1,-1
459,48,3610.0,529.0,19.0,46.0,0.3513810336589813,-1,-1,-1
460,4,3824.0,805.0,43.0,105.0,0.810106098651886,-1,-1,-1
460,27,3002.0,569.0,20.0,45.0,0.5948920249938965,-1,-1,-1
460,39,4046.0,523.0,16.0,26.0,0.5113261342048645,-1,-1,-1
460,46,3058.0,514.0,12.0,24.0,0.2572982609272003,-1,-1,-1
460,47,3221.0,482.0,30.0,62.0,0.2732789218425751,-1,-1,-1
460,48,3610.0,529.0,19.0,46.0,1.0,-1,-1,-1
461,4,3827.0,804.0,43.0,105.0,0.8084913492202759,-1,-1,-1
461,27,3004.0,569.0,20.0,46.0,0.6006597876548767,-1,-1,-1
461,39,4047.0,524.0,15.0,24.0,0.403505802154541,-1,-1,-1
461,46,3059.0,512.0,14.0,28.0,0.2653709352016449,-1,-1,-1
461,47,3222.0,485.0,28.0,59.0,0.266559898853302,-1,-1,-1
461,48,3609.0,528.0,19.0,46.0,1.0,-1,-1,-1
462,4,3829.0,803.0,43.0,106.0,0.7887420654296875,-1,-1,-1
462,27,3006.0,568.0,20.0,46.0,0.622389018535614,-1,-1,-1
462,39,4048.0,524.0,16.0,26.0,0.3802294433116913,-1,-1,-1
462,46,3059.0,512.0,15.0,30.0,0.27680009603500366,-1,-1,-1
462,47,3223.0,484.0,28.0,59.0,0.3184531629085541,-1,-1,-1
462,48,3609.0,527.0,19.0,46.0,1.0,-1,-1,-1
463,4,3831.0,802.0,42.0,106.0,0.8040852546691895,-1,-1,-1
463,27,3009.0,569.0,19.0,44.0,0.5978801846504211,-1,-1,-1
463,39,4049.0,524.0,16.0,26.0,1.0,-1,-1,-1
463,46,3060.0,512.0,15.0,31.0,1.0,-1,-1,-1
463,47,3224.0,483.0,29.0,61.0,0.2552933394908905,-1,-1,-1
463,48,3609.0,527.0,19.0,46.0,1.0,-1,-1,-1
464,4,3833.0,802.0,43.0,108.0,0.8204699754714966,-1,-1,-1
464,27,3011.0,570.0,19.0,44.0,0.5884066224098206,-1,-1,-1
464,39,4051.0,524.0,16.0,26.0,1.0,-1,-1,-1
464,46,3061.0,512.0,16.0,31.0,1.0,-1,-1,-1
464,47,3225.0,482.0,29.0,62.0,1.0,-1,-1,-1
464,48,3608.0,526.0,19.0,46.0,1.0,-1,-1,-1
465,4,3836.0,801.0,42.0,109.0,0.8223986029624939,-1,-1,-1
465,27,3012.0,571.0,19.0,43.0,0.5249501466751099,-1,-1,-1
465,39,4052.0,524.0,16.0,26.0,1.0,-1,-1,-1
465,46,3062.0,512.0,16.0,32.0,1.0,-1,-1,-1
465,47,3226.0,484.0,29.0,61.0,0.26524618268013,-1,-1,-1
465,48,3608.0,525.0,19.0,46.0,1.0,-1,-1,-1
465,49,3225.0,504.0,22.0,41.0,0.28545868396759033,-1,-1,-1
466,4,3838.0,800.0,42.0,109.0,0.8416770696640015,-1,-1,-1
466,27,3015.0,571.0,19.0,44.0,0.5172902345657349,-1,-1,-1
466,39,4054.0,524.0,16.0,26.0,1.0,-1,-1,-1
466,46,3063.0,511.0,15.0,30.0,0.25226134061813354,-1,-1,-1
466,47,3227.0,484.0,29.0,62.0,1.0,-1,-1,-1
466,48,3608.0,525.0,19.0,45.0,1.0,-1,-1,-1
466,49,3225.0,502.0,22.0,42.0,1.0,-1,-1,-1
467,4,3841.0,801.0,41.0,108.0,0.8236796259880066,-1,-1,-1
467,27,3018.0,572.0,20.0,45.0,0.39821743965148926,-1,-1,-1
467,39,4055.0,524.0,16.0,26.0,1.0,-1,-1,-1
467,46,3064.0,511.0,15.0,30.0,1.0,-1,-1,-1
467,47,3228.0,483.0,29.0,63.0,1.0,-1,-1,-1
467,48,3607.0,524.0,19.0,45.0,1.0,-1,-1,-1
467,49,3225.0,500.0,23.0,43.0,1.0,-1,-1,-1
468,4,3844.0,802.0,40.0,106.0,0.7920127511024475,-1,-1,-1
468,27,3020.0,572.0,20.0,45.0,1.0,-1,-1,-1
468,39,4056.0,524.0,17.0,26.0,1.0,-1,-1,-1
468,46,3065.0,511.0,15.0,30.0,1.0,-1,-1,-1
468,47,3229.0,482.0,30.0,64.0,1.0,-1,-1,-1
468,48,3607.0,523.0,19.0,45.0,1.0,-1,-1,-1
468,49,3230.0,503.0,22.0,42.0,0.2600717544555664,-1,-1,-1
469,4,3846.0,802.0,40.0,106.0,0.7108038663864136,-1,-1,-1
469,27,3024.0,571.0,19.0,42.0,0.3232167363166809,-1,-1,-1
469,39,4058.0,524.0,17.0,26.0,1.0,-1,-1,-1
469,46,3067.0,511.0,16.0,31.0,0.2506706118583679,-1,-1,-1
469,47,3230.0,482.0,30.0,65.0,1.0,-1,-1,-1
469,48,3607.0,523.0,19.0,45.0,1.0,-1,-1,-1
469,49,3231.0,502.0,23.0,43.0,1.0,-1,-1,-1
470,4,3848.0,802.0,40.0,106.0,0.711471676826477,-1,-1,-1
470,27,3025.0,571.0,21.0,47.0,0.4424261748790741,-1,-1,-1
470,39,4060.0,525.0,18.0,28.0,0.32381677627563477,-1,-1,-1
470,46,3068.0,510.0,16.0,31.0,0.2636280059814453,-1,-1,-1
470,47,3231.0,481.0,31.0,66.0,1.0,-1,-1,-1
470,48,3606.0,522.0,19.0,45.0,1.0,-1,-1,-1
470,49,3232.0,502.0,23.0,43.0,1.0,-1,-1,-1
471,4,3849.0,802.0,41.0,106.0,0.7175208330154419,-1,-1,-1
471,27,3028.0,571.0,20.0,44.0,0.5310508608818054,-1,-1,-1
471,39,4062.0,524.0,17.0,27.0,0.3647555708885193,-1,-1,-1
471,46,3069.0,510.0,16.0,32.0,1.0,-1,-1,-1
471,47,3232.0,480.0,31.0,67.0,1.0,-1,-1,-1
471,48,3606.0,522.0,19.0,45.0,1.0,-1,-1,-1
471,49,3234.0,501.0,23.0,44.0,1.0,-1,-1,-1
472,4,3851.0,801.0,42.0,106.0,0.7357184886932373,-1,-1,-1
472,27,3030.0,571.0,21.0,46.0,0.6004531383514404,-1,-1,-1
472,39,4065.0,525.0,16.0,26.0,0.3932713270187378,-1,-1,-1
472,46,3070.0,510.0,16.0,32.0,1.0,-1,-1,-1
472,47,3233.0,479.0,32.0,68.0,1.0,-1,-1,-1
472,48,3606.0,521.0,19.0,45.0,1.0,-1,-1,-1
472,49,3235.0,500.0,24.0,45.0,1.0,-1,-1,-1
473,4,3852.0,802.0,44.0,105.0,0.734278678894043,-1,-1,-1
473,27,3032.0,572.0,22.0,49.0,0.5609879493713379,-1,-1,-1
473,39,4066.0,525.0,16.0,26.0,0.40744659304618835,-1,-1,-1
473,46,3071.0,510.0,17.0,32.0,1.0,-1,-1,-1
473,47,3234.0,479.0,32.0,69.0,1.0,-1,-1,-1
473,48,3605.0,520.0,19.0,45.0,1.0,-1,-1,-1
473,49,3236.0,499.0,24.0,46.0,1.0,-1,-1,-1
474,4,3853.0,803.0,45.0,104.0,0.715803325176239,-1,-1,-1
474,27,3035.0,573.0,20.0,46.0,0.5588283538818359,-1,-1,-1
474,39,4067.0,525.0,15.0,26.0,0.4831047058105469,-1,-1,-1
474,46,3072.0,510.0,17.0,33.0,1.0,-1,-1,-1
474,47,3235.0,478.0,33.0,71.0,1.0,-1,-1,-1
474,48,3605.0,520.0,19.0,45.0,1.0,-1,-1,-1
474,49,3237.0,499.0,25.0,47.0,1.0,-1,-1,-1
475,4,3855.0,803.0,47.0,103.0,0.7101153135299683,-1,-1,-1
475,27,3037.0,573.0,21.0,46.0,0.5695130825042725,-1,-1,-1
475,39,4068.0,525.0,16.0,26.0,0.3829876780509949,-1,-1,-1
475,46,3073.0,510.0,17.0,33.0,1.0,-1,-1,-1
475,47,3236.0,477.0,33.0,72.0,1.0,-1,-1,-1
475,48,3605.0,519.0,19.0,45.0,1.0,-1,-1,-1
475,49,3238.0,498.0,25.0,48.0,1.0,-1,-1,-1
476,4,3856.0,805.0,48.0,101.0,0.6937984228134155,-1,-1,-1
476,27,3040.0,574.0,20.0,47.0,0.602427065372467,-1,-1,-1
476,39,4068.0,525.0,16.0,26.0,0.4068502187728882,-1,-1,-1
476,46,3074.0,510.0,17.0,33.0,1.0,-1,-1,-1
476,47,3237.0,477.0,34.0,73.0,1.0,-1,-1,-1
476,48,3604.0,518.0,19.0,45.0,1.0,-1,-1,-1
476,49,3239.0,488.0,29.0,56.0,0.26213186979293823,-1,-1,-1
477,4,3858.0,807.0,49.0,98.0,0.719176709651947,-1,-1,-1
477,27,3042.0,575.0,20.0,47.0,0.5700551867485046,-1,-1,-1
477,39,4069.0,526.0,15.0,26.0,0.4146537184715271,-1,-1,-1
477,46,3075.0,510.0,17.0,33.0,1.0,-1,-1,-1
477,47,3238.0,476.0,34.0,74.0,1.0,-1,-1,-1
477,48,3604.0,518.0,19.0,45.0,1.0,-1,-1,-1
477,49,3242.0,488.0,28.0,56.0,0.3572065830230713,-1,-1,-1
478,4,3859.0,810.0,50.0,94.0,0.6995337009429932,-1,-1,-1
478,27,3043.0,576.0,20.0,48.0,0.4122827351093292,-1,-1,-1
478,39,4070.0,526.0,15.0,26.0,0.4480348229408264,-1,-1,-1
478,46,3076.0,509.0,17.0,34.0,1.0,-1,-1,-1
478,47,3239.0,475.0,35.0,75.0,1.0,-1,-1,-1
478,48,3604.0,517.0,19.0,45.0,1.0,-1,-1,-1
478,49,3243.0,490.0,26.0,56.0,0.48757070302963257,-1,-1,-1
479,4,3860.0,812.0,51.0,92.0,0.6582416296005249,-1,-1,-1
479,27,3047.0,576.0,21.0,49.0,0.46779611706733704,-1,-1,-1
479,39,4070.0,525.0,16.0,27.0,0.5020489692687988,-1,-1,-1
479,46,3077.0,509.0,18.0,34.0,1.0,-1,-1,-1
479,47,3240.0,475.0,35.0,76.0,1.0,-1,-1,-1
479,48,3603.0,516.0,19.0,45.0,1.0,-1,-1,-1
479,49,3245.0,491.0,25.0,55.0,0.5452395081520081,-1,-1,-1
480,4,3861.0,811.0,53.0,92.0,0.7049949765205383,-1,-1,-1
480,27,3050.0,576.0,22.0,51.0,0.4538545310497284,-1,-1,-1
480,39,4071.0,524.0,15.0,25.0,0.4558398425579071,-1,-1,-1
480,46,3078.0,509.0,18.0,34.0,1.0,-1,-1,-1
480,47,3241.0,474.0,36.0,77.0,1.0,-1,-1,-1
480,48,3603.0,516.0,19.0,45.0,1.0,-1,-1,-1
480,49,3246.0,490.0,25.0,56.0,0.5634767413139343,-1,-1,-1
481,4,3865.0,812.0,53.0,89.0,0.6442230939865112,-1,-1,-1
481,27,3053.0,576.0,21.0,48.0,0.39840781688690186,-1,-1,-1
481,39,4073.0,526.0,15.0,25.0,0.4445991516113281,-1,-1,-1
481,46,3079.0,509.0,18.0,35.0,1.0,-1,-1,-1
481,47,3242.0,473.0,36.0,78.0,1.0,-1,-1,-1
481,48,3603.0,515.0,19.0,45.0,1.0,-1,-1,-1
481,49,3247.0,488.0,25.0,57.0,0.5113425850868225,-1,-1,-1
482,4,3868.0,813.0,54.0,87.0,0.6478951573371887,-1,-1,-1
482,27,3057.0,578.0,20.0,46.0,0.5369031429290771,-1,-1,-1
482,39,4073.0,526.0,15.0,26.0,0.4793408513069153,-1,-1,-1
482,46,3080.0,509.0,18.0,35.0,1.0,-1,-1,-1
482,47,3243.0,472.0,37.0,79.0,1.0,-1,-1,-1
482,48,3602.0,514.0,19.0,45.0,1.0,-1,-1,-1
482,49,3249.0,487.0,25.0,58.0,0.5106784701347351,-1,-1,-1
483,4,3871.0,813.0,55.0,85.0,0.6716290712356567,-1,-1,-1
483,27,3059.0,580.0,20.0,47.0,0.5868989825248718,-1,-1,-1
483,39,4074.0,528.0,15.0,24.0,0.3350426256656647,-1,-1,-1
483,46,3081.0,509.0,18.0,35.0,1.0,-1,-1,-1
483,47,3244.0,472.0,37.0,80.0,1.0,-1,-1,-1
483,48,3602.0,514.0,19.0,45.0,1.0,-1,-1,-1
483,49,3250.0,488.0,25.0,57.0,0.5495221018791199,-1,-1,-1
484,4,3876.0,813.0,56.0,85.0,0.6263574361801147,-1,-1,-1
484,27,3061.0,581.0,20.0,48.0,0.6164109110832214,-1,-1,-1
484,39,4075.0,529.0,14.0,22.0,0.271630197763443,-1,-1,-1
484,46,3083.0,509.0,18.0,36.0,1.0,-1,-1,-1
484,47,3245.0,471.0,38.0,81.0,1.0,-1,-1,-1
484,48,3601.0,513.0,19.0,45.0,1.0,-1,-1,-1
484,49,3251.0,486.0,25.0,60.0,0.600779116153717,-1,-1,-1
485,4,3880.0,814.0,56.0,85.0,0.4869985282421112,-1,-1,-1
485,27,3064.0,583.0,20.0,46.0,0.5817245841026306,-1,-1,-1
485,39,4075.0,529.0,14.0,22.0,0.26196378469467163,-1,-1,-1
485,46,3084.0,509.0,19.0,36.0,1.0,-1,-1,-1
485,47,3246.0,470.0,38.0,82.0,1.0,-1,-1,-1
485,49,3253.0,485.0,26.0,61.0,0.5624516010284424,-1,-1,-1
486,4,3885.0,815.0,55.0,84.0,0.39867839217185974,-1,-1,-1
486,27,3066.0,582.0,20.0,46.0,0.5827177166938782,-1,-1,-1
486,39,4075.0,528.0,15.0,22.0,0.259806364774704,-1,-1,-1
486,46,3085.0,508.0,19.0,36.0,1.0,-1,-1,-1
486,47,3247.0,470.0,39.0,83.0,1.0,-1,-1,-1
486,49,3254.0,486.0,25.0,60.0,0.49056869745254517,-1,-1,-1
487,4,3888.0,812.0,57.0,87.0,0.6200700402259827,-1,-1,-1
487,27,3069.0,582.0,18.0,43.0,0.543775737285614,-1,-1,-1
487,39,4076.0,528.0,15.0,22.0,1.0,-1,-1,-1
487,46,3090.0,511.0,15.0,31.0,0.28727519512176514,-1,-1,-1
487,47,3248.0,469.0,39.0,84.0,1.0,-1,-1,-1
487,49,3256.0,487.0,24.0,59.0,0.3213876187801361,-1,-1,-1
488,4,3894.0,811.0,57.0,88.0,0.5797548294067383,-1,-1,-1
488,27,3072.0,582.0,20.0,46.0,0.42980045080184937,-1,-1,-1
488,39,4076.0,528.0,14.0,22.0,1.0,-1,-1,-1
488,46,3091.0,511.0,15.0,31.0,1.0,-1,-1,-1
488,47,3249.0,468.0,40.0,85.0,1.0,-1,-1,-1
488,49,3258.0,489.0,24.0,57.0,0.3558848798274994,-1,-1,-1
489,4,3899.0,811.0,56.0,87.0,0.5210987329483032,-1,-1,-1
489,27,3074.0,582.0,20.0,46.0,1.0,-1,-1,-1
489,39,4074.0,525.0,17.0,25.0,0.29922905564308167,-1,-1,-1
489,46,3093.0,512.0,15.0,31.0,1.0,-1,-1,-1
489,47,3262.0,503.0,21.0,45.0,0.26156508922576904,-1,-1,-1
489,49,3259.0,489.0,24.0,58.0,1.0,-1,-1,-1
490,4,3903.0,809.0,57.0,87.0,0.5651692748069763,-1,-1,-1
490,27,3078.0,582.0,21.0,49.0,0.30763205885887146,-1,-1,-1
490,39,4074.0,525.0,17.0,25.0,0.29889529943466187,-1,-1,-1
490,46,3094.0,512.0,15.0,31.0,1.0,-1,-1,-1
490,47,3263.0,502.0,20.0,45.0,0.30981457233428955,-1,-1,-1
490,49,3261.0,489.0,24.0,58.0,1.0,-1,-1,-1
491,4,3907.0,807.0,58.0,90.0,0.6906697154045105,-1,-1,-1
491,27,3080.0,582.0,21.0,49.0,0.3601512908935547,-1,-1,-1
491,39,4074.0,524.0,17.0,25.0,0.291860431432724,-1,-1,-1
491,46,3095.0,512.0,15.0,31.0,1.0,-1,-1,-1
491,47,3264.0,503.0,20.0,43.0,0.33252987265586853,-1,-1,-1
491,49,3262.0,488.0,24.0,59.0,1.0,-1,-1,-1
492,4,3913.0,806.0,57.0,88.0,0.7045643329620361,-1,-1,-1
492,27,3082.0,583.0,21.0,49.0,0.47788751125335693,-1,-1,-1
492,39,4073.0,523.0,17.0,25.0,0.30576685070991516,-1,-1,-1
492,46,3096.0,514.0,15.0,30.0,0.32457274198532104,-1,-1,-1
492,47,3266.0,501.0,21.0,45.0,0.3628719449043274,-1,-1,-1
492,49,3263.0,488.0,24.0,59.0,1.0,-1,-1,-1
493,4,3920.0,805.0,58.0,90.0,0.7151160836219788,-1,-1,-1
493,27,3086.0,582.0,21.0,50.0,0.5537651181221008,-1,-1,-1
493,39,4073.0,523.0,18.0,25.0,0.32181403040885925,-1,-1,-1
493,46,3097.0,515.0,15.0,29.0,1.0,-1,-1,-1
493,47,3265.0,496.0,23.0,50.0,0.3751136362552643,-1,-1,-1
493,49,3264.0,488.0,24.0,60.0,1.0,-1,-1,-1
494,4,3926.0,808.0,56.0,88.0,0.7356553673744202,-1,-1,-1
494,27,3088.0,584.0,21.0,51.0,0.530005693435669,-1,-1,-1
494,39,4073.0,522.0,18.0,25.0,0.29062023758888245,-1,-1,-1
494,46,3098.0,515.0,15.0,29.0,1.0,-1,-1,-1
494,47,3266.0,497.0,23.0,49.0,0.2695813775062561,-1,-1,-1
494,49,3266.0,487.0,25.0,60.0,1.0,-1,-1,-1
495,4,3933.0,809.0,55.0,89.0,0.6912224292755127,-1,-1,-1
495,27,3091.0,586.0,21.0,50.0,0.500834584236145,-1,-1,-1
495,39,4073.0,523.0,18.0,26.0,0.31413283944129944,-1,-1,-1
495,46,3099.0,515.0,15.0,29.0,1.0,-1,-1,-1
495,47,3266.0,494.0,25.0,53.0,0.3112310767173767,-1,-1,-1
495,49,3267.0,487.0,25.0,61.0,1.0,-1,-1,-1
496,4,3939.0,807.0,56.0,92.0,0.7141457200050354,-1,-1,-1
496,27,3095.0,587.0,20.0,46.0,0.5104944705963135,-1,-1,-1
496,39,4073.0,523.0,18.0,24.0,0.30763164162635803,-1,-1,-1
496,46,3102.0,515.0,13.0,24.0,0.30109596252441406,-1,-1,-1
496,47,3267.0,493.0,25.0,54.0,1.0,-1,-1,-1
496,49,3268.0,487.0,25.0,61.0,1.0,-1,-1,-1
497,4,3949.0,809.0,51.0,86.0,0.6657325029373169,-1,-1,-1
497,27,3097.0,584.0,23.0,54.0,0.5796192288398743,-1,-1,-1
497,39,4073.0,523.0,18.0,24.0,0.3510204553604126,-1,-1,-1
497,46,3103.0,516.0,14.0,24.0,0.3805113136768341,-1,-1,-1
497,47,3268.0,493.0,26.0,55.0,1.0,-1,-1,-1
497,49,3270.0,487.0,25.0,61.0,1.0,-1,-1,-1
497,50,3694.0,530.0,17.0,45.0,0.25157874822616577,-1,-1,-1
498,4,3953.0,807.0,51.0,87.0,0.7121847867965698,-1,-1,-1
498,27,3098.0,582.0,25.0,58.0,0.4310397803783417,-1,-1,-1
498,39,4073.0,523.0,17.0,24.0,0.3263048827648163,-1,-1,-1
498,46,3104.0,516.0,14.0,24.0,0.38237541913986206,-1,-1,-1
498,47,3269.0,492.0,26.0,56.0,1.0,-1,-1,-1
498,49,3271.0,486.0,25.0,62.0,1.0,-1,-1,-1
498,50,3695.0,536.0,15.0,39.0,1.0,-1,-1,-1
499,4,3957.0,807.0,51.0,87.0,0.6414262056350708,-1,-1,-1
499,27,3102.0,583.0,24.0,58.0,0.3253934383392334,-1,-1,-1
499,39,4073.0,523.0,17.0,24.0,0.2932085692882538,-1,-1,-1
499,46,3107.0,517.0,14.0,24.0,0.32475927472114563,-1,-1,-1
499,47,3270.0,491.0,27.0,57.0,1.0,-1,-1,-1
499,49,3272.0,486.0,26.0,62.0,1.0,-1,-1,-1
499,50,3696.0,542.0,13.0,34.0,1.0,-1,-1,-1
500,4,3962.0,805.0,52.0,88.0,0.5661953091621399,-1,-1,-1
500,27,3106.0,585.0,23.0,53.0,0.3790665566921234,-1,-1,-1
500,39,4072.0,524.0,17.0,23.0,0.26713791489601135,-1,-1,-1
500,46,3109.0,517.0,13.0,22.0,0.30932915210723877,-1,-1,-1
500,47,3270.0,490.0,27.0,58.0,1.0,-1,-1,-1
500,49,3274.0,486.0,26.0,63.0,1.0,-1,-1,-1
500,50,3697.0,548.0,10.0,29.0,1.0,-1,-1,-1
501,4,3965.0,804.0,53.0,89.0,0.6373013257980347,-1,-1,-1
501,27,3108.0,588.0,22.0,50.0,0.3441358804702759,-1,-1,-1
501,39,4073.0,524.0,17.0,23.0,0.25159454345703125,-1,-1,-1
501,46,3110.0,517.0,13.0,21.0,1.0,-1,-1,-1
501,47,3285.0,509.0,17.0,36.0,0.32222431898117065,-1,-1,-1
501,49,3275.0,485.0,26.0,63.0,1.0,-1,-1,-1
501,50,3699.0,554.0,8.0,23.0,1.0,-1,-1,-1
502,4,3969.0,803.0,55.0,90.0,0.7051358819007874,-1,-1,-1
502,27,3112.0,589.0,21.0,50.0,0.5499318242073059,-1,-1,-1
502,39,4072.0,523.0,18.0,24.0,0.30486148595809937,-1,-1,-1
502,46,3112.0,517.0,12.0,21.0,1.0,-1,-1,-1
502,47,3287.0,510.0,18.0,37.0,0.34262898564338684,-1,-1,-1
502,49,3276.0,485.0,26.0,64.0,1.0,-1,-1,-1
502,50,3700.0,559.0,6.0,18.0,1.0,-1,-1,-1
503,4,3977.0,805.0,55.0,90.0,0.5947833061218262,-1,-1,-1
503,27,3116.0,592.0,21.0,50.0,0.6238082647323608,-1,-1,-1
503,39,4072.0,522.0,18.0,24.0,0.34131497144699097,-1,-1,-1
503,46,3114.0,518.0,12.0,20.0,1.0,-1,-1,-1
503,47,3289.0,510.0,17.0,36.0,1.0,-1,-1,-1
503,49,3277.0,485.0,26.0,64.0,1.0,-1,-1,-1
503,50,3710.0,524.0,20.0,52.0,0.27863550186157227,-1,-1,-1
504,4,3985.0,807.0,55.0,92.0,0.5375769734382629,-1,-1,-1
504,27,3119.0,592.0,21.0,49.0,0.5481987595558167,-1,-1,-1
504,39,4072.0,522.0,18.0,24.0,0.3214012384414673,-1,-1,-1
504,46,3115.0,518.0,12.0,19.0,1.0,-1,-1,-1
504,47,3291.0,511.0,17.0,36.0,1.0,-1,-1,-1
504,49,3279.0,484.0,26.0,65.0,1.0,-1,-1,-1
504,50,3714.0,525.0,20.0,52.0,0.267193466424942,-1,-1,-1
505,4,3994.0,807.0,55.0,94.0,0.6589175462722778,-1,-1,-1
505,27,3123.0,593.0,21.0,49.0,0.4868645966053009,-1,-1,-1
505,39,4072.0,521.0,18.0,25.0,0.30943164229393005,-1,-1,-1
505,46,3117.0,518.0,11.0,19.0,1.0,-1,-1,-1
505,47,3293.0,512.0,17.0,35.0,1.0,-1,-1,-1
505,49,3280.0,484.0,27.0,65.0,1.0,-1,-1,-1
505,50,3717.0,529.0,20.0,50.0,0.270283967256546,-1,-1,-1
505,51,2790.0,506.0,20.0,46.0,0.3136688470840454,-1,-1,-1
506,4,4001.0,811.0,53.0,90.0,0.6072497963905334,-1,-1,-1
506,27,3125.0,592.0,21.0,49.0,0.4036462903022766,-1,-1,-1
506,39,4072.0,520.0,18.0,25.0,0.3773711323738098,-1,-1,-1
506,46,3118.0,519.0,11.0,18.0,1.0,-1,-1,-1
506,47,3295.0,513.0,16.0,34.0,1.0,-1,-1,-1
506,49,3281.0,484.0,27.0,65.0,1.0,-1,-1,-1
506,50,3719.0,529.0,20.0,50.0,1.0,-1,-1,-1
506,51,2790.0,506.0,20.0,47.0,1.0,-1,-1,-1
507,4,4010.0,811.0,52.0,88.0,0.6251238584518433,-1,-1,-1
507,27,3127.0,590.0,22.0,51.0,0.3173028230667114,-1,-1,-1
507,39,4072.0,521.0,17.0,24.0,0.355094313621521,-1,-1,-1
507,46,3120.0,519.0,10.0,18.0,1.0,-1,-1,-1
507,47,3297.0,513.0,16.0,33.0,1.0,-1,-1,-1
507,49,3283.0,484.0,27.0,66.0,1.0,-1,-1,-1
507,50,3722.0,530.0,20.0,50.0,1.0,-1,-1,-1
507,51,2790.0,506.0,21.0,48.0,1.0,-1,-1,-1
508,4,4017.0,812.0,51.0,87.0,0.6537221074104309,-1,-1,-1
508,27,3131.0,589.0,22.0,50.0,0.3098859488964081,-1,-1,-1
508,39,4072.0,522.0,16.0,22.0,0.2832130193710327,-1,-1,-1
508,46,3122.0,519.0,10.0,17.0,1.0,-1,-1,-1
508,47,3299.0,514.0,15.0,33.0,1.0,-1,-1,-1
508,49,3284.0,483.0,27.0,66.0,1.0,-1,-1,-1
508,50,3725.0,530.0,20.0,50.0,1.0,-1,-1,-1
508,51,2790.0,506.0,21.0,49.0,1.0,-1,-1,-1
509,4,4021.0,809.0,54.0,91.0,0.5874865055084229,-1,-1,-1
509,27,3135.0,589.0,21.0,46.0,0.43143561482429504,-1,-1,-1
509,39,4071.0,522.0,16.0,22.0,0.29983073472976685,-1,-1,-1
509,46,3123.0,520.0,10.0,16.0,1.0,-1,-1,-1
509,47,3301.0,515.0,15.0,32.0,1.0,-1,-1,-1
509,49,3285.0,483.0,27.0,67.0,1.0,-1,-1,-1
509,50,3727.0,530.0,20.0,51.0,1.0,-1,-1,-1
509,51,2790.0,507.0,22.0,50.0,1.0,-1,-1,-1
510,4,4025.0,807.0,55.0,93.0,0.7282657623291016,-1,-1,-1
510,27,3138.0,590.0,22.0,50.0,0.5830054879188538,-1,-1,-1
510,39,4071.0,523.0,15.0,22.0,0.276272714138031,-1,-1,-1
510,46,3125.0,520.0,9.0,16.0,1.0,-1,-1,-1
510,47,3303.0,516.0,15.0,31.0,1.0,-1,-1,-1
510,49,3287.0,483.0,28.0,67.0,1.0,-1,-1,-1
510,50,3730.0,530.0,20.0,51.0,1.0,-1,-1,-1
510,51,2790.0,507.0,22.0,51.0,1.0,-1,-1,-1
511,4,4031.0,804.0,55.0,92.0,0.7148522138595581,-1,-1,-1
511,27,3142.0,590.0,23.0,52.0,0.6115824580192566,-1,-1,-1
511,39,4071.0,523.0,15.0,22.0,0.3100154995918274,-1,-1,-1
511,46,3127.0,520.0,9.0,15.0,1.0,-1,-1,-1
511,47,3305.0,517.0,14.0,30.0,1.0,-1,-1,-1
511,49,3288.0,482.0,28.0,68.0,1.0,-1,-1,-1
511,50,3733.0,530.0,20.0,51.0,1.0,-1,-1,-1
511,51,2789.0,507.0,22.0,51.0,1.0,-1,-1,-1
512,4,4035.0,802.0,55.0,92.0,0.6533682346343994,-1,-1,-1
512,27,3145.0,593.0,22.0,50.0,0.5935198664665222,-1,-1,-1
512,39,4071.0,523.0,15.0,21.0,0.2754438519477844,-1,-1,-1
512,46,3128.0,521.0,9.0,14.0,1.0,-1,-1,-1
512,47,3307.0,517.0,14.0,30.0,1.0,-1,-1,-1
512,49,3289.0,482.0,28.0,68.0,1.0,-1,-1,-1
512,50,3735.0,531.0,20.0,51.0,1.0,-1,-1,-1
512,51,2789.0,507.0,23.0,52.0,1.0,-1,-1,-1
513,4,4042.0,802.0,57.0,93.0,0.7503023147583008,-1,-1,-1
513,27,3149.0,594.0,21.0,48.0,0.5696237683296204,-1,-1,-1
513,39,4071.0,524.0,15.0,21.0,0.2697163224220276,-1,-1,-1
513,46,3130.0,521.0,8.0,14.0,1.0,-1,-1,-1
513,47,3310.0,518.0,14.0,29.0,1.0,-1,-1,-1
513,49,3291.0,482.0,28.0,68.0,1.0,-1,-1,-1
513,50,3738.0,531.0,20.0,51.0,1.0,-1,-1,-1
513,51,2789.0,507.0,23.0,53.0,1.0,-1,-1,-1
514,4,4050.0,801.0,57.0,93.0,0.687205970287323,-1,-1,-1
514,27,3153.0,591.0,22.0,50.0,0.4553558826446533,-1,-1,-1
514,39,4071.0,524.0,14.0,21.0,1.0,-1,-1,-1
514,46,3132.0,521.0,8.0,13.0,1.0,-1,-1,-1
514,47,3312.0,519.0,13.0,28.0,1.0,-1,-1,-1
514,50,3741.0,531.0,20.0,52.0,1.0,-1,-1,-1
514,51,2789.0,507.0,23.0,54.0,1.0,-1,-1,-1
515,4,4057.0,803.0,58.0,97.0,0.6645915508270264,-1,-1,-1
515,27,3156.0,591.0,22.0,50.0,1.0,-1,-1,-1
515,39,4071.0,524.0,14.0,21.0,1.0,-1,-1,-1
515,46,3133.0,522.0,7.0,13.0,1.0,-1,-1,-1
515,47,3314.0,520.0,13.0,27.0,1.0,-1,-1,-1
515,50,3743.0,531.0,20.0,52.0,1.0,-1,-1,-1
515,51,2789.0,507.0,24.0,55.0,1.0,-1,-1,-1
516,4,4067.0,805.0,57.0,97.0,0.5975989103317261,-1,-1,-1
516,27,3160.0,590.0,22.0,52.0,0.37676137685775757,-1,-1,-1
516,39,4071.0,524.0,14.0,21.0,1.0,-1,-1,-1
516,46,3135.0,522.0,7.0,12.0,1.0,-1,-1,-1
516,47,3316.0,521.0,13.0,27.0,1.0,-1,-1,-1
516,50,3746.0,531.0,21.0,52.0,1.0,-1,-1,-1
516,51,2789.0,507.0,24.0,56.0,1.0,-1,-1,-1
517,4,4076.0,805.0,56.0,98.0,0.6760056018829346,-1,-1,-1
517,27,3162.0,590.0,23.0,53.0,0.47894057631492615,-1,-1,-1
517,39,4070.0,524.0,14.0,21.0,1.0,-1,-1,-1
517,46,3137.0,522.0,7.0,11.0,1.0,-1,-1,-1
517,47,3318.0,521.0,12.0,26.0,1.0,-1,-1,-1
517,50,3749.0,532.0,21.0,52.0,1.0,-1,-1,-1
517,51,2788.0,507.0,25.0,57.0,1.0,-1,-1,-1
518,4,4088.0,805.0,52.0,94.0,0.7052749395370483,-1,-1,-1
518,27,3167.0,592.0,22.0,52.0,0.6159021854400635,-1,-1,-1
518,39,4067.0,520.0,16.0,24.0,0.3374843895435333,-1,-1,-1
518,46,3138.0,522.0,6.0,11.0,1.0,-1,-1,-1
518,47,3320.0,522.0,12.0,25.0,1.0,-1,-1,-1
518,50,3751.0,532.0,21.0,53.0,1.0,-1,-1,-1
518,51,2788.0,507.0,25.0,57.0,1.0,-1,-1,-1
519,4,4094.0,805.0,51.0,92.0,0.7687804698944092,-1,-1,-1
519,27,3170.0,592.0,23.0,52.0,0.6190521717071533,-1,-1,-1
519,39,4066.0,520.0,16.0,24.0,0.2975856363773346,-1,-1,-1
519,46,3140.0,523.0,6.0,10.0,1.0,-1,-1,-1
519,47,3322.0,523.0,12.0,25.0,1.0,-1,-1,-1
519,50,3754.0,532.0,21.0,53.0,1.0,-1,-1,-1
519,51,2788.0,507.0,25.0,58.0,1.0,-1,-1,-1
520,4,4100.0,804.0,50.0,90.0,0.7617827653884888,-1,-1,-1
520,27,3174.0,592.0,22.0,51.0,0.6909226775169373,-1,-1,-1
520,39,4066.0,519.0,16.0,25.0,0.3153055012226105,-1,-1,-1
520,46,3141.0,523.0,5.0,9.0,1.0,-1,-1,-1
520,47,3324.0,524.0,11.0,24.0,1.0,-1,-1,-1
520,50,3757.0,532.0,21.0,53.0,1.0,-1,-1,-1
520,51,2788.0,507.0,26.0,59.0,1.0,-1,-1,-1
521,4,4104.0,800.0,53.0,91.0,0.7441436648368835,-1,-1,-1
521,27,3177.0,590.0,23.0,53.0,0.5731315612792969,-1,-1,-1
521,39,4066.0,520.0,16.0,24.0,0.27579474449157715,-1,-1,-1
521,46,3143.0,523.0,5.0,9.0,1.0,-1,-1,-1
521,47,3326.0,525.0,11.0,23.0,1.0,-1,-1,-1
521,50,3759.0,533.0,21.0,53.0,1.0,-1,-1,-1
521,51,2788.0,507.0,26.0,60.0,1.0,-1,-1,-1
522,4,4107.0,800.0,54.0,91.0,0.7649922370910645,-1,-1,-1
522,27,3180.0,592.0,23.0,52.0,0.3432930111885071,-1,-1,-1
522,39,4066.0,520.0,16.0,24.0,1.0,-1,-1,-1
522,46,3145.0,524.0,5.0,8.0,1.0,-1,-1,-1
522,47,3328.0,525.0,10.0,22.0,1.0,-1,-1,-1
522,50,3762.0,533.0,21.0,53.0,1.0,-1,-1,-1
522,51,2788.0,507.0,26.0,61.0,1.0,-1,-1,-1
523,4,4115.0,800.0,55.0,93.0,0.5998102426528931,-1,-1,-1
523,27,3185.0,592.0,22.0,50.0,0.27123209834098816,-1,-1,-1
523,39,4065.0,520.0,16.0,24.0,1.0,-1,-1,-1
523,46,3146.0,524.0,4.0,7.0,1.0,-1,-1,-1
523,47,3330.0,526.0,10.0,22.0,1.0,-1,-1,-1
523,50,3765.0,533.0,21.0,54.0,1.0,-1,-1,-1
523,51,2788.0,507.0,27.0,62.0,1.0,-1,-1,-1
524,4,4127.0,800.0,55.0,94.0,0.6704363226890564,-1,-1,-1
524,27,3189.0,593.0,22.0,50.0,0.45148590207099915,-1,-1,-1
524,39,4065.0,519.0,16.0,24.0,1.0,-1,-1,-1
524,46,3148.0,524.0,4.0,7.0,1.0,-1,-1,-1
524,47,3332.0,527.0,10.0,21.0,1.0,-1,-1,-1
524,50,3767.0,533.0,21.0,54.0,1.0,-1,-1,-1
524,51,2787.0,507.0,27.0,63.0,1.0,-1,-1,-1
525,4,4137.0,801.0,53.0,94.0,0.6165823936462402,-1,-1,-1
525,27,3193.0,593.0,22.0,49.0,0.5265305042266846,-1,-1,-1
525,39,4065.0,519.0,16.0,24.0,1.0,-1,-1,-1
525,46,3150.0,525.0,4.0,6.0,1.0,-1,-1,-1
525,47,3334.0,528.0,9.0,20.0,1.0,-1,-1,-1
525,50,3770.0,533.0,21.0,54.0,1.0,-1,-1,-1
525,51,2787.0,507.0,28.0,63.0,1.0,-1,-1,-1
526,4,4145.0,802.0,53.0,95.0,0.7302148938179016,-1,-1,-1
526,27,3196.0,593.0,23.0,51.0,0.6830275058746338,-1,-1,-1
526,39,4064.0,519.0,16.0,24.0,1.0,-1,-1,-1
526,47,3336.0,529.0,9.0,19.0,1.0,-1,-1,-1
526,50,3773.0,534.0,21.0,54.0,1.0,-1,-1,-1
526,51,2787.0,507.0,28.0,64.0,1.0,-1,-1,-1
527,4,4153.0,806.0,52.0,93.0,0.6324752569198608,-1,-1,-1
527,27,3199.0,594.0,22.0,49.0,0.5467060208320618,-1,-1,-1
527,39,4064.0,519.0,16.0,24.0,1.0,-1,-1,-1
527,47,3339.0,529.0,9.0,19.0,1.0,-1,-1,-1
527,50,3775.0,534.0,21.0,54.0,1.0,-1,-1,-1
527,51,2787.0,507.0,28.0,65.0,1.0,-1,-1,-1
528,4,4161.0,807.0,52.0,94.0,0.7042222619056702,-1,-1,-1
528,27,3203.0,593.0,23.0,50.0,0.5511550307273865,-1,-1,-1
528,39,4063.0,519.0,16.0,25.0,1.0,-1,-1,-1
528,50,3778.0,534.0,22.0,55.0,1.0,-1,-1,-1
528,51,2787.0,507.0,29.0,66.0,1.0,-1,-1,-1
529,4,4168.0,804.0,52.0,94.0,0.7536309957504272,-1,-1,-1
529,27,3206.0,590.0,26.0,57.0,0.39120692014694214,-1,-1,-1
529,39,4063.0,518.0,17.0,25.0,1.0,-1,-1,-1
529,50,3781.0,534.0,22.0,55.0,1.0,-1,-1,-1
529,51,2787.0,507.0,29.0,67.0,1.0,-1,-1,-1
530,4,4173.0,802.0,53.0,94.0,0.7336089015007019,-1,-1,-1
530,27,3211.0,593.0,26.0,56.0,0.36292552947998047,-1,-1,-1
530,39,4063.0,518.0,17.0,25.0,1.0,-1,-1,-1
530,50,3783.0,535.0,22.0,55.0,1.0,-1,-1,-1
530,51,2786.0,507.0,29.0,68.0,1.0,-1,-1,-1
531,4,4180.0,800.0,52.0,93.0,0.7378953099250793,-1,-1,-1
531,27,3216.0,594.0,24.0,53.0,0.5761520266532898,-1,-1,-1
531,39,4062.0,518.0,17.0,25.0,1.0,-1,-1,-1
532,4,4185.0,799.0,53.0,94.0,0.7448960542678833,-1,-1,-1
532,27,3222.0,594.0,22.0,49.0,0.6785553097724915,-1,-1,-1
532,39,4062.0,518.0,17.0,25.0,1.0,-1,-1,-1
533,4,4192.0,799.0,53.0,92.0,0.7592766284942627,-1,-1,-1
533,27,3225.0,595.0,22.0,50.0,0.6217131018638611,-1,-1,-1
533,39,4061.0,518.0,17.0,25.0,1.0,-1,-1,-1
534,4,4201.0,799.0,52.0,91.0,0.6530401706695557,-1,-1,-1
534,27,3229.0,595.0,21.0,48.0,0.5635637640953064,-1,-1,-1
534,39,4061.0,517.0,17.0,25.0,1.0,-1,-1,-1
535,4,4209.0,799.0,53.0,92.0,0.697471022605896,-1,-1,-1
535,27,3232.0,593.0,24.0,54.0,0.6242389678955078,-1,-1,-1
535,39,4061.0,517.0,17.0,25.0,1.0,-1,-1,-1
536,4,4216.0,799.0,54.0,94.0,0.7109556198120117,-1,-1,-1
536,27,3238.0,591.0,25.0,57.0,0.37217020988464355,-1,-1,-1
536,39,4067.0,517.0,17.0,25.0,0.3360227644443512,-1,-1,-1
537,4,4224.0,800.0,53.0,94.0,0.7722006440162659,-1,-1,-1
537,27,3241.0,592.0,24.0,55.0,0.45930778980255127,-1,-1,-1
537,39,4067.0,518.0,17.0,25.0,0.2542450428009033,-1,-1,-1
537,53,3170.0,517.0,18.0,27.0,0.3464534282684326,-1,-1,-1
538,4,4233.0,800.0,51.0,93.0,0.7853829860687256,-1,-1,-1
538,27,3246.0,592.0,23.0,53.0,0.6255255341529846,-1,-1,-1
538,39,4067.0,518.0,17.0,25.0,1.0,-1,-1,-1
538,53,3173.0,518.0,17.0,27.0,0.3405424654483795,-1,-1,-1
539,4,4242.0,800.0,50.0,93.0,0.7168870568275452,-1,-1,-1
539,27,3250.0,593.0,22.0,51.0,0.5749915242195129,-1,-1,-1
539,39,4067.0,518.0,18.0,25.0,1.0,-1,-1,-1
539,53,3174.0,517.0,18.0,28.0,0.3995903730392456,-1,-1,-1
540,4,4249.0,800.0,50.0,93.0,0.7092875242233276,-1,-1,-1
540,27,3253.0,595.0,22.0,50.0,0.6249037384986877,-1,-1,-1
540,39,4068.0,518.0,18.0,25.0,1.0,-1,-1,-1
540,53,3176.0,517.0,18.0,28.0,0.3153369128704071,-1,-1,-1
541,4,4253.0,800.0,49.0,92.0,0.7317785024642944,-1,-1,-1
541,27,3257.0,595.0,21.0,51.0,0.6399182677268982,-1,-1,-1
541,39,4068.0,518.0,18.0,25.0,1.0,-1,-1,-1
541,53,3178.0,516.0,18.0,28.0,0.3388825058937073,-1,-1,-1
542,4,4259.0,800.0,50.0,91.0,0.7301540374755859,-1,-1,-1
542,27,3261.0,593.0,21.0,51.0,0.489416241645813,-1,-1,-1
542,39,4068.0,518.0,18.0,25.0,1.0,-1,-1,-1
542,53,3179.0,516.0,18.0,29.0,1.0,-1,-1,-1
543,4,4265.0,799.0,51.0,90.0,0.7833225727081299,-1,-1,-1
543,27,3265.0,595.0,21.0,51.0,0.5030171871185303,-1,-1,-1
543,39,4068.0,518.0,18.0,25.0,1.0,-1,-1,-1
543,53,3180.0,515.0,18.0,29.0,1.0,-1,-1,-1
544,4,4270.0,799.0,52.0,90.0,0.777105450630188,-1,-1,-1
544,27,3268.0,596.0,21.0,50.0,0.3636670708656311,-1,-1,-1
544,39,4068.0,517.0,18.0,25.0,1.0,-1,-1,-1
544,53,3182.0,515.0,18.0,29.0,1.0,-1,-1,-1
545,4,4277.0,799.0,54.0,91.0,0.6557781100273132,-1,-1,-1
545,27,3272.0,595.0,21.0,50.0,0.5445864200592041,-1,-1,-1
545,39,4068.0,517.0,18.0,25.0,1.0,-1,-1,-1
545,53,3183.0,515.0,18.0,29.0,1.0,-1,-1,-1
546,4,4290.0,799.0,54.0,94.0,0.6231091618537903,-1,-1,-1
546,27,3277.0,595.0,22.0,52.0,0.6224969625473022,-1,-1,-1
546,39,4068.0,517.0,18.0,25.0,1.0,-1,-1,-1
546,53,3191.0,515.0,18.0,28.0,0.26882919669151306,-1,-1,-1
547,4,4299.0,800.0,54.0,94.0,0.64384526014328,-1,-1,-1
547,27,3280.0,595.0,22.0,51.0,0.5457456111907959,-1,-1,-1
547,39,4068.0,517.0,18.0,25.0,1.0,-1,-1,-1
547,53,3193.0,515.0,18.0,28.0,1.0,-1,-1,-1
548,4,4308.0,803.0,52.0,90.0,0.6568937301635742,-1,-1,-1
548,27,3283.0,595.0,22.0,49.0,0.6165759563446045,-1,-1,-1
548,39,4068.0,517.0,18.0,25.0,1.0,-1,-1,-1
548,53,3193.0,515.0,18.0,29.0,0.33015063405036926,-1,-1,-1
549,4,4316.0,807.0,50.0,87.0,0.6556320190429688,-1,-1,-1
549,27,3287.0,593.0,23.0,50.0,0.3784746825695038,-1,-1,-1
549,39,4068.0,517.0,18.0,25.0,1.0,-1,-1,-1
549,53,3194.0,516.0,18.0,29.0,0.2738884687423706,-1,-1,-1
550,4,4324.0,807.0,50.0,86.0,0.6162862181663513,-1,-1,-1
550,27,3293.0,593.0,23.0,50.0,0.3130432069301605,-1,-1,-1
550,39,4068.0,517.0,18.0,25.0,1.0,-1,-1,-1
550,53,3197.0,516.0,18.0,29.0,0.42247262597084045,-1,-1,-1
550,55,3862.0,509.0,20.0,33.0,0.3346900939941406,-1,-1,-1
551,4,4327.0,804.0,53.0,90.0,0.6566236615180969,-1,-1,-1
551,27,3296.0,595.0,22.0,48.0,0.4046574831008911,-1,-1,-1
551,39,4068.0,517.0,18.0,25.0,1.0,-1,-1,-1
551,53,3199.0,516.0,18.0,29.0,0.43902191519737244,-1,-1,-1
551,55,3866.0,509.0,21.0,35.0,0.2801019549369812,-1,-1,-1
552,4,4333.0,802.0,54.0,89.0,0.6594969034194946,-1,-1,-1
552,27,3301.0,595.0,21.0,47.0,0.599441409111023,-1,-1,-1
552,39,4068.0,517.0,18.0,25.0,1.0,-1,-1,-1
552,53,3202.0,515.0,17.0,29.0,0.3923027515411377,-1,-1,-1
552,55,3868.0,508.0,22.0,36.0,1.0,-1,-1,-1
552,57,4098.0,513.0,24.0,33.0,0.2872074544429779,-1,-1,-1
553,4,4341.0,798.0,55.0,90.0,0.7240491509437561,-1,-1,-1
553,27,3305.0,595.0,21.0,47.0,0.6456490755081177,-1,-1,-1
553,39,4068.0,517.0,18.0,25.0,1.0,-1,-1,-1
553,53,3202.0,515.0,17.0,29.0,0.3822984993457794,-1,-1,-1
553,55,3871.0,507.0,23.0,38.0,1.0,-1,-1,-1
553,57,4100.0,513.0,24.0,33.0,1.0,-1,-1,-1
554,4,4349.0,796.0,56.0,92.0,0.7514187693595886,-1,-1,-1
554,27,3307.0,594.0,22.0,50.0,0.6639411449432373,-1,-1,-1
554,39,4068.0,516.0,18.0,25.0,1.0,-1,-1,-1
554,53,3203.0,513.0,17.0,31.0,0.38227933645248413,-1,-1,-1
554,55,3873.0,506.0,24.0,39.0,1.0,-1,-1,-1
554,57,4101.0,513.0,25.0,33.0,1.0,-1,-1,-1
555,4,4356.0,796.0,57.0,92.0,0.6990743279457092,-1,-1,-1
555,27,3310.0,592.0,23.0,51.0,0.6500346660614014,-1,-1,-1
555,39,4068.0,516.0,18.0,25.0,1.0,-1,-1,-1
555,53,3205.0,513.0,18.0,33.0,0.3725304901599884,-1,-1,-1
555,55,3876.0,505.0,24.0,41.0,1.0,-1,-1,-1
555,57,4102.0,512.0,25.0,34.0,1.0,-1,-1,-1
556,4,4365.0,795.0,57.0,92.0,0.6896964311599731,-1,-1,-1
556,27,3315.0,590.0,24.0,52.0,0.37139952182769775,-1,-1,-1
556,39,4068.0,516.0,18.0,26.0,1.0,-1,-1,-1
556,53,3207.0,513.0,19.0,35.0,0.3040226995944977,-1,-1,-1
556,55,3878.0,505.0,25.0,42.0,1.0,-1,-1,-1
556,57,4104.0,512.0,25.0,34.0,1.0,-1,-1,-1
557,4,4374.0,795.0,56.0,93.0,0.7030959129333496,-1,-1,-1
557,27,3319.0,590.0,24.0,52.0,0.3980760872364044,-1,-1,-1
557,39,4069.0,516.0,18.0,26.0,1.0,-1,-1,-1
557,53,3209.0,513.0,18.0,34.0,0.36350634694099426,-1,-1,-1
557,55,3881.0,504.0,26.0,43.0,1.0,-1,-1,-1
557,57,4112.0,513.0,24.0,34.0,0.2665950655937195,-1,-1,-1
558,4,4382.0,796.0,56.0,94.0,0.7704586982727051,-1,-1,-1
558,27,3323.0,590.0,24.0,53.0,0.42590296268463135,-1,-1,-1
558,39,4069.0,516.0,18.0,26.0,1.0,-1,-1,-1
558,53,3210.0,513.0,18.0,36.0,0.4178504943847656,-1,-1,-1
558,55,3883.0,503.0,27.0,45.0,1.0,-1,-1,-1
558,57,4115.0,515.0,23.0,32.0,0.27645400166511536,-1,-1,-1
559,4,4392.0,799.0,53.0,91.0,0.7883090376853943,-1,-1,-1
559,27,3328.0,591.0,23.0,53.0,0.5389406681060791,-1,-1,-1
559,39,4069.0,516.0,18.0,26.0,1.0,-1,-1,-1
559,53,3211.0,513.0,18.0,35.0,0.3513941168785095,-1,-1,-1
559,55,3886.0,502.0,28.0,46.0,1.0,-1,-1,-1
559,57,4117.0,515.0,23.0,32.0,0.27474844455718994,-1,-1,-1
560,4,4400.0,799.0,51.0,89.0,0.8018432259559631,-1,-1,-1
560,27,3332.0,593.0,22.0,51.0,0.49304208159446716,-1,-1,-1
560,39,4069.0,516.0,18.0,26.0,1.0,-1,-1,-1
560,53,3214.0,515.0,16.0,33.0,0.2716086208820343,-1,-1,-1
560,55,3900.0,513.0,19.0,32.0,0.3378191590309143,-1,-1,-1
560,57,4119.0,515.0,23.0,32.0,1.0,-1,-1,-1
561,4,4406.0,799.0,52.0,89.0,0.7244910597801208,-1,-1,-1
561,27,3335.0,595.0,21.0,49.0,0.4486314654350281,-1,-1,-1
561,39,4069.0,516.0,18.0,26.0,1.0,-1,-1,-1
561,53,3215.0,515.0,16.0,33.0,1.0,-1,-1,-1
561,55,3906.0,514.0,19.0,32.0,0.2863483130931854,-1,-1,-1
561,57,4122.0,515.0,23.0,32.0,1.0,-1,-1,-1
562,4,4408.0,798.0,53.0,90.0,0.671122670173645,-1,-1,-1
562,27,3340.0,595.0,20.0,47.0,0.3784926235675812,-1,-1,-1
562,39,4069.0,516.0,18.0,26.0,1.0,-1,-1,-1
562,53,3217.0,515.0,17.0,33.0,1.0,-1,-1,-1
562,55,3910.0,515.0,19.0,32.0,1.0,-1,-1,-1
562,57,4124.0,515.0,23.0,32.0,1.0,-1,-1,-1
563,4,4416.0,798.0,54.0,90.0,0.6005364060401917,-1,-1,-1
563,27,3344.0,594.0,21.0,49.0,0.2578596770763397,-1,-1,-1
563,53,3219.0,515.0,17.0,34.0,1.0,-1,-1,-1
563,55,3914.0,515.0,19.0,32.0,1.0,-1,-1,-1
563,57,4126.0,515.0,23.0,32.0,1.0,-1,-1,-1
564,4,4424.0,798.0,55.0,88.0,0.7165724039077759,-1,-1,-1
564,27,3348.0,594.0,21.0,49.0,1.0,-1,-1,-1
564,53,3221.0,515.0,15.0,30.0,0.32273533940315247,-1,-1,-1
564,55,3918.0,515.0,19.0,32.0,1.0,-1,-1,-1
564,57,4128.0,515.0,23.0,32.0,1.0,-1,-1,-1
565,4,4430.0,797.0,56.0,88.0,0.622130811214447,-1,-1,-1
565,27,3350.0,594.0,21.0,48.0,0.30064019560813904,-1,-1,-1
565,53,3222.0,515.0,15.0,30.0,0.4036138951778412,-1,-1,-1
565,55,3921.0,507.0,23.0,41.0,0.3043440282344818,-1,-1,-1
565,57,4131.0,515.0,23.0,32.0,1.0,-1,-1,-1
566,4,4445.0,796.0,56.0,87.0,0.7021444439888,-1,-1,-1
566,27,3353.0,594.0,21.0,46.0,0.44969481229782104,-1,-1,-1
566,53,3224.0,515.0,15.0,29.0,0.32105356454849243,-1,-1,-1
566,55,3926.0,509.0,23.0,39.0,0.30909428000450134,-1,-1,-1
566,57,4133.0,515.0,23.0,32.0,1.0,-1,-1,-1
567,4,4457.0,798.0,55.0,87.0,0.6428483724594116,-1,-1,-1
567,27,3358.0,594.0,20.0,46.0,0.48365604877471924,-1,-1,-1
567,53,3226.0,515.0,15.0,29.0,0.3519405126571655,-1,-1,-1
567,55,3930.0,505.0,24.0,42.0,0.3029635548591614,-1,-1,-1
567,57,4135.0,515.0,23.0,32.0,1.0,-1,-1,-1
568,4,4466.0,800.0,55.0,86.0,0.706866443157196,-1,-1,-1
568,27,3361.0,594.0,21.0,46.0,0.535469651222229,-1,-1,-1
568,53,3227.0,515.0,14.0,29.0,0.3949151635169983,-1,-1,-1
568,55,3935.0,515.0,18.0,32.0,0.32678377628326416,-1,-1,-1
568,57,4138.0,515.0,23.0,32.0,1.0,-1,-1,-1
569,4,4473.0,800.0,56.0,88.0,0.6821500062942505,-1,-1,-1
569,27,3364.0,594.0,21.0,46.0,0.48413974046707153,-1,-1,-1
569,53,3229.0,515.0,14.0,28.0,0.37066376209259033,-1,-1,-1
569,55,3939.0,518.0,17.0,28.0,0.2681093215942383,-1,-1,-1
569,57,4140.0,515.0,23.0,32.0,1.0,-1,-1,-1
570,4,4478.0,800.0,57.0,89.0,0.7112454175949097,-1,-1,-1
570,27,3368.0,593.0,21.0,47.0,0.4008980095386505,-1,-1,-1
570,53,3230.0,516.0,14.0,28.0,0.4640365540981293,-1,-1,-1
570,55,3943.0,519.0,16.0,28.0,1.0,-1,-1,-1
570,57,4142.0,515.0,23.0,32.0,1.0,-1,-1,-1
571,4,4480.0,798.0,59.0,91.0,0.7216581702232361,-1,-1,-1
571,27,3372.0,593.0,21.0,47.0,1.0,-1,-1,-1
571,53,3230.0,516.0,15.0,30.0,0.47166821360588074,-1,-1,-1
571,55,3947.0,519.0,16.0,27.0,1.0,-1,-1,-1
571,57,4145.0,516.0,23.0,32.0,1.0,-1,-1,-1
572,4,4486.0,796.0,62.0,92.0,0.6366303563117981,-1,-1,-1
572,27,3376.0,593.0,21.0,48.0,0.2552221715450287,-1,-1,-1
572,53,3231.0,516.0,15.0,30.0,0.5156872272491455,-1,-1,-1
572,55,3951.0,520.0,16.0,27.0,1.0,-1,-1,-1
572,57,4147.0,516.0,23.0,32.0,1.0,-1,-1,-1
573,4,4495.0,794.0,62.0,90.0,0.7347306609153748,-1,-1,-1
573,27,3380.0,592.0,20.0,46.0,0.37380796670913696,-1,-1,-1
573,53,3232.0,515.0,15.0,30.0,0.5444948673248291,-1,-1,-1
573,55,3955.0,520.0,16.0,26.0,1.0,-1,-1,-1
573,57,4149.0,516.0,23.0,32.0,1.0,-1,-1,-1
574,4,4507.0,792.0,64.0,94.0,0.7490990161895752,-1,-1,-1
574,27,3383.0,590.0,22.0,51.0,0.4565025269985199,-1,-1,-1
574,53,3234.0,514.0,15.0,31.0,0.369445264339447,-1,-1,-1
574,55,3959.0,521.0,15.0,26.0,1.0,-1,-1,-1
574,57,4152.0,516.0,23.0,32.0,1.0,-1,-1,-1
575,4,4515.0,789.0,65.0,95.0,0.7040812969207764,-1,-1,-1
575,27,3385.0,590.0,23.0,53.0,0.6186137199401855,-1,-1,-1
575,53,3235.0,514.0,16.0,31.0,0.3409029245376587,-1,-1,-1
575,55,3961.0,516.0,19.0,33.0,0.4247323274612427,-1,-1,-1
575,57,4154.0,516.0,23.0,32.0,1.0,-1,-1,-1
576,4,4522.0,790.0,65.0,94.0,0.6638699769973755,-1,-1,-1
576,27,3389.0,589.0,24.0,54.0,0.5910977721214294,-1,-1,-1
576,53,3235.0,512.0,17.0,33.0,0.30514055490493774,-1,-1,-1
576,55,3963.0,514.0,20.0,37.0,0.38285231590270996,-1,-1,-1
576,57,4156.0,516.0,23.0,32.0,1.0,-1,-1,-1
577,4,4530.0,794.0,65.0,93.0,0.6723291873931885,-1,-1,-1
577,27,3393.0,588.0,23.0,52.0,0.3761427700519562,-1,-1,-1
577,53,3236.0,512.0,17.0,34.0,1.0,-1,-1,-1
577,55,3967.0,511.0,21.0,39.0,0.29086577892303467,-1,-1,-1
577,57,4159.0,516.0,23.0,32.0,1.0,-1,-1,-1
578,4,4540.0,796.0,63.0,92.0,0.7287355661392212,-1,-1,-1
578,27,3397.0,588.0,23.0,52.0,1.0,-1,-1,-1
578,53,3238.0,512.0,17.0,34.0,1.0,-1,-1,-1
578,55,3970.0,511.0,21.0,39.0,0.2856532633304596,-1,-1,-1
578,57,4161.0,516.0,23.0,32.0,1.0,-1,-1,-1
579,4,4550.0,796.0,62.0,91.0,0.7464327216148376,-1,-1,-1
579,27,3401.0,588.0,23.0,52.0,1.0,-1,-1,-1
579,53,3239.0,511.0,17.0,35.0,1.0,-1,-1,-1
579,55,3974.0,511.0,21.0,40.0,1.0,-1,-1,-1
579,57,4163.0,516.0,23.0,32.0,1.0,-1,-1,-1
580,4,4561.0,796.0,60.0,88.0,0.6923437714576721,-1,-1,-1
580,27,3404.0,587.0,24.0,53.0,1.0,-1,-1,-1
580,53,3240.0,511.0,17.0,35.0,1.0,-1,-1,-1
580,55,3977.0,510.0,22.0,40.0,1.0,-1,-1,-1
580,57,4165.0,516.0,23.0,32.0,1.0,-1,-1,-1
581,4,4570.0,797.0,59.0,88.0,0.6948717832565308,-1,-1,-1
581,27,3408.0,591.0,21.0,48.0,0.3618824779987335,-1,-1,-1
581,53,3241.0,511.0,18.0,35.0,1.0,-1,-1,-1
581,55,3981.0,510.0,22.0,41.0,1.0,-1,-1,-1
581,57,4168.0,516.0,23.0,32.0,1.0,-1,-1,-1
582,4,4576.0,795.0,61.0,91.0,0.6898810267448425,-1,-1,-1
582,27,3413.0,593.0,20.0,46.0,0.532493531703949,-1,-1,-1
582,53,3243.0,510.0,18.0,36.0,1.0,-1,-1,-1
582,55,3989.0,523.0,15.0,29.0,0.3067777752876282,-1,-1,-1
582,57,4170.0,516.0,23.0,32.0,1.0,-1,-1,-1
583,4,4582.0,794.0,61.0,91.0,0.6972260475158691,-1,-1,-1
583,27,3415.0,592.0,21.0,49.0,0.5977972745895386,-1,-1,-1
583,53,3244.0,510.0,18.0,36.0,1.0,-1,-1,-1
583,55,3992.0,524.0,15.0,28.0,1.0,-1,-1,-1
583,57,4172.0,516.0,23.0,32.0,1.0,-1,-1,-1
584,4,4589.0,795.0,60.0,89.0,0.7513261437416077,-1,-1,-1
584,27,3417.0,590.0,22.0,51.0,0.629728376865387,-1,-1,-1
584,53,3245.0,510.0,18.0,36.0,1.0,-1,-1,-1
584,55,3996.0,525.0,15.0,28.0,1.0,-1,-1,-1
584,57,4175.0,516.0,23.0,32.0,1.0,-1,-1,-1
585,4,4602.0,793.0,60.0,90.0,0.6654013395309448,-1,-1,-1
585,27,3420.0,588.0,24.0,54.0,0.584743082523346,-1,-1,-1
585,53,3247.0,516.0,15.0,30.0,0.3027609884738922,-1,-1,-1
585,55,4000.0,525.0,15.0,28.0,1.0,-1,-1,-1
586,4,4613.0,794.0,59.0,89.0,0.6849231123924255,-1,-1,-1
586,27,3423.0,584.0,25.0,57.0,0.4604622721672058,-1,-1,-1
586,53,3248.0,516.0,16.0,30.0,0.2660974860191345,-1,-1,-1
586,55,4005.0,524.0,15.0,27.0,0.28145632147789,-1,-1,-1
587,4,4622.0,796.0,58.0,87.0,0.632427990436554,-1,-1,-1
587,27,3426.0,583.0,25.0,58.0,1.0,-1,-1,-1
587,53,3249.0,515.0,16.0,31.0,0.2795151174068451,-1,-1,-1
587,55,4009.0,524.0,16.0,27.0,0.30366334319114685,-1,-1,-1
588,4,4630.0,797.0,60.0,90.0,0.6136319041252136,-1,-1,-1
588,27,3429.0,583.0,26.0,59.0,1.0,-1,-1,-1
588,53,3250.0,515.0,16.0,31.0,0.30660468339920044,-1,-1,-1
588,55,4013.0,524.0,16.0,27.0,1.0,-1,-1,-1
589,4,4639.0,799.0,60.0,90.0,0.6903694868087769,-1,-1,-1
589,27,3435.0,585.0,21.0,48.0,0.3071742057800293,-1,-1,-1
589,53,3250.0,515.0,16.0,31.0,0.2738950848579407,-1,-1,-1
589,55,4017.0,524.0,16.0,27.0,1.0,-1,-1,-1
590,4,4648.0,801.0,59.0,88.0,0.6574644446372986,-1,-1,-1
590,27,3440.0,587.0,19.0,44.0,0.3466419279575348,-1,-1,-1
590,53,3252.0,515.0,16.0,30.0,0.2756711542606354,-1,-1,-1
590,55,4021.0,525.0,15.0,27.0,1.0,-1,-1,-1
591,4,4653.0,800.0,61.0,90.0,0.65789794921875,-1,-1,-1
591,27,3443.0,586.0,20.0,47.0,0.3828778862953186,-1,-1,-1
591,53,3252.0,515.0,16.0,30.0,0.3736315965652466,-1,-1,-1
591,55,4025.0,525.0,15.0,26.0,1.0,-1,-1,-1
592,4,4655.0,798.0,63.0,90.0,0.5639858245849609,-1,-1,-1
592,27,3445.0,586.0,21.0,51.0,0.3633009195327759,-1,-1,-1
592,53,3254.0,515.0,16.0,31.0,0.3198782801628113,-1,-1,-1
592,55,4029.0,526.0,15.0,26.0,1.0,-1,-1,-1
593,4,4666.0,796.0,64.0,90.0,0.6764436364173889,-1,-1,-1
593,27,3448.0,587.0,21.0,51.0,0.3529295027256012,-1,-1,-1
593,53,3255.0,515.0,15.0,30.0,0.3307133615016937,-1,-1,-1
593,55,4033.0,526.0,15.0,26.0,1.0,-1,-1,-1
594,4,4676.0,794.0,65.0,91.0,0.7576525807380676,-1,-1,-1
594,27,3451.0,587.0,21.0,52.0,1.0,-1,-1,-1
594,53,3256.0,515.0,15.0,30.0,0.29801392555236816,-1,-1,-1
594,55,4032.0,521.0,19.0,32.0,0.3108416497707367,-1,-1,-1
595,4,4687.0,794.0,65.0,90.0,0.6860074996948242,-1,-1,-1
595,27,3454.0,587.0,22.0,52.0,1.0,-1,-1,-1
595,53,3257.0,516.0,15.0,30.0,0.3702247142791748,-1,-1,-1
595,55,4037.0,522.0,18.0,31.0,0.39541706442832947,-1,-1,-1
596,4,4694.0,793.0,66.0,92.0,0.6862742900848389,-1,-1,-1
596,27,3458.0,587.0,22.0,53.0,1.0,-1,-1,-1
596,53,3257.0,516.0,14.0,30.0,0.31763190031051636,-1,-1,-1
596,55,4042.0,524.0,16.0,28.0,0.3652648329734802,-1,-1,-1
597,4,4700.0,794.0,66.0,90.0,0.7437219023704529,-1,-1,-1
597,27,3463.0,582.0,20.0,49.0,0.3249715566635132,-1,-1,-1
597,53,3258.0,516.0,14.0,30.0,0.2942144572734833,-1,-1,-1
597,55,4045.0,524.0,16.0,29.0,0.28093424439430237,-1,-1,-1
598,4,4708.0,796.0,67.0,91.0,0.7176954746246338,-1,-1,-1
598,27,3466.0,582.0,20.0,50.0,0.38183680176734924,-1,-1,-1
598,53,3259.0,516.0,14.0,29.0,0.32960617542266846,-1,-1,-1
598,55,4049.0,524.0,16.0,29.0,1.0,-1,-1,-1
599,4,4718.0,797.0,66.0,89.0,0.7052367925643921,-1,-1,-1
599,27,3470.0,585.0,19.0,48.0,0.36737656593322754,-1,-1,-1
599,53,3260.0,516.0,14.0,30.0,0.3364984095096588,-1,-1,-1
599,55,4053.0,524.0,16.0,29.0,1.0,-1,-1,-1
600,4,4729.0,797.0,65.0,89.0,0.7188589572906494,-1,-1,-1
600,27,3473.0,587.0,18.0,46.0,0.4179478585720062,-1,-1,-1
600,53,3261.0,516.0,14.0,30.0,0.29976537823677063,-1,-1,-1
600,55,4057.0,524.0,16.0,29.0,1.0,-1,-1,-1
601,4,4739.0,797.0,63.0,87.0,0.6800975799560547,-1,-1,-1
601,27,3476.0,588.0,18.0,45.0,1.0,-1,-1,-1
601,53,3261.0,516.0,14.0,30.0,0.29445135593414307,-1,-1,-1
601,55,4060.0,524.0,16.0,29.0,1.0,-1,-1,-1
602,4,4746.0,797.0,63.0,86.0,0.7279999852180481,-1,-1,-1
602,27,3477.0,586.0,18.0,47.0,0.36374011635780334,-1,-1,-1
602,53,3261.0,516.0,15.0,32.0,0.3091282844543457,-1,-1,-1
602,55,4061.0,525.0,16.0,29.0,0.25204598903656006,-1,-1,-1
603,4,4752.0,797.0,63.0,87.0,0.7529252171516418,-1,-1,-1
603,27,3478.0,582.0,21.0,54.0,0.4376499354839325,-1,-1,-1
603,53,3262.0,516.0,15.0,32.0,1.0,-1,-1,-1
603,55,4066.0,527.0,16.0,27.0,0.26893165707588196,-1,-1,-1
604,4,4760.0,796.0,64.0,88.0,0.47891685366630554,-1,-1,-1
604,27,3480.0,582.0,21.0,55.0,1.0,-1,-1,-1
604,53,3263.0,516.0,15.0,32.0,1.0,-1,-1,-1
604,55,4070.0,527.0,16.0,27.0,1.0,-1,-1,-1
605,4,4771.0,794.0,64.0,87.0,0.6224265098571777,-1,-1,-1
605,27,3483.0,581.0,22.0,55.0,1.0,-1,-1,-1
605,53,3264.0,516.0,15.0,32.0,1.0,-1,-1,-1
605,55,4073.0,528.0,16.0,27.0,1.0,-1,-1,-1
605,67,3827.0,513.0,20.0,37.0,0.26787689328193665,-1,-1,-1
606,4,4779.0,794.0,65.0,89.0,0.6308250427246094,-1,-1,-1
606,27,3489.0,583.0,18.0,45.0,0.267417311668396,-1,-1,-1
606,53,3264.0,516.0,15.0,32.0,1.0,-1,-1,-1
606,55,4077.0,528.0,16.0,27.0,1.0,-1,-1,-1
606,67,3828.0,512.0,21.0,39.0,1.0,-1,-1,-1
607,4,4789.0,795.0,65.0,88.0,0.6469078660011292,-1,-1,-1
607,27,3491.0,582.0,18.0,45.0,0.37878769636154175,-1,-1,-1
607,53,3265.0,516.0,15.0,33.0,1.0,-1,-1,-1
607,55,4081.0,528.0,15.0,26.0,1.0,-1,-1,-1
607,67,3830.0,512.0,22.0,40.0,1.0,-1,-1,-1
608,4,4800.0,796.0,65.0,88.0,0.594197154045105,-1,-1,-1
608,27,3494.0,584.0,17.0,43.0,0.30505624413490295,-1,-1,-1
608,53,3266.0,516.0,16.0,33.0,1.0,-1,-1,-1
608,55,4084.0,529.0,15.0,26.0,1.0,-1,-1,-1
608,67,3831.0,511.0,23.0,42.0,1.0,-1,-1,-1
609,4,4811.0,798.0,65.0,88.0,0.4056832492351532,-1,-1,-1
609,27,3498.0,586.0,16.0,41.0,0.36899471282958984,-1,-1,-1
609,53,3267.0,516.0,16.0,33.0,1.0,-1,-1,-1
609,55,4088.0,529.0,15.0,26.0,1.0,-1,-1,-1
609,67,3840.0,516.0,21.0,38.0,0.36374157667160034,-1,-1,-1
610,4,4821.0,800.0,63.0,86.0,0.6436200737953186,-1,-1,-1
610,27,3502.0,586.0,16.0,41.0,0.3042108118534088,-1,-1,-1
610,53,3267.0,516.0,16.0,33.0,1.0,-1,-1,-1
610,55,4092.0,529.0,15.0,26.0,1.0,-1,-1,-1
610,67,3843.0,514.0,21.0,39.0,0.4494832158088684,-1,-1,-1
611,4,4830.0,798.0,64.0,87.0,0.6064579486846924,-1,-1,-1
611,27,3505.0,585.0,17.0,43.0,0.31574392318725586,-1,-1,-1
611,53,3268.0,516.0,16.0,33.0,1.0,-1,-1,-1
611,55,4095.0,530.0,15.0,26.0,1.0,-1,-1,-1
611,67,3848.0,516.0,19.0,36.0,0.45131799578666687,-1,-1,-1
612,4,4839.0,799.0,64.0,87.0,0.49654263257980347,-1,-1,-1
612,27,3509.0,585.0,17.0,42.0,1.0,-1,-1,-1
612,53,3269.0,516.0,16.0,34.0,1.0,-1,-1,-1
612,55,4098.0,530.0,16.0,26.0,0.25156402587890625,-1,-1,-1
612,67,3851.0,517.0,19.0,36.0,0.371619313955307,-1,-1,-1
613,4,4847.0,797.0,65.0,87.0,0.6054134964942932,-1,-1,-1
613,27,3512.0,585.0,16.0,42.0,1.0,-1,-1,-1
613,53,3270.0,516.0,16.0,34.0,1.0,-1,-1,-1
613,55,4102.0,530.0,16.0,26.0,1.0,-1,-1,-1
613,67,3854.0,517.0,19.0,37.0,1.0,-1,-1,-1
614,4,4856.0,795.0,65.0,86.0,0.6365607976913452,-1,-1,-1
614,27,3515.0,585.0,16.0,42.0,1.0,-1,-1,-1
614,53,3270.0,516.0,16.0,34.0,1.0,-1,-1,-1
614,55,4106.0,530.0,16.0,26.0,1.0,-1,-1,-1
614,67,3859.0,514.0,20.0,37.0,0.3155747652053833,-1,-1,-1
615,4,4864.0,793.0,68.0,90.0,0.7056596279144287,-1,-1,-1
615,27,3518.0,585.0,16.0,41.0,1.0,-1,-1,-1
615,53,3271.0,516.0,16.0,34.0,1.0,-1,-1,-1
615,55,4109.0,530.0,16.0,26.0,1.0,-1,-1,-1
615,67,3863.0,512.0,20.0,39.0,0.26588326692581177,-1,-1,-1
616,4,4869.0,793.0,68.0,90.0,0.5810030698776245,-1,-1,-1
616,27,3522.0,585.0,16.0,41.0,1.0,-1,-1,-1
616,53,3272.0,516.0,16.0,34.0,1.0,-1,-1,-1
616,55,4113.0,531.0,16.0,26.0,1.0,-1,-1,-1
616,67,3866.0,512.0,21.0,39.0,1.0,-1,-1,-1
617,4,4879.0,793.0,68.0,90.0,0.5557990074157715,-1,-1,-1
617,27,3525.0,585.0,16.0,41.0,1.0,-1,-1,-1
617,53,3273.0,516.0,16.0,34.0,1.0,-1,-1,-1
617,55,4116.0,531.0,16.0,26.0,1.0,-1,-1,-1
617,67,3869.0,517.0,20.0,36.0,0.350578248500824,-1,-1,-1
618,4,4888.0,794.0,68.0,90.0,0.6648855805397034,-1,-1,-1
618,27,3528.0,585.0,16.0,41.0,1.0,-1,-1,-1
618,53,3274.0,516.0,16.0,35.0,1.0,-1,-1,-1
618,55,4120.0,531.0,15.0,26.0,1.0,-1,-1,-1
618,67,3873.0,516.0,21.0,38.0,0.41359788179397583,-1,-1,-1
619,4,4898.0,796.0,67.0,89.0,0.6769862174987793,-1,-1,-1
619,27,3531.0,585.0,16.0,40.0,1.0,-1,-1,-1
619,53,3274.0,516.0,16.0,35.0,1.0,-1,-1,-1
619,55,4124.0,532.0,15.0,26.0,1.0,-1,-1,-1
619,67,3875.0,518.0,21.0,38.0,0.3475218713283539,-1,-1,-1
620,4,4908.0,797.0,66.0,87.0,0.7046853303909302,-1,-1,-1
620,27,3535.0,585.0,16.0,40.0,1.0,-1,-1,-1
620,53,3275.0,516.0,17.0,35.0,1.0,-1,-1,-1
620,55,4127.0,532.0,15.0,26.0,1.0,-1,-1,-1
620,67,3879.0,517.0,22.0,39.0,0.3017207682132721,-1,-1,-1
621,4,4917.0,797.0,64.0,86.0,0.6846811771392822,-1,-1,-1
621,27,3538.0,585.0,16.0,40.0,1.0,-1,-1,-1
621,53,3276.0,516.0,17.0,35.0,1.0,-1,-1,-1
621,55,4131.0,532.0,15.0,26.0,1.0,-1,-1,-1
621,67,3882.0,517.0,22.0,39.0,1.0,-1,-1,-1
622,4,4925.0,797.0,64.0,86.0,0.7036791443824768,-1,-1,-1
622,27,3541.0,585.0,15.0,39.0,1.0,-1,-1,-1
622,53,3277.0,516.0,17.0,35.0,1.0,-1,-1,-1
622,55,4135.0,533.0,15.0,25.0,1.0,-1,-1,-1
622,67,3886.0,517.0,22.0,40.0,1.0,-1,-1,-1
623,4,4931.0,795.0,65.0,88.0,0.6509952545166016,-1,-1,-1
623,27,3544.0,585.0,15.0,39.0,1.0,-1,-1,-1
623,53,3277.0,516.0,17.0,35.0,1.0,-1,-1,-1
623,55,4138.0,533.0,15.0,25.0,1.0,-1,-1,-1
623,67,3889.0,518.0,22.0,40.0,1.0,-1,-1,-1
624,4,4938.0,794.0,66.0,89.0,0.6381908655166626,-1,-1,-1
624,27,3548.0,585.0,15.0,39.0,1.0,-1,-1,-1
624,53,3278.0,516.0,15.0,31.0,0.2709464132785797,-1,-1,-1
624,55,4142.0,533.0,15.0,25.0,1.0,-1,-1,-1
624,67,3903.0,525.0,18.0,33.0,0.26721155643463135,-1,-1,-1
625,4,4944.0,794.0,67.0,89.0,0.6442266702651978,-1,-1,-1
625,27,3551.0,585.0,15.0,39.0,1.0,-1,-1,-1
625,53,3279.0,516.0,14.0,29.0,0.29345518350601196,-1,-1,-1
625,55,4146.0,534.0,15.0,25.0,1.0,-1,-1,-1
625,67,3907.0,525.0,18.0,32.0,1.0,-1,-1,-1
626,4,4951.0,794.0,68.0,89.0,0.631696343421936,-1,-1,-1
626,27,3554.0,586.0,15.0,38.0,1.0,-1,-1,-1
626,53,3280.0,516.0,14.0,28.0,0.3183444142341614,-1,-1,-1
626,55,4149.0,534.0,15.0,25.0,1.0,-1,-1,-1
626,67,3909.0,524.0,19.0,33.0,0.3486737310886383,-1,-1,-1
627,4,4959.0,795.0,69.0,89.0,0.5263711810112,-1,-1,-1
627,27,3557.0,586.0,15.0,38.0,1.0,-1,-1,-1
627,53,3281.0,516.0,14.0,28.0,0.2511579096317291,-1,-1,-1
627,55,4153.0,534.0,15.0,25.0,1.0,-1,-1,-1
627,67,3913.0,525.0,18.0,33.0,1.0,-1,-1,-1
628,4,4967.0,796.0,69.0,88.0,0.4081244468688965,-1,-1,-1
628,27,3560.0,586.0,15.0,38.0,1.0,-1,-1,-1
628,53,3282.0,516.0,13.0,28.0,0.25058311223983765,-1,-1,-1
628,55,4156.0,535.0,15.0,25.0,1.0,-1,-1,-1
628,67,3918.0,525.0,18.0,33.0,1.0,-1,-1,-1
629,4,4978.0,797.0,71.0,90.0,0.4738321006298065,-1,-1,-1
629,27,3564.0,586.0,15.0,37.0,1.0,-1,-1,-1
629,53,3283.0,515.0,14.0,29.0,0.2963913679122925,-1,-1,-1
629,55,4160.0,535.0,15.0,25.0,1.0,-1,-1,-1
629,67,3922.0,526.0,19.0,32.0,0.3001370429992676,-1,-1,-1
630,4,4992.0,798.0,69.0,88.0,0.6282549500465393,-1,-1,-1
630,27,3567.0,586.0,15.0,37.0,1.0,-1,-1,-1
630,53,3283.0,515.0,14.0,29.0,0.2546505033969879,-1,-1,-1
630,55,4164.0,535.0,15.0,25.0,1.0,-1,-1,-1
630,67,3925.0,525.0,20.0,36.0,0.3992961347103119,-1,-1,-1
631,4,5004.0,798.0,68.0,87.0,0.6310039162635803,-1,-1,-1
631,27,3570.0,586.0,14.0,37.0,1.0,-1,-1,-1
631,53,3284.0,515.0,14.0,29.0,1.0,-1,-1,-1
631,55,4167.0,535.0,15.0,25.0,1.0,-1,-1,-1
631,67,3929.0,525.0,20.0,36.0,0.3985411822795868,-1,-1,-1
632,4,5013.0,796.0,69.0,89.0,0.6691761612892151,-1,-1,-1
632,27,3573.0,586.0,14.0,37.0,1.0,-1,-1,-1
632,53,3285.0,515.0,14.0,29.0,1.0,-1,-1,-1
632,55,4171.0,536.0,15.0,24.0,1.0,-1,-1,-1
632,67,3931.0,524.0,20.0,36.0,0.34023961424827576,-1,-1,-1
633,4,5020.0,794.0,69.0,91.0,0.7103111743927002,-1,-1,-1
633,27,3577.0,586.0,14.0,36.0,1.0,-1,-1,-1
633,53,3286.0,515.0,14.0,29.0,1.0,-1,-1,-1
633,55,4175.0,536.0,15.0,24.0,1.0,-1,-1,-1
633,67,3934.0,524.0,20.0,36.0,1.0,-1,-1,-1
634,4,5030.0,793.0,68.0,90.0,0.7393956780433655,-1,-1,-1
634,27,3559.0,579.0,17.0,44.0,0.3970637321472168,-1,-1,-1
634,53,3286.0,516.0,14.0,29.0,0.32620328664779663,-1,-1,-1
634,55,4178.0,536.0,14.0,24.0,1.0,-1,-1,-1
634,67,3938.0,524.0,21.0,36.0,1.0,-1,-1,-1
635,4,5039.0,791.0,68.0,90.0,0.6237162351608276,-1,-1,-1
635,27,3561.0,578.0,18.0,45.0,1.0,-1,-1,-1
635,53,3286.0,516.0,14.0,30.0,0.38996461033821106,-1,-1,-1
635,55,4182.0,537.0,14.0,24.0,1.0,-1,-1,-1
635,67,3942.0,525.0,21.0,36.0,1.0,-1,-1,-1
636,4,5047.0,791.0,68.0,91.0,0.6739218235015869,-1,-1,-1
636,27,3563.0,578.0,18.0,45.0,1.0,-1,-1,-1
636,53,3286.0,516.0,15.0,30.0,0.35588493943214417,-1,-1,-1
636,55,4185.0,537.0,14.0,24.0,1.0,-1,-1,-1
636,67,3946.0,525.0,21.0,36.0,1.0,-1,-1,-1
637,4,5056.0,793.0,66.0,89.0,0.6784047484397888,-1,-1,-1
637,27,3565.0,578.0,18.0,45.0,1.0,-1,-1,-1
637,53,3287.0,516.0,15.0,31.0,1.0,-1,-1,-1
637,55,4189.0,537.0,14.0,24.0,1.0,-1,-1,-1
637,67,3949.0,525.0,21.0,36.0,1.0,-1,-1,-1
638,4,5064.0,794.0,65.0,88.0,0.6095486879348755,-1,-1,-1
638,27,3568.0,577.0,18.0,45.0,1.0,-1,-1,-1
638,53,3288.0,516.0,15.0,31.0,1.0,-1,-1,-1
638,67,3953.0,525.0,21.0,36.0,1.0,-1,-1,-1
639,4,5071.0,796.0,64.0,87.0,0.36703184247016907,-1,-1,-1
639,27,3570.0,577.0,18.0,45.0,1.0,-1,-1,-1
639,53,3288.0,516.0,15.0,31.0,1.0,-1,-1,-1
639,67,3956.0,525.0,19.0,33.0,0.2989707589149475,-1,-1,-1
640,4,5078.0,796.0,64.0,86.0,0.6421157717704773,-1,-1,-1
640,27,3572.0,577.0,18.0,45.0,1.0,-1,-1,-1
640,53,3289.0,516.0,15.0,31.0,1.0,-1,-1,-1
640,67,3960.0,525.0,19.0,33.0,1.0,-1,-1,-1
641,4,5086.0,796.0,64.0,86.0,0.5788689255714417,-1,-1,-1
641,27,3572.0,577.0,17.0,44.0,0.2508958578109741,-1,-1,-1
641,53,3289.0,516.0,15.0,31.0,1.0,-1,-1,-1
641,67,3964.0,525.0,19.0,32.0,1.0,-1,-1,-1
642,4,5093.0,796.0,63.0,86.0,0.624900221824646,-1,-1,-1
642,27,3574.0,576.0,17.0,44.0,0.3140872120857239,-1,-1,-1
642,53,3290.0,516.0,15.0,31.0,1.0,-1,-1,-1
642,67,3967.0,525.0,19.0,32.0,1.0,-1,-1,-1
643,4,5099.0,794.0,65.0,87.0,0.6249015927314758,-1,-1,-1
643,27,3574.0,574.0,18.0,48.0,0.4194648265838623,-1,-1,-1
643,53,3291.0,516.0,15.0,31.0,1.0,-1,-1,-1
643,67,3971.0,525.0,19.0,32.0,1.0,-1,-1,-1
644,4,5105.0,792.0,66.0,89.0,0.6979731321334839,-1,-1,-1
644,27,3576.0,574.0,18.0,49.0,0.481484055519104,-1,-1,-1
644,53,3291.0,516.0,15.0,31.0,1.0,-1,-1,-1
644,67,3975.0,525.0,19.0,32.0,1.0,-1,-1,-1
645,4,5112.0,791.0,66.0,88.0,0.691857635974884,-1,-1,-1
645,27,3579.0,573.0,18.0,50.0,0.49213844537734985,-1,-1,-1
645,53,3292.0,516.0,15.0,31.0,1.0,-1,-1,-1
645,67,3979.0,525.0,19.0,32.0,1.0,-1,-1,-1
646,4,5119.0,792.0,66.0,88.0,0.6990927457809448,-1,-1,-1
646,27,3580.0,573.0,19.0,50.0,0.5046210289001465,-1,-1,-1
646,53,3293.0,516.0,15.0,31.0,1.0,-1,-1,-1
646,67,3982.0,526.0,19.0,31.0,1.0,-1,-1,-1
647,4,5126.0,792.0,68.0,89.0,0.6582122445106506,-1,-1,-1
647,27,3581.0,573.0,19.0,49.0,0.46142131090164185,-1,-1,-1
647,53,3293.0,516.0,15.0,31.0,1.0,-1,-1,-1
647,67,3986.0,526.0,19.0,31.0,1.0,-1,-1,-1
648,4,5133.0,794.0,69.0,88.0,0.655037522315979,-1,-1,-1
648,27,3584.0,573.0,18.0,48.0,0.36320847272872925,-1,-1,-1
648,53,3294.0,516.0,15.0,32.0,1.0,-1,-1,-1
648,67,3990.0,526.0,18.0,31.0,1.0,-1,-1,-1
649,4,5145.0,796.0,72.0,91.0,0.5760968327522278,-1,-1,-1
649,27,3586.0,573.0,18.0,48.0,1.0,-1,-1,-1
649,53,3295.0,516.0,15.0,32.0,1.0,-1,-1,-1
649,67,3993.0,526.0,18.0,31.0,1.0,-1,-1,-1
650,4,5156.0,796.0,71.0,90.0,0.6014118790626526,-1,-1,-1
650,27,3588.0,573.0,18.0,48.0,1.0,-1,-1,-1
650,53,3295.0,516.0,15.0,32.0,1.0,-1,-1,-1
650,67,3997.0,526.0,18.0,31.0,1.0,-1,-1,-1
651,4,5167.0,797.0,70.0,88.0,0.5911396145820618,-1,-1,-1
651,27,3589.0,572.0,18.0,48.0,1.0,-1,-1,-1
651,53,3296.0,516.0,15.0,32.0,1.0,-1,-1,-1
651,67,4001.0,526.0,18.0,31.0,1.0,-1,-1,-1
652,4,5176.0,798.0,70.0,88.0,0.44047418236732483,-1,-1,-1
652,27,3591.0,572.0,18.0,48.0,1.0,-1,-1,-1
652,53,3297.0,516.0,15.0,32.0,1.0,-1,-1,-1
652,67,4005.0,526.0,18.0,30.0,1.0,-1,-1,-1
653,4,5182.0,797.0,70.0,88.0,0.5253727436065674,-1,-1,-1
653,27,3593.0,572.0,19.0,48.0,1.0,-1,-1,-1
653,53,3297.0,516.0,15.0,32.0,1.0,-1,-1,-1
653,67,4008.0,527.0,18.0,30.0,1.0,-1,-1,-1
654,4,5189.0,797.0,70.0,89.0,0.6148098111152649,-1,-1,-1
654,27,3595.0,571.0,19.0,49.0,1.0,-1,-1,-1
654,53,3298.0,516.0,15.0,32.0,1.0,-1,-1,-1
654,67,4012.0,527.0,18.0,30.0,1.0,-1,-1,-1
655,4,5196.0,794.0,72.0,92.0,0.6248518228530884,-1,-1,-1
655,27,3598.0,572.0,16.0,41.0,0.29756399989128113,-1,-1,-1
655,53,3298.0,516.0,16.0,32.0,1.0,-1,-1,-1
655,67,4016.0,527.0,18.0,30.0,1.0,-1,-1,-1
656,4,5204.0,792.0,72.0,92.0,0.6568753123283386,-1,-1,-1
656,27,3600.0,572.0,16.0,41.0,0.37107962369918823,-1,-1,-1
656,53,3299.0,516.0,16.0,32.0,1.0,-1,-1,-1
656,67,4020.0,527.0,18.0,30.0,1.0,-1,-1,-1
657,4,5212.0,791.0,70.0,90.0,0.4635612964630127,-1,-1,-1
657,27,3600.0,572.0,17.0,43.0,0.46396100521087646,-1,-1,-1
657,53,3300.0,516.0,16.0,32.0,1.0,-1,-1,-1
657,67,4023.0,527.0,17.0,30.0,1.0,-1,-1,-1
658,4,5219.0,791.0,70.0,90.0,0.5939251184463501,-1,-1,-1
658,27,3601.0,572.0,17.0,44.0,0.4969881772994995,-1,-1,-1
658,53,3300.0,516.0,16.0,33.0,1.0,-1,-1,-1
658,67,4027.0,527.0,17.0,29.0,1.0,-1,-1,-1
659,4,5225.0,793.0,71.0,92.0,0.5842977166175842,-1,-1,-1
659,27,3602.0,572.0,17.0,43.0,0.5123770833015442,-1,-1,-1
659,53,3301.0,516.0,16.0,33.0,1.0,-1,-1,-1
659,67,4031.0,527.0,17.0,29.0,1.0,-1,-1,-1
660,4,5231.0,795.0,72.0,93.0,0.3815450370311737,-1,-1,-1
660,27,3602.0,572.0,17.0,44.0,0.5468335151672363,-1,-1,-1
660,53,3302.0,516.0,16.0,33.0,1.0,-1,-1,-1
660,67,4034.0,528.0,17.0,29.0,1.0,-1,-1,-1
661,4,5237.0,795.0,72.0,93.0,0.7508145570755005,-1,-1,-1
661,27,3603.0,571.0,18.0,46.0,0.5859912037849426,-1,-1,-1
661,53,3302.0,516.0,16.0,33.0,1.0,-1,-1,-1
661,67,4038.0,528.0,17.0,29.0,1.0,-1,-1,-1
662,4,5245.0,796.0,71.0,91.0,0.6511383652687073,-1,-1,-1
662,27,3605.0,571.0,18.0,47.0,0.5888652205467224,-1,-1,-1
662,67,4042.0,528.0,17.0,29.0,1.0,-1,-1,-1
663,4,5252.0,794.0,70.0,90.0,0.6001139879226685,-1,-1,-1
663,27,3606.0,571.0,18.0,47.0,0.5574721693992615,-1,-1,-1
663,67,4046.0,528.0,17.0,28.0,1.0,-1,-1,-1
664,4,5258.0,794.0,71.0,91.0,0.6502200365066528,-1,-1,-1
664,27,3606.0,571.0,19.0,49.0,0.6039573550224304,-1,-1,-1
664,67,4049.0,528.0,17.0,28.0,1.0,-1,-1,-1
665,4,5264.0,793.0,70.0,89.0,0.5709497332572937,-1,-1,-1
665,27,3607.0,570.0,19.0,48.0,0.549518346786499,-1,-1,-1
666,4,5271.0,793.0,71.0,90.0,0.666502058506012,-1,-1,-1
666,27,3609.0,571.0,18.0,47.0,0.52381831407547,-1,-1,-1
667,4,5278.0,795.0,71.0,90.0,0.5921114683151245,-1,-1,-1
667,27,3610.0,570.0,18.0,46.0,0.5231630802154541,-1,-1,-1
668,4,5284.0,796.0,71.0,90.0,0.5543616414070129,-1,-1,-1
668,27,3611.0,571.0,17.0,45.0,0.5210713744163513,-1,-1,-1
669,4,5292.0,795.0,72.0,91.0,0.5755480527877808,-1,-1,-1
669,27,3612.0,570.0,17.0,45.0,0.4761194586753845,-1,-1,-1
670,4,5301.0,797.0,72.0,91.0,0.4208694398403168,-1,-1,-1
670,27,3614.0,570.0,17.0,45.0,0.32498371601104736,-1,-1,-1
671,4,5309.0,798.0,72.0,91.0,0.27365031838417053,-1,-1,-1
671,27,3615.0,569.0,17.0,45.0,1.0,-1,-1,-1
672,4,5317.0,800.0,71.0,90.0,0.43162164092063904,-1,-1,-1
672,27,3617.0,569.0,17.0,45.0,1.0,-1,-1,-1
673,4,5324.0,803.0,71.0,89.0,0.4869825839996338,-1,-1,-1
673,27,3618.0,569.0,17.0,45.0,1.0,-1,-1,-1
674,4,5331.0,800.0,72.0,90.0,0.5994226336479187,-1,-1,-1
674,27,3622.0,569.0,18.0,44.0,0.3415070176124573,-1,-1,-1
675,4,5340.0,797.0,71.0,88.0,0.5841694474220276,-1,-1,-1
675,27,3622.0,570.0,18.0,42.0,0.32366904616355896,-1,-1,-1
675,71,4225.0,523.0,17.0,37.0,0.31527575850486755,-1,-1,-1
676,4,5348.0,796.0,70.0,86.0,0.702599048614502,-1,-1,-1
676,27,3624.0,570.0,17.0,40.0,0.4729752540588379,-1,-1,-1
676,71,4224.0,524.0,17.0,37.0,0.3098447620868683,-1,-1,-1
677,4,5356.0,796.0,71.0,86.0,0.7072686553001404,-1,-1,-1
677,27,3625.0,570.0,18.0,41.0,0.48516973853111267,-1,-1,-1
677,71,4224.0,524.0,16.0,35.0,0.2678608000278473,-1,-1,-1
677,72,3958.0,547.0,19.0,39.0,0.2902947664260864,-1,-1,-1
678,4,5362.0,795.0,72.0,88.0,0.49818047881126404,-1,-1,-1
678,27,3626.0,569.0,17.0,41.0,0.49667397141456604,-1,-1,-1
678,71,4224.0,525.0,16.0,35.0,1.0,-1,-1,-1
678,72,3958.0,548.0,19.0,39.0,1.0,-1,-1,-1
679,4,5367.0,795.0,76.0,93.0,0.31554439663887024,-1,-1,-1
679,27,3628.0,569.0,17.0,41.0,0.4492399990558624,-1,-1,-1
679,71,4224.0,525.0,16.0,34.0,1.0,-1,-1,-1
679,72,3959.0,548.0,19.0,39.0,1.0,-1,-1,-1
680,4,5371.0,795.0,77.0,95.0,0.5297119617462158,-1,-1,-1
680,27,3628.0,569.0,17.0,41.0,0.47758474946022034,-1,-1,-1
680,71,4224.0,525.0,16.0,34.0,1.0,-1,-1,-1
680,72,3960.0,548.0,19.0,39.0,1.0,-1,-1,-1
681,4,5377.0,797.0,76.0,94.0,0.6461164951324463,-1,-1,-1
681,27,3629.0,570.0,17.0,42.0,0.5266281962394714,-1,-1,-1
681,71,4224.0,525.0,16.0,34.0,1.0,-1,-1,-1
681,72,3960.0,549.0,19.0,39.0,1.0,-1,-1,-1
682,4,5385.0,798.0,74.0,91.0,0.5509089231491089,-1,-1,-1
682,27,3631.0,570.0,17.0,42.0,0.5122037529945374,-1,-1,-1
682,71,4223.0,525.0,16.0,34.0,1.0,-1,-1,-1
682,72,3961.0,549.0,19.0,39.0,1.0,-1,-1,-1
683,4,5392.0,800.0,72.0,87.0,0.6204538345336914,-1,-1,-1
683,27,3633.0,570.0,16.0,39.0,0.5261233448982239,-1,-1,-1
683,71,4223.0,525.0,15.0,33.0,1.0,-1,-1,-1
683,72,3962.0,550.0,19.0,39.0,1.0,-1,-1,-1
684,4,5398.0,798.0,73.0,89.0,0.6903762817382812,-1,-1,-1
684,27,3634.0,570.0,17.0,39.0,0.5449837446212769,-1,-1,-1
684,71,4223.0,526.0,15.0,33.0,1.0,-1,-1,-1
684,72,3962.0,550.0,19.0,39.0,1.0,-1,-1,-1
685,4,5405.0,798.0,71.0,87.0,0.5731558203697205,-1,-1,-1
685,27,3634.0,570.0,18.0,41.0,0.5537072420120239,-1,-1,-1
685,71,4223.0,526.0,15.0,33.0,1.0,-1,-1,-1
685,72,3963.0,551.0,19.0,39.0,1.0,-1,-1,-1
686,4,5412.0,799.0,71.0,84.0,0.2557543218135834,-1,-1,-1
686,27,3636.0,569.0,19.0,43.0,0.6216623783111572,-1,-1,-1
686,71,4223.0,526.0,15.0,32.0,1.0,-1,-1,-1
686,72,3964.0,551.0,19.0,39.0,1.0,-1,-1,-1
687,4,5416.0,797.0,73.0,87.0,0.7093374729156494,-1,-1,-1
687,27,3636.0,569.0,19.0,44.0,0.6140923500061035,-1,-1,-1
687,71,4223.0,526.0,15.0,32.0,1.0,-1,-1,-1
687,72,3964.0,552.0,19.0,39.0,1.0,-1,-1,-1
688,4,5422.0,795.0,76.0,90.0,0.6175702810287476,-1,-1,-1
688,27,3639.0,568.0,18.0,42.0,0.5592142343521118,-1,-1,-1
688,71,4222.0,526.0,15.0,32.0,1.0,-1,-1,-1
688,72,3965.0,552.0,19.0,39.0,1.0,-1,-1,-1
689,4,5431.0,794.0,77.0,91.0,0.5376875996589661,-1,-1,-1
689,27,3639.0,568.0,19.0,43.0,0.5330446362495422,-1,-1,-1
689,71,4222.0,526.0,15.0,31.0,1.0,-1,-1,-1
689,72,3966.0,553.0,19.0,39.0,1.0,-1,-1,-1
690,4,5438.0,795.0,80.0,95.0,0.41870132088661194,-1,-1,-1
690,27,3641.0,568.0,18.0,41.0,0.4382592439651489,-1,-1,-1
690,71,4222.0,527.0,14.0,31.0,1.0,-1,-1,-1
690,72,3966.0,553.0,19.0,39.0,1.0,-1,-1,-1
691,4,5446.0,799.0,79.0,93.0,0.37060025334358215,-1,-1,-1
691,27,3642.0,568.0,18.0,41.0,1.0,-1,-1,-1
691,71,4222.0,527.0,14.0,31.0,1.0,-1,-1,-1
691,72,3967.0,554.0,19.0,39.0,1.0,-1,-1,-1
692,4,5452.0,801.0,77.0,90.0,0.25755637884140015,-1,-1,-1
692,27,3644.0,568.0,18.0,41.0,1.0,-1,-1,-1
692,71,4222.0,527.0,14.0,30.0,1.0,-1,-1,-1
692,72,3968.0,554.0,19.0,39.0,1.0,-1,-1,-1
693,4,5459.0,802.0,77.0,90.0,1.0,-1,-1,-1
693,27,3645.0,568.0,18.0,41.0,1.0,-1,-1,-1
693,71,4206.0,538.0,19.0,38.0,0.2678808271884918,-1,-1,-1
693,72,3968.0,554.0,19.0,39.0,1.0,-1,-1,-1
695,4,5474.0,799.0,78.0,90.0,0.3752155005931854,-1,-1,-1
695,27,3651.0,570.0,16.0,36.0,0.29449188709259033,-1,-1,-1
695,71,4203.0,540.0,19.0,39.0,1.0,-1,-1,-1
695,72,3970.0,555.0,19.0,39.0,1.0,-1,-1,-1
696,4,5482.0,799.0,75.0,86.0,0.42257583141326904,-1,-1,-1
696,27,3652.0,569.0,18.0,40.0,0.3302777111530304,-1,-1,-1
696,71,4202.0,541.0,19.0,39.0,1.0,-1,-1,-1
696,72,3970.0,556.0,19.0,39.0,1.0,-1,-1,-1
697,4,5489.0,798.0,75.0,85.0,0.3637009561061859,-1,-1,-1
697,27,3653.0,569.0,18.0,40.0,0.41044241189956665,-1,-1,-1
697,71,4201.0,542.0,19.0,39.0,1.0,-1,-1,-1
697,72,3971.0,556.0,19.0,39.0,1.0,-1,-1,-1
698,4,5494.0,798.0,76.0,86.0,0.29320788383483887,-1,-1,-1
698,27,3654.0,569.0,17.0,39.0,0.3662773370742798,-1,-1,-1
698,71,4200.0,543.0,19.0,39.0,1.0,-1,-1,-1
698,72,3972.0,557.0,19.0,39.0,1.0,-1,-1,-1
699,4,5501.0,798.0,76.0,86.0,1.0,-1,-1,-1
699,27,3657.0,569.0,17.0,39.0,0.3362402617931366,-1,-1,-1
699,71,4199.0,543.0,19.0,40.0,1.0,-1,-1,-1
699,72,3991.0,556.0,16.0,34.0,0.3240809142589569,-1,-1,-1
700,4,5507.0,799.0,78.0,89.0,0.37486502528190613,-1,-1,-1
700,27,3658.0,569.0,17.0,38.0,0.4474595785140991,-1,-1,-1
700,71,4198.0,544.0,19.0,40.0,1.0,-1,-1,-1
700,72,3993.0,556.0,16.0,33.0,1.0,-1,-1,-1
701,4,5514.0,799.0,78.0,89.0,1.0,-1,-1,-1
701,27,3659.0,570.0,16.0,38.0,0.3778969645500183,-1,-1,-1
701,71,4197.0,545.0,19.0,40.0,1.0,-1,-1,-1
701,72,3994.0,556.0,16.0,33.0,1.0,-1,-1,-1
702,4,5521.0,799.0,78.0,89.0,1.0,-1,-1,-1
702,27,3660.0,570.0,16.0,38.0,0.4573948085308075,-1,-1,-1
702,71,4196.0,546.0,19.0,40.0,1.0,-1,-1,-1
702,72,3996.0,557.0,16.0,33.0,1.0,-1,-1,-1
703,4,5526.0,802.0,76.0,84.0,0.4717680513858795,-1,-1,-1
703,27,3661.0,571.0,16.0,37.0,0.49497145414352417,-1,-1,-1
703,71,4195.0,547.0,19.0,40.0,1.0,-1,-1,-1
703,72,3997.0,557.0,16.0,33.0,1.0,-1,-1,-1
704,4,5531.0,801.0,78.0,85.0,0.5360713601112366,-1,-1,-1
704,27,3663.0,569.0,17.0,39.0,0.5374859571456909,-1,-1,-1
704,71,4194.0,548.0,20.0,40.0,1.0,-1,-1,-1
704,72,3999.0,557.0,16.0,32.0,1.0,-1,-1,-1
705,4,5536.0,799.0,81.0,89.0,0.6572481393814087,-1,-1,-1
705,27,3663.0,569.0,17.0,39.0,0.5155761241912842,-1,-1,-1
705,71,4192.0,548.0,20.0,41.0,1.0,-1,-1,-1
705,72,4000.0,558.0,16.0,32.0,1.0,-1,-1,-1
706,4,5544.0,799.0,79.0,85.0,0.3360764980316162,-1,-1,-1
706,27,3664.0,569.0,18.0,39.0,0.5193659663200378,-1,-1,-1
706,71,4191.0,549.0,20.0,41.0,1.0,-1,-1,-1
706,72,4002.0,558.0,16.0,32.0,1.0,-1,-1,-1
707,4,5549.0,798.0,79.0,84.0,0.5459473729133606,-1,-1,-1
707,27,3664.0,569.0,18.0,39.0,0.5357286334037781,-1,-1,-1
707,71,4190.0,550.0,20.0,41.0,1.0,-1,-1,-1
707,72,4003.0,559.0,15.0,32.0,1.0,-1,-1,-1
708,4,5553.0,797.0,82.0,87.0,0.5932719707489014,-1,-1,-1
708,27,3666.0,569.0,18.0,39.0,0.5125380754470825,-1,-1,-1
708,71,4189.0,551.0,20.0,41.0,1.0,-1,-1,-1
708,72,4005.0,559.0,15.0,31.0,1.0,-1,-1,-1
709,4,5559.0,797.0,82.0,87.0,1.0,-1,-1,-1
709,27,3666.0,568.0,19.0,41.0,0.4124045670032501,-1,-1,-1
709,71,4188.0,552.0,20.0,41.0,1.0,-1,-1,-1
709,72,4006.0,559.0,15.0,31.0,1.0,-1,-1,-1
710,4,5566.0,797.0,82.0,87.0,1.0,-1,-1,-1
710,27,3667.0,568.0,19.0,40.0,0.32517337799072266,-1,-1,-1
710,71,4187.0,553.0,20.0,41.0,1.0,-1,-1,-1
710,72,4008.0,560.0,15.0,31.0,1.0,-1,-1,-1
711,4,5572.0,799.0,86.0,92.0,0.48595502972602844,-1,-1,-1
711,27,3669.0,567.0,19.0,40.0,1.0,-1,-1,-1
711,71,4186.0,553.0,20.0,42.0,1.0,-1,-1,-1
711,72,4009.0,560.0,15.0,31.0,1.0,-1,-1,-1
712,4,5580.0,799.0,86.0,93.0,0.5565864443778992,-1,-1,-1
712,27,3670.0,567.0,19.0,40.0,1.0,-1,-1,-1
712,71,4185.0,554.0,20.0,42.0,1.0,-1,-1,-1
712,72,4011.0,561.0,15.0,31.0,1.0,-1,-1,-1
713,4,5587.0,801.0,85.0,92.0,0.5657380819320679,-1,-1,-1
713,27,3671.0,567.0,19.0,40.0,1.0,-1,-1,-1
713,71,4184.0,555.0,20.0,42.0,1.0,-1,-1,-1
713,72,4011.0,555.0,17.0,35.0,0.2892645299434662,-1,-1,-1
714,4,5594.0,802.0,84.0,90.0,0.5690283179283142,-1,-1,-1
714,27,3672.0,567.0,19.0,40.0,1.0,-1,-1,-1
714,71,4183.0,556.0,20.0,42.0,1.0,-1,-1,-1
714,72,4012.0,556.0,17.0,33.0,0.2605011463165283,-1,-1,-1
715,4,5598.0,801.0,85.0,91.0,0.5059055089950562,-1,-1,-1
715,27,3673.0,567.0,19.0,40.0,1.0,-1,-1,-1
715,71,4182.0,557.0,21.0,42.0,1.0,-1,-1,-1
715,72,4013.0,555.0,17.0,33.0,0.34900298714637756,-1,-1,-1
716,4,5603.0,799.0,85.0,92.0,0.43465426564216614,-1,-1,-1
716,27,3674.0,567.0,19.0,41.0,1.0,-1,-1,-1
716,71,4181.0,558.0,21.0,43.0,1.0,-1,-1,-1
716,72,4014.0,557.0,17.0,31.0,0.2815221846103668,-1,-1,-1
717,4,5609.0,799.0,85.0,92.0,1.0,-1,-1,-1
717,27,3676.0,566.0,19.0,41.0,1.0,-1,-1,-1
717,71,4179.0,558.0,21.0,43.0,1.0,-1,-1,-1
717,72,4015.0,556.0,18.0,33.0,0.25097715854644775,-1,-1,-1
718,4,5615.0,799.0,86.0,93.0,1.0,-1,-1,-1
718,27,3680.0,566.0,19.0,41.0,0.2622866630554199,-1,-1,-1
718,71,4178.0,559.0,21.0,43.0,1.0,-1,-1,-1
718,72,4017.0,556.0,18.0,33.0,1.0,-1,-1,-1
719,4,5621.0,799.0,86.0,93.0,1.0,-1,-1,-1
719,27,3681.0,567.0,18.0,38.0,0.2764081358909607,-1,-1,-1
719,72,4018.0,556.0,18.0,33.0,1.0,-1,-1,-1
720,4,5627.0,799.0,86.0,93.0,1.0,-1,-1,-1
720,27,3683.0,567.0,18.0,39.0,0.29250696301460266,-1,-1,-1
720,72,4019.0,556.0,17.0,32.0,1.0,-1,-1,-1
721,4,5633.0,799.0,87.0,94.0,1.0,-1,-1,-1
721,27,3683.0,565.0,19.0,40.0,0.3384269177913666,-1,-1,-1
721,72,4021.0,557.0,17.0,32.0,1.0,-1,-1,-1
721,82,4332.0,552.0,22.0,40.0,0.37775909900665283,-1,-1,-1
722,4,5639.0,799.0,87.0,94.0,1.0,-1,-1,-1
722,27,3684.0,564.0,19.0,41.0,0.3714168071746826,-1,-1,-1
722,72,4022.0,557.0,17.0,32.0,1.0,-1,-1,-1
722,82,4336.0,551.0,23.0,41.0,0.3920290172100067,-1,-1,-1
723,4,5645.0,799.0,87.0,95.0,1.0,-1,-1,-1
723,27,3685.0,562.0,20.0,44.0,0.3582625985145569,-1,-1,-1
723,72,4024.0,557.0,17.0,32.0,1.0,-1,-1,-1
723,82,4341.0,551.0,22.0,40.0,0.32662320137023926,-1,-1,-1
724,4,5637.0,795.0,83.0,90.0,0.47291702032089233,-1,-1,-1
724,27,3686.0,561.0,20.0,44.0,0.45748060941696167,-1,-1,-1
724,72,4025.0,557.0,17.0,32.0,1.0,-1,-1,-1
724,82,4345.0,551.0,22.0,40.0,1.0,-1,-1,-1
725,4,5641.0,794.0,85.0,92.0,0.5511752963066101,-1,-1,-1
725,27,3687.0,561.0,19.0,43.0,0.4921822249889374,-1,-1,-1
725,72,4026.0,557.0,17.0,32.0,1.0,-1,-1,-1
725,82,4348.0,551.0,22.0,40.0,1.0,-1,-1,-1
726,4,5646.0,793.0,85.0,92.0,0.554114818572998,-1,-1,-1
726,27,3689.0,562.0,19.0,41.0,0.46872183680534363,-1,-1,-1
726,72,4028.0,557.0,17.0,32.0,1.0,-1,-1,-1
726,82,4356.0,552.0,21.0,37.0,0.37227383255958557,-1,-1,-1
727,4,5651.0,792.0,85.0,92.0,0.48641037940979004,-1,-1,-1
727,27,3689.0,560.0,19.0,43.0,0.45880594849586487,-1,-1,-1
727,72,4029.0,557.0,17.0,32.0,1.0,-1,-1,-1
727,82,4361.0,553.0,20.0,35.0,0.34901851415634155,-1,-1,-1
728,4,5655.0,792.0,85.0,92.0,0.6394540071487427,-1,-1,-1
728,27,3690.0,560.0,19.0,43.0,0.49098145961761475,-1,-1,-1
728,72,4031.0,557.0,17.0,32.0,1.0,-1,-1,-1
728,82,4368.0,557.0,17.0,29.0,0.253743976354599,-1,-1,-1
729,4,5658.0,791.0,86.0,94.0,0.7195830345153809,-1,-1,-1
729,27,3691.0,560.0,19.0,43.0,0.42225462198257446,-1,-1,-1
729,72,4032.0,557.0,17.0,32.0,1.0,-1,-1,-1
729,82,4373.0,558.0,16.0,27.0,1.0,-1,-1,-1
730,4,5664.0,793.0,85.0,92.0,0.6570371389389038,-1,-1,-1
730,27,3692.0,560.0,19.0,42.0,0.4513939321041107,-1,-1,-1
730,72,4037.0,557.0,17.0,32.0,0.2764860689640045,-1,-1,-1
730,82,4378.0,559.0,15.0,26.0,1.0,-1,-1,-1
731,4,5670.0,795.0,84.0,90.0,0.627079427242279,-1,-1,-1
731,27,3693.0,560.0,18.0,42.0,0.4943472445011139,-1,-1,-1
731,72,4037.0,556.0,17.0,32.0,0.29421645402908325,-1,-1,-1
731,82,4382.0,560.0,14.0,24.0,1.0,-1,-1,-1
732,4,5675.0,795.0,84.0,90.0,1.0,-1,-1,-1
732,27,3693.0,560.0,19.0,43.0,0.3861994743347168,-1,-1,-1
732,72,4039.0,556.0,16.0,30.0,0.2742609977722168,-1,-1,-1
732,82,4387.0,560.0,13.0,22.0,1.0,-1,-1,-1
733,4,5679.0,796.0,86.0,90.0,0.31013041734695435,-1,-1,-1
733,27,3693.0,558.0,19.0,45.0,0.2950528562068939,-1,-1,-1
733,72,4041.0,556.0,17.0,31.0,0.37797555327415466,-1,-1,-1
733,82,4387.0,560.0,17.0,29.0,0.2691633701324463,-1,-1,-1
734,4,5683.0,797.0,87.0,90.0,0.2900232970714569,-1,-1,-1
734,27,3694.0,558.0,19.0,45.0,0.28022629022598267,-1,-1,-1
734,72,4042.0,556.0,17.0,31.0,0.3437998592853546,-1,-1,-1
734,82,4390.0,558.0,22.0,37.0,0.27483081817626953,-1,-1,-1
735,4,5688.0,797.0,87.0,90.0,1.0,-1,-1,-1
735,27,3694.0,557.0,20.0,46.0,0.3067072927951813,-1,-1,-1
735,72,4043.0,557.0,16.0,30.0,0.3098500669002533,-1,-1,-1
735,82,4395.0,557.0,22.0,35.0,0.27503034472465515,-1,-1,-1
736,4,5693.0,798.0,87.0,90.0,1.0,-1,-1,-1
736,27,3695.0,558.0,19.0,45.0,0.2748034596443176,-1,-1,-1
736,72,4045.0,557.0,16.0,30.0,0.3255898356437683,-1,-1,-1
736,82,4400.0,551.0,25.0,40.0,0.3162892460823059,-1,-1,-1
737,4,5695.0,798.0,88.0,89.0,0.27586084604263306,-1,-1,-1
737,27,3697.0,557.0,19.0,44.0,0.2505803406238556,-1,-1,-1
737,72,4046.0,558.0,16.0,30.0,0.3039831519126892,-1,-1,-1
737,82,4403.0,547.0,27.0,44.0,0.38879385590553284,-1,-1,-1
738,4,5699.0,799.0,89.0,88.0,0.3728858232498169,-1,-1,-1
738,27,3698.0,557.0,19.0,44.0,0.25661617517471313,-1,-1,-1
738,72,4047.0,558.0,17.0,30.0,0.29359638690948486,-1,-1,-1
738,82,4404.0,545.0,28.0,47.0,0.363657146692276,-1,-1,-1
739,4,5703.0,800.0,89.0,87.0,0.2936418056488037,-1,-1,-1
739,27,3699.0,557.0,19.0,45.0,1.0,-1,-1,-1
739,72,4048.0,558.0,17.0,30.0,1.0,-1,-1,-1
739,82,4406.0,545.0,29.0,50.0,0.3867066502571106,-1,-1,-1
740,4,5709.0,798.0,91.0,88.0,0.26324141025543213,-1,-1,-1
740,27,3700.0,557.0,19.0,45.0,1.0,-1,-1,-1
740,72,4050.0,558.0,17.0,30.0,1.0,-1,-1,-1
740,82,4407.0,542.0,30.0,54.0,0.4779699742794037,-1,-1,-1
741,4,5713.0,798.0,91.0,88.0,0.2707330286502838,-1,-1,-1
741,27,3701.0,556.0,20.0,45.0,1.0,-1,-1,-1
741,72,4051.0,558.0,17.0,30.0,1.0,-1,-1,-1
741,82,4409.0,540.0,31.0,57.0,0.4427001476287842,-1,-1,-1
742,4,5718.0,798.0,91.0,87.0,1.0,-1,-1,-1
742,27,3701.0,556.0,20.0,45.0,1.0,-1,-1,-1
742,72,4053.0,558.0,16.0,30.0,1.0,-1,-1,-1
742,82,4412.0,540.0,29.0,55.0,0.31566035747528076,-1,-1,-1
743,4,5720.0,799.0,93.0,89.0,0.2647104859352112,-1,-1,-1
743,27,3702.0,556.0,20.0,45.0,1.0,-1,-1,-1
743,72,4054.0,558.0,16.0,30.0,1.0,-1,-1,-1
743,82,4416.0,543.0,26.0,49.0,0.32452452182769775,-1,-1,-1
744,4,5724.0,799.0,93.0,89.0,1.0,-1,-1,-1
744,27,3703.0,555.0,20.0,45.0,1.0,-1,-1,-1
744,72,4056.0,558.0,16.0,30.0,1.0,-1,-1,-1
744,82,4420.0,545.0,24.0,44.0,0.31691670417785645,-1,-1,-1
745,4,5729.0,800.0,93.0,89.0,1.0,-1,-1,-1
745,27,3704.0,555.0,20.0,46.0,1.0,-1,-1,-1
745,72,4057.0,558.0,16.0,30.0,1.0,-1,-1,-1
745,82,4423.0,545.0,24.0,44.0,1.0,-1,-1,-1
745,89,2993.0,513.0,17.0,31.0,0.2822851538658142,-1,-1,-1
746,4,5733.0,800.0,93.0,89.0,1.0,-1,-1,-1
746,27,3705.0,555.0,20.0,46.0,1.0,-1,-1,-1
746,72,4059.0,559.0,16.0,29.0,1.0,-1,-1,-1
746,82,4426.0,544.0,24.0,45.0,1.0,-1,-1,-1
746,89,2994.0,513.0,17.0,31.0,0.2936910390853882,-1,-1,-1
747,4,5737.0,800.0,91.0,87.0,0.31225141882896423,-1,-1,-1
747,27,3706.0,560.0,18.0,42.0,0.2506158947944641,-1,-1,-1
747,72,4060.0,559.0,16.0,29.0,1.0,-1,-1,-1
747,82,4430.0,544.0,24.0,45.0,1.0,-1,-1,-1
747,89,2994.0,513.0,18.0,32.0,0.2955419421195984,-1,-1,-1
748,4,5742.0,799.0,91.0,87.0,0.6743161678314209,-1,-1,-1
748,27,3707.0,560.0,17.0,40.0,0.2658054530620575,-1,-1,-1
748,72,4061.0,559.0,16.0,29.0,1.0,-1,-1,-1
748,82,4433.0,544.0,24.0,45.0,1.0,-1,-1,-1
748,89,2996.0,512.0,17.0,32.0,0.2872253358364105,-1,-1,-1
749,4,5747.0,800.0,92.0,86.0,0.45503881573677063,-1,-1,-1
749,27,3708.0,560.0,18.0,42.0,0.31329789757728577,-1,-1,-1
749,72,4063.0,560.0,16.0,29.0,0.27117422223091125,-1,-1,-1
749,82,4437.0,544.0,24.0,45.0,1.0,-1,-1,-1
749,89,2996.0,512.0,17.0,32.0,1.0,-1,-1,-1
750,4,5751.0,800.0,93.0,88.0,0.48930010199546814,-1,-1,-1
750,27,3708.0,558.0,18.0,44.0,0.3785931468009949,-1,-1,-1
750,72,4064.0,561.0,16.0,29.0,0.30978479981422424,-1,-1,-1
750,82,4440.0,543.0,25.0,46.0,1.0,-1,-1,-1
750,89,2997.0,512.0,18.0,32.0,1.0,-1,-1,-1
