1,1,4354.15771484375,814.08349609375,39.537109375,102.13751220703125,0.7678188681602478,-1,-1,-1
1,2,3812.09130859375,732.5555419921875,35.102294921875,66.54058837890625,0.6931947469711304,-1,-1,-1
1,3,3678.536376953125,614.92919921875,22.31103515625,43.90435791015625,0.41925883293151855,-1,-1,-1
1,4,3769.26904296875,606.9979858398438,26.26416015625,50.200927734375,0.40748512744903564,-1,-1,-1
1,5,4113.2666015625,532.85400390625,18.9130859375,30.65924072265625,0.2658022940158844,-1,-1,-1
2,1,4353.55908203125,813.5321655273438,40.3408203125,102.75537109375,0.7660038471221924,-1,-1,-1
2,2,3813.014892578125,730.8076782226562,40.603515625,65.9261474609375,0.6636682748794556,-1,-1,-1
2,3,3680.910400390625,614.674560546875,20.739013671875,43.546875,0.5220045447349548,-1,-1,-1
2,4,3769.4345703125,609.0934448242188,31.3134765625,51.69073486328125,0.39965835213661194,-1,-1,-1
2,5,4114.72216796875,531.9855346679688,18.23486328125,31.08416748046875,0.316323459148407,-1,-1,-1
3,1,4353.4990234375,813.4876098632812,40.9619140625,102.51776123046875,0.7629890441894531,-1,-1,-1
3,2,3812.752197265625,728.5789184570312,46.19775390625,69.13720703125,0.4892744719982147,-1,-1,-1
3,3,3682.408935546875,614.7882080078125,20.494140625,44.693115234375,0.4920356869697571,-1,-1,-1
3,5,4114.80419921875,534.2125854492188,18.36474609375,29.31817626953125,0.2765406370162964,-1,-1,-1
4,1,4352.71875,813.504150390625,42.4228515625,102.53363037109375,0.769963800907135,-1,-1,-1
4,2,3814.095458984375,726.350341796875,51.004638671875,69.23541259765625,0.5167859792709351,-1,-1,-1
4,3,3684.0048828125,613.8680419921875,22.52880859375,46.051025390625,0.5616222023963928,-1,-1,-1
4,5,4114.18017578125,534.8651123046875,18.96533203125,29.9017333984375,0.3204527497291565,-1,-1,-1
5,1,4352.61962890625,813.28076171875,42.9775390625,101.78973388671875,0.7698068618774414,-1,-1,-1
5,2,3819.377685546875,724.071533203125,53.72119140625,68.95849609375,0.614888608455658,-1,-1,-1
5,3,3684.912109375,613.4263305664062,24.1357421875,49.67510986328125,0.566653847694397,-1,-1,-1
5,5,4114.7060546875,533.1575317382812,19.3759765625,32.01922607421875,0.3244684338569641,-1,-1,-1
6,1,4351.31396484375,813.077392578125,44.3857421875,101.10321044921875,0.7574250102043152,-1,-1,-1
6,2,3822.50537109375,722.9567260742188,57.415283203125,67.90667724609375,0.6403389573097229,-1,-1,-1
6,3,3687.525634765625,614.2578735351562,24.04296875,48.465087890625,0.6115080714225769,-1,-1,-1
6,5,4116.2900390625,533.6909790039062,19.5634765625,31.75128173828125,0.26625293493270874,-1,-1,-1
6,11,3789.214599609375,613.906494140625,28.930419921875,55.34259033203125,0.48631319403648376,-1,-1,-1
7,1,4349.33251953125,813.3023681640625,46.59375,101.0699462890625,0.7518123984336853,-1,-1,-1
7,2,3830.853759765625,722.4992065429688,55.19873046875,67.08642578125,0.6006413102149963,-1,-1,-1
7,3,3689.21923828125,615.2754516601562,23.88720703125,50.5106201171875,0.6053086519241333,-1,-1,-1
7,5,4116.74365234375,534.2981567382812,20.12548828125,29.94305419921875,0.2665556073188782,-1,-1,-1
7,11,3792.059326171875,614.5170288085938,28.307373046875,54.03302001953125,0.44010430574417114,-1,-1,-1
8,1,4348.515625,814.7296142578125,47.892578125,100.07806396484375,0.7371411919593811,-1,-1,-1
8,2,3844.2841796875,722.1622314453125,47.85791015625,67.52691650390625,0.5495960116386414,-1,-1,-1
8,3,3692.0732421875,616.296630859375,22.976318359375,50.67913818359375,0.5912736654281616,-1,-1,-1
8,5,4117.115234375,534.2080078125,20.94970703125,28.80657958984375,0.263039231300354,-1,-1,-1
8,11,3793.94189453125,615.4561767578125,31.4775390625,54.841552734375,0.4526200294494629,-1,-1,-1
8,16,3496.520263671875,608.1431274414062,18.1494140625,51.67669677734375,0.3561989665031433,-1,-1,-1
9,1,4347.5146484375,816.4445190429688,51.328125,100.56683349609375,0.7233213186264038,-1,-1,-1
9,2,3856.1923828125,722.5405883789062,42.392578125,67.74542236328125,0.5821903944015503,-1,-1,-1
9,3,3694.45166015625,617.6609497070312,23.240478515625,48.64422607421875,0.5100745558738708,-1,-1,-1
9,11,3794.65283203125,614.9937133789062,34.27392578125,54.6611328125,0.3167661428451538,-1,-1,-1
9,16,3497.636962890625,607.8960571289062,17.76708984375,50.45379638671875,0.40668386220932007,-1,-1,-1
9,18,2974.4931640625,547.9942016601562,20.26611328125,38.89703369140625,0.3554506003856659,-1,-1,-1
10,1,4347.083984375,817.4700317382812,53.29150390625,101.27740478515625,0.7286091446876526,-1,-1,-1
10,2,3864.05615234375,721.8641967773438,42.072021484375,65.97149658203125,0.6576641798019409,-1,-1,-1
10,3,3696.821533203125,618.2450561523438,22.483154296875,48.30157470703125,0.43444374203681946,-1,-1,-1
10,16,3499.14208984375,606.7467651367188,18.070556640625,51.0623779296875,0.34197866916656494,-1,-1,-1
10,18,2975.033203125,547.5464477539062,20.593017578125,39.45947265625,0.4375825524330139,-1,-1,-1
11,1,4346.3701171875,819.5887451171875,55.033203125,98.96142578125,0.7239634394645691,-1,-1,-1
11,2,3867.3388671875,721.7971801757812,43.994140625,65.5128173828125,0.4371258616447449,-1,-1,-1
11,3,3699.316650390625,618.402587890625,22.612548828125,49.6397705078125,0.4498131573200226,-1,-1,-1
11,16,3499.279296875,605.6419067382812,19.62646484375,52.13189697265625,0.40150216221809387,-1,-1,-1
11,18,2975.89404296875,547.9437866210938,20.343505859375,38.84814453125,0.42705217003822327,-1,-1,-1
11,5,4120.9091796875,534.8861083984375,18.87841796875,27.88909912109375,0.25279518961906433,-1,-1,-1
12,1,4345.71240234375,820.65478515625,56.32958984375,97.6298828125,0.7252786159515381,-1,-1,-1
12,2,3871.875732421875,721.1787109375,46.8369140625,66.2952880859375,0.5176599621772766,-1,-1,-1
12,3,3701.202880859375,619.1353759765625,24.39892578125,51.78070068359375,0.4673810303211212,-1,-1,-1
12,16,3499.661865234375,603.6326293945312,20.112060546875,53.48388671875,0.3422415852546692,-1,-1,-1
12,18,2977.126708984375,548.19384765625,19.64306640625,38.4619140625,0.47622013092041016,-1,-1,-1
12,11,3811.5927734375,616.717529296875,36.78173828125,51.00146484375,0.4976397752761841,-1,-1,-1
13,1,4345.4599609375,820.605712890625,57.52197265625,97.4775390625,0.723081111907959,-1,-1,-1
13,2,3877.37060546875,720.246826171875,48.563232421875,64.64691162109375,0.5248631238937378,-1,-1,-1
13,3,3701.9560546875,621.2918701171875,25.871337890625,49.93621826171875,0.46255117654800415,-1,-1,-1
13,16,3500.595947265625,602.7240600585938,19.702392578125,54.3228759765625,0.42655202746391296,-1,-1,-1
13,18,2977.915283203125,548.5679321289062,19.3349609375,36.6392822265625,0.4720679521560669,-1,-1,-1
13,11,3817.337890625,619.0227661132812,34.544921875,48.35699462890625,0.5488066673278809,-1,-1,-1
14,1,4345.2548828125,820.3624267578125,59.20361328125,97.4656982421875,0.736903190612793,-1,-1,-1
14,2,3887.77880859375,718.7463989257812,45.031982421875,63.46356201171875,0.659862756729126,-1,-1,-1
14,3,3702.87841796875,621.992431640625,26.052978515625,51.02435302734375,0.4792427718639374,-1,-1,-1
14,16,3502.583251953125,602.4764404296875,18.676513671875,53.0650634765625,0.3428860306739807,-1,-1,-1
14,18,2977.600830078125,548.4335327148438,20.17138671875,36.74200439453125,0.4467327296733856,-1,-1,-1
14,11,3823.85302734375,621.2691650390625,29.467041015625,45.4393310546875,0.4898594617843628,-1,-1,-1
15,1,4345.78076171875,820.1389770507812,60.552734375,97.31585693359375,0.7613322138786316,-1,-1,-1
15,2,3897.65966796875,718.2764282226562,40.65380859375,62.2410888671875,0.5759036540985107,-1,-1,-1
15,3,3707.413818359375,622.6951904296875,22.63525390625,50.78717041015625,0.6303757429122925,-1,-1,-1
15,16,3504.249267578125,601.9188232421875,17.452880859375,51.0567626953125,0.33805811405181885,-1,-1,-1
15,18,2976.87646484375,548.0433349609375,21.514892578125,36.6016845703125,0.44229069352149963,-1,-1,-1
15,11,3830.008544921875,623.191162109375,25.572998046875,42.875244140625,0.2991138994693756,-1,-1,-1
16,1,4346.521484375,820.9312744140625,61.60546875,96.56256103515625,0.7713361382484436,-1,-1,-1
16,2,3905.140869140625,718.1467895507812,40.646484375,62.78143310546875,0.46135663986206055,-1,-1,-1
16,3,3711.16552734375,624.0460815429688,22.63671875,50.16375732421875,0.6000790596008301,-1,-1,-1
16,18,2976.2431640625,547.8938598632812,22.453857421875,36.7928466796875,0.41342732310295105,-1,-1,-1
17,1,4349.23486328125,820.4488525390625,61.81103515625,97.463623046875,0.7490198612213135,-1,-1,-1
17,2,3916.4111328125,717.8811645507812,35.867919921875,63.28656005859375,0.5960524678230286,-1,-1,-1
17,3,3712.237060546875,624.9314575195312,24.0283203125,48.5682373046875,0.5965667366981506,-1,-1,-1
17,18,2976.19482421875,547.7266845703125,22.210205078125,36.41259765625,0.42182645201683044,-1,-1,-1
18,1,4353.908203125,818.67724609375,61.41845703125,99.06988525390625,0.7944145798683167,-1,-1,-1
18,2,3922.61962890625,718.8839111328125,38.7783203125,63.1866455078125,0.6550300121307373,-1,-1,-1
18,3,3714.209716796875,624.9528198242188,23.11865234375,47.61126708984375,0.5685611963272095,-1,-1,-1
18,18,2976.479736328125,547.8441772460938,21.94677734375,34.757568359375,0.4153251051902771,-1,-1,-1
18,5,4127.16455078125,534.9351806640625,16.8515625,29.22412109375,0.2656700611114502,-1,-1,-1
18,11,3840.498046875,623.0863037109375,30.28759765625,50.4329833984375,0.4238802194595337,-1,-1,-1
19,1,4356.97607421875,818.1066284179688,63.19091796875,99.790283203125,0.8348795175552368,-1,-1,-1
19,2,3923.7646484375,719.1354370117188,47.319091796875,62.49951171875,0.4476300776004791,-1,-1,-1
19,3,3715.203369140625,625.60888671875,24.799560546875,48.04498291015625,0.5713803172111511,-1,-1,-1
19,18,2976.7021484375,551.3269653320312,21.916748046875,32.66668701171875,0.4380734860897064,-1,-1,-1
19,11,3846.919189453125,624.4531860351562,27.384033203125,48.24639892578125,0.5023847818374634,-1,-1,-1
20,1,4360.2548828125,817.8502197265625,64.388671875,99.62445068359375,0.8314001560211182,-1,-1,-1
20,2,3924.183349609375,718.920166015625,56.238037109375,64.05938720703125,0.4395526945590973,-1,-1,-1
20,3,3717.873291015625,625.93212890625,26.545654296875,49.49835205078125,0.47705796360969543,-1,-1,-1
20,18,2976.3671875,552.8707885742188,21.247802734375,31.86065673828125,0.4111305773258209,-1,-1,-1
20,11,3852.984375,623.7886962890625,26.706298828125,47.650634765625,0.48874032497406006,-1,-1,-1
21,1,4364.4462890625,817.3411254882812,64.0751953125,100.4462890625,0.8183643817901611,-1,-1,-1
21,2,3927.207763671875,718.841796875,62.46728515625,64.63165283203125,0.5636773705482483,-1,-1,-1
21,3,3721.409423828125,626.7904663085938,26.23583984375,51.7958984375,0.31128883361816406,-1,-1,-1
21,18,2976.367431640625,552.3397216796875,20.470703125,32.23651123046875,0.4592435956001282,-1,-1,-1
21,11,3858.742919921875,626.0914916992188,26.976806640625,49.723388671875,0.4766722023487091,-1,-1,-1
22,1,4369.0166015625,817.4918212890625,63.61376953125,99.85369873046875,0.7990821599960327,-1,-1,-1
22,2,3932.214599609375,718.7623901367188,66.67919921875,63.3963623046875,0.7021081447601318,-1,-1,-1
22,3,3724.143310546875,626.8411254882812,28.0263671875,49.3116455078125,0.3037404716014862,-1,-1,-1
22,18,2976.53125,554.2490844726562,20.0234375,31.50628662109375,0.45635807514190674,-1,-1,-1
22,11,3864.235595703125,627.960205078125,27.5634765625,48.958740234375,0.3500721752643585,-1,-1,-1
23,1,4373.908203125,817.3312377929688,62.93896484375,100.0106201171875,0.7622181177139282,-1,-1,-1
23,2,3946.1044921875,719.70458984375,60.0126953125,60.7283935546875,0.43641138076782227,-1,-1,-1
23,3,3728.211669921875,627.572265625,26.338623046875,48.17987060546875,0.4307499825954437,-1,-1,-1
23,18,2976.752685546875,555.392822265625,19.30712890625,31.038330078125,0.4240114688873291,-1,-1,-1
23,11,3871.296875,631.4701538085938,26.628173828125,43.99200439453125,0.4159259796142578,-1,-1,-1
24,1,4377.744140625,816.3418579101562,63.8017578125,101.7708740234375,0.7981277704238892,-1,-1,-1
24,2,3956.600830078125,719.4208984375,56.229248046875,62.64520263671875,0.6214417219161987,-1,-1,-1
24,3,3732.760986328125,628.90185546875,24.96240234375,52.4110107421875,0.5391407608985901,-1,-1,-1
24,18,2976.383056640625,556.2759399414062,19.047119140625,30.21771240234375,0.3806634843349457,-1,-1,-1
24,11,3875.9892578125,631.5484619140625,28.3212890625,47.36651611328125,0.4235469698905945,-1,-1,-1
25,1,4381.1474609375,816.3912963867188,64.9248046875,100.15093994140625,0.7915255427360535,-1,-1,-1
25,2,3968.97021484375,721.4103393554688,49.393310546875,60.14422607421875,0.5525113344192505,-1,-1,-1
25,3,3738.171142578125,631.659423828125,23.6826171875,50.96759033203125,0.5779436230659485,-1,-1,-1
25,18,2976.661376953125,556.989990234375,18.25634765625,29.5167236328125,0.3828437924385071,-1,-1,-1
26,1,4383.53076171875,817.6639404296875,66.2109375,99.19976806640625,0.7917861938476562,-1,-1,-1
26,2,3978.317138671875,722.0618896484375,45.88134765625,59.236572265625,0.5447954535484314,-1,-1,-1
26,3,3741.3798828125,635.15625,23.679931640625,49.0186767578125,0.5600398778915405,-1,-1,-1
26,18,2976.45947265625,557.0609741210938,18.125244140625,30.3216552734375,0.38882648944854736,-1,-1,-1
27,1,4384.51318359375,816.4072875976562,69.76513671875,100.46807861328125,0.7752870917320251,-1,-1,-1
27,2,3985.269287109375,721.9774780273438,45.55908203125,57.80426025390625,0.3452238440513611,-1,-1,-1
27,3,3742.859375,635.674560546875,27.262451171875,48.65716552734375,0.5679351091384888,-1,-1,-1
27,18,2976.314453125,557.5767822265625,18.029296875,30.2735595703125,0.3820924758911133,-1,-1,-1
27,11,3891.232666015625,637.5571899414062,26.99560546875,52.908935546875,0.31096863746643066,-1,-1,-1
28,1,4382.5615234375,817.7685546875,75.49853515625,104.03704833984375,0.722971498966217,-1,-1,-1
28,2,3993.645751953125,720.052734375,45.184326171875,57.61236572265625,0.5658918023109436,-1,-1,-1
28,3,3743.958984375,635.3668212890625,32.305419921875,51.00250244140625,0.43518537282943726,-1,-1,-1
28,18,2975.269775390625,557.5007934570312,18.9169921875,30.93011474609375,0.39602142572402954,-1,-1,-1
28,40,3305.7705078125,564.070556640625,18.12158203125,36.19287109375,0.3817141354084015,-1,-1,-1
28,11,3895.39013671875,637.3395385742188,27.93603515625,52.36199951171875,0.44017183780670166,-1,-1,-1
29,1,4386.04541015625,819.1968994140625,73.95703125,104.9857177734375,0.6530676484107971,-1,-1,-1
29,2,3999.185791015625,720.8988037109375,47.150390625,56.0501708984375,0.43303927779197693,-1,-1,-1
29,3,3747.915771484375,636.2952880859375,32.434814453125,54.82012939453125,0.4049566090106964,-1,-1,-1
29,18,2973.935302734375,557.218505859375,20.19677734375,31.484619140625,0.35157278180122375,-1,-1,-1
29,40,3305.841552734375,564.5811157226562,18.426513671875,38.0887451171875,0.3504302501678467,-1,-1,-1
29,11,3900.073974609375,639.0794677734375,27.144775390625,53.8536376953125,0.33648091554641724,-1,-1,-1
30,1,4391.8017578125,822.2415161132812,70.15966796875,103.56298828125,0.5738184452056885,-1,-1,-1
30,2,4005.919677734375,719.48779296875,50.142578125,57.50091552734375,0.5127122402191162,-1,-1,-1
30,3,3751.575439453125,637.8016357421875,33.05517578125,56.1209716796875,0.378471314907074,-1,-1,-1
30,18,2973.233154296875,556.8881225585938,20.8984375,31.49853515625,0.33938658237457275,-1,-1,-1
30,40,3305.735595703125,567.22216796875,18.737060546875,35.6300048828125,0.2951391339302063,-1,-1,-1
30,11,3905.259521484375,639.824462890625,26.161376953125,54.96038818359375,0.48712724447250366,-1,-1,-1
31,1,4413.8349609375,823.3440551757812,51.7490234375,101.48370361328125,0.607211172580719,-1,-1,-1
31,2,4021.412841796875,720.0877685546875,42.059814453125,60.35711669921875,0.6147204637527466,-1,-1,-1
31,3,3757.811279296875,638.5218505859375,31.33349609375,54.91558837890625,0.5393162369728088,-1,-1,-1
31,18,2973.09765625,556.549072265625,21.0517578125,32.7685546875,0.3526115119457245,-1,-1,-1
31,40,3304.973388671875,567.636474609375,19.30908203125,38.33197021484375,0.3985689878463745,-1,-1,-1
31,11,3909.554931640625,639.9199829101562,28.73828125,57.67816162109375,0.3718436360359192,-1,-1,-1
32,1,4420.90478515625,825.0238647460938,48.26953125,99.7711181640625,0.6563769578933716,-1,-1,-1
32,2,4030.73291015625,721.5820922851562,41.380859375,60.5184326171875,0.5144122242927551,-1,-1,-1
32,3,3763.28466796875,639.7380981445312,31.1357421875,53.63555908203125,0.5342185497283936,-1,-1,-1
32,18,2972.66845703125,556.60107421875,21.509521484375,30.87237548828125,0.34518203139305115,-1,-1,-1
32,40,3303.59228515625,570.38720703125,20.309326171875,37.14202880859375,0.32944661378860474,-1,-1,-1
32,11,3913.39404296875,642.052001953125,30.765625,57.48370361328125,0.34922271966934204,-1,-1,-1
33,1,4417.92138671875,824.19140625,55.84423828125,100.9801025390625,0.7318313717842102,-1,-1,-1
33,2,4042.396484375,723.0038452148438,37.996337890625,60.27154541015625,0.4743786156177521,-1,-1,-1
33,3,3766.9345703125,641.466064453125,32.5048828125,53.09332275390625,0.5057970285415649,-1,-1,-1
33,18,2971.611083984375,556.1492919921875,22.48095703125,34.43096923828125,0.31228530406951904,-1,-1,-1
33,40,3303.045654296875,571.646484375,20.619140625,36.28106689453125,0.3515201508998871,-1,-1,-1
33,11,3915.12841796875,643.8934936523438,36.29248046875,56.28497314453125,0.41922298073768616,-1,-1,-1
34,1,4419.283203125,822.4803466796875,59.6005859375,102.93572998046875,0.7602503895759583,-1,-1,-1
34,2,4052.26171875,721.7994384765625,39.1533203125,59.0247802734375,0.6074867844581604,-1,-1,-1
34,3,3772.474365234375,641.8417358398438,31.093994140625,53.98486328125,0.42156147956848145,-1,-1,-1
34,18,2970.4375,556.5601196289062,23.62744140625,34.70166015625,0.2947998046875,-1,-1,-1
34,40,3302.346923828125,572.0132446289062,20.079833984375,35.42193603515625,0.3268595337867737,-1,-1,-1
34,11,3924.68115234375,646.9014892578125,32.529296875,51.6954345703125,0.45948636531829834,-1,-1,-1
35,1,4423.57470703125,821.510986328125,60.74560546875,102.8770751953125,0.8084966540336609,-1,-1,-1
35,2,4054.511474609375,721.838134765625,49.727294921875,61.84332275390625,0.6282669901847839,-1,-1,-1
35,3,3777.499267578125,641.7409057617188,31.04345703125,52.43792724609375,0.37798038125038147,-1,-1,-1
35,18,2970.566162109375,556.7421264648438,23.449462890625,36.177978515625,0.32771340012550354,-1,-1,-1
35,40,3301.9951171875,571.7256469726562,19.73486328125,35.1871337890625,0.3405608832836151,-1,-1,-1
35,11,3932.607666015625,649.294921875,31.4111328125,55.253173828125,0.49740487337112427,-1,-1,-1
36,1,4426.408203125,821.723876953125,62.41552734375,102.59600830078125,0.8570870757102966,-1,-1,-1
36,2,4056.91796875,722.4067993164062,57.083984375,65.79522705078125,0.6976134777069092,-1,-1,-1
36,3,3784.810546875,642.2092895507812,28.256591796875,52.54766845703125,0.5651861429214478,-1,-1,-1
36,18,2969.970458984375,557.7119140625,24.001220703125,35.73138427734375,0.32181039452552795,-1,-1,-1
36,40,3302.095947265625,571.3811645507812,19.451171875,34.85748291015625,0.2855539321899414,-1,-1,-1
36,11,3940.18798828125,650.4700317382812,30.70654296875,52.30279541015625,0.4364454746246338,-1,-1,-1
36,60,4151.18603515625,537.4317626953125,19.17529296875,32.68597412109375,0.41314932703971863,-1,-1,-1
37,1,4430.36865234375,821.4865112304688,62.8173828125,102.67742919921875,0.7860041260719299,-1,-1,-1
37,2,4064.47314453125,722.8050537109375,60.08056640625,67.12127685546875,0.6703320145606995,-1,-1,-1
37,3,3788.43359375,641.7059936523438,29.957275390625,56.68157958984375,0.6785117387771606,-1,-1,-1
37,18,2969.31640625,557.9642333984375,24.669189453125,36.51861572265625,0.2901221811771393,-1,-1,-1
37,11,3946.826171875,650.7147216796875,34.091064453125,55.54595947265625,0.5674054026603699,-1,-1,-1
37,60,4152.92431640625,537.0237426757812,19.71044921875,33.3687744140625,0.4042630195617676,-1,-1,-1
38,1,4443.220703125,822.947021484375,55.1318359375,104.97320556640625,0.7136478424072266,-1,-1,-1
38,2,4074.017578125,721.8289184570312,60.0205078125,69.97314453125,0.6481655240058899,-1,-1,-1
38,3,3790.7314453125,642.0103759765625,32.52880859375,59.1224365234375,0.6741077899932861,-1,-1,-1
38,18,2968.669677734375,557.704345703125,25.359619140625,38.29034423828125,0.2893877923488617,-1,-1,-1
38,11,3948.912109375,652.891357421875,37.700439453125,54.360595703125,0.5541231632232666,-1,-1,-1
38,60,4153.27685546875,536.6500854492188,20.86865234375,32.5584716796875,0.41194531321525574,-1,-1,-1
39,1,4452.00537109375,825.0827026367188,51.486328125,104.41107177734375,0.7764363884925842,-1,-1,-1
39,2,4083.294921875,723.3812255859375,59.0107421875,71.83203125,0.6335539817810059,-1,-1,-1
39,3,3795.643798828125,642.8698120117188,32.911865234375,61.1351318359375,0.6288557648658752,-1,-1,-1
39,11,3953.5283203125,651.7608642578125,39.464599609375,57.4371337890625,0.5058314800262451,-1,-1,-1
39,60,4153.88818359375,536.968505859375,22.82958984375,32.476806640625,0.30648094415664673,-1,-1,-1
40,1,4456.21337890625,826.0277709960938,54.869140625,105.65606689453125,0.6096957325935364,-1,-1,-1
40,2,4100.5166015625,723.9874877929688,48.86279296875,73.2169189453125,0.7248138785362244,-1,-1,-1
40,3,3803.07421875,645.778076171875,30.82763671875,60.611572265625,0.5403499007225037,-1,-1,-1
40,11,3955.513916015625,654.1139526367188,44.825927734375,56.948974609375,0.3595622181892395,-1,-1,-1
41,1,4461.39208984375,825.9484252929688,55.24462890625,106.81036376953125,0.5200235843658447,-1,-1,-1
41,2,4114.296875,724.2506713867188,42.7197265625,72.99615478515625,0.663849413394928,-1,-1,-1
41,3,3808.59033203125,649.709716796875,30.607421875,57.4189453125,0.5430054068565369,-1,-1,-1
41,11,3969.739013671875,655.50341796875,37.08203125,49.62921142578125,0.45106828212738037,-1,-1,-1
42,1,4469.7880859375,827.1656494140625,53.26318359375,106.06793212890625,0.5383768677711487,-1,-1,-1
42,2,4126.07275390625,725.9263305664062,37.63427734375,69.46728515625,0.6176049709320068,-1,-1,-1
42,3,3815.522216796875,652.3846435546875,27.90869140625,51.3658447265625,0.5392804741859436,-1,-1,-1
42,11,3978.01806640625,657.2627563476562,33.966796875,52.2728271484375,0.5267896056175232,-1,-1,-1
43,1,4477.3173828125,827.4125366210938,53.17333984375,106.0828857421875,0.6739304065704346,-1,-1,-1
43,2,4135.70556640625,728.1727294921875,37.18359375,68.5308837890625,0.7525972127914429,-1,-1,-1
43,3,3820.218017578125,652.8336181640625,27.849853515625,49.900634765625,0.6528977751731873,-1,-1,-1
43,11,3985.06640625,661.2265625,32.908935546875,54.79290771484375,0.4723855257034302,-1,-1,-1
44,1,4480.0380859375,825.0820922851562,57.85546875,108.13336181640625,0.7689084410667419,-1,-1,-1
44,2,4148.2978515625,728.5274658203125,33.5791015625,69.03271484375,0.6409494280815125,-1,-1,-1
44,3,3822.07421875,653.6343383789062,31.5400390625,50.847900390625,0.5523409247398376,-1,-1,-1
44,11,3993.133544921875,664.1444702148438,32.02490234375,55.19842529296875,0.31640028953552246,-1,-1,-1
45,1,4463.67529296875,824.1786499023438,79.95947265625,108.64117431640625,0.7137580513954163,-1,-1,-1
45,2,4152.2939453125,728.5900268554688,41.46044921875,72.885986328125,0.6996488571166992,-1,-1,-1
45,3,3824.805908203125,653.87451171875,36.4501953125,53.29058837890625,0.42001986503601074,-1,-1,-1
45,11,4000.08837890625,665.9338989257812,32.829345703125,54.6317138671875,0.34391623735427856,-1,-1,-1
45,18,2967.478271484375,559.2869262695312,26.74267578125,36.9200439453125,0.2700153887271881,-1,-1,-1
46,1,4456.09326171875,827.1822509765625,93.6845703125,107.57122802734375,0.6372767090797424,-1,-1,-1
46,2,4164.34130859375,731.1686401367188,38.31103515625,71.3343505859375,0.7490270137786865,-1,-1,-1
46,3,3832.157470703125,655.395263671875,35.1015625,51.7884521484375,0.4862692356109619,-1,-1,-1
46,11,4005.5048828125,666.3480224609375,36.127197265625,58.5726318359375,0.5743552446365356,-1,-1,-1
47,1,4479.0224609375,829.2041625976562,74.64111328125,104.478271484375,0.6801356673240662,-1,-1,-1
47,2,4175.66259765625,732.2759399414062,37.2568359375,72.6241455078125,0.7086158990859985,-1,-1,-1
47,3,3839.668212890625,655.0985717773438,32.884033203125,56.86016845703125,0.628141462802887,-1,-1,-1
47,11,4009.134765625,667.1098022460938,42.434814453125,61.82037353515625,0.5654749870300293,-1,-1,-1
47,74,3306.183837890625,575.0663452148438,19.0498046875,40.411865234375,0.4134589731693268,-1,-1,-1
48,1,4504.84619140625,831.5003662109375,54.041015625,103.0162353515625,0.7136936783790588,-1,-1,-1
48,2,4186.49365234375,733.703369140625,37.32763671875,71.47265625,0.7457987666130066,-1,-1,-1
48,3,3844.45849609375,656.9595947265625,33.3388671875,61.81402587890625,0.6086181402206421,-1,-1,-1
48,11,4015.783935546875,667.06884765625,44.931640625,63.9735107421875,0.4411804974079132,-1,-1,-1
48,74,3306.4853515625,575.6154174804688,20.6416015625,38.320556640625,0.3339485228061676,-1,-1,-1
49,1,4515.22265625,833.2648315429688,48.802734375,102.07061767578125,0.6099768877029419,-1,-1,-1
49,2,4194.1591796875,733.9413452148438,40.32080078125,73.5179443359375,0.7583589553833008,-1,-1,-1
49,3,3853.075439453125,661.46435546875,30.22412109375,61.28546142578125,0.44068410992622375,-1,-1,-1
49,11,4029.2666015625,669.6309204101562,40.949462890625,64.08819580078125,0.5491905212402344,-1,-1,-1
49,74,3307.548583984375,575.1828002929688,21.35302734375,39.43798828125,0.3916212320327759,-1,-1,-1
49,18,2967.64013671875,560.1419067382812,26.690673828125,37.3927001953125,0.2779293954372406,-1,-1,-1
50,1,4510.00732421875,832.5699462890625,58.435546875,102.53643798828125,0.5809006690979004,-1,-1,-1
50,2,4200.45703125,733.6884765625,46.001953125,78.682861328125,0.5749027729034424,-1,-1,-1
50,3,3862.8662109375,662.9149780273438,26.85400390625,57.055419921875,0.4870283901691437,-1,-1,-1
50,11,4040.438232421875,670.3596801757812,39.24853515625,69.38323974609375,0.511873185634613,-1,-1,-1
50,74,3308.619873046875,574.367431640625,20.89892578125,38.325439453125,0.34378620982170105,-1,-1,-1
50,18,2967.93359375,560.723876953125,26.578369140625,37.21331787109375,0.32258185744285583,-1,-1,-1
51,1,4498.2607421875,833.0150146484375,74.74951171875,101.45855712890625,0.6585419178009033,-1,-1,-1
51,2,4208.93505859375,732.6368408203125,50.220703125,82.669677734375,0.7084147334098816,-1,-1,-1
51,3,3864.5849609375,663.2127685546875,34.402099609375,55.679931640625,0.5989649295806885,-1,-1,-1
51,11,4050.189208984375,670.7496337890625,37.823486328125,70.969970703125,0.6106577515602112,-1,-1,-1
51,74,3309.796142578125,573.7564086914062,20.4853515625,42.93487548828125,0.3413354456424713,-1,-1,-1
51,18,2968.170654296875,561.1380004882812,26.38671875,37.69293212890625,0.32125240564346313,-1,-1,-1
52,1,4516.73388671875,832.8368530273438,61.74609375,102.077880859375,0.5464178919792175,-1,-1,-1
52,2,4222.12158203125,735.4737548828125,48.74560546875,80.54150390625,0.5363873839378357,-1,-1,-1
52,3,3864.28759765625,664.8490600585938,42.96923828125,55.809814453125,0.5010102987289429,-1,-1,-1
52,11,4060.398681640625,675.0695190429688,35.47705078125,65.64434814453125,0.6084579825401306,-1,-1,-1
52,74,3311.121337890625,575.7281494140625,19.553955078125,41.83026123046875,0.32941415905952454,-1,-1,-1
52,18,2969.17626953125,562.9053955078125,25.44140625,38.13006591796875,0.26175457239151,-1,-1,-1
52,84,3576.268310546875,624.0105590820312,23.608642578125,43.6231689453125,0.45535537600517273,-1,-1,-1
53,1,4520.79931640625,832.009033203125,66.30810546875,103.52691650390625,0.7148752808570862,-1,-1,-1
53,2,4233.97802734375,736.575927734375,46.47412109375,84.09857177734375,0.5914235711097717,-1,-1,-1
53,3,3869.81982421875,665.9002075195312,45.89306640625,55.73040771484375,0.42015203833580017,-1,-1,-1
53,11,4066.084716796875,676.7042846679688,39.220947265625,65.0303955078125,0.5602449178695679,-1,-1,-1
53,74,3311.0537109375,579.0469360351562,21.029052734375,39.84332275390625,0.31758177280426025,-1,-1,-1
53,84,3576.744384765625,623.4317016601562,24.899658203125,45.759521484375,0.5508424043655396,-1,-1,-1
54,1,4521.5439453125,831.1007690429688,73.44921875,105.4381103515625,0.7249566316604614,-1,-1,-1
54,2,4243.099609375,739.3898315429688,47.17138671875,83.2117919921875,0.7105690836906433,-1,-1,-1
54,3,3883.523681640625,664.39013671875,38.28662109375,54.16876220703125,0.4870971441268921,-1,-1,-1
54,11,4069.040283203125,677.4115600585938,45.826904296875,67.29534912109375,0.5813531279563904,-1,-1,-1
54,74,3313.523681640625,581.1322021484375,19.3623046875,38.022216796875,0.2680499255657196,-1,-1,-1
54,84,3580.03759765625,622.8034057617188,24.3603515625,45.9041748046875,0.472562700510025,-1,-1,-1
55,1,4529.244140625,831.9060668945312,71.923828125,105.8236083984375,0.7627940773963928,-1,-1,-1
55,2,4251.96923828125,741.3546142578125,45.20458984375,82.85076904296875,0.6749858260154724,-1,-1,-1
55,3,3893.31640625,664.5460205078125,33.55224609375,55.8697509765625,0.5814782977104187,-1,-1,-1
55,11,4073.557861328125,680.9698486328125,53.449462890625,65.976318359375,0.6252284049987793,-1,-1,-1
55,18,2970.4267578125,563.2755126953125,24.08837890625,36.99505615234375,0.30464884638786316,-1,-1,-1
56,1,4542.9375,833.48681640625,65.23681640625,105.96435546875,0.7020001411437988,-1,-1,-1
56,2,4264.5869140625,740.689208984375,37.66552734375,82.69183349609375,0.6686773300170898,-1,-1,-1
56,3,3906.052978515625,665.5056762695312,28.0830078125,56.36395263671875,0.5928192138671875,-1,-1,-1
56,11,4084.06982421875,684.8369750976562,55.291015625,64.16485595703125,0.40720030665397644,-1,-1,-1
56,89,3035.390625,566.4348754882812,22.438232421875,44.275146484375,0.3532511293888092,-1,-1,-1
57,1,4561.95947265625,835.2548828125,53.0126953125,105.8583984375,0.6287172436714172,-1,-1,-1
57,2,4275.45263671875,738.9508666992188,36.19775390625,85.478271484375,0.7649051547050476,-1,-1,-1
57,3,3913.953857421875,666.2318115234375,27.68359375,55.8414306640625,0.4778057336807251,-1,-1,-1
57,89,3036.96435546875,567.5325317382812,21.93505859375,42.612060546875,0.4030070900917053,-1,-1,-1
57,18,2970.34033203125,565.8428344726562,24.216552734375,38.181640625,0.30714449286460876,-1,-1,-1
58,1,4549.53662109375,838.2953491210938,73.7333984375,103.76849365234375,0.5779066681861877,-1,-1,-1
58,2,4285.7392578125,740.2400512695312,34.54736328125,86.6124267578125,0.6976134777069092,-1,-1,-1
58,3,3919.26611328125,665.4562377929688,31.653564453125,57.1214599609375,0.576289176940918,-1,-1,-1
58,89,3037.87353515625,568.9131469726562,22.159423828125,41.330322265625,0.42363834381103516,-1,-1,-1
58,18,2971.394775390625,565.486328125,23.462890625,37.63787841796875,0.278766930103302,-1,-1,-1
58,11,4105.482421875,689.134521484375,49.6630859375,69.9927978515625,0.6022278666496277,-1,-1,-1
59,1,4568.68017578125,837.5050048828125,64.25,104.88482666015625,0.618135929107666,-1,-1,-1
59,2,4294.5205078125,741.989013671875,34.2578125,86.93927001953125,0.652906060218811,-1,-1,-1
59,3,3922.84326171875,664.9115600585938,35.92236328125,57.45062255859375,0.5957257747650146,-1,-1,-1
59,89,3038.598388671875,569.7267456054688,21.9931640625,40.7249755859375,0.4268694519996643,-1,-1,-1
59,18,2972.680419921875,565.736328125,22.228515625,36.4024658203125,0.30337685346603394,-1,-1,-1
59,94,3596.78466796875,625.7445678710938,31.423828125,46.427978515625,0.4129854440689087,-1,-1,-1
59,11,4120.85693359375,690.9285278320312,39.52197265625,71.8885498046875,0.6331897377967834,-1,-1,-1
60,1,4583.01904296875,835.94677734375,58.19775390625,107.1236572265625,0.7668876051902771,-1,-1,-1
60,2,4304.21630859375,743.1466674804688,34.97607421875,88.59796142578125,0.7867234349250793,-1,-1,-1
60,3,3926.634033203125,666.7267456054688,39.13330078125,55.79351806640625,0.3958846926689148,-1,-1,-1
60,89,3042.0947265625,571.2481079101562,18.84130859375,37.20269775390625,0.300499826669693,-1,-1,-1
60,18,2973.86767578125,566.2937622070312,21.06005859375,39.68585205078125,0.3470950126647949,-1,-1,-1
60,94,3601.02880859375,624.4619750976562,29.655517578125,48.04595947265625,0.49925053119659424,-1,-1,-1
60,11,4131.6015625,691.82666015625,34.3671875,73.11163330078125,0.6625813841819763,-1,-1,-1
61,1,4591.33251953125,835.7476806640625,59.92431640625,108.265625,0.6397308707237244,-1,-1,-1
61,2,4312.3564453125,745.142822265625,36.5322265625,89.31903076171875,0.6610133051872253,-1,-1,-1
61,89,3043.562255859375,571.4447631835938,18.666748046875,36.14324951171875,0.3803793489933014,-1,-1,-1
61,18,2975.29638671875,566.616943359375,19.740966796875,39.1817626953125,0.32884201407432556,-1,-1,-1
61,94,3604.06298828125,625.7660522460938,30.58447265625,50.34600830078125,0.5223752856254578,-1,-1,-1
61,11,4140.65087890625,693.8314819335938,31.2666015625,73.71746826171875,0.6726323366165161,-1,-1,-1
62,1,4576.9697265625,835.852294921875,84.85107421875,107.69366455078125,0.5073322653770447,-1,-1,-1
62,2,4320.96923828125,749.5560913085938,40.00341796875,86.004150390625,0.7709876894950867,-1,-1,-1
62,18,2976.348388671875,567.2606811523438,18.79541015625,37.00518798828125,0.3104031980037689,-1,-1,-1
62,94,3609.936767578125,625.708251953125,28.01708984375,53.82830810546875,0.46173059940338135,-1,-1,-1
62,11,4146.75732421875,697.3770751953125,34.390625,68.2158203125,0.49745938181877136,-1,-1,-1
62,3,3947.854736328125,665.5936279296875,34.908447265625,53.6475830078125,0.4453374147415161,-1,-1,-1
63,1,4590.75537109375,837.2596435546875,77.88232421875,108.19134521484375,0.6981514692306519,-1,-1,-1
63,2,4329.28173828125,749.6727294921875,46.49853515625,88.402099609375,0.7387359142303467,-1,-1,-1
63,18,2977.125,567.2976684570312,18.43408203125,39.8876953125,0.39028406143188477,-1,-1,-1
63,94,3612.972412109375,628.2149047851562,29.478271484375,53.57763671875,0.27394384145736694,-1,-1,-1
63,11,4155.48291015625,698.3043212890625,36.6162109375,69.9979248046875,0.5129157304763794,-1,-1,-1
63,3,3956.155517578125,664.113525390625,34.10400390625,56.355712890625,0.6249781250953674,-1,-1,-1
63,89,3046.11767578125,572.5810546875,20.7607421875,36.62945556640625,0.27192825078964233,-1,-1,-1
64,1,4607.833984375,838.3201293945312,65.44775390625,107.4527587890625,0.7701742053031921,-1,-1,-1
64,2,4336.11865234375,751.7164916992188,55.52587890625,88.5849609375,0.6419851183891296,-1,-1,-1
64,18,2978.270263671875,568.4547729492188,18.009765625,38.803466796875,0.35301893949508667,-1,-1,-1
64,94,3618.723388671875,631.70166015625,27.324951171875,48.5869140625,0.3393232822418213,-1,-1,-1
64,11,4163.16162109375,702.1785888671875,38.51953125,69.894775390625,0.5901466608047485,-1,-1,-1
64,3,3964.349365234375,663.6290893554688,30.641357421875,60.41253662109375,0.5679493546485901,-1,-1,-1
64,110,3332.118896484375,584.948486328125,16.593505859375,39.77886962890625,0.459860622882843,-1,-1,-1
64,89,3047.179443359375,572.0183715820312,21.431640625,37.90948486328125,0.3209725022315979,-1,-1,-1
65,1,4619.0234375,842.2101440429688,59.31884765625,105.72637939453125,0.6512348055839539,-1,-1,-1
65,2,4341.18408203125,752.60791015625,63.54150390625,89.83349609375,0.6760584115982056,-1,-1,-1
65,18,2978.94091796875,569.134765625,17.970703125,38.3721923828125,0.35557931661605835,-1,-1,-1
65,94,3625.49609375,635.5582275390625,23.368896484375,41.5986328125,0.34914156794548035,-1,-1,-1
65,11,4174.89794921875,705.5493774414062,34.26318359375,73.67108154296875,0.5559697151184082,-1,-1,-1
65,3,3973.447998046875,663.0587158203125,26.630126953125,62.668212890625,0.6120822429656982,-1,-1,-1
65,110,3334.573974609375,582.5020141601562,16.206298828125,43.52093505859375,0.5039153695106506,-1,-1,-1
65,89,3049.678466796875,571.2711181640625,21.508544921875,41.36151123046875,0.40292128920555115,-1,-1,-1
66,1,4627.52685546875,840.9237670898438,57.0283203125,105.1015625,0.6518744826316833,-1,-1,-1
66,2,4346.841796875,754.0682373046875,72.87646484375,91.30426025390625,0.532271146774292,-1,-1,-1
66,18,2979.079833984375,570.0116577148438,18.12646484375,37.52996826171875,0.2946588397026062,-1,-1,-1
66,94,3629.527099609375,637.3990478515625,24.118896484375,42.9532470703125,0.42101067304611206,-1,-1,-1
66,11,4184.109375,709.0647583007812,35.76220703125,75.669921875,0.5484538078308105,-1,-1,-1
66,3,3982.57666015625,662.4708862304688,24.024169921875,63.55010986328125,0.6911030411720276,-1,-1,-1
66,110,3335.16162109375,583.5637817382812,17.1220703125,43.25518798828125,0.4633772373199463,-1,-1,-1
66,89,3050.6240234375,571.5928955078125,22.553955078125,44.44342041015625,0.41695883870124817,-1,-1,-1
67,1,4621.98193359375,843.3551635742188,69.390625,104.87152099609375,0.6948764324188232,-1,-1,-1
67,2,4356.71337890625,757.8157958984375,70.61767578125,89.416015625,0.5144882202148438,-1,-1,-1
67,18,2979.29541015625,570.0358276367188,18.063720703125,37.9671630859375,0.32415151596069336,-1,-1,-1
67,94,3630.72705078125,638.864013671875,27.350830078125,43.81280517578125,0.483175665140152,-1,-1,-1
67,11,4193.3349609375,712.30029296875,36.81884765625,73.4735107421875,0.7036166191101074,-1,-1,-1
67,3,3988.927978515625,663.3243408203125,25.17578125,60.1182861328125,0.6678170561790466,-1,-1,-1
67,110,3337.033447265625,584.4891357421875,18.6201171875,42.991943359375,0.49417227506637573,-1,-1,-1
67,89,3052.57861328125,571.67724609375,23.124267578125,46.4095458984375,0.4347594082355499,-1,-1,-1
67,114,3828.47314453125,547.4932250976562,14.94921875,28.49786376953125,0.483796626329422,-1,-1,-1
68,1,4627.88818359375,844.4478149414062,72.3310546875,105.45361328125,0.6843723058700562,-1,-1,-1
68,2,4365.2958984375,760.01708984375,66.37451171875,88.40234375,0.7078041434288025,-1,-1,-1
68,18,2980.525634765625,569.3377075195312,17.949951171875,39.82659912109375,0.4072819650173187,-1,-1,-1
68,94,3632.01904296875,638.2425537109375,31.535888671875,49.36431884765625,0.5677869319915771,-1,-1,-1
68,11,4201.7548828125,715.4283447265625,42.4736328125,73.97381591796875,0.691682755947113,-1,-1,-1
68,3,3989.377685546875,662.5604248046875,33.511962890625,61.94036865234375,0.5535978674888611,-1,-1,-1
68,110,3337.225830078125,582.0181884765625,21.0458984375,47.43035888671875,0.6120618581771851,-1,-1,-1
68,89,3053.10400390625,572.5285034179688,24.04052734375,46.82196044921875,0.4289535880088806,-1,-1,-1
68,114,3829.17724609375,541.6409301757812,16.971435546875,34.3648681640625,0.49792948365211487,-1,-1,-1
69,1,4637.97119140625,844.4395141601562,73.212890625,106.550048828125,0.7736626863479614,-1,-1,-1
69,2,4377.05419921875,760.8512573242188,57.77392578125,86.7930908203125,0.7382626533508301,-1,-1,-1
69,18,2982.3076171875,569.0274047851562,17.85107421875,41.01123046875,0.4258961081504822,-1,-1,-1
69,94,3633.15625,638.185791015625,34.774658203125,48.125244140625,0.37704434990882874,-1,-1,-1
69,11,4204.70654296875,718.0692138671875,55.0673828125,73.948974609375,0.7116536498069763,-1,-1,-1
69,3,3996.265380859375,659.8519287109375,33.383056640625,65.3868408203125,0.6320340633392334,-1,-1,-1
69,110,3338.1806640625,582.363037109375,21.509521484375,48.1475830078125,0.5831993222236633,-1,-1,-1
69,89,3054.501708984375,570.5455322265625,23.461181640625,50.212646484375,0.5268093347549438,-1,-1,-1
69,114,3830.269775390625,537.9907836914062,19.581787109375,38.3145751953125,0.4242214262485504,-1,-1,-1
70,1,4647.59228515625,843.684326171875,75.3046875,108.29974365234375,0.8384166359901428,-1,-1,-1
70,2,4392.400390625,759.5270385742188,45.0546875,87.95098876953125,0.754192054271698,-1,-1,-1
70,18,2983.2666015625,569.5723876953125,18.462890625,41.55499267578125,0.38133665919303894,-1,-1,-1
70,94,3639.304443359375,638.021240234375,32.63671875,48.808349609375,0.32446759939193726,-1,-1,-1
70,11,4204.65185546875,719.8252563476562,71.720703125,79.1640625,0.7029290795326233,-1,-1,-1
70,3,3999.079345703125,657.3823852539062,39.78515625,67.565185546875,0.7075496315956116,-1,-1,-1
70,110,3341.2958984375,585.1144409179688,20.780029296875,44.748046875,0.38688695430755615,-1,-1,-1
70,89,3057.054931640625,573.8598022460938,22.100341796875,47.47998046875,0.4532918334007263,-1,-1,-1
71,1,4654.29052734375,842.92529296875,77.42578125,109.8016357421875,0.8194165229797363,-1,-1,-1
71,2,4403.89501953125,759.0836181640625,38.61572265625,88.6163330078125,0.7861413955688477,-1,-1,-1
71,18,2983.53466796875,569.391357421875,19.85107421875,40.96038818359375,0.4208395481109619,-1,-1,-1
71,94,3643.57666015625,638.3678588867188,33.341552734375,55.37115478515625,0.4618806540966034,-1,-1,-1
71,11,4207.96337890625,722.2098388671875,79.23291015625,81.232666015625,0.6845364570617676,-1,-1,-1
71,3,4004.80029296875,657.089599609375,41.767822265625,65.97015380859375,0.6899233460426331,-1,-1,-1
71,89,3059.47265625,573.2439575195312,21.541259765625,48.21185302734375,0.4814441502094269,-1,-1,-1
72,1,4661.2431640625,842.7462158203125,78.416015625,113.09918212890625,0.8352824449539185,-1,-1,-1
72,2,4414.71337890625,758.6276245117188,35.33740234375,89.731689453125,0.8438885807991028,-1,-1,-1
72,18,2984.5693359375,569.3899536132812,20.091064453125,39.0615234375,0.4107712507247925,-1,-1,-1
72,94,3649.958251953125,638.7117309570312,31.72509765625,58.1676025390625,0.587928295135498,-1,-1,-1
72,11,4214.5439453125,721.2086181640625,78.068359375,86.18402099609375,0.6671165823936462,-1,-1,-1
72,3,4013.1689453125,656.4115600585938,39.450927734375,67.4249267578125,0.6075999736785889,-1,-1,-1
72,89,3061.38330078125,573.9035034179688,21.43359375,46.7938232421875,0.43763184547424316,-1,-1,-1
73,1,4669.8349609375,844.5326538085938,76.07275390625,113.94384765625,0.7458542585372925,-1,-1,-1
73,2,4422.65380859375,759.6890258789062,34.640625,89.044189453125,0.7585276961326599,-1,-1,-1
73,18,2986.6259765625,570.039794921875,18.71337890625,39.36151123046875,0.47503095865249634,-1,-1,-1
73,94,3656.432861328125,643.035400390625,29.352294921875,54.674072265625,0.32276880741119385,-1,-1,-1
73,11,4224.75830078125,724.1390380859375,71.80322265625,83.38250732421875,0.6625310778617859,-1,-1,-1
73,3,4023.50830078125,656.847412109375,32.87353515625,66.7803955078125,0.5381563305854797,-1,-1,-1
73,89,3062.94970703125,573.4098510742188,21.13037109375,46.70733642578125,0.4430922865867615,-1,-1,-1
74,1,4684.65087890625,845.1406860351562,65.98193359375,114.48876953125,0.6977511048316956,-1,-1,-1
74,2,4430.64208984375,758.4246826171875,36.46337890625,92.68255615234375,0.7447896003723145,-1,-1,-1
74,18,2987.39794921875,570.827392578125,18.017333984375,38.1519775390625,0.41105949878692627,-1,-1,-1
74,94,3662.64892578125,644.0870971679688,28.74658203125,51.9088134765625,0.3560183346271515,-1,-1,-1
74,11,4244.7705078125,723.2655639648438,59.357421875,86.14520263671875,0.5833359360694885,-1,-1,-1
74,3,4032.896484375,656.2891235351562,28.85595703125,66.3631591796875,0.6628245115280151,-1,-1,-1
74,89,3063.69384765625,573.9938354492188,22.0810546875,46.31317138671875,0.4084795415401459,-1,-1,-1
74,121,4235.5791015625,542.068115234375,15.04248046875,35.58843994140625,0.3493442237377167,-1,-1,-1
75,1,4675.16552734375,847.1460571289062,79.470703125,114.90594482421875,0.5670308470726013,-1,-1,-1
75,2,4439.32080078125,759.2140502929688,37.1826171875,95.214599609375,0.7814580202102661,-1,-1,-1
75,18,2988.363037109375,571.6527099609375,17.397705078125,37.82708740234375,0.4687398076057434,-1,-1,-1
75,11,4262.61279296875,719.3624267578125,50.1416015625,90.31463623046875,0.748283863067627,-1,-1,-1
75,3,4039.206298828125,658.2208251953125,28.190673828125,63.8577880859375,0.6668802499771118,-1,-1,-1
75,89,3065.1630859375,574.3143920898438,21.68115234375,47.08258056640625,0.489310622215271,-1,-1,-1
76,1,4690.64013671875,848.7606201171875,71.0302734375,112.60986328125,0.555270254611969,-1,-1,-1
76,2,4445.96728515625,761.5245971679688,42.77001953125,94.986083984375,0.7302330732345581,-1,-1,-1
76,18,2989.09423828125,572.7496337890625,17.5869140625,37.83587646484375,0.3847734034061432,-1,-1,-1
76,11,4277.25927734375,719.2941284179688,43.255859375,88.38214111328125,0.5703073740005493,-1,-1,-1
76,89,3065.498291015625,574.0173950195312,21.89111328125,47.4317626953125,0.4357565939426422,-1,-1,-1
76,94,3671.634521484375,645.101806640625,31.281494140625,52.62158203125,0.3213159739971161,-1,-1,-1
77,1,4684.302734375,850.9607543945312,86.79345703125,110.2703857421875,0.5714737176895142,-1,-1,-1
77,2,4453.14404296875,766.8282470703125,49.20849609375,92.16754150390625,0.7016610503196716,-1,-1,-1
77,18,2989.81884765625,572.740234375,17.447998046875,38.7237548828125,0.40281474590301514,-1,-1,-1
77,11,4286.62744140625,719.4215087890625,44.62109375,82.4200439453125,0.47640636563301086,-1,-1,-1
77,89,3068.593017578125,573.5903930664062,20.503173828125,50.70721435546875,0.4596625566482544,-1,-1,-1
77,94,3674.784423828125,644.8014526367188,34.051513671875,56.7947998046875,0.441268652677536,-1,-1,-1
77,3,4055.528076171875,659.3576049804688,24.5576171875,59.12261962890625,0.49732962250709534,-1,-1,-1
78,1,4694.71044921875,846.7006225585938,88.93505859375,115.642333984375,0.6893830895423889,-1,-1,-1
78,2,4459.5205078125,769.61083984375,57.3828125,89.7763671875,0.6963788866996765,-1,-1,-1
78,18,2990.150390625,573.2535400390625,18.38232421875,40.0081787109375,0.37068843841552734,-1,-1,-1
78,11,4295.5419921875,717.9305419921875,46.02490234375,83.49761962890625,0.6801221966743469,-1,-1,-1
78,89,3070.69140625,573.5223388671875,20.513427734375,52.83123779296875,0.5117074251174927,-1,-1,-1
78,94,3681.86279296875,644.5195922851562,33.8056640625,60.58148193359375,0.5888463854789734,-1,-1,-1
78,3,4056.7392578125,657.66943359375,30.8076171875,63.9990234375,0.632766842842102,-1,-1,-1
79,1,4714.26171875,845.6190185546875,79.69091796875,117.50994873046875,0.7352096438407898,-1,-1,-1
79,2,4466.0166015625,769.464111328125,65.8330078125,91.87567138671875,0.7232962846755981,-1,-1,-1
79,18,2990.887451171875,572.2529296875,19.155029296875,41.5263671875,0.4013308584690094,-1,-1,-1
79,11,4306.78125,720.2420654296875,45.5244140625,83.0943603515625,0.5481099486351013,-1,-1,-1
79,89,3072.3330078125,574.136474609375,20.777099609375,52.61761474609375,0.4180557429790497,-1,-1,-1
79,94,3690.41796875,644.7413330078125,29.83642578125,62.207763671875,0.5470793843269348,-1,-1,-1
79,3,4061.730224609375,656.9229736328125,32.8134765625,64.60638427734375,0.6906326413154602,-1,-1,-1
80,1,4723.26318359375,848.2664184570312,80.572265625,115.09942626953125,0.7298951745033264,-1,-1,-1
80,2,4470.16845703125,771.4793701171875,72.96142578125,92.470703125,0.7628830671310425,-1,-1,-1
80,18,2991.439697265625,571.986572265625,20.27783203125,43.318603515625,0.39776715636253357,-1,-1,-1
80,11,4315.8388671875,714.7867431640625,46.28466796875,87.67266845703125,0.6012549996376038,-1,-1,-1
80,94,3697.50830078125,646.3192138671875,27.664794921875,62.04132080078125,0.5402169823646545,-1,-1,-1
80,3,4066.817138671875,656.58154296875,36.047607421875,66.0810546875,0.5819873213768005,-1,-1,-1
80,133,3366.1015625,594.1118774414062,19.95263671875,43.2213134765625,0.39888665080070496,-1,-1,-1
81,1,4729.43310546875,851.1364135742188,84.61474609375,114.01287841796875,0.7442646026611328,-1,-1,-1
81,2,4471.96728515625,772.3438720703125,80.4267578125,95.40643310546875,0.7839289903640747,-1,-1,-1
81,18,2991.740966796875,572.1932373046875,22.046630859375,47.09625244140625,0.34372735023498535,-1,-1,-1
81,11,4318.69482421875,715.087158203125,54.09375,86.50958251953125,0.6951573491096497,-1,-1,-1
81,94,3702.598388671875,647.9992065429688,26.161865234375,61.1982421875,0.5397204756736755,-1,-1,-1
81,3,4075.71923828125,658.2650146484375,34.0537109375,64.485107421875,0.5710440874099731,-1,-1,-1
81,133,3368.8212890625,595.3557739257812,20.3388671875,42.5560302734375,0.3686847686767578,-1,-1,-1
82,1,4724.74658203125,852.0604858398438,93.94970703125,112.27325439453125,0.6774587035179138,-1,-1,-1
82,2,4478.76611328125,772.8642578125,77.6064453125,94.68206787109375,0.773829996585846,-1,-1,-1
82,18,2992.12548828125,574.8509521484375,21.970947265625,45.050537109375,0.2879570722579956,-1,-1,-1
82,11,4332.0888671875,715.5947875976562,53.59130859375,87.3385009765625,0.6293264627456665,-1,-1,-1
82,94,3709.63232421875,649.3731079101562,24.06787109375,56.08074951171875,0.5316323041915894,-1,-1,-1
82,3,4084.449462890625,657.9266967773438,31.363037109375,63.65826416015625,0.6201431155204773,-1,-1,-1
83,1,4732.34033203125,852.962646484375,90.11279296875,111.312255859375,0.6280947923660278,-1,-1,-1
83,2,4485.91259765625,772.5859985351562,72.09423828125,94.35906982421875,0.7166233658790588,-1,-1,-1
83,18,2992.738037109375,576.5612182617188,21.695556640625,41.7340087890625,0.2604179382324219,-1,-1,-1
83,11,4352.673828125,724.0822143554688,46.015625,81.22845458984375,0.5463077425956726,-1,-1,-1
83,94,3713.882080078125,650.5460205078125,23.63232421875,55.37451171875,0.6195058822631836,-1,-1,-1
83,3,4093.324951171875,662.6279296875,27.213623046875,60.06024169921875,0.6506363749504089,-1,-1,-1
83,133,3373.68359375,598.1383056640625,19.3837890625,44.4107666015625,0.28135353326797485,-1,-1,-1
84,1,4742.47119140625,856.5772705078125,88.2490234375,108.7264404296875,0.7032573223114014,-1,-1,-1
84,2,4499.693359375,773.74072265625,59.544921875,93.2901611328125,0.7448157668113708,-1,-1,-1
84,18,2993.59033203125,576.018310546875,21.96728515625,45.56158447265625,0.3680683672428131,-1,-1,-1
84,11,4365.6806640625,726.00146484375,48.5078125,81.07061767578125,0.44678983092308044,-1,-1,-1
84,94,3715.790771484375,652.0389404296875,28.984375,55.99786376953125,0.5346716046333313,-1,-1,-1
84,3,4100.9599609375,662.6171264648438,25.46826171875,61.1510009765625,0.3811362087726593,-1,-1,-1
84,140,3824.788818359375,527.0255126953125,19.11865234375,31.5152587890625,0.37956950068473816,-1,-1,-1
84,89,3080.39404296875,580.5114135742188,22.5634765625,43.4783935546875,0.2750036418437958,-1,-1,-1
85,1,4753.77783203125,857.4959106445312,90.17041015625,108.6917724609375,0.6054564714431763,-1,-1,-1
85,2,4516.96484375,773.8652954101562,46.1708984375,93.43304443359375,0.8225496411323547,-1,-1,-1
85,18,2993.677734375,577.9749145507812,22.998046875,44.37451171875,0.2738364040851593,-1,-1,-1
85,11,4375.87060546875,726.7574462890625,53.10400390625,74.5150146484375,0.45180925726890564,-1,-1,-1
85,94,3717.639404296875,653.6353149414062,36.021484375,57.9498291015625,0.40598058700561523,-1,-1,-1
85,3,4108.7060546875,664.3800659179688,24.25927734375,57.3189697265625,0.3883189857006073,-1,-1,-1
85,140,3826.746337890625,525.7615966796875,18.773681640625,33.31201171875,0.3950076997280121,-1,-1,-1
85,143,4261.8212890625,540.9713134765625,15.91064453125,38.72686767578125,0.4191318154335022,-1,-1,-1
85,89,3081.98291015625,580.7924194335938,22.19580078125,44.39398193359375,0.3499699831008911,-1,-1,-1
86,1,4771.439453125,857.951171875,80.77392578125,107.564697265625,0.6467366814613342,-1,-1,-1
86,2,4527.64404296875,774.7890625,42.18408203125,92.1103515625,0.7480924725532532,-1,-1,-1
86,18,2994.221435546875,578.26806640625,24.444091796875,46.83056640625,0.28231462836265564,-1,-1,-1
86,11,4386.7412109375,728.6600341796875,57.40673828125,89.74322509765625,0.4233339726924896,-1,-1,-1
86,94,3726.325927734375,654.8751831054688,33.5458984375,54.280029296875,0.4122683107852936,-1,-1,-1
86,3,4112.3388671875,664.5748291015625,28.93701171875,59.5367431640625,0.48266857862472534,-1,-1,-1
86,143,4262.60888671875,542.1866455078125,17.06884765625,37.89752197265625,0.4076497554779053,-1,-1,-1
86,89,3084.92333984375,580.6546020507812,20.525146484375,46.84130859375,0.4300363063812256,-1,-1,-1
86,145,3882.267333984375,539.9581909179688,17.06884765625,37.25372314453125,0.5002163648605347,-1,-1,-1
86,133,3382.940673828125,599.3212280273438,18.184326171875,37.85430908203125,0.3896039128303528,-1,-1,-1
87,1,4785.1962890625,858.224609375,76.62353515625,108.90899658203125,0.6915014386177063,-1,-1,-1
87,2,4536.0244140625,772.6917724609375,41.626953125,96.718505859375,0.7617022395133972,-1,-1,-1
87,18,2995.5703125,576.7796630859375,24.475830078125,49.03076171875,0.4160865247249603,-1,-1,-1
87,11,4394.0263671875,730.1342163085938,60.46484375,105.2213134765625,0.4417899250984192,-1,-1,-1
87,94,3734.48974609375,655.1266479492188,30.96044921875,59.71630859375,0.5372412800788879,-1,-1,-1
87,3,4115.36181640625,663.4683837890625,32.95947265625,62.2342529296875,0.5964708924293518,-1,-1,-1
87,143,4263.64013671875,540.54736328125,19.2744140625,40.671630859375,0.3687371611595154,-1,-1,-1
87,89,3086.9609375,580.533447265625,19.8525390625,46.10504150390625,0.515491783618927,-1,-1,-1
87,145,3883.68310546875,540.6846923828125,17.338134765625,37.12823486328125,0.4554690718650818,-1,-1,-1
87,133,3384.553955078125,599.421875,19.707763671875,37.78570556640625,0.4920244812965393,-1,-1,-1
88,1,4795.796875,858.4281616210938,75.78857421875,109.33837890625,0.714667558670044,-1,-1,-1
88,2,4543.3525390625,773.1434936523438,42.7841796875,98.05230712890625,0.7542837858200073,-1,-1,-1
88,18,2996.984130859375,577.7429809570312,23.70654296875,46.982177734375,0.3218814730644226,-1,-1,-1
88,11,4407.68310546875,733.2081298828125,58.2099609375,109.97430419921875,0.45088067650794983,-1,-1,-1
88,94,3742.225830078125,655.4953002929688,27.12255859375,61.03265380859375,0.5054938793182373,-1,-1,-1
88,3,4118.57861328125,664.2802124023438,36.123046875,61.0234375,0.5798132419586182,-1,-1,-1
88,89,3088.480712890625,581.0198364257812,19.6962890625,45.845703125,0.437785804271698,-1,-1,-1
88,133,3388.6591796875,599.7186279296875,20.27783203125,37.87652587890625,0.4819122552871704,-1,-1,-1
89,1,4803.732421875,857.5738525390625,75.79736328125,111.81292724609375,0.7127615213394165,-1,-1,-1
89,2,4550.14501953125,775.289306640625,48.88330078125,96.1812744140625,0.7336664199829102,-1,-1,-1
89,18,2998.65087890625,576.1000366210938,22.320556640625,48.31756591796875,0.39223363995552063,-1,-1,-1
89,11,4416.7021484375,739.9424438476562,54.0458984375,110.0709228515625,0.6891905069351196,-1,-1,-1
89,94,3749.93212890625,657.934326171875,25.256103515625,61.15509033203125,0.45412924885749817,-1,-1,-1
89,3,4125.17919921875,662.7471923828125,37.775390625,63.69622802734375,0.5296821594238281,-1,-1,-1
89,89,3089.704833984375,582.4811401367188,21.224853515625,44.862060546875,0.44964951276779175,-1,-1,-1
89,133,3391.28564453125,599.4793701171875,20.5263671875,36.468505859375,0.4196394681930542,-1,-1,-1
90,1,4810.482421875,858.423095703125,79.705078125,113.48297119140625,0.6793933510780334,-1,-1,-1
90,2,4558.3564453125,777.4682006835938,54.9541015625,96.82696533203125,0.7100538015365601,-1,-1,-1
90,18,2998.9501953125,576.0577392578125,22.976318359375,47.33404541015625,0.3594748079776764,-1,-1,-1
90,11,4430.99658203125,749.3885498046875,42.357421875,103.14111328125,0.7407034039497375,-1,-1,-1
90,94,3754.1474609375,662.8255615234375,27.329345703125,57.13934326171875,0.4781638979911804,-1,-1,-1
90,3,4131.53759765625,666.523681640625,36.56884765625,59.7593994140625,0.48682159185409546,-1,-1,-1
90,89,3091.095947265625,582.6181640625,21.6416015625,46.33251953125,0.43561872839927673,-1,-1,-1
90,133,3394.577880859375,599.22802734375,19.03759765625,39.08831787109375,0.4274064898490906,-1,-1,-1
91,1,4813.9501953125,859.2267456054688,87.6181640625,117.0479736328125,0.6468600630760193,-1,-1,-1
91,2,4564.76904296875,778.9697265625,61.85498046875,97.50213623046875,0.7710174918174744,-1,-1,-1
91,18,3000.7666015625,579.0123291015625,22.218505859375,48.5357666015625,0.4102008044719696,-1,-1,-1
91,11,4444.26953125,754.9148559570312,35.568359375,96.81207275390625,0.6858696341514587,-1,-1,-1
91,94,3758.359375,662.9969482421875,28.7548828125,59.7012939453125,0.5237275958061218,-1,-1,-1
91,3,4138.69140625,667.7410278320312,34.60693359375,57.840576171875,0.5259881019592285,-1,-1,-1
91,89,3092.114013671875,582.1864013671875,22.063720703125,47.16717529296875,0.4594852924346924,-1,-1,-1
91,133,3397.192626953125,600.0076293945312,20.058837890625,42.34185791015625,0.4408613443374634,-1,-1,-1
91,149,3574.277099609375,585.7872314453125,21.244140625,39.916015625,0.4133282005786896,-1,-1,-1
92,1,4815.0146484375,862.6122436523438,93.7353515625,117.947509765625,0.5286937952041626,-1,-1,-1
92,2,4572.63134765625,782.8309936523438,64.982421875,94.3907470703125,0.725281298160553,-1,-1,-1
92,18,3002.311767578125,577.4397583007812,20.97998046875,51.34161376953125,0.47882315516471863,-1,-1,-1
92,11,4448.48046875,760.0195922851562,49.673828125,93.97198486328125,0.7081044912338257,-1,-1,-1
92,94,3763.51171875,661.01025390625,30.3955078125,69.31072998046875,0.7209267616271973,-1,-1,-1
92,3,4147.6376953125,670.6885986328125,30.1767578125,54.0262451171875,0.6533448100090027,-1,-1,-1
92,89,3093.7861328125,584.3250732421875,21.68896484375,46.06964111328125,0.40943142771720886,-1,-1,-1
92,133,3398.61669921875,601.4710693359375,22.399169921875,42.33575439453125,0.3143386244773865,-1,-1,-1
92,149,3578.041015625,588.7384033203125,20.978271484375,37.802978515625,0.3909030854701996,-1,-1,-1
93,1,4815.09521484375,864.512451171875,97.78076171875,120.91845703125,0.5300207138061523,-1,-1,-1
93,2,4579.8642578125,786.3294067382812,69.3017578125,93.72894287109375,0.7407893538475037,-1,-1,-1
93,18,3005.2041015625,579.8585205078125,18.93310546875,45.68524169921875,0.44603249430656433,-1,-1,-1
93,11,4449.9384765625,765.9595947265625,65.9658203125,93.8807373046875,0.761613130569458,-1,-1,-1
93,94,3769.417724609375,664.164306640625,30.69775390625,69.54522705078125,0.5946457982063293,-1,-1,-1
93,3,4155.27099609375,670.8932495117188,27.61279296875,54.327392578125,0.37817874550819397,-1,-1,-1
93,89,3095.93212890625,585.405029296875,21.665771484375,46.5328369140625,0.32708239555358887,-1,-1,-1
94,1,4847.2314453125,866.1264038085938,70.228515625,115.4140625,0.5144418478012085,-1,-1,-1
94,2,4585.26708984375,789.5321044921875,73.11279296875,90.97467041015625,0.7579989433288574,-1,-1,-1
94,18,3006.730712890625,583.1573486328125,17.722900390625,43.6861572265625,0.3815874457359314,-1,-1,-1
94,11,4456.56298828125,770.1617431640625,79.44140625,99.9078369140625,0.7974753379821777,-1,-1,-1
94,94,3775.005126953125,667.918212890625,29.497802734375,66.22021484375,0.4900321662425995,-1,-1,-1
94,3,4160.73046875,673.467529296875,27.7578125,51.28070068359375,0.4455626606941223,-1,-1,-1
94,89,3097.77490234375,586.630615234375,23.264892578125,46.0712890625,0.2941266596317291,-1,-1,-1
95,1,4855.2978515625,866.7431640625,70.01611328125,117.28497314453125,0.49961793422698975,-1,-1,-1
95,2,4590.17626953125,792.7713623046875,74.38525390625,88.1199951171875,0.6633884310722351,-1,-1,-1
95,18,3007.837158203125,583.623779296875,18.30859375,42.9923095703125,0.411354124546051,-1,-1,-1
95,11,4466.08935546875,777.5111083984375,84.18505859375,97.45361328125,0.7100200057029724,-1,-1,-1
95,94,3782.25146484375,670.3796997070312,28.749755859375,65.1573486328125,0.5624798536300659,-1,-1,-1
95,3,4166.92919921875,675.775634765625,25.51220703125,47.61138916015625,0.5218296647071838,-1,-1,-1
95,89,3099.164794921875,586.0133056640625,23.911376953125,48.2864990234375,0.2621231973171234,-1,-1,-1
95,133,3406.986572265625,603.619384765625,21.37548828125,38.9337158203125,0.26919791102409363,-1,-1,-1
96,1,4837.3759765625,867.1932983398438,99.94091796875,117.21160888671875,0.5148164629936218,-1,-1,-1
96,2,4594.94091796875,794.1019897460938,71.58740234375,87.98565673828125,0.7204673886299133,-1,-1,-1
96,18,3008.689697265625,586.071533203125,18.681884765625,46.6363525390625,0.43161773681640625,-1,-1,-1
96,11,4481.28271484375,785.0162353515625,78.01806640625,93.20855712890625,0.6714199185371399,-1,-1,-1
96,94,3790.97412109375,671.9249877929688,25.779052734375,64.77398681640625,0.6333611011505127,-1,-1,-1
96,3,4173.2900390625,677.762451171875,24.03466796875,45.13720703125,0.5781203508377075,-1,-1,-1
96,133,3409.42529296875,604.8241577148438,20.319091796875,39.43084716796875,0.3359823226928711,-1,-1,-1
97,1,4847.4443359375,866.327880859375,101.97705078125,119.94647216796875,0.47058215737342834,-1,-1,-1
97,2,4599.544921875,793.9698486328125,66.15771484375,89.05267333984375,0.7209198474884033,-1,-1,-1
97,18,3009.208740234375,586.164794921875,19.35107421875,48.00677490234375,0.42600661516189575,-1,-1,-1
97,11,4485.12158203125,789.3856201171875,78.54052734375,93.0721435546875,0.5430717468261719,-1,-1,-1
97,94,3796.7080078125,674.962158203125,27.825927734375,62.3472900390625,0.5919784903526306,-1,-1,-1
97,3,4177.0478515625,678.9983520507812,23.93359375,44.36505126953125,0.5083476901054382,-1,-1,-1
97,133,3412.594970703125,605.8840942382812,20.02978515625,40.916015625,0.42482802271842957,-1,-1,-1
97,89,3100.767333984375,583.468017578125,24.393798828125,58.14398193359375,0.38277992606163025,-1,-1,-1
98,1,4873.25634765625,865.8838500976562,90.74609375,125.59759521484375,0.6799653172492981,-1,-1,-1
98,2,4602.11865234375,792.6996459960938,62.1748046875,90.1766357421875,0.7603155374526978,-1,-1,-1
98,18,3009.324951171875,586.7714233398438,21.7626953125,49.57440185546875,0.5163933634757996,-1,-1,-1
98,11,4499.61279296875,791.0162963867188,66.71923828125,92.2679443359375,0.8114295601844788,-1,-1,-1
98,94,3797.41162109375,677.1989135742188,35.467529296875,64.73760986328125,0.519769012928009,-1,-1,-1
98,3,4180.8642578125,678.5698852539062,26.7353515625,47.954345703125,0.557934582233429,-1,-1,-1
98,133,3414.66015625,605.3015747070312,22.21728515625,44.5804443359375,0.536346971988678,-1,-1,-1
98,89,3101.4443359375,582.4058227539062,25.670166015625,60.17919921875,0.4730593264102936,-1,-1,-1
99,1,4887.826171875,866.3463134765625,85.958984375,128.3458251953125,0.7302769422531128,-1,-1,-1
99,2,4603.13525390625,792.55126953125,60.6376953125,90.13641357421875,0.761688232421875,-1,-1,-1
99,18,3010.19384765625,586.9633178710938,22.822021484375,50.2750244140625,0.50320965051651,-1,-1,-1
99,11,4512.51171875,790.9479370117188,60.5517578125,91.13427734375,0.7670843601226807,-1,-1,-1
99,94,3799.154541015625,677.2708129882812,42.209716796875,69.2203369140625,0.6377941966056824,-1,-1,-1
99,3,4183.6162109375,681.5143432617188,31.9853515625,48.58782958984375,0.501691460609436,-1,-1,-1
99,133,3417.61865234375,604.9721069335938,22.659423828125,46.441650390625,0.4676104485988617,-1,-1,-1
99,89,3103.056396484375,581.9152221679688,25.917724609375,61.4049072265625,0.4025452136993408,-1,-1,-1
99,163,4287.3310546875,546.02978515625,19.013671875,36.966796875,0.36215195059776306,-1,-1,-1
100,1,4898.5361328125,869.4849243164062,84.24658203125,126.82196044921875,0.636286199092865,-1,-1,-1
100,2,4606.34521484375,792.885986328125,56.75732421875,89.01568603515625,0.7553688883781433,-1,-1,-1
100,18,3010.953125,587.2139282226562,23.683349609375,51.46844482421875,0.5518950819969177,-1,-1,-1
100,11,4529.37548828125,792.9208984375,54.701171875,89.4757080078125,0.6412925124168396,-1,-1,-1
100,94,3813.489501953125,677.6099243164062,34.80712890625,71.771728515625,0.7020930647850037,-1,-1,-1
100,3,4186.65966796875,681.4880981445312,32.44580078125,50.0169677734375,0.5858908295631409,-1,-1,-1
100,133,3420.33837890625,604.47216796875,23.3974609375,51.2548828125,0.560457170009613,-1,-1,-1
100,89,3104.972412109375,584.0490112304688,26.04443359375,60.01336669921875,0.4433364272117615,-1,-1,-1
100,163,4289.15380859375,548.0355224609375,17.671875,35.97918701171875,0.3645800054073334,-1,-1,-1
101,1,4906.80029296875,870.9740600585938,81.783203125,126.552734375,0.6402997374534607,-1,-1,-1
101,2,4612.54248046875,792.96044921875,51.27978515625,88.0892333984375,0.758621871471405,-1,-1,-1
101,18,3013.8076171875,586.7052001953125,22.251708984375,46.8837890625,0.459862619638443,-1,-1,-1
101,11,4536.6396484375,794.772216796875,67.609375,88.23876953125,0.7106733322143555,-1,-1,-1
101,94,3823.697509765625,676.508056640625,31.786376953125,74.36383056640625,0.6232989430427551,-1,-1,-1
101,3,4189.59521484375,680.6926879882812,35.18212890625,50.8009033203125,0.5928032398223877,-1,-1,-1
101,133,3423.05126953125,606.1070556640625,24.1767578125,51.21856689453125,0.4852951467037201,-1,-1,-1
101,89,3106.37890625,586.3469848632812,27.121337890625,58.40850830078125,0.33194950222969055,-1,-1,-1
101,163,4289.97705078125,547.0444946289062,18.40380859375,37.39837646484375,0.3461037874221802,-1,-1,-1
102,1,4914.1923828125,872.22119140625,79.23291015625,125.97149658203125,0.6764765381813049,-1,-1,-1
102,2,4617.0380859375,791.3674926757812,49.859375,91.42791748046875,0.8132202625274658,-1,-1,-1
102,18,3015.31005859375,587.5451049804688,24.1015625,47.614990234375,0.4861775040626526,-1,-1,-1
102,11,4541.81103515625,796.4463500976562,77.2744140625,89.222900390625,0.6444295644760132,-1,-1,-1
102,94,3825.20263671875,679.9973754882812,37.208984375,72.9674072265625,0.5298880934715271,-1,-1,-1
102,3,4193.1826171875,681.1181640625,35.12451171875,48.802978515625,0.6186840534210205,-1,-1,-1
102,133,3425.918701171875,606.7916259765625,23.083740234375,50.464111328125,0.5359967350959778,-1,-1,-1
102,89,3108.517333984375,590.0936279296875,25.77783203125,52.82806396484375,0.37360304594039917,-1,-1,-1
102,163,4290.58935546875,546.398193359375,19.2802734375,38.69500732421875,0.34603849053382874,-1,-1,-1
103,1,4922.66650390625,874.2549438476562,69.50390625,122.65899658203125,0.5300937294960022,-1,-1,-1
103,2,4618.51318359375,789.1622314453125,50.82666015625,94.78936767578125,0.8026227951049805,-1,-1,-1
103,18,3017.26220703125,589.4197387695312,24.702392578125,48.2105712890625,0.40045827627182007,-1,-1,-1
103,11,4546.9580078125,800.2950439453125,80.697265625,90.99810791015625,0.6703892946243286,-1,-1,-1
103,94,3834.966552734375,680.4185791015625,32.804931640625,74.22088623046875,0.47884976863861084,-1,-1,-1
103,3,4198.4306640625,680.8555908203125,32.50048828125,48.83831787109375,0.661418616771698,-1,-1,-1
103,133,3428.248779296875,607.1614379882812,22.31494140625,50.49072265625,0.4416191577911377,-1,-1,-1
103,89,3110.80908203125,593.1482543945312,24.77392578125,48.83453369140625,0.2515890598297119,-1,-1,-1
104,1,4935.2392578125,877.21142578125,60.0107421875,118.75347900390625,0.5541711449623108,-1,-1,-1
104,2,4619.5205078125,787.1807861328125,51.8662109375,96.24169921875,0.8023178577423096,-1,-1,-1
104,11,4552.4970703125,802.12646484375,78.07275390625,88.97686767578125,0.641083300113678,-1,-1,-1
104,94,3846.833251953125,685.2335815429688,26.080322265625,67.31402587890625,0.5085052251815796,-1,-1,-1
104,3,4203.943359375,681.501953125,30.5224609375,51.13543701171875,0.6785719394683838,-1,-1,-1
104,133,3431.65283203125,608.6103515625,21.15625,49.12939453125,0.4102287292480469,-1,-1,-1
104,89,3113.276611328125,591.5416870117188,24.0302734375,50.53546142578125,0.35043659806251526,-1,-1,-1
105,1,4916.58056640625,877.9862670898438,85.01904296875,117.82958984375,0.5422619581222534,-1,-1,-1
105,2,4621.97314453125,786.8248291015625,51.0439453125,97.904541015625,0.8027451634407043,-1,-1,-1
105,11,4558.3642578125,803.0906982421875,73.6171875,89.3980712890625,0.705451488494873,-1,-1,-1
105,94,3845.15673828125,688.82958984375,37.2421875,68.97454833984375,0.575667679309845,-1,-1,-1
105,3,4209.50439453125,683.1204833984375,27.61376953125,50.69720458984375,0.4951443076133728,-1,-1,-1
105,133,3434.226806640625,608.1075439453125,21.072998046875,46.15264892578125,0.411257803440094,-1,-1,-1
105,89,3115.172119140625,591.6500244140625,23.4521484375,50.85546875,0.3725311756134033,-1,-1,-1
106,1,4917.923828125,877.710205078125,92.36328125,118.3511962890625,0.6028753519058228,-1,-1,-1
106,2,4622.88525390625,787.0491333007812,52.326171875,97.58123779296875,0.7893707156181335,-1,-1,-1
106,11,4563.6240234375,802.3388671875,67.533203125,89.1510009765625,0.7169260382652283,-1,-1,-1
106,94,3848.637939453125,692.4820556640625,43.0927734375,69.615234375,0.5895708799362183,-1,-1,-1
106,3,4214.11669921875,684.827880859375,28.35546875,49.5145263671875,0.4623384177684784,-1,-1,-1
106,133,3436.7587890625,607.4129028320312,20.729248046875,48.40460205078125,0.5256808996200562,-1,-1,-1
106,89,3117.638671875,592.6337890625,22.982177734375,49.61309814453125,0.44508880376815796,-1,-1,-1
106,175,3931.28466796875,542.244873046875,20.5302734375,37.55517578125,0.4071035385131836,-1,-1,-1
107,1,4931.3330078125,875.806640625,85.39892578125,122.31793212890625,0.7138005495071411,-1,-1,-1
107,2,4625.166015625,787.701416015625,52.74658203125,99.2099609375,0.7629578113555908,-1,-1,-1
107,11,4569.62353515625,802.025146484375,60.75390625,86.5904541015625,0.7612262964248657,-1,-1,-1
107,94,3854.61181640625,694.0580444335938,48.080078125,71.9818115234375,0.6344268918037415,-1,-1,-1
107,3,4219.98876953125,687.749267578125,25.60693359375,46.3271484375,0.48931336402893066,-1,-1,-1
107,133,3441.0830078125,605.9417724609375,20.7421875,50.71856689453125,0.5884397625923157,-1,-1,-1
107,89,3119.128173828125,593.6426391601562,22.21484375,48.03582763671875,0.4017293155193329,-1,-1,-1
107,175,3933.793701171875,542.8983154296875,19.2822265625,35.02313232421875,0.47052645683288574,-1,-1,-1
108,1,4939.0546875,873.5850219726562,83.72509765625,123.824462890625,0.6753702759742737,-1,-1,-1
108,2,4627.13037109375,788.7481079101562,52.6240234375,98.6920166015625,0.725482165813446,-1,-1,-1
108,11,4574.9150390625,801.541015625,62.30859375,89.61065673828125,0.7661142945289612,-1,-1,-1
108,94,3871.353515625,693.2496948242188,38.55126953125,72.24029541015625,0.5798037648200989,-1,-1,-1
108,3,4223.73974609375,686.3125610351562,26.53515625,50.3033447265625,0.5619410872459412,-1,-1,-1
108,133,3444.625,606.8048706054688,21.138916015625,48.97119140625,0.540682315826416,-1,-1,-1
108,89,3121.73291015625,594.7096557617188,21.006103515625,48.22564697265625,0.46671414375305176,-1,-1,-1
108,175,3936.829833984375,543.0798950195312,18.2138671875,34.5172119140625,0.326988160610199,-1,-1,-1
109,1,4941.22705078125,873.8726196289062,89.0283203125,124.37115478515625,0.635692834854126,-1,-1,-1
109,2,4629.0234375,789.3613891601562,55.326171875,98.8658447265625,0.7430210709571838,-1,-1,-1
109,11,4579.66796875,801.034912109375,61.72509765625,92.02703857421875,0.7375872731208801,-1,-1,-1
109,94,3881.28955078125,696.36328125,36.521240234375,74.0997314453125,0.549920916557312,-1,-1,-1
109,3,4226.98681640625,685.846435546875,27.490234375,53.642578125,0.644411027431488,-1,-1,-1
109,133,3446.263671875,607.9299926757812,21.755615234375,47.778076171875,0.5980875492095947,-1,-1,-1
109,89,3122.47900390625,594.8186645507812,21.6005859375,49.28851318359375,0.5714724659919739,-1,-1,-1
109,175,3938.791259765625,544.1329345703125,19.008544921875,34.29815673828125,0.27569830417633057,-1,-1,-1
109,178,3633.732421875,591.328369140625,25.428466796875,48.8709716796875,0.44958651065826416,-1,-1,-1
109,18,3027.224853515625,591.571044921875,24.52294921875,48.32147216796875,0.39182719588279724,-1,-1,-1
110,1,4947.998046875,873.6795654296875,87.3212890625,124.8619384765625,0.6149563193321228,-1,-1,-1
110,2,4631.55419921875,789.3280639648438,56.27880859375,100.0152587890625,0.7140020132064819,-1,-1,-1
110,11,4582.583984375,801.5882568359375,55.80322265625,87.998046875,0.745540201663971,-1,-1,-1
110,94,3893.057373046875,699.137451171875,34.6552734375,73.799072265625,0.6563938856124878,-1,-1,-1
110,3,4230.97021484375,687.536865234375,29.177734375,56.06634521484375,0.6853527426719666,-1,-1,-1
110,133,3448.883056640625,608.91455078125,23.218017578125,48.42724609375,0.5877482295036316,-1,-1,-1
110,89,3124.701416015625,594.0573120117188,22.37255859375,49.48828125,0.39577874541282654,-1,-1,-1
110,178,3637.302978515625,591.8677978515625,26.8779296875,45.53314208984375,0.36268511414527893,-1,-1,-1
110,18,3029.467529296875,591.016845703125,24.880126953125,51.03558349609375,0.5337743759155273,-1,-1,-1
111,1,4951.41357421875,874.4337768554688,96.73876953125,124.54937744140625,0.7142489552497864,-1,-1,-1
111,2,4634.15576171875,788.9093017578125,56.14306640625,101.037353515625,0.676231861114502,-1,-1,-1
111,11,4578.7646484375,802.1322021484375,68.859375,91.19482421875,0.7867065668106079,-1,-1,-1
111,94,3900.950439453125,702.3449096679688,37.523193359375,70.7664794921875,0.5245369076728821,-1,-1,-1
111,3,4234.638671875,688.5030517578125,33.65625,63.22747802734375,0.6308635473251343,-1,-1,-1
111,133,3450.81787109375,609.6536254882812,24.890380859375,50.65179443359375,0.3622738718986511,-1,-1,-1
111,89,3126.0810546875,593.8677978515625,23.190185546875,51.34442138671875,0.4844326972961426,-1,-1,-1
111,18,3032.210693359375,592.0181884765625,25.4541015625,49.9287109375,0.502590537071228,-1,-1,-1
112,1,4951.5322265625,874.1574096679688,112.2548828125,124.7703857421875,0.6189984679222107,-1,-1,-1
112,2,4639.869140625,790.7576293945312,51.27197265625,97.12298583984375,0.7103685140609741,-1,-1,-1
112,11,4574.53369140625,804.0387573242188,75.98046875,91.3203125,0.7775217890739441,-1,-1,-1
112,94,3904.18310546875,702.0911865234375,43.2099609375,72.38397216796875,0.6634058952331543,-1,-1,-1
112,3,4237.8076171875,688.8115234375,34.66162109375,67.1376953125,0.6755916476249695,-1,-1,-1
112,89,3127.042236328125,595.1373291015625,23.657958984375,51.5098876953125,0.40667349100112915,-1,-1,-1
112,18,3034.974365234375,593.2023315429688,25.106201171875,49.7193603515625,0.5426638722419739,-1,-1,-1
113,1,4974.8154296875,876.1739501953125,89.11669921875,123.3150634765625,0.6083992719650269,-1,-1,-1
113,2,4644.08203125,789.7329711914062,47.125,96.7081298828125,0.7579070925712585,-1,-1,-1
113,11,4575.25830078125,805.197021484375,75.39453125,90.57421875,0.7612022161483765,-1,-1,-1
113,94,3905.236083984375,703.6793212890625,52.50244140625,72.98388671875,0.7224733829498291,-1,-1,-1
113,3,4240.814453125,691.438720703125,34.36279296875,65.10986328125,0.6422134637832642,-1,-1,-1
113,18,3037.823486328125,595.6234741210938,23.936279296875,47.5467529296875,0.6257643699645996,-1,-1,-1
113,191,3824.69189453125,514.0851440429688,19.07666015625,38.20330810546875,0.3622088134288788,-1,-1,-1
113,133,3457.984375,612.0629272460938,24.294921875,48.429443359375,0.3086053133010864,-1,-1,-1
114,1,4988.7958984375,876.8190307617188,69.20849609375,121.71600341796875,0.5651940107345581,-1,-1,-1
114,2,4645.90625,788.3048706054688,45.693359375,97.25103759765625,0.7716635465621948,-1,-1,-1
114,11,4569.884765625,803.7640991210938,81.2763671875,92.40283203125,0.7644943594932556,-1,-1,-1
114,94,3912.589111328125,704.8434448242188,57.669189453125,72.7677001953125,0.6056684255599976,-1,-1,-1
114,3,4243.04638671875,694.8867797851562,35.279296875,61.119384765625,0.6041859984397888,-1,-1,-1
114,18,3040.591064453125,596.052734375,23.78759765625,51.23297119140625,0.6196482181549072,-1,-1,-1
114,191,3826.108642578125,515.1608276367188,20.2060546875,38.9345703125,0.3353945314884186,-1,-1,-1
114,133,3462.09521484375,614.5885009765625,21.78466796875,43.3880615234375,0.3384484648704529,-1,-1,-1
114,89,3131.009033203125,596.7987060546875,25.265869140625,49.37060546875,0.34171023964881897,-1,-1,-1
115,1,4997.13330078125,878.903076171875,70.8720703125,119.6873779296875,0.6013830304145813,-1,-1,-1
115,2,4648.0302734375,788.2076416015625,45.01171875,98.2894287109375,0.8080368041992188,-1,-1,-1
115,11,4567.35107421875,802.2838745117188,85.1513671875,94.2445068359375,0.7160125970840454,-1,-1,-1
115,94,3931.934814453125,705.11376953125,47.5244140625,72.73187255859375,0.5703449845314026,-1,-1,-1
115,3,4244.3203125,696.2623901367188,35.5107421875,60.70751953125,0.6057029366493225,-1,-1,-1
115,18,3043.353759765625,596.337158203125,24.2041015625,55.12115478515625,0.5964154601097107,-1,-1,-1
115,191,3829.395751953125,515.8178100585938,19.47998046875,38.3353271484375,0.272805392742157,-1,-1,-1
115,133,3464.980712890625,614.968505859375,20.67041015625,45.71490478515625,0.44411054253578186,-1,-1,-1
115,89,3132.333984375,597.8721923828125,25.1220703125,47.42291259765625,0.30004289746284485,-1,-1,-1
116,1,5003.28955078125,880.50048828125,70.13818359375,117.89227294921875,0.6360673904418945,-1,-1,-1
116,2,4649.54443359375,787.992919921875,45.11376953125,97.7034912109375,0.8082807064056396,-1,-1,-1
116,11,4567.48681640625,800.6124877929688,83.228515625,94.584228515625,0.6421326398849487,-1,-1,-1
116,94,3945.884033203125,706.5425415039062,38.683349609375,72.43194580078125,0.6694874167442322,-1,-1,-1
116,3,4244.79345703125,696.4144287109375,35.84326171875,59.89923095703125,0.5972495079040527,-1,-1,-1
116,18,3045.720703125,595.1079711914062,23.90234375,59.19049072265625,0.45207974314689636,-1,-1,-1
116,133,3468.060791015625,614.2764892578125,22.810546875,49.55889892578125,0.5006469488143921,-1,-1,-1
116,89,3134.83251953125,598.0458984375,23.936767578125,47.0574951171875,0.34944817423820496,-1,-1,-1
116,198,3663.26904296875,594.81982421875,17.884765625,46.3861083984375,0.4490063488483429,-1,-1,-1
117,1,5005.10302734375,876.4419555664062,67.73974609375,122.220458984375,0.7100749015808105,-1,-1,-1
117,2,4650.60302734375,788.1341552734375,45.923828125,98.857177734375,0.8025599122047424,-1,-1,-1
117,11,4567.25634765625,798.425537109375,78.71240234375,96.08172607421875,0.6559991836547852,-1,-1,-1
117,94,3958.52587890625,706.4727783203125,32.998291015625,74.95989990234375,0.6423417925834656,-1,-1,-1
117,3,4246.068359375,696.0015869140625,36.29443359375,66.8919677734375,0.7140995860099792,-1,-1,-1
117,18,3048.211669921875,595.3760375976562,24.005859375,60.4820556640625,0.49943339824676514,-1,-1,-1
117,133,3470.71728515625,614.3334350585938,22.49560546875,50.22113037109375,0.4745043218135834,-1,-1,-1
117,89,3136.469970703125,598.0870361328125,23.75048828125,46.73443603515625,0.303584486246109,-1,-1,-1
117,198,3665.780517578125,595.9848022460938,18.849365234375,45.9349365234375,0.32334306836128235,-1,-1,-1
118,1,4990.416015625,874.0612182617188,83.9453125,123.96240234375,0.6044772863388062,-1,-1,-1
118,2,4651.77197265625,789.47314453125,46.75537109375,98.7584228515625,0.7943407297134399,-1,-1,-1
118,11,4566.23583984375,796.2281494140625,76.740234375,99.12646484375,0.7367916703224182,-1,-1,-1
118,94,3968.2080078125,705.9639892578125,32.254150390625,76.32354736328125,0.6613030433654785,-1,-1,-1
118,3,4248.64404296875,696.2237548828125,37.02587890625,69.846923828125,0.6894091367721558,-1,-1,-1
118,18,3050.705810546875,595.1885986328125,24.114990234375,60.9010009765625,0.5152052044868469,-1,-1,-1
118,133,3474.757568359375,613.0242309570312,20.48486328125,53.29443359375,0.523152232170105,-1,-1,-1
118,89,3138.91943359375,596.8841552734375,24.61083984375,54.2974853515625,0.4224872589111328,-1,-1,-1
119,1,5004.44921875,873.4992065429688,71.01171875,123.944580078125,0.5904857516288757,-1,-1,-1
119,2,4654.1806640625,789.8113403320312,45.9658203125,99.056396484375,0.7930195331573486,-1,-1,-1
119,11,4564.60400390625,795.7459716796875,75.62841796875,100.32830810546875,0.7690116167068481,-1,-1,-1
119,94,3973.6826171875,705.7928466796875,36.576904296875,76.2049560546875,0.7340500354766846,-1,-1,-1
119,3,4252.43798828125,696.1350708007812,36.18701171875,72.5904541015625,0.7048951983451843,-1,-1,-1
119,18,3052.54638671875,594.9584350585938,24.726318359375,59.1988525390625,0.40598633885383606,-1,-1,-1
119,133,3477.833251953125,612.8131713867188,22.390380859375,53.3734130859375,0.5661194920539856,-1,-1,-1
119,89,3140.801025390625,596.4259033203125,24.53955078125,56.924072265625,0.4915306866168976,-1,-1,-1
119,204,3961.048095703125,541.9135131835938,20.13037109375,41.29083251953125,0.40874284505844116,-1,-1,-1
120,1,5013.26025390625,873.5737915039062,66.1083984375,123.57080078125,0.6123390793800354,-1,-1,-1
120,2,4656.0458984375,791.2222290039062,47.15869140625,98.400146484375,0.7853008508682251,-1,-1,-1
120,11,4568.7080078125,795.1915283203125,64.28564453125,101.52655029296875,0.7666555047035217,-1,-1,-1
120,94,3974.6875,705.109619140625,47.95068359375,76.90032958984375,0.6803954839706421,-1,-1,-1
120,3,4257.10595703125,697.2817993164062,33.65576171875,72.98870849609375,0.6585156321525574,-1,-1,-1
120,18,3055.4345703125,596.2734375,24.483154296875,58.22747802734375,0.5887033939361572,-1,-1,-1
120,133,3479.3828125,615.3382568359375,22.788818359375,52.66796875,0.5482383370399475,-1,-1,-1
120,89,3141.910400390625,596.4330444335938,25.607177734375,57.957275390625,0.5816699862480164,-1,-1,-1
120,204,3963.698974609375,542.2838134765625,17.506591796875,40.504150390625,0.46073612570762634,-1,-1,-1
121,1,5018.05078125,873.0140380859375,63.50146484375,123.29547119140625,0.6544876098632812,-1,-1,-1
121,2,4656.77001953125,794.4017333984375,48.4130859375,94.674072265625,0.780535101890564,-1,-1,-1
121,11,4566.77001953125,795.4857788085938,57.30322265625,100.51483154296875,0.7481703162193298,-1,-1,-1
121,94,3982.006103515625,706.7635498046875,50.392578125,74.061279296875,0.6278164386749268,-1,-1,-1
121,3,4258.59130859375,698.3914794921875,35.6181640625,76.12939453125,0.6915229558944702,-1,-1,-1
121,18,3058.8515625,596.298583984375,23.797607421875,56.43707275390625,0.6421694159507751,-1,-1,-1
121,133,3482.7373046875,617.291259765625,21.118408203125,51.11102294921875,0.5192390084266663,-1,-1,-1
121,89,3143.953369140625,598.6431274414062,24.351806640625,55.28558349609375,0.5271787643432617,-1,-1,-1
121,204,3965.28955078125,540.6575927734375,18.21484375,41.59051513671875,0.40609583258628845,-1,-1,-1
122,1,5018.69189453125,875.0977172851562,64.71826171875,121.41510009765625,0.6473907232284546,-1,-1,-1
122,2,4658.35693359375,796.77392578125,48.36767578125,92.31781005859375,0.7708631157875061,-1,-1,-1
122,11,4567.271484375,795.3853759765625,50.50439453125,100.0946044921875,0.7325332164764404,-1,-1,-1
122,94,3992.711669921875,705.33642578125,48.447509765625,67.61920166015625,0.5828731060028076,-1,-1,-1
122,3,4260.93701171875,701.6417846679688,37.0517578125,77.44891357421875,0.6637089848518372,-1,-1,-1
122,18,3062.395751953125,595.9389038085938,23.463623046875,55.41796875,0.6119428277015686,-1,-1,-1
122,133,3488.32470703125,621.1054077148438,18.401123046875,48.791259765625,0.44586658477783203,-1,-1,-1
122,89,3145.099609375,599.0885620117188,24.372802734375,55.0084228515625,0.5497263073921204,-1,-1,-1
123,1,5022.7763671875,877.3831176757812,63.70458984375,119.5736083984375,0.7086486220359802,-1,-1,-1
123,2,4660.44384765625,798.571533203125,47.50732421875,90.39300537109375,0.7394373416900635,-1,-1,-1
123,11,4562.3369140625,795.4649658203125,52.1015625,99.35205078125,0.7503405809402466,-1,-1,-1
123,94,4008.53662109375,704.3493041992188,40.685302734375,74.40869140625,0.5898120403289795,-1,-1,-1
123,3,4264.5712890625,703.2747192382812,36.82470703125,80.1396484375,0.7485141158103943,-1,-1,-1
123,18,3065.116943359375,597.2625732421875,23.341796875,56.15130615234375,0.5688391923904419,-1,-1,-1
123,133,3490.251953125,622.1353149414062,19.05419921875,45.42864990234375,0.43883249163627625,-1,-1,-1
123,89,3146.870361328125,600.734375,23.33154296875,54.71490478515625,0.4807676076889038,-1,-1,-1
124,1,5025.21826171875,879.520263671875,64.12353515625,117.95770263671875,0.7374832630157471,-1,-1,-1
124,2,4662.96142578125,798.7275390625,47.93505859375,89.9114990234375,0.7796164155006409,-1,-1,-1
124,11,4557.40380859375,795.29931640625,55.6494140625,99.4542236328125,0.7753019332885742,-1,-1,-1
124,94,4023.489013671875,705.1917114257812,31.99365234375,76.13763427734375,0.5912714600563049,-1,-1,-1
124,3,4267.3212890625,705.55712890625,37.30908203125,77.6805419921875,0.7834320664405823,-1,-1,-1
124,18,3069.156494140625,597.2899169921875,22.35595703125,57.526611328125,0.6228416562080383,-1,-1,-1
124,133,3492.236572265625,622.8936767578125,19.08642578125,44.06463623046875,0.5663831233978271,-1,-1,-1
124,89,3150.090576171875,601.3963012695312,21.748779296875,54.1826171875,0.4811515510082245,-1,-1,-1
125,1,5028.31298828125,879.3836669921875,62.39453125,117.75408935546875,0.5925403237342834,-1,-1,-1
125,2,4665.37548828125,798.2728271484375,46.86474609375,89.7764892578125,0.7323450446128845,-1,-1,-1
125,11,4555.21728515625,793.9166870117188,56.6044921875,100.91259765625,0.7445498704910278,-1,-1,-1
125,94,4035.188232421875,703.98974609375,27.396728515625,78.443603515625,0.6926935911178589,-1,-1,-1
125,3,4270.8876953125,707.1132202148438,34.50341796875,76.6883544921875,0.7196095585823059,-1,-1,-1
125,18,3071.78173828125,598.7224731445312,23.618896484375,58.4208984375,0.5444022417068481,-1,-1,-1
125,133,3494.90234375,622.6163330078125,18.588623046875,43.93780517578125,0.5091325640678406,-1,-1,-1
125,89,3152.756591796875,601.8749389648438,21.11865234375,53.0333251953125,0.4901317059993744,-1,-1,-1
125,191,3849.79443359375,514.5995483398438,16.42626953125,40.7513427734375,0.37848183512687683,-1,-1,-1
126,1,5002.2060546875,879.4338989257812,91.27978515625,117.5013427734375,0.5810486674308777,-1,-1,-1
126,2,4668.4736328125,797.3060302734375,44.86572265625,89.63873291015625,0.7064064741134644,-1,-1,-1
126,11,4552.353515625,791.3201904296875,56.65234375,101.94146728515625,0.6885926723480225,-1,-1,-1
126,94,4043.32421875,704.9429321289062,30.86865234375,76.57965087890625,0.6864541172981262,-1,-1,-1
126,3,4274.48193359375,708.5587158203125,33.1748046875,78.18408203125,0.7754441499710083,-1,-1,-1
126,18,3073.377197265625,602.4627685546875,24.69482421875,54.80963134765625,0.3327610492706299,-1,-1,-1
126,133,3497.58642578125,622.8740844726562,20.503662109375,45.2725830078125,0.5198235511779785,-1,-1,-1
126,89,3154.60400390625,604.4766845703125,21.09375,50.91632080078125,0.479818195104599,-1,-1,-1
126,191,3851.17138671875,513.052490234375,17.74462890625,40.60198974609375,0.3209371566772461,-1,-1,-1
127,1,4996.47216796875,878.8703002929688,99.55859375,118.433837890625,0.5856106877326965,-1,-1,-1
127,2,4670.7822265625,794.0455932617188,46.408203125,91.85394287109375,0.7211340069770813,-1,-1,-1
127,11,4549.1767578125,788.6591796875,55.44775390625,101.02142333984375,0.6199818849563599,-1,-1,-1
127,94,4049.309814453125,705.99169921875,36.22705078125,75.75506591796875,0.6668440103530884,-1,-1,-1
127,3,4276.88916015625,710.5029296875,31.8408203125,78.5322265625,0.7881553173065186,-1,-1,-1
127,18,3076.274658203125,603.861083984375,25.609375,53.18231201171875,0.3529123067855835,-1,-1,-1
127,133,3500.96728515625,621.7535400390625,20.310546875,47.659912109375,0.43840229511260986,-1,-1,-1
127,89,3156.562744140625,605.5612182617188,21.529541015625,50.25250244140625,0.5140677690505981,-1,-1,-1
127,191,3853.971923828125,514.5601806640625,17.403564453125,38.7501220703125,0.2789495885372162,-1,-1,-1
127,219,4334.3837890625,550.9775390625,19.4873046875,38.77813720703125,0.3675626516342163,-1,-1,-1
127,221,3976.62060546875,542.5345458984375,20.97900390625,43.76727294921875,0.3556387424468994,-1,-1,-1
128,1,4998.06103515625,878.705078125,100.333984375,118.4560546875,0.7129805088043213,-1,-1,-1
128,2,4674.384765625,791.3477783203125,46.22900390625,93.41302490234375,0.7545626163482666,-1,-1,-1
128,11,4545.65966796875,786.0618896484375,55.08837890625,101.56549072265625,0.6548457741737366,-1,-1,-1
128,94,4055.107177734375,705.7738037109375,41.209716796875,76.666748046875,0.7048705220222473,-1,-1,-1
128,3,4278.369140625,711.148681640625,31.44873046875,78.96160888671875,0.7301602363586426,-1,-1,-1
128,18,3078.807861328125,604.2471313476562,24.88427734375,51.75714111328125,0.3964861333370209,-1,-1,-1
128,133,3503.377685546875,620.3707885742188,20.8603515625,47.83642578125,0.3829582631587982,-1,-1,-1
128,89,3158.56494140625,605.2130737304688,21.74462890625,51.71710205078125,0.5068991184234619,-1,-1,-1
128,191,3856.064453125,514.5233764648438,16.8935546875,41.25030517578125,0.26773375272750854,-1,-1,-1
128,219,4336.59326171875,551.1946411132812,19.4287109375,39.1968994140625,0.35357266664505005,-1,-1,-1
128,221,3978.35986328125,543.5440063476562,21.010498046875,41.918701171875,0.3630906939506531,-1,-1,-1
129,1,5027.0537109375,879.4367065429688,74.12890625,118.88226318359375,0.6152812242507935,-1,-1,-1
129,2,4676.669921875,788.4893798828125,45.61572265625,94.71405029296875,0.7670458555221558,-1,-1,-1
129,11,4541.89111328125,784.3135986328125,53.31689453125,100.98956298828125,0.7267045378684998,-1,-1,-1
129,94,4063.69287109375,709.4659423828125,43.74072265625,74.168701171875,0.6525517106056213,-1,-1,-1
129,3,4279.4560546875,713.3992309570312,32.2197265625,79.749755859375,0.7082697749137878,-1,-1,-1
129,18,3083.475341796875,603.3374633789062,21.48779296875,52.07574462890625,0.5788128972053528,-1,-1,-1
129,133,3505.535888671875,619.1188354492188,22.54736328125,49.98309326171875,0.3733394145965576,-1,-1,-1
129,89,3160.17138671875,604.77490234375,22.405517578125,53.0933837890625,0.4423663020133972,-1,-1,-1
129,191,3857.615234375,516.2776489257812,17.368896484375,40.38946533203125,0.3417264521121979,-1,-1,-1
129,219,4338.748046875,550.1182250976562,19.5654296875,39.5242919921875,0.3412816524505615,-1,-1,-1
129,221,3982.48779296875,543.9609375,20.09716796875,42.23468017578125,0.4278031885623932,-1,-1,-1
130,1,5019.8388671875,878.8041381835938,83.36865234375,120.324462890625,0.636559784412384,-1,-1,-1
130,2,4679.32275390625,786.8482666015625,46.17236328125,94.55010986328125,0.7491293549537659,-1,-1,-1
130,11,4539.13818359375,782.9797973632812,50.16650390625,97.709228515625,0.7433278560638428,-1,-1,-1
130,94,4074.554931640625,710.6763916015625,46.432861328125,72.80572509765625,0.6241744756698608,-1,-1,-1
130,3,4281.24365234375,715.9736938476562,32.81494140625,83.880859375,0.6836130619049072,-1,-1,-1
130,18,3086.241943359375,604.2394409179688,21.31005859375,52.010986328125,0.5427311062812805,-1,-1,-1
130,133,3509.31982421875,621.3135986328125,25.8544921875,49.15826416015625,0.35503512620925903,-1,-1,-1
130,89,3161.35693359375,603.3936767578125,24.5673828125,56.16168212890625,0.42524924874305725,-1,-1,-1
130,219,4341.59423828125,550.3053588867188,17.76904296875,37.15789794921875,0.32467979192733765,-1,-1,-1
130,221,3984.72412109375,544.798583984375,21.209228515625,41.36865234375,0.4158158004283905,-1,-1,-1
130,225,3710.090087890625,592.369873046875,26.703369140625,52.24029541015625,0.47083187103271484,-1,-1,-1
130,226,4205.63623046875,597.8511962890625,22.19580078125,44.20782470703125,0.45404577255249023,-1,-1,-1
131,1,5032.3642578125,878.8871459960938,71.833984375,119.82861328125,0.6724526882171631,-1,-1,-1
131,2,4681.6171875,786.16357421875,48.82861328125,92.93212890625,0.7130338549613953,-1,-1,-1
131,11,4537.6572265625,782.5604248046875,47.43115234375,95.47186279296875,0.7529941201210022,-1,-1,-1
131,94,4086.821044921875,711.2199096679688,38.080322265625,71.03424072265625,0.7028484344482422,-1,-1,-1
131,3,4281.69482421875,718.3057250976562,35.95751953125,85.70196533203125,0.6666992902755737,-1,-1,-1
131,18,3089.55126953125,603.8359985351562,22.712158203125,51.6903076171875,0.5430343747138977,-1,-1,-1
131,133,3512.077880859375,623.691162109375,25.918701171875,49.537109375,0.3930759131908417,-1,-1,-1
131,89,3162.353515625,603.4825439453125,25.623291015625,55.65802001953125,0.41712528467178345,-1,-1,-1
131,219,4342.99755859375,550.6035766601562,17.9970703125,39.3472900390625,0.3872680962085724,-1,-1,-1
131,221,3988.330810546875,543.8262939453125,18.97705078125,42.49334716796875,0.5038982033729553,-1,-1,-1
131,225,3713.267333984375,593.0416259765625,24.66259765625,50.148193359375,0.47421181201934814,-1,-1,-1
131,226,4208.00634765625,597.2573852539062,22.90380859375,46.28399658203125,0.40418678522109985,-1,-1,-1
131,191,3861.012451171875,515.0485229492188,19.39306640625,37.85406494140625,0.29031017422676086,-1,-1,-1
132,1,5039.30615234375,878.4957275390625,65.1298828125,120.3184814453125,0.6122183799743652,-1,-1,-1
132,2,4683.83154296875,785.8907470703125,49.7626953125,93.2982177734375,0.7360788583755493,-1,-1,-1
132,11,4536.2216796875,783.8877563476562,45.79833984375,93.0389404296875,0.7610152363777161,-1,-1,-1
132,94,4099.474609375,713.5963745117188,30.779296875,72.1119384765625,0.5390433073043823,-1,-1,-1
132,3,4283.08984375,720.9498291015625,37.47802734375,85.42706298828125,0.6578055024147034,-1,-1,-1
132,18,3092.282958984375,602.8854370117188,23.3212890625,53.30072021484375,0.6374146938323975,-1,-1,-1
132,133,3514.282958984375,625.2101440429688,25.340576171875,50.29730224609375,0.5255786776542664,-1,-1,-1
132,89,3165.247314453125,602.550048828125,24.83251953125,55.086181640625,0.43013155460357666,-1,-1,-1
132,219,4344.14599609375,550.512451171875,19.560546875,38.8209228515625,0.3054297864437103,-1,-1,-1
132,221,3991.674072265625,544.2623901367188,16.755859375,40.18121337890625,0.3875751197338104,-1,-1,-1
132,225,3720.591064453125,595.212890625,22.848876953125,49.1295166015625,0.4095971882343292,-1,-1,-1
132,191,3861.6962890625,515.1128540039062,19.60009765625,36.68048095703125,0.29997920989990234,-1,-1,-1
133,1,5039.1748046875,879.535400390625,65.0966796875,119.0101318359375,0.601568341255188,-1,-1,-1
133,2,4684.66748046875,785.1265869140625,51.6806640625,93.4901123046875,0.743962287902832,-1,-1,-1
133,11,4532.93310546875,783.6755981445312,45.45849609375,92.816650390625,0.7004087567329407,-1,-1,-1
133,94,4110.63330078125,718.240478515625,28.49658203125,68.94573974609375,0.46480241417884827,-1,-1,-1
133,3,4282.5947265625,723.5061645507812,41.25,84.465576171875,0.6551785469055176,-1,-1,-1
133,18,3094.98779296875,603.0601806640625,23.36181640625,53.25830078125,0.6452122926712036,-1,-1,-1
133,133,3517.89892578125,625.9638671875,23.0498046875,52.32061767578125,0.5556979179382324,-1,-1,-1
133,89,3168.50439453125,603.3859252929688,23.155517578125,55.9285888671875,0.46358856558799744,-1,-1,-1
133,221,3993.238037109375,543.8828735351562,17.870361328125,40.93359375,0.36973413825035095,-1,-1,-1
133,225,3722.76806640625,595.3388061523438,24.38427734375,51.00140380859375,0.2799900472164154,-1,-1,-1
133,191,3863.47607421875,514.8467407226562,19.73583984375,38.00042724609375,0.3695966899394989,-1,-1,-1
134,1,5040.01513671875,878.9471435546875,63.46044921875,119.30389404296875,0.614706814289093,-1,-1,-1
134,2,4686.36279296875,785.349609375,53.5263671875,93.6219482421875,0.786119282245636,-1,-1,-1
134,11,4530.4072265625,785.0804443359375,46.025390625,92.197021484375,0.7389140129089355,-1,-1,-1
134,94,4117.41162109375,719.8907470703125,34.4931640625,68.38555908203125,0.6350327134132385,-1,-1,-1
134,3,4283.4755859375,723.8897705078125,45.95947265625,83.76025390625,0.62775719165802,-1,-1,-1
134,18,3097.03857421875,604.0637817382812,24.24609375,51.2381591796875,0.6160988807678223,-1,-1,-1
134,133,3520.670166015625,627.6138916015625,22.257080078125,53.2950439453125,0.508669912815094,-1,-1,-1
134,89,3170.858154296875,603.2523193359375,23.639892578125,58.92529296875,0.5962508320808411,-1,-1,-1
134,221,3994.0810546875,542.5781860351562,19.68896484375,43.2637939453125,0.26199623942375183,-1,-1,-1
134,225,3728.507568359375,598.8173828125,23.464111328125,46.45648193359375,0.286897212266922,-1,-1,-1
134,191,3864.51220703125,514.320068359375,20.461669921875,39.13494873046875,0.2959566116333008,-1,-1,-1
135,1,5040.45947265625,876.572998046875,62.9765625,121.65277099609375,0.6118097305297852,-1,-1,-1
135,2,4687.2314453125,785.92236328125,55.087890625,93.32977294921875,0.8011791706085205,-1,-1,-1
135,11,4527.162109375,785.206298828125,48.17041015625,92.339111328125,0.7562717795372009,-1,-1,-1
135,94,4124.419921875,720.9839477539062,39.7294921875,67.4136962890625,0.6015757322311401,-1,-1,-1
135,3,4284.29150390625,724.36474609375,41.83935546875,82.9854736328125,0.6269012093544006,-1,-1,-1
135,18,3101.138916015625,605.9426879882812,23.95166015625,54.35479736328125,0.5419406890869141,-1,-1,-1
135,133,3522.85888671875,629.2650146484375,22.8837890625,49.13330078125,0.4437776505947113,-1,-1,-1
135,89,3172.572265625,604.1455688476562,24.2939453125,59.36395263671875,0.6219998002052307,-1,-1,-1
135,225,3732.60302734375,599.55322265625,21.35888671875,44.813232421875,0.2641194462776184,-1,-1,-1
136,1,5045.30712890625,874.936767578125,57.005859375,122.48651123046875,0.60645991563797,-1,-1,-1
136,2,4689.29736328125,787.4036254882812,55.1875,92.54296875,0.7408650517463684,-1,-1,-1
136,11,4525.61572265625,784.1727905273438,46.97607421875,93.6436767578125,0.7198494076728821,-1,-1,-1
136,94,4130.970703125,722.010009765625,43.19970703125,68.7999267578125,0.6897909641265869,-1,-1,-1
136,3,4285.35302734375,723.9569702148438,39.5341796875,83.2882080078125,0.6547154188156128,-1,-1,-1
136,18,3104.607421875,608.3968505859375,23.07763671875,54.77679443359375,0.4933488667011261,-1,-1,-1
136,133,3525.379638671875,628.7974243164062,21.952392578125,47.23065185546875,0.3852298855781555,-1,-1,-1
136,89,3175.801513671875,606.3078002929688,23.86474609375,57.4354248046875,0.5712053775787354,-1,-1,-1
136,225,3736.16357421875,599.1659545898438,21.7919921875,44.33380126953125,0.3371236324310303,-1,-1,-1
137,1,5046.33935546875,872.7909545898438,56.24365234375,123.78619384765625,0.6062160730361938,-1,-1,-1
137,2,4691.689453125,788.1803588867188,57.416015625,91.8275146484375,0.6992726922035217,-1,-1,-1
137,11,4524.42138671875,783.4326782226562,46.09033203125,93.777587890625,0.7502101063728333,-1,-1,-1
137,94,4140.724609375,724.5225219726562,39.50390625,66.243896484375,0.7224206328392029,-1,-1,-1
137,3,4287.337890625,724.4620971679688,36.787109375,82.353515625,0.6395758986473083,-1,-1,-1
137,18,3107.345947265625,610.3928833007812,23.573974609375,54.2882080078125,0.45731446146965027,-1,-1,-1
137,133,3527.78759765625,627.1962890625,21.496826171875,49.0546875,0.42349663376808167,-1,-1,-1
137,89,3178.50634765625,607.5087280273438,23.73193359375,56.78900146484375,0.5593933463096619,-1,-1,-1
137,225,3739.649658203125,598.828369140625,22.2685546875,45.40655517578125,0.41607728600502014,-1,-1,-1
137,191,3871.221923828125,514.1357421875,19.134521484375,40.57122802734375,0.2920439839363098,-1,-1,-1
138,1,5039.103515625,871.5844116210938,64.26123046875,124.7535400390625,0.6411565542221069,-1,-1,-1
138,2,4695.9716796875,786.5311279296875,54.85107421875,92.2001953125,0.641593337059021,-1,-1,-1
138,11,4522.84765625,780.8434448242188,46.31640625,95.05950927734375,0.731497049331665,-1,-1,-1
138,94,4152.1474609375,724.5140380859375,32.48388671875,68.431640625,0.6481735706329346,-1,-1,-1
138,3,4288.6884765625,724.5936889648438,36.30712890625,83.42095947265625,0.6553540825843811,-1,-1,-1
138,18,3111.14599609375,610.1296997070312,22.0966796875,53.31072998046875,0.4506898820400238,-1,-1,-1
138,133,3530.9248046875,626.459228515625,24.1923828125,50.144287109375,0.3979432284832001,-1,-1,-1
138,89,3180.318115234375,607.5831298828125,24.711181640625,58.610595703125,0.26144710183143616,-1,-1,-1
138,225,3741.2783203125,598.9330444335938,23.54833984375,44.95855712890625,0.4163043797016144,-1,-1,-1
138,191,3873.909912109375,516.6565551757812,18.245849609375,38.4246826171875,0.3155166804790497,-1,-1,-1
139,1,5039.5888671875,870.3765258789062,65.03369140625,124.98089599609375,0.6553173065185547,-1,-1,-1
139,2,4700.5009765625,785.807373046875,52.49560546875,90.871337890625,0.6762524843215942,-1,-1,-1
139,11,4518.04833984375,778.1509399414062,50.79833984375,97.5753173828125,0.6828851103782654,-1,-1,-1
139,94,4159.2509765625,724.2186889648438,32.5205078125,70.67999267578125,0.7275071144104004,-1,-1,-1
139,3,4287.52294921875,725.0386352539062,37.0810546875,83.41119384765625,0.6811723709106445,-1,-1,-1
139,18,3114.0947265625,609.642333984375,21.888916015625,54.51214599609375,0.5443058609962463,-1,-1,-1
139,225,3743.187744140625,597.9563598632812,25.681396484375,45.769775390625,0.47245633602142334,-1,-1,-1
139,191,3875.7099609375,515.5761108398438,17.14892578125,39.3245849609375,0.2975960075855255,-1,-1,-1
139,221,4002.65771484375,544.71923828125,21.7978515625,41.7734375,0.3759872615337372,-1,-1,-1
140,1,5041.5361328125,869.7644653320312,64.8466796875,123.969970703125,0.6596137285232544,-1,-1,-1
140,2,4704.55126953125,784.3886108398438,56.09423828125,90.99603271484375,0.6780592799186707,-1,-1,-1
140,11,4513.6181640625,775.1212158203125,55.044921875,97.92578125,0.6899811625480652,-1,-1,-1
140,94,4167.248046875,724.9064331054688,31.3359375,70.7384033203125,0.6159588098526001,-1,-1,-1
140,3,4288.005859375,727.1860961914062,37.193359375,81.949462890625,0.6917968392372131,-1,-1,-1
140,18,3115.973388671875,608.6825561523438,21.875732421875,54.6546630859375,0.5039499998092651,-1,-1,-1
140,225,3748.135009765625,596.65966796875,27.693359375,48.42218017578125,0.2968325912952423,-1,-1,-1
140,191,3876.875244140625,517.7685546875,17.947998046875,38.4757080078125,0.2931016683578491,-1,-1,-1
140,221,4005.21142578125,543.376220703125,20.6640625,43.870849609375,0.3937399685382843,-1,-1,-1
140,133,3537.49609375,630.811767578125,25.157470703125,49.8125,0.28733134269714355,-1,-1,-1
140,89,3184.031982421875,607.2714233398438,27.083984375,61.13330078125,0.35605567693710327,-1,-1,-1
141,1,5042.685546875,868.1920166015625,65.5546875,124.84326171875,0.6331954598426819,-1,-1,-1
141,2,4709.68505859375,783.9429321289062,54.36376953125,91.120849609375,0.6461738348007202,-1,-1,-1
141,11,4511.396484375,773.7593994140625,55.67333984375,93.92828369140625,0.6892005205154419,-1,-1,-1
141,94,4174.24169921875,725.2244262695312,33.2529296875,70.93115234375,0.6577195525169373,-1,-1,-1
141,3,4287.34521484375,728.7000122070312,38.97314453125,80.33203125,0.710084080696106,-1,-1,-1
141,18,3118.5478515625,607.5016479492188,22.014892578125,57.60418701171875,0.5734754800796509,-1,-1,-1
141,225,3752.990966796875,597.0935668945312,27.892333984375,50.3896484375,0.42501431703567505,-1,-1,-1
141,191,3877.965087890625,515.996337890625,18.607177734375,39.82098388671875,0.39292722940444946,-1,-1,-1
141,221,4007.138671875,544.0115966796875,20.912353515625,43.0601806640625,0.34349894523620605,-1,-1,-1
141,133,3541.711181640625,633.763916015625,22.827392578125,50.55419921875,0.40598782896995544,-1,-1,-1
141,89,3186.12158203125,608.1758422851562,26.51416015625,58.50738525390625,0.43337181210517883,-1,-1,-1
142,1,5040.51416015625,867.8025512695312,69.935546875,125.50714111328125,0.6602411270141602,-1,-1,-1
142,2,4714.40478515625,783.3472900390625,52.01513671875,93.339599609375,0.6858318448066711,-1,-1,-1
142,11,4509.9462890625,771.884765625,54.365234375,92.3370361328125,0.6965402364730835,-1,-1,-1
142,94,4180.96337890625,726.4461669921875,36.60888671875,71.92803955078125,0.5177263021469116,-1,-1,-1
142,3,4288.01123046875,729.650390625,39.29931640625,79.81341552734375,0.6841474771499634,-1,-1,-1
142,18,3119.574462890625,607.446533203125,25.00341796875,60.68011474609375,0.5945050716400146,-1,-1,-1
142,191,3880.936767578125,516.0473022460938,18.175537109375,37.773193359375,0.28465065360069275,-1,-1,-1
142,221,4010.383544921875,546.644287109375,19.763427734375,39.56219482421875,0.366204172372818,-1,-1,-1
142,133,3545.582275390625,636.8020629882812,20.07275390625,47.37799072265625,0.274698942899704,-1,-1,-1
142,89,3187.742919921875,607.9247436523438,26.83349609375,60.2177734375,0.43873095512390137,-1,-1,-1
142,219,4360.7236328125,552.2141723632812,19.31787109375,33.95947265625,0.27384474873542786,-1,-1,-1
143,1,5033.80712890625,867.5164184570312,78.5087890625,125.17596435546875,0.6690381169319153,-1,-1,-1
143,2,4718.869140625,782.6480712890625,47.91455078125,93.95196533203125,0.747813880443573,-1,-1,-1
143,11,4509.8056640625,771.6419677734375,51.07568359375,86.2431640625,0.7002103924751282,-1,-1,-1
143,94,4186.77001953125,727.57763671875,37.98388671875,73.40594482421875,0.5400650501251221,-1,-1,-1
143,3,4288.53857421875,731.9428100585938,39.140625,81.09735107421875,0.624412477016449,-1,-1,-1
143,18,3124.19677734375,608.3054809570312,24.6298828125,57.61077880859375,0.5624755024909973,-1,-1,-1
143,191,3881.04248046875,516.9786376953125,19.96533203125,37.82904052734375,0.32544347643852234,-1,-1,-1
143,221,4011.962646484375,547.5022583007812,19.46875,37.45806884765625,0.3579877018928528,-1,-1,-1
143,133,3548.486572265625,637.8726806640625,18.841796875,47.7060546875,0.3706248104572296,-1,-1,-1
143,89,3189.642333984375,610.2021484375,27.693359375,57.66741943359375,0.37055835127830505,-1,-1,-1
143,219,4363.201171875,551.9230346679688,18.4921875,34.01898193359375,0.30914753675460815,-1,-1,-1
144,1,5039.47509765625,867.5744018554688,74.00732421875,123.4268798828125,0.6143413186073303,-1,-1,-1
144,2,4721.833984375,782.9727783203125,45.3603515625,92.93133544921875,0.7674078941345215,-1,-1,-1
144,11,4510.00244140625,772.8593139648438,48.81982421875,83.1558837890625,0.5777242183685303,-1,-1,-1
144,94,4194.41455078125,727.5503540039062,36.2578125,77.65997314453125,0.49411895871162415,-1,-1,-1
144,3,4288.94189453125,733.7957153320312,39.24072265625,81.8480224609375,0.5875932574272156,-1,-1,-1
144,18,3126.5400390625,608.7008666992188,24.880126953125,55.2935791015625,0.38770583271980286,-1,-1,-1
144,191,3883.278076171875,517.4326171875,20.134033203125,39.1063232421875,0.28908467292785645,-1,-1,-1
144,221,4013.247314453125,550.02197265625,19.28369140625,35.144287109375,0.25945404171943665,-1,-1,-1
144,133,3552.274169921875,639.4443359375,18.226318359375,46.380859375,0.41704797744750977,-1,-1,-1
144,89,3193.938720703125,611.0210571289062,25.3134765625,57.8009033203125,0.39752116799354553,-1,-1,-1
144,219,4364.70458984375,552.0216674804688,19.0263671875,33.90203857421875,0.2664400339126587,-1,-1,-1
144,225,3766.20166015625,599.5243530273438,22.744873046875,49.47003173828125,0.31475257873535156,-1,-1,-1
145,1,5037.9189453125,869.00048828125,76.60302734375,119.9873046875,0.5426474213600159,-1,-1,-1
145,2,4724.1591796875,780.9576416015625,45.2421875,93.514404296875,0.8178175091743469,-1,-1,-1
145,11,4509.3955078125,773.9785766601562,48.50244140625,80.837158203125,0.48341456055641174,-1,-1,-1
145,94,4200.9384765625,729.3607788085938,36.33935546875,80.1513671875,0.5284716486930847,-1,-1,-1
145,3,4288.7265625,736.833251953125,41.94873046875,79.42236328125,0.5756852626800537,-1,-1,-1
145,18,3129.56640625,610.5892944335938,26.7421875,57.75872802734375,0.3177536427974701,-1,-1,-1
145,221,4014.472900390625,549.2005615234375,18.857177734375,36.34564208984375,0.2725958228111267,-1,-1,-1
145,133,3554.052978515625,639.1053466796875,19.822998046875,46.775634765625,0.4255368113517761,-1,-1,-1
145,89,3197.466796875,610.45361328125,24.0634765625,56.59527587890625,0.4244500696659088,-1,-1,-1
145,219,4367.14892578125,553.4219360351562,18.376953125,32.5048828125,0.25857728719711304,-1,-1,-1
145,225,3769.270751953125,599.7021484375,21.47412109375,48.20257568359375,0.3277052640914917,-1,-1,-1
146,1,5033.439453125,870.1148681640625,80.96875,117.757568359375,0.5004806518554688,-1,-1,-1
146,2,4725.60595703125,779.0830078125,47.80126953125,95.5169677734375,0.808630108833313,-1,-1,-1
146,11,4508.98388671875,773.2393188476562,49.080078125,79.60302734375,0.6690475940704346,-1,-1,-1
146,94,4207.57373046875,731.182373046875,37.62255859375,80.49310302734375,0.589359700679779,-1,-1,-1
146,3,4288.77197265625,738.9205932617188,44.435546875,77.13616943359375,0.5859260559082031,-1,-1,-1
146,18,3132.8291015625,612.4132690429688,25.951416015625,56.0023193359375,0.3274245262145996,-1,-1,-1
146,221,4016.924560546875,545.6516723632812,18.08154296875,39.9630126953125,0.28672078251838684,-1,-1,-1
146,133,3556.96142578125,637.4573974609375,20.181884765625,48.43243408203125,0.4623333215713501,-1,-1,-1
146,89,3199.5263671875,611.9798583984375,23.757080078125,54.30584716796875,0.42262741923332214,-1,-1,-1
146,225,3771.828125,599.4041748046875,21.230224609375,50.83917236328125,0.44110339879989624,-1,-1,-1
147,1,5013.19921875,872.8219604492188,104.3720703125,115.1566162109375,0.5099817514419556,-1,-1,-1
147,2,4728.69287109375,776.5327758789062,47.28125,98.443603515625,0.8051002621650696,-1,-1,-1
147,11,4508.7041015625,769.2831420898438,49.61376953125,81.70416259765625,0.7144542932510376,-1,-1,-1
147,94,4212.8935546875,732.793701171875,38.05419921875,79.28057861328125,0.7172942161560059,-1,-1,-1
147,3,4288.2900390625,742.3181762695312,49.19482421875,73.0064697265625,0.6257697939872742,-1,-1,-1
147,18,3137.337890625,614.4461669921875,22.544677734375,53.37506103515625,0.4172087609767914,-1,-1,-1
147,221,4019.243408203125,542.4739990234375,18.7158203125,43.4912109375,0.297607958316803,-1,-1,-1
147,133,3558.906982421875,635.836181640625,22.90087890625,53.59185791015625,0.5042821168899536,-1,-1,-1
147,89,3202.75537109375,612.5010986328125,22.9814453125,53.3433837890625,0.4899466633796692,-1,-1,-1
147,225,3775.455810546875,599.4146118164062,23.156005859375,52.27960205078125,0.45663148164749146,-1,-1,-1
147,246,4258.26171875,612.2744750976562,23.73388671875,46.19256591796875,0.4387146234512329,-1,-1,-1
148,1,5005.01708984375,875.022705078125,116.26416015625,112.82373046875,0.45327919721603394,-1,-1,-1
148,2,4730.27587890625,775.1258544921875,47.52099609375,98.395751953125,0.7628216743469238,-1,-1,-1
148,11,4508.9892578125,766.5078125,48.84716796875,83.2044677734375,0.7256839275360107,-1,-1,-1
148,94,4218.892578125,732.91015625,34.7265625,77.942626953125,0.6686559915542603,-1,-1,-1
148,3,4288.45068359375,745.5279541015625,51.6806640625,69.69866943359375,0.5682202577590942,-1,-1,-1
148,18,3140.682373046875,616.1812744140625,20.8837890625,49.90887451171875,0.4688688814640045,-1,-1,-1
148,89,3206.20361328125,612.794921875,22.932861328125,53.3465576171875,0.46757417917251587,-1,-1,-1
148,246,4258.23876953125,613.620361328125,27.76708984375,43.69244384765625,0.2843872308731079,-1,-1,-1
149,1,4996.6025390625,876.9585571289062,129.01708984375,109.8721923828125,0.4942144453525543,-1,-1,-1
149,2,4731.62744140625,774.09130859375,49.1689453125,94.8363037109375,0.7145472764968872,-1,-1,-1
149,11,4509.25048828125,763.3873901367188,49.59619140625,84.09381103515625,0.7307907342910767,-1,-1,-1
149,94,4226.46826171875,732.02392578125,33.3583984375,79.602294921875,0.69379061460495,-1,-1,-1
149,3,4288.1416015625,746.3128051757812,54.2587890625,69.40325927734375,0.6100501418113708,-1,-1,-1
149,18,3143.17822265625,616.706298828125,22.723388671875,49.70660400390625,0.46173807978630066,-1,-1,-1
149,89,3208.307861328125,612.1314086914062,22.411376953125,53.81964111328125,0.47145169973373413,-1,-1,-1
149,133,3564.81298828125,637.746826171875,24.992431640625,50.11932373046875,0.2501738369464874,-1,-1,-1
150,1,4994.14599609375,876.8819580078125,136.32763671875,107.82672119140625,0.5000722408294678,-1,-1,-1
150,2,4735.38037109375,773.5607299804688,49.10400390625,90.637939453125,0.6420053839683533,-1,-1,-1
150,11,4509.86572265625,761.13330078125,49.65380859375,80.56951904296875,0.715006947517395,-1,-1,-1
150,94,4231.97265625,732.8758544921875,35.3486328125,76.54248046875,0.6105269193649292,-1,-1,-1
150,3,4288.90966796875,745.4515991210938,55.4638671875,72.33453369140625,0.5654377937316895,-1,-1,-1
150,18,3146.35546875,616.432373046875,21.929931640625,50.9189453125,0.5373384952545166,-1,-1,-1
150,89,3210.533935546875,612.4264526367188,22.376220703125,54.2734375,0.4612823724746704,-1,-1,-1
150,133,3568.0283203125,638.3721923828125,23.953857421875,49.107421875,0.33136996626853943,-1,-1,-1
150,191,3898.0234375,519.787841796875,18.501708984375,34.46075439453125,0.3168235123157501,-1,-1,-1
150,225,3785.06591796875,602.0638427734375,25.9326171875,46.7349853515625,0.27109262347221375,-1,-1,-1
151,1,4996.75244140625,875.57470703125,137.5068359375,107.1507568359375,0.43687891960144043,-1,-1,-1
151,2,4737.41796875,772.1928100585938,50.16015625,91.625,0.6572830677032471,-1,-1,-1
151,11,4508.908203125,760.5462036132812,53.73681640625,76.4371337890625,0.6830284595489502,-1,-1,-1
151,94,4236.1474609375,732.0216064453125,38.66357421875,78.9844970703125,0.6884647011756897,-1,-1,-1
151,3,4289.4599609375,746.2330322265625,58.2958984375,76.51397705078125,0.579752504825592,-1,-1,-1
151,18,3148.35986328125,614.3905029296875,23.517822265625,54.13909912109375,0.5733945369720459,-1,-1,-1
151,89,3213.13427734375,613.2483520507812,23.702880859375,54.740478515625,0.46332743763923645,-1,-1,-1
151,133,3571.196533203125,637.879638671875,24.123779296875,52.52630615234375,0.44397494196891785,-1,-1,-1
151,191,3899.493896484375,519.2022705078125,18.897705078125,34.6734619140625,0.4017409384250641,-1,-1,-1
151,225,3791.764892578125,601.1185913085938,23.2646484375,48.75299072265625,0.32527071237564087,-1,-1,-1
152,1,5005.7919921875,875.0174560546875,132.98486328125,107.407958984375,0.40444517135620117,-1,-1,-1
152,2,4741.142578125,771.8218383789062,50.783203125,91.4132080078125,0.7245261073112488,-1,-1,-1
152,11,4508.85302734375,759.9273681640625,58.0869140625,74.88421630859375,0.7135544419288635,-1,-1,-1
152,94,4239.6162109375,730.018798828125,40.9677734375,81.5557861328125,0.721499502658844,-1,-1,-1
152,3,4293.1787109375,746.5676879882812,57.95068359375,81.97882080078125,0.5838297009468079,-1,-1,-1
152,18,3151.08447265625,613.30322265625,25.493408203125,57.25555419921875,0.5827428102493286,-1,-1,-1
152,89,3212.54248046875,613.7640991210938,27.224365234375,58.31414794921875,0.48543915152549744,-1,-1,-1
152,133,3576.132080078125,639.6546630859375,23.599853515625,55.14202880859375,0.5490512847900391,-1,-1,-1
152,191,3902.490966796875,520.5240478515625,17.21337890625,33.0986328125,0.39023730158805847,-1,-1,-1
152,225,3796.24267578125,600.6365356445312,21.75732421875,51.83721923828125,0.35115209221839905,-1,-1,-1
153,1,5016.373046875,874.5047607421875,126.39794921875,106.852294921875,0.43018418550491333,-1,-1,-1
153,2,4744.001953125,770.7339477539062,53.0048828125,91.32159423828125,0.724434494972229,-1,-1,-1
153,11,4508.62353515625,759.5613403320312,61.88671875,75.06500244140625,0.6893969774246216,-1,-1,-1
153,94,4244.69287109375,726.866455078125,39.48388671875,82.17608642578125,0.7501112818717957,-1,-1,-1
153,3,4304.2099609375,746.9396362304688,51.54833984375,83.12158203125,0.6484867334365845,-1,-1,-1
153,18,3154.884521484375,614.6132202148438,25.43115234375,59.75140380859375,0.45200592279434204,-1,-1,-1
153,89,3214.81689453125,612.8626098632812,28.397705078125,61.02642822265625,0.5006417036056519,-1,-1,-1
153,133,3579.366943359375,639.7274780273438,22.84375,56.1160888671875,0.49597010016441345,-1,-1,-1
153,191,3904.2470703125,519.667236328125,17.244384765625,35.45013427734375,0.39092764258384705,-1,-1,-1
154,1,5040.78662109375,873.35498046875,103.97314453125,101.91546630859375,0.37715446949005127,-1,-1,-1
154,2,4747.7607421875,769.9951171875,52.75390625,90.08258056640625,0.623438835144043,-1,-1,-1
154,11,4508.35595703125,760.8120727539062,64.4345703125,74.0704345703125,0.5654585361480713,-1,-1,-1
154,94,4249.20751953125,725.4912109375,36.51318359375,81.6378173828125,0.7387335300445557,-1,-1,-1
154,3,4306.90185546875,747.7593994140625,52.65087890625,83.2720947265625,0.65764319896698,-1,-1,-1
154,18,3157.68701171875,615.4588623046875,26.016357421875,60.756103515625,0.46637848019599915,-1,-1,-1
154,89,3217.54833984375,612.1919555664062,29.237548828125,60.4873046875,0.4943995773792267,-1,-1,-1
154,133,3582.540283203125,640.674560546875,22.122802734375,56.2412109375,0.4193064570426941,-1,-1,-1
154,191,3904.988525390625,521.1392822265625,18.54150390625,34.62811279296875,0.3009148836135864,-1,-1,-1
154,221,4032.822265625,549.805908203125,18.14404296875,34.8126220703125,0.32537347078323364,-1,-1,-1
155,1,5055.32275390625,873.0640258789062,91.5576171875,98.41839599609375,0.4302123486995697,-1,-1,-1
155,2,4751.099609375,767.1500244140625,49.40673828125,91.5467529296875,0.6298020482063293,-1,-1,-1
155,11,4509.38818359375,758.7940673828125,65.4921875,74.33551025390625,0.6448318958282471,-1,-1,-1
155,94,4252.71728515625,725.8038330078125,34.57080078125,80.3201904296875,0.747380793094635,-1,-1,-1
155,3,4313.00048828125,750.2728271484375,50.76416015625,80.81854248046875,0.736016571521759,-1,-1,-1
155,18,3159.756103515625,615.4982299804688,26.282958984375,62.86663818359375,0.5040861964225769,-1,-1,-1
155,89,3220.948974609375,614.485107421875,28.253173828125,58.8128662109375,0.5183992385864258,-1,-1,-1
155,133,3586.01708984375,639.7816772460938,24.08349609375,58.28155517578125,0.39953431487083435,-1,-1,-1
155,191,3907.251953125,519.6031494140625,18.81396484375,35.00457763671875,0.3605627119541168,-1,-1,-1
155,221,4035.428955078125,548.4429931640625,17.2763671875,36.549560546875,0.3600483536720276,-1,-1,-1
156,1,5063.08740234375,872.7992553710938,86.84375,96.79315185546875,0.4596589207649231,-1,-1,-1
156,2,4753.36083984375,764.1911010742188,48.78125,90.897705078125,0.6649317741394043,-1,-1,-1
156,11,4511.63037109375,757.0543212890625,64.70947265625,72.39019775390625,0.5896103382110596,-1,-1,-1
156,94,4260.06005859375,724.7467651367188,29.46630859375,80.2193603515625,0.714825451374054,-1,-1,-1
156,3,4319.8154296875,753.1947631835938,47.81787109375,76.5679931640625,0.6822328567504883,-1,-1,-1
156,18,3161.8818359375,618.4497680664062,26.14013671875,62.01568603515625,0.5817354917526245,-1,-1,-1
156,89,3224.62451171875,616.3248901367188,26.044921875,59.52020263671875,0.6136088967323303,-1,-1,-1
156,191,3910.41943359375,518.9110717773438,17.906005859375,35.22271728515625,0.28390204906463623,-1,-1,-1
156,221,4037.179931640625,548.0968017578125,18.312255859375,36.1407470703125,0.43393170833587646,-1,-1,-1
157,1,5054.404296875,873.3756713867188,98.576171875,94.71435546875,0.4380543828010559,-1,-1,-1
157,2,4754.98779296875,760.3237915039062,48.880859375,91.509033203125,0.728256106376648,-1,-1,-1
157,11,4518.6748046875,754.85546875,59.068359375,73.597900390625,0.650263786315918,-1,-1,-1
157,94,4263.75439453125,722.4782104492188,28.48876953125,82.909423828125,0.6560807824134827,-1,-1,-1
157,3,4323.23388671875,754.7249755859375,50.15087890625,74.2984619140625,0.5857039093971252,-1,-1,-1
157,18,3166.520263671875,619.888427734375,23.821533203125,61.3297119140625,0.6871145963668823,-1,-1,-1
157,89,3227.943603515625,618.1591796875,23.43212890625,56.07635498046875,0.589971661567688,-1,-1,-1
157,221,4038.36181640625,548.4659423828125,19.791259765625,36.7252197265625,0.42568787932395935,-1,-1,-1
157,225,3813.57958984375,602.0062866210938,23.28857421875,48.8115234375,0.2720862925052643,-1,-1,-1
157,133,3591.51953125,640.1942138671875,24.65380859375,59.847412109375,0.3437783420085907,-1,-1,-1
158,1,5047.8583984375,873.4674682617188,109.1015625,94.96856689453125,0.5351104140281677,-1,-1,-1
158,2,4756.8515625,757.992431640625,47.77587890625,92.4205322265625,0.7533525824546814,-1,-1,-1
158,11,4526.02197265625,754.1165771484375,53.52685546875,71.1893310546875,0.7255372405052185,-1,-1,-1
158,94,4267.12255859375,720.6036376953125,28.96875,85.2037353515625,0.682553768157959,-1,-1,-1
158,3,4322.9228515625,757.9921264648438,57.05029296875,73.25384521484375,0.5659470558166504,-1,-1,-1
158,18,3170.68115234375,623.6192016601562,22.896240234375,57.64129638671875,0.6990907192230225,-1,-1,-1
158,89,3231.304443359375,619.79345703125,23.022705078125,56.61944580078125,0.5074644684791565,-1,-1,-1
158,221,4039.59814453125,549.46044921875,20.91064453125,36.22247314453125,0.45384836196899414,-1,-1,-1
158,225,3817.521728515625,602.3097534179688,24.13818359375,46.14068603515625,0.2919200658798218,-1,-1,-1
158,133,3596.375732421875,638.653564453125,24.65234375,54.3013916015625,0.38465285301208496,-1,-1,-1
158,191,3915.2236328125,519.9957885742188,17.783203125,33.5068359375,0.258236825466156,-1,-1,-1
159,1,5052.16796875,871.4329223632812,109.0791015625,97.81219482421875,0.5294492244720459,-1,-1,-1
159,2,4758.52392578125,757.9041748046875,47.04248046875,91.82940673828125,0.7277252078056335,-1,-1,-1
159,11,4531.0703125,754.3367919921875,51.05517578125,70.92626953125,0.644214391708374,-1,-1,-1
159,94,4270.3759765625,719.4746704101562,29.57275390625,84.591552734375,0.7608474493026733,-1,-1,-1
159,3,4323.16650390625,759.2711181640625,63.01513671875,74.4527587890625,0.6124419569969177,-1,-1,-1
159,18,3173.964599609375,624.7056884765625,21.829345703125,55.55352783203125,0.67840176820755,-1,-1,-1
159,89,3233.646728515625,619.277587890625,24.097900390625,57.748291015625,0.419779896736145,-1,-1,-1
159,221,4040.3876953125,549.841064453125,22.237548828125,37.3372802734375,0.44460049271583557,-1,-1,-1
159,225,3821.96728515625,601.855712890625,23.47509765625,47.713623046875,0.3786194920539856,-1,-1,-1
159,133,3597.799072265625,638.77001953125,28.907958984375,58.3526611328125,0.5059635043144226,-1,-1,-1
159,256,4303.10791015625,622.3549194335938,32.67724609375,47.027587890625,0.4663125276565552,-1,-1,-1
159,191,3918.322265625,520.077880859375,18.5,33.7122802734375,0.2563498318195343,-1,-1,-1
160,1,5056.3251953125,868.4458618164062,108.5390625,100.80078125,0.4373701810836792,-1,-1,-1
160,2,4758.5908203125,758.30126953125,47.8359375,90.35589599609375,0.6735224723815918,-1,-1,-1
160,11,4532.3388671875,754.8920288085938,52.9873046875,70.3775634765625,0.5557284951210022,-1,-1,-1
160,94,4272.8876953125,718.5341186523438,31.5146484375,84.04925537109375,0.7792539596557617,-1,-1,-1
160,3,4325.837890625,760.3245849609375,68.7001953125,79.39495849609375,0.629962682723999,-1,-1,-1
160,18,3177.91455078125,624.1470336914062,21.52783203125,55.88421630859375,0.6504074335098267,-1,-1,-1
160,89,3235.056640625,617.8653564453125,24.972412109375,60.83837890625,0.2791920304298401,-1,-1,-1
160,221,4043.381591796875,550.686279296875,21.988037109375,36.8935546875,0.4076288044452667,-1,-1,-1
160,225,3825.176025390625,601.3220825195312,23.465576171875,49.14544677734375,0.3392139673233032,-1,-1,-1
160,133,3601.96044921875,640.6190185546875,28.465087890625,59.0684814453125,0.5128379464149475,-1,-1,-1
160,256,4309.74462890625,623.8656005859375,31.5712890625,45.889892578125,0.4155443012714386,-1,-1,-1
160,219,4396.42333984375,554.2337646484375,20.251953125,31.20074462890625,0.31104394793510437,-1,-1,-1
161,1,5060.1220703125,866.8175659179688,110.49169921875,101.6168212890625,0.5407849550247192,-1,-1,-1
161,2,4759.080078125,757.8662719726562,47.69921875,88.7650146484375,0.7101365923881531,-1,-1,-1
161,11,4532.4150390625,754.4170532226562,56.8603515625,70.57470703125,0.37193775177001953,-1,-1,-1
161,94,4274.3388671875,717.4014892578125,33.57861328125,83.02545166015625,0.7649012207984924,-1,-1,-1
161,3,4330.22314453125,759.37060546875,71.04931640625,80.87261962890625,0.5380693078041077,-1,-1,-1
161,18,3179.723388671875,623.4038696289062,24.28369140625,56.4710693359375,0.47880443930625916,-1,-1,-1
161,89,3238.255615234375,616.9874877929688,26.056396484375,62.099853515625,0.27916619181632996,-1,-1,-1
161,221,4045.4248046875,552.6467895507812,22.26513671875,34.5260009765625,0.31027543544769287,-1,-1,-1
161,133,3603.097900390625,642.4694213867188,30.889892578125,60.039306640625,0.43508872389793396,-1,-1,-1
161,256,4314.34423828125,623.8814086914062,29.44775390625,45.8701171875,0.3275371193885803,-1,-1,-1
161,260,3575.48193359375,569.7384033203125,19.105712890625,37.52374267578125,0.40571048855781555,-1,-1,-1
161,191,3921.635498046875,519.9506225585938,20.99072265625,36.2088623046875,0.28700727224349976,-1,-1,-1
162,1,5066.3623046875,864.7344970703125,109.59130859375,103.78515625,0.4697245657444,-1,-1,-1
162,2,4759.4970703125,757.3745727539062,49.31640625,87.56671142578125,0.7253462672233582,-1,-1,-1
162,11,4533.453125,751.9777221679688,62.47119140625,73.402099609375,0.5150176286697388,-1,-1,-1
162,94,4277.173828125,717.5973510742188,32.98779296875,80.70697021484375,0.7134953737258911,-1,-1,-1
162,3,4356.74072265625,758.8878784179688,50.2900390625,83.616943359375,0.5093596577644348,-1,-1,-1
162,18,3182.541015625,624.1417846679688,27.234375,57.6807861328125,0.43903613090515137,-1,-1,-1
162,89,3240.996337890625,615.7883911132812,25.308349609375,63.320068359375,0.4101155400276184,-1,-1,-1
162,133,3607.509521484375,642.8457641601562,28.697021484375,62.77386474609375,0.45180609822273254,-1,-1,-1
162,260,3578.65283203125,570.00537109375,19.5078125,36.6099853515625,0.3853188753128052,-1,-1,-1
162,191,3923.880615234375,520.2117309570312,21.01953125,35.26043701171875,0.40032681822776794,-1,-1,-1
163,1,5071.0859375,863.9466552734375,112.671875,103.64727783203125,0.5564879775047302,-1,-1,-1
163,2,4759.74609375,756.985107421875,52.01220703125,84.53857421875,0.6785838007926941,-1,-1,-1
163,11,4535.994140625,751.0061645507812,65.4267578125,72.51605224609375,0.2696726620197296,-1,-1,-1
163,94,4279.2119140625,716.6722412109375,35.3740234375,79.64227294921875,0.7310532927513123,-1,-1,-1
163,3,4364.89404296875,759.6522216796875,48.474609375,83.5191650390625,0.5684457421302795,-1,-1,-1
163,18,3186.250732421875,623.7713012695312,26.37548828125,58.5335693359375,0.5804033279418945,-1,-1,-1
163,89,3246.3828125,615.092529296875,22.88232421875,65.00897216796875,0.5328795313835144,-1,-1,-1
163,133,3612.6044921875,645.4219970703125,27.74169921875,63.3594970703125,0.25962841510772705,-1,-1,-1
163,260,3581.977294921875,570.0589599609375,19.16015625,35.639892578125,0.3172740936279297,-1,-1,-1
163,191,3925.6669921875,520.131591796875,21.929931640625,36.21466064453125,0.3577466607093811,-1,-1,-1
164,1,5079.044921875,864.3233032226562,112.27490234375,104.27191162109375,0.6517513394355774,-1,-1,-1
164,2,4760.453125,757.2974853515625,54.5166015625,82.0401611328125,0.6433317065238953,-1,-1,-1
164,94,4283.94677734375,716.2754516601562,34.80224609375,79.57659912109375,0.6701322197914124,-1,-1,-1
164,3,4372.77294921875,760.7293090820312,47.158203125,84.0234375,0.668555498123169,-1,-1,-1
164,18,3190.908935546875,622.9201049804688,24.709228515625,60.91119384765625,0.6093217730522156,-1,-1,-1
164,89,3248.50341796875,614.8065795898438,24.937255859375,64.4017333984375,0.5820226669311523,-1,-1,-1
164,133,3618.093505859375,646.1277465820312,27.1318359375,63.0196533203125,0.40353426337242126,-1,-1,-1
164,260,3585.237060546875,569.862548828125,17.564697265625,38.03228759765625,0.333874374628067,-1,-1,-1
164,191,3930.1025390625,519.4696655273438,19.540283203125,37.9681396484375,0.4868631958961487,-1,-1,-1
165,1,5091.68310546875,864.9645385742188,108.2978515625,102.39263916015625,0.7000448703765869,-1,-1,-1
165,2,4761.20556640625,758.6897583007812,58.83203125,78.890869140625,0.5968356728553772,-1,-1,-1
165,94,4287.74462890625,717.896240234375,34.0654296875,78.273193359375,0.5993740558624268,-1,-1,-1
165,3,4381.54052734375,762.8855590820312,43.50634765625,80.286376953125,0.7042197585105896,-1,-1,-1
165,18,3194.90283203125,622.9417724609375,25.505126953125,58.80718994140625,0.6382344961166382,-1,-1,-1
165,89,3251.241455078125,615.7620239257812,25.0087890625,62.77850341796875,0.5627493858337402,-1,-1,-1
165,133,3623.35009765625,646.6359252929688,23.8984375,57.4063720703125,0.5720735192298889,-1,-1,-1
165,191,3932.40087890625,519.2003784179688,18.788330078125,38.23541259765625,0.49437475204467773,-1,-1,-1
165,225,3845.239501953125,605.5674438476562,21.935791015625,50.82159423828125,0.33339744806289673,-1,-1,-1
165,256,4331.47021484375,628.3594360351562,34.3291015625,43.721923828125,0.33773478865623474,-1,-1,-1
166,1,5107.61767578125,865.24169921875,99.6259765625,103.12652587890625,0.5121042728424072,-1,-1,-1
166,2,4760.85400390625,758.86474609375,60.42919921875,76.58001708984375,0.5445997714996338,-1,-1,-1
166,94,4291.82373046875,719.4830932617188,33.2529296875,76.7552490234375,0.6884612441062927,-1,-1,-1
166,3,4386.16259765625,762.68212890625,46.080078125,74.3311767578125,0.6101643443107605,-1,-1,-1
166,18,3198.399169921875,624.0196533203125,25.16455078125,58.884033203125,0.6480043530464172,-1,-1,-1
166,89,3254.26220703125,618.5787353515625,23.567626953125,58.52520751953125,0.6132809519767761,-1,-1,-1
166,133,3628.173828125,647.555419921875,23.8154296875,54.0611572265625,0.6624760031700134,-1,-1,-1
166,191,3934.637939453125,519.154052734375,18.466552734375,38.6656494140625,0.5173144340515137,-1,-1,-1
166,225,3847.48193359375,604.1451416015625,24.3759765625,53.74114990234375,0.45881929993629456,-1,-1,-1
166,256,4340.6689453125,627.5093994140625,30.140625,43.154296875,0.3100711703300476,-1,-1,-1
166,221,4059.525390625,548.8193359375,18.607666015625,37.54827880859375,0.33924901485443115,-1,-1,-1
166,11,4557.81396484375,746.0664672851562,54.12060546875,64.548828125,0.36782106757164,-1,-1,-1
167,1,5115.98828125,864.336181640625,95.8583984375,104.072998046875,0.6549220085144043,-1,-1,-1
167,2,4760.87060546875,755.9883422851562,65.93994140625,79.1212158203125,0.6493529081344604,-1,-1,-1
167,94,4294.13134765625,719.7174072265625,37.58837890625,76.3050537109375,0.7170993685722351,-1,-1,-1
167,3,4388.513671875,760.468505859375,51.81298828125,75.3125,0.6015366315841675,-1,-1,-1
167,18,3201.587158203125,624.0715942382812,24.716552734375,60.1856689453125,0.6591206192970276,-1,-1,-1
167,89,3257.9111328125,621.2117919921875,21.330322265625,58.3992919921875,0.5919955372810364,-1,-1,-1
167,133,3630.145751953125,647.0760498046875,25.77490234375,57.80523681640625,0.6699516773223877,-1,-1,-1
167,191,3936.74853515625,519.1453247070312,18.974365234375,38.67132568359375,0.5979908108711243,-1,-1,-1
167,225,3848.920654296875,602.313720703125,27.53271484375,55.95562744140625,0.5933343172073364,-1,-1,-1
167,256,4346.591796875,625.8666381835938,31.12353515625,46.85809326171875,0.3522603511810303,-1,-1,-1
167,264,3595.487548828125,569.6356811523438,23.66259765625,42.1573486328125,0.3828850984573364,-1,-1,-1
167,221,4061.623046875,548.2045288085938,18.243896484375,38.02655029296875,0.422055721282959,-1,-1,-1
167,11,4562.2080078125,745.0581665039062,55.20849609375,67.5069580078125,0.595081627368927,-1,-1,-1
168,1,5115.9833984375,863.775390625,102.50048828125,103.033203125,0.6927496194839478,-1,-1,-1
168,2,4761.09814453125,753.0577392578125,69.83203125,81.531982421875,0.6313661336898804,-1,-1,-1
168,94,4295.39697265625,719.767333984375,42.67626953125,76.5908203125,0.7006886601448059,-1,-1,-1
168,3,4391.21923828125,759.9574584960938,58.39599609375,77.62933349609375,0.6466220021247864,-1,-1,-1
168,18,3206.212890625,624.2909545898438,25.8642578125,61.17242431640625,0.5412192940711975,-1,-1,-1
168,89,3260.485107421875,622.1107788085938,22.48876953125,59.24908447265625,0.5528646111488342,-1,-1,-1
168,133,3631.73583984375,646.300537109375,28.5478515625,58.7694091796875,0.6087838411331177,-1,-1,-1
168,191,3938.71337890625,519.0810546875,21.820556640625,37.71697998046875,0.3980272114276886,-1,-1,-1
168,225,3852.821044921875,601.2391357421875,28.2724609375,54.62017822265625,0.47654077410697937,-1,-1,-1
168,256,4347.43115234375,624.2744750976562,37.4951171875,48.263671875,0.4648382067680359,-1,-1,-1
168,264,3599.236083984375,569.5404052734375,22.0517578125,45.5845947265625,0.48582911491394043,-1,-1,-1
168,221,4063.44384765625,548.9158325195312,18.1376953125,37.713134765625,0.4659155309200287,-1,-1,-1
168,11,4563.8828125,745.000244140625,58.99267578125,67.901611328125,0.491201251745224,-1,-1,-1
169,1,5117.2744140625,862.2637939453125,106.529296875,104.30670166015625,0.7748247981071472,-1,-1,-1
169,2,4766.291015625,751.69091796875,66.65869140625,81.76446533203125,0.6556333899497986,-1,-1,-1
169,94,4297.8056640625,716.7877807617188,45.4248046875,78.5386962890625,0.7204509377479553,-1,-1,-1
169,3,4396.6455078125,760.2943115234375,61.11572265625,78.04791259765625,0.6332184672355652,-1,-1,-1
169,18,3209.43115234375,625.4343872070312,27.5849609375,62.56964111328125,0.4850415885448456,-1,-1,-1
169,89,3263.250732421875,623.2352905273438,23.6689453125,60.27593994140625,0.5394071340560913,-1,-1,-1
169,133,3634.390625,645.0946044921875,31.27099609375,61.29083251953125,0.5051247477531433,-1,-1,-1
169,191,3939.982177734375,520.9345092773438,23.691650390625,35.2255859375,0.2608747184276581,-1,-1,-1
169,225,3858.3271484375,603.88134765625,27.218017578125,50.5242919921875,0.35154029726982117,-1,-1,-1
169,256,4355.9423828125,624.657958984375,33.27392578125,45.4310302734375,0.5712871551513672,-1,-1,-1
169,264,3603.819091796875,570.3540649414062,20.214599609375,40.40814208984375,0.4569815695285797,-1,-1,-1
169,221,4065.16796875,547.7979125976562,19.47119140625,39.17791748046875,0.44252508878707886,-1,-1,-1
169,11,4564.46728515625,744.0342407226562,60.505859375,67.78741455078125,0.5599138736724854,-1,-1,-1
170,1,5120.69140625,861.649169921875,107.95556640625,103.7227783203125,0.7709454298019409,-1,-1,-1
170,2,4772.2509765625,748.8614501953125,66.9619140625,81.57781982421875,0.6170757412910461,-1,-1,-1
170,94,4301.01123046875,715.2804565429688,45.1689453125,78.4932861328125,0.720143735408783,-1,-1,-1
170,3,4417.70849609375,757.6368408203125,47.2666015625,83.4859619140625,0.5362168550491333,-1,-1,-1
170,18,3213.36328125,625.5309448242188,26.408447265625,55.44085693359375,0.49749019742012024,-1,-1,-1
170,89,3266.525146484375,624.4721069335938,25.181640625,60.6099853515625,0.506568193435669,-1,-1,-1
170,133,3638.4072265625,645.9810791015625,32.615966796875,61.7232666015625,0.4792148470878601,-1,-1,-1
170,225,3863.512939453125,607.3101196289062,25.567138671875,48.3406982421875,0.28737154603004456,-1,-1,-1
170,256,4363.49755859375,624.7320556640625,29.8544921875,48.17529296875,0.5698744058609009,-1,-1,-1
170,264,3605.63623046875,570.705078125,22.055908203125,44.5863037109375,0.5006444454193115,-1,-1,-1
170,221,4066.32275390625,546.2547607421875,21.052001953125,41.82794189453125,0.4726550579071045,-1,-1,-1
170,11,4568.05078125,742.886474609375,60.32666015625,67.200927734375,0.5324597954750061,-1,-1,-1
171,1,5125.81640625,860.9337158203125,107.97119140625,104.55419921875,0.7902191877365112,-1,-1,-1
171,2,4777.9921875,747.806640625,69.4970703125,81.6221923828125,0.5762231945991516,-1,-1,-1
171,94,4304.84375,714.4932861328125,44.91259765625,76.16778564453125,0.6887465715408325,-1,-1,-1
171,3,4418.57080078125,757.3363647460938,50.7138671875,84.791748046875,0.6229289770126343,-1,-1,-1
171,18,3216.732666015625,624.8721313476562,26.56591796875,57.38629150390625,0.556201159954071,-1,-1,-1
171,89,3268.473876953125,622.5162353515625,25.382568359375,60.59747314453125,0.5255307555198669,-1,-1,-1
171,133,3643.04638671875,647.5307006835938,31.198974609375,63.5997314453125,0.5389524102210999,-1,-1,-1
171,225,3868.667236328125,608.3085327148438,23.135498046875,47.85089111328125,0.33393749594688416,-1,-1,-1
171,256,4370.4931640625,627.202880859375,27.349609375,49.0396728515625,0.37182167172431946,-1,-1,-1
171,264,3609.17529296875,572.0955810546875,20.3974609375,42.46136474609375,0.49239611625671387,-1,-1,-1
171,221,4066.921630859375,547.2903442382812,22.4130859375,40.3880615234375,0.44148561358451843,-1,-1,-1
171,11,4573.08349609375,741.1221313476562,60.73828125,66.92523193359375,0.5898624062538147,-1,-1,-1
171,191,3948.2412109375,519.1780395507812,21.52001953125,38.29345703125,0.429517924785614,-1,-1,-1
172,1,5130.9677734375,860.894775390625,113.677734375,104.84393310546875,0.7210645079612732,-1,-1,-1
172,2,4783.4599609375,745.780029296875,60.716796875,81.517822265625,0.47497254610061646,-1,-1,-1
172,94,4308.419921875,713.2752685546875,44.31005859375,74.99444580078125,0.62892746925354,-1,-1,-1
172,3,4428.9208984375,757.3309326171875,44.4619140625,85.7939453125,0.6736035943031311,-1,-1,-1
172,18,3220.341064453125,624.8374633789062,28.661376953125,58.6834716796875,0.617129385471344,-1,-1,-1
172,89,3271.61865234375,620.3593139648438,24.480712890625,62.4761962890625,0.5829557776451111,-1,-1,-1
172,133,3646.979248046875,650.0281982421875,29.989501953125,62.7171630859375,0.5724757313728333,-1,-1,-1
172,225,3874.312255859375,609.3560791015625,22.1982421875,49.03753662109375,0.3900826871395111,-1,-1,-1
172,256,4376.62353515625,624.0,27.63232421875,56.83404541015625,0.41507771611213684,-1,-1,-1
172,264,3613.249267578125,575.2203369140625,20.364013671875,41.58355712890625,0.4132906496524811,-1,-1,-1
172,221,4071.0927734375,548.7244873046875,20.93798828125,37.74334716796875,0.4155913293361664,-1,-1,-1
172,11,4580.54736328125,740.8358154296875,59.53515625,67.11767578125,0.5969458818435669,-1,-1,-1
172,191,3952.64501953125,518.49560546875,19.172607421875,38.5159912109375,0.46103811264038086,-1,-1,-1
173,1,5136.7177734375,862.6814575195312,112.92529296875,102.13861083984375,0.4386637806892395,-1,-1,-1
173,2,4787.4228515625,737.0715942382812,59.2216796875,87.93505859375,0.36737942695617676,-1,-1,-1
173,94,4312.43896484375,712.763671875,42.46923828125,75.0355224609375,0.5424156188964844,-1,-1,-1
173,3,4437.98388671875,758.203857421875,39.580078125,83.8839111328125,0.7167376279830933,-1,-1,-1
173,18,3225.966552734375,624.4525756835938,25.885986328125,59.6026611328125,0.6042436361312866,-1,-1,-1
173,89,3275.663818359375,619.289794921875,24.54150390625,61.6722412109375,0.5724129676818848,-1,-1,-1
173,133,3653.937255859375,651.6136474609375,25.7041015625,59.7891845703125,0.5996237397193909,-1,-1,-1
173,225,3879.391357421875,610.3299560546875,20.3720703125,48.60858154296875,0.40868279337882996,-1,-1,-1
173,256,4384.052734375,624.2298583984375,28.19482421875,56.69683837890625,0.45658236742019653,-1,-1,-1
173,11,4590.4951171875,738.4222412109375,56.716796875,68.76495361328125,0.5645668506622314,-1,-1,-1
173,191,3955.112548828125,519.4598999023438,19.39794921875,37.585205078125,0.44863879680633545,-1,-1,-1
174,1,5143.357421875,864.2025756835938,111.62060546875,100.47711181640625,0.3420184850692749,-1,-1,-1
174,2,4793.87255859375,740.9395751953125,47.84423828125,83.47674560546875,0.4824874699115753,-1,-1,-1
174,94,4318.73095703125,713.6232299804688,37.8759765625,72.041748046875,0.5772842764854431,-1,-1,-1
174,3,4446.55615234375,758.4768676757812,35.861328125,82.51788330078125,0.604825496673584,-1,-1,-1
174,18,3229.782470703125,624.19580078125,27.05029296875,58.567626953125,0.552209198474884,-1,-1,-1
174,89,3279.533203125,619.8706665039062,24.05615234375,61.39166259765625,0.620416522026062,-1,-1,-1
174,133,3658.59423828125,651.8922729492188,24.14794921875,60.00433349609375,0.6436305642127991,-1,-1,-1
174,225,3883.05224609375,609.8873291015625,18.306640625,47.04534912109375,0.36801302433013916,-1,-1,-1
174,256,4388.41796875,624.810791015625,27.9775390625,50.46112060546875,0.4824499487876892,-1,-1,-1
174,11,4599.49072265625,738.0430908203125,53.62353515625,68.683349609375,0.47180452942848206,-1,-1,-1
174,191,3957.39599609375,520.2939453125,21.300537109375,34.6502685546875,0.3452725410461426,-1,-1,-1
174,264,3621.578857421875,575.6373901367188,22.264892578125,41.25323486328125,0.3537611663341522,-1,-1,-1
175,2,4801.60791015625,741.2848510742188,45.67041015625,81.146240234375,0.49275436997413635,-1,-1,-1
175,94,4325.1494140625,712.3651733398438,33.634765625,70.27593994140625,0.6444286704063416,-1,-1,-1
175,3,4453.25244140625,758.1940307617188,36.16796875,84.9283447265625,0.621009349822998,-1,-1,-1
175,18,3232.026611328125,625.408447265625,29.266845703125,57.22900390625,0.4127477705478668,-1,-1,-1
175,89,3281.390380859375,621.0458984375,24.618896484375,61.17352294921875,0.5795390605926514,-1,-1,-1
175,133,3661.090087890625,652.686279296875,27.58935546875,59.30615234375,0.5635108351707458,-1,-1,-1
175,225,3884.553955078125,610.1159057617188,21.248291015625,45.23944091796875,0.32930535078048706,-1,-1,-1
175,256,4389.29296875,624.658203125,33.6025390625,51.084716796875,0.47723838686943054,-1,-1,-1
175,11,4605.3310546875,736.8873901367188,55.4033203125,70.416015625,0.4854041039943695,-1,-1,-1
175,191,3958.693115234375,520.3472290039062,22.356201171875,33.4388427734375,0.3780003488063812,-1,-1,-1
175,264,3625.02587890625,574.2577514648438,21.3583984375,40.95489501953125,0.4546278715133667,-1,-1,-1
176,2,4805.17431640625,743.347900390625,45.142578125,77.8233642578125,0.5862339735031128,-1,-1,-1
176,94,4326.990234375,711.0592041015625,34.68408203125,72.5938720703125,0.6909957528114319,-1,-1,-1
176,3,4457.43115234375,758.86474609375,38.89990234375,84.17340087890625,0.7115225791931152,-1,-1,-1
176,18,3235.340576171875,626.577392578125,31.494140625,62.23907470703125,0.4895365238189697,-1,-1,-1
176,89,3284.33740234375,621.891845703125,25.4794921875,60.048095703125,0.4975031614303589,-1,-1,-1
176,133,3664.91748046875,654.4124755859375,29.40673828125,57.82525634765625,0.4406161904335022,-1,-1,-1
176,225,3885.191650390625,609.21142578125,24.258544921875,48.61541748046875,0.40938520431518555,-1,-1,-1
176,256,4390.6962890625,626.6759643554688,38.55517578125,51.08221435546875,0.32426172494888306,-1,-1,-1
176,11,4609.015625,735.7642822265625,58.52001953125,71.35076904296875,0.49608272314071655,-1,-1,-1
176,191,3960.17626953125,520.5195922851562,23.39453125,31.36627197265625,0.37300947308540344,-1,-1,-1
176,264,3628.95263671875,573.037353515625,19.59912109375,39.47467041015625,0.5776854753494263,-1,-1,-1
176,1,5153.30712890625,864.3267822265625,117.01123046875,100.488037109375,0.3938361704349518,-1,-1,-1
177,2,4806.13818359375,743.6532592773438,63.2294921875,77.34307861328125,0.5722928643226624,-1,-1,-1
177,94,4326.798828125,710.031005859375,38.689453125,74.73773193359375,0.7071727514266968,-1,-1,-1
177,3,4460.0126953125,759.1693115234375,44.34326171875,84.06756591796875,0.7752522230148315,-1,-1,-1
177,18,3241.00927734375,627.922119140625,28.5908203125,60.92730712890625,0.5377949476242065,-1,-1,-1
177,89,3287.1484375,622.2462768554688,26.66748046875,60.714111328125,0.4614465832710266,-1,-1,-1
177,133,3670.521240234375,652.6439819335938,29.32958984375,59.74212646484375,0.5230300426483154,-1,-1,-1
177,225,3887.205810546875,606.4879150390625,27.96435546875,50.4136962890625,0.3125424087047577,-1,-1,-1
177,256,4393.7109375,626.9719848632812,43.6923828125,50.76385498046875,0.3680184483528137,-1,-1,-1
177,11,4612.4951171875,735.0673828125,64.30517578125,71.047119140625,0.3950076997280121,-1,-1,-1
177,191,3962.675537109375,519.8460083007812,24.61181640625,33.49761962890625,0.35535097122192383,-1,-1,-1
177,264,3632.64501953125,572.5771484375,21.51708984375,40.54083251953125,0.6067096590995789,-1,-1,-1
177,1,5159.6953125,864.7793579101562,117.296875,98.90899658203125,0.649276077747345,-1,-1,-1
177,221,4083.883544921875,547.296142578125,21.695556640625,36.2926025390625,0.3755227029323578,-1,-1,-1
178,2,4808.65478515625,745.3123779296875,71.98193359375,70.98834228515625,0.4851441979408264,-1,-1,-1
178,94,4327.59326171875,708.3018188476562,41.4443359375,76.15240478515625,0.687472939491272,-1,-1,-1
178,3,4462.05859375,756.4762573242188,50.87353515625,85.96466064453125,0.6722118258476257,-1,-1,-1
178,18,3247.287353515625,631.26025390625,25.91064453125,58.80853271484375,0.6122291088104248,-1,-1,-1
178,89,3287.18701171875,625.3223876953125,30.04150390625,65.49664306640625,0.4528302550315857,-1,-1,-1
178,133,3673.58203125,652.5405883789062,31.94921875,55.30792236328125,0.5426052212715149,-1,-1,-1
178,225,3891.62060546875,607.1842651367188,27.42919921875,48.1490478515625,0.3560185134410858,-1,-1,-1
178,256,4403.990234375,626.1378784179688,40.01904296875,53.50250244140625,0.5233867764472961,-1,-1,-1
178,11,4617.3134765625,734.0420532226562,65.7314453125,72.15814208984375,0.5123969912528992,-1,-1,-1
178,264,3635.385009765625,571.589111328125,22.296875,41.51898193359375,0.5847854614257812,-1,-1,-1
178,1,5171.13671875,862.9086303710938,113.4931640625,101.169677734375,0.6603672504425049,-1,-1,-1
178,221,4087.2900390625,546.2298583984375,20.576171875,36.8084716796875,0.4594440162181854,-1,-1,-1
179,2,4813.85546875,744.5166625976562,75.54150390625,69.96197509765625,0.5357902646064758,-1,-1,-1
179,94,4327.42919921875,709.3681030273438,46.486328125,73.7220458984375,0.6538876891136169,-1,-1,-1
179,3,4466.150390625,753.9020385742188,54.29296875,89.3818359375,0.6789806485176086,-1,-1,-1
179,18,3251.40087890625,630.2365112304688,26.43017578125,62.7725830078125,0.6477790474891663,-1,-1,-1
179,89,3292.505126953125,624.3837280273438,27.372802734375,63.227294921875,0.5064305067062378,-1,-1,-1
179,133,3675.8291015625,652.4910888671875,34.426025390625,55.455810546875,0.5527879595756531,-1,-1,-1
179,225,3896.9794921875,607.229736328125,26.321044921875,47.435791015625,0.3739207088947296,-1,-1,-1
179,256,4413.236328125,625.5507202148438,32.3486328125,55.53094482421875,0.6447566151618958,-1,-1,-1
179,11,4622.3974609375,730.0949096679688,65.439453125,70.87799072265625,0.5944713354110718,-1,-1,-1
179,264,3639.276611328125,571.7499389648438,23.212890625,41.08184814453125,0.39124467968940735,-1,-1,-1
179,1,5182.15087890625,859.1005859375,114.7138671875,105.30340576171875,0.7109050154685974,-1,-1,-1
179,221,4089.34716796875,547.0103759765625,20.900390625,36.01861572265625,0.4399479031562805,-1,-1,-1
180,2,4816.8974609375,744.01611328125,76.63623046875,72.69775390625,0.6025023460388184,-1,-1,-1
180,94,4329.34130859375,708.5493774414062,50.09619140625,73.27911376953125,0.6728349924087524,-1,-1,-1
180,3,4471.669921875,753.267333984375,54.685546875,91.37384033203125,0.697664737701416,-1,-1,-1
180,18,3255.214599609375,629.984130859375,25.316162109375,62.155517578125,0.6566294431686401,-1,-1,-1
180,89,3296.831298828125,622.8082885742188,26.073486328125,64.13909912109375,0.5344409942626953,-1,-1,-1
180,133,3677.345947265625,651.3406372070312,38.389892578125,57.9189453125,0.6413854956626892,-1,-1,-1
180,225,3902.506103515625,609.021728515625,23.48095703125,45.34918212890625,0.4065554440021515,-1,-1,-1
180,256,4421.8916015625,625.6692504882812,26.81103515625,57.55035400390625,0.6546856164932251,-1,-1,-1
180,11,4640.22705078125,729.9813842773438,52.7255859375,67.65008544921875,0.5407490730285645,-1,-1,-1
180,264,3641.32470703125,575.6810913085938,25.82177734375,40.821044921875,0.3063119947910309,-1,-1,-1
180,1,5193.3701171875,857.6715698242188,112.26123046875,105.33721923828125,0.6655232906341553,-1,-1,-1
180,221,4090.68212890625,546.8863525390625,22.20458984375,35.17340087890625,0.45733654499053955,-1,-1,-1
181,2,4825.798828125,743.3560791015625,66.71533203125,75.841796875,0.5862668752670288,-1,-1,-1
181,94,4335.41162109375,705.8135986328125,47.50244140625,74.77972412109375,0.6192941665649414,-1,-1,-1
181,3,4484.0244140625,755.7398071289062,47.6591796875,89.89178466796875,0.7607537508010864,-1,-1,-1
181,18,3258.139404296875,629.0281982421875,27.820556640625,63.7255859375,0.5371235609054565,-1,-1,-1
181,89,3302.277099609375,623.0281982421875,24.08349609375,60.94189453125,0.5018969774246216,-1,-1,-1
181,133,3680.95263671875,651.18798828125,38.848876953125,59.10369873046875,0.5915899276733398,-1,-1,-1
181,225,3907.1015625,608.9859008789062,21.02294921875,46.69915771484375,0.34501874446868896,-1,-1,-1
181,256,4426.89111328125,626.8960571289062,25.82763671875,58.13592529296875,0.35868731141090393,-1,-1,-1
181,11,4647.03271484375,729.106689453125,50.1806640625,69.59881591796875,0.5736966133117676,-1,-1,-1
181,264,3645.39990234375,575.19091796875,26.713623046875,41.408935546875,0.2728894054889679,-1,-1,-1
181,1,5204.61474609375,857.3341674804688,106.89013671875,106.716552734375,0.5915338397026062,-1,-1,-1
181,221,4093.427001953125,545.5261840820312,22.114990234375,34.7479248046875,0.5080764293670654,-1,-1,-1
181,191,3978.0634765625,522.785888671875,23.330322265625,33.65997314453125,0.43161460757255554,-1,-1,-1
182,2,4834.31640625,741.1114501953125,53.99462890625,80.135009765625,0.6799976825714111,-1,-1,-1
182,94,4345.1875,705.3494873046875,41.46923828125,75.89886474609375,0.6709131002426147,-1,-1,-1
182,3,4495.3369140625,756.9935913085938,41.32958984375,89.64556884765625,0.736267626285553,-1,-1,-1
182,18,3264.29638671875,627.5426025390625,27.705078125,67.004150390625,0.6114857792854309,-1,-1,-1
182,89,3305.85302734375,623.4457397460938,23.505859375,60.2860107421875,0.4684444069862366,-1,-1,-1
182,133,3688.526611328125,650.0005493164062,35.677978515625,61.77301025390625,0.5381671190261841,-1,-1,-1
182,225,3911.39453125,609.20263671875,21.264404296875,46.89141845703125,0.32189542055130005,-1,-1,-1
182,256,4432.50634765625,626.055908203125,26.67041015625,55.15838623046875,0.356979101896286,-1,-1,-1
182,11,4653.80224609375,727.2218017578125,49.39013671875,72.370361328125,0.5403458476066589,-1,-1,-1
182,264,3651.37158203125,577.2175903320312,23.130859375,39.17828369140625,0.455378919839859,-1,-1,-1
182,1,5210.3916015625,857.1453247070312,110.1845703125,107.73065185546875,0.6189349889755249,-1,-1,-1
182,221,4096.1220703125,548.0830078125,20.58154296875,30.52374267578125,0.4406036138534546,-1,-1,-1
182,191,3980.958740234375,522.4911499023438,24.031494140625,34.2574462890625,0.4279688894748688,-1,-1,-1
183,2,4838.056640625,739.4539794921875,49.71435546875,81.830322265625,0.7230139374732971,-1,-1,-1
183,94,4351.4697265625,705.757080078125,38.86865234375,75.8204345703125,0.7151625156402588,-1,-1,-1
183,3,4501.76123046875,755.988037109375,41.890625,92.716796875,0.7356233596801758,-1,-1,-1
183,18,3267.898681640625,626.7387084960938,27.56103515625,68.66070556640625,0.5043492317199707,-1,-1,-1
183,89,3307.3564453125,623.5028686523438,24.2216796875,61.56988525390625,0.5287838578224182,-1,-1,-1
183,133,3697.063232421875,649.8211669921875,30.503173828125,64.53204345703125,0.6158756613731384,-1,-1,-1
183,225,3914.777099609375,607.802978515625,21.556640625,48.42535400390625,0.47568586468696594,-1,-1,-1
183,256,4436.1982421875,625.7747802734375,30.18505859375,53.28265380859375,0.41816094517707825,-1,-1,-1
183,11,4656.41552734375,727.0374145507812,52.6796875,71.67529296875,0.646538496017456,-1,-1,-1
183,264,3656.951904296875,577.3247680664062,20.789306640625,40.31536865234375,0.5491132140159607,-1,-1,-1
183,1,5235.7236328125,858.4432373046875,93.6064453125,107.5767822265625,0.6202837228775024,-1,-1,-1
183,221,4099.57568359375,549.831787109375,17.61865234375,28.81048583984375,0.45227155089378357,-1,-1,-1
183,191,3983.44921875,522.6212768554688,23.926513671875,34.42547607421875,0.4002350866794586,-1,-1,-1
184,2,4841.875,739.7464599609375,48.32421875,81.9261474609375,0.6539983153343201,-1,-1,-1
184,94,4355.04248046875,705.1080932617188,40.17822265625,77.14764404296875,0.7047734260559082,-1,-1,-1
184,3,4506.6259765625,756.76220703125,43.5400390625,91.2662353515625,0.718902587890625,-1,-1,-1
184,18,3273.398193359375,629.2824096679688,25.950439453125,61.16180419921875,0.48751136660575867,-1,-1,-1
184,89,3310.873779296875,623.508056640625,24.765380859375,63.407470703125,0.5178256630897522,-1,-1,-1
184,133,3705.224365234375,650.1192626953125,26.489501953125,61.78546142578125,0.5883509516716003,-1,-1,-1
184,225,3917.187255859375,608.0748291015625,22.930419921875,48.164306640625,0.40816131234169006,-1,-1,-1
184,256,4441.16552734375,626.3888549804688,28.64013671875,52.1531982421875,0.4726525843143463,-1,-1,-1
184,11,4657.828125,727.8823852539062,55.4326171875,68.85333251953125,0.6157953143119812,-1,-1,-1
184,264,3661.145751953125,576.3186645507812,21.23388671875,39.82000732421875,0.5298742055892944,-1,-1,-1
184,1,5253.65673828125,859.9788208007812,83.42529296875,108.07147216796875,0.505728006362915,-1,-1,-1
184,221,4101.28369140625,548.3784790039062,17.7998046875,31.0560302734375,0.417012482881546,-1,-1,-1
184,191,3987.22119140625,522.2030029296875,22.497314453125,32.28662109375,0.4548473060131073,-1,-1,-1
185,2,4846.18505859375,740.4076538085938,47.14208984375,80.29510498046875,0.5491792559623718,-1,-1,-1
185,94,4360.35107421875,705.1819458007812,40.98193359375,76.513671875,0.564342737197876,-1,-1,-1
185,3,4512.1279296875,754.56298828125,45.09228515625,90.18426513671875,0.6681135892868042,-1,-1,-1
185,18,3278.4326171875,630.4869995117188,26.890380859375,57.3360595703125,0.4484885036945343,-1,-1,-1
185,89,3314.774658203125,624.4576416015625,25.05810546875,66.51031494140625,0.4844428300857544,-1,-1,-1
185,133,3710.864501953125,650.554931640625,25.31884765625,61.30029296875,0.6332631707191467,-1,-1,-1
185,225,3919.8203125,605.8944091796875,25.4541015625,49.9796142578125,0.3416750729084015,-1,-1,-1
185,256,4442.744140625,624.7527465820312,32.8740234375,54.72467041015625,0.5032095313072205,-1,-1,-1
185,11,4660.419921875,729.1505737304688,60.14306640625,66.40484619140625,0.5237023830413818,-1,-1,-1
185,264,3662.9970703125,575.9739379882812,21.8818359375,40.99200439453125,0.5696380138397217,-1,-1,-1
185,1,5264.1162109375,861.0606689453125,76.302734375,106.06048583984375,0.2719866931438446,-1,-1,-1
185,221,4102.28564453125,544.6280517578125,19.1689453125,37.33447265625,0.3072478771209717,-1,-1,-1
185,191,3991.22021484375,522.1236572265625,22.84130859375,33.03887939453125,0.41060590744018555,-1,-1,-1
185,278,3819.644287109375,537.3582763671875,18.448486328125,24.9722900390625,0.4021763205528259,-1,-1,-1
186,2,4847.13671875,739.5014038085938,52.55078125,80.7880859375,0.49803921580314636,-1,-1,-1
186,94,4365.2822265625,706.5128173828125,42.31103515625,73.67120361328125,0.5490671396255493,-1,-1,-1
186,3,4518.10107421875,751.4556274414062,46.4326171875,89.4761962890625,0.7283155918121338,-1,-1,-1
186,18,3282.83349609375,631.0994262695312,26.333984375,56.572998046875,0.4980224072933197,-1,-1,-1
186,89,3319.364013671875,625.25634765625,24.1337890625,66.13177490234375,0.4091801047325134,-1,-1,-1
186,133,3714.0,649.0150146484375,28.01953125,61.58563232421875,0.6363021731376648,-1,-1,-1
186,225,3922.930908203125,604.1696166992188,27.586181640625,53.39215087890625,0.4815414547920227,-1,-1,-1
186,256,4444.703125,625.604736328125,35.8642578125,50.3760986328125,0.44321396946907043,-1,-1,-1
186,11,4667.7001953125,727.0350341796875,62.27001953125,67.62933349609375,0.5378066897392273,-1,-1,-1
186,264,3665.95849609375,575.9024047851562,21.791259765625,41.31402587890625,0.48049452900886536,-1,-1,-1
186,1,5270.31494140625,860.7657470703125,83.50927734375,104.5301513671875,0.5553070902824402,-1,-1,-1
186,191,3993.485595703125,521.65771484375,24.4453125,33.8212890625,0.2717282474040985,-1,-1,-1
186,278,3821.86865234375,536.5501098632812,18.261962890625,25.62200927734375,0.458586186170578,-1,-1,-1
187,2,4850.9560546875,736.418212890625,53.1943359375,83.877197265625,0.5356455445289612,-1,-1,-1
187,94,4366.947265625,704.0178833007812,44.4130859375,76.35418701171875,0.6933844685554504,-1,-1,-1
187,3,4522.97900390625,749.1065673828125,47.52001953125,89.8782958984375,0.7167243361473083,-1,-1,-1
187,18,3287.61279296875,633.8309936523438,27.519775390625,60.27508544921875,0.3718690872192383,-1,-1,-1
187,89,3322.50146484375,624.7443237304688,24.963134765625,64.429443359375,0.3847217261791229,-1,-1,-1
187,133,3715.140869140625,650.9443969726562,33.319580078125,59.27734375,0.4889672100543976,-1,-1,-1
187,225,3926.746826171875,603.0469360351562,27.180908203125,52.928955078125,0.4026923179626465,-1,-1,-1
187,11,4678.13818359375,726.0095825195312,58.8388671875,71.3148193359375,0.5101438760757446,-1,-1,-1
187,1,5271.994140625,860.0470581054688,90.046875,103.78546142578125,0.6980692744255066,-1,-1,-1
187,278,3825.09375,535.9595947265625,17.483154296875,26.05401611328125,0.36888912320137024,-1,-1,-1
188,2,4855.39794921875,734.358154296875,52.3994140625,82.49774169921875,0.6434060335159302,-1,-1,-1
188,94,4370.2373046875,701.4041748046875,45.84326171875,79.0640869140625,0.709545373916626,-1,-1,-1
188,3,4529.32666015625,747.68701171875,45.06005859375,90.016357421875,0.7831926345825195,-1,-1,-1
188,18,3291.63525390625,635.292724609375,28.523681640625,62.41168212890625,0.36365625262260437,-1,-1,-1
188,89,3325.2900390625,624.366943359375,25.10107421875,64.42694091796875,0.46344518661499023,-1,-1,-1
188,133,3723.435302734375,650.8511962890625,30.738525390625,59.24249267578125,0.5392322540283203,-1,-1,-1
188,225,3930.438232421875,602.425537109375,26.16748046875,51.21356201171875,0.43465906381607056,-1,-1,-1
188,11,4692.83349609375,726.9105834960938,51.4580078125,71.9951171875,0.6914049983024597,-1,-1,-1
188,1,5272.70458984375,860.0487670898438,97.95751953125,104.07568359375,0.735745370388031,-1,-1,-1
188,278,3828.544921875,535.785888671875,16.33251953125,26.18182373046875,0.3343168795108795,-1,-1,-1
188,256,4460.78564453125,625.6983642578125,27.375,53.900146484375,0.49362245202064514,-1,-1,-1
189,2,4862.8837890625,732.107421875,47.97509765625,80.28448486328125,0.7360214591026306,-1,-1,-1
189,94,4374.3916015625,700.1508178710938,46.0751953125,80.035400390625,0.7397145628929138,-1,-1,-1
189,3,4536.80419921875,746.568359375,43.74951171875,91.30126953125,0.8092867136001587,-1,-1,-1
189,18,3296.212646484375,636.6589965820312,25.943359375,61.28948974609375,0.46432527899742126,-1,-1,-1
189,89,3328.32080078125,625.0801391601562,25.550537109375,63.40924072265625,0.45363718271255493,-1,-1,-1
189,133,3727.818115234375,650.8885498046875,30.037841796875,56.6864013671875,0.5846979022026062,-1,-1,-1
189,225,3935.54150390625,603.3432006835938,23.9580078125,48.52685546875,0.37582647800445557,-1,-1,-1
189,11,4705.20556640625,726.5448608398438,45.8857421875,73.1885986328125,0.6021637320518494,-1,-1,-1
189,1,5275.41259765625,859.6688232421875,100.666015625,103.49749755859375,0.7107912302017212,-1,-1,-1
189,256,4467.58349609375,625.0111083984375,25.18017578125,55.5416259765625,0.48705044388771057,-1,-1,-1
189,264,3679.43603515625,575.85888671875,22.2431640625,43.633056640625,0.2918735444545746,-1,-1,-1
189,191,4005.216552734375,522.5602416992188,24.507080078125,32.5625,0.42220449447631836,-1,-1,-1
190,2,4870.265625,730.7034912109375,43.8515625,79.5308837890625,0.6984909176826477,-1,-1,-1
190,94,4378.2353515625,699.6111450195312,45.759765625,78.75244140625,0.6956040859222412,-1,-1,-1
190,3,4544.0576171875,746.2252197265625,42.28173828125,93.14617919921875,0.8064584136009216,-1,-1,-1
190,18,3302.37255859375,633.6392822265625,23.66455078125,62.61663818359375,0.48723024129867554,-1,-1,-1
190,89,3334.867431640625,625.82861328125,21.9521484375,61.45501708984375,0.457556813955307,-1,-1,-1
190,133,3731.996826171875,651.197265625,31.020751953125,53.10711669921875,0.6178492903709412,-1,-1,-1
190,11,4704.95361328125,724.888916015625,55.35791015625,76.05224609375,0.41748565435409546,-1,-1,-1
190,1,5280.029296875,859.3041381835938,103.92333984375,104.0487060546875,0.7095708847045898,-1,-1,-1
190,256,4472.6298828125,625.6322021484375,23.2294921875,53.6055908203125,0.5339237451553345,-1,-1,-1
190,264,3682.558349609375,574.5931396484375,22.8232421875,44.620361328125,0.3303852081298828,-1,-1,-1
190,191,4006.44482421875,523.2826538085938,26.311767578125,32.3275146484375,0.35324323177337646,-1,-1,-1
191,2,4875.63525390625,730.5447998046875,40.685546875,77.4268798828125,0.6242912411689758,-1,-1,-1
191,94,4383.3046875,699.73291015625,44.92822265625,76.8424072265625,0.5425072908401489,-1,-1,-1
191,3,4552.12744140625,746.8350830078125,39.5732421875,91.4818115234375,0.7487597465515137,-1,-1,-1
191,18,3306.302001953125,634.6752319335938,23.6220703125,62.3394775390625,0.44863444566726685,-1,-1,-1
191,89,3338.153076171875,626.677978515625,21.421630859375,59.65606689453125,0.4368608891963959,-1,-1,-1
191,133,3738.0458984375,651.3071899414062,27.884765625,54.09930419921875,0.6698672771453857,-1,-1,-1
191,11,4714.01171875,725.2623291015625,53.86181640625,73.42535400390625,0.47564423084259033,-1,-1,-1
191,1,5288.93896484375,859.2459716796875,104.46875,104.6219482421875,0.46356266736984253,-1,-1,-1
191,256,4477.68359375,625.513916015625,20.556640625,49.44891357421875,0.5097604393959045,-1,-1,-1
191,264,3687.370361328125,574.5864868164062,20.965576171875,44.3189697265625,0.3541214168071747,-1,-1,-1
191,221,4116.82373046875,543.0534057617188,17.72314453125,35.81854248046875,0.28926777839660645,-1,-1,-1
192,2,4879.9345703125,730.459228515625,37.48486328125,78.3446044921875,0.6217954754829407,-1,-1,-1
192,94,4390.38330078125,699.8478393554688,40.8154296875,76.51776123046875,0.580423891544342,-1,-1,-1
192,3,4558.41748046875,746.8126831054688,38.1748046875,91.33135986328125,0.6745346188545227,-1,-1,-1
192,18,3310.564208984375,630.870849609375,23.551025390625,64.64166259765625,0.32238587737083435,-1,-1,-1
192,89,3337.08154296875,624.8548583984375,25.45361328125,61.7503662109375,0.44733181595802307,-1,-1,-1
192,133,3743.9521484375,649.8831176757812,26.39306640625,57.06756591796875,0.702161431312561,-1,-1,-1
192,11,4724.6748046875,723.2326049804688,50.12451171875,74.079345703125,0.6507206559181213,-1,-1,-1
192,1,5297.4990234375,859.677001953125,107.806640625,104.5733642578125,0.4247627854347229,-1,-1,-1
192,256,4480.61376953125,623.6448974609375,24.28369140625,51.290771484375,0.47021904587745667,-1,-1,-1
192,264,3693.011474609375,574.210205078125,18.304931640625,44.20062255859375,0.41825175285339355,-1,-1,-1
192,221,4118.33349609375,544.6574096679688,18.427734375,34.85345458984375,0.34787172079086304,-1,-1,-1
193,2,4883.923828125,727.6552124023438,37.6162109375,81.62615966796875,0.6215079426765442,-1,-1,-1
193,94,4396.7919921875,699.4434814453125,36.6845703125,77.83294677734375,0.6988893747329712,-1,-1,-1
193,3,4562.72216796875,747.4669189453125,37.40478515625,90.30157470703125,0.7321880459785461,-1,-1,-1
193,89,3330.477783203125,624.9784545898438,34.917724609375,65.18499755859375,0.46529603004455566,-1,-1,-1
193,133,3750.078369140625,649.9896850585938,26.327392578125,59.15484619140625,0.557967483997345,-1,-1,-1
193,11,4727.24365234375,722.4058227539062,54.68212890625,70.32598876953125,0.560380220413208,-1,-1,-1
193,1,5305.3779296875,860.50830078125,107.93896484375,103.70361328125,0.3704502284526825,-1,-1,-1
193,256,4484.35205078125,624.9821166992188,26.330078125,50.825439453125,0.3081616759300232,-1,-1,-1
193,264,3695.6416015625,572.635009765625,19.6787109375,44.8880615234375,0.3237863779067993,-1,-1,-1
193,221,4120.3203125,544.4655151367188,18.29931640625,34.692138671875,0.4519902467727661,-1,-1,-1
194,2,4886.12109375,726.2669677734375,39.12744140625,83.37542724609375,0.6050693392753601,-1,-1,-1
194,94,4402.62158203125,701.0341186523438,33.48779296875,75.9434814453125,0.6584793925285339,-1,-1,-1
194,3,4566.4609375,747.0542602539062,38.45068359375,90.435546875,0.7786356806755066,-1,-1,-1
194,89,3327.626953125,626.7150268554688,38.905517578125,66.55633544921875,0.3662135601043701,-1,-1,-1
194,133,3755.36181640625,650.1514282226562,24.974365234375,59.2442626953125,0.5404030680656433,-1,-1,-1
194,11,4744.08349609375,721.6163940429688,46.474609375,68.0238037109375,0.429233580827713,-1,-1,-1
194,256,4487.61572265625,624.7664184570312,27.7236328125,50.87652587890625,0.3509361445903778,-1,-1,-1
194,221,4121.6572265625,544.658935546875,18.681640625,34.7991943359375,0.38541147112846375,-1,-1,-1
195,2,4890.2353515625,725.0794067382812,37.322265625,83.905517578125,0.4756319224834442,-1,-1,-1
195,94,4406.62451171875,700.288330078125,33.6025390625,75.70391845703125,0.7114526629447937,-1,-1,-1
195,3,4567.81689453125,746.1233520507812,43.9384765625,90.782958984375,0.7945548295974731,-1,-1,-1
195,89,3332.57763671875,626.8027954101562,40.057861328125,66.59197998046875,0.485763818025589,-1,-1,-1
195,133,3758.6171875,650.0144653320312,25.801025390625,59.4786376953125,0.6059311032295227,-1,-1,-1
195,11,4756.10693359375,719.9817504882812,39.44384765625,71.3177490234375,0.5646649599075317,-1,-1,-1
195,256,4489.48486328125,623.2282104492188,31.06689453125,51.6959228515625,0.45750901103019714,-1,-1,-1
195,221,4123.3359375,544.2359008789062,20.21240234375,33.98516845703125,0.34886184334754944,-1,-1,-1
195,225,3955.832275390625,604.371337890625,24.909912109375,51.8060302734375,0.3905062675476074,-1,-1,-1
196,2,4893.79345703125,722.390869140625,41.38623046875,83.63897705078125,0.5982226729393005,-1,-1,-1
196,94,4407.58251953125,699.5853271484375,36.2763671875,76.99310302734375,0.7447196245193481,-1,-1,-1
196,3,4569.6767578125,745.1864013671875,48.00341796875,90.2781982421875,0.712200403213501,-1,-1,-1
196,89,3334.09716796875,627.557373046875,34.4345703125,67.20953369140625,0.41489318013191223,-1,-1,-1
196,133,3761.968994140625,649.2365112304688,28.099853515625,60.7984619140625,0.6030484437942505,-1,-1,-1
196,11,4760.15087890625,718.855712890625,40.4501953125,74.93841552734375,0.7050238251686096,-1,-1,-1
196,256,4493.72607421875,623.3462524414062,30.24462890625,50.0562744140625,0.40382927656173706,-1,-1,-1
196,225,3959.615966796875,603.4614868164062,24.940673828125,52.666748046875,0.4800645709037781,-1,-1,-1
196,1,5327.2119140625,861.0593872070312,113.572265625,101.4481201171875,0.4012841284275055,-1,-1,-1
196,264,3704.8828125,577.9268188476562,22.85302734375,37.7169189453125,0.34458568692207336,-1,-1,-1
197,2,4896.013671875,721.8673095703125,44.06591796875,83.49713134765625,0.6687751412391663,-1,-1,-1
197,94,4408.00537109375,698.1643676757812,40.0595703125,78.38861083984375,0.7229155898094177,-1,-1,-1
197,3,4573.6376953125,744.259033203125,49.341796875,86.90234375,0.5524626970291138,-1,-1,-1
197,89,3336.06884765625,628.4058227539062,30.5888671875,68.24676513671875,0.4400174617767334,-1,-1,-1
197,133,3765.587158203125,648.9331665039062,29.72607421875,60.00091552734375,0.6980044841766357,-1,-1,-1
197,11,4767.77880859375,719.111328125,36.57373046875,75.61102294921875,0.7306128144264221,-1,-1,-1
197,256,4498.9365234375,623.2927856445312,26.44873046875,50.4927978515625,0.527464747428894,-1,-1,-1
197,225,3963.645263671875,602.8406372070312,24.61572265625,54.28369140625,0.4874061644077301,-1,-1,-1
197,288,3351.896728515625,625.598876953125,29.703857421875,70.7054443359375,0.5079436898231506,-1,-1,-1
197,1,5332.359375,859.705078125,117.76171875,103.70794677734375,0.5214741230010986,-1,-1,-1
197,264,3708.73779296875,577.0927124023438,22.39892578125,37.739501953125,0.3882996141910553,-1,-1,-1
197,191,4032.228515625,521.4223022460938,26.8955078125,34.5299072265625,0.35884177684783936,-1,-1,-1
198,2,4896.98388671875,721.6197509765625,50.23974609375,82.3690185546875,0.5578248500823975,-1,-1,-1
198,94,4411.744140625,696.3789672851562,40.208984375,78.52337646484375,0.5957143306732178,-1,-1,-1
198,3,4582.59130859375,744.9102172851562,45.0947265625,86.517822265625,0.6739489436149597,-1,-1,-1
198,133,3768.68115234375,648.3423461914062,31.583984375,55.970703125,0.6102945804595947,-1,-1,-1
198,11,4774.361328125,719.1937255859375,35.09228515625,73.4593505859375,0.6153597831726074,-1,-1,-1
198,256,4504.3134765625,623.1236572265625,26.09814453125,52.91552734375,0.49260205030441284,-1,-1,-1
198,225,3967.60693359375,603.6909790039062,24.632568359375,52.45050048828125,0.49135079979896545,-1,-1,-1
198,288,3350.465576171875,626.5830078125,32.7626953125,69.21826171875,0.5508435368537903,-1,-1,-1
198,1,5344.6845703125,857.2659301757812,116.458984375,105.4766845703125,0.6898618340492249,-1,-1,-1
198,264,3712.63720703125,575.6818237304688,22.246337890625,39.742431640625,0.471942275762558,-1,-1,-1
198,191,4034.09423828125,522.0532836914062,27.9072265625,35.49041748046875,0.35134246945381165,-1,-1,-1
199,2,4898.97314453125,721.1969604492188,51.02587890625,81.7421875,0.5952582359313965,-1,-1,-1
199,94,4414.26708984375,695.4854736328125,42.0224609375,76.76123046875,0.4833172559738159,-1,-1,-1
199,3,4591.64306640625,744.7301025390625,42.900390625,86.530517578125,0.7143455743789673,-1,-1,-1
199,133,3769.88818359375,649.4052124023438,34.345947265625,56.84100341796875,0.3367944359779358,-1,-1,-1
199,11,4781.29443359375,718.5228881835938,33.76513671875,70.1671142578125,0.6046008467674255,-1,-1,-1
199,256,4507.98681640625,621.9887084960938,26.62890625,56.49090576171875,0.4960762560367584,-1,-1,-1
199,225,3970.611572265625,603.6063842773438,24.762939453125,51.82525634765625,0.43680500984191895,-1,-1,-1
199,288,3349.174072265625,626.4637451171875,36.023681640625,70.91229248046875,0.6300172805786133,-1,-1,-1
199,1,5353.41455078125,855.37890625,117.291015625,106.127685546875,0.44250649213790894,-1,-1,-1
199,264,3717.501708984375,576.3618774414062,21.38134765625,41.5028076171875,0.5022602081298828,-1,-1,-1
200,2,4901.98291015625,720.4396362304688,49.85205078125,79.38720703125,0.6249741911888123,-1,-1,-1
200,94,4420.61083984375,694.8597412109375,41.517578125,79.15972900390625,0.5669533610343933,-1,-1,-1
200,3,4597.5966796875,745.9844970703125,42.0048828125,86.15289306640625,0.7788611054420471,-1,-1,-1
200,133,3779.18359375,651.5989990234375,29.71484375,54.69512939453125,0.5173076391220093,-1,-1,-1
200,11,4785.13720703125,716.6153564453125,38.35986328125,70.8863525390625,0.6312925815582275,-1,-1,-1
200,256,4511.6171875,621.894287109375,27.88623046875,56.78076171875,0.4889417886734009,-1,-1,-1
200,225,3976.069580078125,604.1426391601562,22.32275390625,51.95721435546875,0.2934480607509613,-1,-1,-1
200,288,3350.6669921875,628.5849609375,37.994140625,69.757080078125,0.7075361609458923,-1,-1,-1
200,1,5368.8115234375,856.4229125976562,110.12890625,107.09637451171875,0.41807717084884644,-1,-1,-1
200,264,3721.635498046875,577.2130126953125,20.355224609375,41.3597412109375,0.4141128659248352,-1,-1,-1
201,2,4904.9345703125,720.0174560546875,49.35107421875,77.1634521484375,0.5946857333183289,-1,-1,-1
201,94,4426.48876953125,694.669921875,40.90234375,78.6163330078125,0.7139714956283569,-1,-1,-1
201,3,4603.8125,745.2831420898438,42.755859375,86.37347412109375,0.7163637280464172,-1,-1,-1
201,133,3784.905517578125,650.5272827148438,28.38623046875,55.57171630859375,0.6410244107246399,-1,-1,-1
201,11,4788.7333984375,713.6992797851562,40.0068359375,72.1611328125,0.7070336937904358,-1,-1,-1
201,256,4514.060546875,622.6859741210938,28.71240234375,52.35223388671875,0.45654192566871643,-1,-1,-1
201,225,3980.397705078125,604.9290161132812,20.13671875,51.67724609375,0.30034592747688293,-1,-1,-1
201,288,3356.783203125,629.3309326171875,34.835693359375,68.57611083984375,0.763057291507721,-1,-1,-1
201,1,5391.95849609375,857.2649536132812,100.09765625,109.1632080078125,0.6241530179977417,-1,-1,-1
202,2,4912.86767578125,719.6121826171875,42.9453125,76.18798828125,0.515684962272644,-1,-1,-1
202,94,4433.8291015625,698.60546875,36.81640625,74.516357421875,0.6895396113395691,-1,-1,-1
202,3,4608.2666015625,745.6865844726562,43.2783203125,84.75286865234375,0.6280220746994019,-1,-1,-1
202,133,3792.447265625,650.9166259765625,23.797607421875,55.32684326171875,0.6757434606552124,-1,-1,-1
202,11,4795.40283203125,712.654296875,37.181640625,70.20184326171875,0.6078766584396362,-1,-1,-1
202,256,4517.4580078125,623.0306396484375,30.0302734375,49.39068603515625,0.3496321439743042,-1,-1,-1
202,225,3984.203369140625,604.2526245117188,19.279541015625,48.47943115234375,0.2993713617324829,-1,-1,-1
202,288,3359.48388671875,631.671630859375,34.129150390625,66.5716552734375,0.689145565032959,-1,-1,-1
202,1,5385.43212890625,858.1177978515625,118.28173828125,109.69207763671875,0.43449667096138,-1,-1,-1
203,2,4918.59033203125,719.5609741210938,40.82568359375,76.21295166015625,0.5888761878013611,-1,-1,-1
203,94,4439.466796875,699.0355224609375,37.0205078125,73.35711669921875,0.6653400659561157,-1,-1,-1
203,3,4610.2314453125,745.3118286132812,46.1376953125,83.5859375,0.5829395055770874,-1,-1,-1
203,133,3796.506591796875,650.5006103515625,22.7978515625,56.6209716796875,0.7156394124031067,-1,-1,-1
203,11,4800.38671875,712.64404296875,38.6298828125,73.16058349609375,0.5184042453765869,-1,-1,-1
203,256,4520.568359375,622.7512817382812,29.826171875,49.44085693359375,0.43002158403396606,-1,-1,-1
203,225,3986.642578125,601.5567626953125,20.61279296875,53.4248046875,0.45551562309265137,-1,-1,-1
203,288,3365.303466796875,630.808837890625,32.6171875,68.39373779296875,0.5258998870849609,-1,-1,-1
203,1,5390.103515625,859.4030151367188,130.2646484375,109.212646484375,0.33311763405799866,-1,-1,-1
203,264,3733.824951171875,579.2095336914062,19.388916015625,38.3028564453125,0.3770110011100769,-1,-1,-1
204,2,4920.4580078125,719.2245483398438,42.8701171875,75.4481201171875,0.6649448871612549,-1,-1,-1
204,94,4443.51220703125,698.0183715820312,39.685546875,73.68255615234375,0.5507636070251465,-1,-1,-1
204,3,4615.24609375,741.579833984375,47.849609375,85.62457275390625,0.6579022407531738,-1,-1,-1
204,133,3801.741455078125,649.1964721679688,23.5849609375,56.4029541015625,0.6346586346626282,-1,-1,-1
204,11,4803.30859375,710.0399169921875,42.16064453125,77.9290771484375,0.5754533410072327,-1,-1,-1
204,256,4524.2138671875,622.32958984375,28.0859375,45.75885009765625,0.45381760597229004,-1,-1,-1
204,225,3989.680419921875,600.7687377929688,20.853759765625,54.85552978515625,0.5765826106071472,-1,-1,-1
204,288,3367.348388671875,627.3868408203125,35.803955078125,72.91375732421875,0.5879634022712708,-1,-1,-1
204,1,5409.71826171875,859.841064453125,125.76513671875,108.64678955078125,0.5858298540115356,-1,-1,-1
204,264,3736.793701171875,578.1885375976562,19.2822265625,39.887451171875,0.4688858687877655,-1,-1,-1
205,2,4920.81005859375,719.1460571289062,44.9287109375,74.4503173828125,0.7002369165420532,-1,-1,-1
205,94,4447.82763671875,697.3204956054688,39.9482421875,73.57403564453125,0.5924895405769348,-1,-1,-1
205,3,4621.08447265625,738.8486938476562,47.37158203125,86.6707763671875,0.6918867230415344,-1,-1,-1
205,133,3804.2236328125,646.0903930664062,26.229736328125,60.0567626953125,0.5610038042068481,-1,-1,-1
205,11,4801.34326171875,710.0185546875,52.5810546875,78.74884033203125,0.6123950481414795,-1,-1,-1
205,256,4527.36962890625,622.7447509765625,27.5263671875,42.76287841796875,0.48989492654800415,-1,-1,-1
205,225,3992.3232421875,601.4596557617188,22.674072265625,54.66680908203125,0.48679181933403015,-1,-1,-1
205,288,3374.842529296875,626.3871459960938,33.654541015625,67.40496826171875,0.5601910948753357,-1,-1,-1
205,1,5409.9931640625,859.6272583007812,135.06298828125,107.260009765625,0.46668609976768494,-1,-1,-1
205,264,3740.501220703125,577.448486328125,20.519287109375,38.88470458984375,0.5450521111488342,-1,-1,-1
206,2,4921.23291015625,719.609130859375,48.1943359375,73.49066162109375,0.6860916018486023,-1,-1,-1
206,94,4450.86376953125,695.2496948242188,39.47412109375,76.7579345703125,0.7086619138717651,-1,-1,-1
206,3,4626.73828125,737.6781005859375,46.83447265625,86.2864990234375,0.6568456888198853,-1,-1,-1
206,133,3807.029296875,645.4698486328125,28.113525390625,62.3072509765625,0.5616588592529297,-1,-1,-1
206,11,4802.384765625,709.4644165039062,55.15625,79.56048583984375,0.506315290927887,-1,-1,-1
206,256,4533.12109375,622.6253662109375,25.3369140625,42.88623046875,0.4535599648952484,-1,-1,-1
206,288,3378.2587890625,626.0769653320312,33.347412109375,62.902587890625,0.5155223608016968,-1,-1,-1
206,1,5433.685546875,859.101318359375,116.96875,107.78204345703125,0.6952513456344604,-1,-1,-1
206,264,3743.294189453125,575.5946044921875,21.21875,40.1510009765625,0.5077250003814697,-1,-1,-1
207,2,4922.31787109375,720.3858032226562,49.67138671875,72.0294189453125,0.659839928150177,-1,-1,-1
207,94,4454.609375,693.0560913085938,40.70263671875,76.96636962890625,0.7036346197128296,-1,-1,-1
207,3,4634.32421875,738.03076171875,45.208984375,85.094482421875,0.5756368041038513,-1,-1,-1
207,133,3811.592041015625,645.4886474609375,27.0859375,58.722412109375,0.5296165943145752,-1,-1,-1
207,11,4805.14599609375,708.2321166992188,58.1552734375,74.9254150390625,0.6457186937332153,-1,-1,-1
207,256,4535.52685546875,621.81787109375,25.02099609375,46.38702392578125,0.35966378450393677,-1,-1,-1
207,288,3384.25927734375,625.4678955078125,29.80908203125,66.80804443359375,0.6343950033187866,-1,-1,-1
207,1,5435.39453125,858.2138671875,117.8984375,108.05902099609375,0.6636462211608887,-1,-1,-1
207,264,3745.031494140625,574.5117797851562,21.175048828125,39.819580078125,0.45836031436920166,-1,-1,-1
208,2,4925.52294921875,719.9642333984375,47.82666015625,71.6541748046875,0.6596548557281494,-1,-1,-1
208,94,4457.373046875,690.9813842773438,42.6962890625,75.96759033203125,0.6925461292266846,-1,-1,-1
208,3,4640.56884765625,737.9771728515625,43.63232421875,88.23114013671875,0.7144579291343689,-1,-1,-1
208,133,3815.612548828125,644.7332763671875,27.838134765625,56.35931396484375,0.6124931573867798,-1,-1,-1
208,11,4812.75,706.3364868164062,55.373046875,73.59716796875,0.6599372029304504,-1,-1,-1
208,256,4538.982421875,621.6727294921875,26.26025390625,48.07452392578125,0.3887699842453003,-1,-1,-1
208,288,3388.84423828125,624.0531005859375,29.51708984375,71.900390625,0.6397366523742676,-1,-1,-1
208,1,5442.783203125,858.6192626953125,115.51708984375,108.4364013671875,0.7134531736373901,-1,-1,-1
208,264,3747.843505859375,577.5464477539062,21.148193359375,35.3028564453125,0.338000625371933,-1,-1,-1
208,225,4004.403564453125,602.3237915039062,22.03857421875,50.08306884765625,0.3446584939956665,-1,-1,-1
209,2,4927.95703125,719.4959106445312,44.27001953125,70.97076416015625,0.6569736003875732,-1,-1,-1
209,94,4461.71826171875,690.4161376953125,42.4072265625,74.12451171875,0.6659228801727295,-1,-1,-1
209,3,4646.87890625,738.065673828125,42.03857421875,87.8076171875,0.7058921456336975,-1,-1,-1
209,133,3820.648681640625,644.57763671875,26.5654296875,56.8482666015625,0.6387885212898254,-1,-1,-1
209,11,4816.49072265625,704.4803466796875,57.1513671875,70.935302734375,0.613143801689148,-1,-1,-1
209,256,4544.2421875,622.4348754882812,25.7587890625,47.38580322265625,0.4377662241458893,-1,-1,-1
209,288,3393.54248046875,625.2176513671875,29.407470703125,71.46844482421875,0.42501959204673767,-1,-1,-1
209,1,5451.2939453125,858.2763061523438,115.97265625,108.3797607421875,0.7012999057769775,-1,-1,-1
209,225,4009.300048828125,602.2303466796875,20.971923828125,48.70733642578125,0.3836289346218109,-1,-1,-1
210,2,4925.33935546875,718.7986450195312,50.56201171875,71.25921630859375,0.5662822723388672,-1,-1,-1
210,94,4465.88134765625,690.5872802734375,40.8212890625,73.5067138671875,0.6442520618438721,-1,-1,-1
210,3,4652.15771484375,738.4833374023438,40.515625,86.0777587890625,0.7294626832008362,-1,-1,-1
210,133,3823.17333984375,644.285888671875,28.22998046875,57.15093994140625,0.6274315714836121,-1,-1,-1
210,11,4823.08740234375,704.3422241210938,55.49560546875,69.7088623046875,0.6007626056671143,-1,-1,-1
210,256,4546.93701171875,621.6376342773438,27.89892578125,49.80340576171875,0.4833064079284668,-1,-1,-1
210,288,3399.955810546875,626.0472412109375,28.609130859375,72.15167236328125,0.40648746490478516,-1,-1,-1
210,1,5462.091796875,857.9781494140625,117.26513671875,108.151123046875,0.6547496318817139,-1,-1,-1
210,225,4012.66162109375,602.539306640625,19.9599609375,48.6380615234375,0.4231785833835602,-1,-1,-1
211,2,4924.1875,716.2003784179688,54.2802734375,72.1728515625,0.5355710983276367,-1,-1,-1
211,94,4470.990234375,691.0501098632812,37.6669921875,73.81488037109375,0.6104291081428528,-1,-1,-1
211,3,4657.96337890625,737.6939697265625,38.73583984375,88.57958984375,0.7422992587089539,-1,-1,-1
211,133,3829.106689453125,644.48095703125,26.60595703125,59.74755859375,0.5373257994651794,-1,-1,-1
211,11,4827.80615234375,704.939697265625,55.4033203125,70.72100830078125,0.589211642742157,-1,-1,-1
211,256,4548.771484375,621.0289916992188,28.74267578125,50.63177490234375,0.4416082203388214,-1,-1,-1
211,288,3404.708251953125,627.4495239257812,26.9345703125,69.00347900390625,0.44523435831069946,-1,-1,-1
211,1,5471.7109375,860.0620727539062,122.5576171875,106.4478759765625,0.5595289468765259,-1,-1,-1
211,225,4014.990478515625,601.2836303710938,19.463623046875,50.8272705078125,0.4383137822151184,-1,-1,-1
211,264,3763.032470703125,576.4630126953125,17.93798828125,38.08917236328125,0.4239661693572998,-1,-1,-1
212,2,4923.5380859375,714.0441284179688,56.890625,69.7376708984375,0.5178737640380859,-1,-1,-1
212,94,4475.93408203125,690.8502197265625,34.9111328125,74.43255615234375,0.523368239402771,-1,-1,-1
212,3,4663.3779296875,736.5170288085938,37.1181640625,89.03131103515625,0.6560737490653992,-1,-1,-1
212,133,3834.443359375,645.5880126953125,26.399169921875,60.734375,0.48882052302360535,-1,-1,-1
212,11,4833.783203125,705.1024169921875,53.25537109375,71.4910888671875,0.5648640990257263,-1,-1,-1
212,256,4551.33447265625,620.0987548828125,27.79833984375,49.4195556640625,0.42319607734680176,-1,-1,-1
212,288,3411.3017578125,627.6678466796875,25.2626953125,69.35174560546875,0.5583154559135437,-1,-1,-1
212,1,5482.37548828125,861.3035888671875,123.22119140625,105.39886474609375,0.36424481868743896,-1,-1,-1
212,225,4018.337158203125,601.176513671875,17.313232421875,50.87811279296875,0.36699971556663513,-1,-1,-1
212,264,3767.37744140625,575.1762084960938,16.66455078125,38.19659423828125,0.439187616109848,-1,-1,-1
213,2,4924.73291015625,712.6495361328125,56.966796875,65.220703125,0.4966829717159271,-1,-1,-1
213,94,4481.30712890625,691.0573120117188,32.5810546875,74.19671630859375,0.5037431120872498,-1,-1,-1
213,3,4666.78173828125,733.63330078125,38.37890625,88.8446044921875,0.574591875076294,-1,-1,-1
213,133,3838.63427734375,645.3802490234375,24.910888671875,61.156982421875,0.5087230801582336,-1,-1,-1
213,11,4841.22119140625,704.2642822265625,49.33154296875,72.94244384765625,0.5861876606941223,-1,-1,-1
213,256,4555.0830078125,621.2764282226562,26.54443359375,44.05859375,0.4922984540462494,-1,-1,-1
213,288,3413.898193359375,627.9767456054688,25.696044921875,70.3145751953125,0.641791045665741,-1,-1,-1
213,1,5490.3857421875,862.8683471679688,124.8388671875,103.38104248046875,0.26053494215011597,-1,-1,-1
213,225,4019.78076171875,601.9425659179688,19.336181640625,51.29754638671875,0.35665297508239746,-1,-1,-1
213,264,3769.778076171875,574.4286499023438,19.145263671875,39.28460693359375,0.45893049240112305,-1,-1,-1
214,2,4927.59423828125,711.7724609375,55.46240234375,60.5384521484375,0.547328770160675,-1,-1,-1
214,94,4484.2041015625,691.864501953125,33.85546875,74.35089111328125,0.6617953181266785,-1,-1,-1
214,3,4670.0478515625,732.1400756835938,39.478515625,88.5244140625,0.6680824160575867,-1,-1,-1
214,133,3844.6376953125,645.7927856445312,21.23681640625,56.6339111328125,0.6486117243766785,-1,-1,-1
214,11,4846.349609375,702.8948364257812,45.83447265625,72.748779296875,0.6742863655090332,-1,-1,-1
214,256,4560.27685546875,620.7051391601562,25.2236328125,43.198974609375,0.39879870414733887,-1,-1,-1
214,288,3417.210693359375,626.788330078125,26.913330078125,70.230712890625,0.613753616809845,-1,-1,-1
214,1,5502.53369140625,863.2236938476562,123.1875,100.89898681640625,0.3824125826358795,-1,-1,-1
214,225,4021.367431640625,602.31591796875,21.1162109375,48.55328369140625,0.4127843976020813,-1,-1,-1
214,264,3771.734619140625,573.043701171875,19.661865234375,40.9227294921875,0.42995333671569824,-1,-1,-1
215,2,4929.6474609375,710.8587646484375,55.6328125,62.13201904296875,0.5868024230003357,-1,-1,-1
215,94,4488.185546875,691.0501098632812,33.77734375,73.45733642578125,0.7047557830810547,-1,-1,-1
215,3,4673.34326171875,731.9031372070312,41.3623046875,86.81341552734375,0.7093708515167236,-1,-1,-1
215,133,3847.30517578125,646.0637817382812,23.5693359375,55.90765380859375,0.6784039735794067,-1,-1,-1
215,11,4851.318359375,700.1649780273438,45.17333984375,72.8336181640625,0.6301449537277222,-1,-1,-1
215,256,4562.59423828125,620.7584838867188,25.12353515625,43.00958251953125,0.4001519978046417,-1,-1,-1
215,288,3420.285400390625,625.6151733398438,31.791015625,72.753173828125,0.4901534616947174,-1,-1,-1
215,1,5498.658203125,861.9214477539062,137.45166015625,103.37451171875,0.39138537645339966,-1,-1,-1
215,225,4023.73486328125,602.922607421875,22.2294921875,47.35205078125,0.4934849739074707,-1,-1,-1
215,264,3773.1923828125,571.5906372070312,21.927490234375,42.9637451171875,0.45727312564849854,-1,-1,-1
216,2,4928.98779296875,710.5137329101562,58.61669921875,61.80731201171875,0.5689135193824768,-1,-1,-1
216,94,4489.853515625,689.0830688476562,36.28759765625,74.46240234375,0.7440687417984009,-1,-1,-1
216,3,4676.24853515625,731.7056884765625,42.48291015625,82.81219482421875,0.7615725994110107,-1,-1,-1
216,133,3849.850341796875,643.0244140625,24.927978515625,61.67425537109375,0.7085080146789551,-1,-1,-1
216,11,4857.81689453125,699.1546020507812,43.28271484375,70.06500244140625,0.5922620296478271,-1,-1,-1
216,256,4564.61376953125,620.780517578125,26.50341796875,44.09893798828125,0.3694154620170593,-1,-1,-1
216,288,3422.901123046875,623.9362182617188,34.451904296875,74.658935546875,0.629403293132782,-1,-1,-1
216,1,5504.03759765625,859.9577026367188,139.037109375,105.84222412109375,0.5094397664070129,-1,-1,-1
216,225,4025.685791015625,602.0519409179688,23.823486328125,48.477294921875,0.4505901634693146,-1,-1,-1
217,2,4929.27099609375,709.6046142578125,61.56494140625,63.31060791015625,0.5072099566459656,-1,-1,-1
217,94,4492.609375,689.9324951171875,38.671875,71.4498291015625,0.6833950877189636,-1,-1,-1
217,3,4679.88232421875,731.287353515625,42.5830078125,81.0394287109375,0.7393191456794739,-1,-1,-1
217,133,3850.797607421875,641.5687866210938,29.3173828125,59.96966552734375,0.6403904557228088,-1,-1,-1
217,11,4859.322265625,698.3212280273438,45.50244140625,68.21124267578125,0.6725534200668335,-1,-1,-1
217,256,4566.95361328125,620.5802612304688,29.06396484375,46.7099609375,0.31922686100006104,-1,-1,-1
217,288,3427.208251953125,622.4113159179688,32.995361328125,74.94830322265625,0.5495510101318359,-1,-1,-1
217,1,5521.22705078125,857.8486328125,131.90625,106.8438720703125,0.4969558119773865,-1,-1,-1
217,225,4029.338134765625,600.0260009765625,24.165771484375,48.01617431640625,0.34112074971199036,-1,-1,-1
218,2,4930.46630859375,708.6317138671875,57.03076171875,64.705078125,0.5923671722412109,-1,-1,-1
218,94,4494.9384765625,691.1696166992188,40.7275390625,69.6602783203125,0.6227440237998962,-1,-1,-1
218,3,4683.84765625,731.0359497070312,42.69580078125,79.32257080078125,0.7230264544487,-1,-1,-1
218,133,3854.109130859375,641.7249755859375,31.67822265625,60.3511962890625,0.493286669254303,-1,-1,-1
218,11,4860.95361328125,698.6190795898438,47.0341796875,65.53662109375,0.5963818430900574,-1,-1,-1
218,256,4569.56298828125,619.9100952148438,31.90380859375,47.159912109375,0.27141961455345154,-1,-1,-1
218,288,3430.219482421875,623.3473510742188,34.077392578125,69.76263427734375,0.4586230516433716,-1,-1,-1
218,1,5531.3330078125,856.0025024414062,131.88916015625,108.539306640625,0.6716222167015076,-1,-1,-1
218,225,4034.392333984375,599.0217895507812,23.032470703125,46.7034912109375,0.4008716344833374,-1,-1,-1
219,2,4931.662109375,707.5357055664062,52.86181640625,64.939453125,0.5529524087905884,-1,-1,-1
219,94,4501.2314453125,688.9885864257812,38.486328125,72.73480224609375,0.6179899573326111,-1,-1,-1
219,3,4687.01904296875,731.4955444335938,43.46435546875,80.246337890625,0.7258513569831848,-1,-1,-1
219,133,3858.205078125,643.0284423828125,32.077880859375,58.8695068359375,0.45324432849884033,-1,-1,-1
219,11,4861.4970703125,698.3309326171875,48.322265625,64.09844970703125,0.47113481163978577,-1,-1,-1
219,256,4571.5693359375,619.12109375,33.33203125,48.982666015625,0.35467463731765747,-1,-1,-1
219,288,3430.99072265625,622.568359375,37.47021484375,69.80694580078125,0.5320939421653748,-1,-1,-1
219,1,5534.265625,856.8756713867188,137.71875,107.786376953125,0.6058878302574158,-1,-1,-1
219,225,4038.137939453125,600.0514526367188,22.64501953125,46.6370849609375,0.4640046954154968,-1,-1,-1
219,264,3789.9970703125,573.9779663085938,18.44970703125,39.5382080078125,0.38108715415000916,-1,-1,-1
220,2,4935.0126953125,706.0155029296875,48.18359375,64.86383056640625,0.5988755822181702,-1,-1,-1
220,94,4505.56982421875,688.0006713867188,37.68505859375,74.22283935546875,0.6531317234039307,-1,-1,-1
220,3,4689.31689453125,731.6932983398438,44.82080078125,82.58544921875,0.6350893974304199,-1,-1,-1
220,133,3863.861083984375,642.519775390625,28.881591796875,60.6962890625,0.4253215193748474,-1,-1,-1
220,11,4863.48876953125,697.3591918945312,51.22314453125,66.0926513671875,0.44111108779907227,-1,-1,-1
220,256,4575.38525390625,617.5780029296875,31.4619140625,49.126220703125,0.3905487060546875,-1,-1,-1
220,288,3435.6943359375,621.9097900390625,36.5439453125,70.9307861328125,0.6784347295761108,-1,-1,-1
220,1,5538.4677734375,857.6469116210938,147.693359375,110.71502685546875,0.709135115146637,-1,-1,-1
220,225,4041.220947265625,600.2080078125,21.09375,49.25311279296875,0.48187682032585144,-1,-1,-1
220,264,3794.479248046875,575.7877197265625,17.002197265625,36.4921875,0.34200721979141235,-1,-1,-1
221,2,4937.23583984375,704.7210083007812,48.5986328125,63.6383056640625,0.5155029892921448,-1,-1,-1
221,94,4510.77099609375,690.978271484375,37.294921875,71.30548095703125,0.6384894251823425,-1,-1,-1
221,3,4692.7548828125,728.132080078125,43.5078125,86.56463623046875,0.6587400436401367,-1,-1,-1
221,133,3868.294189453125,643.7535400390625,27.443115234375,58.74822998046875,0.46976906061172485,-1,-1,-1
221,11,4863.57275390625,696.5870361328125,51.97998046875,68.31939697265625,0.3653113842010498,-1,-1,-1
221,256,4579.07275390625,617.635009765625,31.41162109375,46.6851806640625,0.3737666606903076,-1,-1,-1
221,288,3439.809326171875,623.7501831054688,37.00634765625,69.14202880859375,0.5217772126197815,-1,-1,-1
221,1,5545.38720703125,858.764404296875,153.74658203125,111.52105712890625,0.6259814500808716,-1,-1,-1
221,225,4045.276611328125,599.52392578125,18.43408203125,50.7109375,0.49446600675582886,-1,-1,-1
221,264,3796.856201171875,574.9335327148438,18.197265625,39.6314697265625,0.4624909460544586,-1,-1,-1
222,2,4936.6865234375,703.9136962890625,50.48681640625,61.657958984375,0.3819712996482849,-1,-1,-1
222,94,4513.6533203125,692.060791015625,38.59326171875,69.63690185546875,0.6133752465248108,-1,-1,-1
222,3,4697.2333984375,725.46826171875,41.83154296875,87.46319580078125,0.621421754360199,-1,-1,-1
222,133,3872.482666015625,643.9505004882812,27.044677734375,59.1298828125,0.5910273790359497,-1,-1,-1
222,11,4869.54638671875,694.072998046875,45.4775390625,69.218017578125,0.5562464594841003,-1,-1,-1
222,256,4584.283203125,618.6640014648438,29.68994140625,45.99041748046875,0.3488793969154358,-1,-1,-1
222,288,3443.187744140625,626.083984375,36.375732421875,67.02557373046875,0.39401161670684814,-1,-1,-1
222,225,4047.58447265625,598.9417114257812,18.017822265625,49.707275390625,0.489105761051178,-1,-1,-1
222,264,3801.08349609375,573.9962768554688,16.44287109375,39.79974365234375,0.37555524706840515,-1,-1,-1
223,94,4518.193359375,688.8848266601562,38.267578125,72.47845458984375,0.7262526750564575,-1,-1,-1
223,3,4700.85595703125,722.8123779296875,40.68359375,87.99639892578125,0.6438001394271851,-1,-1,-1
223,133,3876.890869140625,642.9430541992188,24.67431640625,60.05584716796875,0.6737499237060547,-1,-1,-1
223,11,4870.8525390625,693.0120849609375,43.4990234375,65.60504150390625,0.49765971302986145,-1,-1,-1
223,256,4587.8896484375,617.5592041015625,27.419921875,47.7169189453125,0.3180743157863617,-1,-1,-1
223,288,3452.048583984375,627.8411254882812,34.901123046875,64.9534912109375,0.34622833132743835,-1,-1,-1
223,225,4048.7509765625,597.5647583007812,21.144287109375,50.4237060546875,0.3045615553855896,-1,-1,-1
223,264,3803.3603515625,571.8870239257812,18.22412109375,41.19195556640625,0.317844033241272,-1,-1,-1
224,94,4521.22412109375,686.7689208984375,38.6181640625,73.22137451171875,0.6586346626281738,-1,-1,-1
224,3,4702.88623046875,720.7880859375,42.50732421875,87.71759033203125,0.7148637175559998,-1,-1,-1
224,133,3881.865966796875,641.5054931640625,23.10986328125,61.0689697265625,0.6134651899337769,-1,-1,-1
224,11,4868.58837890625,690.8212280273438,46.134765625,66.49761962890625,0.5618903040885925,-1,-1,-1
224,256,4589.34326171875,616.27978515625,27.31103515625,50.35888671875,0.28567779064178467,-1,-1,-1
224,288,3460.04052734375,626.44873046875,32.178955078125,66.48699951171875,0.42609524726867676,-1,-1,-1
224,1,5614.5439453125,858.0968017578125,121.24755859375,111.43292236328125,0.40211221575737,-1,-1,-1
225,94,4524.7919921875,684.71875,38.23876953125,75.00482177734375,0.6402174830436707,-1,-1,-1
225,3,4705.54541015625,719.8328857421875,43.31982421875,85.31048583984375,0.7196229100227356,-1,-1,-1
225,133,3885.055419921875,639.7076416015625,24.94873046875,65.0880126953125,0.45960262417793274,-1,-1,-1
225,11,4870.072265625,688.1398315429688,45.76953125,65.6004638671875,0.5728925466537476,-1,-1,-1
225,256,4593.232421875,615.538330078125,27.39501953125,51.27850341796875,0.36871129274368286,-1,-1,-1
225,288,3461.6435546875,625.275634765625,34.371337890625,67.3695068359375,0.5226840376853943,-1,-1,-1
225,1,5609.03564453125,857.8998413085938,136.6171875,111.68048095703125,0.7493284344673157,-1,-1,-1
225,2,4927.6728515625,702.5558471679688,58.2607421875,59.20379638671875,0.3434859812259674,-1,-1,-1
225,225,4053.976806640625,598.310546875,23.411865234375,49.020751953125,0.2637684643268585,-1,-1,-1
226,94,4528.0869140625,683.2791137695312,38.53369140625,74.72027587890625,0.6221926808357239,-1,-1,-1
226,3,4707.79443359375,719.102783203125,43.43359375,83.7532958984375,0.7030211091041565,-1,-1,-1
226,133,3887.978271484375,639.756591796875,26.883544921875,60.84844970703125,0.3101268708705902,-1,-1,-1
226,11,4871.462890625,686.8536987304688,45.1259765625,65.3909912109375,0.561909019947052,-1,-1,-1
226,256,4596.4208984375,615.7880859375,28.0009765625,52.2489013671875,0.4307485818862915,-1,-1,-1
226,288,3462.0537109375,625.0640869140625,39.243896484375,66.582763671875,0.5467289090156555,-1,-1,-1
226,1,5614.0908203125,857.0885009765625,140.51904296875,110.75408935546875,0.7998762130737305,-1,-1,-1
226,2,4925.92626953125,701.6226806640625,58.43408203125,60.0379638671875,0.40636494755744934,-1,-1,-1
226,225,4055.24609375,597.7401733398438,24.2333984375,48.07183837890625,0.2672886252403259,-1,-1,-1
227,94,4530.30078125,682.02685546875,38.81103515625,76.45269775390625,0.6081191897392273,-1,-1,-1
227,3,4710.86865234375,720.0450439453125,43.08154296875,81.83355712890625,0.6510132551193237,-1,-1,-1
227,133,3891.13671875,638.8900146484375,26.281494140625,55.8677978515625,0.4353562593460083,-1,-1,-1
227,11,4870.88916015625,685.7769165039062,46.48681640625,64.3428955078125,0.5414088368415833,-1,-1,-1
227,256,4599.37646484375,615.3834228515625,29.3115234375,53.2589111328125,0.49969011545181274,-1,-1,-1
227,288,3460.794189453125,624.2787475585938,41.73876953125,64.36456298828125,0.44042062759399414,-1,-1,-1
227,1,5622.30078125,856.9696044921875,140.1923828125,110.3760986328125,0.7923895120620728,-1,-1,-1
227,2,4925.0068359375,701.8762817382812,58.09716796875,58.50091552734375,0.364565908908844,-1,-1,-1
227,225,4058.321044921875,596.8319091796875,23.000732421875,48.918212890625,0.43544408679008484,-1,-1,-1
227,264,3815.239013671875,573.2368774414062,20.86279296875,39.45941162109375,0.38346439599990845,-1,-1,-1
228,94,4532.625,682.1322631835938,39.11083984375,76.1016845703125,0.5568439364433289,-1,-1,-1
228,3,4713.505859375,720.4588623046875,44.16259765625,83.120849609375,0.6191614270210266,-1,-1,-1
228,133,3895.552734375,639.1605224609375,24.374267578125,55.312255859375,0.5062649846076965,-1,-1,-1
228,11,4871.90869140625,684.9279174804688,46.31494140625,65.440185546875,0.5762174725532532,-1,-1,-1
228,256,4601.42529296875,614.4879760742188,31.12841796875,54.5159912109375,0.4918808043003082,-1,-1,-1
228,288,3459.648681640625,623.5404663085938,46.821044921875,64.1282958984375,0.37670227885246277,-1,-1,-1
228,1,5634.09521484375,857.4868774414062,137.37451171875,110.88897705078125,0.7820612788200378,-1,-1,-1
228,2,4929.0205078125,699.6510620117188,54.0126953125,60.11956787109375,0.4979582130908966,-1,-1,-1
228,225,4062.33935546875,595.8933715820312,21.92138671875,49.72845458984375,0.4046802818775177,-1,-1,-1
228,264,3820.927734375,572.5042114257812,18.460693359375,37.05316162109375,0.4148203730583191,-1,-1,-1
229,94,4534.2041015625,683.1939697265625,39.7021484375,72.95123291015625,0.5423028469085693,-1,-1,-1
229,3,4714.82275390625,720.490478515625,44.64208984375,83.6544189453125,0.6294489502906799,-1,-1,-1
229,133,3897.072021484375,637.89990234375,27.047607421875,57.8382568359375,0.5286723375320435,-1,-1,-1
229,11,4872.6025390625,683.4033813476562,46.39794921875,67.22467041015625,0.593183159828186,-1,-1,-1
229,256,4604.38037109375,614.1478881835938,29.52294921875,53.9180908203125,0.5220796465873718,-1,-1,-1
229,288,3463.518310546875,623.4656372070312,36.157470703125,63.9691162109375,0.3575233817100525,-1,-1,-1
229,1,5645.29443359375,856.778564453125,137.33984375,111.75531005859375,0.7145659327507019,-1,-1,-1
229,2,4933.0673828125,697.6439819335938,50.873046875,62.437744140625,0.542094886302948,-1,-1,-1
229,225,4065.77392578125,596.1410522460938,21.053466796875,49.821533203125,0.39349961280822754,-1,-1,-1
229,264,3823.888916015625,572.4215087890625,19.004150390625,36.0594482421875,0.38772889971733093,-1,-1,-1
230,94,4537.6689453125,683.8191528320312,37.69189453125,72.4967041015625,0.5864274501800537,-1,-1,-1
230,3,4716.14208984375,719.7730102539062,43.55224609375,82.71331787109375,0.6566510200500488,-1,-1,-1
230,133,3900.025146484375,637.3777465820312,27.893798828125,59.46319580078125,0.5855000019073486,-1,-1,-1
230,11,4872.2109375,681.5703125,47.55419921875,69.04852294921875,0.5750658512115479,-1,-1,-1
230,256,4608.1865234375,614.6904296875,27.0556640625,52.7921142578125,0.537354052066803,-1,-1,-1
230,288,3467.9111328125,624.8519287109375,27.9619140625,61.5242919921875,0.3878664970397949,-1,-1,-1
230,1,5654.033203125,859.4478149414062,141.01123046875,109.9599609375,0.5736400485038757,-1,-1,-1
230,2,4938.26708984375,696.0640258789062,46.75830078125,64.45465087890625,0.5929974913597107,-1,-1,-1
230,225,4068.168701171875,597.2721557617188,20.7353515625,48.83050537109375,0.379175066947937,-1,-1,-1
230,264,3825.648681640625,571.658203125,19.83349609375,39.295654296875,0.39344632625579834,-1,-1,-1
231,94,4540.2890625,684.9690551757812,37.4677734375,73.46051025390625,0.5719433426856995,-1,-1,-1
231,3,4716.4931640625,718.1832275390625,43.38134765625,82.31427001953125,0.6460477113723755,-1,-1,-1
231,133,3903.340087890625,637.7828979492188,26.74951171875,59.7996826171875,0.5917443633079529,-1,-1,-1
231,11,4872.30712890625,679.1831665039062,48.18212890625,70.674560546875,0.5706688761711121,-1,-1,-1
231,256,4612.7900390625,615.4475708007812,26.41845703125,51.64892578125,0.445039302110672,-1,-1,-1
231,288,3470.418701171875,625.4346313476562,24.488037109375,60.69866943359375,0.3351020812988281,-1,-1,-1
231,1,5660.091796875,863.0237426757812,142.72119140625,105.79644775390625,0.4111539423465729,-1,-1,-1
231,2,4943.833984375,694.7849731445312,42.970703125,66.6097412109375,0.6619107127189636,-1,-1,-1
231,225,4070.735107421875,598.1565551757812,18.892822265625,48.361572265625,0.3123849630355835,-1,-1,-1
231,264,3829.148193359375,570.9588012695312,18.542724609375,38.020263671875,0.2848365306854248,-1,-1,-1
232,94,4544.787109375,685.6558837890625,34.78173828125,71.475341796875,0.5252174139022827,-1,-1,-1
232,3,4716.74951171875,715.2686157226562,43.916015625,82.245849609375,0.6256888508796692,-1,-1,-1
232,133,3907.501220703125,638.6343994140625,25.49951171875,57.98907470703125,0.6032050251960754,-1,-1,-1
232,11,4876.50732421875,676.2734985351562,45.20263671875,72.777587890625,0.5931844115257263,-1,-1,-1
232,256,4616.5712890625,616.7125854492188,27.8798828125,48.17535400390625,0.3873540759086609,-1,-1,-1
232,1,5661.91064453125,863.0941772460938,146.8447265625,105.583251953125,0.45407840609550476,-1,-1,-1
232,2,4948.77490234375,693.60888671875,39.5498046875,67.67803955078125,0.688629686832428,-1,-1,-1
232,225,4073.147216796875,597.119140625,18.315185546875,48.79327392578125,0.3386799693107605,-1,-1,-1
233,94,4548.7744140625,683.7921142578125,32.81298828125,73.97845458984375,0.6789872646331787,-1,-1,-1
233,3,4717.6982421875,713.9525756835938,44.36572265625,80.00238037109375,0.6052860021591187,-1,-1,-1
233,133,3910.240234375,637.4627075195312,26.43896484375,60.16766357421875,0.473982036113739,-1,-1,-1
233,11,4878.7158203125,675.20068359375,43.345703125,70.03472900390625,0.5321102738380432,-1,-1,-1
233,256,4618.88916015625,616.97412109375,27.11572265625,47.36773681640625,0.3145676851272583,-1,-1,-1
233,1,5665.6416015625,860.0076904296875,148.0283203125,108.10394287109375,0.41953369975090027,-1,-1,-1
233,2,4953.0595703125,693.7158203125,37.5,70.18817138671875,0.7275505065917969,-1,-1,-1
233,225,4075.05126953125,596.9542236328125,20.148193359375,48.35955810546875,0.33214622735977173,-1,-1,-1
234,94,4552.3642578125,682.743408203125,32.63330078125,73.878662109375,0.6627152562141418,-1,-1,-1
234,3,4718.400390625,711.4547119140625,44.50341796875,81.45306396484375,0.6750312447547913,-1,-1,-1
234,133,3913.148193359375,637.0490112304688,25.80078125,61.36700439453125,0.5188678503036499,-1,-1,-1
234,11,4882.25830078125,675.3285522460938,39.45947265625,68.09991455078125,0.46289923787117004,-1,-1,-1
234,256,4620.57763671875,616.8911743164062,27.24658203125,46.27508544921875,0.34975576400756836,-1,-1,-1
234,1,5676.763671875,858.5405883789062,144.89501953125,107.94122314453125,0.43476030230522156,-1,-1,-1
234,2,4956.41845703125,694.5130004882812,36.43701171875,70.08282470703125,0.6901370882987976,-1,-1,-1
234,225,4076.0244140625,597.3195190429688,20.36572265625,47.6221923828125,0.3170531094074249,-1,-1,-1
235,94,4553.74462890625,680.2731323242188,33.3291015625,76.106201171875,0.6887097954750061,-1,-1,-1
235,3,4718.7626953125,709.9633178710938,44.87744140625,80.6597900390625,0.6907772421836853,-1,-1,-1
235,133,3916.87744140625,637.4180908203125,24.95947265625,60.80328369140625,0.455740362405777,-1,-1,-1
235,11,4883.2197265625,674.8923950195312,38.3525390625,63.48712158203125,0.4088158905506134,-1,-1,-1
235,256,4621.91064453125,615.6026611328125,28.19482421875,45.9378662109375,0.3027806878089905,-1,-1,-1
235,1,5683.2177734375,856.3192138671875,145.79638671875,109.16595458984375,0.6207291483879089,-1,-1,-1
235,2,4959.357421875,695.2173461914062,35.07470703125,69.23651123046875,0.6384676694869995,-1,-1,-1
235,225,4078.133056640625,597.2643432617188,21.349365234375,46.3211669921875,0.3036514222621918,-1,-1,-1
235,288,3484.208984375,624.6407470703125,26.0595703125,65.6541748046875,0.3651376962661743,-1,-1,-1
235,264,3843.04833984375,570.0814819335938,19.30712890625,35.3546142578125,0.30255869030952454,-1,-1,-1
236,94,4554.6337890625,678.96337890625,34.0380859375,76.30609130859375,0.6689921021461487,-1,-1,-1
236,3,4718.7001953125,708.401123046875,44.47021484375,80.229736328125,0.7213579416275024,-1,-1,-1
236,133,3921.538330078125,637.9664306640625,22.504150390625,55.72662353515625,0.35067692399024963,-1,-1,-1
236,11,4883.658203125,673.9246215820312,38.33154296875,60.7415771484375,0.3835291266441345,-1,-1,-1
236,256,4626.11474609375,613.8670043945312,25.1337890625,47.07684326171875,0.4138393998146057,-1,-1,-1
236,1,5696.9541015625,855.6419677734375,143.22705078125,107.8387451171875,0.6459201574325562,-1,-1,-1
236,2,4959.88427734375,695.9137573242188,41.84912109375,68.19403076171875,0.6178320050239563,-1,-1,-1
236,225,4080.51025390625,597.0038452148438,22.88134765625,46.44659423828125,0.31719014048576355,-1,-1,-1
236,336,3515.726318359375,628.1585083007812,26.058349609375,59.62005615234375,0.37801846861839294,-1,-1,-1
236,264,3847.451904296875,570.0186767578125,17.82861328125,33.36273193359375,0.3428782820701599,-1,-1,-1
237,94,4556.40625,678.0604248046875,32.85302734375,74.88873291015625,0.6225430369377136,-1,-1,-1
237,3,4718.31884765625,707.162841796875,43.98876953125,80.3385009765625,0.7367970943450928,-1,-1,-1
237,133,3925.705810546875,636.4332885742188,19.963134765625,54.12579345703125,0.4878072142601013,-1,-1,-1
237,11,4884.00732421875,672.7260131835938,38.73095703125,59.94073486328125,0.34887486696243286,-1,-1,-1
237,256,4629.19677734375,612.8092041015625,23.76416015625,47.47808837890625,0.4158838391304016,-1,-1,-1
237,1,5705.32373046875,856.067138671875,146.060546875,107.85382080078125,0.7460480332374573,-1,-1,-1
237,2,4960.880859375,695.7400512695312,44.82421875,68.31890869140625,0.5496061444282532,-1,-1,-1
237,336,3520.404296875,626.7316284179688,24.999755859375,60.85760498046875,0.4375608563423157,-1,-1,-1
237,264,3851.224853515625,570.5147094726562,17.329833984375,32.05316162109375,0.3379366993904114,-1,-1,-1
237,288,3490.102294921875,624.0022583007812,24.970947265625,63.33636474609375,0.40740257501602173,-1,-1,-1
238,94,4558.45458984375,679.7902221679688,32.92431640625,73.24688720703125,0.5956597924232483,-1,-1,-1
238,3,4718.33984375,706.8536376953125,43.73828125,80.2498779296875,0.7236121892929077,-1,-1,-1
238,133,3927.545166015625,634.9554443359375,23.093505859375,58.66070556640625,0.5524250864982605,-1,-1,-1
238,11,4884.28857421875,672.940673828125,38.7900390625,59.90313720703125,0.271759569644928,-1,-1,-1
238,256,4631.62109375,611.7215576171875,25.3125,47.248046875,0.37023594975471497,-1,-1,-1
238,1,5707.4033203125,855.4280395507812,153.66455078125,110.419677734375,0.6154066324234009,-1,-1,-1
238,2,4961.5400390625,696.9051513671875,48.0576171875,69.00506591796875,0.5675455927848816,-1,-1,-1
238,336,3526.4599609375,627.7452392578125,22.603759765625,58.23541259765625,0.39918190240859985,-1,-1,-1
238,264,3853.957763671875,571.3809204101562,17.5126953125,31.29547119140625,0.3020850718021393,-1,-1,-1
238,288,3493.431884765625,623.8527221679688,22.09716796875,59.41204833984375,0.4284706711769104,-1,-1,-1
239,94,4559.8203125,680.5259399414062,35.13427734375,72.67999267578125,0.598865807056427,-1,-1,-1
239,3,4718.41796875,705.7555541992188,43.36865234375,80.678955078125,0.7428004741668701,-1,-1,-1
239,133,3930.732421875,634.6318359375,23.619384765625,58.2894287109375,0.6402449607849121,-1,-1,-1
239,11,4884.2080078125,671.2632446289062,38.9716796875,62.832763671875,0.3544771373271942,-1,-1,-1
239,256,4632.4853515625,611.2305297851562,26.35498046875,52.5606689453125,0.45715999603271484,-1,-1,-1
239,1,5708.345703125,856.3009033203125,165.6708984375,111.5863037109375,0.6603232026100159,-1,-1,-1
239,2,4963.86083984375,697.638916015625,49.06689453125,68.4478759765625,0.5396420359611511,-1,-1,-1
239,336,3531.050048828125,628.45751953125,23.3662109375,57.36016845703125,0.4027138948440552,-1,-1,-1
239,288,3496.3056640625,624.2915649414062,22.610595703125,57.55841064453125,0.39435458183288574,-1,-1,-1
240,94,4561.76513671875,679.4912719726562,35.6943359375,74.7303466796875,0.6396663784980774,-1,-1,-1
240,3,4717.591796875,705.27490234375,43.49462890625,78.64434814453125,0.6831269264221191,-1,-1,-1
240,133,3933.712890625,635.133544921875,22.853271484375,55.630615234375,0.5864937901496887,-1,-1,-1
240,11,4884.654296875,669.39599609375,37.81640625,66.06658935546875,0.39034169912338257,-1,-1,-1
240,256,4634.59033203125,611.56494140625,25.427734375,54.23681640625,0.4845637083053589,-1,-1,-1
240,1,5718.474609375,858.322998046875,172.4609375,109.72900390625,0.6163098216056824,-1,-1,-1
240,2,4966.93017578125,698.0443725585938,47.79638671875,68.43463134765625,0.5212292075157166,-1,-1,-1
240,288,3499.131591796875,624.1248168945312,23.202880859375,56.09130859375,0.4993305206298828,-1,-1,-1
240,225,4093.140869140625,596.2100830078125,19.856689453125,46.108642578125,0.3474561274051666,-1,-1,-1
241,94,4563.9111328125,679.7919311523438,35.76904296875,73.87811279296875,0.6047180891036987,-1,-1,-1
241,3,4716.9619140625,704.4959716796875,44.7216796875,77.458251953125,0.6066394448280334,-1,-1,-1
241,133,3936.43408203125,635.2884521484375,21.57958984375,53.36700439453125,0.5261109471321106,-1,-1,-1
241,11,4884.91650390625,667.8822021484375,35.1484375,67.1893310546875,0.31265780329704285,-1,-1,-1
241,256,4635.82373046875,612.2122192382812,26.486328125,51.8587646484375,0.4253474175930023,-1,-1,-1
241,1,5728.7119140625,858.587158203125,176.677734375,108.8990478515625,0.5376569628715515,-1,-1,-1
241,2,4971.77294921875,697.30517578125,43.63818359375,69.62811279296875,0.4886549115180969,-1,-1,-1
241,288,3500.20703125,623.5297241210938,24.81005859375,56.330078125,0.3450942635536194,-1,-1,-1
241,225,4095.038818359375,596.1803588867188,19.481689453125,46.2816162109375,0.3109429180622101,-1,-1,-1
242,94,4566.2373046875,678.455078125,36.20361328125,74.45892333984375,0.610054075717926,-1,-1,-1
242,3,4716.5888671875,701.2239990234375,44.93115234375,78.57769775390625,0.6302105784416199,-1,-1,-1
242,133,3938.2880859375,634.8994140625,23.944580078125,54.55078125,0.46856003999710083,-1,-1,-1
242,256,4637.37109375,612.2396850585938,27.544921875,50.42742919921875,0.42189645767211914,-1,-1,-1
242,1,5763.91015625,858.5491333007812,154.15087890625,108.3681640625,0.33800411224365234,-1,-1,-1
242,2,4974.171875,696.228515625,41.3017578125,70.21881103515625,0.5110121965408325,-1,-1,-1
242,288,3504.099853515625,623.319091796875,24.369384765625,56.4298095703125,0.3078320622444153,-1,-1,-1
242,225,4096.87451171875,597.2327880859375,18.41943359375,45.30987548828125,0.29809942841529846,-1,-1,-1
242,336,3540.94140625,632.2523803710938,22.5869140625,51.96868896484375,0.3024899959564209,-1,-1,-1
243,94,4568.1357421875,677.3553466796875,37.37939453125,74.71612548828125,0.6309014558792114,-1,-1,-1
243,3,4715.1708984375,698.763671875,41.8271484375,77.198974609375,0.656347393989563,-1,-1,-1
243,133,3939.60693359375,635.046630859375,25.201171875,56.16754150390625,0.27283236384391785,-1,-1,-1
243,256,4639.5869140625,611.5604858398438,27.63671875,51.89794921875,0.47504425048828125,-1,-1,-1
243,1,5792.541015625,857.5545043945312,132.69921875,109.06402587890625,0.5945022702217102,-1,-1,-1
243,2,4975.68994140625,694.8098754882812,39.6953125,70.22314453125,0.5508831739425659,-1,-1,-1
243,225,4097.84521484375,596.6773071289062,18.16015625,44.65557861328125,0.320134699344635,-1,-1,-1
243,336,3544.03125,631.7001342773438,21.41455078125,52.6016845703125,0.33159250020980835,-1,-1,-1
243,11,4885.80224609375,665.4951171875,30.826171875,62.75567626953125,0.3870345950126648,-1,-1,-1
244,94,4569.8291015625,676.9423217773438,36.3603515625,73.3272705078125,0.6291091442108154,-1,-1,-1
244,3,4713.9208984375,697.1343383789062,39.384765625,73.0792236328125,0.6271053552627563,-1,-1,-1
244,133,3943.23193359375,636.3001098632812,25.795166015625,53.13946533203125,0.2982824146747589,-1,-1,-1
244,256,4641.92431640625,611.2857055664062,26.6083984375,51.3294677734375,0.3506717085838318,-1,-1,-1
244,1,5783.18212890625,856.3665161132812,146.16259765625,110.42889404296875,0.7239549160003662,-1,-1,-1
244,2,4976.32177734375,693.1210327148438,39.67431640625,71.555419921875,0.5386369824409485,-1,-1,-1
244,225,4100.38525390625,595.9859619140625,16.8310546875,43.635009765625,0.32377806305885315,-1,-1,-1
244,336,3546.352294921875,628.3226928710938,21.035400390625,56.48577880859375,0.47193920612335205,-1,-1,-1
244,11,4885.54931640625,664.4524536132812,30.9873046875,61.59661865234375,0.3862835764884949,-1,-1,-1
245,94,4571.1806640625,675.1032104492188,36.1025390625,74.38446044921875,0.5999730229377747,-1,-1,-1
245,3,4711.94873046875,696.0402221679688,39.056640625,71.41015625,0.6301797032356262,-1,-1,-1
245,133,3945.7470703125,637.2274780273438,25.15673828125,52.0819091796875,0.36545026302337646,-1,-1,-1
245,256,4643.0673828125,611.4635620117188,26.13037109375,48.5758056640625,0.3057926595211029,-1,-1,-1
245,1,5788.9326171875,855.2412719726562,146.830078125,111.463623046875,0.7754500508308411,-1,-1,-1
245,2,4977.19140625,692.0253295898438,39.37353515625,72.32659912109375,0.5130999088287354,-1,-1,-1
245,225,4101.9423828125,595.6640625,18.18212890625,45.246826171875,0.3457423746585846,-1,-1,-1
245,336,3548.7822265625,625.29345703125,22.76123046875,59.01336669921875,0.5996086001396179,-1,-1,-1
245,11,4885.17626953125,664.1284790039062,30.98388671875,59.60565185546875,0.4138762652873993,-1,-1,-1
246,94,4573.7666015625,674.3339233398438,35.33056640625,73.04803466796875,0.6480121612548828,-1,-1,-1
246,3,4710.68359375,695.2979736328125,38.25146484375,70.5426025390625,0.6234336495399475,-1,-1,-1
246,133,3948.660888671875,636.5409545898438,23.408203125,52.81109619140625,0.4704485237598419,-1,-1,-1
246,1,5803.08984375,853.8115234375,140.68212890625,111.924560546875,0.7716917991638184,-1,-1,-1
246,2,4977.28125,691.0608520507812,40.07421875,73.240966796875,0.5225000977516174,-1,-1,-1
246,225,4102.72119140625,595.5156860351562,21.0947265625,43.94525146484375,0.2917100787162781,-1,-1,-1
246,336,3551.618408203125,624.9217529296875,23.185791015625,57.908447265625,0.6534872055053711,-1,-1,-1
246,11,4884.52099609375,664.47900390625,32.07861328125,57.822021484375,0.42413002252578735,-1,-1,-1
246,355,2995.7197265625,518.633056640625,17.841064453125,33.3289794921875,0.32721999287605286,-1,-1,-1
246,264,3877.59912109375,571.6222534179688,19.30126953125,31.1861572265625,0.33814436197280884,-1,-1,-1
247,94,4575.619140625,674.3207397460938,34.6572265625,71.52728271484375,0.6547234058380127,-1,-1,-1
247,3,4706.939453125,694.0523681640625,40.5625,71.57818603515625,0.5953819751739502,-1,-1,-1
247,133,3952.381103515625,635.1284790039062,21.42236328125,52.80419921875,0.536283016204834,-1,-1,-1
247,1,5814.7177734375,854.8927612304688,143.1337890625,111.45458984375,0.7382305860519409,-1,-1,-1
247,2,4976.8779296875,690.3802490234375,39.611328125,73.64166259765625,0.5118107199668884,-1,-1,-1
247,336,3556.37060546875,625.728271484375,21.221435546875,53.3109130859375,0.555387556552887,-1,-1,-1
247,11,4883.7890625,665.0272827148438,32.5693359375,56.54443359375,0.4212137460708618,-1,-1,-1
247,355,2996.056640625,518.4891967773438,17.964111328125,33.26153564453125,0.3136831223964691,-1,-1,-1
247,264,3880.512939453125,570.3875732421875,18.59619140625,32.94830322265625,0.35402217507362366,-1,-1,-1
248,94,4577.0146484375,674.7051391601562,35.087890625,70.97540283203125,0.6565325856208801,-1,-1,-1
248,3,4703.52490234375,692.8087768554688,41.7353515625,72.13714599609375,0.5595901012420654,-1,-1,-1
248,133,3954.656494140625,632.8489990234375,21.1416015625,55.14019775390625,0.5693405270576477,-1,-1,-1
248,1,5823.4658203125,856.8438110351562,144.4072265625,111.0611572265625,0.5630092620849609,-1,-1,-1
248,2,4976.0654296875,690.0603637695312,40.001953125,73.103515625,0.4927492141723633,-1,-1,-1
248,336,3559.552734375,624.9627685546875,23.253173828125,53.04638671875,0.49961256980895996,-1,-1,-1
248,11,4882.212890625,665.4463500976562,33.5625,55.66510009765625,0.4290885925292969,-1,-1,-1
248,355,2996.997314453125,518.6380004882812,17.7470703125,32.78460693359375,0.25191730260849,-1,-1,-1
248,264,3883.693603515625,570.6082763671875,17.70654296875,32.494384765625,0.36176180839538574,-1,-1,-1
248,288,3523.239501953125,624.82666015625,20.08251953125,56.24029541015625,0.3077518045902252,-1,-1,-1
249,94,4577.53857421875,675.556396484375,35.5498046875,69.6522216796875,0.668710470199585,-1,-1,-1
249,3,4700.04296875,692.0228271484375,43.8544921875,73.55401611328125,0.5399618744850159,-1,-1,-1
249,133,3956.33447265625,630.7247924804688,21.79248046875,58.5264892578125,0.632280170917511,-1,-1,-1
249,1,5828.49365234375,859.1260375976562,148.61865234375,107.10589599609375,0.5591669678688049,-1,-1,-1
249,2,4974.49853515625,690.1026000976562,42.3818359375,73.04803466796875,0.49232906103134155,-1,-1,-1
249,336,3560.6474609375,623.5555419921875,25.107421875,54.78143310546875,0.44739237427711487,-1,-1,-1
249,11,4880.2314453125,665.4912719726562,33.95654296875,55.28289794921875,0.44106587767601013,-1,-1,-1
249,288,3525.404052734375,625.8532104492188,21.459716796875,54.74884033203125,0.3271765410900116,-1,-1,-1
250,94,4578.33642578125,675.4067993164062,35.61083984375,69.26580810546875,0.6972370743751526,-1,-1,-1
250,3,4697.33056640625,690.6755981445312,42.86279296875,73.76300048828125,0.5833240151405334,-1,-1,-1
250,133,3958.078857421875,629.0791625976562,22.258056640625,60.1217041015625,0.7055256366729736,-1,-1,-1
250,1,5830.5380859375,860.5694580078125,151.9990234375,105.53466796875,0.4560770094394684,-1,-1,-1
250,2,4972.1650390625,690.0455322265625,47.1826171875,72.88238525390625,0.5037720799446106,-1,-1,-1
250,336,3564.243896484375,624.00732421875,25.239013671875,55.3951416015625,0.365587055683136,-1,-1,-1
250,11,4879.37255859375,665.2549438476562,33.9052734375,56.20965576171875,0.4807133674621582,-1,-1,-1
250,288,3525.29541015625,624.67822265625,24.675048828125,56.23828125,0.4376826286315918,-1,-1,-1
250,355,2999.51318359375,518.6168212890625,16.291748046875,33.20428466796875,0.25339072942733765,-1,-1,-1
251,94,4578.9912109375,676.0067749023438,36.47412109375,67.984375,0.6506896018981934,-1,-1,-1
251,3,4693.09912109375,689.3632202148438,45.81689453125,73.69512939453125,0.5637938380241394,-1,-1,-1
251,133,3959.5712890625,629.4564208984375,22.499267578125,58.9310302734375,0.6514770984649658,-1,-1,-1
251,1,5832.5859375,859.3285522460938,153.42431640625,106.35711669921875,0.5590857863426208,-1,-1,-1
251,2,4968.83203125,690.2859497070312,52.21533203125,72.134521484375,0.47909989953041077,-1,-1,-1
251,336,3566.581787109375,624.5059204101562,24.806884765625,55.95123291015625,0.43998029828071594,-1,-1,-1
251,11,4878.2294921875,663.1585083007812,34.23046875,58.09246826171875,0.45196953415870667,-1,-1,-1
251,288,3527.425048828125,623.5067749023438,25.958251953125,58.31854248046875,0.29231399297714233,-1,-1,-1
252,94,4579.60888671875,675.574951171875,38.50048828125,67.90557861328125,0.6441522836685181,-1,-1,-1
252,3,4690.4658203125,685.9745483398438,44.0048828125,73.542724609375,0.5029116868972778,-1,-1,-1
252,133,3960.1650390625,629.3694458007812,23.594970703125,58.96014404296875,0.6578388214111328,-1,-1,-1
252,1,5834.85791015625,856.0057373046875,154.63232421875,108.3004150390625,0.580426812171936,-1,-1,-1
252,2,4966.12548828125,690.3519287109375,54.76171875,71.7208251953125,0.520728349685669,-1,-1,-1
252,336,3568.8408203125,624.3693237304688,23.634033203125,56.42242431640625,0.5437615513801575,-1,-1,-1
252,11,4878.19775390625,658.872314453125,34.09130859375,60.89141845703125,0.4697020947933197,-1,-1,-1
253,94,4580.00341796875,675.4230346679688,39.99072265625,67.7589111328125,0.5987978577613831,-1,-1,-1
253,3,4688.521484375,682.7850341796875,37.73828125,70.0784912109375,0.5377079248428345,-1,-1,-1
253,133,3963.109130859375,629.9039306640625,21.963134765625,57.5145263671875,0.631592869758606,-1,-1,-1
253,1,5839.78173828125,854.085205078125,156.58984375,109.81890869140625,0.5092233419418335,-1,-1,-1
253,2,4963.4501953125,689.9205322265625,53.9541015625,70.43115234375,0.47193029522895813,-1,-1,-1
253,336,3571.55322265625,624.0648193359375,21.95361328125,54.1856689453125,0.5343358516693115,-1,-1,-1
253,11,4876.9931640625,655.2606811523438,34.02734375,63.0546875,0.4855327606201172,-1,-1,-1
254,94,4581.2578125,675.3368530273438,39.767578125,67.87567138671875,0.6267691254615784,-1,-1,-1
254,3,4684.98486328125,680.9422607421875,36.4921875,68.93365478515625,0.6177794933319092,-1,-1,-1
254,133,3965.51123046875,630.9865112304688,22.0244140625,56.48406982421875,0.5941159129142761,-1,-1,-1
254,1,5853.81689453125,853.37451171875,152.62353515625,110.01446533203125,0.44381511211395264,-1,-1,-1
254,2,4961.21142578125,688.5681762695312,53.7109375,70.835205078125,0.5304213166236877,-1,-1,-1
254,336,3573.5478515625,622.5896606445312,21.65869140625,52.7799072265625,0.51043701171875,-1,-1,-1
254,11,4875.20556640625,653.7268676757812,35.33203125,61.84210205078125,0.3594582974910736,-1,-1,-1
254,264,3900.987548828125,564.2915649414062,18.380126953125,36.66510009765625,0.3329243063926697,-1,-1,-1
255,94,4583.4580078125,675.0670166015625,38.0087890625,68.26422119140625,0.616788387298584,-1,-1,-1
255,3,4682.1572265625,679.3053588867188,35.37158203125,69.09197998046875,0.6608216166496277,-1,-1,-1
255,133,3966.3984375,631.875244140625,23.43359375,58.14630126953125,0.48977673053741455,-1,-1,-1
255,1,5866.13916015625,851.9713745117188,148.84521484375,110.51507568359375,0.5396661162376404,-1,-1,-1
255,2,4959.84814453125,687.3187866210938,53.044921875,71.760986328125,0.5278745889663696,-1,-1,-1
255,336,3573.45703125,621.5161743164062,22.998046875,53.96746826171875,0.3846819996833801,-1,-1,-1
255,11,4874.0087890625,653.4044799804688,35.03759765625,59.41363525390625,0.29812344908714294,-1,-1,-1
255,367,4650.78955078125,611.0943603515625,27.17041015625,45.7880859375,0.33885812759399414,-1,-1,-1
255,264,3903.973876953125,563.67822265625,18.846435546875,37.0010986328125,0.36456921696662903,-1,-1,-1
255,225,4120.9375,594.1154174804688,20.96875,43.60980224609375,0.2550943195819855,-1,-1,-1
256,94,4585.11572265625,674.5317993164062,37.4140625,69.41064453125,0.5679182410240173,-1,-1,-1
256,3,4679.38134765625,678.029541015625,33.68310546875,69.0115966796875,0.6540674567222595,-1,-1,-1
256,133,3967.38037109375,631.9710693359375,24.033935546875,58.3421630859375,0.4720582365989685,-1,-1,-1
256,1,5877.8408203125,850.8214111328125,144.44482421875,111.7706298828125,0.49616822600364685,-1,-1,-1
256,2,4959.189453125,684.7215576171875,51.8798828125,73.1177978515625,0.5776079893112183,-1,-1,-1
256,336,3577.532470703125,620.004638671875,21.01953125,57.47381591796875,0.5376358032226562,-1,-1,-1
256,11,4873.3818359375,651.8868408203125,33.9716796875,60.34033203125,0.32908931374549866,-1,-1,-1
256,367,4651.05224609375,610.4540405273438,27.130859375,45.52166748046875,0.382989764213562,-1,-1,-1
256,264,3905.913818359375,559.7333984375,20.27001953125,41.83447265625,0.3856622874736786,-1,-1,-1
256,225,4123.541015625,594.2821044921875,19.35693359375,40.51995849609375,0.2775856852531433,-1,-1,-1
257,94,4587.2255859375,674.6498413085938,36.0283203125,70.85284423828125,0.558588981628418,-1,-1,-1
257,3,4676.599609375,678.0578002929688,31.4970703125,67.8597412109375,0.6156415343284607,-1,-1,-1
257,133,3968.3369140625,631.6031494140625,24.843994140625,58.960205078125,0.4434724748134613,-1,-1,-1
257,1,5882.4501953125,853.0822143554688,149.7509765625,110.86053466796875,0.31966206431388855,-1,-1,-1
257,2,4957.18212890625,683.5648193359375,50.166015625,72.048095703125,0.4836132824420929,-1,-1,-1
257,336,3578.898681640625,617.4400634765625,22.0107421875,61.166015625,0.4664783775806427,-1,-1,-1
257,11,4872.39013671875,651.4319458007812,33.697265625,59.76983642578125,0.26631879806518555,-1,-1,-1
257,367,4650.79345703125,610.1842651367188,27.80859375,44.45452880859375,0.34968897700309753,-1,-1,-1
257,264,3909.235107421875,548.9419555664062,18.618408203125,52.47137451171875,0.3775475025177002,-1,-1,-1
257,355,3004.7958984375,518.6643676757812,18.920166015625,36.38531494140625,0.31257763504981995,-1,-1,-1
258,94,4588.71826171875,673.59423828125,35.1728515625,73.04931640625,0.5732830166816711,-1,-1,-1
258,3,4674.2919921875,677.701171875,30.44775390625,67.98455810546875,0.6744861602783203,-1,-1,-1
258,133,3970.75439453125,630.9426879882812,24.583740234375,60.025146484375,0.476884663105011,-1,-1,-1
258,1,5880.39208984375,854.26806640625,164.185546875,111.2396240234375,0.512387216091156,-1,-1,-1
258,2,4955.2958984375,682.5877685546875,49.78662109375,72.9873046875,0.5342976450920105,-1,-1,-1
258,336,3582.440673828125,616.6373901367188,21.57861328125,58.0989990234375,0.45214489102363586,-1,-1,-1
258,11,4871.2744140625,653.1046142578125,34.0205078125,57.37481689453125,0.25627511739730835,-1,-1,-1
258,367,4650.72119140625,609.845703125,28.1953125,43.82635498046875,0.372834175825119,-1,-1,-1
258,264,3911.343505859375,540.5147705078125,19.5927734375,61.29071044921875,0.29454758763313293,-1,-1,-1
258,288,3552.4443359375,623.60546875,18.630126953125,52.83587646484375,0.36527279019355774,-1,-1,-1
259,94,4589.9208984375,670.9326782226562,34.9912109375,75.9447021484375,0.6066517233848572,-1,-1,-1
259,3,4672.21923828125,677.0538330078125,32.115234375,67.27740478515625,0.6777315735816956,-1,-1,-1
259,133,3972.36669921875,629.1513671875,25.319091796875,60.177734375,0.478461891412735,-1,-1,-1
259,1,5877.060546875,857.091552734375,181.677734375,108.775146484375,0.3756497800350189,-1,-1,-1
259,2,4952.90234375,681.4016723632812,49.85400390625,72.808349609375,0.546718180179596,-1,-1,-1
259,336,3585.34033203125,614.874267578125,21.191162109375,58.1143798828125,0.47898149490356445,-1,-1,-1
259,11,4870.77392578125,651.2506103515625,32.37646484375,56.855712890625,0.29636192321777344,-1,-1,-1
259,367,4651.23095703125,609.820068359375,27.755859375,43.98101806640625,0.33106619119644165,-1,-1,-1
259,355,3006.929443359375,517.8515014648438,18.83203125,37.89715576171875,0.33966633677482605,-1,-1,-1
260,94,4590.70068359375,669.53564453125,35.18212890625,77.1546630859375,0.6756340861320496,-1,-1,-1
260,3,4667.11767578125,674.8375854492188,37.20068359375,68.49749755859375,0.6439142227172852,-1,-1,-1
260,133,3973.713623046875,627.836181640625,25.097412109375,57.47076416015625,0.5369638204574585,-1,-1,-1
260,1,5880.0947265625,853.6128540039062,191.27197265625,111.94134521484375,0.39207926392555237,-1,-1,-1
260,2,4950.27783203125,680.6022338867188,48.96435546875,72.12896728515625,0.6408020853996277,-1,-1,-1
260,336,3585.16357421875,614.8504028320312,23.523681640625,58.857421875,0.3529592454433441,-1,-1,-1
260,11,4870.85888671875,649.4808349609375,31.21533203125,59.3856201171875,0.45474833250045776,-1,-1,-1
260,367,4651.1455078125,609.2780151367188,28.18212890625,45.689453125,0.28621745109558105,-1,-1,-1
260,355,3008.6748046875,517.7467651367188,18.203125,37.755615234375,0.37840431928634644,-1,-1,-1
261,94,4590.81494140625,668.60888671875,35.91064453125,77.91912841796875,0.6666289567947388,-1,-1,-1
261,3,4663.865234375,673.2843627929688,35.45703125,67.25262451171875,0.5925238728523254,-1,-1,-1
261,133,3975.178955078125,627.5582885742188,24.882568359375,56.76129150390625,0.5937629342079163,-1,-1,-1
261,1,5929.36474609375,850.8602294921875,151.24072265625,114.9835205078125,0.5498131513595581,-1,-1,-1
261,2,4948.39111328125,680.385498046875,46.08203125,69.3282470703125,0.5935340523719788,-1,-1,-1
261,336,3583.657470703125,614.2135009765625,26.618408203125,59.1712646484375,0.4469040036201477,-1,-1,-1
261,11,4871.3544921875,647.996337890625,29.51171875,63.4061279296875,0.5578816533088684,-1,-1,-1
261,355,3009.015380859375,517.2898559570312,18.236083984375,39.32958984375,0.3504553437232971,-1,-1,-1
262,94,4591.05859375,667.842529296875,35.81103515625,78.2381591796875,0.6621570587158203,-1,-1,-1
262,3,4659.03125,669.7357177734375,37.060546875,68.32720947265625,0.6305156350135803,-1,-1,-1
262,133,3977.625732421875,627.3551635742188,24.47119140625,55.48101806640625,0.5903787612915039,-1,-1,-1
262,1,5931.11279296875,851.8311157226562,155.55126953125,113.1595458984375,0.3237546384334564,-1,-1,-1
262,2,4947.63623046875,680.8011474609375,41.7470703125,66.61065673828125,0.6429829597473145,-1,-1,-1
262,11,4870.35107421875,647.1265869140625,29.505859375,64.9012451171875,0.5371132493019104,-1,-1,-1
262,355,3009.470703125,517.2442626953125,18.323486328125,40.10968017578125,0.36424604058265686,-1,-1,-1
262,288,3558.826904296875,616.5699462890625,24.62548828125,58.03399658203125,0.3310186564922333,-1,-1,-1
263,94,4591.01904296875,667.2861938476562,35.90869140625,78.15960693359375,0.6646681427955627,-1,-1,-1
263,3,4656.07666015625,667.8400268554688,37.79052734375,66.6817626953125,0.5953916907310486,-1,-1,-1
263,133,3979.570556640625,627.8366088867188,24.67822265625,53.88336181640625,0.5718221664428711,-1,-1,-1
263,1,5937.47021484375,851.9190063476562,157.55908203125,114.207275390625,0.707657516002655,-1,-1,-1
263,2,4945.74755859375,681.140869140625,40.03564453125,67.166748046875,0.5583724975585938,-1,-1,-1
263,11,4869.69140625,645.912109375,29.107421875,64.367431640625,0.5194547772407532,-1,-1,-1
263,355,3009.722900390625,516.5454711914062,19.116455078125,40.022705078125,0.3241516053676605,-1,-1,-1
263,288,3559.807861328125,615.108642578125,25.506591796875,57.77001953125,0.2603548467159271,-1,-1,-1
263,336,3587.50634765625,615.1387329101562,25.777099609375,55.21929931640625,0.28941670060157776,-1,-1,-1
264,94,4590.89990234375,669.1995239257812,35.0625,76.39312744140625,0.6500052809715271,-1,-1,-1
264,3,4652.1787109375,668.3650512695312,31.6513671875,61.95318603515625,0.5020976066589355,-1,-1,-1
264,133,3982.018798828125,627.4915771484375,23.73681640625,54.90625,0.6099907159805298,-1,-1,-1
264,1,5948.21826171875,854.4495849609375,155.32275390625,109.94439697265625,0.44982197880744934,-1,-1,-1
264,2,4944.30810546875,680.6823120117188,38.0087890625,67.24005126953125,0.5304886698722839,-1,-1,-1
264,11,4868.90625,644.7361450195312,29.2431640625,63.2540283203125,0.48856088519096375,-1,-1,-1
265,94,4590.73828125,670.4751586914062,34.4169921875,75.370849609375,0.6570721864700317,-1,-1,-1
265,3,4648.45263671875,667.6987915039062,28.2890625,61.00347900390625,0.400900661945343,-1,-1,-1
265,133,3984.487548828125,627.5916137695312,22.783203125,56.8253173828125,0.6905391216278076,-1,-1,-1
265,1,5951.38232421875,856.7140502929688,162.87060546875,107.3897705078125,0.4119335412979126,-1,-1,-1
265,2,4943.4521484375,680.082275390625,35.87109375,65.54022216796875,0.5453409552574158,-1,-1,-1
265,11,4867.85986328125,644.3358154296875,29.61279296875,60.62005615234375,0.4201873540878296,-1,-1,-1
265,355,3011.286865234375,516.5034790039062,19.380859375,39.64874267578125,0.2644396126270294,-1,-1,-1
266,94,4590.51318359375,670.9532470703125,34.76171875,75.400390625,0.6438848972320557,-1,-1,-1
266,3,4642.4208984375,666.4434204101562,27.93994140625,60.60394287109375,0.5068714022636414,-1,-1,-1
266,133,3985.79931640625,627.0822143554688,22.26416015625,57.45513916015625,0.6851673126220703,-1,-1,-1
266,1,5952.07470703125,856.6689453125,174.53173828125,107.87213134765625,0.4247683882713318,-1,-1,-1
266,2,4940.30224609375,677.8819580078125,35.3857421875,67.34661865234375,0.5079864859580994,-1,-1,-1
266,11,4867.02001953125,644.5975952148438,29.3310546875,56.6285400390625,0.3153836727142334,-1,-1,-1
266,355,3012.351318359375,516.181884765625,18.998779296875,39.74609375,0.2648922801017761,-1,-1,-1
266,336,3593.395751953125,614.35498046875,26.956298828125,56.83502197265625,0.3239087760448456,-1,-1,-1
267,94,4590.3408203125,670.514892578125,35.00732421875,76.110595703125,0.6563560962677002,-1,-1,-1
267,3,4636.939453125,664.829345703125,30.537109375,61.4566650390625,0.5644813776016235,-1,-1,-1
267,133,3987.39111328125,627.5651245117188,21.5380859375,56.49517822265625,0.6935520768165588,-1,-1,-1
267,2,4935.62548828125,677.0263061523438,36.30615234375,66.03912353515625,0.5992981791496277,-1,-1,-1
267,11,4865.1357421875,644.614013671875,30.36669921875,55.301025390625,0.3159167766571045,-1,-1,-1
267,355,3012.923828125,515.9882202148438,18.9365234375,39.2984619140625,0.26855701208114624,-1,-1,-1
267,336,3594.752197265625,613.3709716796875,28.857666015625,57.8916015625,0.37318143248558044,-1,-1,-1
267,225,4141.58984375,590.5142211914062,20.07763671875,38.76904296875,0.29205530881881714,-1,-1,-1
267,264,3935.060791015625,553.4293212890625,19.445556640625,46.95819091796875,0.444657564163208,-1,-1,-1
268,94,4590.0927734375,669.7430419921875,35.32861328125,75.7635498046875,0.6195892691612244,-1,-1,-1
268,3,4632.2939453125,664.615478515625,30.9462890625,60.45343017578125,0.5467685461044312,-1,-1,-1
268,133,3989.7119140625,627.8043212890625,19.694091796875,55.9569091796875,0.6335061192512512,-1,-1,-1
268,2,4932.48193359375,676.397705078125,35.2734375,65.5352783203125,0.607524037361145,-1,-1,-1
268,11,4863.94384765625,644.6339111328125,30.263671875,55.4832763671875,0.2855544090270996,-1,-1,-1
268,336,3594.054931640625,613.30126953125,30.37353515625,56.651123046875,0.3240659534931183,-1,-1,-1
268,225,4143.19384765625,589.9692993164062,19.68994140625,39.11273193359375,0.3255535364151001,-1,-1,-1
268,264,3937.986328125,551.1880493164062,20.477783203125,46.72711181640625,0.34013137221336365,-1,-1,-1
269,94,4589.89892578125,668.6138305664062,35.37255859375,75.74627685546875,0.591404914855957,-1,-1,-1
269,3,4628.875,663.6974487304688,30.326171875,58.92327880859375,0.5199611186981201,-1,-1,-1
269,133,3992.12548828125,625.9537963867188,18.34228515625,57.150390625,0.6710015535354614,-1,-1,-1
269,2,4929.26611328125,676.0056762695312,35.12451171875,64.5889892578125,0.5971876978874207,-1,-1,-1
269,336,3591.841796875,613.177978515625,34.064453125,56.3968505859375,0.3414768576622009,-1,-1,-1
269,225,4144.7734375,590.4235229492188,20.3779296875,41.0882568359375,0.3311145603656769,-1,-1,-1
269,393,4010.6845703125,530.1063232421875,17.303466796875,32.67327880859375,0.40923935174942017,-1,-1,-1
269,288,3578.92529296875,612.0430908203125,26.10205078125,58.55963134765625,0.3363921642303467,-1,-1,-1
269,355,3013.482177734375,515.874267578125,20.0517578125,37.90771484375,0.27414068579673767,-1,-1,-1
270,94,4589.7080078125,666.5840454101562,35.5498046875,78.24041748046875,0.5092624425888062,-1,-1,-1
270,3,4625.2880859375,662.622314453125,31.17333984375,58.663818359375,0.49461883306503296,-1,-1,-1
270,133,3993.2763671875,624.9570922851562,19.325927734375,56.18756103515625,0.6277118921279907,-1,-1,-1
270,2,4926.6416015625,675.0458374023438,39.283203125,65.80877685546875,0.626176655292511,-1,-1,-1
270,336,3586.770263671875,612.0271606445312,40.125244140625,57.928955078125,0.3532528877258301,-1,-1,-1
270,225,4146.59521484375,591.7290649414062,19.6025390625,39.4654541015625,0.33535829186439514,-1,-1,-1
270,393,4012.5498046875,529.8438720703125,16.84521484375,34.21575927734375,0.4256671071052551,-1,-1,-1
270,355,3013.767578125,516.1507568359375,21.292724609375,38.560546875,0.284519225358963,-1,-1,-1
270,11,4859.4365234375,643.8148193359375,31.01904296875,55.35577392578125,0.33966130018234253,-1,-1,-1
271,94,4590.49755859375,662.7484130859375,35.50634765625,80.6182861328125,0.4752342104911804,-1,-1,-1
271,133,3994.093017578125,623.7001953125,22.396484375,58.05517578125,0.5605341196060181,-1,-1,-1
271,2,4921.07080078125,673.616455078125,41.96923828125,67.52777099609375,0.6338222622871399,-1,-1,-1
271,336,3585.158935546875,612.5164794921875,41.1611328125,57.93353271484375,0.28320565819740295,-1,-1,-1
271,225,4147.8642578125,591.8232421875,20.1103515625,39.806640625,0.34569406509399414,-1,-1,-1
271,393,4013.14892578125,530.07861328125,18.2958984375,34.61004638671875,0.4298143684864044,-1,-1,-1
271,355,3015.43310546875,516.3857421875,20.20654296875,37.81585693359375,0.38237881660461426,-1,-1,-1
271,11,4858.02734375,643.0885620117188,31.23876953125,55.38568115234375,0.401789128780365,-1,-1,-1
272,94,4591.04150390625,658.7227172851562,39.32568359375,82.90838623046875,0.5547028183937073,-1,-1,-1
272,133,3994.4404296875,622.7518920898438,24.09228515625,59.91680908203125,0.44106295704841614,-1,-1,-1
272,2,4917.57763671875,673.9608764648438,40.61865234375,66.78076171875,0.6331232190132141,-1,-1,-1
272,336,3584.232177734375,612.5546264648438,43.22119140625,57.65301513671875,0.42033082246780396,-1,-1,-1
272,225,4150.271484375,591.8656005859375,19.11572265625,39.097412109375,0.4167787730693817,-1,-1,-1
272,393,4015.13134765625,531.1699829101562,17.613525390625,33.09765625,0.35377106070518494,-1,-1,-1
272,355,3016.49560546875,516.289794921875,19.603271484375,38.9921875,0.3850328326225281,-1,-1,-1
272,11,4857.7099609375,642.3629150390625,30.90625,56.68243408203125,0.46554455161094666,-1,-1,-1
273,94,4591.2275390625,657.4144287109375,40.14794921875,83.1849365234375,0.538270115852356,-1,-1,-1
273,133,3994.512939453125,623.15185546875,25.08837890625,60.0054931640625,0.41006267070770264,-1,-1,-1
273,2,4914.34326171875,674.6318359375,38.96435546875,63.6297607421875,0.5631190538406372,-1,-1,-1
273,336,3586.33056640625,611.3447875976562,42.58056640625,58.24200439453125,0.49191248416900635,-1,-1,-1
273,225,4152.2333984375,590.5289306640625,18.658203125,40.1187744140625,0.4613304138183594,-1,-1,-1
273,393,4016.817138671875,531.6386108398438,16.27392578125,33.11163330078125,0.3910888135433197,-1,-1,-1
273,355,3016.960205078125,515.8111572265625,19.568603515625,40.1580810546875,0.3494747281074524,-1,-1,-1
273,11,4856.81982421875,641.6636352539062,31.21484375,56.5782470703125,0.5243389010429382,-1,-1,-1
273,264,3949.321044921875,551.6668090820312,23.669189453125,44.55865478515625,0.28481245040893555,-1,-1,-1
274,94,4591.33837890625,654.6563720703125,39.6484375,84.8658447265625,0.5374286770820618,-1,-1,-1
274,133,3995.905029296875,623.5304565429688,26.72705078125,60.385009765625,0.39321640133857727,-1,-1,-1
274,2,4910.51708984375,674.6539306640625,36.42138671875,61.2802734375,0.5347422957420349,-1,-1,-1
274,336,3587.92724609375,610.0673217773438,41.300537109375,59.57940673828125,0.550762414932251,-1,-1,-1
274,225,4153.4482421875,589.5487670898438,19.181640625,40.381103515625,0.4174913167953491,-1,-1,-1
274,393,4017.877197265625,532.77099609375,15.515625,31.1175537109375,0.323590487241745,-1,-1,-1
274,355,3017.3916015625,516.3550415039062,20.522705078125,40.40191650390625,0.2949015200138092,-1,-1,-1
274,11,4856.078125,640.6822509765625,31.4541015625,57.512939453125,0.5530180931091309,-1,-1,-1
274,401,4458.205078125,555.2698364257812,21.41162109375,33.60888671875,0.3923755884170532,-1,-1,-1
274,264,3954.005126953125,556.2388305664062,20.885986328125,40.74615478515625,0.4574647545814514,-1,-1,-1
275,94,4589.900390625,652.8966064453125,38.2607421875,86.79052734375,0.5735909342765808,-1,-1,-1
275,133,3996.8916015625,624.7478637695312,26.874755859375,57.64520263671875,0.40383484959602356,-1,-1,-1
275,2,4907.1787109375,672.8757934570312,32.8232421875,61.1597900390625,0.5885052680969238,-1,-1,-1
275,336,3590.6787109375,609.8522338867188,39.063720703125,60.294189453125,0.5897052884101868,-1,-1,-1
275,225,4154.61962890625,587.0524291992188,21.11669921875,41.6953125,0.3912419378757477,-1,-1,-1
275,393,4018.7568359375,531.673583984375,15.148681640625,32.21551513671875,0.36873385310173035,-1,-1,-1
275,355,3017.787353515625,516.8179931640625,21.197509765625,40.0328369140625,0.30661991238594055,-1,-1,-1
275,11,4854.2001953125,639.82373046875,32.681640625,57.0447998046875,0.5761160254478455,-1,-1,-1
275,401,4459.44970703125,556.125732421875,23.0634765625,32.84130859375,0.2892816960811615,-1,-1,-1
275,264,3958.77294921875,558.427001953125,18.16162109375,35.7894287109375,0.4903852045536041,-1,-1,-1
276,94,4588.25830078125,651.4937744140625,37.107421875,86.7772216796875,0.6181544661521912,-1,-1,-1
276,133,3998.141845703125,624.8084716796875,26.563720703125,58.03765869140625,0.522865891456604,-1,-1,-1
276,2,4902.82470703125,671.9485473632812,33.69091796875,61.61920166015625,0.5939584374427795,-1,-1,-1
276,336,3591.342041015625,609.52880859375,38.9384765625,60.402099609375,0.570868730545044,-1,-1,-1
276,393,4019.284912109375,531.3754272460938,15.78564453125,31.4305419921875,0.3402821123600006,-1,-1,-1
276,355,3018.1865234375,516.82666015625,21.76318359375,40.39215087890625,0.26661741733551025,-1,-1,-1
276,11,4853.453125,639.8120727539062,31.95703125,54.10986328125,0.5541803240776062,-1,-1,-1
276,401,4463.04296875,554.9837646484375,23.2998046875,35.57745361328125,0.3088667392730713,-1,-1,-1
276,264,3960.68115234375,557.6996459960938,18.00341796875,36.77130126953125,0.3729167878627777,-1,-1,-1
277,94,4587.48388671875,650.2614135742188,34.4404296875,88.02398681640625,0.6526119709014893,-1,-1,-1
277,133,4000.133544921875,624.7247314453125,24.71923828125,56.72052001953125,0.5362842082977295,-1,-1,-1
277,2,4897.77685546875,669.0341796875,35.8037109375,62.9560546875,0.6180042624473572,-1,-1,-1
277,336,3592.31396484375,609.2644653320312,38.767822265625,61.18218994140625,0.6635841131210327,-1,-1,-1
277,393,4019.81103515625,531.5430908203125,15.628173828125,31.02490234375,0.29441025853157043,-1,-1,-1
277,11,4852.0966796875,639.56396484375,31.80712890625,51.6927490234375,0.5593516230583191,-1,-1,-1
277,401,4467.00830078125,553.1611938476562,22.35595703125,37.45928955078125,0.3315140902996063,-1,-1,-1
277,264,3962.438720703125,559.7619018554688,18.502197265625,33.73651123046875,0.3695129156112671,-1,-1,-1
278,94,4585.833984375,648.7742919921875,33.8486328125,89.69488525390625,0.6562976837158203,-1,-1,-1
278,133,4002.927490234375,625.1499633789062,22.02734375,55.16217041015625,0.5813011527061462,-1,-1,-1
278,2,4893.6298828125,667.7135009765625,37.103515625,60.4036865234375,0.5401070713996887,-1,-1,-1
278,336,3595.658203125,608.8185424804688,36.156494140625,60.4180908203125,0.6221347451210022,-1,-1,-1
278,11,4851.62109375,639.2677612304688,32.2626953125,49.2398681640625,0.4928344488143921,-1,-1,-1
278,401,4469.8994140625,552.2401123046875,22.6513671875,36.359375,0.3692895174026489,-1,-1,-1
278,264,3963.426025390625,558.97412109375,19.296875,37.17340087890625,0.33877459168434143,-1,-1,-1
279,94,4583.8046875,648.1180419921875,34.4453125,91.15496826171875,0.6282535791397095,-1,-1,-1
279,133,4004.824951171875,624.8856811523438,20.356201171875,55.68609619140625,0.6462010145187378,-1,-1,-1
279,2,4890.08056640625,668.1959228515625,38.7216796875,57.29852294921875,0.5107541084289551,-1,-1,-1
279,11,4851.00341796875,638.7896728515625,33.02294921875,46.55841064453125,0.4247613549232483,-1,-1,-1
279,401,4472.4091796875,552.307861328125,23.3037109375,36.9029541015625,0.38209429383277893,-1,-1,-1
279,264,3964.751708984375,550.203125,21.095458984375,46.968994140625,0.32940003275871277,-1,-1,-1
279,404,4643.11083984375,597.5022583007812,24.65869140625,48.707275390625,0.3418741226196289,-1,-1,-1
279,288,3603.4736328125,606.5189819335938,27.3759765625,61.73577880859375,0.6427747011184692,-1,-1,-1
280,94,4581.7841796875,648.2398071289062,35.5576171875,90.5821533203125,0.593875527381897,-1,-1,-1
280,133,4006.02490234375,624.4493408203125,19.705078125,56.69696044921875,0.6810995936393738,-1,-1,-1
280,2,4886.787109375,668.1021728515625,39.26025390625,56.43743896484375,0.45169705152511597,-1,-1,-1
280,11,4850.60546875,637.9932861328125,32.68505859375,47.3319091796875,0.4292803108692169,-1,-1,-1
280,401,4475.28857421875,551.9003295898438,22.49072265625,36.66436767578125,0.4103693664073944,-1,-1,-1
280,404,4642.75927734375,597.50537109375,24.40869140625,49.20697021484375,0.3778614401817322,-1,-1,-1
280,288,3605.230712890625,606.9065551757812,27.435546875,61.9407958984375,0.6516740918159485,-1,-1,-1
281,94,4576.45849609375,646.0174560546875,40.326171875,92.57708740234375,0.5802658796310425,-1,-1,-1
281,133,4006.981201171875,624.0478515625,19.82958984375,57.64251708984375,0.7147985100746155,-1,-1,-1
281,2,4883.60302734375,666.8789672851562,36.3369140625,57.457763671875,0.49412110447883606,-1,-1,-1
281,11,4850.0673828125,636.8863525390625,32.3359375,51.95989990234375,0.47519156336784363,-1,-1,-1
281,401,4476.23095703125,552.8704223632812,24.50634765625,36.42059326171875,0.3830374777317047,-1,-1,-1
281,404,4642.154296875,598.4558715820312,24.046875,47.0316162109375,0.42826026678085327,-1,-1,-1
281,288,3606.02490234375,606.4937133789062,27.377197265625,63.35009765625,0.6567542552947998,-1,-1,-1
282,94,4573.279296875,646.6209716796875,42.896484375,91.764404296875,0.5386862754821777,-1,-1,-1
282,133,4007.34521484375,624.0502319335938,21.08203125,57.6678466796875,0.7132605910301208,-1,-1,-1
282,2,4882.93505859375,668.5098266601562,30.8779296875,54.19549560546875,0.4877007007598877,-1,-1,-1
282,11,4848.86962890625,635.7659301757812,31.83837890625,54.70330810546875,0.525991678237915,-1,-1,-1
282,401,4475.79248046875,552.0468139648438,26.46630859375,35.76885986328125,0.32701608538627625,-1,-1,-1
282,404,4641.146484375,598.977783203125,23.53076171875,46.66339111328125,0.48994413018226624,-1,-1,-1
282,288,3607.713623046875,605.6595458984375,26.144287109375,63.98919677734375,0.5939195156097412,-1,-1,-1
283,94,4566.72802734375,652.437255859375,47.93994140625,84.696044921875,0.2932240962982178,-1,-1,-1
283,133,4008.718017578125,623.070556640625,22.20166015625,58.03778076171875,0.667629063129425,-1,-1,-1
283,2,4878.748046875,668.3663330078125,29.677734375,53.79754638671875,0.3303774297237396,-1,-1,-1
283,11,4848.423828125,634.2435913085938,31.74365234375,55.336669921875,0.5233135223388672,-1,-1,-1
283,401,4474.76953125,551.3399658203125,28.80224609375,37.0836181640625,0.3027670383453369,-1,-1,-1
283,404,4639.22216796875,598.4388427734375,24.3505859375,46.55718994140625,0.49500516057014465,-1,-1,-1
283,288,3609.685791015625,605.8743286132812,26.148681640625,63.253173828125,0.5217293500900269,-1,-1,-1
283,409,3504.62646484375,524.9554443359375,22.381103515625,34.72906494140625,0.34872862696647644,-1,-1,-1
284,133,4009.593994140625,622.9583129882812,23.2080078125,57.01678466796875,0.6855870485305786,-1,-1,-1
284,2,4872.880859375,668.010498046875,30.80908203125,52.6837158203125,0.41363513469696045,-1,-1,-1
284,11,4848.50244140625,632.5092163085938,30.50830078125,59.75323486328125,0.5460655689239502,-1,-1,-1
284,404,4638.0859375,597.689453125,23.66650390625,46.80169677734375,0.47261956334114075,-1,-1,-1
284,288,3612.620361328125,606.24462890625,24.530029296875,62.196533203125,0.4676101505756378,-1,-1,-1
284,411,4583.1865234375,667.8900146484375,31.43310546875,69.1241455078125,0.38250231742858887,-1,-1,-1
284,412,4557.4384765625,639.7181396484375,24.86962890625,54.08685302734375,0.5598124265670776,-1,-1,-1
284,264,3976.240234375,558.71337890625,22.684814453125,34.5250244140625,0.3134419322013855,-1,-1,-1
285,133,4011.12841796875,623.5853271484375,23.093505859375,55.958251953125,0.6788219809532166,-1,-1,-1
285,2,4866.39404296875,667.57470703125,35.28759765625,54.1951904296875,0.3383740484714508,-1,-1,-1
285,11,4848.53173828125,631.5672607421875,30.98291015625,75.79913330078125,0.548944354057312,-1,-1,-1
285,404,4636.984375,597.3587036132812,23.2333984375,45.75482177734375,0.4423927962779999,-1,-1,-1
285,288,3613.986083984375,605.545654296875,24.88232421875,62.99151611328125,0.46280544996261597,-1,-1,-1
285,411,4582.57373046875,666.2619018554688,30.4248046875,71.045654296875,0.5150707364082336,-1,-1,-1
285,412,4555.08740234375,638.0963134765625,25.32373046875,56.30810546875,0.6429413557052612,-1,-1,-1
285,264,3978.749755859375,558.2191772460938,21.85791015625,34.868408203125,0.37562239170074463,-1,-1,-1
285,1,6094.1435546875,813.4973754882812,168.9658203125,146.03155517578125,0.38979625701904297,-1,-1,-1
285,225,4171.23828125,584.6190185546875,17.9140625,42.65118408203125,0.31058573722839355,-1,-1,-1
285,409,3505.455078125,523.4246215820312,21.734375,36.07330322265625,0.3172006905078888,-1,-1,-1
286,133,4012.04833984375,624.0274658203125,22.99462890625,55.70782470703125,0.6517063975334167,-1,-1,-1
286,2,4856.36669921875,664.2536010742188,41.70947265625,58.94189453125,0.2984495162963867,-1,-1,-1
286,11,4849.01611328125,630.9459228515625,34.091796875,85.8065185546875,0.6236028671264648,-1,-1,-1
286,404,4636.255859375,596.9027099609375,23.3408203125,45.48809814453125,0.4759902358055115,-1,-1,-1
286,288,3614.349853515625,603.5660400390625,26.81201171875,66.4974365234375,0.36714407801628113,-1,-1,-1
286,411,4578.18798828125,666.9219360351562,33.091796875,67.9906005859375,0.5153040885925293,-1,-1,-1
286,412,4549.33935546875,636.7640991210938,26.03955078125,55.42767333984375,0.5651226043701172,-1,-1,-1
286,264,3982.408935546875,560.1074829101562,20.6220703125,32.37982177734375,0.4163019061088562,-1,-1,-1
286,1,6107.765625,812.8231201171875,160.359375,148.05706787109375,0.5498797297477722,-1,-1,-1
286,225,4172.611328125,583.9685668945312,17.9453125,43.39373779296875,0.40404680371284485,-1,-1,-1
286,409,3505.692626953125,522.4736328125,21.595947265625,35.47308349609375,0.29186490178108215,-1,-1,-1
287,133,4013.169921875,624.5747680664062,22.2177734375,52.75103759765625,0.6801607012748718,-1,-1,-1
287,11,4848.71923828125,630.8789672851562,38.39794921875,89.24786376953125,0.6844933032989502,-1,-1,-1
287,404,4634.638671875,596.2938232421875,24.8828125,45.04595947265625,0.4630706310272217,-1,-1,-1
287,288,3615.4130859375,605.0928955078125,28.746337890625,66.0965576171875,0.3673737049102783,-1,-1,-1
287,411,4576.111328125,665.7884521484375,31.20751953125,69.02587890625,0.5492209792137146,-1,-1,-1
287,412,4544.49951171875,639.6820678710938,27.484375,51.854248046875,0.49468037486076355,-1,-1,-1
287,264,3986.694091796875,559.5536499023438,18.013916015625,32.97137451171875,0.39538756012916565,-1,-1,-1
287,1,6110.6728515625,813.3262329101562,167.51513671875,148.698486328125,0.7016387581825256,-1,-1,-1
287,225,4173.51025390625,583.2529907226562,19.365234375,44.67083740234375,0.4621712565422058,-1,-1,-1
288,133,4014.69677734375,625.3196411132812,21.021484375,49.46185302734375,0.6727197170257568,-1,-1,-1
288,11,4847.15673828125,630.971923828125,36.5595703125,89.8880615234375,0.6399723887443542,-1,-1,-1
288,404,4634.07861328125,596.1265869140625,25.365234375,44.66455078125,0.4088587760925293,-1,-1,-1
288,288,3616.200927734375,605.2962646484375,29.0712890625,65.16204833984375,0.344723105430603,-1,-1,-1
288,411,4575.859375,664.7844848632812,28.0986328125,67.2098388671875,0.5662760734558105,-1,-1,-1
288,412,4539.986328125,637.7139282226562,27.24853515625,52.03265380859375,0.37934035062789917,-1,-1,-1
288,264,3989.4677734375,559.243896484375,16.412109375,30.30755615234375,0.2880743145942688,-1,-1,-1
288,1,6121.70263671875,813.4465942382812,164.0986328125,149.30718994140625,0.5416644811630249,-1,-1,-1
288,225,4175.40771484375,584.390380859375,18.72607421875,43.609619140625,0.4138556122779846,-1,-1,-1
289,133,4015.426513671875,625.0599365234375,20.282958984375,48.5325927734375,0.6654983758926392,-1,-1,-1
289,11,4845.0283203125,630.9771118164062,36.0087890625,89.98419189453125,0.670961856842041,-1,-1,-1
289,404,4633.6875,595.7831420898438,25.57470703125,45.1282958984375,0.4127872884273529,-1,-1,-1
289,288,3616.65234375,603.75732421875,29.0908203125,65.37677001953125,0.3969399034976959,-1,-1,-1
289,411,4573.6875,665.4912719726562,28.1875,67.0421142578125,0.5679236054420471,-1,-1,-1
289,412,4534.93603515625,636.911376953125,25.95166015625,50.0616455078125,0.44104835391044617,-1,-1,-1
289,264,3990.61083984375,559.1680297851562,16.255126953125,29.17364501953125,0.2832436263561249,-1,-1,-1
289,1,6132.1376953125,812.623046875,157.69677734375,151.72979736328125,0.6948450207710266,-1,-1,-1
289,225,4177.27978515625,585.2544555664062,18.1767578125,41.4854736328125,0.3389073610305786,-1,-1,-1
290,133,4016.26416015625,624.5365600585938,19.298828125,48.15887451171875,0.6063977479934692,-1,-1,-1
290,11,4842.2470703125,632.4865112304688,35.5556640625,87.09796142578125,0.6849265694618225,-1,-1,-1
290,404,4633.52294921875,595.0994873046875,24.9482421875,45.4178466796875,0.3988223969936371,-1,-1,-1
290,288,3617.5478515625,602.6494750976562,28.853271484375,66.81793212890625,0.4837266802787781,-1,-1,-1
290,411,4571.00732421875,667.1263427734375,29.5166015625,64.74566650390625,0.5361838936805725,-1,-1,-1
290,412,4529.208984375,634.586669921875,27.638671875,54.29901123046875,0.48449239134788513,-1,-1,-1
290,264,3991.368896484375,557.7474975585938,17.030029296875,31.1353759765625,0.30751243233680725,-1,-1,-1
290,1,6142.1845703125,811.7655029296875,148.17578125,151.89166259765625,0.6206779479980469,-1,-1,-1
290,225,4179.7470703125,586.1068725585938,17.4970703125,40.9683837890625,0.3455304205417633,-1,-1,-1
291,133,4017.7451171875,624.0382690429688,18.024658203125,47.0787353515625,0.46737685799598694,-1,-1,-1
291,11,4839.7490234375,633.5438232421875,35.42529296875,85.74835205078125,0.6818737387657166,-1,-1,-1
291,404,4633.49072265625,594.3938598632812,24.615234375,46.56256103515625,0.4041900038719177,-1,-1,-1
291,288,3617.48486328125,601.6978759765625,31.030517578125,66.1807861328125,0.48942673206329346,-1,-1,-1
291,411,4568.10302734375,667.0341186523438,30.2412109375,65.76287841796875,0.5342411994934082,-1,-1,-1
291,412,4524.6142578125,632.8215942382812,26.60302734375,55.9132080078125,0.6007173657417297,-1,-1,-1
291,264,3992.057861328125,556.6635131835938,17.69970703125,32.51129150390625,0.32666870951652527,-1,-1,-1
291,1,6140.79833984375,812.0851440429688,150.20068359375,150.9873046875,0.27664852142333984,-1,-1,-1
291,225,4181.265625,586.6209716796875,16.7666015625,40.7132568359375,0.2897990942001343,-1,-1,-1
292,133,4017.250732421875,623.4487915039062,18.84326171875,47.150390625,0.48890212178230286,-1,-1,-1
292,11,4836.59716796875,634.21484375,34.74755859375,84.05157470703125,0.6565800905227661,-1,-1,-1
292,404,4633.21630859375,594.3574829101562,24.787109375,47.2509765625,0.41306450963020325,-1,-1,-1
292,288,3617.806884765625,601.6630249023438,33.24755859375,66.32025146484375,0.4453730285167694,-1,-1,-1
292,411,4564.45654296875,666.5175170898438,31.97900390625,66.160888671875,0.49332815408706665,-1,-1,-1
292,412,4519.59814453125,631.4224853515625,26.32763671875,55.47735595703125,0.5348739624023438,-1,-1,-1
292,225,4182.04052734375,586.5350341796875,17.61181640625,41.0313720703125,0.3267274498939514,-1,-1,-1
293,133,4018.15869140625,623.0303955078125,19.117919921875,45.8936767578125,0.4737045168876648,-1,-1,-1
293,11,4831.6005859375,633.8833618164062,36.8486328125,83.89227294921875,0.5937083959579468,-1,-1,-1
293,404,4632.80029296875,594.1282958984375,24.71337890625,48.845458984375,0.4469411373138428,-1,-1,-1
293,288,3619.50439453125,602.9105834960938,31.281982421875,63.80352783203125,0.3995170295238495,-1,-1,-1
293,411,4559.36669921875,664.7579956054688,35.6923828125,67.981201171875,0.3906465470790863,-1,-1,-1
293,412,4513.10009765625,628.6732177734375,27.375,55.30303955078125,0.42085689306259155,-1,-1,-1
293,225,4182.45703125,585.3822021484375,19.13671875,42.69110107421875,0.3141421973705292,-1,-1,-1
294,133,4018.659423828125,622.7457885742188,18.906494140625,46.34033203125,0.5218505859375,-1,-1,-1
294,11,4830.326171875,631.6008911132812,37.10400390625,81.46258544921875,0.39932602643966675,-1,-1,-1
294,404,4632.861328125,593.2398681640625,24.28271484375,48.9498291015625,0.4124038517475128,-1,-1,-1
294,288,3625.713134765625,604.117431640625,30.7333984375,64.2618408203125,0.4381091892719269,-1,-1,-1
294,411,4555.716796875,664.5284423828125,38.287109375,67.99151611328125,0.42632588744163513,-1,-1,-1
294,412,4508.56884765625,628.116943359375,27.4638671875,54.70501708984375,0.4390774369239807,-1,-1,-1
294,2,4824.07666015625,645.5986328125,32.6416015625,70.6922607421875,0.5099753141403198,-1,-1,-1
295,133,4018.896728515625,622.5673828125,18.439697265625,46.589599609375,0.5140465497970581,-1,-1,-1
295,11,4824.19384765625,630.5958862304688,42.86181640625,81.24652099609375,0.44625914096832275,-1,-1,-1
295,404,4632.65234375,593.214111328125,23.376953125,49.0706787109375,0.46022412180900574,-1,-1,-1
295,288,3632.199951171875,605.7653198242188,28.1982421875,60.7135009765625,0.4404504597187042,-1,-1,-1
295,411,4552.28955078125,664.9249267578125,41.18798828125,67.2587890625,0.4980884790420532,-1,-1,-1
295,412,4504.9482421875,626.7677612304688,26.54638671875,56.78564453125,0.549443244934082,-1,-1,-1
295,2,4817.7666015625,655.9005126953125,30.57177734375,56.5960693359375,0.5177596211433411,-1,-1,-1
295,355,3034.261962890625,518.6295776367188,18.212646484375,36.38385009765625,0.2998276650905609,-1,-1,-1
296,133,4019.386962890625,622.40673828125,18.184814453125,46.3743896484375,0.4990886449813843,-1,-1,-1
296,11,4823.1279296875,627.8335571289062,43.51904296875,84.0570068359375,0.5045821666717529,-1,-1,-1
296,404,4632.08154296875,593.0429077148438,23.6650390625,48.2589111328125,0.39943522214889526,-1,-1,-1
296,288,3632.92626953125,604.6249389648438,29.5810546875,62.633544921875,0.4421915113925934,-1,-1,-1
296,411,4550.04443359375,665.0989379882812,43.43798828125,66.87860107421875,0.5101569294929504,-1,-1,-1
296,412,4500.86328125,627.1807861328125,23.3212890625,57.3057861328125,0.656076967716217,-1,-1,-1
296,2,4814.2236328125,662.5784912109375,34.4697265625,49.34552001953125,0.4232780933380127,-1,-1,-1
296,355,3034.970947265625,518.6976928710938,18.456787109375,38.1190185546875,0.3509109616279602,-1,-1,-1
297,133,4019.639892578125,622.2119140625,18.425048828125,46.7613525390625,0.497103750705719,-1,-1,-1
297,11,4829.478515625,627.4518432617188,35.43994140625,76.43878173828125,0.37993136048316956,-1,-1,-1
297,404,4630.91015625,593.1693115234375,23.8056640625,47.3848876953125,0.37651634216308594,-1,-1,-1
297,411,4550.02294921875,665.2596435546875,40.7841796875,65.2833251953125,0.49303731322288513,-1,-1,-1
297,412,4495.63525390625,626.4251098632812,21.490234375,56.04058837890625,0.6183980703353882,-1,-1,-1
297,2,4804.28759765625,662.52392578125,32.93603515625,49.7169189453125,0.4331294298171997,-1,-1,-1
297,355,3036.534423828125,518.2705078125,18.165283203125,38.3172607421875,0.37048789858818054,-1,-1,-1
297,336,3622.787353515625,602.7471313476562,36.0693359375,66.55914306640625,0.462734580039978,-1,-1,-1
298,133,4019.923583984375,622.240234375,18.791259765625,47.68408203125,0.5226126313209534,-1,-1,-1
298,404,4630.41259765625,592.2760009765625,22.70361328125,48.10015869140625,0.38226157426834106,-1,-1,-1
298,411,4548.998046875,665.1470336914062,40.2080078125,65.08489990234375,0.51543128490448,-1,-1,-1
298,412,4490.43701171875,627.09130859375,22.24609375,53.87835693359375,0.5762492418289185,-1,-1,-1
298,2,4795.7685546875,660.0963134765625,39.6044921875,52.7528076171875,0.5337597727775574,-1,-1,-1
298,355,3036.879638671875,518.155029296875,18.820556640625,38.21417236328125,0.32976406812667847,-1,-1,-1
298,336,3624.239990234375,602.8492431640625,35.066162109375,62.6627197265625,0.44307106733322144,-1,-1,-1
298,288,3637.669189453125,602.3145751953125,28.733154296875,62.91400146484375,0.3199287950992584,-1,-1,-1
299,133,4019.914794921875,622.1340942382812,19.640380859375,48.91162109375,0.505990207195282,-1,-1,-1
299,404,4629.810546875,592.0391235351562,21.76220703125,49.30377197265625,0.3314478397369385,-1,-1,-1
299,411,4548.59521484375,664.9837036132812,37.52685546875,62.2784423828125,0.4753780663013458,-1,-1,-1
299,412,4484.43896484375,625.6741333007812,26.45947265625,54.638916015625,0.45440948009490967,-1,-1,-1
299,2,4791.240234375,659.6771240234375,37.8642578125,52.327392578125,0.5230597853660583,-1,-1,-1
299,355,3037.467529296875,517.9127197265625,19.076904296875,37.92449951171875,0.36790788173675537,-1,-1,-1
299,336,3624.47412109375,601.903564453125,31.73388671875,63.1695556640625,0.40433457493782043,-1,-1,-1
299,428,4834.47607421875,627.8607177734375,27.40576171875,44.5159912109375,0.3773331642150879,-1,-1,-1
299,288,3641.35205078125,601.8121337890625,26.58935546875,63.71099853515625,0.32212311029434204,-1,-1,-1
300,133,4019.8544921875,622.0172119140625,19.156005859375,49.54852294921875,0.4918469488620758,-1,-1,-1
300,404,4628.76953125,592.7952880859375,22.0888671875,49.027099609375,0.28647568821907043,-1,-1,-1
300,411,4547.56298828125,664.4795532226562,36.88916015625,62.186767578125,0.4600232243537903,-1,-1,-1
300,412,4477.39892578125,624.283447265625,29.45166015625,54.64794921875,0.5182055830955505,-1,-1,-1
300,2,4787.1103515625,658.8602294921875,37.61865234375,52.6719970703125,0.566072404384613,-1,-1,-1
300,355,3038.21435546875,517.7596435546875,19.156494140625,37.26483154296875,0.2932613492012024,-1,-1,-1
300,336,3623.69384765625,601.2444458007812,28.763671875,61.3187255859375,0.39516401290893555,-1,-1,-1
300,428,4833.10498046875,628.81640625,28.32958984375,43.230224609375,0.4009456932544708,-1,-1,-1
300,288,3643.7451171875,601.7393798828125,24.794921875,62.561279296875,0.30364790558815,-1,-1,-1
301,133,4019.88232421875,621.5584106445312,18.8349609375,47.9736328125,0.46203848719596863,-1,-1,-1
301,411,4546.85205078125,663.866943359375,33.7607421875,62.44915771484375,0.48931461572647095,-1,-1,-1
301,412,4472.06298828125,624.6398315429688,33.0966796875,53.5184326171875,0.4439281225204468,-1,-1,-1
301,2,4782.71044921875,660.1635131835938,35.29345703125,49.42828369140625,0.4695172905921936,-1,-1,-1
301,355,3039.4638671875,517.7364501953125,18.55859375,36.4783935546875,0.27963748574256897,-1,-1,-1
301,428,4831.76708984375,628.709228515625,28.9169921875,43.41876220703125,0.44436410069465637,-1,-1,-1
302,133,4019.7861328125,620.8383178710938,18.349365234375,48.14959716796875,0.4959893226623535,-1,-1,-1
302,411,4546.9111328125,663.9224243164062,30.34912109375,61.08477783203125,0.4536453187465668,-1,-1,-1
302,412,4467.20361328125,623.8824462890625,31.35595703125,49.79962158203125,0.41495460271835327,-1,-1,-1
302,2,4778.73193359375,660.1782836914062,34.15966796875,49.4718017578125,0.5477340221405029,-1,-1,-1
302,355,3040.26513671875,517.7448120117188,18.099853515625,35.52276611328125,0.2502630352973938,-1,-1,-1
302,428,4830.87939453125,629.0153198242188,28.91064453125,40.6297607421875,0.44818922877311707,-1,-1,-1
302,430,3614.638427734375,594.6351928710938,25.0966796875,54.49322509765625,0.33426475524902344,-1,-1,-1
302,288,3644.8779296875,610.463623046875,27.823974609375,56.2315673828125,0.40272581577301025,-1,-1,-1
303,133,4019.70458984375,619.9872436523438,18.449951171875,49.2152099609375,0.4911641478538513,-1,-1,-1
303,411,4546.27587890625,664.26416015625,27.75830078125,60.05157470703125,0.3766978085041046,-1,-1,-1
303,412,4461.46923828125,623.8331909179688,31.11669921875,50.0321044921875,0.3747837543487549,-1,-1,-1
303,2,4774.5458984375,659.401123046875,34.25537109375,50.5814208984375,0.5291820168495178,-1,-1,-1
303,428,4830.162109375,627.9442749023438,28.0361328125,43.75494384765625,0.4908197820186615,-1,-1,-1
303,430,3614.62841796875,594.5531005859375,25.246337890625,57.45074462890625,0.3001582622528076,-1,-1,-1
303,288,3647.445068359375,612.7756958007812,26.519287109375,53.96075439453125,0.4233143925666809,-1,-1,-1
304,133,4019.467529296875,619.4682006835938,18.40234375,48.73809814453125,0.5035355687141418,-1,-1,-1
304,412,4455.83203125,623.021484375,32.24609375,49.044921875,0.3672561049461365,-1,-1,-1
304,2,4768.40478515625,659.2118530273438,36.70947265625,52.37451171875,0.2935100495815277,-1,-1,-1
304,428,4829.671875,627.3441772460938,26.5732421875,46.3404541015625,0.5124427676200867,-1,-1,-1
304,430,3614.645263671875,595.6229858398438,24.032470703125,54.32208251953125,0.3550551235675812,-1,-1,-1
304,288,3650.262939453125,613.4697265625,24.8115234375,51.3681640625,0.43553364276885986,-1,-1,-1
305,133,4019.2001953125,618.8792114257812,18.36767578125,48.7093505859375,0.4974612295627594,-1,-1,-1
305,412,4450.14013671875,622.299072265625,28.3125,47.40667724609375,0.40413549542427063,-1,-1,-1
305,2,4765.10791015625,657.6378173828125,34.0087890625,54.8397216796875,0.4748564064502716,-1,-1,-1
305,428,4827.7314453125,626.3197021484375,25.47216796875,49.9090576171875,0.586138904094696,-1,-1,-1
305,430,3614.670654296875,596.4102172851562,23.065673828125,54.3072509765625,0.3872094750404358,-1,-1,-1
305,288,3652.659423828125,613.638916015625,23.46728515625,50.7352294921875,0.42714428901672363,-1,-1,-1
306,133,4019.023681640625,618.4301147460938,19.085205078125,48.64300537109375,0.515146017074585,-1,-1,-1
306,412,4446.009765625,621.8645629882812,24.494140625,46.41357421875,0.5262905955314636,-1,-1,-1
306,2,4759.060546875,655.4696655273438,34.87841796875,57.7266845703125,0.51255202293396,-1,-1,-1
306,428,4825.59033203125,625.1705932617188,24.794921875,52.00054931640625,0.6382545232772827,-1,-1,-1
306,430,3614.541259765625,597.10986328125,21.5009765625,50.928955078125,0.47240227460861206,-1,-1,-1
306,288,3654.322998046875,612.5906372070312,23.25439453125,53.78375244140625,0.5371814966201782,-1,-1,-1
306,355,3042.72900390625,517.6922607421875,16.5849609375,36.667236328125,0.27588096261024475,-1,-1,-1
306,411,4536.48388671875,665.57958984375,30.20166015625,59.69189453125,0.28636935353279114,-1,-1,-1
307,133,4019.025390625,617.8310546875,19.80859375,49.36114501953125,0.5155865550041199,-1,-1,-1
307,412,4442.67431640625,622.1267700195312,23.01806640625,44.41943359375,0.5098200440406799,-1,-1,-1
307,2,4752.890625,655.1917114257812,36.712890625,56.91351318359375,0.3968457579612732,-1,-1,-1
307,428,4824.8154296875,624.5286865234375,24.16064453125,51.85357666015625,0.6317551732063293,-1,-1,-1
307,430,3614.4072265625,596.7216796875,20.498046875,49.70068359375,0.46498435735702515,-1,-1,-1
307,288,3657.024658203125,610.4807739257812,21.048583984375,52.8331298828125,0.568585991859436,-1,-1,-1
307,355,3043.898681640625,517.9393920898438,15.715576171875,35.9566650390625,0.28368303179740906,-1,-1,-1
307,411,4533.3251953125,665.55126953125,29.646484375,59.0830078125,0.3565257489681244,-1,-1,-1
308,133,4018.6982421875,616.9483642578125,19.25048828125,50.90966796875,0.5475040078163147,-1,-1,-1
308,412,4438.626953125,622.070068359375,21.99755859375,44.10565185546875,0.4556107223033905,-1,-1,-1
308,2,4745.86669921875,653.8295288085938,39.77294921875,56.71173095703125,0.49768081307411194,-1,-1,-1
308,428,4822.75048828125,624.1863403320312,25.673828125,52.91094970703125,0.634393036365509,-1,-1,-1
308,430,3614.144287109375,597.1766357421875,18.680419921875,47.133544921875,0.5934880971908569,-1,-1,-1
308,288,3659.415283203125,609.73974609375,19.895263671875,52.3409423828125,0.5899648666381836,-1,-1,-1
308,411,4529.69140625,665.5258178710938,31.14501953125,58.8134765625,0.432915061712265,-1,-1,-1
309,133,4018.52685546875,616.3363037109375,18.422119140625,51.7017822265625,0.5309375524520874,-1,-1,-1
309,412,4432.3896484375,621.7337646484375,24.443359375,45.08734130859375,0.2748193144798279,-1,-1,-1
309,2,4741.0546875,653.2774658203125,40.26953125,56.2030029296875,0.5455977320671082,-1,-1,-1
309,428,4821.42822265625,624.1683959960938,26.556640625,52.04803466796875,0.5819898843765259,-1,-1,-1
309,430,3613.62451171875,597.927001953125,17.582275390625,44.40545654296875,0.5790159106254578,-1,-1,-1
309,288,3661.206787109375,609.7058715820312,18.462646484375,48.734130859375,0.47601789236068726,-1,-1,-1
309,411,4525.01123046875,666.7523803710938,34.0244140625,57.37310791015625,0.4238472282886505,-1,-1,-1
310,133,4018.39306640625,615.8280029296875,17.72021484375,51.95574951171875,0.5073109865188599,-1,-1,-1
310,412,4426.470703125,619.6641235351562,24.13720703125,45.76959228515625,0.4652121067047119,-1,-1,-1
310,2,4739.19580078125,654.095703125,33.25146484375,53.67669677734375,0.47250473499298096,-1,-1,-1
310,428,4819.84033203125,623.778076171875,27.9287109375,51.38299560546875,0.5427210330963135,-1,-1,-1
310,430,3613.420166015625,598.4496459960938,16.785400390625,42.88397216796875,0.5147432088851929,-1,-1,-1
310,288,3662.226318359375,609.0991821289062,18.37548828125,49.0828857421875,0.4388655126094818,-1,-1,-1
310,411,4521.89892578125,666.89013671875,36.267578125,57.017822265625,0.3933018743991852,-1,-1,-1
311,133,4018.107666015625,615.8008422851562,17.64990234375,52.232177734375,0.49441683292388916,-1,-1,-1
311,412,4420.6103515625,617.159423828125,25.7646484375,47.86627197265625,0.5341389775276184,-1,-1,-1
311,2,4736.8330078125,653.8655395507812,28.87255859375,53.78228759765625,0.5483596324920654,-1,-1,-1
311,428,4818.849609375,624.1005859375,27.76025390625,49.9075927734375,0.5579915046691895,-1,-1,-1
311,430,3613.064453125,598.1915893554688,16.448974609375,43.37261962890625,0.5231863856315613,-1,-1,-1
311,288,3662.885986328125,609.2499389648438,19.066650390625,49.0286865234375,0.45796018838882446,-1,-1,-1
311,411,4520.3037109375,666.2100219726562,36.78564453125,58.2928466796875,0.47443345189094543,-1,-1,-1
312,133,4017.31591796875,615.7771606445312,18.158935546875,52.25775146484375,0.4978436529636383,-1,-1,-1
312,412,4415.27783203125,615.5097045898438,29.15185546875,48.667236328125,0.40669870376586914,-1,-1,-1
312,2,4732.15966796875,653.8331909179688,25.91357421875,55.5037841796875,0.5144537687301636,-1,-1,-1
312,428,4817.3681640625,624.87353515625,27.36865234375,48.54351806640625,0.4903172254562378,-1,-1,-1
312,430,3613.061767578125,597.6610717773438,16.1552734375,43.319091796875,0.5765522122383118,-1,-1,-1
312,288,3664.033935546875,608.5696411132812,18.4501953125,49.62591552734375,0.4109022915363312,-1,-1,-1
312,411,4518.5263671875,665.398681640625,37.46826171875,59.5909423828125,0.45089542865753174,-1,-1,-1
312,355,3045.901611328125,520.6314086914062,18.8408203125,33.697265625,0.29647451639175415,-1,-1,-1
313,133,4015.94140625,615.4956665039062,19.33251953125,52.0391845703125,0.48577380180358887,-1,-1,-1
313,412,4408.173828125,614.2846069335938,30.66162109375,47.30206298828125,0.2987109124660492,-1,-1,-1
313,2,4727.921875,652.71875,25.94580078125,56.118408203125,0.5580965280532837,-1,-1,-1
313,428,4815.24462890625,626.00390625,26.0478515625,47.260986328125,0.4864952266216278,-1,-1,-1
313,430,3612.671630859375,597.135498046875,16.43408203125,42.82537841796875,0.5906744003295898,-1,-1,-1
313,288,3665.3212890625,608.1641845703125,17.837646484375,49.65081787109375,0.4196417033672333,-1,-1,-1
313,411,4517.49560546875,664.5880126953125,36.6728515625,60.619384765625,0.4700201749801636,-1,-1,-1
313,355,3046.36572265625,521.0440063476562,19.0830078125,32.745849609375,0.3081933856010437,-1,-1,-1
314,133,4014.544677734375,615.6192626953125,20.448486328125,51.41912841796875,0.503241240978241,-1,-1,-1
314,412,4402.9306640625,612.1887817382812,28.41796875,46.865234375,0.3940123915672302,-1,-1,-1
314,2,4723.1904296875,651.1011962890625,25.9091796875,56.06488037109375,0.6096417307853699,-1,-1,-1
314,428,4813.38671875,626.8984985351562,24.75634765625,44.4364013671875,0.3272807002067566,-1,-1,-1
314,430,3611.521728515625,596.1130981445312,17.39013671875,43.0001220703125,0.5763533711433411,-1,-1,-1
314,288,3666.269287109375,608.513671875,18.0712890625,48.384033203125,0.47611936926841736,-1,-1,-1
314,411,4515.51513671875,665.6328125,37.03515625,59.39971923828125,0.4169544279575348,-1,-1,-1
314,355,3046.7734375,521.7617797851562,19.232421875,31.9822998046875,0.2787269353866577,-1,-1,-1
315,133,4014.166259765625,614.7640380859375,20.6171875,51.689697265625,0.4864576458930969,-1,-1,-1
315,412,4397.24072265625,612.0009155273438,29.083984375,47.2923583984375,0.36560583114624023,-1,-1,-1
315,2,4717.4697265625,650.6134643554688,28.08544921875,56.43951416015625,0.6458857655525208,-1,-1,-1
315,430,3610.041015625,595.090576171875,18.860107421875,43.91387939453125,0.543536365032196,-1,-1,-1
315,288,3666.80029296875,607.1044311523438,17.972900390625,49.8092041015625,0.48538315296173096,-1,-1,-1
315,411,4513.43310546875,666.6489868164062,37.49072265625,57.8060302734375,0.3599301278591156,-1,-1,-1
315,355,3047.449951171875,521.9307250976562,18.841064453125,31.72760009765625,0.2661299705505371,-1,-1,-1
316,133,4013.596923828125,614.5384521484375,21.084716796875,51.4354248046875,0.49024227261543274,-1,-1,-1
316,412,4393.0224609375,611.581787109375,25.64013671875,48.6807861328125,0.5671493411064148,-1,-1,-1
316,2,4710.99072265625,650.5748901367188,33.41455078125,56.6978759765625,0.5668903589248657,-1,-1,-1
316,430,3609.02392578125,594.9314575195312,19.59765625,45.046875,0.48032131791114807,-1,-1,-1
316,288,3667.71044921875,603.609375,18.70263671875,51.52166748046875,0.4474967122077942,-1,-1,-1
316,411,4511.83740234375,667.470947265625,36.64404296875,56.882568359375,0.3999944031238556,-1,-1,-1
316,355,3048.226318359375,522.0852661132812,18.292724609375,31.91961669921875,0.33151546120643616,-1,-1,-1
317,133,4012.6728515625,614.5650634765625,21.112548828125,48.69500732421875,0.5082488059997559,-1,-1,-1
317,412,4389.89013671875,611.6087646484375,23.923828125,49.0020751953125,0.5117903351783752,-1,-1,-1
317,2,4705.48291015625,650.3218994140625,33.6240234375,54.02490234375,0.3890415132045746,-1,-1,-1
317,430,3608.59716796875,595.4844970703125,19.5078125,44.95489501953125,0.5099201202392578,-1,-1,-1
317,288,3668.515380859375,600.93701171875,19.514404296875,53.24395751953125,0.47692060470581055,-1,-1,-1
317,411,4509.86962890625,668.0567626953125,35.955078125,55.85589599609375,0.2782192528247833,-1,-1,-1
317,355,3049.611572265625,522.0496826171875,17.759033203125,31.64239501953125,0.3392452597618103,-1,-1,-1
317,428,4806.0224609375,623.864013671875,25.95947265625,48.1170654296875,0.3820969760417938,-1,-1,-1
318,133,4011.751953125,614.6888427734375,21.103271484375,46.7064208984375,0.5390766859054565,-1,-1,-1
318,412,4386.27001953125,612.6583862304688,22.5048828125,47.15362548828125,0.3952990770339966,-1,-1,-1
318,2,4702.25341796875,650.9700927734375,30.96484375,49.93829345703125,0.40201789140701294,-1,-1,-1
318,430,3608.326171875,594.8305053710938,19.489990234375,43.7572021484375,0.5294865965843201,-1,-1,-1
318,288,3668.84423828125,598.0687255859375,20.04638671875,54.886962890625,0.420671284198761,-1,-1,-1
318,411,4506.63427734375,668.2179565429688,37.421875,55.149658203125,0.30198293924331665,-1,-1,-1
318,355,3050.985595703125,522.2171630859375,17.93017578125,31.72271728515625,0.344453364610672,-1,-1,-1
318,428,4804.736328125,622.9227294921875,26.42724609375,49.32220458984375,0.4504718780517578,-1,-1,-1
319,133,4011.09375,613.6603393554688,20.25244140625,46.4776611328125,0.5267006754875183,-1,-1,-1
319,412,4381.53173828125,612.9867553710938,22.1376953125,46.39642333984375,0.3204229772090912,-1,-1,-1
319,2,4698.4697265625,651.7909545898438,31.15576171875,50.46722412109375,0.3067896068096161,-1,-1,-1
319,430,3607.96875,594.5958251953125,19.5263671875,44.2598876953125,0.5680087804794312,-1,-1,-1
319,288,3669.11669921875,598.0236206054688,20.765869140625,54.00799560546875,0.32791775465011597,-1,-1,-1
319,411,4505.18994140625,668.1439208984375,35.93115234375,56.54046630859375,0.3481896221637726,-1,-1,-1
319,355,3052.872314453125,522.1704711914062,17.438232421875,31.8182373046875,0.30144035816192627,-1,-1,-1
319,428,4803.16015625,622.4140014648438,27.39013671875,49.33416748046875,0.4607155919075012,-1,-1,-1
320,133,4010.597412109375,612.3540649414062,19.678466796875,47.73822021484375,0.5074593424797058,-1,-1,-1
320,2,4692.025390625,652.133056640625,31.76123046875,52.30718994140625,0.4397871792316437,-1,-1,-1
320,430,3607.73095703125,594.2562255859375,19.489990234375,42.9326171875,0.5387175679206848,-1,-1,-1
320,288,3669.174560546875,597.513916015625,22.302001953125,54.93011474609375,0.27468690276145935,-1,-1,-1
320,411,4503.82275390625,668.0219116210938,34.3447265625,56.9677734375,0.2779219448566437,-1,-1,-1
320,428,4801.90673828125,622.3428344726562,27.86767578125,49.71533203125,0.5361308455467224,-1,-1,-1
321,133,4009.70263671875,610.7059326171875,19.147705078125,48.54595947265625,0.4778858721256256,-1,-1,-1
321,2,4687.12158203125,652.7551879882812,31.25439453125,53.697265625,0.4890364110469818,-1,-1,-1
321,430,3607.2900390625,593.8070068359375,19.68505859375,42.702880859375,0.5332509875297546,-1,-1,-1
321,288,3669.25244140625,598.0325927734375,23.017822265625,54.2545166015625,0.3124511241912842,-1,-1,-1
321,411,4502.15625,667.6644287109375,32.5966796875,57.2744140625,0.35167235136032104,-1,-1,-1
321,428,4799.65625,622.2921752929688,28.912109375,49.3641357421875,0.5674442052841187,-1,-1,-1
321,412,4370.8916015625,608.5201416015625,24.337890625,48.64764404296875,0.33488228917121887,-1,-1,-1
322,133,4008.544921875,610.8449096679688,19.46728515625,48.30047607421875,0.4697869122028351,-1,-1,-1
322,2,4683.98583984375,652.533447265625,29.75732421875,54.8673095703125,0.47275862097740173,-1,-1,-1
322,430,3606.36669921875,593.3535766601562,20.56689453125,45.22332763671875,0.5348398089408875,-1,-1,-1
322,288,3669.2939453125,599.3758544921875,23.342041015625,52.9962158203125,0.33399635553359985,-1,-1,-1
322,411,4499.35693359375,665.8538208007812,32.623046875,59.348388671875,0.3997642695903778,-1,-1,-1
322,428,4797.97705078125,621.7999267578125,28.7109375,49.40185546875,0.604077935218811,-1,-1,-1
322,412,4365.24267578125,607.5545654296875,27.31201171875,49.69384765625,0.4876045286655426,-1,-1,-1
323,133,4007.60546875,611.57568359375,19.4384765625,46.767822265625,0.45639145374298096,-1,-1,-1
323,2,4679.5498046875,652.7278442382812,30.65478515625,55.40362548828125,0.44060832262039185,-1,-1,-1
323,430,3605.29931640625,593.2011108398438,21.306396484375,45.50933837890625,0.48644089698791504,-1,-1,-1
323,288,3669.338623046875,601.320556640625,23.88720703125,50.58074951171875,0.29329171776771545,-1,-1,-1
323,411,4497.4970703125,664.8190307617188,32.90966796875,60.23406982421875,0.43692833185195923,-1,-1,-1
323,428,4796.84765625,621.6704711914062,28.6943359375,49.265625,0.5926362872123718,-1,-1,-1
323,412,4360.818359375,605.526611328125,27.1572265625,50.199951171875,0.43546372652053833,-1,-1,-1
324,133,4006.89453125,611.7382202148438,18.54638671875,46.5543212890625,0.39689427614212036,-1,-1,-1
324,2,4674.03857421875,651.4393310546875,32.0537109375,58.80072021484375,0.3771745562553406,-1,-1,-1
324,430,3604.15576171875,592.7909545898438,21.255615234375,46.33892822265625,0.4895801842212677,-1,-1,-1
324,411,4496.29345703125,664.4589233398438,32.9775390625,59.97821044921875,0.4051305949687958,-1,-1,-1
324,428,4796.15576171875,621.4003295898438,27.19091796875,48.53424072265625,0.5878586769104004,-1,-1,-1
324,412,4354.75244140625,604.9100952148438,28.0546875,48.85302734375,0.3613639771938324,-1,-1,-1
325,133,4005.219970703125,611.9879760742188,19.453369140625,46.03314208984375,0.3831959366798401,-1,-1,-1
325,2,4670.22021484375,650.6246948242188,31.79248046875,59.406982421875,0.4391618072986603,-1,-1,-1
325,430,3603.888671875,592.8897705078125,20.547119140625,45.52117919921875,0.4464898705482483,-1,-1,-1
325,411,4494.15771484375,663.7200927734375,31.935546875,60.22833251953125,0.33643653988838196,-1,-1,-1
325,428,4795.841796875,621.4444580078125,25.56640625,47.069580078125,0.5366419553756714,-1,-1,-1
325,412,4350.64111328125,605.5031127929688,26.2958984375,46.92376708984375,0.3150308132171631,-1,-1,-1
325,288,3669.441650390625,600.0952758789062,24.30029296875,52.27154541015625,0.2505580484867096,-1,-1,-1
326,133,4001.61669921875,612.9832763671875,22.814208984375,43.41864013671875,0.2908015549182892,-1,-1,-1
326,2,4663.90576171875,650.6788330078125,33.44921875,56.9632568359375,0.3998256027698517,-1,-1,-1
326,430,3603.503173828125,593.0294799804688,19.624755859375,44.24114990234375,0.4153202772140503,-1,-1,-1
326,411,4492.11181640625,663.7761840820312,31.09033203125,60.2354736328125,0.37739038467407227,-1,-1,-1
326,428,4795.255859375,621.6618041992188,23.40087890625,45.64959716796875,0.5030232071876526,-1,-1,-1
326,412,4346.59912109375,603.2026977539062,26.1728515625,49.00323486328125,0.4070776402950287,-1,-1,-1
326,288,3671.217041015625,599.513916015625,25.56591796875,52.787841796875,0.25014737248420715,-1,-1,-1
327,2,4659.56494140625,650.5109252929688,34.2822265625,54.269775390625,0.4094702899456024,-1,-1,-1
327,430,3602.9228515625,592.372802734375,19.136962890625,42.96856689453125,0.39960533380508423,-1,-1,-1
327,411,4489.16162109375,665.0216064453125,31.7119140625,58.60467529296875,0.2844103276729584,-1,-1,-1
327,428,4793.0361328125,621.1430053710938,23.9697265625,45.86614990234375,0.38911253213882446,-1,-1,-1
327,412,4342.630859375,602.262451171875,25.8544921875,50.552978515625,0.3758693337440491,-1,-1,-1
328,2,4655.8291015625,650.6319580078125,31.607421875,54.53875732421875,0.48893141746520996,-1,-1,-1
328,430,3602.076416015625,591.658447265625,19.010498046875,43.1375732421875,0.44052401185035706,-1,-1,-1
328,428,4789.96142578125,620.7493896484375,24.408203125,46.22271728515625,0.3035002052783966,-1,-1,-1
328,412,4338.6787109375,601.6311645507812,25.10400390625,52.26092529296875,0.4234824478626251,-1,-1,-1
328,133,3998.885498046875,611.1788940429688,25.036376953125,46.97210693359375,0.26795685291290283,-1,-1,-1
329,2,4651.1416015625,651.5407104492188,29.3662109375,54.11553955078125,0.4306216239929199,-1,-1,-1
329,430,3601.70654296875,590.6195068359375,19.612548828125,44.05999755859375,0.4099406898021698,-1,-1,-1
329,428,4786.48046875,620.5341186523438,24.1552734375,44.00665283203125,0.26971501111984253,-1,-1,-1
329,412,4335.42529296875,602.2452392578125,22.6728515625,52.35723876953125,0.4832497239112854,-1,-1,-1
329,411,4484.20703125,667.5222778320312,30.57373046875,57.20458984375,0.25994816422462463,-1,-1,-1
330,2,4647.1689453125,651.3250122070312,27.31787109375,54.91363525390625,0.2719494700431824,-1,-1,-1
330,430,3601.550537109375,591.1988525390625,19.31591796875,42.665771484375,0.3631371259689331,-1,-1,-1
330,428,4783.49560546875,620.9104614257812,23.95556640625,42.39202880859375,0.2959785461425781,-1,-1,-1
330,412,4331.48193359375,603.0543823242188,21.04052734375,50.48193359375,0.44024917483329773,-1,-1,-1
331,2,4643.43212890625,650.481201171875,24.798828125,54.8441162109375,0.4147920310497284,-1,-1,-1
331,430,3600.9091796875,591.0097045898438,19.1962890625,42.33349609375,0.36654114723205566,-1,-1,-1
331,428,4781.2880859375,620.923828125,23.4892578125,41.2314453125,0.3497893810272217,-1,-1,-1
331,412,4326.2529296875,602.4366455078125,23.015625,50.52618408203125,0.3039312958717346,-1,-1,-1
332,2,4640.3056640625,649.7862548828125,22.22314453125,55.78680419921875,0.527252733707428,-1,-1,-1
332,430,3600.31689453125,590.3321533203125,19.291015625,46.19598388671875,0.425698459148407,-1,-1,-1
332,428,4779.83740234375,620.0286865234375,23.51611328125,42.76239013671875,0.3583066761493683,-1,-1,-1
332,411,4478.8095703125,667.53125,28.62158203125,56.9703369140625,0.31954070925712585,-1,-1,-1
333,2,4634.29833984375,649.6870727539062,24.73876953125,56.687255859375,0.6136369705200195,-1,-1,-1
333,430,3598.1689453125,589.6015625,20.87841796875,46.54034423828125,0.3924601972103119,-1,-1,-1
333,428,4777.61181640625,618.857421875,24.62109375,44.67974853515625,0.44094786047935486,-1,-1,-1
333,411,4475.73779296875,667.5238647460938,29.84375,57.8770751953125,0.47256460785865784,-1,-1,-1
333,133,3993.68603515625,607.9642333984375,20.9326171875,48.133056640625,0.33487793803215027,-1,-1,-1
333,412,4316.39794921875,601.8065795898438,25.10888671875,52.2838134765625,0.4814777672290802,-1,-1,-1
334,2,4627.4755859375,649.7073364257812,29.9140625,58.1536865234375,0.5548661947250366,-1,-1,-1
334,430,3597.9130859375,588.6224975585938,20.6552734375,46.95562744140625,0.38456016778945923,-1,-1,-1
334,428,4775.23779296875,618.5221557617188,25.998046875,46.92138671875,0.4508930742740631,-1,-1,-1
334,411,4473.05615234375,666.7145385742188,31.5458984375,59.5128173828125,0.4972865879535675,-1,-1,-1
334,459,6164.64013671875,810.8873291015625,98.99169921875,123.1475830078125,0.36332640051841736,-1,-1,-1
334,133,3993.29052734375,606.643310546875,18.851318359375,48.5731201171875,0.3887789249420166,-1,-1,-1
334,412,4310.416015625,600.2258911132812,28.29443359375,52.9537353515625,0.5272135734558105,-1,-1,-1
334,355,3062.234375,519.2186889648438,18.033447265625,37.66143798828125,0.33832070231437683,-1,-1,-1
335,2,4622.3232421875,650.1296997070312,31.76416015625,57.072265625,0.4502202272415161,-1,-1,-1
335,430,3596.5029296875,588.2600708007812,22.124755859375,47.2767333984375,0.36997783184051514,-1,-1,-1
335,428,4774.1796875,618.4534301757812,26.83349609375,47.1640625,0.45194554328918457,-1,-1,-1
335,411,4470.900390625,665.3803100585938,31.6025390625,61.03759765625,0.5553913116455078,-1,-1,-1
335,459,6151.49951171875,810.3255615234375,107.865234375,121.634033203125,0.40871644020080566,-1,-1,-1
335,133,3992.62109375,605.838134765625,16.864990234375,49.39990234375,0.49070048332214355,-1,-1,-1
335,412,4305.64404296875,599.938232421875,32.01708984375,52.76605224609375,0.5012400150299072,-1,-1,-1
335,355,3062.78564453125,519.11572265625,18.24560546875,38.5389404296875,0.3897608816623688,-1,-1,-1
336,2,4616.66748046875,648.698486328125,32.521484375,57.46710205078125,0.45104077458381653,-1,-1,-1
336,430,3594.453369140625,585.9636840820312,23.548095703125,47.16748046875,0.3297041058540344,-1,-1,-1
336,428,4773.3603515625,617.748291015625,26.46240234375,47.26995849609375,0.4368765354156494,-1,-1,-1
336,411,4469.28466796875,664.3756713867188,31.4208984375,61.72314453125,0.5779892802238464,-1,-1,-1
336,459,6145.640625,810.3285522460938,114.67626953125,118.93634033203125,0.40052735805511475,-1,-1,-1
336,133,3991.280029296875,604.4261474609375,16.665771484375,49.9091796875,0.49683740735054016,-1,-1,-1
336,412,4299.77783203125,599.966064453125,33.39892578125,52.6885986328125,0.44953611493110657,-1,-1,-1
336,355,3063.5498046875,519.227783203125,18.215576171875,38.47332763671875,0.39255625009536743,-1,-1,-1
337,2,4611.09326171875,648.0891723632812,31.49267578125,57.01513671875,0.4338342249393463,-1,-1,-1
337,430,3592.748779296875,585.18212890625,24.816650390625,46.93389892578125,0.27207452058792114,-1,-1,-1
337,428,4770.41845703125,617.3433227539062,28.041015625,49.03399658203125,0.4448069930076599,-1,-1,-1
337,411,4467.72705078125,664.3380737304688,30.7392578125,61.68145751953125,0.5160800814628601,-1,-1,-1
337,133,3990.041259765625,604.4705200195312,16.977783203125,46.331298828125,0.4586108922958374,-1,-1,-1
337,412,4296.86962890625,602.567626953125,29.40673828125,48.6807861328125,0.49502018094062805,-1,-1,-1
337,355,3064.449951171875,519.39794921875,18.157958984375,37.76129150390625,0.3743821978569031,-1,-1,-1
338,2,4608.90234375,648.7693481445312,28.33447265625,56.3341064453125,0.48302170634269714,-1,-1,-1
338,430,3592.110595703125,583.921142578125,25.0859375,47.81378173828125,0.2739773988723755,-1,-1,-1
338,428,4766.76513671875,617.8704223632812,30.3115234375,50.0673828125,0.4596700966358185,-1,-1,-1
338,411,4464.2666015625,666.4811401367188,32.74609375,58.75384521484375,0.3863518536090851,-1,-1,-1
338,133,3988.109375,603.8504028320312,18.575927734375,45.29132080078125,0.42832377552986145,-1,-1,-1
338,412,4294.48193359375,603.7432861328125,26.47900390625,47.7841796875,0.5171628594398499,-1,-1,-1
338,355,3064.854736328125,519.434814453125,18.118896484375,37.187255859375,0.34830227494239807,-1,-1,-1
339,2,4605.87939453125,650.1741333007812,26.56201171875,56.35308837890625,0.45972925424575806,-1,-1,-1
339,428,4764.94189453125,617.9863891601562,31.4130859375,50.27923583984375,0.4381418228149414,-1,-1,-1
339,411,4461.16064453125,667.7490234375,34.03271484375,58.4010009765625,0.3399384319782257,-1,-1,-1
339,133,3986.43798828125,602.6885375976562,19.974853515625,50.8953857421875,0.5615258812904358,-1,-1,-1
339,412,4291.720703125,604.6571655273438,24.61572265625,47.56134033203125,0.433216392993927,-1,-1,-1
339,355,3065.452880859375,519.0159912109375,18.14501953125,36.704345703125,0.34361088275909424,-1,-1,-1
340,2,4601.8837890625,651.7587280273438,26.82275390625,55.73297119140625,0.44410091638565063,-1,-1,-1
340,428,4764.1943359375,616.9957885742188,32.015625,51.35443115234375,0.45511654019355774,-1,-1,-1
340,411,4458.30908203125,668.4398193359375,35.84521484375,57.0523681640625,0.2861326038837433,-1,-1,-1
340,133,3985.037841796875,603.2451171875,20.498291015625,48.66424560546875,0.5067697167396545,-1,-1,-1
340,412,4289.48828125,603.0823974609375,20.4150390625,49.49200439453125,0.4902839958667755,-1,-1,-1
340,355,3065.983154296875,518.7426147460938,18.243896484375,36.93359375,0.31180572509765625,-1,-1,-1
341,2,4597.65087890625,652.1213989257812,26.2685546875,56.079345703125,0.4076865017414093,-1,-1,-1
341,428,4765.3125,616.6041259765625,27.43017578125,49.39630126953125,0.4942997097969055,-1,-1,-1
341,411,4457.18212890625,668.16162109375,33.5185546875,56.49346923828125,0.2905239164829254,-1,-1,-1
341,133,3983.33251953125,603.03564453125,21.1162109375,48.91363525390625,0.5082996487617493,-1,-1,-1
341,412,4285.26220703125,602.3704833984375,20.4345703125,48.91632080078125,0.46880263090133667,-1,-1,-1
341,355,3066.345947265625,519.196533203125,18.07763671875,38.05328369140625,0.3109196126461029,-1,-1,-1
342,2,4591.93896484375,650.9202270507812,28.49560546875,57.35577392578125,0.27019333839416504,-1,-1,-1
342,428,4765.65283203125,616.6622314453125,24.70361328125,48.5635986328125,0.4832235276699066,-1,-1,-1
342,411,4455.07958984375,666.8746948242188,33.28515625,61.77386474609375,0.31528720259666443,-1,-1,-1
342,133,3982.3818359375,603.1859130859375,19.998779296875,49.88653564453125,0.5425896048545837,-1,-1,-1
342,412,4281.29052734375,600.6336059570312,22.2373046875,51.4527587890625,0.4787834584712982,-1,-1,-1
343,2,4587.83984375,649.0458984375,28.27490234375,60.53741455078125,0.3751775026321411,-1,-1,-1
343,428,4763.73974609375,617.2863159179688,24.46875,48.0699462890625,0.39733099937438965,-1,-1,-1
343,411,4452.56689453125,665.95263671875,33.54345703125,63.24609375,0.3513299822807312,-1,-1,-1
343,133,3980.905029296875,603.2699584960938,19.18115234375,47.649658203125,0.5073476433753967,-1,-1,-1
343,412,4276.4951171875,599.84912109375,24.62548828125,53.51116943359375,0.4441434144973755,-1,-1,-1
344,2,4582.24853515625,649.4032592773438,31.07177734375,59.2646484375,0.3710992634296417,-1,-1,-1
344,428,4761.5185546875,617.3003540039062,24.73046875,48.48565673828125,0.3530680537223816,-1,-1,-1
344,411,4451.2802734375,665.979248046875,31.7373046875,63.93206787109375,0.3426700234413147,-1,-1,-1
344,133,3979.684326171875,603.2923583984375,18.283447265625,45.05181884765625,0.4700428247451782,-1,-1,-1
344,412,4271.857421875,599.391357421875,25.61083984375,52.44873046875,0.3185153603553772,-1,-1,-1
345,2,4576.92236328125,649.5556030273438,31.837890625,57.0147705078125,0.3659636378288269,-1,-1,-1
345,411,4449.28955078125,665.9446411132812,31.5029296875,64.42852783203125,0.4240691363811493,-1,-1,-1
345,133,3978.720703125,602.854248046875,18.583984375,47.1947021484375,0.42597106099128723,-1,-1,-1
345,475,4182.32666015625,580.1796264648438,16.30126953125,35.9813232421875,0.3234126567840576,-1,-1,-1
346,2,4572.607421875,650.66748046875,30.22607421875,51.87457275390625,0.3907209038734436,-1,-1,-1
346,411,4448.5732421875,666.515380859375,30.13232421875,64.8453369140625,0.5037966370582581,-1,-1,-1
346,133,3976.3173828125,602.4757690429688,20.34130859375,47.713134765625,0.3717002868652344,-1,-1,-1
346,475,4181.96923828125,580.5485229492188,15.83251953125,35.43255615234375,0.31427133083343506,-1,-1,-1
346,412,4262.11962890625,596.058837890625,27.078125,55.22216796875,0.3801749348640442,-1,-1,-1
347,2,4567.70458984375,652.3011474609375,27.20458984375,53.2015380859375,0.40723660588264465,-1,-1,-1
347,411,4446.5693359375,668.0052490234375,30.7001953125,63.48309326171875,0.39751315116882324,-1,-1,-1
347,133,3974.5634765625,602.7169189453125,20.326171875,48.64874267578125,0.3099205195903778,-1,-1,-1
347,475,4181.26904296875,579.965087890625,15.49072265625,36.2138671875,0.3079182505607605,-1,-1,-1
347,476,6067.50634765625,827.4168090820312,108.1103515625,95.65740966796875,0.39720141887664795,-1,-1,-1
347,412,4257.30615234375,596.2410888671875,25.53759765625,53.5799560546875,0.5649434328079224,-1,-1,-1
347,430,3586.27783203125,581.2645263671875,18.95556640625,45.4635009765625,0.3120056092739105,-1,-1,-1
348,2,4562.51513671875,653.4100952148438,26.533203125,52.79071044921875,0.35214707255363464,-1,-1,-1
348,411,4445.10986328125,669.1325073242188,29.2900390625,61.9700927734375,0.30726391077041626,-1,-1,-1
348,133,3972.2705078125,601.0210571289062,20.784423828125,48.80517578125,0.312054842710495,-1,-1,-1
348,475,4180.70068359375,580.9076538085938,15.27197265625,35.6429443359375,0.3079616129398346,-1,-1,-1
348,476,6063.88232421875,830.4185791015625,109.9091796875,92.57696533203125,0.3170780837535858,-1,-1,-1
348,412,4254.6796875,597.9497680664062,24.5595703125,50.20782470703125,0.5159968137741089,-1,-1,-1
348,430,3585.796875,582.10595703125,17.658935546875,42.72430419921875,0.3068046569824219,-1,-1,-1
349,2,4558.85205078125,652.338623046875,22.38330078125,53.788330078125,0.49886438250541687,-1,-1,-1
349,411,4444.1875,669.2803344726562,27.0927734375,59.20819091796875,0.35555338859558105,-1,-1,-1
349,133,3970.6953125,601.4400634765625,21.236572265625,49.56134033203125,0.28360095620155334,-1,-1,-1
349,475,4180.283203125,580.3148193359375,15.42138671875,36.67596435546875,0.3285503685474396,-1,-1,-1
349,476,6062.97216796875,828.8828125,109.12060546875,94.21319580078125,0.3907306492328644,-1,-1,-1
349,412,4252.83154296875,598.4341430664062,22.52294921875,48.362060546875,0.5198472142219543,-1,-1,-1
349,430,3584.930908203125,582.9010620117188,16.93798828125,38.5430908203125,0.2571464776992798,-1,-1,-1
349,428,4748.93115234375,614.170166015625,28.6240234375,52.9503173828125,0.3847545385360718,-1,-1,-1
350,2,4554.63232421875,652.2315673828125,21.54541015625,50.36492919921875,0.46800747513771057,-1,-1,-1
350,411,4442.07373046875,669.0689086914062,26.71435546875,63.33270263671875,0.4723919630050659,-1,-1,-1
350,133,3968.919677734375,599.659912109375,21.679443359375,53.68048095703125,0.3398250937461853,-1,-1,-1
350,475,4179.498046875,579.5156860351562,15.82080078125,38.51336669921875,0.3567521274089813,-1,-1,-1
350,476,6060.98193359375,829.5741577148438,107.8662109375,93.5594482421875,0.337669312953949,-1,-1,-1
350,412,4250.3017578125,599.045654296875,19.708984375,48.314697265625,0.5215737223625183,-1,-1,-1
350,430,3584.041259765625,583.0363159179688,17.299072265625,37.41497802734375,0.277657151222229,-1,-1,-1
350,428,4744.52197265625,614.0686645507812,31.77197265625,54.041015625,0.4662924110889435,-1,-1,-1
351,2,4549.18994140625,652.1204223632812,24.6318359375,53.8477783203125,0.5700926780700684,-1,-1,-1
351,411,4440.0400390625,668.7018432617188,27.2490234375,64.2169189453125,0.4889095425605774,-1,-1,-1
351,133,3967.088134765625,598.8333129882812,22.788818359375,53.00994873046875,0.37120118737220764,-1,-1,-1
351,475,4178.21435546875,579.1270751953125,16.43359375,39.72283935546875,0.42319735884666443,-1,-1,-1
351,476,6061.0654296875,830.7461547851562,102.4130859375,92.5589599609375,0.3187806308269501,-1,-1,-1
351,412,4245.79150390625,600.1531982421875,21.55712890625,47.8203125,0.42191675305366516,-1,-1,-1
351,430,3582.530517578125,582.8388671875,18.908203125,42.64251708984375,0.37185007333755493,-1,-1,-1
351,428,4742.55712890625,614.01611328125,32.84521484375,54.1514892578125,0.5071048736572266,-1,-1,-1
351,484,4472.51611328125,551.1544799804688,22.1044921875,41.752197265625,0.3890283703804016,-1,-1,-1
352,2,4543.1767578125,652.5045166015625,26.49462890625,54.76055908203125,0.5010977983474731,-1,-1,-1
352,411,4435.9384765625,668.6702270507812,29.375,65.4930419921875,0.5530621409416199,-1,-1,-1
352,133,3965.21142578125,597.3646240234375,23.335693359375,53.31658935546875,0.47208964824676514,-1,-1,-1
352,475,4176.99169921875,579.793701171875,17.3427734375,39.71136474609375,0.4091891050338745,-1,-1,-1
352,412,4241.68310546875,599.4773559570312,21.90771484375,49.80712890625,0.45862680673599243,-1,-1,-1
352,430,3581.05517578125,583.9111328125,19.513671875,38.8382568359375,0.3170953392982483,-1,-1,-1
352,428,4742.46240234375,614.2626953125,32.21337890625,53.8699951171875,0.5173627734184265,-1,-1,-1
352,484,4469.50830078125,549.07763671875,22.87744140625,46.13824462890625,0.38966163992881775,-1,-1,-1
353,2,4535.36376953125,650.6978149414062,29.26611328125,57.16094970703125,0.3297799825668335,-1,-1,-1
353,411,4432.029296875,668.6134643554688,30.951171875,66.80517578125,0.592321515083313,-1,-1,-1
353,133,3963.7626953125,597.5698852539062,22.770263671875,50.2193603515625,0.5319646596908569,-1,-1,-1
353,475,4176.673828125,578.7105712890625,16.99755859375,41.32489013671875,0.4616302251815796,-1,-1,-1
353,412,4238.2822265625,596.4732055664062,22.57763671875,54.37371826171875,0.47202152013778687,-1,-1,-1
353,430,3580.479248046875,582.642578125,19.658203125,40.42816162109375,0.40472808480262756,-1,-1,-1
353,428,4742.021484375,614.7452392578125,31.6181640625,52.90411376953125,0.5642490386962891,-1,-1,-1
353,484,4467.93701171875,549.6859741210938,22.900390625,44.7100830078125,0.401572048664093,-1,-1,-1
353,487,4029.862548828125,519.7723999023438,16.22998046875,32.9923095703125,0.3097946047782898,-1,-1,-1
353,488,3667.9150390625,585.6128540039062,23.917724609375,51.70306396484375,0.32592135667800903,-1,-1,-1
353,476,6061.1171875,827.0846557617188,85.98095703125,94.075927734375,0.3014239966869354,-1,-1,-1
354,2,4528.64306640625,649.5425415039062,30.1513671875,57.58740234375,0.534627377986908,-1,-1,-1
354,411,4429.271484375,668.213134765625,30.9697265625,66.91497802734375,0.5208967924118042,-1,-1,-1
354,133,3962.523193359375,597.4949951171875,21.791259765625,51.39013671875,0.564990758895874,-1,-1,-1
354,475,4176.2392578125,577.5909423828125,17.82421875,42.78839111328125,0.48999735713005066,-1,-1,-1
354,412,4232.333984375,595.873779296875,23.72119140625,52.91009521484375,0.6266493201255798,-1,-1,-1
354,430,3579.77197265625,579.6953735351562,20.029541015625,42.4892578125,0.44180014729499817,-1,-1,-1
354,428,4741.59326171875,615.156494140625,30.67138671875,52.261962890625,0.5405105948448181,-1,-1,-1
354,484,4465.666015625,548.9254150390625,24.55029296875,44.2984619140625,0.3768114447593689,-1,-1,-1
354,487,4029.6845703125,519.7922973632812,16.662109375,33.13653564453125,0.3181542754173279,-1,-1,-1
354,488,3666.871826171875,586.5758666992188,23.8154296875,49.2362060546875,0.29335781931877136,-1,-1,-1
354,476,6061.63330078125,824.9497680664062,77.4228515625,95.23388671875,0.37433627247810364,-1,-1,-1
355,2,4524.6494140625,649.5045166015625,29.6845703125,55.30523681640625,0.5743458867073059,-1,-1,-1
355,411,4427.33935546875,668.2258911132812,31.45068359375,65.8267822265625,0.5081499814987183,-1,-1,-1
355,133,3960.2587890625,598.207275390625,22.145751953125,48.54266357421875,0.513526201248169,-1,-1,-1
355,475,4174.9423828125,577.9647216796875,18.8515625,42.13787841796875,0.4615532159805298,-1,-1,-1
355,412,4228.12939453125,595.9921875,25.83349609375,51.197509765625,0.6065131425857544,-1,-1,-1
355,430,3578.964111328125,578.859619140625,20.520751953125,44.39306640625,0.4860554337501526,-1,-1,-1
355,428,4740.6875,615.3193359375,29.3544921875,51.84820556640625,0.5490208268165588,-1,-1,-1
355,484,4463.49658203125,548.9114990234375,25.63232421875,43.5286865234375,0.33361104130744934,-1,-1,-1
355,487,4029.42724609375,519.66259765625,16.953369140625,32.719482421875,0.3263954222202301,-1,-1,-1
355,488,3667.188720703125,585.9747924804688,22.995849609375,49.69378662109375,0.33063337206840515,-1,-1,-1
355,476,6058.423828125,825.2661743164062,74.18310546875,93.6895751953125,0.45912063121795654,-1,-1,-1
355,490,3070.79443359375,521.65771484375,17.9521484375,31.6995849609375,0.3296828269958496,-1,-1,-1
356,2,4521.06787109375,650.9269409179688,28.583984375,51.86431884765625,0.5624155402183533,-1,-1,-1
356,411,4426.4912109375,668.7836303710938,30.724609375,65.33544921875,0.3507632315158844,-1,-1,-1
356,133,3958.904296875,598.1981811523438,22.103515625,46.8856201171875,0.5330301523208618,-1,-1,-1
356,475,4173.89794921875,578.6810913085938,19.28564453125,41.2271728515625,0.46279841661453247,-1,-1,-1
356,412,4223.9423828125,595.9390869140625,27.66162109375,50.39630126953125,0.541359007358551,-1,-1,-1
356,430,3577.46337890625,579.1630859375,20.254150390625,43.821044921875,0.4643342196941376,-1,-1,-1
356,428,4740.15625,613.475830078125,28.28076171875,52.61273193359375,0.5559855103492737,-1,-1,-1
356,484,4461.6083984375,549.265625,26.2197265625,41.73602294921875,0.253496915102005,-1,-1,-1
356,487,4029.4609375,519.2456665039062,16.8779296875,32.7371826171875,0.3286649286746979,-1,-1,-1
356,488,3666.94384765625,585.3640747070312,21.63232421875,50.45599365234375,0.40495526790618896,-1,-1,-1
356,490,3070.993896484375,521.4960327148438,17.811767578125,31.53857421875,0.3080551326274872,-1,-1,-1
357,2,4517.07373046875,650.8126831054688,25.53662109375,54.18438720703125,0.5250274538993835,-1,-1,-1
357,411,4425.4580078125,669.3226318359375,29.43115234375,65.28125,0.48998796939849854,-1,-1,-1
357,133,3957.927001953125,597.8533325195312,22.052490234375,47.25213623046875,0.5432806015014648,-1,-1,-1
357,475,4173.59521484375,579.6954956054688,19.3408203125,39.80413818359375,0.44305333495140076,-1,-1,-1
357,412,4220.3330078125,595.8567504882812,26.755859375,50.12451171875,0.5222877264022827,-1,-1,-1
357,430,3575.767822265625,579.322265625,20.4013671875,41.300048828125,0.4304049611091614,-1,-1,-1
357,428,4739.4951171875,611.90771484375,26.98046875,53.83001708984375,0.5163661241531372,-1,-1,-1
357,487,4029.341552734375,518.3489379882812,16.724609375,33.07684326171875,0.33406689763069153,-1,-1,-1
357,488,3666.50439453125,585.0042114257812,20.5380859375,50.11773681640625,0.3795030415058136,-1,-1,-1
357,490,3071.223388671875,521.6017456054688,17.558837890625,30.71087646484375,0.28615763783454895,-1,-1,-1
358,2,4512.91748046875,649.1231079101562,25.39794921875,56.07818603515625,0.49008485674858093,-1,-1,-1
358,411,4423.82080078125,672.6310424804688,29.720703125,62.27618408203125,0.42172035574913025,-1,-1,-1
358,133,3956.7490234375,598.8382568359375,21.096923828125,44.76605224609375,0.5099908113479614,-1,-1,-1
358,475,4173.07666015625,580.2194213867188,18.7685546875,38.10272216796875,0.39241424202919006,-1,-1,-1
358,412,4217.58984375,596.0311279296875,24.6533203125,47.64068603515625,0.45619863271713257,-1,-1,-1
358,430,3574.73974609375,579.1478271484375,19.96630859375,42.2667236328125,0.5202493667602539,-1,-1,-1
358,428,4739.162109375,611.2679443359375,26.8212890625,54.0126953125,0.4873696267604828,-1,-1,-1
358,487,4028.83203125,517.8418579101562,17.009521484375,32.63385009765625,0.3006189465522766,-1,-1,-1
358,488,3666.249755859375,584.5953979492188,19.09814453125,51.23883056640625,0.41872960329055786,-1,-1,-1
358,490,3071.279541015625,521.5462036132812,17.177734375,30.9603271484375,0.2874116003513336,-1,-1,-1
359,2,4508.65478515625,649.14501953125,25.88037109375,55.79541015625,0.4567509591579437,-1,-1,-1
359,411,4421.55712890625,674.4609985351562,29.6181640625,61.02642822265625,0.44964346289634705,-1,-1,-1
359,133,3955.74267578125,597.8816528320312,18.343994140625,44.84844970703125,0.45865464210510254,-1,-1,-1
359,475,4172.97314453125,579.9478149414062,18.02978515625,37.4307861328125,0.34691014885902405,-1,-1,-1
359,412,4215.41357421875,596.3568725585938,24.18017578125,46.4478759765625,0.2562127709388733,-1,-1,-1
359,430,3573.920166015625,579.3804321289062,19.475830078125,41.21173095703125,0.4503404200077057,-1,-1,-1
359,428,4738.98828125,611.6452026367188,25.95751953125,51.637451171875,0.41502976417541504,-1,-1,-1
359,487,4028.142578125,517.689208984375,17.6640625,32.53985595703125,0.27092859148979187,-1,-1,-1
359,488,3665.885009765625,584.8692626953125,18.001953125,49.2958984375,0.3159041404724121,-1,-1,-1
359,490,3071.2822265625,521.4519653320312,17.17138671875,31.78631591796875,0.26663318276405334,-1,-1,-1
360,2,4504.12646484375,648.81591796875,25.66455078125,57.08984375,0.40719401836395264,-1,-1,-1
360,411,4418.93505859375,673.7721557617188,30.55322265625,61.4417724609375,0.44483596086502075,-1,-1,-1
360,133,3953.62109375,598.5370483398438,17.7080078125,44.6898193359375,0.5003292560577393,-1,-1,-1
360,475,4172.9697265625,580.4776611328125,17.2783203125,36.1337890625,0.31705591082572937,-1,-1,-1
360,430,3573.13037109375,579.2391967773438,19.172119140625,41.11578369140625,0.45725739002227783,-1,-1,-1
360,428,4737.12158203125,612.5535888671875,26.361328125,49.83154296875,0.32846924662590027,-1,-1,-1
360,488,3664.958984375,585.5880737304688,18.085205078125,45.4346923828125,0.3520277142524719,-1,-1,-1
360,490,3071.388671875,521.4771728515625,17.198974609375,32.08245849609375,0.2575313150882721,-1,-1,-1
361,2,4498.3076171875,647.6646118164062,26.56982421875,60.846435546875,0.46508076786994934,-1,-1,-1
361,411,4417.36328125,672.6454467773438,29.90283203125,61.7294921875,0.47373437881469727,-1,-1,-1
361,133,3952.6640625,598.5695190429688,17.366943359375,44.419677734375,0.3837279975414276,-1,-1,-1
361,475,4172.55615234375,580.7355346679688,16.92578125,36.26812744140625,0.3086116909980774,-1,-1,-1
361,430,3572.65625,577.6639404296875,19.09033203125,41.93304443359375,0.4580492079257965,-1,-1,-1
361,428,4734.18310546875,613.3062744140625,28.99609375,48.22113037109375,0.2809441387653351,-1,-1,-1
361,488,3664.44677734375,584.7723388671875,18.099609375,44.22833251953125,0.42068707942962646,-1,-1,-1
361,490,3071.502685546875,521.4175415039062,17.21533203125,32.11065673828125,0.269383043050766,-1,-1,-1
361,412,4209.98486328125,596.9819946289062,21.1826171875,47.24481201171875,0.27839040756225586,-1,-1,-1
362,2,4493.59130859375,647.5541381835938,27.9326171875,61.59716796875,0.5095652341842651,-1,-1,-1
362,411,4414.7685546875,670.4076538085938,30.68896484375,66.03704833984375,0.5640348196029663,-1,-1,-1
362,133,3951.0048828125,598.6057739257812,18.572265625,44.810302734375,0.3483988344669342,-1,-1,-1
362,475,4171.2744140625,580.5621948242188,17.06103515625,35.9871826171875,0.3055623471736908,-1,-1,-1
362,430,3572.1689453125,576.4242553710938,19.3984375,43.42828369140625,0.4889346659183502,-1,-1,-1
362,488,3663.803955078125,583.1632690429688,18.567138671875,44.627685546875,0.45639675855636597,-1,-1,-1
362,490,3071.5751953125,521.6904907226562,17.332275390625,31.60369873046875,0.2777806222438812,-1,-1,-1
362,412,4208.708984375,598.5587768554688,16.61181640625,45.64349365234375,0.5000452995300293,-1,-1,-1
362,487,4027.396240234375,518.4710693359375,18.83447265625,31.02752685546875,0.27104446291923523,-1,-1,-1
363,2,4488.2763671875,648.06005859375,27.91357421875,58.6824951171875,0.2934529185295105,-1,-1,-1
363,411,4411.95361328125,669.6305541992188,29.83203125,67.19134521484375,0.5000345706939697,-1,-1,-1
363,133,3948.504638671875,598.9938354492188,20.717529296875,44.51678466796875,0.2730051279067993,-1,-1,-1
363,430,3571.2099609375,577.6821899414062,19.55029296875,42.3038330078125,0.34546831250190735,-1,-1,-1
363,488,3662.1142578125,582.7774658203125,19.79931640625,41.76348876953125,0.42876994609832764,-1,-1,-1
363,412,4206.255859375,598.6349487304688,16.6357421875,44.56219482421875,0.4499238431453705,-1,-1,-1
364,411,4408.55615234375,669.973388671875,31.3017578125,67.3609619140625,0.5286651849746704,-1,-1,-1
364,430,3570.703857421875,578.0216674804688,19.679443359375,41.05108642578125,0.3470054268836975,-1,-1,-1
364,488,3661.141845703125,582.6578369140625,20.500732421875,41.47113037109375,0.4603732228279114,-1,-1,-1
364,412,4202.44482421875,598.64599609375,18.29638671875,44.26495361328125,0.43382322788238525,-1,-1,-1
365,411,4405.30322265625,669.5498046875,32.88525390625,69.54205322265625,0.5493900179862976,-1,-1,-1
365,430,3569.69970703125,576.6909790039062,20.56787109375,41.61181640625,0.35063719749450684,-1,-1,-1
365,488,3660.939208984375,582.6286010742188,20.5908203125,41.77984619140625,0.47408393025398254,-1,-1,-1
365,412,4197.20751953125,597.4705810546875,19.60888671875,45.3619384765625,0.3235698938369751,-1,-1,-1
365,476,5999.978515625,823.3255004882812,119.7470703125,90.04052734375,0.4039935767650604,-1,-1,-1
365,2,4475.6630859375,649.5250244140625,28.5205078125,55.62744140625,0.49297356605529785,-1,-1,-1
366,411,4403.03369140625,669.196533203125,32.84716796875,70.47930908203125,0.49665603041648865,-1,-1,-1
366,430,3568.483154296875,574.98974609375,21.699951171875,44.33966064453125,0.34647810459136963,-1,-1,-1
366,488,3660.796630859375,582.5335693359375,20.46533203125,40.89007568359375,0.4957796037197113,-1,-1,-1
366,412,4192.58349609375,595.75732421875,22.00439453125,48.31439208984375,0.34803423285484314,-1,-1,-1
366,476,5996.59033203125,822.7163696289062,119.5302734375,90.58697509765625,0.3665741980075836,-1,-1,-1
366,2,4470.9296875,649.6456298828125,25.95361328125,56.76806640625,0.6249516010284424,-1,-1,-1
366,487,4025.877685546875,519.4429321289062,19.75146484375,31.2286376953125,0.2746986448764801,-1,-1,-1
367,411,4401.29931640625,670.56787109375,31.82373046875,72.28961181640625,0.603085458278656,-1,-1,-1
367,488,3660.90380859375,583.3661499023438,19.817138671875,36.73016357421875,0.4483402669429779,-1,-1,-1
367,2,4466.9140625,650.1270751953125,23.13525390625,57.1578369140625,0.6115695834159851,-1,-1,-1
367,487,4025.68408203125,519.47705078125,20.320556640625,31.63043212890625,0.25687548518180847,-1,-1,-1
367,133,3939.521484375,595.77587890625,22.478515625,48.5413818359375,0.32785144448280334,-1,-1,-1
368,411,4400.271484375,672.5927124023438,30.62060546875,70.7440185546875,0.5295834541320801,-1,-1,-1
368,488,3661.021728515625,584.687255859375,19.0302734375,35.29205322265625,0.43267127871513367,-1,-1,-1
368,2,4460.75341796875,648.93994140625,23.6884765625,59.3160400390625,0.4951026737689972,-1,-1,-1
368,133,3938.33056640625,596.3876953125,20.284912109375,47.5965576171875,0.412275493144989,-1,-1,-1
368,430,3566.80712890625,574.859619140625,22.895751953125,42.23394775390625,0.25062841176986694,-1,-1,-1
369,411,4399.4736328125,676.3851928710938,27.87744140625,67.4609375,0.4682132601737976,-1,-1,-1
369,488,3660.400634765625,583.3111572265625,19.466552734375,36.63446044921875,0.4314974844455719,-1,-1,-1
369,2,4457.25830078125,654.0277099609375,22.96435546875,51.32745361328125,0.44604766368865967,-1,-1,-1
369,133,3937.509765625,596.7714233398438,17.732421875,46.654296875,0.4547494351863861,-1,-1,-1
370,411,4398.021484375,676.7933959960938,25.41552734375,63.75128173828125,0.5382351279258728,-1,-1,-1
370,488,3659.0966796875,582.0164184570312,20.19384765625,39.01202392578125,0.4378526210784912,-1,-1,-1
370,2,4450.75341796875,653.404541015625,24.0146484375,52.52642822265625,0.6431517004966736,-1,-1,-1
370,133,3935.46923828125,596.3841552734375,18.5810546875,46.36944580078125,0.36486321687698364,-1,-1,-1
370,496,4168.4912109375,579.6631469726562,28.62939453125,57.59228515625,0.3798210620880127,-1,-1,-1
371,411,4394.80322265625,676.346435546875,24.77783203125,61.6859130859375,0.5722417235374451,-1,-1,-1
371,488,3658.0498046875,581.153564453125,20.451171875,42.584228515625,0.4549309313297272,-1,-1,-1
371,2,4445.3525390625,652.07958984375,25.416015625,53.90447998046875,0.628661572933197,-1,-1,-1
371,133,3934.139892578125,596.6525268554688,18.8994140625,45.53955078125,0.34475457668304443,-1,-1,-1
371,496,4168.15625,582.15673828125,28.9599609375,57.3822021484375,0.4039074182510376,-1,-1,-1
372,411,4390.6201171875,674.7612915039062,26.22705078125,64.7236328125,0.5954914093017578,-1,-1,-1
372,488,3657.523681640625,580.7373046875,20.38330078125,40.251708984375,0.38671785593032837,-1,-1,-1
372,2,4439.26123046875,651.602783203125,27.99072265625,54.427978515625,0.5793025493621826,-1,-1,-1
372,133,3932.3759765625,596.0477294921875,19.9775390625,45.55841064453125,0.37769678235054016,-1,-1,-1
372,496,4167.66259765625,582.7056274414062,28.359375,58.15582275390625,0.4333737790584564,-1,-1,-1
372,428,4717.609375,617.1469116210938,34.150390625,48.33074951171875,0.33205047249794006,-1,-1,-1
372,490,3071.7177734375,518.8313598632812,17.8974609375,34.5391845703125,0.25339722633361816,-1,-1,-1
373,411,4387.4345703125,674.3326416015625,26.90673828125,67.74261474609375,0.6004915237426758,-1,-1,-1
373,488,3656.73193359375,580.386474609375,20.75732421875,40.04791259765625,0.4531412124633789,-1,-1,-1
373,2,4433.45166015625,650.5584716796875,26.7158203125,51.35125732421875,0.4138410985469818,-1,-1,-1
373,133,3931.26953125,596.3145141601562,19.072265625,44.219482421875,0.32407495379447937,-1,-1,-1
373,496,4166.0029296875,580.5255737304688,25.228515625,58.2724609375,0.4147535562515259,-1,-1,-1
373,428,4717.044921875,616.6795043945312,33.4794921875,49.31646728515625,0.2869349718093872,-1,-1,-1
374,411,4385.521484375,674.0122680664062,28.80322265625,67.92059326171875,0.6043268442153931,-1,-1,-1
374,488,3655.638671875,580.29541015625,20.8212890625,40.7115478515625,0.46936607360839844,-1,-1,-1
374,2,4426.94775390625,649.173828125,27.68603515625,55.09259033203125,0.41496458649635315,-1,-1,-1
374,133,3929.2138671875,595.6874389648438,19.349853515625,42.4263916015625,0.32737210392951965,-1,-1,-1
374,496,4164.10498046875,579.9405517578125,24.8232421875,58.72259521484375,0.37810614705085754,-1,-1,-1
374,428,4717.38037109375,615.8646850585938,32.05859375,50.77728271484375,0.34938815236091614,-1,-1,-1
374,476,5953.6318359375,815.4090576171875,114.98486328125,96.960205078125,0.3378736674785614,-1,-1,-1
374,490,3071.781982421875,519.7547607421875,17.218017578125,34.4569091796875,0.26830989122390747,-1,-1,-1
375,411,4382.703125,672.992919921875,29.05078125,69.346435546875,0.6638849973678589,-1,-1,-1
375,488,3655.084228515625,580.050537109375,20.593994140625,42.2098388671875,0.45188578963279724,-1,-1,-1
375,2,4422.99267578125,649.7321166992188,25.66064453125,55.14190673828125,0.576339840888977,-1,-1,-1
375,133,3926.8564453125,594.6834716796875,19.605224609375,43.63153076171875,0.2797662317752838,-1,-1,-1
375,496,4162.9638671875,580.3801879882812,24.44873046875,60.7061767578125,0.2974017858505249,-1,-1,-1
375,428,4718.58056640625,614.9698486328125,30.2978515625,52.48175048828125,0.37605682015419006,-1,-1,-1
375,476,5949.95703125,815.6787719726562,111.3291015625,96.56988525390625,0.3368402123451233,-1,-1,-1
375,490,3071.792724609375,519.3588256835938,17.04248046875,35.49066162109375,0.2770136892795563,-1,-1,-1
376,411,4378.75439453125,672.04736328125,31.09326171875,71.78656005859375,0.587587833404541,-1,-1,-1
376,488,3654.802490234375,579.9669189453125,20.196533203125,43.507568359375,0.43132051825523376,-1,-1,-1
376,2,4418.56005859375,650.802978515625,24.0517578125,56.43597412109375,0.6762623190879822,-1,-1,-1
376,133,3925.31640625,593.2380981445312,19.201904296875,45.58563232421875,0.31032535433769226,-1,-1,-1
376,428,4719.71337890625,614.3328247070312,27.13427734375,53.0050048828125,0.3938753008842468,-1,-1,-1
376,490,3071.87744140625,519.1626586914062,16.9365234375,35.91998291015625,0.2566472589969635,-1,-1,-1
377,411,4374.8662109375,674.499755859375,33.6171875,71.93865966796875,0.5227645039558411,-1,-1,-1
377,488,3653.997314453125,580.2865600585938,19.9921875,43.18658447265625,0.40632495284080505,-1,-1,-1
377,2,4411.77392578125,651.0936889648438,25.595703125,57.522705078125,0.5903198719024658,-1,-1,-1
377,133,3923.109130859375,593.2833251953125,20.587890625,45.59527587890625,0.3029709756374359,-1,-1,-1
377,428,4719.80029296875,615.1130981445312,25.00439453125,51.00286865234375,0.36003702878952026,-1,-1,-1
377,490,3071.94482421875,519.1310424804688,16.859619140625,36.144775390625,0.2608135938644409,-1,-1,-1
377,476,5951.638671875,815.69384765625,99.21728515625,96.51910400390625,0.39194199442863464,-1,-1,-1
378,411,4372.39697265625,675.3133544921875,33.30322265625,72.2689208984375,0.4936422109603882,-1,-1,-1
378,488,3652.089599609375,580.4092407226562,21.20654296875,44.2386474609375,0.4097539782524109,-1,-1,-1
378,2,4407.02197265625,651.5128173828125,25.40625,54.237548828125,0.4737062454223633,-1,-1,-1
378,428,4718.5029296875,615.6354370117188,24.86767578125,49.17742919921875,0.4008052349090576,-1,-1,-1
378,490,3071.958251953125,518.3272705078125,16.806884765625,36.94781494140625,0.2913651764392853,-1,-1,-1
378,476,5952.345703125,816.0114135742188,94.306640625,95.4483642578125,0.5297107696533203,-1,-1,-1
378,430,3559.3857421875,569.126708984375,21.636474609375,43.17230224609375,0.3244365453720093,-1,-1,-1
379,411,4370.4775390625,677.0064697265625,31.681640625,70.8138427734375,0.45474183559417725,-1,-1,-1
379,488,3650.00537109375,580.1435546875,22.850830078125,44.75201416015625,0.35796061158180237,-1,-1,-1
379,2,4402.6669921875,652.0636596679688,27.13134765625,56.2999267578125,0.3244759440422058,-1,-1,-1
379,428,4717.142578125,615.496826171875,25.53564453125,50.52667236328125,0.46495291590690613,-1,-1,-1
379,490,3071.912841796875,517.9745483398438,16.987548828125,37.3104248046875,0.2867380380630493,-1,-1,-1
379,476,5952.42431640625,815.636962890625,90.22509765625,96.263671875,0.648040771484375,-1,-1,-1
379,430,3558.59814453125,568.9815673828125,20.520751953125,43.428955078125,0.3867342472076416,-1,-1,-1
379,496,4154.9375,576.3475341796875,23.8134765625,64.3983154296875,0.43533235788345337,-1,-1,-1
379,133,3916.4609375,588.4972534179688,24.446533203125,52.93341064453125,0.3071293532848358,-1,-1,-1
380,411,4369.15966796875,676.4548950195312,29.421875,71.72918701171875,0.432150661945343,-1,-1,-1
380,2,4397.03857421875,650.3941040039062,27.94921875,57.53179931640625,0.399308979511261,-1,-1,-1
380,428,4716.3017578125,615.0665283203125,25.00537109375,51.8101806640625,0.46683621406555176,-1,-1,-1
380,490,3071.730224609375,517.8168334960938,17.28857421875,38.20220947265625,0.30017849802970886,-1,-1,-1
380,476,5953.37646484375,815.8342895507812,86.2490234375,96.50830078125,0.534784197807312,-1,-1,-1
380,430,3558.405029296875,569.0118408203125,18.855712890625,43.80413818359375,0.3997028172016144,-1,-1,-1
380,496,4153.15478515625,576.6456909179688,23.5927734375,63.52117919921875,0.5185236930847168,-1,-1,-1
381,411,4367.44775390625,677.0838623046875,34.60302734375,72.67413330078125,0.44384151697158813,-1,-1,-1
381,2,4391.28125,648.8168334960938,28.7978515625,49.50494384765625,0.3662616014480591,-1,-1,-1
381,428,4715.0009765625,614.9263916015625,25.755859375,52.41778564453125,0.4803725779056549,-1,-1,-1
381,490,3071.791259765625,517.5995483398438,17.205810546875,38.78759765625,0.2999733090400696,-1,-1,-1
381,476,5952.83642578125,815.0748901367188,81.21728515625,96.453125,0.6543751955032349,-1,-1,-1
381,430,3558.173828125,569.4088745117188,18.21142578125,43.35369873046875,0.38277900218963623,-1,-1,-1
381,496,4150.48046875,574.5144653320312,23.86865234375,63.52117919921875,0.5411406755447388,-1,-1,-1
381,488,3647.462890625,578.5189819335938,24.21728515625,44.54766845703125,0.2770340144634247,-1,-1,-1
381,133,3912.5771484375,588.4318237304688,22.91552734375,52.14697265625,0.2505141794681549,-1,-1,-1
382,411,4365.65380859375,671.3087768554688,31.8251953125,77.23577880859375,0.4378035366535187,-1,-1,-1
382,2,4386.69677734375,647.621826171875,27.81640625,46.7548828125,0.3426651656627655,-1,-1,-1
382,428,4714.58349609375,614.8269653320312,25.49609375,52.26873779296875,0.47980788350105286,-1,-1,-1
382,490,3071.711181640625,517.4775390625,17.333984375,38.9014892578125,0.29614681005477905,-1,-1,-1
382,476,5949.6787109375,813.787841796875,78.7099609375,97.13427734375,0.37227004766464233,-1,-1,-1
382,430,3557.109619140625,570.8626708984375,18.190185546875,42.5943603515625,0.3357388973236084,-1,-1,-1
382,496,4148.33251953125,573.8029174804688,24.21435546875,64.6265869140625,0.5643337368965149,-1,-1,-1
382,133,3911.635986328125,590.6052856445312,19.720458984375,47.2640380859375,0.34176236391067505,-1,-1,-1
383,411,4363.37255859375,659.9996948242188,34.37890625,88.68048095703125,0.5390564799308777,-1,-1,-1
383,2,4378.55810546875,649.142822265625,29.36181640625,53.05120849609375,0.3556400239467621,-1,-1,-1
383,428,4714.2294921875,615.1066284179688,24.79296875,51.85260009765625,0.4996802508831024,-1,-1,-1
383,490,3071.646240234375,517.230224609375,17.53466796875,39.14190673828125,0.30196404457092285,-1,-1,-1
383,430,3555.3076171875,570.6104125976562,19.709228515625,42.83770751953125,0.32548317313194275,-1,-1,-1
383,496,4145.9912109375,574.612548828125,25.0087890625,64.96588134765625,0.5664834976196289,-1,-1,-1
383,133,3911.4111328125,590.571044921875,18.587646484375,47.7491455078125,0.2768949866294861,-1,-1,-1
383,488,3646.124267578125,577.14794921875,24.9423828125,43.35284423828125,0.26633313298225403,-1,-1,-1
384,411,4360.20556640625,652.6359252929688,39.3056640625,96.66888427734375,0.6691142916679382,-1,-1,-1
384,428,4713.5771484375,615.0625,24.404296875,53.601806640625,0.5450310111045837,-1,-1,-1
384,490,3071.423583984375,517.1124877929688,17.807373046875,39.685302734375,0.306300550699234,-1,-1,-1
384,430,3552.66943359375,570.1044921875,21.169189453125,43.581787109375,0.2642765939235687,-1,-1,-1
384,496,4143.904296875,575.2073364257812,25.88916015625,63.88055419921875,0.5620060563087463,-1,-1,-1
384,133,3910.677490234375,590.842041015625,16.689697265625,45.48992919921875,0.35576245188713074,-1,-1,-1
385,411,4357.96630859375,650.0198974609375,36.52294921875,98.34576416015625,0.7268549203872681,-1,-1,-1
385,428,4713.18505859375,614.8668823242188,24.36181640625,54.32568359375,0.5363078117370605,-1,-1,-1
385,490,3071.417724609375,516.9534912109375,17.6455078125,39.84637451171875,0.34042009711265564,-1,-1,-1
385,430,3551.258056640625,569.4076538085938,20.665283203125,39.7637939453125,0.30422908067703247,-1,-1,-1
385,496,4141.84765625,575.7719116210938,26.736328125,60.713134765625,0.45375099778175354,-1,-1,-1
385,133,3909.490478515625,588.6500244140625,16.9326171875,47.04559326171875,0.40943443775177,-1,-1,-1
385,488,3644.52978515625,578.7139892578125,21.7900390625,42.91510009765625,0.2791214883327484,-1,-1,-1
386,411,4355.525390625,649.213623046875,32.7392578125,100.91888427734375,0.7546223402023315,-1,-1,-1
386,428,4712.78759765625,614.6270751953125,24.48193359375,54.69927978515625,0.5240420699119568,-1,-1,-1
386,490,3070.91357421875,516.887451171875,18.13525390625,39.95269775390625,0.2742559611797333,-1,-1,-1
386,430,3551.025390625,568.6242065429688,19.28076171875,39.00933837890625,0.2627089023590088,-1,-1,-1
386,496,4138.21923828125,574.57958984375,30.32958984375,59.99462890625,0.4047614336013794,-1,-1,-1
386,133,3906.746337890625,587.573974609375,18.8505859375,50.11932373046875,0.4566565454006195,-1,-1,-1
386,488,3644.171875,579.1119995117188,20.9619140625,43.12957763671875,0.2687627673149109,-1,-1,-1
387,411,4352.599609375,650.1644897460938,32.56103515625,100.5687255859375,0.726654052734375,-1,-1,-1
387,428,4712.04931640625,614.6403198242188,24.7138671875,54.8472900390625,0.5062709450721741,-1,-1,-1
387,490,3070.759765625,516.8519897460938,18.244384765625,40.12750244140625,0.2799334228038788,-1,-1,-1
387,496,4135.8203125,574.25537109375,32.92626953125,61.002197265625,0.45236936211586,-1,-1,-1
387,133,3903.75634765625,586.8032836914062,21.321044921875,49.197021484375,0.4817429780960083,-1,-1,-1
387,488,3642.6484375,579.0963745117188,21.560546875,41.29669189453125,0.31917494535446167,-1,-1,-1
388,411,4350.13818359375,651.5908813476562,30.98486328125,100.07305908203125,0.6974485516548157,-1,-1,-1
388,428,4711.34130859375,614.763916015625,24.78125,54.28192138671875,0.45487016439437866,-1,-1,-1
388,490,3070.771728515625,516.97021484375,18.29638671875,40.414306640625,0.30323123931884766,-1,-1,-1
388,496,4131.7177734375,574.8702392578125,36.6708984375,66.11907958984375,0.47887998819351196,-1,-1,-1
388,133,3901.62158203125,586.35595703125,21.85693359375,49.31085205078125,0.47882547974586487,-1,-1,-1
388,488,3642.255615234375,579.1845092773438,21.778076171875,40.78485107421875,0.32532480359077454,-1,-1,-1
389,411,4346.72607421875,650.5494384765625,30.86083984375,98.81048583984375,0.6495015621185303,-1,-1,-1
389,428,4710.68212890625,614.8839111328125,24.47314453125,53.93658447265625,0.38864338397979736,-1,-1,-1
389,490,3070.65234375,516.8887939453125,18.332275390625,40.92034912109375,0.30269524455070496,-1,-1,-1
389,496,4132.83984375,574.960205078125,35.185546875,62.484619140625,0.34314030408859253,-1,-1,-1
389,133,3900.089599609375,586.7567749023438,19.152099609375,45.85833740234375,0.39626821875572205,-1,-1,-1
389,488,3641.883056640625,579.0199584960938,22.3544921875,42.05657958984375,0.342402845621109,-1,-1,-1
390,411,4341.2060546875,649.6546630859375,33.68798828125,99.98663330078125,0.6774490475654602,-1,-1,-1
390,428,4709.146484375,615.054931640625,24.9970703125,53.65228271484375,0.38730043172836304,-1,-1,-1
390,490,3070.64697265625,516.9249877929688,18.308349609375,40.965087890625,0.299867182970047,-1,-1,-1
390,496,4127.69189453125,575.0261840820312,38.82568359375,65.48101806640625,0.38720616698265076,-1,-1,-1
390,133,3899.776123046875,587.4461669921875,17.14013671875,43.80133056640625,0.4038408398628235,-1,-1,-1
390,488,3641.408447265625,578.6472778320312,22.4453125,42.45428466796875,0.40232810378074646,-1,-1,-1
391,411,4336.65185546875,649.2161254882812,35.1337890625,101.331298828125,0.6708444952964783,-1,-1,-1
391,490,3070.492919921875,517.0610961914062,18.406005859375,41.35333251953125,0.3005259037017822,-1,-1,-1
391,496,4126.48974609375,574.20703125,40.63720703125,63.308349609375,0.38665908575057983,-1,-1,-1
391,133,3897.26123046875,588.3397216796875,19.13525390625,43.302490234375,0.28758275508880615,-1,-1,-1
391,488,3640.949951171875,578.103271484375,22.413330078125,43.67083740234375,0.3752478063106537,-1,-1,-1
392,411,4331.447265625,649.08740234375,37.75,101.53106689453125,0.6583307385444641,-1,-1,-1
392,490,3070.55029296875,517.171630859375,18.325927734375,41.307373046875,0.29132580757141113,-1,-1,-1
392,496,4123.89892578125,575.951171875,38.93701171875,60.704345703125,0.38171371817588806,-1,-1,-1
392,488,3640.453369140625,577.8262939453125,22.309814453125,43.286865234375,0.3271503150463104,-1,-1,-1
393,411,4326.59912109375,652.1996459960938,39.70361328125,98.14312744140625,0.6685146689414978,-1,-1,-1
393,496,4122.55126953125,576.3863525390625,37.19970703125,61.15643310546875,0.36008381843566895,-1,-1,-1
394,411,4321.626953125,650.127197265625,42.755859375,100.64111328125,0.6575540900230408,-1,-1,-1
394,496,4122.91748046875,580.986083984375,29.15185546875,56.3665771484375,0.40400493144989014,-1,-1,-1
394,488,3639.3984375,577.0172729492188,22.55224609375,41.71539306640625,0.2689715325832367,-1,-1,-1
395,411,4316.01953125,650.6365356445312,45.76123046875,101.16290283203125,0.5940157771110535,-1,-1,-1
395,496,4123.0615234375,583.6585083007812,25.64013671875,53.88116455078125,0.4150826632976532,-1,-1,-1
395,490,3070.012939453125,517.134033203125,18.334716796875,40.6646728515625,0.26613062620162964,-1,-1,-1
396,411,4313.98583984375,653.7383422851562,46.1669921875,99.3074951171875,0.5876871943473816,-1,-1,-1
396,496,4122.7900390625,587.5636596679688,22.24853515625,50.300537109375,0.4795803129673004,-1,-1,-1
396,2,4309.34814453125,648.8851928710938,31.3984375,86.310546875,0.4785526692867279,-1,-1,-1
397,411,4308.0810546875,654.3909301757812,49.54541015625,98.279541015625,0.42178744077682495,-1,-1,-1
397,496,4121.833984375,587.3439331054688,20.10888671875,50.533935546875,0.5139536261558533,-1,-1,-1
397,2,4304.29833984375,649.677490234375,28.05126953125,71.8988037109375,0.427969753742218,-1,-1,-1
397,476,5912.912109375,811.3234252929688,74.28076171875,95.3472900390625,0.30615538358688354,-1,-1,-1
397,133,3884.876953125,585.79638671875,20.49267578125,41.172119140625,0.25524628162384033,-1,-1,-1
398,496,4120.986328125,586.7322998046875,19.9560546875,50.811279296875,0.46564894914627075,-1,-1,-1
398,2,4297.4345703125,649.394775390625,36.23681640625,88.519775390625,0.43535086512565613,-1,-1,-1
398,519,4317.92919921875,682.7899780273438,36.1708984375,69.1405029296875,0.3859250843524933,-1,-1,-1
398,133,3883.671630859375,584.555419921875,19.091796875,42.7625732421875,0.40405380725860596,-1,-1,-1
398,490,3070.041748046875,517.1851806640625,18.048828125,39.2965087890625,0.2572527229785919,-1,-1,-1
399,496,4120.3740234375,589.0717163085938,18.818359375,47.9019775390625,0.4818149209022522,-1,-1,-1
399,519,4317.90087890625,686.9541625976562,33.60791015625,65.109375,0.3827960193157196,-1,-1,-1
399,133,3882.81201171875,584.0781860351562,17.597412109375,42.9326171875,0.5117702484130859,-1,-1,-1
399,522,3936.712890625,529.7374877929688,15.1630859375,33.69720458984375,0.3820849359035492,-1,-1,-1
399,490,3070.36572265625,516.9727783203125,17.610107421875,39.31182861328125,0.31687048077583313,-1,-1,-1
399,428,4695.45849609375,617.0667114257812,32.8046875,52.52960205078125,0.3281892240047455,-1,-1,-1
399,488,3638.796630859375,571.6642456054688,17.81640625,43.66290283203125,0.30731478333473206,-1,-1,-1
400,496,4119.27734375,590.9884033203125,19.09521484375,45.515625,0.41202855110168457,-1,-1,-1
400,519,4315.9951171875,686.316650390625,31.58056640625,63.8818359375,0.3056381046772003,-1,-1,-1
400,133,3881.709716796875,585.2300415039062,17.441162109375,41.6805419921875,0.5369207859039307,-1,-1,-1
400,522,3936.767578125,529.9765625,14.812744140625,32.5072021484375,0.3006536364555359,-1,-1,-1
400,490,3070.452880859375,517.180908203125,17.388671875,38.7996826171875,0.28568264842033386,-1,-1,-1
400,428,4694.4609375,617.5560302734375,32.94873046875,52.11322021484375,0.334094375371933,-1,-1,-1
400,2,4287.81689453125,649.1474609375,29.375,61.5384521484375,0.5693857669830322,-1,-1,-1
401,496,4117.41357421875,591.384521484375,19.76123046875,45.60345458984375,0.42767563462257385,-1,-1,-1
401,519,4314.927734375,683.6209106445312,29.7216796875,69.68267822265625,0.5291493535041809,-1,-1,-1
401,133,3879.639892578125,584.5922241210938,18.611572265625,42.81927490234375,0.5532209277153015,-1,-1,-1
401,522,3936.129638671875,529.9102172851562,14.753662109375,32.05096435546875,0.2983187735080719,-1,-1,-1
401,490,3070.580810546875,517.321044921875,17.2080078125,38.50958251953125,0.259977787733078,-1,-1,-1
401,428,4694.20263671875,618.538330078125,32.47705078125,50.86077880859375,0.3123997151851654,-1,-1,-1
401,2,4282.18505859375,649.4446411132812,28.32373046875,49.258056640625,0.44680896401405334,-1,-1,-1
401,476,5875.1103515625,810.5421142578125,103.31005859375,97.2490234375,0.50697922706604,-1,-1,-1
401,488,3636.908203125,571.4268798828125,18.95068359375,44.43341064453125,0.30996325612068176,-1,-1,-1
402,496,4115.94140625,591.7988891601562,20.1845703125,46.23004150390625,0.43570607900619507,-1,-1,-1
402,519,4311.58642578125,681.750732421875,30.14208984375,73.0364990234375,0.5926143527030945,-1,-1,-1
402,133,3877.85595703125,583.6705322265625,16.96923828125,41.62158203125,0.542144775390625,-1,-1,-1
402,522,3935.3828125,530.6314697265625,15.005859375,31.00726318359375,0.27229487895965576,-1,-1,-1
402,490,3070.612548828125,517.4695434570312,17.327880859375,37.87384033203125,0.28407108783721924,-1,-1,-1
402,428,4694.326171875,618.625244140625,31.501953125,50.93829345703125,0.3423004150390625,-1,-1,-1
402,2,4277.6298828125,649.562744140625,25.89990234375,48.2236328125,0.5377981662750244,-1,-1,-1
402,476,5868.255859375,811.4306030273438,106.8115234375,96.34600830078125,0.5853738188743591,-1,-1,-1
402,488,3635.3583984375,571.5369873046875,20.287109375,42.5430908203125,0.31287670135498047,-1,-1,-1
403,496,4115.32421875,592.1063842773438,20.31591796875,46.578369140625,0.43971139192581177,-1,-1,-1
403,519,4308.82373046875,679.4891357421875,29.69091796875,75.54437255859375,0.6784242987632751,-1,-1,-1
403,133,3876.81689453125,583.4490966796875,15.14404296875,39.47662353515625,0.5044947862625122,-1,-1,-1
403,490,3070.591552734375,517.4142456054688,17.425048828125,37.5245361328125,0.29940906167030334,-1,-1,-1
403,428,4694.41162109375,617.0130615234375,30.0625,52.7724609375,0.39936959743499756,-1,-1,-1
403,2,4270.73583984375,651.1224975585938,26.41162109375,49.7425537109375,0.47615957260131836,-1,-1,-1
403,476,5859.6708984375,813.6100463867188,112.6435546875,94.3427734375,0.6123802065849304,-1,-1,-1
403,488,3633.882080078125,571.6619262695312,21.663330078125,41.94915771484375,0.31443384289741516,-1,-1,-1
404,496,4115.21875,591.4536743164062,20.7724609375,47.9456787109375,0.4254848062992096,-1,-1,-1
404,519,4306.0400390625,677.7691040039062,28.734375,76.76861572265625,0.6395212411880493,-1,-1,-1
404,133,3875.0302734375,582.0858764648438,15.806884765625,43.35040283203125,0.5377697944641113,-1,-1,-1
404,490,3070.60595703125,517.594482421875,17.54931640625,37.44403076171875,0.338030606508255,-1,-1,-1
404,428,4694.63037109375,616.0072631835938,29.2626953125,54.356201171875,0.43322667479515076,-1,-1,-1
404,2,4264.8251953125,650.0584106445312,25.59326171875,55.98858642578125,0.5133455395698547,-1,-1,-1
404,476,5862.990234375,813.818603515625,104.82568359375,93.78857421875,0.6962683796882629,-1,-1,-1
404,488,3632.77099609375,572.1126098632812,22.7529296875,43.25390625,0.36932262778282166,-1,-1,-1
405,496,4114.89794921875,589.4283447265625,20.755859375,50.087890625,0.39989137649536133,-1,-1,-1
405,519,4303.74365234375,676.7786865234375,28.2470703125,76.6474609375,0.5942885875701904,-1,-1,-1
405,133,3873.966796875,581.5899047851562,15.8125,43.95623779296875,0.5293830037117004,-1,-1,-1
405,490,3070.5283203125,517.6051025390625,17.699462890625,36.95489501953125,0.32164204120635986,-1,-1,-1
405,428,4695.24169921875,615.7260131835938,27.88916015625,54.93536376953125,0.387848436832428,-1,-1,-1
405,2,4261.451171875,650.77197265625,20.27490234375,53.8690185546875,0.7165226936340332,-1,-1,-1
405,476,5869.07568359375,813.1495971679688,95.34765625,93.94976806640625,0.5938005447387695,-1,-1,-1
405,488,3631.44873046875,571.927001953125,23.821533203125,44.47808837890625,0.3792758584022522,-1,-1,-1
406,496,4114.86572265625,586.5177001953125,21.4228515625,52.7933349609375,0.3393692970275879,-1,-1,-1
406,519,4299.48974609375,677.2567138671875,32.0947265625,77.326416015625,0.6108680963516235,-1,-1,-1
406,133,3873.41064453125,581.6168212890625,15.71923828125,43.3404541015625,0.5134512186050415,-1,-1,-1
406,490,3070.58447265625,517.720947265625,17.758056640625,36.74139404296875,0.32420814037323,-1,-1,-1
406,428,4695.50439453125,615.656005859375,26.82958984375,54.915283203125,0.3576696217060089,-1,-1,-1
406,2,4255.841796875,650.8141479492188,22.79833984375,55.68115234375,0.6375629305839539,-1,-1,-1
406,476,5873.017578125,813.3635864257812,88.5751953125,94.3551025390625,0.632473349571228,-1,-1,-1
406,488,3630.485595703125,571.4413452148438,24.39794921875,45.19110107421875,0.3919818699359894,-1,-1,-1
407,496,4114.7314453125,586.6567993164062,20.58056640625,51.5496826171875,0.31455543637275696,-1,-1,-1
407,519,4297.89306640625,679.0841064453125,31.13916015625,76.2908935546875,0.5493454933166504,-1,-1,-1
407,133,3872.873046875,581.3588256835938,15.57373046875,39.2288818359375,0.4647729992866516,-1,-1,-1
407,490,3070.599853515625,517.7859497070312,17.795654296875,36.552734375,0.31317999958992004,-1,-1,-1
407,428,4695.45556640625,615.8615112304688,25.97607421875,55.46856689453125,0.40972962975502014,-1,-1,-1
407,2,4249.9765625,650.3912353515625,23.33740234375,59.1671142578125,0.650301992893219,-1,-1,-1
407,476,5874.49951171875,813.3550415039062,84.13232421875,95.21875,0.5863136649131775,-1,-1,-1
407,488,3630.10107421875,571.4449462890625,24.241455078125,44.16839599609375,0.3869231343269348,-1,-1,-1
408,496,4114.43408203125,586.3386840820312,20.17919921875,51.09857177734375,0.3427616059780121,-1,-1,-1
408,519,4293.88134765625,679.641357421875,31.59033203125,76.27105712890625,0.49945974349975586,-1,-1,-1
408,133,3871.211181640625,581.1876831054688,16.65771484375,42.08392333984375,0.4654660224914551,-1,-1,-1
408,490,3070.57568359375,517.7554321289062,17.85009765625,36.67706298828125,0.33371981978416443,-1,-1,-1
408,428,4693.6162109375,616.0515747070312,26.95703125,56.4512939453125,0.49488887190818787,-1,-1,-1
408,2,4243.61767578125,648.732421875,25.24609375,58.97515869140625,0.5112869739532471,-1,-1,-1
408,476,5874.330078125,813.2523193359375,82.82080078125,97.1156005859375,0.5462459325790405,-1,-1,-1
408,488,3629.875732421875,570.8526000976562,24.39306640625,45.23602294921875,0.43382206559181213,-1,-1,-1
409,496,4114.416015625,587.2992553710938,19.9541015625,49.4100341796875,0.3221643269062042,-1,-1,-1
409,519,4290.896484375,682.165771484375,32.65478515625,73.8973388671875,0.4757483899593353,-1,-1,-1
409,133,3868.81494140625,579.3660278320312,18.58935546875,40.35284423828125,0.3896075487136841,-1,-1,-1
409,490,3070.510009765625,517.7241821289062,17.821533203125,36.5830078125,0.3224419951438904,-1,-1,-1
409,428,4691.595703125,616.568115234375,27.7353515625,56.2698974609375,0.49497297406196594,-1,-1,-1
409,2,4236.5029296875,647.87353515625,26.2255859375,59.65228271484375,0.49944618344306946,-1,-1,-1
409,476,5872.51904296875,813.7957153320312,80.9599609375,94.27032470703125,0.3596891462802887,-1,-1,-1
409,488,3629.36767578125,570.1094360351562,24.274169921875,45.16375732421875,0.36538058519363403,-1,-1,-1
410,496,4114.6845703125,585.4797973632812,20.693359375,50.9678955078125,0.30338090658187866,-1,-1,-1
410,519,4288.86865234375,682.4020385742188,32.9326171875,73.96051025390625,0.5000312328338623,-1,-1,-1
410,133,3866.858642578125,577.8828125,20.235107421875,40.7125244140625,0.30564308166503906,-1,-1,-1
410,490,3070.343017578125,517.8611450195312,17.969482421875,36.8851318359375,0.31193673610687256,-1,-1,-1
410,428,4690.26806640625,617.04443359375,27.564453125,55.57659912109375,0.49907147884368896,-1,-1,-1
410,2,4229.98291015625,649.2003784179688,23.76416015625,57.37371826171875,0.5892845988273621,-1,-1,-1
411,496,4114.5947265625,583.666748046875,21.86865234375,52.94476318359375,0.2922527492046356,-1,-1,-1
411,519,4287.4658203125,681.8746337890625,30.541015625,73.9102783203125,0.4556611180305481,-1,-1,-1
411,133,3864.019287109375,577.8867797851562,21.491943359375,42.8662109375,0.26885873079299927,-1,-1,-1
411,490,3070.321044921875,517.9710693359375,17.904541015625,36.82818603515625,0.3080519735813141,-1,-1,-1
411,428,4689.06103515625,617.45947265625,27.513671875,55.00775146484375,0.5170182585716248,-1,-1,-1
411,2,4225.7041015625,649.5067138671875,24.212890625,56.89678955078125,0.5562868118286133,-1,-1,-1
411,488,3627.609375,569.094970703125,23.962158203125,45.62213134765625,0.3488664925098419,-1,-1,-1
412,496,4114.37109375,583.6443481445312,22.4775390625,53.7252197265625,0.2715049386024475,-1,-1,-1
412,519,4283.7177734375,680.8773193359375,30.189453125,74.5347900390625,0.5704793930053711,-1,-1,-1
412,490,3070.209228515625,518.1435546875,17.934814453125,36.56390380859375,0.27066731452941895,-1,-1,-1
412,428,4688.5751953125,618.10546875,26.40185546875,54.53564453125,0.48647817969322205,-1,-1,-1
412,2,4222.3779296875,650.8350219726562,21.68603515625,53.17877197265625,0.513237476348877,-1,-1,-1
413,519,4281.40087890625,681.3734741210938,28.94091796875,73.0836181640625,0.577116072177887,-1,-1,-1
413,490,3070.2666015625,518.3709716796875,17.9130859375,36.388427734375,0.258265882730484,-1,-1,-1
413,428,4688.16650390625,619.0342407226562,25.47998046875,53.44281005859375,0.46193644404411316,-1,-1,-1
413,2,4218.513671875,652.502197265625,21.63232421875,53.9312744140625,0.43896132707595825,-1,-1,-1
414,519,4278.51513671875,681.2908325195312,27.8681640625,73.37835693359375,0.5594544410705566,-1,-1,-1
414,490,3070.439453125,518.373046875,17.6728515625,36.46697998046875,0.252021461725235,-1,-1,-1
414,428,4687.93603515625,618.6216430664062,24.84130859375,53.56866455078125,0.4650198221206665,-1,-1,-1
414,2,4210.96875,650.640869140625,23.67333984375,58.0421142578125,0.30665722489356995,-1,-1,-1
415,519,4275.111328125,681.3471069335938,29.92041015625,73.22711181640625,0.6423712372779846,-1,-1,-1
415,490,3070.47900390625,518.4068603515625,17.59912109375,36.5130615234375,0.295183002948761,-1,-1,-1
415,428,4687.4013671875,618.8635864257812,24.87109375,52.99444580078125,0.48038604855537415,-1,-1,-1
415,2,4206.9736328125,650.82666015625,21.84765625,57.28997802734375,0.5179227590560913,-1,-1,-1
415,496,4113.39306640625,583.6860961914062,25.17822265625,53.68145751953125,0.3114013075828552,-1,-1,-1
416,519,4272.00732421875,682.2156982421875,31.51708984375,71.08587646484375,0.56130051612854,-1,-1,-1
416,490,3070.6455078125,518.2500610351562,17.39697265625,36.5904541015625,0.32761967182159424,-1,-1,-1
416,428,4686.92236328125,619.370361328125,24.64697265625,51.86065673828125,0.4798557460308075,-1,-1,-1
416,2,4201.8212890625,649.44482421875,23.32568359375,58.562255859375,0.5860728025436401,-1,-1,-1
416,496,4112.90087890625,583.1219482421875,26.3984375,54.13055419921875,0.3329373300075531,-1,-1,-1
416,133,3857.879638671875,576.2788696289062,21.44775390625,42.923583984375,0.2596626281738281,-1,-1,-1
417,519,4269.83251953125,683.0830078125,31.3798828125,69.7513427734375,0.5088937282562256,-1,-1,-1
417,490,3070.611083984375,518.0921630859375,17.4111328125,37.174072265625,0.34296274185180664,-1,-1,-1
417,428,4686.166015625,620.2662963867188,25.255859375,49.99932861328125,0.44939807057380676,-1,-1,-1
417,2,4196.4306640625,648.3085327148438,25.45849609375,61.71044921875,0.5970720648765564,-1,-1,-1
417,496,4112.68408203125,581.9842529296875,26.9873046875,54.8675537109375,0.36152708530426025,-1,-1,-1
417,133,3857.408935546875,575.3674926757812,19.835205078125,42.024169921875,0.3654190003871918,-1,-1,-1
418,519,4267.4541015625,684.7099609375,30.716796875,68.6094970703125,0.4941643476486206,-1,-1,-1
418,490,3070.635498046875,517.8875122070312,17.396728515625,37.598388671875,0.34739285707473755,-1,-1,-1
418,428,4684.7900390625,621.0322875976562,26.19921875,48.9871826171875,0.3725895583629608,-1,-1,-1
418,2,4189.40380859375,647.5107421875,27.21826171875,61.435546875,0.36858853697776794,-1,-1,-1
418,496,4113.74853515625,581.0286865234375,27.763671875,53.865234375,0.39796769618988037,-1,-1,-1
418,133,3857.056396484375,574.404052734375,18.1728515625,42.18475341796875,0.4059658944606781,-1,-1,-1
418,532,4534.02783203125,591.0286254882812,23.7763671875,54.72021484375,0.3586391508579254,-1,-1,-1
419,519,4265.44384765625,687.1814575195312,30.046875,66.42559814453125,0.32376614212989807,-1,-1,-1
419,490,3070.638427734375,517.8955688476562,17.323974609375,37.67987060546875,0.3410455286502838,-1,-1,-1
419,428,4684.2080078125,621.2271728515625,26.587890625,48.3304443359375,0.3334791362285614,-1,-1,-1
419,2,4182.7490234375,645.6353759765625,29.1396484375,61.5894775390625,0.3012281358242035,-1,-1,-1
419,496,4114.4296875,580.2815551757812,27.23681640625,53.56146240234375,0.38336634635925293,-1,-1,-1
419,133,3856.351806640625,574.054931640625,17.19189453125,42.36041259765625,0.43797796964645386,-1,-1,-1
419,532,4533.9609375,591.1680908203125,23.25390625,54.86688232421875,0.36783549189567566,-1,-1,-1
420,519,4262.96875,686.4207763671875,30.64306640625,68.60711669921875,0.4159223735332489,-1,-1,-1
420,490,3070.6123046875,517.82275390625,17.350341796875,38.00775146484375,0.3505938947200775,-1,-1,-1
420,428,4683.60791015625,621.26806640625,26.9560546875,47.842529296875,0.28070002794265747,-1,-1,-1
420,2,4176.31591796875,647.7830200195312,29.1416015625,58.3330078125,0.5561452507972717,-1,-1,-1
420,496,4113.00341796875,579.3617553710938,27.76904296875,56.07861328125,0.396931916475296,-1,-1,-1
420,133,3854.7451171875,574.29345703125,17.341796875,41.8836669921875,0.5089681148529053,-1,-1,-1
420,532,4533.83251953125,591.2041625976562,22.89599609375,55.26275634765625,0.3814007639884949,-1,-1,-1
421,519,4261.37646484375,685.0354614257812,28.974609375,71.64215087890625,0.501071572303772,-1,-1,-1
421,490,3070.728271484375,517.64013671875,17.2421875,38.28350830078125,0.36873507499694824,-1,-1,-1
421,428,4682.3447265625,621.0094604492188,28.31201171875,47.52667236328125,0.26625964045524597,-1,-1,-1
421,2,4172.67724609375,649.2138671875,26.55810546875,56.57440185546875,0.588871955871582,-1,-1,-1
421,496,4113.76318359375,578.1849365234375,26.357421875,55.834716796875,0.42041081190109253,-1,-1,-1
421,133,3853.468017578125,573.9805297851562,18.068115234375,41.67425537109375,0.5013246536254883,-1,-1,-1
421,532,4533.6806640625,591.2238159179688,22.435546875,55.31939697265625,0.400995671749115,-1,-1,-1
422,519,4258.84326171875,683.1249389648438,29.4658203125,75.45587158203125,0.5296456813812256,-1,-1,-1
422,490,3070.71826171875,517.8257446289062,17.2001953125,38.08013916015625,0.35207507014274597,-1,-1,-1
422,428,4681.4443359375,620.2400512695312,28.85107421875,48.82501220703125,0.32802924513816833,-1,-1,-1
422,2,4168.39404296875,650.6170043945312,22.6044921875,56.19677734375,0.6594915986061096,-1,-1,-1
422,496,4114.10400390625,577.0567016601562,26.01806640625,56.16436767578125,0.44853076338768005,-1,-1,-1
422,133,3852.790283203125,574.2034912109375,18.30712890625,40.19317626953125,0.4796711504459381,-1,-1,-1
422,532,4533.341796875,591.1195068359375,22.64599609375,55.20245361328125,0.38326478004455566,-1,-1,-1
423,519,4256.7880859375,681.8697509765625,29.2998046875,77.3419189453125,0.606322169303894,-1,-1,-1
423,490,3070.5625,517.85107421875,17.263916015625,37.94696044921875,0.3295621871948242,-1,-1,-1
423,428,4679.9208984375,619.833984375,30.11767578125,49.670166015625,0.2651204764842987,-1,-1,-1
423,2,4162.251953125,651.4684448242188,23.8427734375,56.16839599609375,0.43394866585731506,-1,-1,-1
423,496,4114.01318359375,576.6819458007812,26.1708984375,56.03997802734375,0.4148749113082886,-1,-1,-1
423,133,3851.501708984375,574.0726928710938,18.261474609375,39.1278076171875,0.5182152390480042,-1,-1,-1
423,532,4533.02734375,591.2124633789062,22.2373046875,54.74810791015625,0.33574140071868896,-1,-1,-1
424,519,4255.8818359375,681.4024658203125,28.56787109375,75.5322265625,0.6136288046836853,-1,-1,-1
424,490,3070.577392578125,517.8388061523438,17.158935546875,37.93701171875,0.3305022418498993,-1,-1,-1
424,2,4156.2099609375,649.5371704101562,23.5419921875,58.43658447265625,0.42470496892929077,-1,-1,-1
424,496,4114.07470703125,576.3826904296875,26.185546875,56.0025634765625,0.42497575283050537,-1,-1,-1
424,133,3850.680908203125,574.4085693359375,17.994140625,37.9246826171875,0.48219552636146545,-1,-1,-1
424,532,4532.86279296875,591.2857666015625,21.96484375,54.54339599609375,0.29131439328193665,-1,-1,-1
425,519,4252.9658203125,680.9832763671875,31.0107421875,78.10943603515625,0.6744059324264526,-1,-1,-1
425,490,3070.567138671875,517.6514892578125,17.2001953125,38.44134521484375,0.3409002423286438,-1,-1,-1
425,2,4150.841796875,649.2380981445312,22.59716796875,58.2783203125,0.5867236256599426,-1,-1,-1
425,496,4114.1298828125,575.7140502929688,25.73291015625,57.245361328125,0.470102459192276,-1,-1,-1
425,133,3850.128173828125,573.8125610351562,18.267578125,40.0047607421875,0.5103388428688049,-1,-1,-1
425,532,4532.13818359375,591.4652099609375,22.240234375,54.27099609375,0.3681908845901489,-1,-1,-1
426,519,4249.0,680.65380859375,34.91796875,78.7938232421875,0.6949000954627991,-1,-1,-1
426,490,3070.52880859375,517.7078247070312,17.264892578125,38.544677734375,0.3395996689796448,-1,-1,-1
426,2,4145.240234375,648.5029907226562,25.68212890625,60.80029296875,0.7048628330230713,-1,-1,-1
426,496,4114.2421875,575.6406860351562,25.37109375,57.73681640625,0.44080716371536255,-1,-1,-1
426,133,3849.412841796875,573.8976440429688,17.811279296875,39.12066650390625,0.5116199851036072,-1,-1,-1
426,532,4531.8125,591.5873413085938,22.04541015625,54.56982421875,0.36241692304611206,-1,-1,-1
426,538,4289.9443359375,544.4907836914062,16.68798828125,40.76544189453125,0.37073618173599243,-1,-1,-1
426,539,3908.50732421875,532.8525390625,15.206298828125,30.85943603515625,0.34570905566215515,-1,-1,-1
426,476,5794.96484375,808.3797607421875,112.728515625,93.80059814453125,0.3535250723361969,-1,-1,-1
427,519,4246.45849609375,680.5923461914062,37.3427734375,78.24853515625,0.7012069821357727,-1,-1,-1
427,490,3070.6171875,517.6337890625,17.216064453125,38.91650390625,0.3309982120990753,-1,-1,-1
427,2,4138.48095703125,648.61328125,28.42431640625,60.69818115234375,0.6136438250541687,-1,-1,-1
427,496,4114.001953125,575.1847534179688,25.59521484375,58.59991455078125,0.4656273424625397,-1,-1,-1
427,133,3849.08740234375,573.36181640625,17.378173828125,39.79327392578125,0.5115172863006592,-1,-1,-1
427,532,4531.70654296875,591.784912109375,21.15673828125,54.53619384765625,0.3522939383983612,-1,-1,-1
427,538,4288.99853515625,546.9964599609375,16.56640625,37.60101318359375,0.37028321623802185,-1,-1,-1
427,539,3908.53466796875,532.2052001953125,14.94189453125,30.43792724609375,0.35204723477363586,-1,-1,-1
428,519,4245.11669921875,681.0814819335938,37.21533203125,77.69769287109375,0.734277069568634,-1,-1,-1
428,490,3070.507568359375,517.6464233398438,17.392578125,39.07623291015625,0.34840208292007446,-1,-1,-1
428,2,4132.15576171875,647.64501953125,31.4267578125,60.487548828125,0.5479969382286072,-1,-1,-1
428,496,4114.26513671875,573.8694458007812,24.4111328125,59.815673828125,0.4856037199497223,-1,-1,-1
428,133,3848.267578125,573.1884155273438,17.4013671875,40.93731689453125,0.5213252902030945,-1,-1,-1
428,532,4531.30615234375,591.7818603515625,20.958984375,54.689453125,0.39219939708709717,-1,-1,-1
428,538,4286.822265625,543.4598388671875,17.951171875,40.18377685546875,0.31587865948677063,-1,-1,-1
428,539,3907.702880859375,531.4728393554688,15.77880859375,30.28973388671875,0.3559422194957733,-1,-1,-1
429,519,4243.85986328125,681.9202880859375,36.546875,77.19451904296875,0.709113597869873,-1,-1,-1
429,490,3070.440673828125,517.6514892578125,17.389892578125,39.16253662109375,0.3400019109249115,-1,-1,-1
429,2,4126.34814453125,646.63916015625,30.306640625,59.40606689453125,0.38829317688941956,-1,-1,-1
429,496,4113.8837890625,573.2312622070312,24.044921875,61.42608642578125,0.4377405643463135,-1,-1,-1
429,133,3847.583984375,572.8762817382812,16.988037109375,40.4449462890625,0.5148507952690125,-1,-1,-1
429,532,4530.57177734375,591.8672485351562,20.9375,54.0509033203125,0.36484187841415405,-1,-1,-1
429,538,4284.03515625,545.4871826171875,19.73388671875,37.74560546875,0.26807913184165955,-1,-1,-1
429,539,3907.0205078125,531.045654296875,15.8134765625,30.1865234375,0.3399675488471985,-1,-1,-1
429,428,4674.92626953125,622.8560180664062,29.5576171875,44.02874755859375,0.32293641567230225,-1,-1,-1
430,519,4243.18994140625,684.0181884765625,34.8779296875,74.52496337890625,0.6205159425735474,-1,-1,-1
430,490,3070.3310546875,517.708984375,17.427490234375,39.12554931640625,0.33239123225212097,-1,-1,-1
430,2,4120.18505859375,647.361572265625,31.28955078125,59.0303955078125,0.46845778822898865,-1,-1,-1
430,496,4113.04345703125,572.9385986328125,24.35205078125,62.36187744140625,0.3894692063331604,-1,-1,-1
430,133,3847.237060546875,572.1319580078125,16.599853515625,40.56280517578125,0.48309919238090515,-1,-1,-1
430,532,4529.625,591.8558349609375,21.39599609375,52.4510498046875,0.3360338509082794,-1,-1,-1
430,539,3907.49951171875,530.8892211914062,14.4130859375,30.58843994140625,0.32377585768699646,-1,-1,-1
430,428,4674.5263671875,623.1096801757812,28.1923828125,42.25457763671875,0.34116899967193604,-1,-1,-1
431,519,4241.27685546875,685.9634399414062,32.74365234375,74.334228515625,0.49047720432281494,-1,-1,-1
431,490,3070.38916015625,517.65283203125,17.305908203125,39.1820068359375,0.34819328784942627,-1,-1,-1
431,2,4117.9912109375,650.9737548828125,27.8798828125,55.843017578125,0.5155203342437744,-1,-1,-1
431,496,4113.03564453125,574.6515502929688,24.8486328125,61.87017822265625,0.3260757625102997,-1,-1,-1
431,133,3846.90771484375,571.9204711914062,16.49169921875,38.97491455078125,0.4580288529396057,-1,-1,-1
431,532,4528.75,591.810302734375,22.07421875,51.55731201171875,0.3382526934146881,-1,-1,-1
431,428,4674.5087890625,623.2869262695312,25.6923828125,40.4827880859375,0.36665529012680054,-1,-1,-1
431,476,5790.52587890625,808.97607421875,96.1806640625,94.3453369140625,0.34274810552597046,-1,-1,-1
432,519,4240.01953125,686.65966796875,31.22998046875,74.08233642578125,0.6006003618240356,-1,-1,-1
432,490,3070.421142578125,517.4619140625,17.30224609375,39.30096435546875,0.37575680017471313,-1,-1,-1
432,2,4114.17333984375,650.8961791992188,23.80126953125,55.617919921875,0.45424580574035645,-1,-1,-1
432,496,4112.69287109375,574.71484375,26.56298828125,61.61846923828125,0.3141010105609894,-1,-1,-1
432,133,3846.16162109375,571.8948974609375,16.720947265625,38.1929931640625,0.4285891056060791,-1,-1,-1
432,532,4528.15087890625,591.5629272460938,22.48583984375,51.54180908203125,0.3267459273338318,-1,-1,-1
432,428,4674.32470703125,623.1487426757812,25.20751953125,41.4173583984375,0.4136458933353424,-1,-1,-1
432,476,5789.1220703125,809.2429809570312,93.37890625,94.5181884765625,0.5529369711875916,-1,-1,-1
433,519,4238.236328125,686.3684692382812,29.94482421875,74.518798828125,0.6940356492996216,-1,-1,-1
433,490,3070.408447265625,517.5380859375,17.475341796875,39.115966796875,0.3684762418270111,-1,-1,-1
433,2,4109.412109375,651.747802734375,23.63134765625,56.627197265625,0.2910448908805847,-1,-1,-1
433,496,4113.44775390625,573.7810668945312,25.03076171875,61.83953857421875,0.349753201007843,-1,-1,-1
433,133,3845.90087890625,571.8519897460938,16.793212890625,37.8997802734375,0.41916319727897644,-1,-1,-1
433,532,4527.41748046875,591.4419555664062,22.931640625,49.802978515625,0.27619656920433044,-1,-1,-1
433,428,4674.03369140625,622.4783935546875,24.88623046875,42.2110595703125,0.4355318248271942,-1,-1,-1
433,476,5788.52880859375,809.6105346679688,89.33740234375,94.3607177734375,0.6345410346984863,-1,-1,-1
434,519,4235.66943359375,684.9517822265625,27.01953125,77.6705322265625,0.6946346759796143,-1,-1,-1
434,490,3070.42626953125,517.3641357421875,17.5634765625,39.23773193359375,0.3658035397529602,-1,-1,-1
434,496,4113.37158203125,573.4566040039062,24.91845703125,63.7777099609375,0.41571226716041565,-1,-1,-1
434,133,3844.85986328125,571.57177734375,16.954345703125,37.40887451171875,0.43534255027770996,-1,-1,-1
434,532,4526.734375,591.2576293945312,23.61865234375,49.97222900390625,0.2923506796360016,-1,-1,-1
434,428,4673.93408203125,622.485107421875,23.82861328125,42.75640869140625,0.45413738489151,-1,-1,-1
434,476,5789.3798828125,809.60205078125,86.27685546875,94.4974365234375,0.6515282988548279,-1,-1,-1
434,488,3614.08935546875,563.69677734375,24.24267578125,46.00384521484375,0.2762218415737152,-1,-1,-1
435,519,4234.92138671875,683.3995971679688,24.8759765625,77.79046630859375,0.7391610741615295,-1,-1,-1
435,490,3070.432373046875,517.3269653320312,17.51611328125,39.2342529296875,0.3797552287578583,-1,-1,-1
435,496,4113.01220703125,573.5697631835938,24.62451171875,63.35577392578125,0.4321439862251282,-1,-1,-1
435,133,3844.1826171875,571.88525390625,17.063720703125,38.27459716796875,0.45660969614982605,-1,-1,-1
435,532,4526.3359375,591.19482421875,23.91748046875,52.4739990234375,0.34555965662002563,-1,-1,-1
435,428,4673.5166015625,622.4481201171875,23.5888671875,44.367431640625,0.5017651319503784,-1,-1,-1
435,476,5790.95458984375,809.2898559570312,82.4736328125,95.61651611328125,0.7291484475135803,-1,-1,-1
435,2,4100.68505859375,650.1566772460938,22.67529296875,56.4420166015625,0.445205956697464,-1,-1,-1
436,519,4232.7265625,682.5678100585938,24.779296875,78.38262939453125,0.7418787479400635,-1,-1,-1
436,490,3070.473876953125,517.218017578125,17.30078125,39.42877197265625,0.4025270938873291,-1,-1,-1
436,496,4113.88818359375,573.74658203125,23.6240234375,62.71240234375,0.4751397669315338,-1,-1,-1
436,133,3843.7890625,571.1991577148438,17.254638671875,37.37298583984375,0.43015193939208984,-1,-1,-1
436,532,4526.03515625,590.6865844726562,24.2197265625,55.20428466796875,0.4151540994644165,-1,-1,-1
436,428,4672.36474609375,622.1787719726562,23.12451171875,46.9501953125,0.5308196544647217,-1,-1,-1
436,476,5792.26220703125,807.8943481445312,78.8955078125,97.41644287109375,0.7347508072853088,-1,-1,-1
436,2,4093.990234375,648.47802734375,26.11376953125,58.5567626953125,0.583190381526947,-1,-1,-1
437,519,4228.6181640625,681.9017944335938,26.38037109375,78.527099609375,0.669708251953125,-1,-1,-1
437,490,3070.496826171875,517.4566650390625,17.182373046875,39.19683837890625,0.3737929165363312,-1,-1,-1
437,496,4114.26318359375,573.7052001953125,23.765625,62.785400390625,0.45782288908958435,-1,-1,-1
437,133,3843.5595703125,571.4244995117188,17.266357421875,38.23822021484375,0.44489389657974243,-1,-1,-1
437,532,4525.9638671875,590.5695190429688,24.33984375,55.37554931640625,0.42183807492256165,-1,-1,-1
437,428,4671.7177734375,622.5870971679688,23.18310546875,46.85601806640625,0.5281388163566589,-1,-1,-1
437,476,5791.62451171875,806.787841796875,76.6767578125,98.0184326171875,0.7239817380905151,-1,-1,-1
437,2,4087.73681640625,648.2926025390625,27.67431640625,58.032470703125,0.5693210959434509,-1,-1,-1
437,488,3613.639892578125,564.3310546875,22.83740234375,47.658447265625,0.28213658928871155,-1,-1,-1
438,519,4227.3798828125,682.20068359375,24.67919921875,77.02923583984375,0.6505475640296936,-1,-1,-1
438,490,3070.468505859375,517.5103759765625,17.07177734375,39.11981201171875,0.3544686436653137,-1,-1,-1
438,496,4113.43603515625,574.374267578125,24.8095703125,61.81329345703125,0.41227987408638,-1,-1,-1
438,133,3842.97314453125,571.2044067382812,17.806640625,38.62091064453125,0.45016002655029297,-1,-1,-1
438,532,4525.87744140625,590.4923095703125,24.41845703125,54.3802490234375,0.39715108275413513,-1,-1,-1
438,428,4671.05859375,623.82373046875,24.40185546875,46.00921630859375,0.510387122631073,-1,-1,-1
438,476,5789.8466796875,806.1292724609375,74.35986328125,98.35601806640625,0.6590895056724548,-1,-1,-1
438,2,4081.052001953125,646.450439453125,28.560791015625,57.343017578125,0.4759070575237274,-1,-1,-1
438,488,3613.544677734375,564.1559448242188,22.3251953125,46.69390869140625,0.30903494358062744,-1,-1,-1
439,519,4224.52783203125,681.736572265625,26.3203125,75.9559326171875,0.6294739842414856,-1,-1,-1
439,490,3070.430419921875,517.417236328125,17.013427734375,39.33819580078125,0.3791171610355377,-1,-1,-1
439,496,4113.27783203125,575.0865478515625,26.01904296875,61.67724609375,0.4644767940044403,-1,-1,-1
439,133,3842.330322265625,569.7632446289062,18.55615234375,39.3248291015625,0.430945485830307,-1,-1,-1
439,532,4525.56005859375,590.4379272460938,24.5712890625,53.09686279296875,0.41008275747299194,-1,-1,-1
439,428,4670.4521484375,624.6488037109375,25.05517578125,45.25787353515625,0.49504297971725464,-1,-1,-1
439,476,5785.5185546875,805.5712280273438,75.1376953125,99.22906494140625,0.3889124095439911,-1,-1,-1
439,2,4075.307373046875,644.2415771484375,27.829345703125,58.33453369140625,0.4641669988632202,-1,-1,-1
439,488,3613.31884765625,563.7723999023438,21.591796875,46.8958740234375,0.36338430643081665,-1,-1,-1
440,519,4219.6650390625,682.4676513671875,30.87353515625,75.509521484375,0.6339871287345886,-1,-1,-1
440,490,3070.14892578125,517.0654907226562,17.098876953125,39.8089599609375,0.3722025156021118,-1,-1,-1
440,496,4112.9072265625,574.8117065429688,27.4208984375,63.6097412109375,0.5201946496963501,-1,-1,-1
440,133,3841.20849609375,569.2166137695312,19.6953125,40.05364990234375,0.394281804561615,-1,-1,-1
440,532,4525.13525390625,590.6312866210938,24.7158203125,54.9427490234375,0.4545268714427948,-1,-1,-1
440,428,4669.70703125,624.1519165039062,25.51708984375,45.98040771484375,0.50937420129776,-1,-1,-1
440,476,5778.70263671875,805.53369140625,80.52392578125,98.41888427734375,0.33927926421165466,-1,-1,-1
440,2,4071.21826171875,644.9234619140625,26.00732421875,59.646484375,0.5861372947692871,-1,-1,-1
440,488,3612.890625,563.0044555664062,21.009765625,45.96087646484375,0.3554515838623047,-1,-1,-1
441,519,4216.18505859375,685.6144409179688,33.03173828125,74.07476806640625,0.580781102180481,-1,-1,-1
441,490,3069.95654296875,518.37890625,16.978759765625,36.08709716796875,0.364346981048584,-1,-1,-1
441,496,4113.7763671875,577.34912109375,28.07568359375,62.65582275390625,0.5523891448974609,-1,-1,-1
441,133,3839.92431640625,569.0747680664062,20.883056640625,39.568115234375,0.2897034287452698,-1,-1,-1
441,532,4524.3154296875,591.4814453125,25.34814453125,56.0098876953125,0.49257034063339233,-1,-1,-1
441,428,4669.05908203125,623.7666625976562,26.033203125,48.1812744140625,0.5385462045669556,-1,-1,-1
441,2,4067.532958984375,646.47607421875,22.709228515625,59.60711669921875,0.701816737651825,-1,-1,-1
441,488,3612.124755859375,563.001220703125,20.616943359375,45.39337158203125,0.291127473115921,-1,-1,-1
442,519,4212.48681640625,686.5537719726562,35.83154296875,73.467041015625,0.5934880375862122,-1,-1,-1
442,490,3069.907470703125,519.3732299804688,17.024658203125,35.908935546875,0.3797229826450348,-1,-1,-1
442,496,4113.31396484375,578.6740112304688,29.9482421875,60.99658203125,0.44810500741004944,-1,-1,-1
442,133,3838.91259765625,569.45849609375,21.893310546875,39.520751953125,0.34368637204170227,-1,-1,-1
442,532,4524.13671875,591.0219116210938,25.63525390625,55.765625,0.44606587290763855,-1,-1,-1
442,428,4668.65966796875,623.4197387695312,27.0517578125,48.1104736328125,0.47268956899642944,-1,-1,-1
442,2,4062.823486328125,645.5340576171875,21.582275390625,61.16876220703125,0.7049742341041565,-1,-1,-1
442,488,3611.961669921875,562.97314453125,19.10791015625,43.0352783203125,0.2758624851703644,-1,-1,-1
443,519,4209.52587890625,688.6441040039062,35.19580078125,71.2457275390625,0.4838627874851227,-1,-1,-1
443,490,3069.922119140625,517.8152465820312,17.28564453125,37.40704345703125,0.38876375555992126,-1,-1,-1
443,496,4116.328125,579.357177734375,27.41796875,59.06292724609375,0.37983185052871704,-1,-1,-1
443,133,3837.828369140625,570.0862426757812,22.828125,38.34918212890625,0.30799099802970886,-1,-1,-1
443,532,4523.76708984375,590.5510864257812,25.47314453125,55.50567626953125,0.36834967136383057,-1,-1,-1
443,428,4667.96435546875,623.8742065429688,27.57080078125,52.48675537109375,0.4952557384967804,-1,-1,-1
443,2,4057.13720703125,643.6286010742188,22.271484375,63.1395263671875,0.5265640020370483,-1,-1,-1
443,488,3611.769287109375,562.2279663085938,17.90625,43.54498291015625,0.2752254009246826,-1,-1,-1
444,519,4206.43017578125,689.0035400390625,35.5068359375,69.98095703125,0.43102943897247314,-1,-1,-1
444,490,3069.840087890625,517.4885864257812,17.351806640625,38.60614013671875,0.3597544729709625,-1,-1,-1
444,496,4113.6513671875,577.29443359375,30.2958984375,59.33734130859375,0.3566666543483734,-1,-1,-1
444,133,3837.245361328125,570.5982666015625,23.390625,37.37548828125,0.2506970465183258,-1,-1,-1
444,532,4522.4990234375,590.7562866210938,26.10107421875,54.2803955078125,0.33771461248397827,-1,-1,-1
444,428,4667.53369140625,624.1930541992188,27.95703125,53.68682861328125,0.4796369671821594,-1,-1,-1
444,2,4051.32666015625,643.9908447265625,25.66748046875,61.458251953125,0.2705536186695099,-1,-1,-1
445,519,4205.1689453125,688.375,34.7421875,70.4429931640625,0.39789119362831116,-1,-1,-1
445,490,3070.062744140625,517.7200927734375,17.144775390625,37.69000244140625,0.39322447776794434,-1,-1,-1
445,496,4117.85009765625,580.7542114257812,27.42236328125,55.197265625,0.3312697112560272,-1,-1,-1
445,532,4522.076171875,591.0180053710938,26.33154296875,53.91168212890625,0.33209228515625,-1,-1,-1
445,428,4667.42138671875,624.9252319335938,28.00537109375,52.71197509765625,0.45692989230155945,-1,-1,-1
445,2,4047.062255859375,643.244384765625,25.125244140625,62.53350830078125,0.452860563993454,-1,-1,-1
446,519,4204.33642578125,686.4603881835938,31.57080078125,71.5435791015625,0.5221368670463562,-1,-1,-1
446,490,3069.845458984375,518.3490600585938,16.77587890625,35.262939453125,0.35937434434890747,-1,-1,-1
446,496,4122.7900390625,587.6430053710938,24.2412109375,49.55987548828125,0.37123680114746094,-1,-1,-1
446,532,4521.75927734375,591.6508178710938,24.990234375,55.12640380859375,0.4087694585323334,-1,-1,-1
446,428,4667.06982421875,625.2599487304688,27.4052734375,51.29583740234375,0.4951838254928589,-1,-1,-1
446,2,4040.9794921875,642.7452392578125,25.80810546875,62.87408447265625,0.6519748568534851,-1,-1,-1
446,476,5739.5712890625,804.8046264648438,132.43310546875,95.47930908203125,0.3625833988189697,-1,-1,-1
446,488,3610.282958984375,562.1168823242188,18.5048828125,42.32196044921875,0.29907500743865967,-1,-1,-1
447,519,4205.1708984375,685.4365234375,28.63916015625,72.25982666015625,0.6671556234359741,-1,-1,-1
447,490,3069.60693359375,517.9979248046875,16.698974609375,34.4384765625,0.3775275647640228,-1,-1,-1
447,496,4125.76220703125,590.437255859375,22.84814453125,45.125244140625,0.3552517890930176,-1,-1,-1
447,532,4520.9306640625,592.0421752929688,24.54150390625,54.8408203125,0.4192848205566406,-1,-1,-1
447,428,4666.65234375,625.3323364257812,27.56787109375,52.4439697265625,0.5025386810302734,-1,-1,-1
447,2,4034.936279296875,641.9517822265625,27.4560546875,60.22540283203125,0.5440839529037476,-1,-1,-1
447,476,5740.45068359375,806.2188110351562,131.1826171875,95.75787353515625,0.3870241641998291,-1,-1,-1
447,488,3609.798095703125,562.4573364257812,18.90283203125,41.47003173828125,0.31186580657958984,-1,-1,-1
448,519,4204.81640625,683.54638671875,26.728515625,75.28631591796875,0.6662540435791016,-1,-1,-1
448,490,3069.7841796875,517.658203125,17.007568359375,37.333740234375,0.38534849882125854,-1,-1,-1
448,496,4126.91015625,591.2504272460938,22.81640625,42.95751953125,0.26692429184913635,-1,-1,-1
448,532,4520.1982421875,591.9159545898438,25.10009765625,54.4615478515625,0.33839473128318787,-1,-1,-1
448,428,4666.93017578125,626.7660522460938,27.68017578125,51.14617919921875,0.391752690076828,-1,-1,-1
448,2,4029.2509765625,641.1965942382812,28.99267578125,59.703125,0.4142356216907501,-1,-1,-1
448,476,5733.7998046875,805.503662109375,137.3720703125,96.44305419921875,0.4045688807964325,-1,-1,-1
449,519,4203.00439453125,683.12939453125,24.24755859375,74.09478759765625,0.5417349934577942,-1,-1,-1
449,490,3069.601806640625,517.9149780273438,17.525146484375,37.78875732421875,0.3411414325237274,-1,-1,-1
449,496,4126.96826171875,591.3565063476562,23.8095703125,44.25958251953125,0.2658064663410187,-1,-1,-1
449,428,4667.46484375,626.8358764648438,27.39697265625,53.0684814453125,0.36372554302215576,-1,-1,-1
449,2,4023.42529296875,642.1690063476562,28.82373046875,59.5013427734375,0.3879257142543793,-1,-1,-1
449,476,5731.8896484375,806.4713134765625,137.62548828125,96.90069580078125,0.36064714193344116,-1,-1,-1
450,519,4199.873046875,684.0033569335938,23.939453125,72.50714111328125,0.5857216119766235,-1,-1,-1
450,490,3069.40966796875,518.517333984375,17.258544921875,37.988037109375,0.3681102991104126,-1,-1,-1
450,428,4666.26806640625,628.2986450195312,27.12255859375,49.25634765625,0.3820165991783142,-1,-1,-1
450,2,4018.749755859375,642.6361083984375,26.76513671875,61.1505126953125,0.471738338470459,-1,-1,-1
450,476,5735.70166015625,808.1414184570312,128.8349609375,96.55230712890625,0.3229946196079254,-1,-1,-1
451,519,4197.2177734375,683.4568481445312,25.3583984375,74.880859375,0.520216166973114,-1,-1,-1
451,490,3069.537353515625,519.4658813476562,17.08251953125,35.983154296875,0.307331919670105,-1,-1,-1
451,428,4666.17138671875,628.2534790039062,26.7021484375,48.17828369140625,0.37678733468055725,-1,-1,-1
451,2,4016.101318359375,644.5292358398438,24.317138671875,60.30950927734375,0.7171450853347778,-1,-1,-1
451,476,5724.8896484375,807.6978759765625,134.61181640625,97.30377197265625,0.3974054753780365,-1,-1,-1
452,519,4192.25341796875,682.5687255859375,30.63037109375,76.213134765625,0.5787326693534851,-1,-1,-1
452,490,3069.69140625,518.1827392578125,17.31005859375,38.36468505859375,0.3631645739078522,-1,-1,-1
452,428,4666.59814453125,628.9479370117188,26.13671875,46.2630615234375,0.30786705017089844,-1,-1,-1
452,2,4012.425048828125,644.113525390625,22.001220703125,60.93585205078125,0.6733330488204956,-1,-1,-1
452,476,5715.43701171875,805.3666381835938,138.07421875,99.27996826171875,0.5599600076675415,-1,-1,-1
452,532,4518.0107421875,593.0767822265625,25.09228515625,51.66253662109375,0.28809425234794617,-1,-1,-1
453,519,4189.01611328125,683.1243896484375,34.02978515625,76.11236572265625,0.5862705111503601,-1,-1,-1
453,490,3069.776123046875,517.927734375,17.475830078125,40.00640869140625,0.3364647626876831,-1,-1,-1
453,428,4667.607421875,627.1640014648438,24.06689453125,51.5028076171875,0.4073384702205658,-1,-1,-1
453,2,4007.409423828125,643.3895263671875,21.593505859375,62.294189453125,0.6071009635925293,-1,-1,-1
453,476,5710.04443359375,805.8660888671875,133.5888671875,99.9354248046875,0.47792378067970276,-1,-1,-1
453,488,3605.195068359375,562.3948364257812,21.5634765625,38.66705322265625,0.26728683710098267,-1,-1,-1
454,519,4186.02783203125,683.9208984375,37.490234375,75.964599609375,0.5423172116279602,-1,-1,-1
454,490,3069.983154296875,518.3119506835938,17.0302734375,39.69439697265625,0.367237389087677,-1,-1,-1
454,428,4667.39111328125,626.073486328125,24.50439453125,54.70068359375,0.41342732310295105,-1,-1,-1
454,2,4002.88427734375,643.4512329101562,22.765869140625,62.1700439453125,0.513393759727478,-1,-1,-1
454,476,5704.3359375,804.7774658203125,129.51123046875,100.4508056640625,0.3141593337059021,-1,-1,-1
455,519,4183.33642578125,686.3530883789062,39.88818359375,73.45745849609375,0.5258159637451172,-1,-1,-1
455,490,3069.876708984375,518.4437255859375,17.01513671875,38.44427490234375,0.3460808992385864,-1,-1,-1
455,428,4668.185546875,625.7153930664062,23.5205078125,55.3184814453125,0.4506262540817261,-1,-1,-1
455,2,3997.90185546875,640.7938842773438,25.5751953125,64.21728515625,0.38356688618659973,-1,-1,-1
455,476,5701.197265625,804.388671875,125.9033203125,100.0440673828125,0.346035897731781,-1,-1,-1
456,519,4180.36865234375,688.2565307617188,40.8525390625,71.9171142578125,0.4326533377170563,-1,-1,-1
456,490,3069.6357421875,518.0271606445312,17.215087890625,39.16021728515625,0.36725953221321106,-1,-1,-1
456,428,4668.36767578125,625.850341796875,22.54833984375,54.8017578125,0.44142770767211914,-1,-1,-1
456,2,3992.57861328125,640.536865234375,25.87353515625,63.00762939453125,0.48937225341796875,-1,-1,-1
457,519,4178.8740234375,686.915283203125,40.41748046875,72.90875244140625,0.4763021767139435,-1,-1,-1
457,490,3069.772216796875,517.8529663085938,17.377685546875,39.96295166015625,0.3358476161956787,-1,-1,-1
457,428,4667.3447265625,626.2319946289062,23.95361328125,55.13031005859375,0.42992156744003296,-1,-1,-1
457,2,3986.560546875,639.0960083007812,27.09375,61.32647705078125,0.5837813019752502,-1,-1,-1
457,532,4513.8603515625,594.0265502929688,26.1845703125,52.3519287109375,0.2518579661846161,-1,-1,-1
458,519,4178.03955078125,687.2993774414062,39.27197265625,70.630615234375,0.48175227642059326,-1,-1,-1
458,490,3069.65234375,518.1461181640625,17.73828125,39.88421630859375,0.3454563617706299,-1,-1,-1
458,428,4666.72509765625,627.1834716796875,25.53369140625,54.80364990234375,0.4511174261569977,-1,-1,-1
458,2,3981.6181640625,638.0548095703125,27.824951171875,59.624267578125,0.533561110496521,-1,-1,-1
458,476,5733.45849609375,804.1627807617188,81.4150390625,100.17333984375,0.5736191868782043,-1,-1,-1
459,519,4176.31884765625,687.737548828125,35.04345703125,71.5645751953125,0.5346288084983826,-1,-1,-1
459,490,3069.372314453125,518.1278076171875,17.81005859375,39.54803466796875,0.34377220273017883,-1,-1,-1
459,428,4665.55517578125,629.3286743164062,26.04150390625,54.04327392578125,0.5571088790893555,-1,-1,-1
459,2,3974.868408203125,639.5166625976562,30.299560546875,59.20001220703125,0.3231855630874634,-1,-1,-1
459,476,5735.05517578125,805.547607421875,74.6142578125,98.3450927734375,0.6795863509178162,-1,-1,-1
460,519,4174.54443359375,685.2333374023438,32.84619140625,75.0806884765625,0.6809094548225403,-1,-1,-1
460,490,3069.284423828125,518.2889404296875,17.73828125,38.9599609375,0.34717702865600586,-1,-1,-1
460,428,4664.4931640625,631.7789916992188,27.263671875,52.76483154296875,0.5114618539810181,-1,-1,-1
460,2,3970.3466796875,640.1299438476562,29.517578125,60.73162841796875,0.5156894326210022,-1,-1,-1
460,476,5731.9169921875,805.224853515625,73.888671875,99.5361328125,0.6428207755088806,-1,-1,-1
461,519,4173.8505859375,683.550537109375,30.1318359375,75.8489990234375,0.6394117474555969,-1,-1,-1
461,490,3069.14599609375,518.3391723632812,17.896728515625,38.2547607421875,0.3548795282840729,-1,-1,-1
461,428,4664.5859375,633.2648315429688,27.83349609375,50.62994384765625,0.4525375962257385,-1,-1,-1
461,2,3967.118896484375,638.79638671875,27.011962890625,61.2835693359375,0.4618797302246094,-1,-1,-1
461,476,5731.91259765625,804.7258911132812,71.18505859375,99.8216552734375,0.57440185546875,-1,-1,-1
462,519,4171.84716796875,682.0478515625,27.5439453125,77.0975341796875,0.6393199563026428,-1,-1,-1
462,490,3069.181640625,518.35546875,17.92041015625,38.62115478515625,0.3409610688686371,-1,-1,-1
462,428,4663.52685546875,634.1192626953125,28.62109375,48.550048828125,0.4268510341644287,-1,-1,-1
462,2,3964.205078125,640.2405395507812,24.1865234375,58.7520751953125,0.524017333984375,-1,-1,-1
462,476,5731.72314453125,804.6103515625,68.89453125,100.6422119140625,0.6101695895195007,-1,-1,-1
463,519,4170.20068359375,681.5699462890625,26.2021484375,77.33245849609375,0.5813747048377991,-1,-1,-1
463,490,3069.28955078125,518.2357788085938,18.0380859375,39.4691162109375,0.3437076807022095,-1,-1,-1
463,428,4662.83984375,634.662353515625,28.2197265625,47.0003662109375,0.38264980912208557,-1,-1,-1
463,2,3960.401611328125,639.8389892578125,21.441162109375,57.9359130859375,0.5517240166664124,-1,-1,-1
463,476,5728.392578125,806.3968505859375,68.8134765625,98.99542236328125,0.6121099591255188,-1,-1,-1
463,573,4137.267578125,588.501220703125,22.56005859375,48.14892578125,0.3499361574649811,-1,-1,-1
464,519,4169.0986328125,681.2498168945312,26.01708984375,75.60638427734375,0.5505374073982239,-1,-1,-1
464,490,3069.250244140625,518.2134399414062,18.208740234375,39.98699951171875,0.3637206256389618,-1,-1,-1
464,428,4663.1806640625,633.567626953125,27.658203125,51.628662109375,0.5061526894569397,-1,-1,-1
464,2,3956.35888671875,638.2156372070312,22.20654296875,59.88775634765625,0.6252888441085815,-1,-1,-1
464,476,5725.8173828125,805.8965454101562,70.34716796875,98.92376708984375,0.6522825360298157,-1,-1,-1
464,573,4138.14990234375,588.4047241210938,22.09814453125,48.0821533203125,0.38324618339538574,-1,-1,-1
465,519,4164.89111328125,681.636962890625,29.41943359375,76.5035400390625,0.6430566310882568,-1,-1,-1
465,490,3068.8115234375,518.744140625,18.40234375,38.3994140625,0.33066388964653015,-1,-1,-1
465,428,4662.8330078125,633.2619018554688,27.1865234375,54.09185791015625,0.5504928231239319,-1,-1,-1
465,2,3952.258544921875,637.9752197265625,21.1484375,60.85015869140625,0.609320878982544,-1,-1,-1
465,476,5722.0947265625,805.4130249023438,71.865234375,99.884765625,0.7562640309333801,-1,-1,-1
465,573,4138.65087890625,589.215087890625,22.01708984375,47.168701171875,0.3921470046043396,-1,-1,-1
466,519,4162.28662109375,682.48046875,29.37744140625,75.8975830078125,0.5546625852584839,-1,-1,-1
466,490,3068.930908203125,518.5325317382812,18.4775390625,39.765869140625,0.35658276081085205,-1,-1,-1
466,428,4662.61572265625,633.7845458984375,25.38330078125,53.68853759765625,0.5442419052124023,-1,-1,-1
466,2,3945.263427734375,638.3778686523438,24.97314453125,60.08953857421875,0.46981075406074524,-1,-1,-1
466,476,5718.06298828125,804.1240234375,73.6162109375,100.3150634765625,0.7413523197174072,-1,-1,-1
466,573,4139.267578125,589.2335815429688,22.1953125,44.60009765625,0.38190335035324097,-1,-1,-1
467,519,4157.7177734375,683.7741088867188,31.71142578125,73.58526611328125,0.5290597677230835,-1,-1,-1
467,490,3069.040771484375,518.638427734375,18.66015625,40.5369873046875,0.37147802114486694,-1,-1,-1
467,428,4662.38818359375,633.8369140625,25.6533203125,53.517333984375,0.4976385831832886,-1,-1,-1
467,2,3938.450439453125,636.7208862304688,27.9052734375,62.1925048828125,0.34858983755111694,-1,-1,-1
467,476,5711.66357421875,802.05322265625,76.76611328125,101.2869873046875,0.7414306998252869,-1,-1,-1
467,573,4140.88623046875,587.935302734375,21.03369140625,45.23236083984375,0.419670969247818,-1,-1,-1
467,532,4512.24169921875,592.9243774414062,27.4306640625,52.311767578125,0.31866374611854553,-1,-1,-1
468,519,4151.0908203125,684.7664794921875,37.33984375,73.000732421875,0.4399788975715637,-1,-1,-1
468,490,3069.469482421875,518.5888061523438,18.19140625,40.6387939453125,0.37254053354263306,-1,-1,-1
468,428,4661.92138671875,634.4207153320312,25.85986328125,54.13525390625,0.49590957164764404,-1,-1,-1
468,2,3934.301025390625,636.0866088867188,28.4736328125,61.20477294921875,0.4928988516330719,-1,-1,-1
468,476,5716.0048828125,801.68994140625,69.697265625,101.9576416015625,0.6298816800117493,-1,-1,-1
468,573,4141.89013671875,588.3259887695312,20.57861328125,44.4459228515625,0.3974370062351227,-1,-1,-1
468,583,3505.23486328125,556.2623901367188,20.68505859375,41.582275390625,0.33927735686302185,-1,-1,-1
468,532,4512.29248046875,592.6000366210938,27.9853515625,52.4190673828125,0.32375070452690125,-1,-1,-1
469,519,4146.09228515625,684.8800048828125,41.24169921875,73.9456787109375,0.41718360781669617,-1,-1,-1
469,490,3069.5068359375,518.7341918945312,17.96240234375,40.35980224609375,0.37103667855262756,-1,-1,-1
469,428,4660.99267578125,636.8749389648438,26.8076171875,55.3662109375,0.43407905101776123,-1,-1,-1
469,2,3929.259521484375,638.0341186523438,29.448486328125,59.42156982421875,0.5322046875953674,-1,-1,-1
469,476,5689.7587890625,801.585205078125,92.859375,101.6678466796875,0.37745392322540283,-1,-1,-1
469,573,4142.83056640625,588.6211547851562,20.537109375,43.1397705078125,0.4280461072921753,-1,-1,-1
469,583,3505.126953125,556.2976684570312,20.59814453125,41.89874267578125,0.2926442325115204,-1,-1,-1
470,519,4144.296875,683.990966796875,41.70556640625,74.5592041015625,0.5268997550010681,-1,-1,-1
470,490,3069.546630859375,518.8271484375,17.88232421875,39.38104248046875,0.35808688402175903,-1,-1,-1
470,428,4660.9150390625,638.2985229492188,27.21484375,54.9139404296875,0.3562704622745514,-1,-1,-1
470,2,3926.10595703125,638.3704833984375,25.885009765625,56.655029296875,0.5043697357177734,-1,-1,-1
470,476,5678.7197265625,800.6097412109375,104.521484375,101.8572998046875,0.7011155486106873,-1,-1,-1
470,573,4143.515625,588.8345336914062,20.9931640625,42.45318603515625,0.3840213418006897,-1,-1,-1
470,583,3505.3359375,556.4140014648438,20.877685546875,40.66082763671875,0.2743421494960785,-1,-1,-1
470,532,4512.37255859375,593.0977783203125,28.15625,51.44818115234375,0.255648672580719,-1,-1,-1
471,519,4144.59619140625,683.5414428710938,39.0830078125,73.06768798828125,0.5732449889183044,-1,-1,-1
471,490,3069.619384765625,518.9370727539062,17.939208984375,39.6634521484375,0.3198689818382263,-1,-1,-1
471,428,4660.06103515625,638.6586303710938,28.818359375,53.15411376953125,0.3770799934864044,-1,-1,-1
471,2,3922.515380859375,638.48193359375,23.73876953125,58.09088134765625,0.36038142442703247,-1,-1,-1
471,476,5669.92236328125,799.2529907226562,117.2314453125,103.00726318359375,0.7648102045059204,-1,-1,-1
471,573,4145.021484375,588.8202514648438,20.068359375,42.27252197265625,0.4264864921569824,-1,-1,-1
471,583,3505.544189453125,556.1743774414062,21.15283203125,40.0343017578125,0.2583984434604645,-1,-1,-1
471,532,4512.759765625,593.6231079101562,29.07763671875,51.0006103515625,0.2787959575653076,-1,-1,-1
472,519,4143.74169921875,682.2523193359375,36.47412109375,72.65631103515625,0.6480547785758972,-1,-1,-1
472,490,3069.650634765625,518.46630859375,17.98583984375,40.2510986328125,0.3463386297225952,-1,-1,-1
472,428,4659.45703125,638.8123779296875,29.353515625,52.72149658203125,0.4178110957145691,-1,-1,-1
472,2,3918.173095703125,638.1731567382812,22.319091796875,59.848876953125,0.4149395823478699,-1,-1,-1
472,476,5664.794921875,799.9523315429688,124.7451171875,104.2452392578125,0.7033253312110901,-1,-1,-1
472,573,4146.12060546875,588.4993286132812,19.99267578125,42.7684326171875,0.46676477789878845,-1,-1,-1
472,583,3505.53173828125,556.4429931640625,20.91357421875,39.17340087890625,0.25250768661499023,-1,-1,-1
472,532,4513.36669921875,594.0975341796875,29.14794921875,51.05731201171875,0.3118075728416443,-1,-1,-1
473,519,4143.0595703125,681.61376953125,33.2822265625,72.30377197265625,0.6256082057952881,-1,-1,-1
473,490,3069.657470703125,518.036376953125,18.287109375,41.0858154296875,0.3551692068576813,-1,-1,-1
473,428,4659.26416015625,638.7138061523438,29.36474609375,52.67669677734375,0.43192699551582336,-1,-1,-1
473,2,3913.854248046875,636.8387451171875,21.836669921875,61.737548828125,0.4297313094139099,-1,-1,-1
473,476,5659.87109375,800.423828125,132.61669921875,103.94073486328125,0.6942358613014221,-1,-1,-1
473,573,4146.212890625,587.3694458007812,20.9638671875,45.572265625,0.49867042899131775,-1,-1,-1
473,532,4513.9169921875,594.4090576171875,30.40771484375,52.3363037109375,0.31118232011795044,-1,-1,-1
474,519,4141.8564453125,680.83642578125,31.2822265625,72.726806640625,0.6440225839614868,-1,-1,-1
474,490,3069.779052734375,518.1953125,18.229248046875,40.32220458984375,0.3227269947528839,-1,-1,-1
474,428,4658.89599609375,638.897705078125,28.88232421875,53.6904296875,0.4151110351085663,-1,-1,-1
474,2,3909.6513671875,636.5018310546875,23.480224609375,63.0621337890625,0.531109631061554,-1,-1,-1
474,476,5656.28466796875,800.6621704101562,138.69189453125,103.3287353515625,0.6421469449996948,-1,-1,-1
474,573,4147.5390625,588.6858520507812,20.8193359375,43.9105224609375,0.500042200088501,-1,-1,-1
475,519,4140.67041015625,680.1779174804688,28.9990234375,72.34552001953125,0.6428210139274597,-1,-1,-1
475,490,3069.611328125,517.3876342773438,17.968505859375,41.1439208984375,0.34769847989082336,-1,-1,-1
475,428,4658.4443359375,638.7870483398438,28.0458984375,55.09259033203125,0.42919114232063293,-1,-1,-1
475,2,3906.2548828125,635.9121704101562,23.218017578125,62.88250732421875,0.6794031858444214,-1,-1,-1
475,476,5651.84912109375,800.76953125,143.83447265625,103.557861328125,0.5917267799377441,-1,-1,-1
475,573,4147.48681640625,588.6834106445312,22.24755859375,45.03607177734375,0.5004998445510864,-1,-1,-1
476,519,4138.5556640625,679.5873413085938,28.89990234375,73.28289794921875,0.6462388634681702,-1,-1,-1
476,490,3069.564697265625,516.8032836914062,18.177734375,41.9229736328125,0.3693959414958954,-1,-1,-1
476,428,4658.1552734375,638.7039184570312,27.81640625,56.35931396484375,0.4298277199268341,-1,-1,-1
476,2,3902.870361328125,636.19384765625,24.65380859375,59.93597412109375,0.6217058897018433,-1,-1,-1
476,476,5649.5888671875,801.5308837890625,145.865234375,103.2352294921875,0.6355412602424622,-1,-1,-1
476,573,4147.978515625,587.6976318359375,22.685546875,44.75286865234375,0.5591281652450562,-1,-1,-1
477,519,4135.6923828125,679.8857421875,29.216796875,73.04559326171875,0.5773388743400574,-1,-1,-1
477,490,3069.323486328125,517.0885620117188,18.60009765625,41.74884033203125,0.3332948684692383,-1,-1,-1
477,428,4657.97900390625,638.7528686523438,27.9609375,56.4576416015625,0.4266575872898102,-1,-1,-1
477,2,3899.27783203125,635.6821899414062,23.806884765625,57.83380126953125,0.5330081582069397,-1,-1,-1
477,476,5645.7060546875,802.65576171875,147.076171875,101.99029541015625,0.5859665274620056,-1,-1,-1
477,573,4148.1064453125,587.879638671875,23.228515625,44.141357421875,0.48530441522598267,-1,-1,-1
478,519,4134.69677734375,681.214599609375,27.95556640625,72.31390380859375,0.5949362516403198,-1,-1,-1
478,490,3069.369873046875,517.017333984375,18.605712890625,41.69195556640625,0.348676860332489,-1,-1,-1
478,428,4658.12646484375,638.8658447265625,27.591796875,56.32342529296875,0.45702889561653137,-1,-1,-1
478,2,3895.221435546875,635.3917236328125,23.399658203125,53.15167236328125,0.45562857389450073,-1,-1,-1
478,476,5641.951171875,803.6273803710938,146.5751953125,101.61224365234375,0.5772258639335632,-1,-1,-1
478,573,4148.36474609375,587.79443359375,25.08642578125,44.43902587890625,0.4975675642490387,-1,-1,-1
478,532,4518.42626953125,594.9649047851562,27.07958984375,47.28369140625,0.27522987127304077,-1,-1,-1
479,519,4131.62353515625,681.1814575195312,29.48828125,73.84356689453125,0.5956631302833557,-1,-1,-1
479,490,3069.2412109375,516.9278564453125,18.690185546875,41.62371826171875,0.3562477231025696,-1,-1,-1
479,428,4658.42041015625,638.8433837890625,27.0439453125,56.68072509765625,0.40577635169029236,-1,-1,-1
479,2,3890.718017578125,636.1484375,25.049072265625,51.43634033203125,0.34533658623695374,-1,-1,-1
479,476,5642.04638671875,803.6264038085938,141.38134765625,101.4962158203125,0.554733157157898,-1,-1,-1
479,573,4150.0849609375,587.7334594726562,24.65478515625,44.9783935546875,0.518585205078125,-1,-1,-1
479,532,4518.42626953125,595.4080200195312,27.02001953125,46.77435302734375,0.3101932108402252,-1,-1,-1
480,519,4127.6611328125,680.7384033203125,32.21826171875,74.09783935546875,0.6499755382537842,-1,-1,-1
480,490,3069.313232421875,516.9337768554688,18.542724609375,41.5965576171875,0.3484193980693817,-1,-1,-1
480,428,4658.20703125,639.0498657226562,27.3125,57.9581298828125,0.46852168440818787,-1,-1,-1
480,2,3884.759033203125,633.8457641601562,27.18359375,59.5570068359375,0.31395387649536133,-1,-1,-1
480,476,5642.95068359375,803.4130859375,134.61962890625,101.67401123046875,0.6398823261260986,-1,-1,-1
480,573,4150.623046875,588.7417602539062,24.99853515625,44.9383544921875,0.5227057933807373,-1,-1,-1
480,532,4520.060546875,595.1868896484375,26.080078125,47.878173828125,0.333089143037796,-1,-1,-1
481,519,4124.55078125,679.9675903320312,34.85009765625,74.5477294921875,0.6278231739997864,-1,-1,-1
481,490,3069.240966796875,516.6879272460938,18.6494140625,41.819091796875,0.3518295884132385,-1,-1,-1
481,428,4657.82373046875,640.8025512695312,27.56640625,55.3948974609375,0.34519559144973755,-1,-1,-1
481,2,3882.571533203125,633.8416137695312,24.30810546875,59.483154296875,0.58298659324646,-1,-1,-1
481,476,5647.201171875,802.7346801757812,123.095703125,101.9063720703125,0.6696149110794067,-1,-1,-1
481,573,4152.76806640625,588.9140014648438,24.98681640625,44.41754150390625,0.447915643453598,-1,-1,-1
481,532,4522.18359375,594.6463012695312,25.01611328125,49.4542236328125,0.3617513179779053,-1,-1,-1
482,519,4121.62744140625,680.1089477539062,36.5595703125,74.983154296875,0.6095921397209167,-1,-1,-1
482,490,3069.301025390625,516.5977172851562,18.364501953125,41.8935546875,0.3665858805179596,-1,-1,-1
482,428,4657.0234375,641.7904663085938,28.412109375,54.59539794921875,0.313718318939209,-1,-1,-1
482,2,3879.419677734375,634.6072387695312,22.968017578125,59.97943115234375,0.5830914378166199,-1,-1,-1
482,476,5647.80126953125,801.5980834960938,113.05908203125,103.299560546875,0.6749888062477112,-1,-1,-1
482,573,4154.09814453125,588.4503784179688,25.3134765625,43.6357421875,0.29686981439590454,-1,-1,-1
482,532,4523.78662109375,594.288818359375,24.2431640625,50.104736328125,0.35588976740837097,-1,-1,-1
483,519,4118.17431640625,680.8660888671875,39.22216796875,73.9063720703125,0.5398080348968506,-1,-1,-1
483,490,3069.357666015625,516.816650390625,18.25927734375,41.75885009765625,0.3585054874420166,-1,-1,-1
483,428,4656.4130859375,641.8261108398438,28.68359375,54.6773681640625,0.35440751910209656,-1,-1,-1
483,2,3876.60009765625,635.3724365234375,22.048583984375,58.35345458984375,0.6622259616851807,-1,-1,-1
483,476,5648.84228515625,800.84375,105.88916015625,102.98394775390625,0.5389712452888489,-1,-1,-1
483,532,4524.59423828125,593.999755859375,23.83740234375,50.15997314453125,0.3456501364707947,-1,-1,-1
484,519,4115.357421875,682.5339965820312,39.88818359375,71.66888427734375,0.489079087972641,-1,-1,-1
484,490,3069.350830078125,516.7891235351562,18.220458984375,41.751708984375,0.34590211510658264,-1,-1,-1
484,428,4656.212890625,641.97412109375,28.59326171875,54.72296142578125,0.3881274461746216,-1,-1,-1
484,2,3872.808837890625,635.7242431640625,21.048583984375,56.71783447265625,0.5986316800117493,-1,-1,-1
484,476,5659.43505859375,801.1853637695312,90.93310546875,102.201416015625,0.33210232853889465,-1,-1,-1
484,532,4525.21142578125,594.5433349609375,23.59228515625,50.1507568359375,0.35634133219718933,-1,-1,-1
485,519,4113.3671875,683.43798828125,40.13037109375,70.34027099609375,0.5348796844482422,-1,-1,-1
485,490,3069.1220703125,516.844970703125,18.31689453125,41.6275634765625,0.33731651306152344,-1,-1,-1
485,428,4655.859375,641.849853515625,28.333984375,55.30682373046875,0.3892500400543213,-1,-1,-1
485,2,3870.375,635.9885864257812,20.579833984375,56.83563232421875,0.5263246297836304,-1,-1,-1
485,476,5671.09033203125,801.9923706054688,72.78369140625,101.621337890625,0.47591158747673035,-1,-1,-1
485,532,4525.3271484375,594.8025512695312,23.88818359375,51.6485595703125,0.4188121557235718,-1,-1,-1
486,519,4111.533203125,682.7828979492188,40.03955078125,71.5758056640625,0.6297829151153564,-1,-1,-1
486,490,3069.230224609375,516.7509155273438,18.163330078125,41.48291015625,0.30268076062202454,-1,-1,-1
486,428,4655.59326171875,641.5482177734375,28.3466796875,57.14703369140625,0.3071378767490387,-1,-1,-1
486,2,3865.596435546875,633.5020141601562,22.9404296875,59.02581787109375,0.48240160942077637,-1,-1,-1
486,476,5666.2646484375,801.6362915039062,75.01953125,102.09454345703125,0.6906816959381104,-1,-1,-1
486,532,4526.0654296875,594.555908203125,23.63525390625,51.9908447265625,0.37256351113319397,-1,-1,-1
487,519,4110.4111328125,681.67919921875,37.9716796875,72.3641357421875,0.6805021166801453,-1,-1,-1
487,490,3069.202392578125,516.6296997070312,18.25,41.7174072265625,0.31652015447616577,-1,-1,-1
487,428,4654.82763671875,641.3223876953125,29.162109375,60.42596435546875,0.3265154957771301,-1,-1,-1
487,2,3862.06494140625,633.111572265625,24.5732421875,60.90203857421875,0.3942771255970001,-1,-1,-1
487,476,5661.0361328125,801.3310546875,76.89404296875,102.229248046875,0.723233699798584,-1,-1,-1
487,532,4526.48828125,594.4198608398438,24.07861328125,52.97064208984375,0.44665732979774475,-1,-1,-1
487,573,4163.3564453125,587.701416015625,22.9228515625,42.090576171875,0.31428438425064087,-1,-1,-1
488,519,4110.4169921875,682.0499267578125,33.80615234375,71.392822265625,0.6163775324821472,-1,-1,-1
488,490,3069.190185546875,516.2135620117188,18.330322265625,42.330322265625,0.3188452422618866,-1,-1,-1
488,428,4654.04931640625,641.4983520507812,29.13916015625,61.1754150390625,0.28438448905944824,-1,-1,-1
488,2,3855.741943359375,632.0208129882812,28.705078125,63.544677734375,0.3687199652194977,-1,-1,-1
488,476,5656.87890625,802.2172241210938,79.2001953125,101.02203369140625,0.7701631188392639,-1,-1,-1
488,532,4526.10546875,595.2770385742188,25.00244140625,50.71771240234375,0.4539768695831299,-1,-1,-1
488,573,4164.81591796875,588.2293701171875,22.1435546875,41.8984375,0.32936719059944153,-1,-1,-1
489,519,4108.59326171875,682.0717163085938,33.501953125,71.6627197265625,0.6196486353874207,-1,-1,-1
489,490,3068.96044921875,516.640869140625,18.685546875,41.5350341796875,0.2921856641769409,-1,-1,-1
489,428,4652.37841796875,641.7787475585938,30.3310546875,61.87091064453125,0.3189590573310852,-1,-1,-1
489,2,3852.61767578125,633.8788452148438,27.282958984375,58.430908203125,0.5223970413208008,-1,-1,-1
489,476,5653.873046875,803.1438598632812,80.45263671875,99.55706787109375,0.789122462272644,-1,-1,-1
489,532,4525.962890625,595.7843627929688,25.66162109375,50.74169921875,0.5048619508743286,-1,-1,-1
489,573,4166.025390625,587.79638671875,21.9931640625,44.08416748046875,0.4173773229122162,-1,-1,-1
490,519,4107.62548828125,682.754638671875,29.44384765625,69.7984619140625,0.5183764100074768,-1,-1,-1
490,490,3069.106201171875,516.4620971679688,18.50146484375,41.7657470703125,0.29856008291244507,-1,-1,-1
490,428,4650.9853515625,642.58056640625,31.60498046875,59.92034912109375,0.31117743253707886,-1,-1,-1
490,2,3848.944091796875,635.368408203125,26.30224609375,58.1905517578125,0.5234370231628418,-1,-1,-1
490,476,5650.5048828125,803.6532592773438,81.8359375,98.44366455078125,0.7621763944625854,-1,-1,-1
490,532,4526.2880859375,596.1015014648438,27.60498046875,50.77142333984375,0.4504285454750061,-1,-1,-1
490,573,4167.1640625,588.3347778320312,21.771484375,45.7008056640625,0.4583207368850708,-1,-1,-1
491,519,4104.68603515625,682.8406982421875,28.6357421875,69.8173828125,0.33178994059562683,-1,-1,-1
491,490,3069.185791015625,516.2634887695312,18.45849609375,42.00360107421875,0.28642258048057556,-1,-1,-1
491,2,3847.55419921875,635.7628173828125,23.632080078125,54.77197265625,0.507060170173645,-1,-1,-1
491,476,5650.3095703125,802.9700927734375,78.74267578125,99.59674072265625,0.7313849329948425,-1,-1,-1
491,532,4527.3505859375,595.6604614257812,27.96533203125,52.1290283203125,0.420943945646286,-1,-1,-1
491,573,4167.52294921875,588.3482055664062,23.30810546875,47.51654052734375,0.4535976052284241,-1,-1,-1
492,519,4101.294921875,682.1219482421875,28.2333984375,71.1834716796875,0.37060001492500305,-1,-1,-1
492,490,3069.155029296875,516.3681640625,18.506591796875,42.0299072265625,0.2956681251525879,-1,-1,-1
492,2,3844.15625,635.8934936523438,22.984130859375,54.7529296875,0.47917401790618896,-1,-1,-1
492,476,5649.92529296875,802.5189819335938,76.53515625,100.42547607421875,0.7032325863838196,-1,-1,-1
492,532,4528.6708984375,594.9656982421875,27.98681640625,52.541748046875,0.3829731345176697,-1,-1,-1
492,573,4168.53857421875,588.2606811523438,23.12451171875,48.44281005859375,0.456777423620224,-1,-1,-1
492,428,4649.5390625,644.6483154296875,31.958984375,61.1331787109375,0.3458268344402313,-1,-1,-1
493,519,4099.7333984375,680.8707885742188,27.05078125,72.12420654296875,0.6438539624214172,-1,-1,-1
493,490,3069.05712890625,516.7286376953125,18.580322265625,41.73248291015625,0.32547008991241455,-1,-1,-1
493,476,5647.59716796875,802.7631225585938,77.54052734375,100.77911376953125,0.6952321529388428,-1,-1,-1
493,532,4529.5908203125,594.7423706054688,28.47509765625,52.93670654296875,0.38116681575775146,-1,-1,-1
493,573,4168.8603515625,589.2667846679688,24.35009765625,48.70147705078125,0.4855756163597107,-1,-1,-1
493,428,4649.74267578125,645.4888916015625,31.34326171875,60.95562744140625,0.38128751516342163,-1,-1,-1
494,519,4097.0615234375,680.2384643554688,28.283203125,72.98724365234375,0.745841920375824,-1,-1,-1
494,490,3068.935546875,516.7999267578125,18.599609375,41.806396484375,0.3415859043598175,-1,-1,-1
494,476,5646.90380859375,803.3786010742188,75.56591796875,99.49444580078125,0.6359120607376099,-1,-1,-1
494,532,4530.67529296875,595.06640625,28.1572265625,52.3934326171875,0.35907578468322754,-1,-1,-1
494,573,4170.17626953125,590.846435546875,24.62841796875,47.60845947265625,0.5027379989624023,-1,-1,-1
494,428,4649.84423828125,645.5640869140625,29.60791015625,60.895263671875,0.36876049637794495,-1,-1,-1
494,2,3835.327392578125,635.9248046875,26.424072265625,54.38671875,0.3283975422382355,-1,-1,-1
495,519,4090.66357421875,680.47509765625,33.5380859375,72.88629150390625,0.7457952499389648,-1,-1,-1
495,490,3068.982421875,516.7725830078125,18.716064453125,42.004638671875,0.3906260132789612,-1,-1,-1
495,476,5643.87744140625,802.933349609375,74.52001953125,98.7216796875,0.7589559555053711,-1,-1,-1
495,532,4532.3173828125,595.0784301757812,27.283203125,52.769287109375,0.4084605276584625,-1,-1,-1
495,573,4171.81591796875,591.7609252929688,24.2490234375,46.93524169921875,0.5769743919372559,-1,-1,-1
495,428,4649.8564453125,645.5879516601562,28.40185546875,60.76776123046875,0.4132847189903259,-1,-1,-1
495,2,3832.931396484375,634.5958862304688,27.36083984375,55.26385498046875,0.3227965235710144,-1,-1,-1
496,519,4086.297119140625,680.5531005859375,37.301513671875,73.5562744140625,0.7291276454925537,-1,-1,-1
496,490,3069.1435546875,516.9157104492188,18.591064453125,42.08709716796875,0.38242295384407043,-1,-1,-1
496,476,5641.97900390625,802.130126953125,72.6845703125,98.853271484375,0.7208126783370972,-1,-1,-1
496,532,4533.29052734375,595.708251953125,26.8154296875,52.3692626953125,0.3353744447231293,-1,-1,-1
496,573,4173.2568359375,592.6544189453125,23.84326171875,44.45819091796875,0.5772076845169067,-1,-1,-1
496,428,4649.12744140625,645.4703979492188,28.658203125,62.161376953125,0.3911093771457672,-1,-1,-1
496,2,3828.133544921875,633.3121948242188,27.7119140625,58.14947509765625,0.534927248954773,-1,-1,-1
496,613,4233.083984375,544.41943359375,17.541015625,36.7972412109375,0.3510720431804657,-1,-1,-1
497,519,4081.851806640625,680.30224609375,41.350830078125,73.81658935546875,0.6845501065254211,-1,-1,-1
497,490,3069.014892578125,517.4912109375,18.94384765625,41.33306884765625,0.3726624846458435,-1,-1,-1
497,476,5640.14111328125,801.2982177734375,70.18017578125,99.86175537109375,0.7426374554634094,-1,-1,-1
497,532,4534.60546875,595.5787353515625,26.033203125,52.73028564453125,0.2815497815608978,-1,-1,-1
497,573,4174.541015625,591.955322265625,23.14404296875,45.1824951171875,0.6277629733085632,-1,-1,-1
497,428,4648.0732421875,644.9872436523438,30.3623046875,63.333251953125,0.46700286865234375,-1,-1,-1
497,2,3823.9326171875,631.2775268554688,28.267822265625,60.91363525390625,0.6411303877830505,-1,-1,-1
497,613,4233.8623046875,549.2314453125,16.62353515625,32.100341796875,0.32318127155303955,-1,-1,-1
498,519,4079.978515625,680.07568359375,42.685546875,74.1654052734375,0.633741021156311,-1,-1,-1
498,490,3068.96923828125,517.776611328125,19.142333984375,41.1094970703125,0.3444802463054657,-1,-1,-1
498,476,5636.14892578125,799.0149536132812,69.732421875,101.0323486328125,0.5125679969787598,-1,-1,-1
498,532,4537.31787109375,594.7862548828125,26.6572265625,53.384521484375,0.27399343252182007,-1,-1,-1
498,573,4175.326171875,590.9068603515625,22.8115234375,46.00531005859375,0.5806710124015808,-1,-1,-1
498,428,4647.59765625,644.3729248046875,30.1328125,63.79180908203125,0.4716862440109253,-1,-1,-1
498,2,3821.6162109375,630.5648803710938,26.39013671875,59.94464111328125,0.6301776766777039,-1,-1,-1
498,613,4234.60205078125,553.33447265625,15.06103515625,28.19598388671875,0.2977001965045929,-1,-1,-1
499,519,4078.4228515625,679.8659057617188,42.37109375,74.624755859375,0.6302670240402222,-1,-1,-1
499,490,3068.959228515625,518.0626220703125,19.24658203125,40.85205078125,0.3206847012042999,-1,-1,-1
499,573,4177.80615234375,590.0913696289062,20.7578125,45.82183837890625,0.6253170371055603,-1,-1,-1
499,428,4647.28271484375,644.3077392578125,29.068359375,63.70391845703125,0.4058786928653717,-1,-1,-1
499,2,3820.320556640625,630.0823974609375,26.081787109375,60.47125244140625,0.6386979818344116,-1,-1,-1
499,613,4235.2724609375,554.9178466796875,14.42138671875,26.61810302734375,0.26762643456459045,-1,-1,-1
500,519,4078.243408203125,680.3265380859375,38.088134765625,71.4422607421875,0.5689520835876465,-1,-1,-1
500,490,3068.978515625,518.1988525390625,19.19775390625,40.65655517578125,0.314891517162323,-1,-1,-1
500,573,4180.572265625,589.8890380859375,18.8447265625,44.39776611328125,0.5985201597213745,-1,-1,-1
500,428,4647.11083984375,644.6117553710938,28.9873046875,63.51861572265625,0.40120041370391846,-1,-1,-1
500,2,3818.09521484375,631.6171264648438,26.687255859375,60.5169677734375,0.6124921441078186,-1,-1,-1
500,476,5613.37451171875,798.6567993164062,89.810546875,101.04791259765625,0.47866642475128174,-1,-1,-1
501,519,4075.4736328125,682.1157836914062,39.2236328125,72.13800048828125,0.5781760811805725,-1,-1,-1
501,490,3069.776123046875,517.951904296875,18.26416015625,41.2276611328125,0.4149816334247589,-1,-1,-1
501,573,4182.2578125,590.8992919921875,17.8740234375,43.90130615234375,0.5237853527069092,-1,-1,-1
501,428,4646.84912109375,645.9232177734375,29.041015625,64.4581298828125,0.4834025502204895,-1,-1,-1
501,2,3816.35546875,632.0108032226562,24.56298828125,59.99945068359375,0.6045693755149841,-1,-1,-1
501,476,5603.80419921875,796.8280029296875,99.314453125,102.98394775390625,0.6375583410263062,-1,-1,-1
501,532,4541.4599609375,594.308349609375,26.26220703125,52.97015380859375,0.3561033606529236,-1,-1,-1
502,519,4073.9150390625,682.9496459960938,35.595703125,70.3035888671875,0.5805229544639587,-1,-1,-1
502,490,3070.236328125,517.8031616210938,17.482421875,41.667236328125,0.43357670307159424,-1,-1,-1
502,573,4183.033203125,591.089111328125,18.431640625,43.98529052734375,0.5379960536956787,-1,-1,-1
502,428,4646.6103515625,647.6093139648438,28.7099609375,63.21307373046875,0.4633435904979706,-1,-1,-1
502,2,3814.771728515625,630.123046875,23.580078125,61.32537841796875,0.6005798578262329,-1,-1,-1
502,476,5595.2607421875,795.75830078125,108.9384765625,104.14263916015625,0.6796447038650513,-1,-1,-1
502,532,4543.40625,594.1954345703125,25.37841796875,52.87286376953125,0.3087505102157593,-1,-1,-1
503,519,4074.21923828125,682.7940063476562,29.1015625,68.93707275390625,0.5100186467170715,-1,-1,-1
503,490,3070.33251953125,517.6826782226562,17.33349609375,41.82427978515625,0.4066098630428314,-1,-1,-1
503,573,4183.27685546875,591.5050048828125,19.5927734375,43.26446533203125,0.48855018615722656,-1,-1,-1
503,428,4646.33740234375,649.1498413085938,28.7333984375,61.6939697265625,0.3868459165096283,-1,-1,-1
503,2,3813.475830078125,628.2564086914062,22.43994140625,62.31982421875,0.5387254953384399,-1,-1,-1
503,476,5588.3017578125,795.7171020507812,117.78125,102.542724609375,0.6812723875045776,-1,-1,-1
503,532,4545.94189453125,594.0198364257812,24.5615234375,52.5888671875,0.27850142121315,-1,-1,-1
504,519,4072.559326171875,680.7425537109375,25.884521484375,69.92724609375,0.5660704970359802,-1,-1,-1
504,490,3070.392333984375,517.4679565429688,17.191162109375,42.11962890625,0.39304542541503906,-1,-1,-1
504,573,4183.42822265625,591.3185424804688,21.26513671875,43.24517822265625,0.46248629689216614,-1,-1,-1
504,428,4646.40380859375,650.6642456054688,28.23876953125,59.96502685546875,0.36137697100639343,-1,-1,-1
504,2,3811.296875,627.4356079101562,23.357421875,64.38592529296875,0.502082109451294,-1,-1,-1
504,476,5584.3193359375,796.2937622070312,122.9873046875,101.1668701171875,0.6550019383430481,-1,-1,-1
504,532,4547.1357421875,594.514892578125,24.8154296875,52.2359619140625,0.3123745322227478,-1,-1,-1
504,627,3974.552978515625,508.2100830078125,17.693359375,39.35260009765625,0.360818475484848,-1,-1,-1
505,519,4072.550537109375,678.1133422851562,25.247314453125,72.79632568359375,0.5871403217315674,-1,-1,-1
505,490,3070.118896484375,517.665771484375,17.6630859375,41.85955810546875,0.3641872704029083,-1,-1,-1
505,573,4183.5615234375,590.7421875,22.7255859375,44.331787109375,0.4099775552749634,-1,-1,-1
505,428,4646.341796875,651.3458862304688,28.283203125,58.60772705078125,0.32406070828437805,-1,-1,-1
505,2,3808.959228515625,627.4767456054688,24.3544921875,65.82781982421875,0.5598352551460266,-1,-1,-1
505,476,5583.234375,796.6641845703125,124.10595703125,100.63446044921875,0.5735490322113037,-1,-1,-1
505,532,4548.65771484375,595.3209838867188,25.103515625,51.47119140625,0.38172608613967896,-1,-1,-1
505,627,3973.95458984375,509.82000732421875,17.166259765625,37.85137939453125,0.4015384912490845,-1,-1,-1
506,519,4070.501708984375,677.1318969726562,25.942626953125,73.8900146484375,0.6958138942718506,-1,-1,-1
506,490,3069.78076171875,517.9031372070312,18.012939453125,41.60345458984375,0.3588815927505493,-1,-1,-1
506,573,4183.63916015625,590.4368286132812,23.3359375,44.000732421875,0.36433303356170654,-1,-1,-1
506,428,4645.4111328125,651.2969970703125,30.5771484375,59.89129638671875,0.3837665915489197,-1,-1,-1
506,2,3805.321044921875,628.7982788085938,25.293212890625,66.3939208984375,0.5507212281227112,-1,-1,-1
506,476,5603.744140625,797.530029296875,103.15087890625,99.083984375,0.5183054804801941,-1,-1,-1
506,532,4549.60302734375,596.1986694335938,25.7509765625,51.0531005859375,0.42724257707595825,-1,-1,-1
506,627,3973.419677734375,510.71063232421875,17.432861328125,37.34942626953125,0.44683000445365906,-1,-1,-1
507,519,4067.624755859375,677.1499633789062,26.634765625,73.80682373046875,0.7012406587600708,-1,-1,-1
507,490,3069.56494140625,518.1749877929688,18.155029296875,41.26568603515625,0.34416571259498596,-1,-1,-1
507,573,4183.7216796875,590.013916015625,23.640625,44.09857177734375,0.287969172000885,-1,-1,-1
507,428,4644.68017578125,651.1142578125,32.11669921875,61.74481201171875,0.409044086933136,-1,-1,-1
507,2,3802.8359375,628.0988159179688,25.406005859375,64.5399169921875,0.5149258375167847,-1,-1,-1
507,476,5612.68896484375,799.2845458984375,91.9716796875,97.41925048828125,0.5097123384475708,-1,-1,-1
507,532,4549.9697265625,596.2377319335938,26.25634765625,50.5316162109375,0.3907514214515686,-1,-1,-1
507,627,3972.8515625,510.9652404785156,17.619140625,37.852264404296875,0.42145633697509766,-1,-1,-1
508,519,4064.263427734375,677.6249389648438,27.52587890625,74.437255859375,0.7435954809188843,-1,-1,-1
508,490,3069.281494140625,518.3101196289062,18.32861328125,40.91400146484375,0.3241552710533142,-1,-1,-1
508,428,4642.5703125,650.337158203125,33.47607421875,63.7252197265625,0.4570145905017853,-1,-1,-1
508,2,3801.625732421875,626.443115234375,23.752685546875,64.2066650390625,0.5631434917449951,-1,-1,-1
508,476,5614.912109375,800.4358520507812,84.24267578125,96.30645751953125,0.5426003336906433,-1,-1,-1
508,532,4551.0625,596.8760986328125,25.658203125,50.261962890625,0.4226541519165039,-1,-1,-1
508,627,3971.96142578125,510.2963562011719,17.023681640625,38.321990966796875,0.38699495792388916,-1,-1,-1
509,519,4061.137451171875,678.057373046875,29.072998046875,74.34600830078125,0.7655242085456848,-1,-1,-1
509,490,3069.16064453125,518.2571411132812,18.42724609375,40.728271484375,0.33009088039398193,-1,-1,-1
509,428,4641.376953125,650.25830078125,34.4677734375,64.16900634765625,0.4744846522808075,-1,-1,-1
509,2,3798.272216796875,627.7183227539062,23.4228515625,62.1572265625,0.6539280414581299,-1,-1,-1
509,476,5614.22119140625,800.3059692382812,78.69873046875,96.24871826171875,0.6082041263580322,-1,-1,-1
509,532,4551.45458984375,596.7800903320312,25.52197265625,51.92999267578125,0.4057377278804779,-1,-1,-1
509,627,3971.101806640625,510.21697998046875,16.851806640625,37.6983642578125,0.3877048194408417,-1,-1,-1
510,519,4057.542724609375,677.52978515625,32.255126953125,74.932373046875,0.726482093334198,-1,-1,-1
510,490,3069.009521484375,517.9295043945312,18.571044921875,41.2724609375,0.33616727590560913,-1,-1,-1
510,428,4641.123046875,650.5811157226562,33.5615234375,64.37322998046875,0.5163904428482056,-1,-1,-1
510,2,3795.208740234375,628.8104858398438,24.22412109375,62.7894287109375,0.6503658294677734,-1,-1,-1
510,476,5583.78857421875,800.2989501953125,103.802734375,95.88861083984375,0.6327946186065674,-1,-1,-1
510,532,4552.0458984375,596.3892211914062,25.37939453125,52.07305908203125,0.4414098858833313,-1,-1,-1
510,627,3970.4716796875,510.09332275390625,17.35693359375,36.93780517578125,0.38943010568618774,-1,-1,-1
511,519,4054.0947265625,677.243408203125,34.944091796875,75.80938720703125,0.7113882899284363,-1,-1,-1
511,490,3069.1005859375,517.8974609375,18.376220703125,41.53851318359375,0.3365718722343445,-1,-1,-1
511,428,4640.8115234375,650.7115478515625,32.35888671875,66.8924560546875,0.530454695224762,-1,-1,-1
511,2,3792.486083984375,628.8416748046875,25.83203125,64.5091552734375,0.7239944338798523,-1,-1,-1
511,476,5568.33203125,799.1129760742188,112.63671875,98.323974609375,0.5755440592765808,-1,-1,-1
511,532,4552.2265625,596.5640258789062,25.3291015625,54.25238037109375,0.4887792766094208,-1,-1,-1
511,627,3969.84521484375,509.55029296875,17.674072265625,36.959228515625,0.3826545476913452,-1,-1,-1
511,640,4241.6083984375,563.3336791992188,16.58056640625,25.13629150390625,0.3449203670024872,-1,-1,-1
512,519,4051.45556640625,677.9147338867188,36.76025390625,76.025390625,0.7003088593482971,-1,-1,-1
512,490,3069.092041015625,518.2071533203125,18.239501953125,41.11370849609375,0.3124676048755646,-1,-1,-1
512,428,4640.41943359375,652.6340942382812,32.3271484375,66.0496826171875,0.4473920464515686,-1,-1,-1
512,2,3790.904541015625,632.703125,24.71240234375,59.060791015625,0.558541476726532,-1,-1,-1
512,476,5558.02490234375,798.3250732421875,117.302734375,100.412109375,0.6155228614807129,-1,-1,-1
512,532,4552.97607421875,597.1278686523438,24.4345703125,52.58807373046875,0.3918238878250122,-1,-1,-1
512,627,3969.29833984375,507.80047607421875,17.98779296875,39.16650390625,0.36547788977622986,-1,-1,-1
512,640,4241.79736328125,563.989501953125,16.68603515625,24.361083984375,0.33678174018859863,-1,-1,-1
513,519,4051.1904296875,678.8463134765625,36.332275390625,74.5748291015625,0.6447787880897522,-1,-1,-1
513,490,3069.173095703125,518.4293823242188,18.25048828125,40.55908203125,0.2988358736038208,-1,-1,-1
513,428,4640.34423828125,653.1077270507812,30.75927734375,66.26507568359375,0.44398874044418335,-1,-1,-1
513,2,3788.667236328125,634.83251953125,24.5224609375,55.63507080078125,0.5040816068649292,-1,-1,-1
513,476,5548.537109375,798.55419921875,121.771484375,100.90289306640625,0.4718111455440521,-1,-1,-1
513,532,4553.0986328125,598.2589111328125,24.25390625,50.8968505859375,0.3458487391471863,-1,-1,-1
513,627,3968.91845703125,506.02264404296875,18.29443359375,40.77520751953125,0.36704692244529724,-1,-1,-1
513,640,4243.01513671875,566.5821533203125,15.52392578125,21.563720703125,0.30446186661720276,-1,-1,-1
513,647,4184.708984375,584.500732421875,21.884765625,56.49267578125,0.3178011178970337,-1,-1,-1
514,519,4050.005615234375,679.3572998046875,35.20361328125,73.62591552734375,0.588918149471283,-1,-1,-1
514,490,3069.0029296875,518.5123901367188,18.41259765625,39.70166015625,0.2911747992038727,-1,-1,-1
514,428,4640.26025390625,653.6331176757812,29.86083984375,65.38763427734375,0.37910932302474976,-1,-1,-1
514,2,3785.367919921875,635.8750610351562,25.408203125,53.5050048828125,0.46307748556137085,-1,-1,-1
514,476,5545.431640625,798.2849731445312,122.1103515625,100.96453857421875,0.5078601241111755,-1,-1,-1
514,532,4553.4111328125,599.0934448242188,24.0087890625,48.66619873046875,0.31260326504707336,-1,-1,-1
514,627,3968.3173828125,505.47760009765625,18.20263671875,41.06304931640625,0.31509122252464294,-1,-1,-1
514,640,4243.64501953125,566.4940185546875,15.70361328125,21.94427490234375,0.3383852541446686,-1,-1,-1
514,647,4185.0078125,585.2011108398438,21.552734375,56.11334228515625,0.34460291266441345,-1,-1,-1
515,519,4048.81494140625,679.678955078125,33.73583984375,72.96478271484375,0.5197734236717224,-1,-1,-1
515,490,3068.903076171875,518.4580078125,18.31689453125,38.81817626953125,0.27120673656463623,-1,-1,-1
515,428,4640.06201171875,653.5852661132812,29.443359375,65.11383056640625,0.400961697101593,-1,-1,-1
515,2,3782.70556640625,636.4652709960938,26.946044921875,52.47589111328125,0.37841176986694336,-1,-1,-1
515,476,5543.40673828125,797.7011108398438,120.65283203125,100.51910400390625,0.4930892586708069,-1,-1,-1
515,532,4554.12158203125,599.3844604492188,23.59375,48.13934326171875,0.29293501377105713,-1,-1,-1
515,627,3967.599609375,505.19439697265625,18.563232421875,41.83056640625,0.260447233915329,-1,-1,-1
515,640,4243.796875,566.9437255859375,16.1982421875,21.9510498046875,0.2980826497077942,-1,-1,-1
515,647,4185.47998046875,586.7034301757812,21.45166015625,54.36846923828125,0.3199302554130554,-1,-1,-1
516,519,4047.169921875,679.4222412109375,33.502197265625,73.8475341796875,0.5701220631599426,-1,-1,-1
516,490,3068.665283203125,518.5618286132812,18.122802734375,37.59735107421875,0.256308376789093,-1,-1,-1
516,428,4639.98193359375,653.0286254882812,28.2470703125,66.2044677734375,0.4090939164161682,-1,-1,-1
516,2,3779.74609375,635.665771484375,29.909912109375,57.93988037109375,0.3243725895881653,-1,-1,-1
516,476,5554.58935546875,798.1493530273438,105.6064453125,99.92279052734375,0.525881826877594,-1,-1,-1
516,532,4555.2001953125,598.9409790039062,23.16259765625,48.7945556640625,0.2913353443145752,-1,-1,-1
516,640,4243.79541015625,569.3212280273438,15.482421875,19.57952880859375,0.2748776972293854,-1,-1,-1
516,647,4186.32275390625,587.27197265625,21.35595703125,54.07891845703125,0.3542160987854004,-1,-1,-1
517,519,4045.85009765625,679.0388793945312,32.842529296875,73.276123046875,0.526098370552063,-1,-1,-1
517,490,3068.58984375,518.6691284179688,18.05078125,36.64630126953125,0.2689698338508606,-1,-1,-1
517,428,4639.6259765625,652.4231567382812,27.80517578125,65.4498291015625,0.41101112961769104,-1,-1,-1
517,2,3778.733154296875,634.2550048828125,29.52001953125,58.71600341796875,0.3076877295970917,-1,-1,-1
517,476,5568.24365234375,798.7254638671875,89.81787109375,98.91973876953125,0.5895937085151672,-1,-1,-1
517,532,4557.474609375,599.572998046875,21.4296875,47.08575439453125,0.27033212780952454,-1,-1,-1
517,640,4244.212890625,570.781005859375,15.26806640625,18.2152099609375,0.2954203188419342,-1,-1,-1
517,647,4186.58544921875,586.5435180664062,21.31201171875,54.7523193359375,0.37466925382614136,-1,-1,-1
517,652,3868.426513671875,570.3407592773438,21.2919921875,36.582275390625,0.3319283425807953,-1,-1,-1
518,519,4045.44482421875,679.6303100585938,29.4130859375,71.669189453125,0.5682315230369568,-1,-1,-1
518,490,3068.235595703125,518.59912109375,18.2587890625,36.44024658203125,0.2806108891963959,-1,-1,-1
518,428,4639.22265625,652.5836181640625,27.416015625,67.1280517578125,0.4327820837497711,-1,-1,-1
518,2,3776.278564453125,632.5618896484375,26.4443359375,58.0860595703125,0.38809677958488464,-1,-1,-1
518,476,5566.83935546875,800.3424072265625,87.806640625,95.923583984375,0.6876470446586609,-1,-1,-1
518,640,4244.38037109375,569.2157592773438,16.736328125,19.7086181640625,0.30081456899642944,-1,-1,-1
518,647,4186.884765625,586.3623657226562,20.98876953125,54.7646484375,0.321262925863266,-1,-1,-1
518,652,3870.802001953125,570.798583984375,19.9765625,36.93597412109375,0.3015905022621155,-1,-1,-1
519,519,4044.114013671875,679.4274291992188,28.13037109375,70.88421630859375,0.6868607997894287,-1,-1,-1
519,490,3068.087158203125,518.5030517578125,18.38671875,36.59613037109375,0.28809356689453125,-1,-1,-1
519,428,4638.546875,652.9808959960938,27.40380859375,68.30792236328125,0.46265915036201477,-1,-1,-1
519,2,3775.187255859375,630.6832275390625,24.0263671875,58.577392578125,0.5738230347633362,-1,-1,-1
519,476,5560.33837890625,800.2837524414062,91.8857421875,95.3175048828125,0.7392265796661377,-1,-1,-1
519,640,4245.21337890625,568.5379028320312,16.541015625,20.41253662109375,0.31016993522644043,-1,-1,-1
519,647,4187.24462890625,587.000732421875,20.3955078125,53.99310302734375,0.30924397706985474,-1,-1,-1
519,652,3872.74462890625,570.1298217773438,19.8701171875,38.23712158203125,0.3149396479129791,-1,-1,-1
520,519,4043.488037109375,680.1740112304688,27.549560546875,69.9267578125,0.6893445253372192,-1,-1,-1
520,490,3068.207275390625,518.538818359375,18.263671875,36.50994873046875,0.258320689201355,-1,-1,-1
520,428,4637.9248046875,653.8983154296875,27.60205078125,67.48675537109375,0.4180355370044708,-1,-1,-1
520,2,3774.01806640625,628.8487548828125,22.196044921875,60.354736328125,0.6254130601882935,-1,-1,-1
520,476,5554.28076171875,800.4239501953125,95.9072265625,95.17486572265625,0.7982531785964966,-1,-1,-1
520,640,4246.01953125,568.3383178710938,16.203125,20.83453369140625,0.2846290171146393,-1,-1,-1
520,647,4187.80029296875,588.6077880859375,20.2919921875,52.25994873046875,0.29853662848472595,-1,-1,-1
520,652,3874.848876953125,569.9214477539062,19.615478515625,37.95745849609375,0.3480053246021271,-1,-1,-1
521,519,4040.95166015625,680.7992553710938,28.706298828125,68.8231201171875,0.6299155354499817,-1,-1,-1
521,428,4636.83642578125,654.1116943359375,28.171875,68.13385009765625,0.4132663607597351,-1,-1,-1
521,2,3771.167724609375,627.6997680664062,22.359130859375,61.3641357421875,0.6380558013916016,-1,-1,-1
521,476,5550.53125,801.1265869140625,95.6591796875,94.74957275390625,0.7792157530784607,-1,-1,-1
521,647,4188.05908203125,589.3521118164062,20.29443359375,51.3837890625,0.27191048860549927,-1,-1,-1
521,652,3876.17431640625,570.69580078125,19.82177734375,37.9873046875,0.3662321865558624,-1,-1,-1
521,532,4562.49365234375,601.8167114257812,21.3857421875,44.83721923828125,0.2825309932231903,-1,-1,-1
522,519,4038.947509765625,680.807373046875,29.441650390625,69.25360107421875,0.6743690967559814,-1,-1,-1
522,428,4636.06494140625,655.2553100585938,29.271484375,68.28717041015625,0.383224219083786,-1,-1,-1
522,2,3770.166748046875,626.4536743164062,21.540771484375,61.67559814453125,0.6363142728805542,-1,-1,-1
522,476,5548.38134765625,801.0946655273438,93.7490234375,94.83197021484375,0.7718750834465027,-1,-1,-1
522,647,4188.6435546875,588.6494750976562,19.96435546875,52.17608642578125,0.2748451828956604,-1,-1,-1
522,652,3877.16259765625,570.2275390625,20.469482421875,39.05755615234375,0.4107905626296997,-1,-1,-1
522,532,4563.5888671875,601.5955810546875,21.56298828125,45.4757080078125,0.27702608704566956,-1,-1,-1
523,519,4036.72607421875,681.0079956054688,30.398193359375,69.36614990234375,0.6613236665725708,-1,-1,-1
523,428,4635.087890625,658.0814208984375,29.1884765625,65.8065185546875,0.43742555379867554,-1,-1,-1
523,2,3768.500244140625,625.35888671875,22.03662109375,62.00323486328125,0.6730601191520691,-1,-1,-1
523,476,5546.55126953125,801.2682495117188,92.34326171875,94.5291748046875,0.7535649538040161,-1,-1,-1
523,647,4188.9736328125,587.1492919921875,19.68115234375,53.673828125,0.30382588505744934,-1,-1,-1
523,652,3877.0830078125,569.525390625,21.49951171875,39.7833251953125,0.4193410277366638,-1,-1,-1
523,532,4565.02587890625,602.4508056640625,21.71337890625,45.17919921875,0.34885653853416443,-1,-1,-1
523,490,3066.84375,518.6879272460938,19.808349609375,38.4913330078125,0.2613804340362549,-1,-1,-1
523,640,4247.849609375,565.5548706054688,15.84521484375,24.40081787109375,0.26811403036117554,-1,-1,-1
524,519,4035.271484375,680.5877075195312,29.989013671875,71.12738037109375,0.6839834451675415,-1,-1,-1
524,428,4634.548828125,660.6923217773438,30.29248046875,62.67657470703125,0.35027486085891724,-1,-1,-1
524,2,3766.866943359375,624.3134765625,22.175048828125,62.15106201171875,0.6612318158149719,-1,-1,-1
524,476,5543.48974609375,801.3975219726562,92.9462890625,94.2099609375,0.6654055714607239,-1,-1,-1
524,647,4189.1376953125,586.6596069335938,19.86376953125,54.15692138671875,0.29396945238113403,-1,-1,-1
524,652,3878.7021484375,569.8013305664062,20.564697265625,39.4632568359375,0.46099498867988586,-1,-1,-1
524,532,4565.63623046875,603.2982788085938,21.78173828125,44.680419921875,0.3882499635219574,-1,-1,-1
524,640,4248.15185546875,563.684814453125,15.82958984375,26.4027099609375,0.2561885118484497,-1,-1,-1
525,519,4034.051513671875,680.7879028320312,29.227294921875,70.320556640625,0.6369438171386719,-1,-1,-1
525,428,4634.1591796875,662.1028442382812,30.06298828125,60.92803955078125,0.4010363817214966,-1,-1,-1
525,2,3764.404052734375,624.673583984375,22.072509765625,61.5931396484375,0.6619500517845154,-1,-1,-1
525,476,5542.5087890625,800.1634521484375,91.361328125,95.25482177734375,0.6728966236114502,-1,-1,-1
525,647,4189.06689453125,586.0230102539062,20.08935546875,54.7110595703125,0.29641005396842957,-1,-1,-1
525,652,3879.40869140625,569.7913208007812,20.657958984375,41.4530029296875,0.4693443775177002,-1,-1,-1
525,532,4565.625,603.6630859375,23.337890625,45.89581298828125,0.3929203748703003,-1,-1,-1
525,640,4248.3427734375,562.5850830078125,16.083984375,27.6087646484375,0.25297725200653076,-1,-1,-1
526,519,4033.39501953125,680.5023193359375,28.491455078125,71.34722900390625,0.6384581923484802,-1,-1,-1
526,428,4633.84033203125,662.2894897460938,29.806640625,59.71624755859375,0.39383193850517273,-1,-1,-1
526,2,3762.482666015625,623.960205078125,20.778076171875,62.8392333984375,0.6355247497558594,-1,-1,-1
526,476,5540.48583984375,798.2965087890625,91.34130859375,97.28973388671875,0.6653891801834106,-1,-1,-1
526,647,4188.93896484375,585.6670532226562,20.32421875,55.020751953125,0.2972384989261627,-1,-1,-1
526,652,3882.105712890625,570.2110595703125,20.01318359375,41.572021484375,0.4480229616165161,-1,-1,-1
526,532,4566.23388671875,603.3021850585938,24.4970703125,46.79681396484375,0.3829750120639801,-1,-1,-1
526,640,4248.53369140625,561.7670288085938,16.341796875,28.74517822265625,0.2590751051902771,-1,-1,-1
527,519,4031.943115234375,681.3638916015625,28.414794921875,70.7667236328125,0.5587252974510193,-1,-1,-1
527,428,4632.98388671875,663.0393676757812,30.78076171875,58.06915283203125,0.3496529459953308,-1,-1,-1
527,2,3758.919921875,624.2448120117188,22.051025390625,60.92022705078125,0.5373784303665161,-1,-1,-1
527,476,5544.1416015625,798.2927856445312,85.66748046875,96.7869873046875,0.6729312539100647,-1,-1,-1
527,647,4188.77587890625,585.9156494140625,20.7041015625,54.750732421875,0.2674219012260437,-1,-1,-1
527,652,3884.131591796875,570.1535034179688,19.919921875,41.02691650390625,0.3142433762550354,-1,-1,-1
527,532,4566.70849609375,603.605224609375,25.87451171875,47.9500732421875,0.35846608877182007,-1,-1,-1
527,640,4248.60693359375,561.751953125,16.6181640625,29.1700439453125,0.2522572875022888,-1,-1,-1
528,519,4031.135986328125,682.129638671875,28.0791015625,70.6519775390625,0.5187243819236755,-1,-1,-1
528,428,4630.64892578125,663.88330078125,32.64892578125,59.45013427734375,0.31308290362358093,-1,-1,-1
528,2,3756.61083984375,623.0734252929688,23.29638671875,61.181884765625,0.4523204267024994,-1,-1,-1
528,476,5550.4951171875,797.4209594726562,77.0595703125,97.14990234375,0.6192302107810974,-1,-1,-1
528,647,4188.591796875,586.244140625,21.0458984375,54.3426513671875,0.2673685550689697,-1,-1,-1
528,532,4567.455078125,603.5170288085938,26.70947265625,49.01605224609375,0.32603248953819275,-1,-1,-1
529,519,4029.104248046875,683.445068359375,28.98583984375,70.34893798828125,0.4890722334384918,-1,-1,-1
529,428,4629.49365234375,663.4194946289062,33.27392578125,62.5732421875,0.3143892288208008,-1,-1,-1
529,2,3754.16259765625,623.723388671875,24.694580078125,62.57794189453125,0.4617655873298645,-1,-1,-1
529,476,5553.28759765625,796.9927978515625,72.33984375,97.881103515625,0.3043375015258789,-1,-1,-1
529,532,4569.3740234375,605.3046264648438,26.1650390625,47.41748046875,0.27569714188575745,-1,-1,-1
530,519,4026.940185546875,684.7138671875,29.881103515625,69.14691162109375,0.5175629258155823,-1,-1,-1
530,428,4628.10888671875,663.2830200195312,34.00341796875,63.30462646484375,0.3145065903663635,-1,-1,-1
530,2,3751.0458984375,625.6284790039062,26.2392578125,61.1070556640625,0.368098646402359,-1,-1,-1
530,532,4570.58642578125,605.0173950195312,26.36669921875,48.3465576171875,0.3409162759780884,-1,-1,-1
530,490,3065.380615234375,518.6810302734375,19.731689453125,38.1466064453125,0.2602322995662689,-1,-1,-1
530,647,4187.73046875,586.242919921875,21.6669921875,54.22479248046875,0.262675940990448,-1,-1,-1
531,519,4025.493896484375,683.6568603515625,29.31689453125,70.099853515625,0.5774208307266235,-1,-1,-1
531,428,4627.728515625,663.3072509765625,32.99951171875,63.684326171875,0.3174744248390198,-1,-1,-1
531,2,3747.51904296875,627.8018188476562,27.274169921875,56.7862548828125,0.33185845613479614,-1,-1,-1
531,532,4572.07470703125,603.96142578125,26.30615234375,50.05377197265625,0.36599236726760864,-1,-1,-1
531,490,3065.181396484375,518.8379516601562,19.750244140625,37.57452392578125,0.2590774893760681,-1,-1,-1
531,647,4187.45849609375,586.4797973632812,21.7705078125,53.9495849609375,0.256632000207901,-1,-1,-1
531,640,4249.01708984375,555.5714111328125,18.390625,35.30633544921875,0.2828631103038788,-1,-1,-1
532,519,4023.888916015625,682.5673828125,29.09130859375,71.59039306640625,0.6489465236663818,-1,-1,-1
532,428,4627.7021484375,663.606689453125,31.96728515625,63.7012939453125,0.37966853380203247,-1,-1,-1
532,2,3745.279296875,626.7696533203125,27.2578125,57.19207763671875,0.5783814191818237,-1,-1,-1
532,532,4573.2001953125,602.8014526367188,26.294921875,51.3184814453125,0.39900797605514526,-1,-1,-1
532,490,3065.03271484375,518.804443359375,19.662353515625,37.6080322265625,0.31789278984069824,-1,-1,-1
532,647,4186.81005859375,585.1600341796875,21.96044921875,55.4241943359375,0.3018341064453125,-1,-1,-1
532,640,4248.8896484375,558.800048828125,17.4384765625,32.11724853515625,0.29510125517845154,-1,-1,-1
533,519,4022.051025390625,682.6717529296875,29.19482421875,71.71502685546875,0.6690086722373962,-1,-1,-1
533,428,4626.6123046875,664.0518798828125,31.73583984375,64.76324462890625,0.4500636160373688,-1,-1,-1
533,2,3742.484375,627.013427734375,27.2998046875,57.49072265625,0.629331648349762,-1,-1,-1
533,532,4574.318359375,601.33935546875,26.42529296875,52.82958984375,0.4709188938140869,-1,-1,-1
533,490,3064.970458984375,518.879638671875,19.3515625,37.31365966796875,0.3354171812534332,-1,-1,-1
533,647,4186.00830078125,584.6425170898438,22.0751953125,56.19537353515625,0.3490053713321686,-1,-1,-1
533,640,4248.7509765625,559.5989990234375,16.740234375,31.08380126953125,0.3098337650299072,-1,-1,-1
533,476,5515.2255859375,795.95751953125,105.8408203125,98.294189453125,0.4597128927707672,-1,-1,-1
534,519,4020.006591796875,682.394775390625,30.146240234375,72.02142333984375,0.7300560474395752,-1,-1,-1
534,428,4625.638671875,663.8421630859375,31.68603515625,65.942138671875,0.3991832733154297,-1,-1,-1
534,2,3740.44580078125,626.5513305664062,26.69091796875,58.2613525390625,0.6106094121932983,-1,-1,-1
534,532,4575.65283203125,600.4293823242188,26.25341796875,54.7413330078125,0.4462069272994995,-1,-1,-1
534,490,3064.9853515625,519.0402221679688,19.24658203125,37.22784423828125,0.3444637954235077,-1,-1,-1
534,647,4185.20703125,584.4541625976562,21.88720703125,56.65185546875,0.373004674911499,-1,-1,-1
534,640,4248.55029296875,558.1757202148438,16.61376953125,32.13470458984375,0.3367331624031067,-1,-1,-1
534,476,5506.7880859375,796.3104248046875,115.65771484375,97.83837890625,0.6068804264068604,-1,-1,-1
534,652,3892.126708984375,571.2924194335938,22.685546875,40.09124755859375,0.28800085186958313,-1,-1,-1
535,519,4018.534423828125,682.4293823242188,29.4580078125,70.92144775390625,0.6661486029624939,-1,-1,-1
535,428,4624.8212890625,665.2503662109375,31.23583984375,65.12249755859375,0.3883734345436096,-1,-1,-1
535,2,3739.79345703125,625.932373046875,25.679931640625,59.51507568359375,0.6239292025566101,-1,-1,-1
535,532,4576.9345703125,600.776123046875,25.7666015625,54.60040283203125,0.36196383833885193,-1,-1,-1
535,490,3064.7578125,519.1760864257812,19.16259765625,37.06341552734375,0.34687015414237976,-1,-1,-1
535,647,4184.41552734375,584.3763427734375,22.05029296875,56.5430908203125,0.32342463731765747,-1,-1,-1
535,640,4248.49462890625,557.5725708007812,16.46240234375,32.6915283203125,0.3616682291030884,-1,-1,-1
535,476,5501.83203125,796.1287841796875,122.5654296875,98.0986328125,0.6330653429031372,-1,-1,-1
536,519,4017.297119140625,682.7907104492188,29.239013671875,70.82708740234375,0.6146875023841858,-1,-1,-1
536,428,4624.61865234375,665.3604125976562,29.89111328125,64.02569580078125,0.428558349609375,-1,-1,-1
536,2,3739.578857421875,625.4867553710938,24.599609375,59.75128173828125,0.6408630013465881,-1,-1,-1
536,532,4578.02099609375,600.7181396484375,25.083984375,55.614990234375,0.3769015669822693,-1,-1,-1
536,490,3064.367431640625,519.4054565429688,19.108154296875,36.91033935546875,0.3323652148246765,-1,-1,-1
536,647,4183.7060546875,583.750732421875,22.45068359375,56.9471435546875,0.3109528124332428,-1,-1,-1
536,640,4248.0849609375,557.0921020507812,16.697265625,32.62164306640625,0.3830197751522064,-1,-1,-1
536,476,5497.73095703125,796.0136108398438,127.96533203125,98.14044189453125,0.5542229413986206,-1,-1,-1
536,652,3895.990966796875,570.2156982421875,19.82373046875,38.41448974609375,0.3575042188167572,-1,-1,-1
537,519,4015.751953125,680.2240600585938,29.378662109375,73.72833251953125,0.6598929166793823,-1,-1,-1
537,428,4624.42578125,665.3482055664062,29.1982421875,63.99761962890625,0.40506336092948914,-1,-1,-1
537,2,3737.59912109375,624.929443359375,24.73388671875,59.65289306640625,0.6640633940696716,-1,-1,-1
537,532,4578.94287109375,600.6107177734375,24.38330078125,55.26055908203125,0.3709883689880371,-1,-1,-1
537,490,3063.942626953125,519.2140502929688,19.389404296875,37.42645263671875,0.34571367502212524,-1,-1,-1
537,647,4183.19384765625,582.873291015625,22.74755859375,57.8974609375,0.3309973478317261,-1,-1,-1
537,640,4247.63525390625,556.4186401367188,16.8115234375,33.2425537109375,0.4096006751060486,-1,-1,-1
537,476,5489.103515625,796.153076171875,136.623046875,99.0517578125,0.6218851804733276,-1,-1,-1
537,661,3854.81640625,526.4806518554688,15.447998046875,24.9254150390625,0.3320751488208771,-1,-1,-1
537,652,3896.771484375,570.0379028320312,19.351806640625,41.48773193359375,0.4671356976032257,-1,-1,-1
538,519,4013.140869140625,680.1962890625,31.12255859375,73.69952392578125,0.7102214097976685,-1,-1,-1
538,428,4624.18994140625,664.9182739257812,28.80517578125,64.8507080078125,0.3653634786605835,-1,-1,-1
538,2,3736.298828125,623.6610717773438,22.543212890625,59.40728759765625,0.6674994826316833,-1,-1,-1
538,532,4579.87744140625,599.5060424804688,23.69384765625,56.034423828125,0.367901474237442,-1,-1,-1
538,490,3063.11962890625,519.3524169921875,19.45947265625,37.45367431640625,0.3019203245639801,-1,-1,-1
538,647,4182.65625,583.106201171875,22.95166015625,57.91131591796875,0.3438294231891632,-1,-1,-1
538,640,4247.10888671875,555.174072265625,17.0712890625,34.89215087890625,0.4633505642414093,-1,-1,-1
538,476,5482.51123046875,796.3491821289062,143.453125,98.72698974609375,0.567223846912384,-1,-1,-1
538,661,3854.545654296875,526.0079956054688,15.726806640625,25.04534912109375,0.33338409662246704,-1,-1,-1
538,652,3897.56982421875,570.2579345703125,18.67626953125,41.8607177734375,0.4963222146034241,-1,-1,-1
539,519,4011.551025390625,681.203857421875,31.754150390625,72.392333984375,0.6980428695678711,-1,-1,-1
539,428,4623.4482421875,665.173095703125,28.3701171875,65.210205078125,0.2762294411659241,-1,-1,-1
539,2,3735.481201171875,623.145751953125,21.61669921875,60.11956787109375,0.6708555817604065,-1,-1,-1
539,532,4580.82666015625,599.7070922851562,22.94287109375,55.97540283203125,0.33136606216430664,-1,-1,-1
539,490,3062.56787109375,519.5726928710938,19.552978515625,37.51385498046875,0.3063511252403259,-1,-1,-1
539,647,4182.7802734375,586.039794921875,23.6611328125,52.91668701171875,0.34329754114151,-1,-1,-1
539,640,4246.39501953125,554.788330078125,16.95849609375,35.3409423828125,0.4860808253288269,-1,-1,-1
539,476,5512.7802734375,796.649169921875,111.712890625,98.650634765625,0.4722435176372528,-1,-1,-1
539,661,3854.626708984375,526.5267944335938,15.701904296875,24.084228515625,0.3350004255771637,-1,-1,-1
539,652,3898.524658203125,570.1214599609375,17.76806640625,41.88787841796875,0.4539170563220978,-1,-1,-1
540,519,4010.62060546875,681.467041015625,30.828125,72.588134765625,0.7179349660873413,-1,-1,-1
540,428,4622.80419921875,664.5447998046875,28.912109375,66.2548828125,0.4695030450820923,-1,-1,-1
540,2,3735.072998046875,623.2793579101562,19.74169921875,58.14190673828125,0.5887601971626282,-1,-1,-1
540,532,4580.140625,597.0738525390625,25.31640625,59.2366943359375,0.2881929278373718,-1,-1,-1
540,490,3062.224853515625,519.5224609375,19.42578125,37.906494140625,0.3296174705028534,-1,-1,-1
540,647,4182.7470703125,587.273681640625,23.13134765625,51.12774658203125,0.4234144687652588,-1,-1,-1
540,640,4245.810546875,554.498046875,17.13671875,35.6383056640625,0.4695018231868744,-1,-1,-1
540,476,5527.6044921875,796.79931640625,94.53955078125,98.2789306640625,0.4593859016895294,-1,-1,-1
540,661,3854.439697265625,528.5426635742188,15.794921875,23.3779296875,0.3600357174873352,-1,-1,-1
540,652,3899.082763671875,570.3948364257812,17.796630859375,40.4862060546875,0.5262627601623535,-1,-1,-1
541,519,4010.212890625,682.053955078125,29.58544921875,72.66632080078125,0.6806080937385559,-1,-1,-1
541,428,4622.044921875,665.26953125,28.4716796875,65.5067138671875,0.43892645835876465,-1,-1,-1
541,2,3734.276123046875,622.0321655273438,19.2275390625,53.90289306640625,0.49511805176734924,-1,-1,-1
541,532,4580.6787109375,596.868896484375,25.76806640625,60.401123046875,0.3050210475921631,-1,-1,-1
541,490,3061.923828125,519.3309326171875,19.261962890625,38.1754150390625,0.34023627638816833,-1,-1,-1
541,647,4182.72119140625,587.9978637695312,22.4306640625,49.06170654296875,0.44066187739372253,-1,-1,-1
541,640,4245.20361328125,554.52392578125,17.18701171875,35.71502685546875,0.4788872301578522,-1,-1,-1
541,476,5532.17236328125,796.9043579101562,85.55078125,99.39154052734375,0.5226975679397583,-1,-1,-1
541,661,3854.439208984375,529.7666625976562,15.71875,22.56341552734375,0.325546532869339,-1,-1,-1
541,652,3899.658203125,569.96923828125,17.66845703125,39.52642822265625,0.47856226563453674,-1,-1,-1
542,519,4008.611083984375,681.1743774414062,29.7490234375,74.28704833984375,0.6965687274932861,-1,-1,-1
542,428,4621.19775390625,666.0736694335938,28.16455078125,64.82061767578125,0.41035839915275574,-1,-1,-1
542,2,3730.01904296875,620.3953857421875,22.47021484375,57.98846435546875,0.3359495997428894,-1,-1,-1
542,532,4581.75341796875,596.4934692382812,26.623046875,61.693603515625,0.31979095935821533,-1,-1,-1
542,490,3061.658935546875,519.2996826171875,19.102294921875,37.92608642578125,0.3429012894630432,-1,-1,-1
542,647,4182.681640625,588.3304443359375,21.58740234375,49.2213134765625,0.464445024728775,-1,-1,-1
542,640,4244.6201171875,555.1552734375,17.15478515625,35.24310302734375,0.47183918952941895,-1,-1,-1
542,476,5532.33984375,796.906982421875,80.41064453125,99.57513427734375,0.4557131826877594,-1,-1,-1
542,661,3854.247314453125,530.246826171875,15.6728515625,22.82196044921875,0.35063135623931885,-1,-1,-1
542,652,3900.500244140625,569.4267578125,17.706787109375,39.238525390625,0.48219212889671326,-1,-1,-1
543,519,4008.224365234375,680.5062255859375,28.47314453125,74.828125,0.6619625687599182,-1,-1,-1
543,428,4619.88818359375,666.0732421875,28.46240234375,66.78814697265625,0.43839794397354126,-1,-1,-1
543,2,3727.09228515625,618.4716186523438,24.81396484375,60.8040771484375,0.2797166407108307,-1,-1,-1
543,532,4583.62841796875,597.3653564453125,26.61962890625,60.82769775390625,0.3028343617916107,-1,-1,-1
543,490,3061.0166015625,519.377685546875,19.700439453125,37.4918212890625,0.3338102102279663,-1,-1,-1
543,647,4182.623046875,588.5663452148438,20.8837890625,47.5584716796875,0.43488791584968567,-1,-1,-1
543,640,4243.56298828125,555.4074096679688,17.52197265625,34.74530029296875,0.46233993768692017,-1,-1,-1
543,661,3854.059814453125,530.116455078125,15.6689453125,23.211181640625,0.34292879700660706,-1,-1,-1
543,652,3901.3447265625,569.26708984375,17.9873046875,38.55133056640625,0.45749837160110474,-1,-1,-1
544,519,4007.356689453125,680.4205932617188,27.375244140625,74.4530029296875,0.6423965096473694,-1,-1,-1
544,428,4619.1982421875,665.7047729492188,28.44677734375,68.5943603515625,0.4432089924812317,-1,-1,-1
544,532,4584.96533203125,597.1307983398438,26.9443359375,60.52728271484375,0.2662722170352936,-1,-1,-1
544,490,3060.54296875,519.7400512695312,19.797607421875,36.7435302734375,0.2891766130924225,-1,-1,-1
544,647,4182.50048828125,588.817626953125,20.25390625,47.15264892578125,0.4681941270828247,-1,-1,-1
544,640,4242.8251953125,555.8385009765625,17.46240234375,33.99859619140625,0.4331865906715393,-1,-1,-1
544,661,3853.9228515625,529.2314453125,15.620361328125,24.26824951171875,0.3651317358016968,-1,-1,-1
544,652,3902.324462890625,569.0079956054688,18.24072265625,38.32391357421875,0.4520566761493683,-1,-1,-1
545,519,4006.276123046875,680.1657104492188,26.905517578125,75.0401611328125,0.6342130303382874,-1,-1,-1
545,428,4618.74462890625,667.3390502929688,29.1044921875,68.3544921875,0.46277981996536255,-1,-1,-1
545,490,3060.17578125,519.5775756835938,19.758056640625,36.8089599609375,0.26637861132621765,-1,-1,-1
545,647,4182.318359375,588.85986328125,19.8212890625,46.29351806640625,0.41009387373924255,-1,-1,-1
545,640,4242.34130859375,556.7061767578125,17.48974609375,33.06121826171875,0.4229791462421417,-1,-1,-1
545,661,3853.497314453125,528.8026733398438,15.918701171875,24.59423828125,0.37682396173477173,-1,-1,-1
545,652,3902.8583984375,569.0654296875,18.390869140625,38.1820068359375,0.44130241870880127,-1,-1,-1
545,2,3722.869873046875,620.1484375,23.93408203125,58.28582763671875,0.36969098448753357,-1,-1,-1
546,519,4005.592529296875,680.7772216796875,25.178466796875,74.33428955078125,0.549665093421936,-1,-1,-1
546,428,4618.43408203125,668.0675048828125,29.4560546875,67.87493896484375,0.43254438042640686,-1,-1,-1
546,647,4181.85888671875,588.9180297851562,19.18896484375,45.48077392578125,0.5005897283554077,-1,-1,-1
546,640,4241.93505859375,557.8842163085938,17.59619140625,31.896240234375,0.41291606426239014,-1,-1,-1
546,661,3852.908203125,528.34228515625,16.203857421875,24.593505859375,0.35846632719039917,-1,-1,-1
546,652,3903.806396484375,568.7366333007812,17.658447265625,37.12713623046875,0.44516003131866455,-1,-1,-1
546,2,3721.658447265625,621.5723876953125,23.036376953125,58.2874755859375,0.5304356813430786,-1,-1,-1
547,519,4004.03369140625,681.1420288085938,24.59423828125,73.15142822265625,0.5157768726348877,-1,-1,-1
547,428,4617.96826171875,668.4395141601562,30.1015625,68.50152587890625,0.4770427644252777,-1,-1,-1
547,647,4181.537109375,588.961669921875,18.73828125,45.69244384765625,0.5161886811256409,-1,-1,-1
547,640,4241.37109375,558.3499755859375,17.77099609375,31.4071044921875,0.4214272201061249,-1,-1,-1
547,661,3852.470458984375,527.8812255859375,16.388916015625,25.355224609375,0.39290866255760193,-1,-1,-1
547,652,3904.201904296875,568.83154296875,18.25048828125,36.01861572265625,0.43338537216186523,-1,-1,-1
547,2,3719.766357421875,623.3522338867188,22.3212890625,57.31182861328125,0.661186933517456,-1,-1,-1
547,476,5523.72607421875,797.8938598632812,68.94482421875,95.20062255859375,0.3098285496234894,-1,-1,-1
548,519,4001.822265625,680.6341552734375,24.718017578125,73.55096435546875,0.5451873540878296,-1,-1,-1
548,428,4617.79736328125,668.4502563476562,30.62939453125,69.3541259765625,0.469277948141098,-1,-1,-1
548,647,4181.48291015625,588.9262084960938,18.408203125,45.5816650390625,0.5152875781059265,-1,-1,-1
548,640,4241.37841796875,558.3034057617188,17.224609375,31.444091796875,0.4227607548236847,-1,-1,-1
548,661,3852.208984375,527.8626708984375,16.141357421875,25.656005859375,0.3767429292201996,-1,-1,-1
548,652,3904.510009765625,569.0692749023438,18.579833984375,35.99493408203125,0.4605225622653961,-1,-1,-1
548,2,3717.166259765625,624.271484375,22.606689453125,56.80133056640625,0.7004079222679138,-1,-1,-1
548,476,5521.3671875,797.6307983398438,68.47705078125,94.75146484375,0.45276641845703125,-1,-1,-1
549,519,3999.262451171875,680.4552612304688,26.082763671875,73.74163818359375,0.58201003074646,-1,-1,-1
549,428,4617.17724609375,667.9810180664062,31.0419921875,70.03240966796875,0.4558866620063782,-1,-1,-1
549,647,4181.38037109375,588.9219360351562,17.83203125,44.8992919921875,0.505255401134491,-1,-1,-1
549,640,4240.970703125,558.72021484375,17.1748046875,30.833984375,0.4042777419090271,-1,-1,-1
549,661,3851.60205078125,529.7695922851562,16.441162109375,24.30096435546875,0.3058900535106659,-1,-1,-1
549,652,3905.028076171875,569.149658203125,18.607421875,36.28009033203125,0.45172396302223206,-1,-1,-1
549,2,3715.727294921875,624.9806518554688,21.994140625,55.900390625,0.6783049702644348,-1,-1,-1
549,476,5520.263671875,797.7196655273438,66.912109375,94.98828125,0.5135716199874878,-1,-1,-1
550,519,3995.675048828125,679.9599609375,28.55615234375,75.05853271484375,0.5658430457115173,-1,-1,-1
550,428,4616.03759765625,667.8753051757812,30.92431640625,70.20587158203125,0.4227650463581085,-1,-1,-1
550,647,4181.2578125,588.9737548828125,17.4873046875,45.0496826171875,0.4871715009212494,-1,-1,-1
550,640,4240.2783203125,558.7720947265625,17.5244140625,31.00653076171875,0.3825053870677948,-1,-1,-1
550,661,3851.092041015625,530.7434692382812,16.388916015625,23.44378662109375,0.29486215114593506,-1,-1,-1
550,652,3905.111328125,568.5951538085938,18.509033203125,36.66925048828125,0.4333873689174652,-1,-1,-1
550,2,3714.664794921875,625.0946655273438,22.146240234375,54.6505126953125,0.657522439956665,-1,-1,-1
550,476,5492.91796875,797.5084838867188,90.390625,94.7984619140625,0.643774151802063,-1,-1,-1
551,519,3992.59619140625,678.4500122070312,30.408935546875,77.1856689453125,0.605988621711731,-1,-1,-1
551,428,4614.6083984375,668.1893920898438,30.58642578125,69.35302734375,0.3939747214317322,-1,-1,-1
551,647,4181.1123046875,588.9071655273438,17.15625,45.8702392578125,0.4870401918888092,-1,-1,-1
551,640,4239.49267578125,558.0629272460938,18.19580078125,32.0322265625,0.3915621340274811,-1,-1,-1
551,661,3849.39599609375,531.1472778320312,17.803466796875,24.1646728515625,0.2661508619785309,-1,-1,-1
551,652,3904.94384765625,568.0484008789062,18.819580078125,37.38970947265625,0.43103423714637756,-1,-1,-1
551,2,3713.63916015625,623.691650390625,22.745361328125,54.5264892578125,0.6437684297561646,-1,-1,-1
551,476,5486.29736328125,797.5748291015625,94.80615234375,94.498046875,0.7109768390655518,-1,-1,-1
552,519,3990.282470703125,678.5426635742188,29.873291015625,76.6815185546875,0.6998711228370667,-1,-1,-1
552,428,4613.962890625,667.6019897460938,30.4052734375,69.0723876953125,0.38999828696250916,-1,-1,-1
552,647,4181.181640625,588.8353271484375,16.42919921875,46.37908935546875,0.4710615873336792,-1,-1,-1
552,640,4239.095703125,557.9912719726562,18.44384765625,32.3980712890625,0.39633771777153015,-1,-1,-1
552,661,3848.219482421875,530.6806640625,18.45703125,24.634765625,0.2764713764190674,-1,-1,-1
552,652,3905.028076171875,568.0491943359375,18.92041015625,36.92950439453125,0.45907115936279297,-1,-1,-1
552,2,3712.685791015625,621.7257690429688,22.83544921875,54.81005859375,0.7010016441345215,-1,-1,-1
552,476,5484.84375,797.4170532226562,94.21630859375,94.6849365234375,0.7548746466636658,-1,-1,-1
553,519,3986.63037109375,678.4335327148438,31.557373046875,76.2584228515625,0.7606815695762634,-1,-1,-1
553,428,4613.43701171875,667.5675659179688,30.841796875,69.07476806640625,0.4770793914794922,-1,-1,-1
553,647,4181.27978515625,588.7225952148438,16.34521484375,46.57940673828125,0.4736650586128235,-1,-1,-1
553,640,4238.7724609375,558.1556396484375,18.71826171875,32.27960205078125,0.4175752103328705,-1,-1,-1
553,661,3847.604736328125,527.9296875,18.10400390625,26.61810302734375,0.3201391398906708,-1,-1,-1
553,652,3905.6015625,568.74560546875,18.804931640625,35.80120849609375,0.4654069244861603,-1,-1,-1
553,2,3710.271240234375,620.593017578125,22.867919921875,54.48321533203125,0.6357453465461731,-1,-1,-1
553,476,5483.87451171875,797.3010864257812,93.76611328125,95.34674072265625,0.7731035351753235,-1,-1,-1
553,490,3058.83544921875,519.2821044921875,18.531005859375,37.39044189453125,0.26232200860977173,-1,-1,-1
554,519,3982.542236328125,678.7608642578125,34.422607421875,76.22393798828125,0.7600168585777283,-1,-1,-1
554,428,4613.322265625,669.3785400390625,31.1396484375,68.11566162109375,0.4457869231700897,-1,-1,-1
554,647,4181.37939453125,589.1435546875,16.51220703125,46.2059326171875,0.49646368622779846,-1,-1,-1
554,640,4238.4482421875,558.538330078125,18.98095703125,31.36138916015625,0.3803531527519226,-1,-1,-1
554,661,3846.9970703125,528.097412109375,17.718505859375,27.4949951171875,0.3074233829975128,-1,-1,-1
554,652,3905.94287109375,568.9683837890625,19.0380859375,36.15826416015625,0.5144580602645874,-1,-1,-1
554,2,3708.999267578125,620.5991821289062,21.820068359375,54.223876953125,0.6425597667694092,-1,-1,-1
554,476,5482.84326171875,797.3126220703125,92.8759765625,95.78057861328125,0.7174176573753357,-1,-1,-1
554,490,3058.722900390625,519.3760375976562,18.5234375,37.33758544921875,0.27048060297966003,-1,-1,-1
555,519,3978.982421875,678.4659423828125,36.711669921875,76.4979248046875,0.7554758191108704,-1,-1,-1
555,428,4612.890625,670.8534545898438,30.51611328125,68.090576171875,0.4536622166633606,-1,-1,-1
555,647,4181.322265625,589.474853515625,16.6513671875,46.0079345703125,0.48813995718955994,-1,-1,-1
555,640,4237.1630859375,555.522705078125,19.30712890625,34.719970703125,0.36009591817855835,-1,-1,-1
555,661,3846.896240234375,528.4112548828125,17.584716796875,28.126708984375,0.3047606348991394,-1,-1,-1
555,652,3906.0439453125,568.9563598632812,19.654296875,36.44268798828125,0.5224863886833191,-1,-1,-1
555,2,3708.110595703125,619.8343505859375,20.274658203125,54.24072265625,0.6285471320152283,-1,-1,-1
555,476,5478.98974609375,797.3539428710938,94.66748046875,95.89678955078125,0.6444403529167175,-1,-1,-1
555,490,3058.642578125,519.12841796875,18.546142578125,37.124267578125,0.25885504484176636,-1,-1,-1
556,519,3977.5712890625,678.2587280273438,37.4150390625,74.822021484375,0.7330469489097595,-1,-1,-1
556,428,4611.82421875,672.2597045898438,30.12255859375,66.5003662109375,0.39301198720932007,-1,-1,-1
556,647,4181.255859375,589.775390625,16.73046875,45.56671142578125,0.48615679144859314,-1,-1,-1
556,640,4236.53515625,555.3046264648438,18.97900390625,34.75811767578125,0.35432419180870056,-1,-1,-1
556,652,3906.37255859375,569.068359375,19.647216796875,38.38775634765625,0.5966333150863647,-1,-1,-1
556,2,3706.50927734375,618.392822265625,20.24755859375,55.04766845703125,0.5817622542381287,-1,-1,-1
556,476,5478.384765625,797.1548461914062,92.37353515625,95.58319091796875,0.551404595375061,-1,-1,-1
556,490,3058.687255859375,518.8734130859375,18.671875,37.08404541015625,0.2565995156764984,-1,-1,-1
557,519,3975.23974609375,677.9772338867188,38.94091796875,74.9881591796875,0.7562443614006042,-1,-1,-1
557,428,4611.6416015625,673.3186645507812,29.9833984375,65.6251220703125,0.4791603088378906,-1,-1,-1
557,647,4181.2119140625,590.3810424804688,16.77490234375,45.20806884765625,0.4851699471473694,-1,-1,-1
557,640,4236.19384765625,555.4451904296875,18.43994140625,34.5552978515625,0.37117937207221985,-1,-1,-1
557,652,3906.73046875,569.244873046875,19.489501953125,37.6119384765625,0.5612869262695312,-1,-1,-1
557,2,3703.9521484375,617.8831176757812,22.34423828125,55.75775146484375,0.5422059893608093,-1,-1,-1
557,476,5483.4267578125,797.388671875,84.294921875,95.3778076171875,0.6354308128356934,-1,-1,-1
557,490,3058.72509765625,518.89404296875,18.658203125,36.89971923828125,0.2508721947669983,-1,-1,-1
558,519,3976.069091796875,678.0940551757812,36.465576171875,75.11138916015625,0.746235191822052,-1,-1,-1
558,428,4611.7548828125,674.5322875976562,28.7001953125,64.07952880859375,0.4896986782550812,-1,-1,-1
558,647,4181.05615234375,590.7760009765625,16.83740234375,44.66400146484375,0.4782119691371918,-1,-1,-1
558,640,4235.990234375,556.0673217773438,18.091796875,34.52154541015625,0.37094131112098694,-1,-1,-1
558,652,3907.462890625,569.2496948242188,18.874755859375,37.11468505859375,0.544641375541687,-1,-1,-1
558,2,3702.604248046875,617.275146484375,22.3095703125,55.99188232421875,0.5219919681549072,-1,-1,-1
558,476,5480.310546875,797.27197265625,85.5859375,95.86138916015625,0.6850276589393616,-1,-1,-1
559,519,3975.566650390625,677.5202026367188,33.90771484375,76.358154296875,0.6760042309761047,-1,-1,-1
559,428,4609.73779296875,673.9762573242188,28.5732421875,64.34515380859375,0.33395203948020935,-1,-1,-1
559,647,4180.9404296875,591.0911254882812,16.97900390625,44.077392578125,0.48404794931411743,-1,-1,-1
559,640,4235.9306640625,556.5441284179688,17.62353515625,34.16900634765625,0.3682892918586731,-1,-1,-1
559,652,3908.232421875,569.257568359375,18.1083984375,37.25982666015625,0.5387578010559082,-1,-1,-1
559,2,3700.9052734375,616.8485107421875,22.1357421875,55.54681396484375,0.5076460838317871,-1,-1,-1
559,476,5481.896484375,796.947998046875,80.94189453125,96.19940185546875,0.6456196308135986,-1,-1,-1
560,519,3976.09033203125,677.1357421875,30.407470703125,75.13433837890625,0.6149890422821045,-1,-1,-1
560,428,4608.41796875,673.4752807617188,28.65625,65.894775390625,0.4686501622200012,-1,-1,-1
560,647,4180.78857421875,591.3749389648438,17.13671875,43.44549560546875,0.4907935559749603,-1,-1,-1
560,640,4235.86865234375,556.5272827148438,17.2783203125,34.4267578125,0.3915344476699829,-1,-1,-1
560,652,3908.663818359375,569.2045288085938,17.674072265625,36.67926025390625,0.4839407801628113,-1,-1,-1
560,2,3699.098876953125,616.6280517578125,22.4599609375,56.215087890625,0.5204166769981384,-1,-1,-1
560,476,5477.70703125,796.200439453125,83.31494140625,97.44989013671875,0.583646297454834,-1,-1,-1
561,519,3975.588623046875,677.8345947265625,29.38232421875,75.094970703125,0.4542430341243744,-1,-1,-1
561,428,4607.52587890625,673.0234375,27.60888671875,66.60699462890625,0.36635923385620117,-1,-1,-1
561,647,4180.6337890625,591.7471313476562,17.2578125,42.79962158203125,0.4895549416542053,-1,-1,-1
561,640,4235.82861328125,556.15673828125,16.92236328125,34.38665771484375,0.379829466342926,-1,-1,-1
561,652,3909.115234375,569.2283325195312,17.07470703125,36.43560791015625,0.47386932373046875,-1,-1,-1
561,2,3697.336669921875,617.1016845703125,22.40234375,54.458251953125,0.45958811044692993,-1,-1,-1
561,476,5475.3447265625,795.4930419921875,83.95849609375,98.33331298828125,0.557513952255249,-1,-1,-1
562,519,3973.7373046875,679.197998046875,27.92431640625,72.24432373046875,0.4610247015953064,-1,-1,-1
562,428,4606.3701171875,672.5333862304688,26.79541015625,68.83087158203125,0.3471190929412842,-1,-1,-1
562,647,4180.16845703125,591.6327514648438,17.86572265625,43.46917724609375,0.4706226587295532,-1,-1,-1
562,640,4235.56787109375,556.140625,16.30615234375,34.70379638671875,0.400998592376709,-1,-1,-1
562,652,3909.25634765625,569.1918334960938,16.78271484375,36.28753662109375,0.4664064943790436,-1,-1,-1
562,2,3695.624267578125,617.2599487304688,22.14697265625,53.37225341796875,0.42165565490722656,-1,-1,-1
562,476,5474.56005859375,793.8186645507812,83.57470703125,100.83160400390625,0.5211626887321472,-1,-1,-1
563,519,3972.371826171875,678.7965698242188,24.71337890625,72.322998046875,0.32822465896606445,-1,-1,-1
563,428,4605.93115234375,672.4910888671875,26.33154296875,69.5096435546875,0.2601045072078705,-1,-1,-1
563,647,4179.7666015625,591.5415649414062,18.37890625,44.5411376953125,0.46914830803871155,-1,-1,-1
563,640,4234.9794921875,556.3369750976562,16.2099609375,35.1109619140625,0.4110944867134094,-1,-1,-1
563,652,3909.09130859375,569.2554931640625,16.742919921875,36.037109375,0.4388166069984436,-1,-1,-1
563,2,3694.653076171875,616.9445190429688,22.57470703125,53.380126953125,0.39234068989753723,-1,-1,-1
563,476,5466.13720703125,792.598876953125,91.36572265625,101.10406494140625,0.5080538988113403,-1,-1,-1
564,519,3970.392822265625,678.6597900390625,22.324951171875,69.97882080078125,0.3759429454803467,-1,-1,-1
564,428,4605.123046875,673.142578125,26.7939453125,69.0140380859375,0.3050633370876312,-1,-1,-1
564,647,4179.14794921875,591.4833984375,18.84716796875,46.08319091796875,0.515190064907074,-1,-1,-1
564,640,4234.306640625,556.3384399414062,16.3212890625,35.5205078125,0.4311889708042145,-1,-1,-1
564,652,3908.6640625,569.2322387695312,17.0224609375,36.0301513671875,0.4173892140388489,-1,-1,-1
564,2,3694.211669921875,616.8471069335938,22.46826171875,53.6590576171875,0.42516010999679565,-1,-1,-1
564,476,5458.1962890625,791.7554321289062,98.99169921875,101.5477294921875,0.6747696995735168,-1,-1,-1
565,519,3968.32763671875,678.9080810546875,22.041259765625,69.42620849609375,0.45974960923194885,-1,-1,-1
565,428,4604.9306640625,674.64599609375,27.38525390625,68.19134521484375,0.43330687284469604,-1,-1,-1
565,647,4178.98876953125,591.5709228515625,18.6494140625,46.651123046875,0.5073117613792419,-1,-1,-1
565,640,4234.005859375,556.2648315429688,16.05224609375,35.7379150390625,0.44169101119041443,-1,-1,-1
565,652,3908.229736328125,569.1585693359375,17.431396484375,36.3389892578125,0.3822033703327179,-1,-1,-1
565,2,3692.867919921875,616.7485961914062,21.1689453125,53.7069091796875,0.5382081270217896,-1,-1,-1
565,476,5449.83056640625,791.7991943359375,107.8828125,102.08819580078125,0.5844263434410095,-1,-1,-1
566,519,3965.557861328125,678.8196411132812,23.00927734375,68.94793701171875,0.438016802072525,-1,-1,-1
566,428,4604.1875,675.2568969726562,27.5087890625,70.9921875,0.5052871704101562,-1,-1,-1
566,647,4178.66796875,591.49560546875,18.90478515625,46.90142822265625,0.49166256189346313,-1,-1,-1
566,640,4233.2626953125,555.8311157226562,16.6220703125,35.1922607421875,0.418173611164093,-1,-1,-1
566,652,3908.192138671875,569.3836669921875,17.41650390625,35.87481689453125,0.36782029271125793,-1,-1,-1
566,2,3692.06396484375,616.5458374023438,20.04443359375,53.302734375,0.5681228041648865,-1,-1,-1
566,476,5443.82080078125,792.408447265625,115.2470703125,102.43994140625,0.5511583089828491,-1,-1,-1
566,676,4605.82470703125,607.4947509765625,27.00732421875,57.65924072265625,0.3212510645389557,-1,-1,-1
567,519,3963.817626953125,677.430908203125,24.75048828125,68.02288818359375,0.6026613116264343,-1,-1,-1
567,428,4603.234375,675.5569458007812,28.60595703125,72.254150390625,0.4065681993961334,-1,-1,-1
567,647,4177.86572265625,591.3582763671875,19.93798828125,47.1331787109375,0.5297151207923889,-1,-1,-1
567,640,4232.2177734375,555.853759765625,17.41796875,34.98370361328125,0.4298132359981537,-1,-1,-1
567,652,3907.88671875,569.3603515625,17.71826171875,35.6798095703125,0.3825121521949768,-1,-1,-1
567,2,3689.541015625,615.154052734375,21.582275390625,54.24822998046875,0.5123586654663086,-1,-1,-1
567,476,5438.85302734375,793.0628662109375,121.35009765625,101.2530517578125,0.4708499312400818,-1,-1,-1
567,676,4605.7451171875,607.6436157226562,28.83056640625,57.01123046875,0.3704814612865448,-1,-1,-1
568,519,3960.898193359375,677.415283203125,27.4970703125,69.458251953125,0.7039865255355835,-1,-1,-1
568,428,4600.83544921875,677.067626953125,31.3642578125,71.1646728515625,0.5460211634635925,-1,-1,-1
568,647,4176.8359375,591.2279052734375,21.14013671875,47.311767578125,0.6167618036270142,-1,-1,-1
568,640,4231.634765625,556.9010009765625,17.541015625,34.64385986328125,0.40404796600341797,-1,-1,-1
568,652,3908.103759765625,569.8251342773438,17.671875,36.44952392578125,0.45543500781059265,-1,-1,-1
568,2,3687.83447265625,615.8549194335938,22.15625,54.31829833984375,0.5350353121757507,-1,-1,-1
568,476,5431.1162109375,794.2017822265625,132.15869140625,98.78271484375,0.45426371693611145,-1,-1,-1
568,676,4606.9443359375,608.9374389648438,29.78515625,53.84295654296875,0.4306947886943817,-1,-1,-1
568,679,3803.043701171875,542.1784057617188,17.626953125,32.5347900390625,0.31684789061546326,-1,-1,-1
569,519,3957.415283203125,677.535888671875,30.806884765625,68.91668701171875,0.6642375588417053,-1,-1,-1
569,428,4598.83984375,676.7924194335938,32.8408203125,72.38580322265625,0.6117731332778931,-1,-1,-1
569,647,4176.13623046875,590.9127807617188,21.77734375,47.61578369140625,0.6243686079978943,-1,-1,-1
569,640,4230.8642578125,556.6741333007812,18.01318359375,35.57391357421875,0.4522479474544525,-1,-1,-1
569,652,3908.27880859375,570.22021484375,17.575927734375,36.58038330078125,0.4575364589691162,-1,-1,-1
569,2,3686.19775390625,615.3961791992188,23.39794921875,55.4732666015625,0.6365348100662231,-1,-1,-1
569,676,4608.99951171875,609.7853393554688,29.79248046875,51.0496826171875,0.42848190665245056,-1,-1,-1
569,679,3802.91748046875,542.2708129882812,17.89990234375,32.1973876953125,0.28913840651512146,-1,-1,-1
570,519,3953.27685546875,677.602783203125,34.55615234375,69.52685546875,0.645793080329895,-1,-1,-1
570,428,4597.5029296875,676.5711059570312,33.71435546875,72.54791259765625,0.6125147938728333,-1,-1,-1
570,647,4175.64111328125,591.240966796875,22.27587890625,47.51043701171875,0.6288685202598572,-1,-1,-1
570,640,4230.783203125,556.5526733398438,17.65966796875,35.69439697265625,0.46091514825820923,-1,-1,-1
570,652,3908.479736328125,570.1267700195312,17.523681640625,37.12359619140625,0.4782586991786957,-1,-1,-1
570,2,3683.8330078125,614.8355102539062,24.359619140625,56.93035888671875,0.6496827602386475,-1,-1,-1
570,676,4610.9140625,610.3739624023438,28.99072265625,48.89141845703125,0.3853561282157898,-1,-1,-1
570,679,3802.822265625,542.7864990234375,17.7080078125,31.44451904296875,0.3043530285358429,-1,-1,-1
571,519,3951.5771484375,677.5289916992188,35.760498046875,70.5,0.6970446109771729,-1,-1,-1
571,428,4596.5224609375,676.7850341796875,34.11083984375,72.57440185546875,0.5886537432670593,-1,-1,-1
571,647,4175.14892578125,591.4938354492188,22.7626953125,47.93060302734375,0.6610379219055176,-1,-1,-1
571,640,4230.69970703125,557.7306518554688,17.3408203125,33.93377685546875,0.4477701187133789,-1,-1,-1
571,652,3908.730224609375,569.76123046875,17.405517578125,37.81024169921875,0.5162346959114075,-1,-1,-1
571,2,3681.912353515625,614.0023803710938,23.8857421875,57.7828369140625,0.6435724496841431,-1,-1,-1
571,676,4612.17041015625,610.8032836914062,29.03173828125,48.501220703125,0.3758290410041809,-1,-1,-1
571,679,3802.660400390625,543.3829345703125,17.141357421875,30.63739013671875,0.3427942097187042,-1,-1,-1
572,519,3949.890380859375,677.2236328125,35.8740234375,72.6641845703125,0.7043097019195557,-1,-1,-1
572,428,4595.08837890625,676.6436767578125,35.14013671875,72.97149658203125,0.6140683889389038,-1,-1,-1
572,647,4174.638671875,592.2190551757812,23.32421875,47.607421875,0.6454083323478699,-1,-1,-1
572,640,4229.95458984375,559.3021850585938,17.375,32.3734130859375,0.42423194646835327,-1,-1,-1
572,652,3908.681396484375,569.236572265625,17.6181640625,38.40228271484375,0.5309644341468811,-1,-1,-1
572,2,3680.9345703125,614.9563598632812,23.82763671875,56.068603515625,0.5865358114242554,-1,-1,-1
572,676,4613.75537109375,610.5111694335938,28.53271484375,48.1522216796875,0.347877562046051,-1,-1,-1
572,679,3802.464111328125,544.8966064453125,16.973388671875,29.35107421875,0.37194207310676575,-1,-1,-1
572,476,5414.95947265625,795.7433471679688,148.65283203125,99.267578125,0.32437384128570557,-1,-1,-1
573,519,3949.797119140625,677.7600708007812,33.38037109375,71.42669677734375,0.6884802579879761,-1,-1,-1
573,428,4594.2314453125,676.1495361328125,35.3486328125,73.7554931640625,0.6332563161849976,-1,-1,-1
573,647,4174.34814453125,592.179931640625,23.75,48.03564453125,0.6306359171867371,-1,-1,-1
573,640,4229.27880859375,559.0050659179688,17.9248046875,32.60479736328125,0.44504910707473755,-1,-1,-1
573,652,3908.36572265625,568.5904541015625,17.974609375,38.9801025390625,0.5321023464202881,-1,-1,-1
573,2,3676.84423828125,615.2918701171875,26.0185546875,55.493408203125,0.48228883743286133,-1,-1,-1
573,676,4614.767578125,609.6563110351562,28.85205078125,48.85626220703125,0.34386512637138367,-1,-1,-1
573,679,3802.27685546875,545.548828125,16.46923828125,28.9317626953125,0.37845438718795776,-1,-1,-1
573,476,5413.05419921875,795.876953125,149.63232421875,98.3760986328125,0.3100771903991699,-1,-1,-1
574,519,3948.38232421875,678.4005126953125,32.283935546875,70.30029296875,0.6257305145263672,-1,-1,-1
574,428,4592.83544921875,675.8870239257812,36.32275390625,72.72503662109375,0.5625361800193787,-1,-1,-1
574,647,4174.3388671875,592.8849487304688,23.70166015625,47.6199951171875,0.6030154228210449,-1,-1,-1
574,640,4228.49267578125,558.6104736328125,18.3447265625,33.36248779296875,0.4400482475757599,-1,-1,-1
574,652,3908.065185546875,568.4336547851562,18.240966796875,39.04876708984375,0.5303136706352234,-1,-1,-1
574,2,3674.837158203125,615.9992065429688,27.12060546875,54.67413330078125,0.41807976365089417,-1,-1,-1
574,676,4617.20556640625,608.378662109375,26.27294921875,49.5955810546875,0.33546182513237,-1,-1,-1
574,679,3801.658935546875,545.782470703125,16.37548828125,28.58203125,0.3408321738243103,-1,-1,-1
575,519,3948.2236328125,677.7310791015625,29.613525390625,70.28759765625,0.6114290356636047,-1,-1,-1
575,428,4591.265625,675.6611328125,36.48486328125,73.31744384765625,0.4544793963432312,-1,-1,-1
575,647,4174.3037109375,592.6304931640625,23.27001953125,48.1429443359375,0.5973809361457825,-1,-1,-1
575,640,4228.0810546875,558.661865234375,18.58935546875,33.441650390625,0.4401518702507019,-1,-1,-1
575,652,3907.5146484375,568.2918701171875,18.581787109375,37.4189453125,0.4804978370666504,-1,-1,-1
575,2,3673.011962890625,614.9406127929688,27.917236328125,56.30572509765625,0.4288738965988159,-1,-1,-1
575,676,4619.1923828125,608.3165283203125,24.84228515625,49.4146728515625,0.3030625283718109,-1,-1,-1
575,679,3800.285400390625,545.576171875,17.022705078125,28.94720458984375,0.3383282423019409,-1,-1,-1
576,519,3947.692138671875,678.2999267578125,26.1298828125,68.16265869140625,0.5448253154754639,-1,-1,-1
576,428,4590.03173828125,674.4536743164062,37.150390625,76.25067138671875,0.45752033591270447,-1,-1,-1
576,647,4174.248046875,592.5442504882812,22.70458984375,48.15093994140625,0.6099172234535217,-1,-1,-1
576,640,4227.48583984375,558.7224731445312,18.93505859375,33.6094970703125,0.43334412574768066,-1,-1,-1
576,652,3906.68310546875,568.3377075195312,19.344482421875,36.4110107421875,0.4538370668888092,-1,-1,-1
576,2,3671.578125,614.71728515625,28.950927734375,56.05322265625,0.4324122369289398,-1,-1,-1
576,676,4620.59716796875,608.104736328125,23.9248046875,49.11358642578125,0.27644822001457214,-1,-1,-1
576,679,3799.007080078125,544.9635620117188,17.9443359375,30.19036865234375,0.32569992542266846,-1,-1,-1
576,476,5412.70263671875,796.51513671875,137.1552734375,97.68585205078125,0.29328835010528564,-1,-1,-1
577,647,4174.2744140625,592.9232177734375,22.08837890625,47.6468505859375,0.5995482206344604,-1,-1,-1
577,640,4227.31103515625,558.7222900390625,18.9931640625,33.7418212890625,0.425702303647995,-1,-1,-1
577,652,3906.37255859375,568.4924926757812,19.310546875,34.83062744140625,0.4423808455467224,-1,-1,-1
577,2,3671.294921875,614.0365600585938,28.349609375,56.2135009765625,0.3466014266014099,-1,-1,-1
577,679,3798.2080078125,545.6889038085938,17.508056640625,29.67559814453125,0.3066444396972656,-1,-1,-1
578,647,4174.265625,593.1388549804688,22.07861328125,47.75390625,0.6279822587966919,-1,-1,-1
578,640,4227.21923828125,558.7413330078125,19.12158203125,34.0526123046875,0.4328662157058716,-1,-1,-1
578,652,3906.39306640625,568.5736694335938,19.108154296875,34.80645751953125,0.4548424184322357,-1,-1,-1
578,2,3670.190673828125,611.6722412109375,28.273681640625,58.01153564453125,0.32344532012939453,-1,-1,-1
578,679,3797.90234375,546.159423828125,16.78662109375,28.896728515625,0.3326335847377777,-1,-1,-1
578,428,4588.978515625,677.0380249023438,35.53564453125,74.45281982421875,0.2908165752887726,-1,-1,-1
578,676,4622.02490234375,608.2623291015625,24.82958984375,48.9200439453125,0.25897911190986633,-1,-1,-1
579,647,4174.02978515625,593.369873046875,22.0048828125,47.73919677734375,0.634722888469696,-1,-1,-1
579,640,4227.23583984375,558.572021484375,19.265625,34.37335205078125,0.4458266496658325,-1,-1,-1
579,652,3906.56884765625,568.4358520507812,18.71337890625,35.9796142578125,0.46641218662261963,-1,-1,-1
579,679,3797.5888671875,545.686279296875,16.720947265625,30.1217041015625,0.36390063166618347,-1,-1,-1
579,428,4588.2978515625,676.3381958007812,35.64697265625,74.94281005859375,0.37832796573638916,-1,-1,-1
579,676,4623.0,608.6771240234375,24.720703125,48.25738525390625,0.26743170619010925,-1,-1,-1
580,647,4173.6796875,592.8531494140625,21.49609375,48.12371826171875,0.6205447912216187,-1,-1,-1
580,640,4227.35693359375,558.740478515625,19.21875,34.4764404296875,0.44866082072257996,-1,-1,-1
580,652,3906.830078125,568.8103637695312,18.4951171875,35.80401611328125,0.4551403522491455,-1,-1,-1
580,679,3797.1572265625,545.8702392578125,16.950439453125,30.70172119140625,0.3495098650455475,-1,-1,-1
580,428,4588.06640625,675.4424438476562,34.08349609375,75.93780517578125,0.3546917140483856,-1,-1,-1
580,689,5467.05322265625,795.2138061523438,67.05859375,94.86346435546875,0.34611499309539795,-1,-1,-1
580,2,3668.02978515625,608.6558837890625,24.87255859375,61.0623779296875,0.31663334369659424,-1,-1,-1
581,647,4173.50244140625,592.3457641601562,20.8935546875,48.2227783203125,0.6015642881393433,-1,-1,-1
581,640,4227.51416015625,558.5956420898438,19.29443359375,35.0875244140625,0.4599080979824066,-1,-1,-1
581,652,3906.861572265625,569.07763671875,18.45361328125,35.7491455078125,0.4705601930618286,-1,-1,-1
581,679,3796.6748046875,546.08935546875,16.795654296875,30.25445556640625,0.33253389596939087,-1,-1,-1
581,428,4587.224609375,677.2201538085938,34.06494140625,74.10040283203125,0.36491578817367554,-1,-1,-1
581,689,5465.7236328125,794.7705078125,67.328125,96.023193359375,0.47178590297698975,-1,-1,-1
581,691,4470.7880859375,550.3869018554688,21.50244140625,40.04876708984375,0.35059571266174316,-1,-1,-1
581,2,3667.766845703125,608.7398071289062,21.865966796875,58.585205078125,0.46436095237731934,-1,-1,-1
581,519,3938.489013671875,675.4486694335938,24.6376953125,69.78094482421875,0.4828502833843231,-1,-1,-1
581,676,4623.25244140625,610.1264038085938,26.5576171875,46.308349609375,0.26480185985565186,-1,-1,-1
582,647,4173.43994140625,592.1517333984375,20.68359375,47.96478271484375,0.5997163653373718,-1,-1,-1
582,640,4227.62353515625,558.4782104492188,19.37548828125,35.4412841796875,0.4668086767196655,-1,-1,-1
582,652,3906.994384765625,568.955078125,18.372802734375,35.94134521484375,0.47256094217300415,-1,-1,-1
582,679,3796.11767578125,545.8575439453125,16.40625,30.5859375,0.3377740681171417,-1,-1,-1
582,428,4586.42919921875,675.642578125,32.6376953125,75.36187744140625,0.4113454818725586,-1,-1,-1
582,689,5465.0205078125,794.1553955078125,65.0693359375,97.18231201171875,0.5967392921447754,-1,-1,-1
582,691,4470.5966796875,549.975830078125,22.0693359375,40.53607177734375,0.35701993107795715,-1,-1,-1
582,2,3667.4189453125,607.195068359375,21.03271484375,61.6240234375,0.5591986179351807,-1,-1,-1
582,519,3936.1357421875,675.3939819335938,25.279296875,68.78143310546875,0.6889532208442688,-1,-1,-1
582,676,4623.54296875,610.9447631835938,27.3154296875,46.117431640625,0.297578364610672,-1,-1,-1
583,647,4173.21826171875,592.3480224609375,20.83740234375,47.6318359375,0.5897093415260315,-1,-1,-1
583,640,4227.8271484375,558.318359375,19.20263671875,35.49066162109375,0.4781498908996582,-1,-1,-1
583,652,3906.82568359375,568.9932861328125,18.5947265625,36.25482177734375,0.4919566214084625,-1,-1,-1
583,679,3794.74609375,545.65576171875,16.53466796875,31.8245849609375,0.34216010570526123,-1,-1,-1
583,428,4585.94384765625,675.2703857421875,31.4921875,75.42083740234375,0.47965171933174133,-1,-1,-1
583,689,5462.78466796875,794.3616943359375,64.9921875,97.495361328125,0.5879597663879395,-1,-1,-1
583,691,4470.46142578125,550.0618286132812,22.2822265625,41.0706787109375,0.35293322801589966,-1,-1,-1
583,2,3667.191162109375,606.5357666015625,20.1796875,62.66070556640625,0.612500011920929,-1,-1,-1
583,519,3932.175048828125,675.7886352539062,28.88525390625,68.08209228515625,0.7191283702850342,-1,-1,-1
583,676,4623.88916015625,611.0921630859375,27.626953125,46.18841552734375,0.34555351734161377,-1,-1,-1
583,692,3830.626708984375,521.949951171875,15.48828125,29.62969970703125,0.39310672879219055,-1,-1,-1
584,647,4173.11279296875,592.1181640625,20.9423828125,47.69873046875,0.5709583759307861,-1,-1,-1
584,640,4228.01123046875,557.7175903320312,19.0,35.95794677734375,0.4918734133243561,-1,-1,-1
584,652,3906.665283203125,568.8944091796875,18.8544921875,36.89691162109375,0.4988502562046051,-1,-1,-1
584,679,3793.955322265625,545.716552734375,16.41748046875,31.63067626953125,0.3443740904331207,-1,-1,-1
584,428,4585.0517578125,675.0182495117188,31.1572265625,75.89300537109375,0.5374736189842224,-1,-1,-1
584,689,5460.6982421875,794.9124145507812,64.849609375,96.90869140625,0.5889459252357483,-1,-1,-1
584,691,4471.0771484375,550.2742919921875,22.9326171875,41.34332275390625,0.35235148668289185,-1,-1,-1
584,2,3666.95263671875,606.7904052734375,19.693603515625,63.15289306640625,0.6534514427185059,-1,-1,-1
584,519,3927.724853515625,676.1782836914062,32.30029296875,68.1038818359375,0.7243636846542358,-1,-1,-1
584,676,4624.3193359375,610.9328002929688,27.7998046875,46.266357421875,0.3540622889995575,-1,-1,-1
584,692,3830.37109375,523.488525390625,15.48095703125,27.29266357421875,0.3554535210132599,-1,-1,-1
585,647,4172.67431640625,591.7589721679688,20.63671875,47.53204345703125,0.5476041436195374,-1,-1,-1
585,640,4228.275390625,557.13525390625,18.82958984375,36.6378173828125,0.5135147571563721,-1,-1,-1
585,652,3906.5712890625,568.853515625,18.957275390625,37.51922607421875,0.5029744505882263,-1,-1,-1
585,679,3793.226806640625,545.6599731445312,16.345947265625,31.55218505859375,0.34085598587989807,-1,-1,-1
585,428,4584.68505859375,675.1590576171875,30.31787109375,75.91607666015625,0.5777373909950256,-1,-1,-1
585,689,5462.6220703125,795.529296875,60.85888671875,95.61395263671875,0.4917743504047394,-1,-1,-1
585,691,4471.3291015625,550.2849731445312,23.32763671875,41.101318359375,0.360955148935318,-1,-1,-1
585,2,3666.314697265625,608.53759765625,18.41455078125,60.90472412109375,0.632120668888092,-1,-1,-1
585,519,3925.064697265625,676.5862426757812,34.421875,66.8062744140625,0.6864017844200134,-1,-1,-1
585,676,4625.3779296875,610.7298583984375,27.1875,46.27764892578125,0.35999879240989685,-1,-1,-1
585,692,3829.7822265625,526.4722900390625,14.2490234375,25.57769775390625,0.30155012011528015,-1,-1,-1
586,647,4172.4951171875,592.0348510742188,20.03369140625,46.52862548828125,0.5381785035133362,-1,-1,-1
586,640,4228.50927734375,556.26318359375,18.814453125,37.6270751953125,0.5296834707260132,-1,-1,-1
586,652,3906.34521484375,568.875244140625,19.2060546875,37.597412109375,0.503285825252533,-1,-1,-1
586,679,3793.315673828125,545.8016967773438,16.227783203125,31.61907958984375,0.35039228200912476,-1,-1,-1
586,428,4583.8466796875,675.95703125,30.2099609375,75.25677490234375,0.5933322310447693,-1,-1,-1
586,689,5462.501953125,795.1055297851562,59.3828125,96.0931396484375,0.4508987069129944,-1,-1,-1
586,691,4471.7626953125,551.25341796875,22.7119140625,39.977294921875,0.32762062549591064,-1,-1,-1
586,2,3665.150146484375,609.5187377929688,18.30810546875,59.44439697265625,0.6540567874908447,-1,-1,-1
586,519,3922.384521484375,676.6428833007812,35.490966796875,66.43017578125,0.6716435551643372,-1,-1,-1
586,676,4626.72021484375,610.4639282226562,27.00390625,46.571533203125,0.39454805850982666,-1,-1,-1
586,692,3829.56689453125,527.4210815429688,13.068115234375,24.1214599609375,0.29832902550697327,-1,-1,-1
587,647,4172.5283203125,592.6444091796875,18.98876953125,44.587890625,0.5285375714302063,-1,-1,-1
587,640,4228.7734375,556.2401733398438,18.81494140625,37.75482177734375,0.4961415231227875,-1,-1,-1
587,652,3906.1943359375,568.7941284179688,19.31591796875,37.8670654296875,0.5106425881385803,-1,-1,-1
587,679,3792.91845703125,545.9147338867188,16.513916015625,31.53271484375,0.31677594780921936,-1,-1,-1
587,428,4582.24951171875,677.9744262695312,31.19384765625,73.18133544921875,0.6220372319221497,-1,-1,-1
587,689,5461.169921875,795.4368896484375,58.6904296875,95.36346435546875,0.3764130175113678,-1,-1,-1
587,691,4472.8115234375,551.1370849609375,22.79833984375,39.8660888671875,0.3040904104709625,-1,-1,-1
587,2,3664.302978515625,610.2080688476562,19.265625,58.33245849609375,0.6431282162666321,-1,-1,-1
587,519,3921.059326171875,675.8699951171875,35.234619140625,66.18994140625,0.6553136110305786,-1,-1,-1
587,676,4627.392578125,609.8943481445312,27.49609375,46.964111328125,0.41462546586990356,-1,-1,-1
587,692,3829.478271484375,527.6209716796875,11.239990234375,22.7294921875,0.2888861894607544,-1,-1,-1
588,647,4172.32421875,593.0884399414062,18.20458984375,43.5465087890625,0.5148289799690247,-1,-1,-1
588,640,4229.21142578125,556.2713623046875,18.74365234375,37.97296142578125,0.48724794387817383,-1,-1,-1
588,652,3906.49267578125,568.534423828125,19.214599609375,37.61419677734375,0.4921765625476837,-1,-1,-1
588,679,3792.782958984375,545.2736206054688,16.652587890625,32.134765625,0.2886214554309845,-1,-1,-1
588,428,4581.08203125,678.18115234375,30.50732421875,73.20697021484375,0.6036007404327393,-1,-1,-1
588,689,5459.3818359375,796.04638671875,59.11474609375,94.66162109375,0.3730161488056183,-1,-1,-1
588,691,4473.52001953125,551.2223510742188,22.91796875,40.19580078125,0.29739928245544434,-1,-1,-1
588,2,3661.741943359375,610.8195190429688,21.544189453125,57.42388916015625,0.6444483995437622,-1,-1,-1
588,519,3919.325439453125,674.579345703125,35.005615234375,67.44970703125,0.6475501656532288,-1,-1,-1
588,676,4628.3603515625,609.4288330078125,27.0390625,47.39373779296875,0.3875129818916321,-1,-1,-1
588,692,3829.4453125,527.7296752929688,11.118896484375,22.51544189453125,0.2795024514198303,-1,-1,-1
589,647,4171.88232421875,592.9271850585938,17.97900390625,43.6336669921875,0.4969140589237213,-1,-1,-1
589,640,4229.50048828125,556.2974853515625,18.783203125,38.12091064453125,0.4846895933151245,-1,-1,-1
589,652,3906.99267578125,568.3165283203125,18.93115234375,37.47821044921875,0.46371397376060486,-1,-1,-1
589,428,4579.404296875,678.944091796875,30.634765625,73.7154541015625,0.5685237646102905,-1,-1,-1
589,689,5452.60498046875,796.4285888671875,65.39208984375,94.13006591796875,0.37825819849967957,-1,-1,-1
589,691,4474.87158203125,551.9265747070312,22.083984375,39.22271728515625,0.3015175759792328,-1,-1,-1
589,2,3660.666015625,610.5509643554688,21.850830078125,57.90118408203125,0.5529230833053589,-1,-1,-1
589,519,3918.813232421875,674.1393432617188,33.8974609375,66.7552490234375,0.6112563014030457,-1,-1,-1
589,676,4629.33544921875,608.9058227539062,27.20849609375,47.94805908203125,0.35483619570732117,-1,-1,-1
590,647,4171.55322265625,593.2340087890625,17.9267578125,45.19036865234375,0.5304198265075684,-1,-1,-1
590,640,4229.94384765625,556.8876342773438,18.71533203125,37.88458251953125,0.4615671932697296,-1,-1,-1
590,652,3907.442626953125,568.3554077148438,18.736083984375,37.52423095703125,0.45519423484802246,-1,-1,-1
590,428,4578.5458984375,679.7328491210938,29.7880859375,73.28680419921875,0.5967018008232117,-1,-1,-1
590,691,4475.64599609375,552.5386962890625,22.8154296875,38.95635986328125,0.28634753823280334,-1,-1,-1
590,2,3660.56787109375,609.879150390625,20.398681640625,56.37066650390625,0.6645100116729736,-1,-1,-1
590,519,3918.125,673.7056274414062,31.33740234375,66.42694091796875,0.6109869480133057,-1,-1,-1
590,676,4630.77392578125,607.9494018554688,26.59521484375,48.69342041015625,0.38141417503356934,-1,-1,-1
590,476,5417.44140625,796.3135986328125,99.29052734375,94.3814697265625,0.5624822378158569,-1,-1,-1
591,647,4171.29833984375,594.1564331054688,18.2431640625,45.76727294921875,0.5365870594978333,-1,-1,-1
591,640,4230.3505859375,557.8078002929688,18.55419921875,37.12884521484375,0.45013558864593506,-1,-1,-1
591,652,3907.659423828125,568.5365600585938,18.77001953125,37.7740478515625,0.46419432759284973,-1,-1,-1
591,428,4577.873046875,679.5377807617188,29.18701171875,73.22113037109375,0.5781655311584473,-1,-1,-1
591,691,4476.7431640625,552.822021484375,23.404296875,38.66766357421875,0.2662331759929657,-1,-1,-1
591,2,3660.289794921875,609.06787109375,19.966552734375,55.6265869140625,0.6599840521812439,-1,-1,-1
591,519,3916.760498046875,673.6689453125,28.901123046875,65.7298583984375,0.47407642006874084,-1,-1,-1
591,676,4631.4921875,606.6121215820312,26.53369140625,50.10845947265625,0.3881576955318451,-1,-1,-1
591,476,5421.5888671875,796.3667602539062,93.39697265625,94.32867431640625,0.5027074813842773,-1,-1,-1
592,647,4171.384765625,595.4705810546875,18.59814453125,44.05621337890625,0.48863619565963745,-1,-1,-1
592,640,4230.9755859375,558.272705078125,18.64599609375,37.92938232421875,0.3923448622226715,-1,-1,-1
592,652,3908.005859375,568.6323852539062,18.556640625,38.0045166015625,0.4403744339942932,-1,-1,-1
592,428,4577.38330078125,680.0020751953125,28.02783203125,72.37310791015625,0.5227394700050354,-1,-1,-1
592,2,3660.2705078125,608.9050903320312,18.529052734375,53.6805419921875,0.5918243527412415,-1,-1,-1
592,519,3916.656005859375,671.9725952148438,24.8798828125,68.62078857421875,0.2754576504230499,-1,-1,-1
592,676,4632.4140625,605.9517822265625,26.87548828125,51.37225341796875,0.47076284885406494,-1,-1,-1
592,476,5426.1484375,796.2936401367188,86.2490234375,94.93682861328125,0.40070903301239014,-1,-1,-1
593,647,4171.1044921875,596.0823364257812,19.21240234375,43.38787841796875,0.500451922416687,-1,-1,-1
593,640,4231.5966796875,558.395751953125,19.06201171875,38.404052734375,0.3757721483707428,-1,-1,-1
593,652,3908.04443359375,568.5777587890625,18.69970703125,38.40875244140625,0.4241155683994293,-1,-1,-1
593,428,4576.517578125,679.88916015625,27.9296875,72.52203369140625,0.5366848707199097,-1,-1,-1
593,2,3658.868896484375,608.800537109375,17.93017578125,52.6585693359375,0.5934243202209473,-1,-1,-1
593,519,3913.290771484375,670.2371826171875,23.743408203125,70.66619873046875,0.315732479095459,-1,-1,-1
593,676,4633.2626953125,605.9293212890625,26.84716796875,51.70770263671875,0.5032196640968323,-1,-1,-1
593,476,5428.501953125,796.1602172851562,81.654296875,96.315673828125,0.5678113698959351,-1,-1,-1
594,647,4170.40185546875,596.50146484375,19.50439453125,43.63714599609375,0.5037233233451843,-1,-1,-1
594,640,4232.85400390625,558.3756103515625,18.1513671875,38.76318359375,0.38487622141838074,-1,-1,-1
594,652,3908.427978515625,568.7164916992188,18.34033203125,38.34063720703125,0.4224584698677063,-1,-1,-1
594,428,4575.23876953125,678.6371459960938,28.59228515625,74.22637939453125,0.5269873738288879,-1,-1,-1
594,2,3657.45849609375,609.12158203125,18.256103515625,52.34234619140625,0.5631856322288513,-1,-1,-1
594,519,3911.386474609375,668.9752197265625,23.008056640625,71.72430419921875,0.2868463099002838,-1,-1,-1
594,676,4633.8876953125,606.4012451171875,27.43359375,52.1046142578125,0.49735721945762634,-1,-1,-1
594,476,5428.966796875,796.1535034179688,80.6513671875,97.7550048828125,0.6148990392684937,-1,-1,-1
595,647,4169.91796875,596.5567016601562,19.47802734375,44.28521728515625,0.49884021282196045,-1,-1,-1
595,640,4233.72802734375,558.7012329101562,17.53759765625,38.55426025390625,0.4177727997303009,-1,-1,-1
595,652,3908.922607421875,568.9615478515625,17.904052734375,38.3480224609375,0.4486139118671417,-1,-1,-1
595,428,4574.87158203125,680.339111328125,28.61376953125,72.58447265625,0.4157234728336334,-1,-1,-1
595,2,3656.5478515625,609.2987060546875,17.928955078125,52.24267578125,0.5166323781013489,-1,-1,-1
595,519,3910.051513671875,669.5128784179688,24.343017578125,70.3951416015625,0.254772424697876,-1,-1,-1
595,676,4635.33251953125,606.9775390625,28.5068359375,52.26617431640625,0.46430182456970215,-1,-1,-1
595,476,5425.7607421875,796.6025390625,83.45654296875,96.02825927734375,0.3030451834201813,-1,-1,-1
596,647,4169.8076171875,596.6158447265625,19.1337890625,44.92767333984375,0.5054603815078735,-1,-1,-1
596,640,4233.3935546875,559.1608276367188,19.67333984375,38.37982177734375,0.3666588068008423,-1,-1,-1
596,652,3909.5966796875,569.2566528320312,17.269287109375,38.290283203125,0.4267180562019348,-1,-1,-1
596,428,4573.931640625,680.2088623046875,29.3310546875,73.3359375,0.5237109065055847,-1,-1,-1
596,2,3655.91455078125,609.7760009765625,17.627197265625,50.769287109375,0.500984787940979,-1,-1,-1
596,519,3908.944091796875,670.8043212890625,24.23486328125,69.3377685546875,0.4769156277179718,-1,-1,-1
596,676,4636.58544921875,607.7122192382812,29.2294921875,51.08221435546875,0.48606428503990173,-1,-1,-1
597,647,4169.8369140625,596.398681640625,18.3388671875,45.22821044921875,0.4673275053501129,-1,-1,-1
597,640,4234.3740234375,559.2317504882812,20.29736328125,37.69586181640625,0.3300629258155823,-1,-1,-1
597,652,3909.874267578125,569.0350952148438,17.08056640625,38.47900390625,0.43801072239875793,-1,-1,-1
597,428,4573.71142578125,680.2431030273438,28.853515625,74.657470703125,0.5216464996337891,-1,-1,-1
597,2,3654.83447265625,610.7686767578125,18.076904296875,50.14410400390625,0.4533010423183441,-1,-1,-1
597,519,3906.163818359375,671.5548706054688,25.560302734375,68.28778076171875,0.27760493755340576,-1,-1,-1
597,676,4636.4609375,608.681884765625,30.43994140625,49.7908935546875,0.45593899488449097,-1,-1,-1
598,647,4169.7880859375,596.6396484375,18.0087890625,44.96099853515625,0.45249858498573303,-1,-1,-1
598,640,4234.88525390625,559.5219116210938,20.74853515625,37.773681640625,0.3470720052719116,-1,-1,-1
598,652,3909.84130859375,568.5943603515625,17.300048828125,38.59027099609375,0.4252251088619232,-1,-1,-1
598,428,4573.09912109375,680.781494140625,29.21240234375,74.75506591796875,0.551598846912384,-1,-1,-1
598,2,3651.95751953125,610.068603515625,20.5537109375,51.40008544921875,0.43553128838539124,-1,-1,-1
598,519,3902.838134765625,672.294677734375,26.580322265625,66.93896484375,0.4583865702152252,-1,-1,-1
598,676,4637.59033203125,609.4949951171875,30.2646484375,48.9759521484375,0.451242059469223,-1,-1,-1
598,701,4153.28271484375,527.471923828125,19.58203125,38.70074462890625,0.3695993423461914,-1,-1,-1
598,476,5417.24267578125,796.6804809570312,93.66455078125,98.51605224609375,0.41327258944511414,-1,-1,-1
599,647,4169.26611328125,596.9561767578125,18.67529296875,45.95709228515625,0.46930068731307983,-1,-1,-1
599,640,4235.22314453125,560.6615600585938,21.75537109375,36.65362548828125,0.3336508870124817,-1,-1,-1
599,652,3910.05224609375,567.921142578125,17.24755859375,39.56488037109375,0.45934340357780457,-1,-1,-1
599,428,4571.865234375,681.1736450195312,30.32275390625,74.5582275390625,0.571807324886322,-1,-1,-1
599,2,3649.209716796875,609.8975219726562,23.28369140625,53.00927734375,0.4548974335193634,-1,-1,-1
599,519,3899.106201171875,673.0869750976562,29.366943359375,66.2716064453125,0.6129578948020935,-1,-1,-1
599,676,4638.28955078125,609.6671142578125,30.24755859375,49.51959228515625,0.5188469886779785,-1,-1,-1
599,701,4153.35595703125,526.4686889648438,18.880859375,39.64923095703125,0.40659862756729126,-1,-1,-1
599,476,5413.71484375,796.6002197265625,99.064453125,98.1759033203125,0.6606079339981079,-1,-1,-1
600,647,4168.80615234375,596.6478881835938,18.93994140625,46.80255126953125,0.47337862849235535,-1,-1,-1
600,640,4235.267578125,561.69384765625,22.9716796875,35.39324951171875,0.3001456558704376,-1,-1,-1
600,652,3910.768798828125,567.4595947265625,16.781982421875,40.83294677734375,0.48092910647392273,-1,-1,-1
600,428,4569.64794921875,681.248291015625,30.8818359375,73.1922607421875,0.5766879320144653,-1,-1,-1
600,2,3647.521728515625,609.8269653320312,24.46044921875,54.21795654296875,0.49177098274230957,-1,-1,-1
600,519,3894.624267578125,672.6898803710938,32.720947265625,66.93768310546875,0.5631923675537109,-1,-1,-1
600,676,4638.3935546875,609.9852905273438,30.427734375,49.83447265625,0.49851512908935547,-1,-1,-1
600,701,4153.52783203125,525.04638671875,18.82373046875,40.78082275390625,0.451933354139328,-1,-1,-1
600,476,5406.84033203125,796.5407104492188,107.7900390625,96.3837890625,0.6276810169219971,-1,-1,-1
601,647,4168.61181640625,596.7333374023438,18.67236328125,46.9088134765625,0.4506668746471405,-1,-1,-1
601,640,4235.45654296875,562.3308715820312,23.6884765625,35.22918701171875,0.30161136388778687,-1,-1,-1
601,652,3911.17822265625,567.4400024414062,16.624267578125,41.17291259765625,0.5158320069313049,-1,-1,-1
601,428,4568.33837890625,682.09521484375,30.3994140625,72.01751708984375,0.546396017074585,-1,-1,-1
601,2,3646.757568359375,609.3560791015625,24.624267578125,55.43096923828125,0.5179228186607361,-1,-1,-1
601,519,3892.469482421875,672.2935791015625,34.5810546875,67.63128662109375,0.5250029563903809,-1,-1,-1
601,676,4637.58544921875,610.6888427734375,31.96826171875,49.71746826171875,0.44401609897613525,-1,-1,-1
601,701,4153.38818359375,524.5736694335938,18.85546875,41.51239013671875,0.46105849742889404,-1,-1,-1
601,476,5402.4775390625,796.9219970703125,116.37353515625,94.95819091796875,0.5604051351547241,-1,-1,-1
602,647,4166.509765625,596.6122436523438,20.32275390625,47.12127685546875,0.4140986204147339,-1,-1,-1
602,652,3911.248779296875,567.7620239257812,16.74951171875,40.61712646484375,0.5238729119300842,-1,-1,-1
602,428,4566.01171875,681.8939208984375,31.5791015625,74.71429443359375,0.5210132002830505,-1,-1,-1
602,2,3646.56494140625,608.8273315429688,23.996826171875,55.89202880859375,0.5322548747062683,-1,-1,-1
602,519,3890.859375,671.568603515625,34.403564453125,67.30340576171875,0.520606517791748,-1,-1,-1
602,676,4638.96630859375,610.9261474609375,31.87939453125,49.5029296875,0.35819101333618164,-1,-1,-1
602,701,4153.32666015625,524.3143920898438,19.08837890625,41.847412109375,0.45617255568504333,-1,-1,-1
602,476,5400.0595703125,797.1592407226562,120.365234375,95.13250732421875,0.5693519711494446,-1,-1,-1
603,647,4164.2158203125,596.279296875,22.23095703125,47.67559814453125,0.3694677948951721,-1,-1,-1
603,652,3911.55615234375,568.0103759765625,16.970947265625,40.6796875,0.5052986145019531,-1,-1,-1
603,428,4563.23388671875,683.4526977539062,33.44091796875,75.26611328125,0.555716872215271,-1,-1,-1
603,2,3645.3603515625,608.5889282226562,24.8310546875,56.819580078125,0.5492217540740967,-1,-1,-1
603,519,3889.399658203125,671.0830688476562,34.180908203125,68.065673828125,0.580283522605896,-1,-1,-1
603,676,4640.18017578125,610.739013671875,31.5625,49.74859619140625,0.37332290410995483,-1,-1,-1
603,701,4153.50732421875,524.0767822265625,19.1455078125,41.96856689453125,0.5055283308029175,-1,-1,-1
603,476,5424.20458984375,796.9596557617188,96.3740234375,96.1302490234375,0.5499851703643799,-1,-1,-1
604,647,4162.966796875,595.3610229492188,23.2275390625,49.44525146484375,0.3372410535812378,-1,-1,-1
604,652,3911.81982421875,568.2151489257812,17.736572265625,41.09405517578125,0.4243500232696533,-1,-1,-1
604,428,4560.99658203125,683.9615478515625,33.91845703125,76.05859375,0.5784860849380493,-1,-1,-1
604,2,3644.489990234375,608.3504638671875,24.478271484375,56.66937255859375,0.5844168663024902,-1,-1,-1
604,519,3888.4033203125,671.276611328125,33.17236328125,67.24127197265625,0.5195315480232239,-1,-1,-1
604,676,4641.65869140625,610.1417846679688,31.212890625,50.0633544921875,0.3212200999259949,-1,-1,-1
604,701,4153.9462890625,523.96435546875,19.04345703125,41.79119873046875,0.5061098337173462,-1,-1,-1
604,476,5438.97265625,796.8111572265625,81.3798828125,96.43084716796875,0.5502868890762329,-1,-1,-1
604,708,3817.80712890625,523.35791015625,18.762451171875,25.81439208984375,0.3217419385910034,-1,-1,-1
605,647,4162.42431640625,595.3634033203125,23.623046875,49.9754638671875,0.3542781472206116,-1,-1,-1
605,652,3912.007568359375,568.1478271484375,18.368896484375,41.58428955078125,0.4133606255054474,-1,-1,-1
605,428,4560.1435546875,684.3967895507812,33.07177734375,76.9412841796875,0.573621392250061,-1,-1,-1
605,2,3643.7734375,608.367431640625,24.348388671875,56.05633544921875,0.5379352569580078,-1,-1,-1
605,519,3887.892822265625,671.1127319335938,30.755126953125,66.18896484375,0.44635316729545593,-1,-1,-1
605,676,4646.130859375,609.8223266601562,28.85546875,48.8839111328125,0.29742729663848877,-1,-1,-1
605,701,4154.19091796875,524.1304931640625,18.974609375,41.26025390625,0.48627862334251404,-1,-1,-1
605,476,5444.03271484375,796.4488525390625,74.63134765625,96.654296875,0.5511548519134521,-1,-1,-1
605,708,3817.849853515625,523.8224487304688,18.82763671875,25.63812255859375,0.31053653359413147,-1,-1,-1
606,647,4161.47314453125,596.390869140625,24.46240234375,48.964599609375,0.29026302695274353,-1,-1,-1
606,652,3912.128662109375,568.106201171875,18.72314453125,42.2510986328125,0.405346542596817,-1,-1,-1
606,428,4559.8115234375,685.1173706054688,31.6337890625,76.62640380859375,0.5577476620674133,-1,-1,-1
606,2,3642.741455078125,608.5946655273438,23.947265625,55.30596923828125,0.4948500990867615,-1,-1,-1
606,519,3887.458740234375,670.72900390625,29.212646484375,65.8572998046875,0.32773730158805847,-1,-1,-1
606,676,4648.51806640625,609.2645874023438,27.92919921875,48.10028076171875,0.3214242160320282,-1,-1,-1
606,701,4154.3212890625,524.3125,19.009765625,41.02178955078125,0.4809550344944,-1,-1,-1
606,476,5443.68603515625,796.3208618164062,71.36474609375,95.80877685546875,0.6210063099861145,-1,-1,-1
606,708,3817.311767578125,524.1175537109375,19.38818359375,25.0994873046875,0.2845734655857086,-1,-1,-1
607,652,3912.26513671875,568.093994140625,19.4326171875,42.765869140625,0.3820578157901764,-1,-1,-1
607,428,4559.5380859375,685.6319580078125,30.1064453125,76.24261474609375,0.5508909821510315,-1,-1,-1
607,2,3641.576171875,608.4022216796875,24.176513671875,56.510986328125,0.5200202465057373,-1,-1,-1
607,676,4650.37109375,608.7935180664062,27.2578125,47.67315673828125,0.3261529207229614,-1,-1,-1
607,701,4154.31103515625,524.396728515625,18.72021484375,40.61859130859375,0.4910094738006592,-1,-1,-1
607,476,5440.48095703125,796.7501831054688,70.33740234375,96.52044677734375,0.6147675514221191,-1,-1,-1
607,708,3816.8046875,524.5244750976562,19.705810546875,24.21112060546875,0.3164871335029602,-1,-1,-1
608,652,3912.40234375,568.068359375,20.0546875,43.17852783203125,0.2717171311378479,-1,-1,-1
608,428,4559.69921875,686.0192260742188,28.41259765625,73.91864013671875,0.44456782937049866,-1,-1,-1
608,2,3640.27587890625,608.2344970703125,24.0263671875,56.67608642578125,0.4992794692516327,-1,-1,-1
608,676,4652.20849609375,608.4470825195312,26.3486328125,47.5777587890625,0.3717048466205597,-1,-1,-1
608,701,4154.26025390625,524.80322265625,18.5400390625,40.0380859375,0.475185751914978,-1,-1,-1
608,476,5438.765625,797.0667114257812,69.34716796875,97.046142578125,0.4931255578994751,-1,-1,-1
608,708,3816.84326171875,525.4567260742188,19.73046875,25.38201904296875,0.3155500292778015,-1,-1,-1
608,519,3883.739013671875,667.923828125,25.979736328125,70.0189208984375,0.28518712520599365,-1,-1,-1
609,428,4559.31591796875,686.2044067382812,27.35205078125,73.0775146484375,0.44174933433532715,-1,-1,-1
609,2,3639.672607421875,608.2864990234375,22.689453125,56.25396728515625,0.5316658020019531,-1,-1,-1
609,676,4654.2939453125,608.310791015625,24.9541015625,47.0428466796875,0.3915846347808838,-1,-1,-1
609,701,4154.2958984375,525.6805419921875,18.4951171875,39.13177490234375,0.4518382251262665,-1,-1,-1
609,476,5439.3486328125,797.7662353515625,66.49169921875,98.26922607421875,0.3553650379180908,-1,-1,-1
609,708,3815.767822265625,525.1499633789062,20.083740234375,25.08587646484375,0.2587723433971405,-1,-1,-1
609,519,3883.6728515625,667.4732055664062,24.838623046875,70.5567626953125,0.3692609667778015,-1,-1,-1
610,428,4559.078125,686.3745727539062,26.8515625,71.791748046875,0.41891664266586304,-1,-1,-1
610,2,3639.378173828125,608.336669921875,20.777099609375,55.63671875,0.4954112768173218,-1,-1,-1
610,676,4655.96435546875,608.1351928710938,24.02392578125,48.0802001953125,0.4472673237323761,-1,-1,-1
610,701,4154.34521484375,526.2376098632812,18.45654296875,38.44287109375,0.44152018427848816,-1,-1,-1
610,708,3815.1884765625,525.0814208984375,20.34326171875,26.36126708984375,0.26024532318115234,-1,-1,-1
610,519,3883.147705078125,668.0960693359375,23.73828125,69.59991455078125,0.3980890214443207,-1,-1,-1
611,428,4558.4521484375,686.6258544921875,27.50146484375,70.76385498046875,0.43586966395378113,-1,-1,-1
611,2,3639.572509765625,608.0427856445312,18.604248046875,54.1710205078125,0.4241962730884552,-1,-1,-1
611,676,4656.99853515625,608.2742309570312,23.75927734375,47.38409423828125,0.41246673464775085,-1,-1,-1
611,701,4154.34521484375,526.7444458007812,18.37353515625,38.01947021484375,0.4254581332206726,-1,-1,-1
611,519,3882.563232421875,668.9545288085938,23.36669921875,68.91058349609375,0.4864206314086914,-1,-1,-1
612,428,4554.68017578125,687.1931762695312,30.94140625,71.788330078125,0.568396270275116,-1,-1,-1
612,2,3639.29248046875,608.5349731445312,18.041748046875,55.417724609375,0.45923376083374023,-1,-1,-1
612,676,4657.927734375,608.4649047851562,23.93505859375,48.05377197265625,0.39151179790496826,-1,-1,-1
612,701,4154.41455078125,526.7617797851562,18.6298828125,37.94049072265625,0.42385154962539673,-1,-1,-1
612,519,3880.755126953125,669.8013916015625,22.129150390625,67.44573974609375,0.5259267091751099,-1,-1,-1
613,428,4551.59033203125,689.2965698242188,33.9091796875,70.44793701171875,0.6242814064025879,-1,-1,-1
613,2,3638.758056640625,608.4549560546875,17.860107421875,55.73785400390625,0.5228164196014404,-1,-1,-1
613,676,4658.09814453125,608.6866455078125,24.4638671875,48.1971435546875,0.4069960117340088,-1,-1,-1
613,701,4154.55517578125,526.699951171875,19.244140625,38.2686767578125,0.4331977665424347,-1,-1,-1
613,519,3876.241455078125,669.6541137695312,26.253662109375,68.04736328125,0.6562418937683105,-1,-1,-1
613,689,5406.35009765625,796.8059692382812,94.89990234375,100.407470703125,0.4893159866333008,-1,-1,-1
613,647,4163.0888671875,597.2692260742188,22.78564453125,47.1905517578125,0.32009193301200867,-1,-1,-1
614,428,4549.0126953125,690.1925048828125,36.06201171875,70.300048828125,0.6483746767044067,-1,-1,-1
614,2,3637.4345703125,607.8544311523438,18.594970703125,57.6368408203125,0.6217251420021057,-1,-1,-1
614,676,4658.365234375,608.6327514648438,24.794921875,48.47698974609375,0.42951875925064087,-1,-1,-1
614,701,4154.68701171875,526.3732299804688,19.41943359375,38.17529296875,0.4048425555229187,-1,-1,-1
614,519,3872.70458984375,670.206787109375,28.89794921875,66.72528076171875,0.6971032023429871,-1,-1,-1
614,689,5404.26220703125,796.8750610351562,96.18408203125,100.24407958984375,0.46244460344314575,-1,-1,-1
614,647,4163.54345703125,597.1484375,22.45263671875,47.4029541015625,0.35079246759414673,-1,-1,-1
615,428,4546.92724609375,689.9718017578125,37.11962890625,70.55999755859375,0.6898756623268127,-1,-1,-1
615,2,3635.12841796875,609.01904296875,20.232666015625,56.01959228515625,0.5860132575035095,-1,-1,-1
615,676,4658.56787109375,608.7357788085938,25.3955078125,48.6510009765625,0.39254841208457947,-1,-1,-1
615,701,4154.83984375,526.324951171875,19.662109375,38.82196044921875,0.3824397623538971,-1,-1,-1
615,519,3869.55322265625,669.857177734375,31.6630859375,66.4998779296875,0.6570799350738525,-1,-1,-1
615,689,5405.20263671875,796.89208984375,93.3505859375,100.1636962890625,0.626585841178894,-1,-1,-1
615,647,4163.365234375,597.4795532226562,22.77099609375,47.78814697265625,0.3556571900844574,-1,-1,-1
615,708,3814.10205078125,526.4037475585938,20.54833984375,26.98779296875,0.25113430619239807,-1,-1,-1
616,428,4546.19873046875,689.7621459960938,36.6337890625,71.38055419921875,0.678268551826477,-1,-1,-1
616,2,3634.18896484375,609.676025390625,20.5576171875,54.7933349609375,0.6019394993782043,-1,-1,-1
616,676,4657.94482421875,608.6864013671875,26.9736328125,47.86993408203125,0.3088019788265228,-1,-1,-1
616,701,4154.84130859375,526.1614379882812,19.90087890625,38.96295166015625,0.3511715233325958,-1,-1,-1
616,519,3868.8701171875,669.1969604492188,31.802978515625,67.63934326171875,0.6726861596107483,-1,-1,-1
616,689,5403.3916015625,797.2743530273438,93.4853515625,99.2706298828125,0.6658240556716919,-1,-1,-1
616,647,4163.74755859375,597.6842651367188,22.7392578125,47.6505126953125,0.3678724765777588,-1,-1,-1
617,428,4544.68896484375,689.1829223632812,36.32958984375,73.0428466796875,0.6696096062660217,-1,-1,-1
617,2,3632.9609375,609.7874755859375,21.453125,56.225341796875,0.6003058552742004,-1,-1,-1
617,676,4659.31787109375,608.6602172851562,25.72216796875,46.8792724609375,0.3766995966434479,-1,-1,-1
617,701,4154.88037109375,525.7334594726562,19.9482421875,39.88946533203125,0.3700122833251953,-1,-1,-1
617,519,3867.080322265625,666.95068359375,32.64404296875,69.5198974609375,0.6685588955879211,-1,-1,-1
617,689,5398.91064453125,797.6547241210938,96.25146484375,98.26776123046875,0.7056708335876465,-1,-1,-1
617,647,4163.97900390625,597.8443603515625,23.05126953125,48.73187255859375,0.41639065742492676,-1,-1,-1
618,428,4544.99169921875,689.789306640625,33.73291015625,72.69598388671875,0.6606861352920532,-1,-1,-1
618,2,3631.789306640625,609.5422973632812,22.459228515625,56.5184326171875,0.5952113270759583,-1,-1,-1
618,676,4659.09619140625,607.8948364257812,26.7880859375,47.09368896484375,0.3135945200920105,-1,-1,-1
618,701,4154.80126953125,526.1576538085938,20.42578125,39.75177001953125,0.36532431840896606,-1,-1,-1
618,519,3865.7119140625,666.3436889648438,32.794677734375,71.24713134765625,0.6361974477767944,-1,-1,-1
618,689,5395.91357421875,799.07470703125,97.7080078125,96.4271240234375,0.7086021900177002,-1,-1,-1
618,647,4163.82470703125,598.24462890625,23.6220703125,48.52215576171875,0.3791840672492981,-1,-1,-1
618,708,3814.3212890625,527.4423217773438,20.3681640625,26.5462646484375,0.25571030378341675,-1,-1,-1
619,428,4544.30126953125,689.654541015625,33.61865234375,72.6719970703125,0.6226661801338196,-1,-1,-1
619,2,3630.519287109375,609.1683349609375,22.85009765625,56.05072021484375,0.5752750039100647,-1,-1,-1
619,676,4658.6494140625,608.2576293945312,27.10302734375,46.34222412109375,0.3741084635257721,-1,-1,-1
619,701,4155.0166015625,526.579345703125,20.83203125,38.7677001953125,0.34291762113571167,-1,-1,-1
619,519,3864.7255859375,665.942626953125,31.771728515625,69.923095703125,0.5369415879249573,-1,-1,-1
619,689,5392.72802734375,799.1136474609375,98.75244140625,96.32672119140625,0.6886354088783264,-1,-1,-1
619,647,4164.244140625,598.8160400390625,23.49169921875,48.5799560546875,0.4156542718410492,-1,-1,-1
620,428,4543.55615234375,690.7999267578125,33.49609375,71.62335205078125,0.580000638961792,-1,-1,-1
620,2,3629.84716796875,609.6276245117188,22.64013671875,55.2486572265625,0.5493740439414978,-1,-1,-1
620,676,4659.5927734375,608.3151245117188,26.05126953125,45.583251953125,0.33596235513687134,-1,-1,-1
620,701,4155.07763671875,526.2564697265625,21.0498046875,39.03985595703125,0.3728182017803192,-1,-1,-1
620,519,3864.052978515625,666.90185546875,28.918701171875,68.8487548828125,0.36776217818260193,-1,-1,-1
620,689,5389.57080078125,798.925537109375,100.9375,97.27886962890625,0.6138205528259277,-1,-1,-1
620,647,4165.23876953125,599.3438110351562,22.609375,48.48095703125,0.452614963054657,-1,-1,-1
621,428,4542.001953125,692.9454345703125,33.92236328125,71.03350830078125,0.5880163311958313,-1,-1,-1
621,2,3629.65380859375,609.6419067382812,22.179931640625,54.80712890625,0.5552687048912048,-1,-1,-1
621,676,4659.46142578125,608.5254516601562,26.17822265625,44.8519287109375,0.34014618396759033,-1,-1,-1
621,701,4155.02001953125,526.424072265625,21.2294921875,37.41845703125,0.3889085352420807,-1,-1,-1
621,519,3863.442626953125,667.638427734375,27.423095703125,68.79351806640625,0.3102152347564697,-1,-1,-1
621,689,5399.28369140625,799.0736694335938,89.78515625,97.32293701171875,0.551860511302948,-1,-1,-1
621,647,4166.4375,599.23388671875,21.27978515625,50.47698974609375,0.496482789516449,-1,-1,-1
621,723,3863.767578125,510.49517822265625,13.99609375,29.8194580078125,0.35242635011672974,-1,-1,-1
622,428,4541.48779296875,693.8606567382812,34.0859375,70.53790283203125,0.5748087763786316,-1,-1,-1
622,2,3628.119873046875,608.986572265625,21.5703125,54.23779296875,0.5793413519859314,-1,-1,-1
622,676,4659.0234375,608.65966796875,26.74609375,44.5931396484375,0.34502673149108887,-1,-1,-1
622,701,4155.01416015625,526.6903686523438,21.6513671875,38.30657958984375,0.3879372179508209,-1,-1,-1
622,689,5413.23974609375,798.6378784179688,74.45849609375,97.96502685546875,0.5415576696395874,-1,-1,-1
622,647,4167.25048828125,599.8147583007812,20.37744140625,51.6676025390625,0.5112355351448059,-1,-1,-1
622,723,3863.317626953125,510.47393798828125,13.96240234375,30.18975830078125,0.33929046988487244,-1,-1,-1
623,428,4539.9677734375,694.5391845703125,34.7490234375,70.90264892578125,0.5654538869857788,-1,-1,-1
623,2,3627.236083984375,608.8743286132812,21.41943359375,54.408447265625,0.5479170680046082,-1,-1,-1
623,676,4657.14208984375,608.920654296875,28.84716796875,43.74609375,0.3109878599643707,-1,-1,-1
623,701,4154.86767578125,527.1788940429688,23.05810546875,36.88848876953125,0.30413076281547546,-1,-1,-1
623,689,5419.5185546875,798.3341064453125,65.81494140625,98.1146240234375,0.5440817475318909,-1,-1,-1
623,647,4167.96142578125,600.8399047851562,19.71875,50.75927734375,0.4898628890514374,-1,-1,-1
623,723,3862.811767578125,510.4855041503906,14.4091796875,30.212493896484375,0.31395307183265686,-1,-1,-1
623,652,3920.04052734375,571.212890625,23.7646484375,36.34222412109375,0.36006635427474976,-1,-1,-1
623,519,3858.8388671875,666.8871459960938,27.413330078125,68.056884765625,0.34145572781562805,-1,-1,-1
624,428,4539.640625,694.1841430664062,34.33251953125,71.5843505859375,0.5525401830673218,-1,-1,-1
624,2,3626.66943359375,609.1159057617188,20.092529296875,52.24127197265625,0.5001026391983032,-1,-1,-1
624,676,4655.11865234375,608.8084106445312,31.185546875,44.999755859375,0.3160642087459564,-1,-1,-1
624,701,4154.6875,526.9857788085938,23.83544921875,36.01983642578125,0.27696651220321655,-1,-1,-1
624,689,5415.38134765625,797.9838256835938,67.87255859375,98.28955078125,0.5638960003852844,-1,-1,-1
624,647,4168.45654296875,601.0315551757812,19.52197265625,50.88983154296875,0.4979660212993622,-1,-1,-1
624,723,3861.947265625,509.8388977050781,14.97607421875,31.189544677734375,0.27721866965293884,-1,-1,-1
624,652,3920.440185546875,571.5791625976562,24.20947265625,36.3038330078125,0.3961758315563202,-1,-1,-1
625,428,4539.6318359375,693.5360717773438,33.248046875,72.79119873046875,0.5264842510223389,-1,-1,-1
625,2,3626.640380859375,609.6541137695312,19.365478515625,50.6488037109375,0.47424259781837463,-1,-1,-1
625,676,4653.837890625,608.8421020507812,32.40087890625,45.019287109375,0.3168734610080719,-1,-1,-1
625,689,5414.26220703125,797.4237670898438,66.57568359375,99.06549072265625,0.5583056211471558,-1,-1,-1
625,647,4168.72216796875,601.76806640625,20.25927734375,50.1915283203125,0.47700098156929016,-1,-1,-1
625,723,3861.431396484375,510.22601318359375,15.331298828125,30.494140625,0.2818847894668579,-1,-1,-1
625,652,3920.89892578125,572.0449829101562,24.5478515625,37.66302490234375,0.38271230459213257,-1,-1,-1
625,519,3856.043212890625,665.4760131835938,26.83935546875,69.26123046875,0.32857373356819153,-1,-1,-1
626,428,4540.97021484375,693.5094604492188,31.056640625,73.34381103515625,0.5457284450531006,-1,-1,-1
626,2,3626.13525390625,609.5819091796875,19.21630859375,49.63568115234375,0.46720999479293823,-1,-1,-1
626,676,4656.14794921875,608.834228515625,29.9208984375,46.0880126953125,0.3314071595668793,-1,-1,-1
626,689,5413.71337890625,797.1707763671875,64.13916015625,99.6934814453125,0.5642404556274414,-1,-1,-1
626,647,4169.27294921875,601.9197387695312,20.80322265625,50.5657958984375,0.4687536954879761,-1,-1,-1
626,723,3861.196044921875,510.8857421875,15.59521484375,29.76446533203125,0.2725352346897125,-1,-1,-1
626,652,3923.05322265625,573.2203979492188,24.75048828125,35.72943115234375,0.3764597177505493,-1,-1,-1
626,519,3854.716064453125,664.103515625,26.957763671875,70.035888671875,0.5345362424850464,-1,-1,-1
627,428,4542.25390625,693.966064453125,29.255859375,73.199462890625,0.4440828561782837,-1,-1,-1
627,2,3624.61474609375,609.6416625976562,20.235107421875,50.31640625,0.4001297652721405,-1,-1,-1
627,676,4658.28662109375,609.0029296875,27.3212890625,45.5179443359375,0.31680238246917725,-1,-1,-1
627,689,5420.00341796875,796.76171875,57.27294921875,100.1065673828125,0.6160157322883606,-1,-1,-1
627,647,4169.58642578125,602.5928344726562,21.38427734375,49.81982421875,0.46969616413116455,-1,-1,-1
627,723,3860.640869140625,511.0608215332031,16.1201171875,29.269256591796875,0.25937744975090027,-1,-1,-1
627,652,3926.67529296875,573.5277099609375,23.11181640625,34.29718017578125,0.4526779055595398,-1,-1,-1
627,519,3852.303955078125,665.2666625976562,27.81396484375,68.69439697265625,0.5398438572883606,-1,-1,-1
628,428,4541.15087890625,693.931884765625,31.16455078125,73.96588134765625,0.4941443204879761,-1,-1,-1
628,2,3622.489990234375,609.9965209960938,22.022705078125,50.623046875,0.33502718806266785,-1,-1,-1
628,676,4660.373046875,608.9096069335938,24.95849609375,46.283935546875,0.3318665027618408,-1,-1,-1
628,689,5418.01611328125,795.8397216796875,58.39990234375,101.57452392578125,0.6190695762634277,-1,-1,-1
628,647,4169.58251953125,602.971923828125,22.46484375,49.50421142578125,0.46908038854599,-1,-1,-1
628,652,3929.324462890625,573.4768676757812,22.348876953125,33.485107421875,0.4593798518180847,-1,-1,-1
628,519,3848.712158203125,665.6082763671875,29.59765625,68.12109375,0.563045084476471,-1,-1,-1
628,737,4310.78125,572.4374389648438,23.4189453125,40.3641357421875,0.41927915811538696,-1,-1,-1
629,428,4541.572265625,694.3535766601562,30.31396484375,74.56585693359375,0.4549897611141205,-1,-1,-1
629,2,3620.85693359375,609.986572265625,23.45654296875,51.66790771484375,0.2998044192790985,-1,-1,-1
629,676,4661.466796875,608.8963623046875,23.5302734375,46.92578125,0.34745603799819946,-1,-1,-1
629,689,5419.458984375,795.645263671875,55.95068359375,102.0047607421875,0.632086455821991,-1,-1,-1
629,647,4169.80224609375,602.7548217773438,22.7119140625,49.9100341796875,0.48329225182533264,-1,-1,-1
629,652,3931.205322265625,573.7926635742188,21.6748046875,32.67724609375,0.47656458616256714,-1,-1,-1
629,519,3846.800537109375,666.219482421875,29.60595703125,66.9263916015625,0.5373651385307312,-1,-1,-1
629,737,4314.876953125,576.046142578125,22.51220703125,36.59515380859375,0.3852788805961609,-1,-1,-1
630,428,4540.9736328125,695.064453125,31.68359375,76.90362548828125,0.6775637269020081,-1,-1,-1
630,2,3619.534912109375,609.578857421875,24.65966796875,52.5931396484375,0.3089841306209564,-1,-1,-1
630,676,4661.86279296875,608.866455078125,23.00634765625,47.69195556640625,0.40661731362342834,-1,-1,-1
630,689,5405.498046875,795.51220703125,68.41748046875,103.9141845703125,0.6723452210426331,-1,-1,-1
630,647,4169.6923828125,602.1602783203125,24.130859375,51.05963134765625,0.5281957387924194,-1,-1,-1
630,652,3932.1552734375,572.92529296875,22.16650390625,34.3990478515625,0.5177090167999268,-1,-1,-1
630,519,3843.3154296875,667.0166015625,32.4326171875,67.12384033203125,0.6788256168365479,-1,-1,-1
631,428,4540.78125,696.4239501953125,32.712890625,76.42218017578125,0.6550573706626892,-1,-1,-1
631,2,3618.37255859375,609.5294189453125,25.66162109375,53.4254150390625,0.2565261125564575,-1,-1,-1
631,676,4663.02587890625,608.9339599609375,21.5556640625,47.47552490234375,0.3857709467411041,-1,-1,-1
631,689,5404.87841796875,795.7586669921875,68.5908203125,104.05755615234375,0.5880677700042725,-1,-1,-1
631,647,4169.82177734375,602.9750366210938,25.513671875,50.42437744140625,0.500430703163147,-1,-1,-1
631,652,3934.1806640625,574.12353515625,22.28564453125,34.18994140625,0.45293381810188293,-1,-1,-1
631,519,3842.83349609375,667.4332885742188,32.37744140625,67.59832763671875,0.6688095927238464,-1,-1,-1
632,428,4540.1884765625,696.5029296875,33.4072265625,77.34674072265625,0.6529780626296997,-1,-1,-1
632,676,4663.947265625,608.8990478515625,20.35107421875,47.3868408203125,0.3953915536403656,-1,-1,-1
632,689,5393.93994140625,795.8089599609375,78.6298828125,103.642333984375,0.5302112102508545,-1,-1,-1
632,647,4171.94775390625,602.8882446289062,24.345703125,49.682373046875,0.5063052177429199,-1,-1,-1
632,652,3936.846435546875,573.4481811523438,22.589599609375,35.02886962890625,0.374076783657074,-1,-1,-1
632,519,3842.893798828125,666.9403686523438,31.280029296875,67.7601318359375,0.6416890025138855,-1,-1,-1
632,747,4326.033203125,573.611328125,24.462890625,39.81182861328125,0.3916374444961548,-1,-1,-1
633,428,4539.91845703125,696.546630859375,32.83447265625,78.35882568359375,0.6688993573188782,-1,-1,-1
633,676,4664.51416015625,608.8255004882812,19.5625,47.04620361328125,0.3969860076904297,-1,-1,-1
633,689,5390.01513671875,795.79638671875,82.416015625,104.045166015625,0.487587034702301,-1,-1,-1
633,647,4173.2880859375,603.6444091796875,23.3857421875,50.9864501953125,0.5368406772613525,-1,-1,-1
633,652,3938.26953125,573.29296875,23.711181640625,34.62335205078125,0.27618733048439026,-1,-1,-1
633,519,3842.6552734375,666.3171997070312,30.536865234375,67.46966552734375,0.6473264694213867,-1,-1,-1
633,747,4329.228515625,574.912353515625,26.802734375,40.00384521484375,0.41163450479507446,-1,-1,-1
634,428,4540.41064453125,696.45263671875,32.22607421875,78.9320068359375,0.6324284672737122,-1,-1,-1
634,676,4664.67578125,608.649658203125,19.39208984375,47.0399169921875,0.3833373486995697,-1,-1,-1
634,689,5383.82470703125,795.615478515625,88.58154296875,104.87310791015625,0.47725921869277954,-1,-1,-1
634,647,4174.38134765625,604.852783203125,22.4169921875,50.42877197265625,0.5293561816215515,-1,-1,-1
634,519,3842.88525390625,666.4232177734375,28.73583984375,67.5849609375,0.64073246717453,-1,-1,-1
634,747,4334.30712890625,576.69677734375,26.53857421875,38.25201416015625,0.31765761971473694,-1,-1,-1
635,428,4540.9580078125,696.1607666015625,31.9423828125,80.11700439453125,0.6164181232452393,-1,-1,-1
635,676,4664.365234375,608.48681640625,19.71923828125,46.45758056640625,0.3853316307067871,-1,-1,-1
635,689,5376.43798828125,795.2778930664062,95.65625,104.98919677734375,0.3483339846134186,-1,-1,-1
635,647,4175.044921875,605.9814453125,22.103515625,49.48480224609375,0.5366345047950745,-1,-1,-1
635,519,3842.500244140625,666.5763549804688,27.86376953125,67.67352294921875,0.6157034039497375,-1,-1,-1
635,747,4339.8203125,578.23193359375,25.494140625,36.74566650390625,0.3800763189792633,-1,-1,-1
635,2,3613.082275390625,608.624267578125,24.9853515625,58.60968017578125,0.32835179567337036,-1,-1,-1
636,428,4541.251953125,696.2089233398438,32.171875,78.52484130859375,0.5839044451713562,-1,-1,-1
636,676,4664.6181640625,608.587890625,19.3095703125,46.0784912109375,0.37195587158203125,-1,-1,-1
636,647,4175.5458984375,607.438232421875,21.84912109375,49.48968505859375,0.5256735682487488,-1,-1,-1
636,519,3842.196533203125,666.9163208007812,26.716552734375,67.71630859375,0.5363095998764038,-1,-1,-1
636,2,3612.52001953125,608.1104736328125,24.96337890625,59.68280029296875,0.40731728076934814,-1,-1,-1
637,428,4540.70703125,696.5750732421875,32.98828125,78.72100830078125,0.6080262660980225,-1,-1,-1
637,676,4664.2314453125,608.7185668945312,19.46044921875,45.97528076171875,0.3735521733760834,-1,-1,-1
637,647,4175.91064453125,608.1065673828125,21.66455078125,49.25909423828125,0.5292143225669861,-1,-1,-1
637,519,3840.73486328125,666.9239501953125,27.01025390625,69.03369140625,0.5741891264915466,-1,-1,-1
637,2,3612.4375,607.9478759765625,22.230712890625,56.9461669921875,0.4897001087665558,-1,-1,-1
637,652,3946.942626953125,573.048828125,22.96826171875,36.59136962890625,0.324858695268631,-1,-1,-1
637,689,5371.40380859375,795.0987548828125,99.1279296875,103.40496826171875,0.299636572599411,-1,-1,-1
638,428,4540.64794921875,697.089111328125,33.4921875,79.47613525390625,0.5911642909049988,-1,-1,-1
638,676,4664.39208984375,608.9400024414062,19.04150390625,45.559326171875,0.3128822445869446,-1,-1,-1
638,647,4176.61767578125,608.6483154296875,21.19580078125,48.783935546875,0.45891889929771423,-1,-1,-1
638,519,3840.37548828125,667.6917114257812,26.2578125,66.7557373046875,0.33832108974456787,-1,-1,-1
638,2,3611.83203125,608.6043090820312,22.66015625,57.58154296875,0.48426786065101624,-1,-1,-1
638,652,3950.34716796875,573.9583740234375,21.886474609375,36.67071533203125,0.3262607455253601,-1,-1,-1
638,747,4354.158203125,578.9575805664062,23.9775390625,40.809814453125,0.28862127661705017,-1,-1,-1
639,428,4540.49169921875,698.5787353515625,34.556640625,79.20831298828125,0.6025824546813965,-1,-1,-1
639,676,4663.77685546875,608.8492431640625,19.49755859375,45.86822509765625,0.28388452529907227,-1,-1,-1
639,647,4177.75830078125,609.4722900390625,20.5283203125,48.25836181640625,0.4055847227573395,-1,-1,-1
639,2,3611.336669921875,609.7185668945312,22.722412109375,56.8326416015625,0.49725785851478577,-1,-1,-1
639,652,3954.404541015625,574.0611572265625,20.95751953125,36.65972900390625,0.3260524272918701,-1,-1,-1
639,747,4359.2724609375,579.296875,23.224609375,39.198486328125,0.2750333845615387,-1,-1,-1
640,428,4539.7080078125,700.3046875,36.169921875,78.74517822265625,0.6471678614616394,-1,-1,-1
640,676,4662.65966796875,608.6436157226562,20.3056640625,45.333251953125,0.3271067440509796,-1,-1,-1
640,647,4178.3115234375,609.8353271484375,20.6103515625,48.265869140625,0.4509228467941284,-1,-1,-1
640,2,3611.409912109375,609.574951171875,20.072998046875,55.0357666015625,0.541263222694397,-1,-1,-1
640,652,3957.198974609375,574.5165405273438,20.4189453125,36.4906005859375,0.39040252566337585,-1,-1,-1
640,747,4363.73828125,577.53125,22.05810546875,41.88055419921875,0.40279385447502136,-1,-1,-1
640,519,3837.814697265625,668.4832763671875,26.9384765625,68.1046142578125,0.33499443531036377,-1,-1,-1
641,428,4539.21435546875,702.5972900390625,37.40576171875,77.209716796875,0.6307961940765381,-1,-1,-1
641,676,4661.982421875,608.5738525390625,20.65673828125,44.943603515625,0.30750206112861633,-1,-1,-1
641,647,4179.673828125,609.9339599609375,20.5732421875,48.2513427734375,0.40804535150527954,-1,-1,-1
641,2,3611.1630859375,609.1561279296875,19.40380859375,55.08709716796875,0.5336877107620239,-1,-1,-1
641,652,3959.840576171875,573.5449829101562,19.3779296875,37.44683837890625,0.4516194760799408,-1,-1,-1
641,747,4368.19091796875,577.2973022460938,19.91943359375,40.81671142578125,0.43013933300971985,-1,-1,-1
642,428,4538.21484375,703.6885375976562,39.25341796875,76.2991943359375,0.6969992518424988,-1,-1,-1
642,676,4661.1162109375,608.4625244140625,21.16748046875,44.451416015625,0.3028091788291931,-1,-1,-1
642,647,4180.24755859375,611.378662109375,21.95166015625,46.62493896484375,0.45050129294395447,-1,-1,-1
642,2,3610.53759765625,608.8683471679688,19.1279296875,56.40985107421875,0.6073470711708069,-1,-1,-1
642,652,3963.609619140625,571.9033813476562,17.634033203125,38.2977294921875,0.41461506485939026,-1,-1,-1
642,747,4372.1474609375,578.2774658203125,19.9521484375,42.31866455078125,0.3755984306335449,-1,-1,-1
642,519,3835.55419921875,668.220703125,27.621826171875,69.076416015625,0.3900414705276489,-1,-1,-1
643,428,4537.60986328125,704.28271484375,40.435546875,75.9417724609375,0.6912697553634644,-1,-1,-1
643,676,4660.13818359375,608.605712890625,21.55126953125,46.0938720703125,0.3252483010292053,-1,-1,-1
643,647,4181.30712890625,611.4732666015625,22.626953125,46.491943359375,0.4229147136211395,-1,-1,-1
643,2,3609.976318359375,609.0470581054688,19.13623046875,56.52813720703125,0.617950975894928,-1,-1,-1
643,652,3965.711669921875,573.0552978515625,17.22314453125,36.51678466796875,0.36943551898002625,-1,-1,-1
643,519,3835.159423828125,668.7310180664062,27.734619140625,70.107421875,0.41680577397346497,-1,-1,-1
643,689,5361.8134765625,796.1423950195312,102.34521484375,103.407470703125,0.25108614563941956,-1,-1,-1
644,428,4538.3447265625,704.6279907226562,40.083984375,75.5418701171875,0.687604546546936,-1,-1,-1
644,676,4658.58251953125,608.8922119140625,22.7685546875,47.1044921875,0.32563790678977966,-1,-1,-1
644,647,4181.744140625,611.6304931640625,23.16845703125,47.99456787109375,0.45346203446388245,-1,-1,-1
644,2,3609.63525390625,609.1243286132812,19.12890625,56.543701171875,0.6145666837692261,-1,-1,-1
644,652,3966.773681640625,573.3632202148438,19.885498046875,37.44873046875,0.3505454361438751,-1,-1,-1
644,519,3834.517822265625,668.518310546875,28.005126953125,71.0123291015625,0.3075530529022217,-1,-1,-1
644,689,5362.21533203125,796.1354370117188,101.5263671875,103.42987060546875,0.3392133116722107,-1,-1,-1
644,747,4380.24072265625,577.9653930664062,22.6298828125,45.10260009765625,0.2686391770839691,-1,-1,-1
645,428,4539.74462890625,704.7169189453125,38.79833984375,74.82806396484375,0.6451128125190735,-1,-1,-1
645,676,4657.22509765625,608.76318359375,23.8310546875,47.85504150390625,0.34713229537010193,-1,-1,-1
645,647,4182.10107421875,612.4208984375,24.1259765625,49.67193603515625,0.4123936593532562,-1,-1,-1
645,2,3609.269775390625,609.447021484375,19.13720703125,55.13482666015625,0.5845208168029785,-1,-1,-1
645,652,3969.136474609375,575.07275390625,19.121826171875,36.37896728515625,0.2607356309890747,-1,-1,-1
645,519,3833.636962890625,668.690185546875,28.5029296875,70.0694580078125,0.3203757107257843,-1,-1,-1
645,747,4385.54833984375,580.3611450195312,21.2744140625,44.96697998046875,0.37203699350357056,-1,-1,-1
646,428,4540.3115234375,704.2495727539062,38.642578125,75.6297607421875,0.6527188420295715,-1,-1,-1
646,676,4656.08984375,608.6204223632812,24.92578125,48.59320068359375,0.3466982841491699,-1,-1,-1
646,647,4182.9345703125,611.5886840820312,23.57568359375,50.57708740234375,0.40589410066604614,-1,-1,-1
646,2,3608.819580078125,609.6722412109375,19.507568359375,54.73150634765625,0.6049286723136902,-1,-1,-1
646,652,3971.017333984375,575.91455078125,19.7275390625,35.98486328125,0.25958698987960815,-1,-1,-1
646,747,4389.765625,580.6142578125,20.53173828125,45.810791015625,0.4137992560863495,-1,-1,-1
646,689,5365.35498046875,796.4417114257812,96.54345703125,102.73663330078125,0.3447525203227997,-1,-1,-1
647,428,4541.1162109375,704.212646484375,37.88134765625,76.3526611328125,0.642363965511322,-1,-1,-1
647,676,4655.220703125,608.542724609375,25.625,48.66943359375,0.3263823390007019,-1,-1,-1
647,647,4183.82861328125,611.1437377929688,23.3720703125,50.78814697265625,0.4411739110946655,-1,-1,-1
647,2,3607.9208984375,609.4642944335938,20.187744140625,55.3692626953125,0.645804226398468,-1,-1,-1
647,652,3973.56005859375,575.5276489257812,21.38330078125,40.02862548828125,0.29270002245903015,-1,-1,-1
647,747,4393.77685546875,582.4801635742188,19.76416015625,44.1075439453125,0.4349285960197449,-1,-1,-1
647,689,5367.658203125,796.52734375,93.6650390625,102.46160888671875,0.3982280492782593,-1,-1,-1
647,519,3832.398681640625,669.6968383789062,29.195556640625,68.97930908203125,0.42285671830177307,-1,-1,-1
648,428,4542.4384765625,704.515625,36.908203125,77.09930419921875,0.6837601661682129,-1,-1,-1
648,676,4653.9306640625,608.4780883789062,26.8701171875,48.8411865234375,0.2970024049282074,-1,-1,-1
648,647,4184.94775390625,611.7496337890625,23.36669921875,50.8936767578125,0.45586565136909485,-1,-1,-1
648,2,3607.17529296875,608.8182373046875,20.67724609375,55.74017333984375,0.6649168133735657,-1,-1,-1
648,652,3974.638671875,574.7334594726562,22.619140625,40.32525634765625,0.3447127938270569,-1,-1,-1
648,747,4397.9541015625,584.3396606445312,19.85986328125,43.5302734375,0.4531864523887634,-1,-1,-1
648,689,5370.1806640625,796.6638793945312,90.67431640625,102.270263671875,0.5332521796226501,-1,-1,-1
648,761,3497.34130859375,557.5579833984375,20.64794921875,29.85589599609375,0.34022706747055054,-1,-1,-1
648,519,3832.08154296875,669.7754516601562,29.3984375,68.51348876953125,0.419653981924057,-1,-1,-1
649,428,4543.0751953125,705.6504516601562,36.8095703125,78.32489013671875,0.6132581233978271,-1,-1,-1
649,676,4652.31591796875,608.5070190429688,28.2421875,48.50274658203125,0.3065062463283539,-1,-1,-1
649,647,4185.7109375,611.7510375976562,24.42138671875,51.27130126953125,0.48421430587768555,-1,-1,-1
649,2,3606.6591796875,609.4028930664062,20.312744140625,54.721435546875,0.6174455881118774,-1,-1,-1
649,652,3977.15869140625,574.2852783203125,21.398193359375,40.589599609375,0.42468881607055664,-1,-1,-1
649,747,4399.84619140625,585.897216796875,22.97265625,43.195556640625,0.3800169825553894,-1,-1,-1
649,689,5372.24853515625,796.6405029296875,88.44189453125,102.11083984375,0.5561195611953735,-1,-1,-1
649,761,3496.922119140625,558.0369262695312,20.537353515625,29.38079833984375,0.33716881275177,-1,-1,-1
649,519,3831.904296875,669.4348754882812,29.321044921875,68.54534912109375,0.3779831826686859,-1,-1,-1
650,428,4544.94482421875,708.12744140625,35.71337890625,79.23553466796875,0.6091241240501404,-1,-1,-1
650,676,4651.8505859375,608.5479736328125,28.38427734375,48.298583984375,0.331828773021698,-1,-1,-1
650,647,4186.7763671875,612.271484375,24.7392578125,50.9217529296875,0.49820438027381897,-1,-1,-1
650,2,3605.731201171875,610.2114868164062,21.510009765625,56.80047607421875,0.6191805601119995,-1,-1,-1
650,652,3979.96826171875,574.9552612304688,20.29443359375,39.1510009765625,0.4330037832260132,-1,-1,-1
650,689,5375.8671875,796.98193359375,85.3662109375,101.5750732421875,0.551249086856842,-1,-1,-1
650,761,3496.83837890625,558.3048706054688,20.37841796875,29.0184326171875,0.3251384198665619,-1,-1,-1
650,519,3831.63037109375,669.3076782226562,29.333984375,68.55828857421875,0.29534173011779785,-1,-1,-1
651,428,4545.78662109375,709.5722045898438,35.3564453125,78.2755126953125,0.6560214757919312,-1,-1,-1
651,676,4651.14453125,608.63427734375,28.78466796875,47.61376953125,0.31991904973983765,-1,-1,-1
651,647,4188.11181640625,613.5576782226562,24.5390625,49.16217041015625,0.4825291335582733,-1,-1,-1
651,2,3604.9306640625,610.5780639648438,22.261474609375,57.7735595703125,0.5734530687332153,-1,-1,-1
651,652,3982.889892578125,574.8529663085938,19.190185546875,39.90374755859375,0.5021674633026123,-1,-1,-1
651,689,5382.08251953125,797.48974609375,79.7724609375,100.6248779296875,0.562531054019928,-1,-1,-1
651,761,3497.000244140625,558.0645141601562,20.2841796875,30.120361328125,0.32534000277519226,-1,-1,-1
651,519,3830.649658203125,668.6902465820312,28.19970703125,69.57293701171875,0.3091866672039032,-1,-1,-1
651,747,4405.69091796875,585.0692138671875,25.1181640625,44.63629150390625,0.30954334139823914,-1,-1,-1
652,428,4547.1123046875,710.3433837890625,34.43212890625,78.07720947265625,0.7082564234733582,-1,-1,-1
652,676,4650.0693359375,608.901123046875,29.83984375,46.8721923828125,0.2889309525489807,-1,-1,-1
652,647,4189.47412109375,614.490966796875,23.97265625,48.247802734375,0.4523680508136749,-1,-1,-1
652,2,3605.22265625,610.6004638671875,21.005859375,56.43682861328125,0.5821147561073303,-1,-1,-1
652,652,3985.026611328125,575.0614013671875,18.699951171875,40.03326416015625,0.46921494603157043,-1,-1,-1
652,689,5389.97021484375,797.7430419921875,72.2021484375,100.21514892578125,0.542915940284729,-1,-1,-1
652,761,3497.158935546875,557.3245239257812,20.417724609375,31.686279296875,0.3386387526988983,-1,-1,-1
652,519,3830.1181640625,668.6580810546875,27.174072265625,70.021728515625,0.39917802810668945,-1,-1,-1
652,747,4410.1162109375,585.1987915039062,22.1630859375,45.2222900390625,0.4001734256744385,-1,-1,-1
653,428,4547.99169921875,712.1654663085938,34.529296875,76.3583984375,0.6396101117134094,-1,-1,-1
653,676,4648.85205078125,609.4675903320312,30.8369140625,45.9310302734375,0.25589802861213684,-1,-1,-1
653,647,4190.66015625,614.4152221679688,24.103515625,49.2662353515625,0.393898069858551,-1,-1,-1
653,2,3605.41064453125,610.4820556640625,20.025634765625,56.0931396484375,0.5781819820404053,-1,-1,-1
653,652,3986.865478515625,574.2178344726562,18.16845703125,40.17236328125,0.5156385898590088,-1,-1,-1
653,689,5392.95361328125,797.8565673828125,69.05029296875,100.2044677734375,0.556697428226471,-1,-1,-1
653,761,3497.432861328125,557.1644897460938,20.3203125,31.4644775390625,0.3313857913017273,-1,-1,-1
653,519,3829.873046875,669.0680541992188,26.728515625,69.91839599609375,0.43867093324661255,-1,-1,-1
653,747,4413.48583984375,585.4100341796875,19.7890625,44.95721435546875,0.4660375714302063,-1,-1,-1
654,428,4549.29931640625,712.5635986328125,34.18212890625,76.2745361328125,0.6643334031105042,-1,-1,-1
654,647,4192.12158203125,614.1748046875,24.0927734375,49.5269775390625,0.35586294531822205,-1,-1,-1
654,2,3605.100830078125,610.473388671875,19.6123046875,56.077392578125,0.5545877814292908,-1,-1,-1
654,652,3988.312255859375,573.6084594726562,18.334228515625,41.9798583984375,0.5554996728897095,-1,-1,-1
654,689,5390.67236328125,797.7216186523438,72.021484375,100.2464599609375,0.5977204442024231,-1,-1,-1
654,761,3498.157470703125,558.0807495117188,20.054931640625,30.50799560546875,0.2714666426181793,-1,-1,-1
654,519,3829.7978515625,669.4686279296875,26.517578125,69.7724609375,0.4662804901599884,-1,-1,-1
654,747,4416.77197265625,586.0357666015625,18.69287109375,43.3883056640625,0.48037225008010864,-1,-1,-1
655,428,4550.484375,711.82861328125,34.2314453125,77.66357421875,0.5893420577049255,-1,-1,-1
655,647,4194.56005859375,615.1524658203125,21.45361328125,47.736328125,0.35856544971466064,-1,-1,-1
655,2,3604.94970703125,610.3502197265625,19.164306640625,56.0361328125,0.5536814332008362,-1,-1,-1
655,652,3990.7001953125,573.5174560546875,16.712646484375,41.5064697265625,0.5111913084983826,-1,-1,-1
655,689,5390.3203125,797.5859985351562,73.275390625,100.4757080078125,0.6197894215583801,-1,-1,-1
655,761,3498.68798828125,558.8057250976562,19.994140625,30.369384765625,0.25902605056762695,-1,-1,-1
655,519,3829.880126953125,669.7608642578125,26.272705078125,69.22686767578125,0.45226091146469116,-1,-1,-1
655,747,4419.47705078125,586.3972778320312,20.669921875,43.532958984375,0.5338422656059265,-1,-1,-1
656,428,4551.55078125,710.90283203125,33.9365234375,79.393310546875,0.6412535309791565,-1,-1,-1
656,647,4195.50048828125,615.4595336914062,20.63671875,49.29632568359375,0.3727368414402008,-1,-1,-1
656,2,3604.7763671875,610.4126586914062,18.961181640625,55.9752197265625,0.5709569454193115,-1,-1,-1
656,652,3992.701171875,572.7649536132812,16.668212890625,42.67022705078125,0.5517897605895996,-1,-1,-1
656,689,5390.37890625,797.7601318359375,73.8330078125,100.8531494140625,0.649884819984436,-1,-1,-1
656,761,3499.165771484375,558.6927490234375,19.76513671875,31.13238525390625,0.29978328943252563,-1,-1,-1
656,519,3829.943359375,669.5772705078125,25.936767578125,69.3935546875,0.45174333453178406,-1,-1,-1
656,747,4422.3994140625,586.0191040039062,21.572265625,45.445556640625,0.5163620710372925,-1,-1,-1
657,428,4553.123046875,710.1566772460938,34.20458984375,81.41412353515625,0.6192566752433777,-1,-1,-1
657,647,4196.6240234375,614.7523803710938,20.5615234375,50.28155517578125,0.42885157465934753,-1,-1,-1
657,2,3604.738525390625,610.7587890625,18.868896484375,55.39990234375,0.5699602961540222,-1,-1,-1
657,652,3993.62158203125,572.6506958007812,18.166259765625,43.6341552734375,0.4719254970550537,-1,-1,-1
657,689,5390.88037109375,797.8051147460938,74.44189453125,101.2415771484375,0.6400923132896423,-1,-1,-1
657,761,3500.465087890625,559.3643188476562,18.288818359375,31.14215087890625,0.30959367752075195,-1,-1,-1
657,519,3829.92041015625,669.352783203125,25.72705078125,69.345703125,0.4438926577568054,-1,-1,-1
657,747,4425.451171875,586.7737426757812,21.70166015625,45.71368408203125,0.5192059874534607,-1,-1,-1
658,428,4554.205078125,712.1796875,35.193359375,81.0159912109375,0.6086903810501099,-1,-1,-1
658,647,4197.28369140625,613.6912841796875,22.0263671875,52.89276123046875,0.4902403652667999,-1,-1,-1
658,2,3604.5205078125,610.8211669921875,19.017822265625,55.60516357421875,0.5843507051467896,-1,-1,-1
658,652,3994.27001953125,573.8677368164062,21.0908203125,42.59356689453125,0.3243526220321655,-1,-1,-1
658,689,5390.50634765625,797.7101440429688,75.4453125,101.49053955078125,0.6535464525222778,-1,-1,-1
658,761,3501.515625,558.849609375,17.28662109375,31.8438720703125,0.30187350511550903,-1,-1,-1
658,519,3829.933349609375,669.0570678710938,25.775634765625,69.38543701171875,0.45079946517944336,-1,-1,-1
658,747,4427.0625,587.6356811523438,22.58740234375,44.99261474609375,0.44134169816970825,-1,-1,-1
659,428,4554.62939453125,713.307373046875,37.16748046875,83.466796875,0.6799815893173218,-1,-1,-1
659,647,4197.6015625,614.138916015625,23.02783203125,53.9326171875,0.470901757478714,-1,-1,-1
659,2,3604.260009765625,610.7855834960938,19.243896484375,56.10467529296875,0.5828249454498291,-1,-1,-1
659,652,3994.505859375,573.5635986328125,22.25537109375,41.10406494140625,0.26861250400543213,-1,-1,-1
659,689,5389.81591796875,797.5433959960938,76.962890625,101.40765380859375,0.6752967834472656,-1,-1,-1
659,761,3502.20654296875,557.6160278320312,16.89013671875,34.5693359375,0.3100746273994446,-1,-1,-1
659,519,3829.84326171875,669.350341796875,25.88134765625,69.372314453125,0.47337737679481506,-1,-1,-1
660,428,4555.40234375,716.8887329101562,37.8427734375,81.22686767578125,0.5913825631141663,-1,-1,-1
660,647,4198.23681640625,613.9428100585938,23.26611328125,54.45111083984375,0.44871512055397034,-1,-1,-1
660,2,3603.893310546875,610.4478759765625,19.468505859375,56.247314453125,0.5694122314453125,-1,-1,-1
660,689,5389.50341796875,797.088623046875,78.46337890625,101.50213623046875,0.6594206094741821,-1,-1,-1
660,761,3502.745849609375,556.96240234375,17.03466796875,35.33538818359375,0.28674429655075073,-1,-1,-1
660,519,3829.8251953125,669.2672119140625,25.834716796875,69.59686279296875,0.47703689336776733,-1,-1,-1
661,428,4555.2314453125,718.8594970703125,39.0361328125,81.2857666015625,0.6602308750152588,-1,-1,-1
661,647,4198.818359375,613.4903564453125,24.2490234375,56.3289794921875,0.45025938749313354,-1,-1,-1
661,2,3603.59765625,610.3981323242188,19.64013671875,56.43853759765625,0.5817288756370544,-1,-1,-1
661,689,5388.51953125,796.7825317382812,80.48486328125,102.310791015625,0.664600133895874,-1,-1,-1
661,761,3503.19921875,556.86669921875,16.975830078125,35.5738525390625,0.2887967526912689,-1,-1,-1
661,519,3829.58740234375,669.587646484375,25.61474609375,69.19476318359375,0.5518797636032104,-1,-1,-1
661,747,4433.232421875,588.6484985351562,25.0087890625,43.9053955078125,0.32545146346092224,-1,-1,-1
662,428,4555.85888671875,720.4314575195312,39.2900390625,81.77325439453125,0.67905193567276,-1,-1,-1
662,647,4199.73046875,614.4519653320312,24.35546875,55.557861328125,0.47186699509620667,-1,-1,-1
662,2,3603.164794921875,610.1249389648438,19.79541015625,57.13043212890625,0.5715147852897644,-1,-1,-1
662,689,5387.626953125,796.5438842773438,82.341796875,102.91815185546875,0.6414392590522766,-1,-1,-1
662,761,3503.87890625,556.8754272460938,16.541015625,35.679443359375,0.30027279257774353,-1,-1,-1
662,519,3829.430419921875,669.8695068359375,25.27294921875,68.9798583984375,0.571740448474884,-1,-1,-1
662,747,4435.640625,587.8466186523438,24.31884765625,45.6580810546875,0.42640334367752075,-1,-1,-1
662,652,4000.868896484375,575.7273559570312,22.6845703125,40.01019287109375,0.25495409965515137,-1,-1,-1
663,428,4557.49755859375,721.1868896484375,38.1474609375,82.14013671875,0.6952999830245972,-1,-1,-1
663,647,4201.16064453125,614.7816772460938,23.93310546875,55.4681396484375,0.5271984934806824,-1,-1,-1
663,2,3602.904541015625,609.8114624023438,19.65087890625,57.25640869140625,0.5831667184829712,-1,-1,-1
663,689,5388.0732421875,798.39306640625,82.2783203125,101.7659912109375,0.6179444193840027,-1,-1,-1
663,519,3829.4521484375,670.460205078125,24.990234375,68.206298828125,0.5626308917999268,-1,-1,-1
663,747,4439.6689453125,588.3073120117188,22.13330078125,45.72540283203125,0.45338675379753113,-1,-1,-1
663,652,4002.436767578125,576.2828979492188,21.8681640625,40.77264404296875,0.2967187166213989,-1,-1,-1
664,428,4559.21240234375,722.46240234375,36.9716796875,80.551513671875,0.6915236115455627,-1,-1,-1
664,647,4201.650390625,614.2350463867188,23.8994140625,56.0185546875,0.47629085183143616,-1,-1,-1
664,2,3602.73974609375,609.4571533203125,19.552978515625,57.5960693359375,0.575690746307373,-1,-1,-1
664,689,5388.91943359375,799.10546875,82.10595703125,101.6363525390625,0.6266188621520996,-1,-1,-1
664,519,3829.470703125,670.6216430664062,24.908203125,67.66290283203125,0.5003746747970581,-1,-1,-1
664,747,4442.1025390625,588.7634887695312,22.79248046875,45.96978759765625,0.4646139144897461,-1,-1,-1
664,652,4005.998046875,575.23583984375,18.720947265625,41.89495849609375,0.3688013255596161,-1,-1,-1
665,428,4560.2724609375,723.1101684570312,36.1513671875,80.368408203125,0.7127900123596191,-1,-1,-1
665,647,4203.55078125,615.2684326171875,22.400390625,54.34967041015625,0.4844557046890259,-1,-1,-1
665,2,3602.97265625,609.5557250976562,19.024658203125,57.41070556640625,0.5462905168533325,-1,-1,-1
665,689,5393.61328125,799.55029296875,78.84814453125,101.856201171875,0.6102599501609802,-1,-1,-1
665,519,3829.0791015625,670.9832153320312,24.876708984375,67.34124755859375,0.504902720451355,-1,-1,-1
665,747,4444.62109375,589.651611328125,21.7470703125,44.63958740234375,0.45619234442710876,-1,-1,-1
665,652,4008.01708984375,574.8981323242188,17.296875,42.4658203125,0.3898288905620575,-1,-1,-1
666,428,4561.68701171875,723.3092651367188,35.474609375,80.4918212890625,0.6854714751243591,-1,-1,-1
666,647,4206.955078125,615.1695556640625,19.7646484375,53.93255615234375,0.46996983885765076,-1,-1,-1
666,2,3602.83837890625,609.7413330078125,19.089599609375,56.86712646484375,0.5489943027496338,-1,-1,-1
666,689,5408.064453125,799.2388916015625,66.84033203125,102.12750244140625,0.5826768279075623,-1,-1,-1
666,519,3828.054443359375,670.78271484375,25.721435546875,67.76025390625,0.5798887610435486,-1,-1,-1
666,747,4446.345703125,589.3397216796875,21.50830078125,44.92718505859375,0.4274534583091736,-1,-1,-1
666,652,4009.311279296875,573.9789428710938,16.847900390625,43.37542724609375,0.42406362295150757,-1,-1,-1
667,428,4563.03515625,723.2753295898438,35.95947265625,79.71856689453125,0.6704233288764954,-1,-1,-1
667,647,4208.7822265625,615.3793334960938,19.9384765625,53.126708984375,0.5252319574356079,-1,-1,-1
667,2,3602.26171875,609.8171997070312,19.244384765625,55.0428466796875,0.542423665523529,-1,-1,-1
667,689,5413.705078125,799.8380737304688,63.1845703125,101.49383544921875,0.5758990049362183,-1,-1,-1
667,519,3825.93115234375,670.40966796875,27.1533203125,68.25103759765625,0.6488256454467773,-1,-1,-1
667,747,4448.27734375,588.4321899414062,22.7470703125,46.9833984375,0.4848363697528839,-1,-1,-1
667,652,4009.891357421875,573.5349731445312,16.988037109375,44.3807373046875,0.4486817717552185,-1,-1,-1
668,428,4564.2578125,722.8161010742188,36.04345703125,81.6890869140625,0.6952527761459351,-1,-1,-1
668,647,4210.0146484375,615.2649536132812,20.16845703125,52.90301513671875,0.3821026086807251,-1,-1,-1
668,2,3601.845947265625,609.7005004882812,19.0439453125,53.97198486328125,0.5242888331413269,-1,-1,-1
668,689,5414.779296875,801.253173828125,64.529296875,100.42840576171875,0.5583027601242065,-1,-1,-1
668,519,3823.958984375,670.3784790039062,28.09375,68.5008544921875,0.6533180475234985,-1,-1,-1
668,747,4449.61181640625,588.4716186523438,23.509765625,48.32843017578125,0.5008761882781982,-1,-1,-1
668,652,4009.9521484375,573.9743041992188,17.28564453125,44.022216796875,0.43238839507102966,-1,-1,-1
669,428,4565.28759765625,722.5525512695312,36.88330078125,83.2435302734375,0.7339676022529602,-1,-1,-1
669,647,4210.5126953125,614.90966796875,22.1318359375,54.16156005859375,0.32247161865234375,-1,-1,-1
669,2,3601.483154296875,609.89599609375,18.83837890625,53.22216796875,0.4910222291946411,-1,-1,-1
669,689,5415.08642578125,802.0677490234375,66.78955078125,99.9183349609375,0.5976837873458862,-1,-1,-1
669,519,3822.092041015625,670.5330810546875,29.322509765625,68.35601806640625,0.6695364117622375,-1,-1,-1
669,747,4451.1552734375,588.6969604492188,23.78857421875,48.1690673828125,0.5247154235839844,-1,-1,-1
669,652,4010.690673828125,573.7696533203125,17.107421875,44.252685546875,0.4719773232936859,-1,-1,-1
670,428,4566.255859375,723.3145141601562,37.4921875,82.58966064453125,0.734254777431488,-1,-1,-1
670,647,4210.78076171875,615.278564453125,22.6962890625,55.2056884765625,0.251745343208313,-1,-1,-1
670,2,3601.21630859375,609.9537353515625,18.8427734375,52.81329345703125,0.4812975525856018,-1,-1,-1
670,689,5415.4990234375,802.8558959960938,68.91162109375,99.67315673828125,0.5894265174865723,-1,-1,-1
670,519,3820.428955078125,670.56103515625,30.388427734375,68.6773681640625,0.6599746942520142,-1,-1,-1
670,747,4452.2890625,589.2023315429688,24.23388671875,47.59375,0.5116612315177917,-1,-1,-1
670,652,4011.888916015625,573.4291381835938,16.99267578125,44.2705078125,0.5053287148475647,-1,-1,-1
670,766,4096.01904296875,568.6327514648438,17.8310546875,31.5640869140625,0.34381815791130066,-1,-1,-1
671,428,4566.6083984375,722.3047485351562,38.27587890625,84.99395751953125,0.7572352290153503,-1,-1,-1
671,2,3600.994140625,609.6773071289062,18.603759765625,52.697021484375,0.49589091539382935,-1,-1,-1
671,689,5415.81005859375,803.3126831054688,71.08203125,99.3660888671875,0.5778980851173401,-1,-1,-1
671,519,3820.086669921875,670.5625,29.865478515625,68.5220947265625,0.6755421161651611,-1,-1,-1
671,747,4453.30859375,588.4671630859375,25.6884765625,48.6363525390625,0.5092225074768066,-1,-1,-1
671,652,4012.457763671875,573.3517456054688,17.62744140625,44.454833984375,0.5196062922477722,-1,-1,-1
671,766,4095.960205078125,568.2388305664062,18.348876953125,32.0113525390625,0.3355206847190857,-1,-1,-1
671,768,3830.062744140625,518.9251098632812,18.3046875,40.99652099609375,0.3650464415550232,-1,-1,-1
672,428,4567.48095703125,721.6392211914062,38.03271484375,87.31817626953125,0.7303391695022583,-1,-1,-1
672,2,3600.8125,609.33056640625,18.643310546875,53.37921142578125,0.49695885181427,-1,-1,-1
672,689,5411.4033203125,804.1854858398438,77.37939453125,98.7718505859375,0.5586078763008118,-1,-1,-1
672,519,3819.61572265625,670.5711059570312,29.412109375,68.55584716796875,0.6802836656570435,-1,-1,-1
672,747,4453.7822265625,588.47998046875,25.7294921875,47.77520751953125,0.4588654935359955,-1,-1,-1
672,652,4012.694580078125,573.1083984375,18.661865234375,43.896240234375,0.4903557598590851,-1,-1,-1
672,766,4096.25830078125,568.21630859375,19.1611328125,32.134765625,0.3213790953159332,-1,-1,-1
672,768,3829.964111328125,518.687744140625,18.087158203125,41.51593017578125,0.38449543714523315,-1,-1,-1
673,428,4568.50634765625,722.3156127929688,38.44482421875,89.34033203125,0.7288164496421814,-1,-1,-1
673,2,3600.59814453125,609.1602172851562,18.712158203125,53.603271484375,0.50281822681427,-1,-1,-1
673,689,5396.4873046875,804.5437622070312,95.66748046875,98.47894287109375,0.6150609850883484,-1,-1,-1
673,519,3819.192138671875,670.29443359375,29.36865234375,68.8514404296875,0.7013291716575623,-1,-1,-1
673,747,4454.015625,587.756591796875,25.85791015625,49.0235595703125,0.45423123240470886,-1,-1,-1
673,652,4013.199462890625,572.7345581054688,19.521240234375,42.82989501953125,0.4830356538295746,-1,-1,-1
673,766,4097.93359375,567.5731201171875,18.76904296875,33.027587890625,0.34479689598083496,-1,-1,-1
673,768,3829.820556640625,519.0419921875,18.773193359375,40.587890625,0.34972476959228516,-1,-1,-1
673,647,4214.37060546875,616.4024047851562,25.482421875,56.38629150390625,0.27302661538124084,-1,-1,-1
674,428,4569.439453125,723.5761108398438,38.60595703125,90.89959716796875,0.7401100397109985,-1,-1,-1
674,2,3600.22998046875,609.0972290039062,18.878173828125,53.71392822265625,0.4861151874065399,-1,-1,-1
674,689,5389.99462890625,805.29052734375,104.71142578125,98.1864013671875,0.6403773427009583,-1,-1,-1
674,519,3818.658203125,670.2723388671875,29.5185546875,69.116943359375,0.671990156173706,-1,-1,-1
674,747,4454.11865234375,587.6358032226562,25.4453125,48.00067138671875,0.31198063492774963,-1,-1,-1
674,652,4014.28466796875,572.1315307617188,19.43115234375,43.5098876953125,0.5312350392341614,-1,-1,-1
674,766,4099.46630859375,567.34326171875,18.73779296875,33.68572998046875,0.3847929537296295,-1,-1,-1
674,647,4215.1142578125,617.3594360351562,25.83544921875,55.74896240234375,0.33937868475914,-1,-1,-1
675,428,4570.00048828125,724.5587158203125,39.126953125,91.36578369140625,0.7186793684959412,-1,-1,-1
675,2,3599.97900390625,609.1055908203125,19.217529296875,53.56402587890625,0.47348377108573914,-1,-1,-1
675,689,5387.8330078125,806.4403076171875,110.18701171875,98.02691650390625,0.7036094665527344,-1,-1,-1
675,519,3818.085693359375,670.3515014648438,29.2177734375,69.22967529296875,0.6710870265960693,-1,-1,-1
675,747,4454.2001953125,587.7767944335938,25.912109375,47.3984375,0.26521217823028564,-1,-1,-1
675,652,4014.438720703125,572.1394653320312,19.436767578125,42.88677978515625,0.5066825151443481,-1,-1,-1
675,766,4100.7216796875,566.2530517578125,19.45068359375,34.58489990234375,0.27985772490501404,-1,-1,-1
675,647,4215.708984375,618.4056396484375,25.74609375,54.61175537109375,0.33014580607414246,-1,-1,-1
675,768,3829.500244140625,518.69189453125,21.469482421875,39.36358642578125,0.28069156408309937,-1,-1,-1
676,428,4570.94482421875,725.0807495117188,38.73291015625,91.596435546875,0.7165223360061646,-1,-1,-1
676,2,3599.955810546875,609.6115112304688,20.5166015625,55.94122314453125,0.48803988099098206,-1,-1,-1
676,689,5388.0078125,807.5628662109375,113.97216796875,96.740478515625,0.5325654149055481,-1,-1,-1
676,519,3817.41259765625,670.1720581054688,29.333251953125,69.5123291015625,0.6846523284912109,-1,-1,-1
676,747,4456.22509765625,587.5455932617188,25.3779296875,50.416259765625,0.2712765634059906,-1,-1,-1
676,652,4014.724609375,572.4838256835938,19.5517578125,40.14764404296875,0.4384005665779114,-1,-1,-1
676,647,4216.6982421875,619.1563720703125,25.240234375,54.31939697265625,0.4206889271736145,-1,-1,-1
676,768,3829.1181640625,518.9697265625,21.3603515625,38.26312255859375,0.3162691295146942,-1,-1,-1
677,428,4572.12939453125,726.3351440429688,38.03857421875,90.93316650390625,0.7358829975128174,-1,-1,-1
677,2,3599.877197265625,609.6408081054688,21.1953125,56.98675537109375,0.4979184865951538,-1,-1,-1
677,689,5389.7783203125,809.7588500976562,115.42578125,95.13934326171875,0.32020607590675354,-1,-1,-1
677,519,3817.27880859375,670.359619140625,28.718017578125,69.0302734375,0.7094112038612366,-1,-1,-1
677,747,4456.98876953125,588.8682250976562,27.20703125,48.12933349609375,0.27353212237358093,-1,-1,-1
677,652,4016.3642578125,572.6893920898438,18.195068359375,42.331787109375,0.5295938849449158,-1,-1,-1
677,647,4217.76904296875,619.7528686523438,24.9423828125,53.54400634765625,0.40004590153694153,-1,-1,-1
677,768,3828.8232421875,519.5657348632812,21.427734375,37.833740234375,0.3080688714981079,-1,-1,-1
678,428,4573.4052734375,726.933349609375,37.5087890625,90.79583740234375,0.7215400338172913,-1,-1,-1
678,2,3599.9404296875,609.8552856445312,21.177734375,56.78375244140625,0.48795267939567566,-1,-1,-1
678,519,3816.8994140625,670.3238525390625,28.704345703125,68.7532958984375,0.7031506896018982,-1,-1,-1
678,652,4017.375,573.2537841796875,16.927490234375,40.64459228515625,0.5100274085998535,-1,-1,-1
678,647,4219.859375,620.2786254882812,23.13671875,51.96484375,0.43478888273239136,-1,-1,-1
678,768,3828.46533203125,519.3946533203125,21.845458984375,36.84844970703125,0.2993721663951874,-1,-1,-1
679,428,4574.71435546875,727.2637329101562,37.05126953125,90.27264404296875,0.6374979019165039,-1,-1,-1
679,2,3599.97509765625,610.1744384765625,20.9169921875,55.7838134765625,0.46824514865875244,-1,-1,-1
679,519,3816.31201171875,670.5365600585938,29.32177734375,69.1458740234375,0.6803838610649109,-1,-1,-1
679,652,4018.87353515625,573.796142578125,15.664306640625,40.36944580078125,0.5376325845718384,-1,-1,-1
679,647,4221.9111328125,618.5507202148438,21.8427734375,53.2412109375,0.4229656755924225,-1,-1,-1
679,768,3828.20703125,518.8995971679688,22.461669921875,37.8212890625,0.2721659243106842,-1,-1,-1
680,428,4575.4150390625,727.1177978515625,37.10400390625,90.8671875,0.6398463845252991,-1,-1,-1
680,2,3599.727294921875,610.4849853515625,21.0302734375,55.9720458984375,0.45939481258392334,-1,-1,-1
680,519,3815.375,670.6403198242188,29.692626953125,69.365478515625,0.654396653175354,-1,-1,-1
680,652,4019.59130859375,574.8495483398438,15.260986328125,38.659912109375,0.4579043388366699,-1,-1,-1
680,647,4223.78271484375,619.4795532226562,20.5673828125,52.78668212890625,0.4421240985393524,-1,-1,-1
680,689,5392.8740234375,811.65380859375,123.39697265625,94.2523193359375,0.3285946547985077,-1,-1,-1
681,428,4576.05322265625,729.3276977539062,37.0947265625,87.52630615234375,0.6728102564811707,-1,-1,-1
681,2,3599.798095703125,610.676025390625,21.0927734375,55.05023193359375,0.45638519525527954,-1,-1,-1
681,519,3814.49609375,670.361083984375,29.796630859375,69.5599365234375,0.6905168294906616,-1,-1,-1
681,652,4019.96630859375,574.7743530273438,15.447998046875,37.58245849609375,0.482553631067276,-1,-1,-1
681,647,4226.392578125,619.4134521484375,19.2685546875,52.4051513671875,0.47793781757354736,-1,-1,-1
681,772,4653.51025390625,610.0557250976562,28.548828125,48.70745849609375,0.33913326263427734,-1,-1,-1
681,689,5395.8154296875,811.072509765625,124.53271484375,95.86444091796875,0.39889705181121826,-1,-1,-1
682,428,4576.61865234375,730.457275390625,37.23828125,86.65704345703125,0.7376826405525208,-1,-1,-1
682,2,3599.642333984375,610.6941528320312,21.26513671875,54.5218505859375,0.48353812098503113,-1,-1,-1
682,519,3813.25390625,670.2211303710938,30.8916015625,70.53533935546875,0.6928885579109192,-1,-1,-1
682,652,4020.399658203125,575.1153564453125,17.453125,38.02777099609375,0.40265288949012756,-1,-1,-1
682,647,4228.2548828125,618.5880126953125,18.8974609375,53.64007568359375,0.5038789510726929,-1,-1,-1
682,772,4654.0849609375,609.6484375,28.87841796875,49.650146484375,0.38634634017944336,-1,-1,-1
682,689,5424.60009765625,811.02099609375,99.796875,96.00909423828125,0.43605780601501465,-1,-1,-1
683,428,4576.75048828125,731.91259765625,37.158203125,86.43927001953125,0.7048746347427368,-1,-1,-1
683,2,3599.750732421875,610.8560180664062,21.28271484375,53.79888916015625,0.4540195167064667,-1,-1,-1
683,519,3811.362060546875,670.5065307617188,30.815185546875,71.90673828125,0.6379113793373108,-1,-1,-1
683,652,4020.501220703125,575.4666748046875,18.349365234375,37.7957763671875,0.38802871108055115,-1,-1,-1
683,647,4230.04150390625,620.0162963867188,18.30224609375,51.87823486328125,0.5212186574935913,-1,-1,-1
683,772,4655.59619140625,609.7177124023438,27.98583984375,48.99859619140625,0.36242958903312683,-1,-1,-1
683,689,5416.11572265625,811.3235473632812,114.18505859375,96.7452392578125,0.466276079416275,-1,-1,-1
684,428,4576.623046875,731.60791015625,37.9423828125,87.341064453125,0.7428791522979736,-1,-1,-1
684,2,3599.98828125,610.7457275390625,21.14208984375,54.142333984375,0.4858552813529968,-1,-1,-1
684,519,3810.36669921875,670.3478393554688,30.075927734375,71.39300537109375,0.6091481447219849,-1,-1,-1
684,647,4230.9443359375,620.8252563476562,19.109375,50.32958984375,0.5187253355979919,-1,-1,-1
684,772,4656.85595703125,609.4855346679688,27.51025390625,50.159423828125,0.4263010621070862,-1,-1,-1
684,689,5447.72216796875,811.9073486328125,87.880859375,96.45306396484375,0.5800109505653381,-1,-1,-1
685,428,4576.85888671875,732.1029663085938,38.2421875,87.6920166015625,0.7307429909706116,-1,-1,-1
685,2,3600.07421875,610.408935546875,21.131591796875,54.82275390625,0.5189909338951111,-1,-1,-1
685,519,3809.446533203125,670.0604248046875,29.71826171875,70.64166259765625,0.5710766911506653,-1,-1,-1
685,647,4231.1708984375,621.014404296875,20.373046875,51.777099609375,0.585489809513092,-1,-1,-1
685,772,4657.236328125,609.6688842773438,27.99951171875,50.65576171875,0.4384121596813202,-1,-1,-1
685,689,5461.64013671875,811.2809448242188,78.4423828125,99.668212890625,0.7211583852767944,-1,-1,-1
686,428,4577.0166015625,732.5624389648438,38.234375,88.3509521484375,0.6363698840141296,-1,-1,-1
686,2,3600.117919921875,610.2200927734375,21.01220703125,55.18035888671875,0.5032379627227783,-1,-1,-1
686,519,3809.197998046875,669.9556274414062,28.8193359375,70.47222900390625,0.4971808195114136,-1,-1,-1
686,647,4231.9873046875,620.8181762695312,20.2177734375,52.96600341796875,0.5957778692245483,-1,-1,-1
686,772,4657.77392578125,609.4898071289062,28.26318359375,53.05780029296875,0.467358261346817,-1,-1,-1
686,689,5439.765625,812.318115234375,104.98095703125,98.918701171875,0.5693933367729187,-1,-1,-1
687,428,4577.66943359375,732.7757568359375,37.87939453125,89.41064453125,0.6439002156257629,-1,-1,-1
687,2,3600.037109375,610.2013549804688,21.224609375,55.4796142578125,0.5083666443824768,-1,-1,-1
687,519,3808.415771484375,668.848388671875,28.61962890625,71.083251953125,0.5581701397895813,-1,-1,-1
687,647,4232.544921875,621.2835693359375,20.52685546875,52.99322509765625,0.5776343941688538,-1,-1,-1
687,772,4657.98583984375,610.3859252929688,29.7490234375,53.2086181640625,0.41157522797584534,-1,-1,-1
687,689,5440.28369140625,813.5927734375,108.1943359375,96.29931640625,0.5081532001495361,-1,-1,-1
688,428,4579.123046875,733.8289184570312,36.77294921875,88.26904296875,0.5446162223815918,-1,-1,-1
688,2,3600.110595703125,609.701171875,21.6044921875,55.14630126953125,0.5064799785614014,-1,-1,-1
688,519,3807.17138671875,667.8973388671875,28.81591796875,72.15185546875,0.5253570079803467,-1,-1,-1
688,647,4233.4208984375,621.4654541015625,20.33837890625,54.15948486328125,0.6163912415504456,-1,-1,-1
688,772,4659.06689453125,611.3740844726562,30.11669921875,52.86212158203125,0.38775303959846497,-1,-1,-1
688,689,5436.32275390625,814.8809204101562,115.32275390625,94.380126953125,0.5549419522285461,-1,-1,-1
688,773,4453.30517578125,585.06689453125,25.35791015625,47.26300048828125,0.3783034086227417,-1,-1,-1
689,428,4579.5654296875,734.5452270507812,36.7236328125,87.96368408203125,0.5318781733512878,-1,-1,-1
689,2,3600.141845703125,609.51513671875,22.036865234375,54.61297607421875,0.5073259472846985,-1,-1,-1
689,519,3806.1044921875,667.1981811523438,30.38818359375,72.6976318359375,0.49381446838378906,-1,-1,-1
689,647,4234.41064453125,620.9994506835938,20.1826171875,54.8160400390625,0.6225513219833374,-1,-1,-1
689,772,4659.25732421875,611.158935546875,30.98046875,54.32220458984375,0.46435606479644775,-1,-1,-1
689,689,5440.18115234375,815.0496215820312,115.05810546875,93.535400390625,0.67838054895401,-1,-1,-1
689,773,4452.9384765625,584.2326049804688,25.4375,48.50384521484375,0.4702644944190979,-1,-1,-1
690,428,4579.91943359375,734.861083984375,36.82470703125,89.382080078125,0.5988782048225403,-1,-1,-1
690,2,3600.368896484375,609.4852905273438,22.312255859375,55.62664794921875,0.5506376028060913,-1,-1,-1
690,519,3805.590087890625,667.4512329101562,30.71728515625,72.5120849609375,0.5034657120704651,-1,-1,-1
690,647,4234.79833984375,621.204833984375,20.685546875,55.40234375,0.6320639252662659,-1,-1,-1
690,772,4659.3642578125,611.3807373046875,31.73876953125,54.8487548828125,0.4798351228237152,-1,-1,-1
690,689,5444.78173828125,814.4251098632812,115.52490234375,93.0457763671875,0.6902970671653748,-1,-1,-1
690,773,4452.46044921875,583.9462890625,25.095703125,49.27081298828125,0.5307303071022034,-1,-1,-1
691,428,4580.52880859375,736.6976318359375,37.41748046875,88.9766845703125,0.5100800395011902,-1,-1,-1
691,2,3600.805419921875,609.565673828125,22.3134765625,56.041748046875,0.5344969630241394,-1,-1,-1
691,519,3805.39501953125,667.9624633789062,29.57666015625,71.68475341796875,0.45256558060646057,-1,-1,-1
691,647,4235.5986328125,621.6591186523438,21.38818359375,55.379638671875,0.6124424338340759,-1,-1,-1
691,772,4660.3212890625,611.8195190429688,31.88818359375,55.1094970703125,0.46602487564086914,-1,-1,-1
691,689,5455.568359375,813.3053588867188,113.81884765625,94.55816650390625,0.47451290488243103,-1,-1,-1
691,773,4451.2099609375,583.560546875,25.1494140625,49.73992919921875,0.5464627742767334,-1,-1,-1
692,428,4581.0625,739.6893920898438,38.07861328125,86.71807861328125,0.460519403219223,-1,-1,-1
692,2,3601.011962890625,609.4100952148438,22.67578125,56.58489990234375,0.5333386659622192,-1,-1,-1
692,519,3804.784912109375,667.9467163085938,27.64501953125,70.87591552734375,0.4506800174713135,-1,-1,-1
692,647,4236.1611328125,620.9039916992188,22.2138671875,55.68402099609375,0.5846129059791565,-1,-1,-1
692,772,4661.44091796875,612.5321044921875,31.890625,55.02752685546875,0.4588354229927063,-1,-1,-1
692,689,5471.23193359375,813.4525756835938,107.078125,93.4083251953125,0.575959324836731,-1,-1,-1
692,773,4450.4892578125,583.5526123046875,25.09326171875,49.6448974609375,0.5375508666038513,-1,-1,-1
692,780,4037.785888671875,574.0711669921875,19.19775390625,33.2596435546875,0.38609176874160767,-1,-1,-1
693,428,4581.41943359375,741.125,38.5322265625,85.60675048828125,0.49362167716026306,-1,-1,-1
693,2,3601.326171875,610.058837890625,22.586181640625,55.97216796875,0.5602971911430359,-1,-1,-1
693,519,3803.91552734375,667.7567749023438,26.782958984375,70.803466796875,0.4438231885433197,-1,-1,-1
693,647,4236.9658203125,620.2534790039062,22.40087890625,55.8944091796875,0.5141267776489258,-1,-1,-1
693,772,4662.7568359375,613.1526489257812,31.4853515625,53.22076416015625,0.44772228598594666,-1,-1,-1
693,689,5485.7255859375,813.5803833007812,99.5849609375,94.6226806640625,0.6767802834510803,-1,-1,-1
693,773,4449.21435546875,582.8201904296875,25.57763671875,50.2913818359375,0.5367681980133057,-1,-1,-1
693,780,4039.994140625,573.1685180664062,19.18896484375,33.318115234375,0.46225816011428833,-1,-1,-1
694,428,4581.4404296875,741.6360473632812,39.31103515625,85.119384765625,0.5058953762054443,-1,-1,-1
694,2,3601.27392578125,609.7504272460938,23.062255859375,56.316650390625,0.5754389762878418,-1,-1,-1
694,519,3803.018798828125,668.1939697265625,26.293701171875,70.144287109375,0.412704199552536,-1,-1,-1
694,647,4237.38671875,620.2440795898438,22.59033203125,55.5589599609375,0.4285762310028076,-1,-1,-1
694,772,4664.3115234375,613.9993896484375,30.8916015625,47.4635009765625,0.31298670172691345,-1,-1,-1
694,689,5497.35888671875,813.962158203125,94.587890625,95.20135498046875,0.7350941896438599,-1,-1,-1
694,773,4448.35595703125,582.2897338867188,25.13623046875,50.50799560546875,0.531875491142273,-1,-1,-1
694,780,4040.833984375,573.3047485351562,19.04931640625,33.4234619140625,0.4622030258178711,-1,-1,-1
695,428,4582.1279296875,741.9796752929688,39.5048828125,85.26031494140625,0.4867507517337799,-1,-1,-1
695,2,3601.79443359375,609.2296142578125,22.830078125,56.78289794921875,0.5704521536827087,-1,-1,-1
695,519,3802.451416015625,669.5798950195312,25.844482421875,68.47711181640625,0.38149380683898926,-1,-1,-1
695,647,4238.55908203125,619.771484375,21.6494140625,55.60614013671875,0.41773557662963867,-1,-1,-1
695,772,4666.171875,614.6564331054688,30.12939453125,46.47119140625,0.33337679505348206,-1,-1,-1
695,689,5502.72265625,814.3741455078125,92.78271484375,96.679443359375,0.7578911185264587,-1,-1,-1
695,773,4446.44482421875,582.2572021484375,24.51416015625,49.60882568359375,0.5147184729576111,-1,-1,-1
695,780,4043.599853515625,571.7797241210938,18.145751953125,33.1126708984375,0.49106740951538086,-1,-1,-1
695,785,3845.510009765625,515.6544799804688,18.28662109375,41.1290283203125,0.34334591031074524,-1,-1,-1
696,428,4583.15380859375,742.3074340820312,38.4990234375,84.63446044921875,0.4707869589328766,-1,-1,-1
696,2,3602.878662109375,608.81396484375,22.46630859375,56.7169189453125,0.5782010555267334,-1,-1,-1
696,519,3801.71826171875,669.6190795898438,26.5712890625,68.12835693359375,0.5613528490066528,-1,-1,-1
696,647,4239.79833984375,619.4467163085938,21.8427734375,55.8001708984375,0.4493638277053833,-1,-1,-1
696,772,4667.626953125,614.817138671875,29.12890625,48.851806640625,0.3572803735733032,-1,-1,-1
696,689,5504.71240234375,813.383056640625,94.4052734375,99.7410888671875,0.6784064173698425,-1,-1,-1
696,773,4445.2587890625,581.9696044921875,23.85693359375,49.030029296875,0.4878709316253662,-1,-1,-1
696,780,4046.190185546875,570.2752685546875,16.24853515625,36.03338623046875,0.5086802840232849,-1,-1,-1
696,785,3845.96337890625,515.5922241210938,17.80517578125,40.4075927734375,0.3748130202293396,-1,-1,-1
697,428,4583.48876953125,742.1832275390625,38.25244140625,84.569580078125,0.545961320400238,-1,-1,-1
697,2,3603.922607421875,609.0357666015625,22.363037109375,55.7713623046875,0.594395101070404,-1,-1,-1
697,519,3801.164794921875,669.3944091796875,26.82080078125,67.60028076171875,0.5643751621246338,-1,-1,-1
697,647,4240.6484375,619.5449829101562,22.75146484375,55.99798583984375,0.4920782744884491,-1,-1,-1
697,772,4668.791015625,616.1243896484375,29.4755859375,50.49871826171875,0.3049803376197815,-1,-1,-1
697,689,5505.97802734375,813.1103515625,96.630859375,101.05169677734375,0.6013993620872498,-1,-1,-1
697,773,4443.900390625,581.4522705078125,22.52734375,47.8284912109375,0.4882948100566864,-1,-1,-1
697,780,4047.33251953125,569.5281372070312,17.662109375,35.6466064453125,0.39681699872016907,-1,-1,-1
697,785,3846.23974609375,515.9539794921875,17.616455078125,38.0838623046875,0.3560732305049896,-1,-1,-1
698,428,4583.33349609375,742.7291259765625,38.81982421875,84.1611328125,0.5833132266998291,-1,-1,-1
698,2,3604.39306640625,609.3252563476562,22.625732421875,55.43121337890625,0.6295047402381897,-1,-1,-1
698,519,3800.5732421875,669.0764770507812,27.392822265625,67.91583251953125,0.5756579637527466,-1,-1,-1
698,647,4242.1962890625,619.9783935546875,23.59423828125,55.47430419921875,0.5091007351875305,-1,-1,-1
698,772,4668.99365234375,616.2010498046875,30.7958984375,49.73199462890625,0.27822279930114746,-1,-1,-1
698,689,5505.72314453125,813.7057495117188,99.8525390625,102.3726806640625,0.5979267358779907,-1,-1,-1
698,773,4442.25244140625,581.0518798828125,22.130859375,45.17913818359375,0.47947001457214355,-1,-1,-1
698,785,3846.4833984375,515.8058471679688,17.362060546875,37.32720947265625,0.3661383092403412,-1,-1,-1
699,428,4583.43408203125,742.6793212890625,38.4443359375,83.98504638671875,0.5570396184921265,-1,-1,-1
699,2,3604.723876953125,609.5270385742188,22.863525390625,55.193115234375,0.6355788707733154,-1,-1,-1
699,519,3799.364990234375,669.0008544921875,28.07421875,67.5518798828125,0.5794039964675903,-1,-1,-1
699,647,4243.11865234375,620.138427734375,23.916015625,55.46832275390625,0.5142900347709656,-1,-1,-1
699,689,5505.02490234375,815.9428100585938,103.31787109375,100.7347412109375,0.5052814483642578,-1,-1,-1
699,773,4440.78125,580.8814086914062,21.52099609375,44.73382568359375,0.49057599902153015,-1,-1,-1
699,785,3846.18017578125,515.6060180664062,17.6259765625,37.3477783203125,0.36260145902633667,-1,-1,-1
700,428,4583.29833984375,743.246337890625,38.6953125,83.43182373046875,0.5577030777931213,-1,-1,-1
700,2,3604.536376953125,609.2421875,23.460205078125,55.63555908203125,0.6250490546226501,-1,-1,-1
700,519,3798.238037109375,668.9697265625,28.33740234375,67.7554931640625,0.594853937625885,-1,-1,-1
700,647,4243.71630859375,620.6735229492188,24.27734375,54.41607666015625,0.47655776143074036,-1,-1,-1
700,689,5505.21044921875,818.0452880859375,106.90380859375,99.46490478515625,0.5183295011520386,-1,-1,-1
700,773,4439.09130859375,580.8421630859375,21.42578125,44.05596923828125,0.463884562253952,-1,-1,-1
700,785,3846.197998046875,516.5218505859375,17.460693359375,35.08355712890625,0.31666645407676697,-1,-1,-1
700,772,4671.39111328125,617.0427856445312,31.7177734375,52.0780029296875,0.2619573175907135,-1,-1,-1
701,428,4582.697265625,743.9600830078125,40.6064453125,83.79736328125,0.6304507255554199,-1,-1,-1
701,2,3605.02294921875,609.3575439453125,23.4697265625,55.08697509765625,0.6464206576347351,-1,-1,-1
701,519,3796.743896484375,668.106689453125,29.220703125,68.87457275390625,0.66021728515625,-1,-1,-1
701,647,4244.8095703125,620.8346557617188,24.33154296875,53.99859619140625,0.4814838469028473,-1,-1,-1
701,689,5538.64599609375,814.6585083007812,79.27001953125,103.7650146484375,0.5819764733314514,-1,-1,-1
701,773,4437.84375,580.93115234375,21.509765625,44.05694580078125,0.4713617265224457,-1,-1,-1
701,785,3846.342041015625,516.9404907226562,17.32861328125,37.70477294921875,0.3772393763065338,-1,-1,-1
701,772,4672.0771484375,616.8671264648438,32.24609375,53.12066650390625,0.36175164580345154,-1,-1,-1
702,428,4582.19140625,743.9260864257812,41.748046875,84.55609130859375,0.6438092589378357,-1,-1,-1
702,2,3605.644775390625,609.8237915039062,22.95556640625,53.6507568359375,0.6294998526573181,-1,-1,-1
702,519,3795.581787109375,667.50634765625,27.580322265625,68.853515625,0.5961979627609253,-1,-1,-1
702,647,4244.98193359375,621.3054809570312,24.8486328125,53.76690673828125,0.4790613651275635,-1,-1,-1
702,689,5517.68310546875,815.5054931640625,108.259765625,105.99847412109375,0.6528499722480774,-1,-1,-1
702,773,4434.74267578125,581.2898559570312,23.52978515625,44.1827392578125,0.3960363268852234,-1,-1,-1
702,785,3845.792236328125,518.2205200195312,17.524169921875,37.0582275390625,0.32486769556999207,-1,-1,-1
702,772,4672.1162109375,617.2360229492188,32.8154296875,52.44683837890625,0.2916238009929657,-1,-1,-1
703,428,4581.88232421875,744.0988159179688,43.05224609375,84.75067138671875,0.6460620760917664,-1,-1,-1
703,2,3606.58837890625,609.8373413085938,21.991455078125,52.71533203125,0.6138079762458801,-1,-1,-1
703,519,3794.4521484375,666.6130981445312,26.46044921875,68.26971435546875,0.5679335594177246,-1,-1,-1
703,647,4245.7548828125,621.7578735351562,25.19482421875,52.38116455078125,0.44203343987464905,-1,-1,-1
703,689,5514.9482421875,815.109619140625,116.86962890625,106.93426513671875,0.6676453351974487,-1,-1,-1
703,773,4432.39208984375,582.286376953125,25.021484375,43.13568115234375,0.3285232186317444,-1,-1,-1
703,785,3846.258056640625,519.090087890625,17.292236328125,34.6002197265625,0.31901487708091736,-1,-1,-1
704,428,4581.6611328125,743.7532958984375,44.091796875,85.29888916015625,0.668959379196167,-1,-1,-1
704,2,3607.38427734375,609.0562133789062,21.513916015625,53.0609130859375,0.6179904341697693,-1,-1,-1
704,519,3793.06298828125,665.40283203125,26.33984375,68.74957275390625,0.5702348351478577,-1,-1,-1
704,647,4247.5576171875,622.0631103515625,23.2822265625,52.2144775390625,0.48246103525161743,-1,-1,-1
704,689,5515.7607421875,814.7130126953125,122.7958984375,106.5335693359375,0.749172568321228,-1,-1,-1
704,773,4430.6669921875,582.2540893554688,26.5185546875,44.0584716796875,0.30994001030921936,-1,-1,-1
704,785,3846.613525390625,517.4608154296875,17.67041015625,36.9161376953125,0.36544185876846313,-1,-1,-1
705,428,4581.38525390625,743.1749877929688,45.01611328125,85.64013671875,0.6525972485542297,-1,-1,-1
705,2,3608.795654296875,609.1212158203125,20.531982421875,51.85198974609375,0.5573070645332336,-1,-1,-1
705,519,3791.67578125,665.1392211914062,26.3935546875,67.99493408203125,0.5162111520767212,-1,-1,-1
705,647,4248.7509765625,622.216552734375,22.02783203125,53.70965576171875,0.5374873280525208,-1,-1,-1
705,689,5519.68896484375,814.6146240234375,123.556640625,106.12139892578125,0.62422114610672,-1,-1,-1
705,785,3846.90771484375,516.5951538085938,17.873291015625,38.2642822265625,0.3602190911769867,-1,-1,-1
706,428,4580.88525390625,743.3128662109375,45.88720703125,85.03271484375,0.6192917823791504,-1,-1,-1
706,2,3609.427490234375,608.9974365234375,20.213623046875,51.39544677734375,0.5548895597457886,-1,-1,-1
706,519,3790.6025390625,664.6090087890625,26.908203125,68.35284423828125,0.4776928722858429,-1,-1,-1
706,647,4249.78662109375,622.5470581054688,21.49365234375,53.5792236328125,0.5476328730583191,-1,-1,-1
706,689,5528.6748046875,816.6670532226562,118.66552734375,102.76031494140625,0.5051032900810242,-1,-1,-1
706,785,3847.082275390625,516.1768188476562,18.205810546875,39.30731201171875,0.40026888251304626,-1,-1,-1
707,428,4579.85107421875,743.8374633789062,47.10546875,84.76239013671875,0.6543118953704834,-1,-1,-1
707,2,3609.950927734375,608.5203247070312,20.0380859375,51.63250732421875,0.5710728168487549,-1,-1,-1
707,519,3790.169677734375,664.04296875,26.726806640625,69.412109375,0.6183059811592102,-1,-1,-1
707,647,4250.42333984375,622.8427734375,21.62060546875,52.94110107421875,0.5633023977279663,-1,-1,-1
707,689,5532.62939453125,817.73974609375,119.36572265625,101.17877197265625,0.5558542609214783,-1,-1,-1
707,785,3847.33935546875,516.9602661132812,18.49658203125,39.31640625,0.3855459988117218,-1,-1,-1
707,772,4676.16650390625,619.0023803710938,34.69287109375,52.552978515625,0.4070432186126709,-1,-1,-1
707,773,4425.0498046875,580.6365356445312,26.69677734375,43.0220947265625,0.3054415285587311,-1,-1,-1
708,428,4578.7392578125,744.5030517578125,48.27099609375,85.36029052734375,0.5764718651771545,-1,-1,-1
708,2,3610.3525390625,608.7555541992188,19.90380859375,51.61669921875,0.5325732827186584,-1,-1,-1
708,519,3787.7001953125,664.623046875,28.623291015625,69.611083984375,0.6136258840560913,-1,-1,-1
708,647,4251.09521484375,622.7160034179688,21.1494140625,51.73822021484375,0.5402075052261353,-1,-1,-1
708,689,5539.75537109375,817.723876953125,118.7958984375,100.40826416015625,0.3077644109725952,-1,-1,-1
708,785,3848.162109375,516.14111328125,18.444580078125,40.56134033203125,0.4203120470046997,-1,-1,-1
708,772,4676.51123046875,620.233154296875,35.18798828125,50.93524169921875,0.3546988070011139,-1,-1,-1
708,773,4422.287109375,581.9663696289062,27.83544921875,42.0042724609375,0.389548659324646,-1,-1,-1
709,428,4576.18017578125,744.62939453125,50.494140625,86.18450927734375,0.569513738155365,-1,-1,-1
709,2,3610.478515625,608.6024780273438,19.745361328125,52.32745361328125,0.5549184083938599,-1,-1,-1
709,519,3785.659423828125,665.3031005859375,28.912353515625,69.1759033203125,0.5860768556594849,-1,-1,-1
709,647,4253.09716796875,622.2216186523438,19.82861328125,51.47100830078125,0.6021261215209961,-1,-1,-1
709,689,5550.5107421875,820.8748168945312,117.7783203125,97.72015380859375,0.3393082320690155,-1,-1,-1
709,785,3849.199951171875,515.3920288085938,18.585205078125,41.38873291015625,0.4529283940792084,-1,-1,-1
709,772,4676.99609375,621.2796630859375,35.71826171875,48.8870849609375,0.4307428300380707,-1,-1,-1
709,773,4421.54736328125,582.57421875,27.17822265625,41.46075439453125,0.43535110354423523,-1,-1,-1
710,428,4572.275390625,745.055419921875,55.55615234375,86.20404052734375,0.5696194767951965,-1,-1,-1
710,2,3610.58349609375,608.5889892578125,19.9140625,52.50048828125,0.5117052793502808,-1,-1,-1
710,519,3783.28857421875,665.738037109375,31.15966796875,68.78045654296875,0.6193894147872925,-1,-1,-1
710,647,4254.0126953125,621.8936157226562,19.6025390625,51.66363525390625,0.5758359432220459,-1,-1,-1
710,689,5564.26416015625,820.7978515625,113.41015625,98.7998046875,0.39863821864128113,-1,-1,-1
710,785,3849.471923828125,515.2903442382812,18.55517578125,41.245361328125,0.44940027594566345,-1,-1,-1
710,772,4678.12060546875,622.121826171875,36.1630859375,48.3280029296875,0.48145073652267456,-1,-1,-1
710,773,4420.4208984375,583.2845458984375,27.30908203125,40.4208984375,0.4227202534675598,-1,-1,-1
711,428,4569.63671875,745.94384765625,60.34716796875,85.0819091796875,0.4443272054195404,-1,-1,-1
711,2,3610.702392578125,608.2020874023438,20.075439453125,52.92047119140625,0.4890809655189514,-1,-1,-1
711,519,3782.46142578125,666.8841552734375,30.302490234375,67.73211669921875,0.5513584613800049,-1,-1,-1
711,647,4255.05078125,621.443359375,19.3876953125,51.39990234375,0.5505151152610779,-1,-1,-1
711,785,3849.682373046875,514.4439697265625,19.625,42.13336181640625,0.48968639969825745,-1,-1,-1
711,772,4680.17529296875,623.2933349609375,36.03515625,47.56671142578125,0.4128853380680084,-1,-1,-1
711,773,4419.89111328125,584.0757446289062,26.74169921875,38.998046875,0.39664897322654724,-1,-1,-1
712,428,4562.91552734375,746.9099731445312,70.69384765625,84.13836669921875,0.42684218287467957,-1,-1,-1
712,2,3610.6767578125,608.072265625,20.437744140625,54.068115234375,0.4884527921676636,-1,-1,-1
712,519,3781.641357421875,667.0390014648438,29.626220703125,67.67449951171875,0.4752209484577179,-1,-1,-1
712,647,4255.2900390625,621.511962890625,20.4248046875,50.9466552734375,0.5414373278617859,-1,-1,-1
712,785,3849.78857421875,515.0017700195312,19.733154296875,41.68341064453125,0.46487027406692505,-1,-1,-1
712,772,4682.13134765625,622.6329345703125,37.30078125,49.36273193359375,0.4276590645313263,-1,-1,-1
712,773,4419.29296875,584.0587768554688,27.15380859375,39.3665771484375,0.38933098316192627,-1,-1,-1
712,689,5587.970703125,818.55859375,105.880859375,99.1270751953125,0.43452244997024536,-1,-1,-1
713,428,4556.10791015625,745.31103515625,83.61962890625,84.42950439453125,0.27188926935195923,-1,-1,-1
713,2,3610.591064453125,608.3870239257812,20.4091796875,52.51422119140625,0.4520855247974396,-1,-1,-1
713,519,3781.23974609375,667.5341186523438,29.28759765625,67.13165283203125,0.4336581230163574,-1,-1,-1
713,647,4255.62939453125,621.7461547851562,21.27734375,50.35040283203125,0.5341383814811707,-1,-1,-1
713,785,3849.849609375,514.8065795898438,20.679931640625,38.95245361328125,0.417449027299881,-1,-1,-1
713,772,4682.82275390625,623.1575927734375,39.07666015625,49.73626708984375,0.29903003573417664,-1,-1,-1
713,773,4418.7861328125,583.6203002929688,28.537109375,39.7918701171875,0.3909168243408203,-1,-1,-1
713,689,5600.49072265625,817.8606567382812,98.27294921875,99.8863525390625,0.3931225538253784,-1,-1,-1
714,2,3611.021484375,609.5789794921875,20.314453125,51.398681640625,0.48935920000076294,-1,-1,-1
714,519,3780.807373046875,667.2817993164062,28.759765625,67.1304931640625,0.4700566232204437,-1,-1,-1
714,647,4255.74658203125,622.3895874023438,22.09375,51.131103515625,0.5739391446113586,-1,-1,-1
714,785,3849.7080078125,515.7074584960938,21.84423828125,38.7159423828125,0.43465182185173035,-1,-1,-1
714,773,4418.87109375,583.4693603515625,29.1083984375,40.58465576171875,0.4166143238544464,-1,-1,-1
714,689,5609.08740234375,817.61181640625,92.90283203125,100.86248779296875,0.4968164265155792,-1,-1,-1
715,2,3611.515380859375,608.93701171875,20.138916015625,52.29620361328125,0.4670150876045227,-1,-1,-1
715,519,3780.7890625,667.2318725585938,28.046875,67.01104736328125,0.3225099444389343,-1,-1,-1
715,647,4255.818359375,622.9708251953125,22.818359375,53.15704345703125,0.604070782661438,-1,-1,-1
715,785,3850.309814453125,515.1028442382812,21.7705078125,38.106689453125,0.4234495162963867,-1,-1,-1
715,773,4418.90673828125,582.9790649414062,29.65234375,41.5084228515625,0.4267640709877014,-1,-1,-1
715,689,5613.1162109375,818.205322265625,89.77099609375,100.7347412109375,0.6200718283653259,-1,-1,-1
715,772,4692.37841796875,622.7396850585938,35.88330078125,49.70855712890625,0.31219929456710815,-1,-1,-1
716,2,3612.399169921875,608.9114379882812,20.320068359375,51.3712158203125,0.43857067823410034,-1,-1,-1
716,519,3780.7373046875,667.407958984375,27.790771484375,66.88616943359375,0.34612059593200684,-1,-1,-1
716,647,4255.62744140625,622.4545288085938,24.02392578125,55.356689453125,0.6473603248596191,-1,-1,-1
716,785,3850.8427734375,517.7994995117188,22.09716796875,36.8975830078125,0.36588582396507263,-1,-1,-1
716,773,4419.1552734375,581.8875732421875,29.8642578125,43.01800537109375,0.43619757890701294,-1,-1,-1
716,689,5612.28857421875,817.8472290039062,90.6435546875,102.50421142578125,0.5171194076538086,-1,-1,-1
716,772,4695.8525390625,622.9085083007812,36.13037109375,50.70831298828125,0.2984485626220703,-1,-1,-1
717,2,3612.6337890625,608.67236328125,20.99560546875,52.57470703125,0.49327540397644043,-1,-1,-1
717,519,3780.69775390625,667.3884887695312,27.5537109375,67.09234619140625,0.35897696018218994,-1,-1,-1
717,647,4255.73388671875,622.1663818359375,24.7294921875,56.52496337890625,0.6624904870986938,-1,-1,-1
717,785,3851.246337890625,520.4525146484375,23.487548828125,33.5294189453125,0.2868216335773468,-1,-1,-1
717,773,4418.35791015625,579.9163208007812,30.74560546875,45.2379150390625,0.43697383999824524,-1,-1,-1
717,689,5611.6865234375,817.324951171875,91.98486328125,104.5140380859375,0.40773120522499084,-1,-1,-1
717,772,4701.095703125,623.0459594726562,33.98583984375,51.40936279296875,0.26684004068374634,-1,-1,-1
718,2,3612.948486328125,609.3939208984375,21.65185546875,51.54302978515625,0.44682952761650085,-1,-1,-1
718,519,3780.7421875,667.5287475585938,27.406494140625,66.750732421875,0.26380854845046997,-1,-1,-1
718,647,4256.041015625,622.4172973632812,25.16748046875,56.27899169921875,0.6581075191497803,-1,-1,-1
718,773,4417.951171875,578.0297241210938,31.1416015625,47.07489013671875,0.434141606092453,-1,-1,-1
718,689,5606.140625,816.15771484375,98.82080078125,106.44281005859375,0.317569375038147,-1,-1,-1
718,772,4705.4951171875,622.89111328125,32.41259765625,49.85986328125,0.2683888375759125,-1,-1,-1
719,2,3613.189697265625,609.8077392578125,22.5263671875,52.646240234375,0.4502890110015869,-1,-1,-1
719,519,3780.861083984375,667.3110961914062,27.309326171875,66.9117431640625,0.3062964975833893,-1,-1,-1
719,647,4256.2314453125,622.0499877929688,25.79248046875,56.71221923828125,0.646416425704956,-1,-1,-1
719,773,4417.70654296875,576.77783203125,31.98583984375,48.401123046875,0.4191329777240753,-1,-1,-1
719,689,5603.1044921875,815.7735595703125,102.65380859375,106.84619140625,0.5135784149169922,-1,-1,-1
719,772,4711.4951171875,622.9547119140625,28.6123046875,48.48724365234375,0.3195663392543793,-1,-1,-1
720,2,3612.7587890625,609.7617797851562,23.775634765625,52.6605224609375,0.4346655011177063,-1,-1,-1
720,519,3780.7685546875,667.224365234375,27.582763671875,67.551513671875,0.44542694091796875,-1,-1,-1
720,647,4256.50244140625,622.1893310546875,26.853515625,56.97906494140625,0.6794211864471436,-1,-1,-1
720,773,4417.01904296875,574.1182250976562,33.5576171875,50.94061279296875,0.45949363708496094,-1,-1,-1
720,689,5600.3046875,816.41650390625,107.6728515625,106.54437255859375,0.5598022937774658,-1,-1,-1
720,772,4715.31298828125,623.1990356445312,27.05224609375,47.63623046875,0.3824912905693054,-1,-1,-1
720,428,4552.619140625,735.1861572265625,76.49072265625,97.29364013671875,0.382554829120636,-1,-1,-1
721,2,3613.20263671875,611.1510620117188,24.684814453125,51.43865966796875,0.3844864070415497,-1,-1,-1
721,519,3780.803955078125,667.5206298828125,27.7001953125,67.12335205078125,0.43957313895225525,-1,-1,-1
721,647,4256.5888671875,622.8411254882812,27.76806640625,56.14459228515625,0.6461998224258423,-1,-1,-1
721,773,4417.16650390625,573.4252319335938,34.328125,51.38330078125,0.4566461443901062,-1,-1,-1
721,689,5635.03857421875,817.9119262695312,77.447265625,105.64239501953125,0.4931846261024475,-1,-1,-1
721,772,4718.0166015625,623.5767822265625,27.7744140625,48.560302734375,0.3999517858028412,-1,-1,-1
721,428,4554.787109375,734.5743408203125,71.349609375,99.02264404296875,0.47369372844696045,-1,-1,-1
722,2,3613.62060546875,613.0468139648438,24.953857421875,49.63592529296875,0.371789813041687,-1,-1,-1
722,519,3780.92041015625,668.030517578125,28.280517578125,66.3170166015625,0.535759687423706,-1,-1,-1
722,647,4258.44775390625,622.7273559570312,26.6220703125,55.88311767578125,0.6446967720985413,-1,-1,-1
722,773,4418.48046875,575.066650390625,33.83251953125,49.361328125,0.3317655324935913,-1,-1,-1
722,689,5652.8984375,818.7658081054688,65.8720703125,104.76397705078125,0.5746685266494751,-1,-1,-1
722,772,4721.0625,625.83837890625,26.84765625,43.75128173828125,0.3422958254814148,-1,-1,-1
722,428,4555.1572265625,735.8802490234375,65.134765625,97.8822021484375,0.5420775413513184,-1,-1,-1
723,2,3613.8779296875,613.1178588867188,25.185302734375,50.01019287109375,0.3269210159778595,-1,-1,-1
723,519,3780.897705078125,667.6964111328125,29.39111328125,66.8360595703125,0.6018621921539307,-1,-1,-1
723,647,4258.6669921875,622.3555297851562,27.919921875,56.37762451171875,0.5918846130371094,-1,-1,-1
723,773,4420.47265625,576.4827880859375,31.94140625,47.59112548828125,0.3167904019355774,-1,-1,-1
723,689,5658.1513671875,817.042236328125,66.6669921875,106.5745849609375,0.6021126508712769,-1,-1,-1
723,772,4724.31396484375,626.0474243164062,26.83740234375,49.509033203125,0.449022501707077,-1,-1,-1
723,428,4556.0322265625,736.7974853515625,58.986328125,98.22491455078125,0.5913078784942627,-1,-1,-1
724,519,3781.362060546875,667.3494873046875,30.2802734375,67.2728271484375,0.6529257297515869,-1,-1,-1
724,647,4260.80078125,623.5023193359375,27.3232421875,54.1927490234375,0.4859639108181,-1,-1,-1
724,773,4422.958984375,576.0982666015625,31.17919921875,47.81011962890625,0.2624697685241699,-1,-1,-1
724,689,5661.12744140625,817.1936645507812,69.7333984375,106.71173095703125,0.5965000987052917,-1,-1,-1
724,772,4726.8017578125,626.723388671875,27.55615234375,52.33514404296875,0.4593517780303955,-1,-1,-1
724,428,4555.6474609375,736.960693359375,57.10546875,98.05767822265625,0.5573118925094604,-1,-1,-1
725,519,3781.40869140625,666.6323852539062,31.575439453125,68.7305908203125,0.6726139187812805,-1,-1,-1
725,647,4262.728515625,624.1573486328125,26.3291015625,52.9901123046875,0.4011082947254181,-1,-1,-1
725,689,5664.06787109375,818.5308227539062,73.30908203125,104.925048828125,0.6675608158111572,-1,-1,-1
725,772,4729.85009765625,627.5494384765625,28.58935546875,54.10308837890625,0.42633724212646484,-1,-1,-1
725,428,4555.67041015625,738.22900390625,55.48583984375,97.197998046875,0.6804915070533752,-1,-1,-1
726,519,3781.760498046875,666.4395141601562,32.685791015625,68.4656982421875,0.6369691491127014,-1,-1,-1
726,689,5637.490234375,819.3869018554688,104.32958984375,103.98907470703125,0.6554766297340393,-1,-1,-1
726,772,4732.69775390625,627.1063232421875,28.546875,52.98016357421875,0.45185744762420654,-1,-1,-1
726,428,4553.8642578125,738.8009643554688,55.54052734375,96.999267578125,0.628344714641571,-1,-1,-1
726,2,3617.2666015625,615.2609252929688,26.802001953125,50.68084716796875,0.3584540784358978,-1,-1,-1
727,519,3781.3779296875,666.56298828125,34.4453125,68.41357421875,0.6695943474769592,-1,-1,-1
727,689,5652.099609375,820.1150512695312,92.12060546875,102.61383056640625,0.618580162525177,-1,-1,-1
727,772,4737.140625,626.1089477539062,27.3935546875,53.11944580078125,0.5380232334136963,-1,-1,-1
727,428,4552.65869140625,738.48095703125,56.78076171875,97.28521728515625,0.6703248023986816,-1,-1,-1
727,2,3618.1083984375,614.8829345703125,26.925048828125,51.49945068359375,0.40675851702690125,-1,-1,-1
728,519,3780.9306640625,666.9080810546875,36.325439453125,67.90472412109375,0.6804608106613159,-1,-1,-1
728,689,5654.04443359375,821.364990234375,92.84326171875,101.175048828125,0.6002090573310852,-1,-1,-1
728,772,4740.234375,626.306640625,26.73583984375,54.67828369140625,0.5626757144927979,-1,-1,-1
728,428,4552.84033203125,737.8837280273438,55.78466796875,97.9580078125,0.6736050248146057,-1,-1,-1
728,2,3619.446044921875,614.3689575195312,26.389404296875,51.5577392578125,0.3924240171909332,-1,-1,-1
728,647,4268.3681640625,623.564453125,25.828125,55.022705078125,0.3684283494949341,-1,-1,-1
729,519,3780.791259765625,667.2850341796875,37.404541015625,67.66436767578125,0.6670911312103271,-1,-1,-1
729,689,5676.67626953125,824.4569091796875,71.703125,97.35089111328125,0.5554461479187012,-1,-1,-1
729,772,4742.22998046875,626.487060546875,27.42724609375,54.66461181640625,0.5610070824623108,-1,-1,-1
729,428,4549.630859375,738.2073364257812,57.1416015625,97.329833984375,0.6392875909805298,-1,-1,-1
729,2,3620.90966796875,613.7963256835938,25.617431640625,51.592041015625,0.4385569095611572,-1,-1,-1
729,647,4269.74560546875,623.8417358398438,25.455078125,54.4373779296875,0.39428889751434326,-1,-1,-1
730,519,3781.40234375,667.5264892578125,37.373046875,67.39349365234375,0.6282175779342651,-1,-1,-1
730,689,5662.71533203125,826.18359375,90.666015625,96.53143310546875,0.6088735461235046,-1,-1,-1
730,772,4743.72998046875,626.4198608398438,29.07763671875,54.73529052734375,0.5547620058059692,-1,-1,-1
730,428,4544.7294921875,739.7879638671875,60.01220703125,96.6678466796875,0.620952308177948,-1,-1,-1
730,2,3622.332763671875,613.9716186523438,24.806884765625,51.55487060546875,0.44637757539749146,-1,-1,-1
730,647,4271.38720703125,624.6494750976562,24.46826171875,54.95843505859375,0.4426368772983551,-1,-1,-1
730,821,4431.9072265625,582.0052490234375,26.1298828125,44.14031982421875,0.34170714020729065,-1,-1,-1
731,519,3782.51611328125,666.9481201171875,36.695068359375,67.70635986328125,0.678432047367096,-1,-1,-1
731,689,5667.21484375,825.7301025390625,91.220703125,98.1158447265625,0.5797250270843506,-1,-1,-1
731,772,4745.25830078125,625.9842529296875,30.82958984375,57.15185546875,0.5318523645401001,-1,-1,-1
731,428,4538.22998046875,738.5316772460938,63.4638671875,98.67059326171875,0.5915112495422363,-1,-1,-1
731,2,3624.44091796875,615.5267944335938,23.280517578125,48.0406494140625,0.4151041805744171,-1,-1,-1
731,647,4272.46240234375,625.4010009765625,24.2998046875,55.36627197265625,0.4890173673629761,-1,-1,-1
731,821,4434.13623046875,581.8094482421875,24.42529296875,44.24114990234375,0.36345070600509644,-1,-1,-1
732,519,3783.52294921875,667.5646362304688,36.302734375,66.42376708984375,0.5609133839607239,-1,-1,-1
732,689,5681.45361328125,824.2373046875,81.45556640625,100.59918212890625,0.5865423679351807,-1,-1,-1
732,772,4747.349609375,626.9470825195312,32.486328125,58.50054931640625,0.44819098711013794,-1,-1,-1
732,428,4534.99072265625,737.2807006835938,64.349609375,99.53289794921875,0.5036925673484802,-1,-1,-1
732,2,3626.648681640625,616.065673828125,22.01904296875,46.33843994140625,0.4251116216182709,-1,-1,-1
732,647,4273.51171875,627.1013793945312,24.40087890625,55.002685546875,0.4463673233985901,-1,-1,-1
732,821,4437.2021484375,582.0643920898438,22.7978515625,44.42608642578125,0.36797329783439636,-1,-1,-1
733,519,3786.579833984375,667.5198974609375,35.00634765625,66.360595703125,0.5704799890518188,-1,-1,-1
733,689,5689.52734375,823.19580078125,76.7724609375,100.7979736328125,0.47437819838523865,-1,-1,-1
733,772,4750.20947265625,629.9655151367188,31.6337890625,57.22747802734375,0.3522789180278778,-1,-1,-1
733,428,4532.46337890625,739.37060546875,67.08544921875,96.765380859375,0.346428781747818,-1,-1,-1
733,2,3627.5078125,616.0742797851562,21.118896484375,48.51031494140625,0.45533931255340576,-1,-1,-1
733,647,4274.89306640625,629.7359008789062,24.41162109375,54.2607421875,0.4757678806781769,-1,-1,-1
733,821,4439.31396484375,582.6322021484375,22.44921875,44.4228515625,0.3522050380706787,-1,-1,-1
734,519,3791.836669921875,667.4386596679688,31.46875,66.29852294921875,0.566152036190033,-1,-1,-1
734,689,5700.53466796875,820.6593627929688,69.533203125,102.4483642578125,0.4628886580467224,-1,-1,-1
734,772,4754.27685546875,633.649169921875,29.57568359375,53.671875,0.383797287940979,-1,-1,-1
734,428,4528.212890625,741.1430053710938,73.12939453125,94.1800537109375,0.26214754581451416,-1,-1,-1
734,2,3628.79931640625,615.4646606445312,21.400634765625,49.72998046875,0.47210562229156494,-1,-1,-1
734,647,4274.90966796875,634.351806640625,24.73583984375,49.1416015625,0.41303130984306335,-1,-1,-1
734,821,4440.30419921875,583.4686889648438,24.45068359375,44.76544189453125,0.38346102833747864,-1,-1,-1
735,519,3795.654296875,667.2847290039062,29.428466796875,66.30828857421875,0.33680251240730286,-1,-1,-1
735,689,5708.5400390625,820.3533935546875,64.2880859375,101.77020263671875,0.25945815443992615,-1,-1,-1
735,772,4757.4599609375,635.7424926757812,29.55224609375,50.41168212890625,0.4051774740219116,-1,-1,-1
735,2,3630.147216796875,615.7258911132812,21.72314453125,51.17138671875,0.5215210318565369,-1,-1,-1
735,647,4274.99169921875,636.3045043945312,25.03125,47.5555419921875,0.38982099294662476,-1,-1,-1
735,821,4441.22998046875,583.5044555664062,23.71435546875,42.56622314453125,0.37602469325065613,-1,-1,-1
736,519,3799.838623046875,667.3965454101562,27.143798828125,64.66790771484375,0.3366857171058655,-1,-1,-1
736,689,5713.603515625,820.3824462890625,61.31787109375,101.4996337890625,0.3002828061580658,-1,-1,-1
736,772,4760.63623046875,636.9373168945312,28.8544921875,45.9188232421875,0.36136752367019653,-1,-1,-1
736,2,3630.9169921875,616.203857421875,23.48828125,51.69134521484375,0.48107314109802246,-1,-1,-1
736,647,4274.32666015625,637.0911254882812,25.2177734375,46.73834228515625,0.35880982875823975,-1,-1,-1
736,821,4442.26220703125,584.174072265625,23.36865234375,42.42376708984375,0.36118802428245544,-1,-1,-1
737,519,3802.163330078125,666.7615356445312,25.992919921875,64.23089599609375,0.2562979459762573,-1,-1,-1
737,689,5716.7294921875,820.65869140625,58.951171875,101.353515625,0.48478594422340393,-1,-1,-1
737,772,4764.66015625,637.1878051757812,27.22119140625,46.3936767578125,0.3001442551612854,-1,-1,-1
737,2,3631.949951171875,616.8507690429688,24.35595703125,50.30859375,0.4522726237773895,-1,-1,-1
737,647,4273.75341796875,637.2034912109375,25.2578125,47.3875732421875,0.34530434012413025,-1,-1,-1
737,821,4441.94580078125,584.7726440429688,25.890625,42.9632568359375,0.35612788796424866,-1,-1,-1
738,519,3803.40185546875,667.0581665039062,25.506103515625,60.1002197265625,0.31381523609161377,-1,-1,-1
738,689,5715.84716796875,821.63916015625,60.3134765625,100.0413818359375,0.5575146675109863,-1,-1,-1
738,772,4766.47509765625,636.6409912109375,27.26953125,48.88409423828125,0.4882584810256958,-1,-1,-1
738,2,3632.21630859375,617.7376098632812,25.852783203125,49.1683349609375,0.4655369520187378,-1,-1,-1
738,647,4272.365234375,637.0582275390625,25.5771484375,47.66015625,0.33403560519218445,-1,-1,-1
738,821,4442.40966796875,584.1557006835938,26.94287109375,44.526611328125,0.42896759510040283,-1,-1,-1
738,428,4537.08251953125,747.3385620117188,55.10205078125,88.1083984375,0.5151925683021545,-1,-1,-1
739,519,3804.04833984375,666.7169799804688,26.36669921875,60.57763671875,0.41434529423713684,-1,-1,-1
739,689,5716.984375,822.34033203125,59.34619140625,99.6851806640625,0.5971443057060242,-1,-1,-1
739,772,4768.7802734375,635.4796752929688,28.74072265625,54.1343994140625,0.5141819715499878,-1,-1,-1
739,2,3632.44384765625,617.3907470703125,27.938720703125,49.89093017578125,0.47589337825775146,-1,-1,-1
739,647,4271.12890625,636.6788940429688,25.69091796875,47.6390380859375,0.3320978581905365,-1,-1,-1
739,821,4442.732421875,584.0804443359375,27.90283203125,45.25439453125,0.45208775997161865,-1,-1,-1
739,428,4538.802734375,746.8969116210938,49.84521484375,90.13983154296875,0.7088423371315002,-1,-1,-1
740,519,3804.0234375,665.3660888671875,29.8291015625,63.5748291015625,0.5285130143165588,-1,-1,-1
740,689,5720.880859375,822.319091796875,55.66796875,100.3927001953125,0.6899354457855225,-1,-1,-1
740,772,4770.6943359375,634.6243286132812,30.28515625,57.894775390625,0.5513116717338562,-1,-1,-1
740,2,3632.000244140625,618.0307006835938,30.604248046875,49.87249755859375,0.418414831161499,-1,-1,-1
740,647,4269.40087890625,636.541015625,26.6748046875,48.24798583984375,0.3447161018848419,-1,-1,-1
740,821,4442.66455078125,584.26220703125,28.93408203125,45.4783935546875,0.4730149507522583,-1,-1,-1
740,428,4539.1025390625,747.758544921875,44.74560546875,90.41168212890625,0.7993988990783691,-1,-1,-1
741,519,3804.397216796875,668.3053588867188,31.7900390625,61.06951904296875,0.49443209171295166,-1,-1,-1
741,689,5722.1474609375,822.2286376953125,56.70654296875,100.28875732421875,0.6611979603767395,-1,-1,-1
741,772,4772.31884765625,635.9342041015625,31.15234375,57.7510986328125,0.5227027535438538,-1,-1,-1
741,2,3632.4462890625,616.7402954101562,31.3232421875,49.83416748046875,0.41374871134757996,-1,-1,-1
741,821,4442.544921875,583.741943359375,30.38232421875,46.07330322265625,0.501948356628418,-1,-1,-1
741,428,4536.2275390625,748.98583984375,44.17529296875,91.209716796875,0.7563575506210327,-1,-1,-1
742,519,3805.09130859375,670.689208984375,33.07666015625,59.0299072265625,0.5421933531761169,-1,-1,-1
742,689,5718.8564453125,822.3681640625,64.94775390625,100.51666259765625,0.6248836517333984,-1,-1,-1
742,772,4773.07275390625,637.06689453125,31.86767578125,57.05438232421875,0.5322122573852539,-1,-1,-1
742,2,3633.513916015625,617.0813598632812,31.15380859375,49.68792724609375,0.4114999771118164,-1,-1,-1
742,821,4443.51318359375,583.5570678710938,30.39697265625,46.3348388671875,0.530156672000885,-1,-1,-1
742,428,4533.00439453125,749.5227661132812,46.1279296875,92.01507568359375,0.6844989657402039,-1,-1,-1
743,519,3805.494140625,671.6956787109375,36.057861328125,57.923828125,0.6016539931297302,-1,-1,-1
743,689,5712.75830078125,819.4347534179688,75.33642578125,103.32879638671875,0.6595076322555542,-1,-1,-1
743,772,4774.18310546875,638.2415161132812,31.41455078125,57.701904296875,0.5258175134658813,-1,-1,-1
743,2,3635.585205078125,615.8563842773438,30.09765625,51.62896728515625,0.4250324070453644,-1,-1,-1
743,821,4444.48388671875,583.7845458984375,30.10693359375,46.3016357421875,0.5415223836898804,-1,-1,-1
743,428,4527.67431640625,752.2283935546875,51.40966796875,90.374267578125,0.590082049369812,-1,-1,-1
743,647,4264.1845703125,634.0955810546875,23.23583984375,50.20770263671875,0.5177806615829468,-1,-1,-1
744,519,3806.344482421875,670.8953857421875,38.152587890625,58.31787109375,0.622479259967804,-1,-1,-1
744,689,5707.95458984375,818.3577880859375,84.76171875,105.0552978515625,0.7414524555206299,-1,-1,-1
744,772,4775.08740234375,638.9133911132812,32.43798828125,58.2591552734375,0.45793887972831726,-1,-1,-1
744,2,3639.56884765625,615.3687744140625,28.273193359375,53.1456298828125,0.4131406545639038,-1,-1,-1
744,821,4447.46923828125,583.6655883789062,27.6787109375,46.12030029296875,0.497871071100235,-1,-1,-1
744,428,4524.21484375,755.6635131835938,55.81689453125,88.08941650390625,0.5883713960647583,-1,-1,-1
744,647,4261.8017578125,631.6492919921875,22.5546875,52.04986572265625,0.5604944229125977,-1,-1,-1
745,519,3807.261962890625,668.5435791015625,39.830322265625,61.35430908203125,0.6610031127929688,-1,-1,-1
745,689,5704.1484375,817.724853515625,93.02783203125,105.93096923828125,0.7544986605644226,-1,-1,-1
745,772,4775.88134765625,637.4575805664062,33.05517578125,60.679443359375,0.4775503873825073,-1,-1,-1
745,2,3641.630615234375,614.7739868164062,27.461181640625,53.64117431640625,0.40287208557128906,-1,-1,-1
745,821,4450.076171875,583.6725463867188,25.86474609375,46.37945556640625,0.5118501782417297,-1,-1,-1
745,428,4521.974609375,756.5556030273438,52.47705078125,85.751708984375,0.6044514775276184,-1,-1,-1
745,647,4258.94677734375,631.0841674804688,22.5966796875,52.37628173828125,0.6012786626815796,-1,-1,-1
746,519,3809.2138671875,667.6417846679688,39.900146484375,61.83013916015625,0.6559862494468689,-1,-1,-1
746,689,5704.5,817.2402954101562,95.251953125,105.96795654296875,0.6818546056747437,-1,-1,-1
746,772,4777.95263671875,635.4878540039062,33.2724609375,63.96490478515625,0.44918888807296753,-1,-1,-1
746,2,3643.378662109375,614.3663940429688,28.074462890625,55.41278076171875,0.396563857793808,-1,-1,-1
746,821,4451.6845703125,584.1017456054688,25.1318359375,45.5888671875,0.42053452134132385,-1,-1,-1
746,428,4520.08984375,754.5840454101562,51.85400390625,87.95086669921875,0.7036106586456299,-1,-1,-1
746,647,4256.841796875,631.6160278320312,22.041015625,52.38299560546875,0.5665404200553894,-1,-1,-1
747,519,3814.02001953125,666.8408813476562,37.52734375,62.114990234375,0.6728801131248474,-1,-1,-1
747,689,5714.43310546875,818.1297607421875,87.45263671875,104.908935546875,0.6679262518882751,-1,-1,-1
747,772,4780.48095703125,634.3311157226562,31.79736328125,64.741943359375,0.42327645421028137,-1,-1,-1
747,2,3645.8779296875,612.4910278320312,26.505859375,56.4571533203125,0.3485502600669861,-1,-1,-1
747,821,4452.7392578125,584.4183349609375,25.09765625,45.98358154296875,0.39351633191108704,-1,-1,-1
747,428,4517.279296875,753.1493530273438,53.63916015625,90.2733154296875,0.7290232181549072,-1,-1,-1
747,647,4254.646484375,632.5327758789062,22.3017578125,51.720703125,0.5080139636993408,-1,-1,-1
748,519,3820.6259765625,666.4458618164062,32.573486328125,60.68463134765625,0.6281009912490845,-1,-1,-1
748,689,5723.404296875,819.5691528320312,82.7998046875,104.0748291015625,0.6920722723007202,-1,-1,-1
748,772,4782.80322265625,634.5366821289062,29.71337890625,64.94989013671875,0.3782176077365875,-1,-1,-1
748,2,3648.50634765625,612.3021850585938,24.980712890625,55.55657958984375,0.36745157837867737,-1,-1,-1
748,821,4453.17236328125,585.0447387695312,25.47998046875,46.15350341796875,0.35868874192237854,-1,-1,-1
748,428,4513.8037109375,751.2986450195312,53.6552734375,92.35858154296875,0.7312376499176025,-1,-1,-1
748,647,4253.5498046875,633.4279174804688,20.47021484375,50.66546630859375,0.5312294363975525,-1,-1,-1
749,519,3826.248291015625,666.4580688476562,28.72607421875,60.11126708984375,0.4996122121810913,-1,-1,-1
749,689,5727.78759765625,820.5087890625,81.74560546875,103.578369140625,0.683227002620697,-1,-1,-1
749,772,4786.20263671875,636.4674682617188,26.41552734375,62.3172607421875,0.3600558340549469,-1,-1,-1
749,2,3653.48681640625,613.7850952148438,20.9228515625,51.70111083984375,0.4330809414386749,-1,-1,-1
749,821,4453.37353515625,585.4366455078125,25.79638671875,46.1497802734375,0.33556419610977173,-1,-1,-1
749,428,4509.8525390625,749.8853759765625,50.62939453125,93.88885498046875,0.7808466553688049,-1,-1,-1
749,647,4250.744140625,632.2247924804688,20.390625,51.98345947265625,0.4753306210041046,-1,-1,-1
750,519,3829.764892578125,666.3385009765625,26.111328125,59.1519775390625,0.39327847957611084,-1,-1,-1
750,689,5728.28125,822.2500610351562,83.9287109375,101.9049072265625,0.6776460409164429,-1,-1,-1
750,772,4787.4443359375,637.12353515625,26.091796875,61.78485107421875,0.3838546574115753,-1,-1,-1
750,2,3654.963623046875,614.7410278320312,20.370849609375,52.13031005859375,0.41917839646339417,-1,-1,-1
750,821,4453.5361328125,585.241455078125,26.0087890625,47.3389892578125,0.31450411677360535,-1,-1,-1
750,428,4505.1005859375,750.443359375,48.45068359375,91.76318359375,0.763434648513794,-1,-1,-1
750,647,4246.3798828125,632.2583618164062,22.49951171875,51.20867919921875,0.3771405816078186,-1,-1,-1
750,856,4627.8447265625,575.2166137695312,19.240234375,37.99481201171875,0.34402579069137573,-1,-1,-1
