1,1,2318.5361328125,726.8079223632812,55.292724609375,98.1282958984375,0.7585906386375427,-1,-1,-1
1,2,2888.4658203125,723.2435302734375,42.468994140625,100.577392578125,0.7506000399589539,-1,-1,-1
1,3,2772.0986328125,668.5350952148438,50.32373046875,66.1959228515625,0.7220044732093811,-1,-1,-1
1,4,2277.3330078125,667.1970825195312,37.718994140625,83.2269287109375,0.6391487717628479,-1,-1,-1
1,5,2498.3056640625,666.0283813476562,35.000732421875,71.754150390625,0.6290984153747559,-1,-1,-1
1,6,3718.9033203125,802.1402587890625,32.574951171875,107.7210693359375,0.6146485805511475,-1,-1,-1
1,7,2839.6796875,643.0574951171875,29.928955078125,63.87701416015625,0.5780084729194641,-1,-1,-1
1,8,1823.95458984375,773.3905029296875,56.1544189453125,103.67010498046875,0.5576905012130737,-1,-1,-1
1,9,2924.173583984375,727.6349487304688,39.7744140625,93.4859619140625,0.5466473698616028,-1,-1,-1
1,10,3577.73974609375,611.2308349609375,42.579833984375,99.02764892578125,0.4600914418697357,-1,-1,-1
1,11,4020.2021484375,553.8965454101562,19.066162109375,36.4945068359375,0.38894423842430115,-1,-1,-1
1,12,3001.45458984375,568.58447265625,19.738037109375,36.58868408203125,0.3848573863506317,-1,-1,-1
1,13,3059.34765625,588.9160766601562,27.50537109375,48.3302001953125,0.3687439560890198,-1,-1,-1
1,14,1812.10400390625,692.63818359375,75.84423828125,167.87384033203125,0.3618713617324829,-1,-1,-1
1,15,3576.70654296875,636.7476806640625,24.200439453125,71.93206787109375,0.3427119851112366,-1,-1,-1
1,16,3071.4794921875,498.28900146484375,14.453369140625,27.22161865234375,0.3409661054611206,-1,-1,-1
1,17,2774.88427734375,528.6947631835938,20.765869140625,33.1962890625,0.30561545491218567,-1,-1,-1
1,18,3180.718505859375,554.6799926757812,21.82080078125,37.5831298828125,0.2995850443840027,-1,-1,-1
1,19,3109.50537109375,568.492919921875,21.47705078125,47.66156005859375,0.27105021476745605,-1,-1,-1
2,1,2318.93798828125,726.7753295898438,62.359130859375,98.72589111328125,0.7265172600746155,-1,-1,-1
2,2,2891.1708984375,724.1357421875,42.477783203125,98.90203857421875,0.70997554063797,-1,-1,-1
2,3,2769.9130859375,671.2371215820312,52.05126953125,64.8453369140625,0.6526433229446411,-1,-1,-1
2,4,2279.1376953125,666.628173828125,40.048828125,82.76300048828125,0.5895954370498657,-1,-1,-1
2,5,2500.98876953125,665.9563598632812,38.4228515625,72.07177734375,0.6405320763587952,-1,-1,-1
2,6,3719.05419921875,802.1263427734375,32.56494140625,107.8931884765625,0.6028608679771423,-1,-1,-1
2,7,2839.66162109375,643.3543701171875,29.956298828125,63.94024658203125,0.5638640522956848,-1,-1,-1
2,8,1823.875244140625,773.0889282226562,57.8436279296875,104.15899658203125,0.2898845970630646,-1,-1,-1
2,9,2927.06591796875,726.6959228515625,40.586181640625,94.5941162109375,0.4780380427837372,-1,-1,-1
2,10,3576.006103515625,611.7952270507812,44.302490234375,99.09881591796875,0.4728698432445526,-1,-1,-1
2,11,4020.191162109375,553.8318481445312,19.168701171875,36.83807373046875,0.41503089666366577,-1,-1,-1
2,12,2998.6025390625,566.82666015625,22.09716796875,38.96185302734375,0.42803430557250977,-1,-1,-1
2,13,3057.6279296875,588.4666748046875,25.77685546875,43.798095703125,0.3298160135746002,-1,-1,-1
2,14,1821.1107177734375,693.47705078125,67.5142822265625,181.70135498046875,0.519822359085083,-1,-1,-1
2,15,3575.1953125,636.9683837890625,25.389404296875,71.93505859375,0.40204769372940063,-1,-1,-1
2,16,3071.00830078125,500.1168212890625,15.335693359375,25.50848388671875,0.29657885432243347,-1,-1,-1
2,17,2774.85888671875,528.0220336914062,20.659912109375,34.39263916015625,0.309733122587204,-1,-1,-1
2,19,3110.439453125,567.3970336914062,21.6376953125,50.150146484375,0.35734474658966064,-1,-1,-1
3,1,2319.913818359375,725.8988037109375,66.911865234375,98.3253173828125,0.7373441457748413,-1,-1,-1
3,2,2890.29345703125,725.2819213867188,43.829833984375,98.8560791015625,0.6614437103271484,-1,-1,-1
3,3,2772.173583984375,673.1891479492188,49.81298828125,60.42279052734375,0.6629537343978882,-1,-1,-1
3,4,2282.76904296875,664.5396118164062,41.924560546875,86.6778564453125,0.6597599983215332,-1,-1,-1
3,5,2501.697509765625,666.29150390625,43.947509765625,70.33612060546875,0.6776010990142822,-1,-1,-1
3,6,3719.05419921875,802.1493530273438,32.4755859375,107.78741455078125,0.6092868447303772,-1,-1,-1
3,7,2838.599609375,642.6082153320312,31.10009765625,65.28424072265625,0.6059231758117676,-1,-1,-1
3,8,1824.9176025390625,770.224365234375,57.8170166015625,107.7476806640625,0.5856006741523743,-1,-1,-1
3,9,2929.362548828125,725.4282836914062,41.43408203125,94.99542236328125,0.4463222026824951,-1,-1,-1
3,10,3574.4580078125,611.78662109375,46.13623046875,99.131103515625,0.49310538172721863,-1,-1,-1
3,11,4020.2080078125,553.7113037109375,19.195068359375,36.863037109375,0.4292784333229065,-1,-1,-1
3,12,2995.240234375,567.1217041015625,24.538330078125,39.21929931640625,0.4141978919506073,-1,-1,-1
3,13,3057.01416015625,588.116455078125,23.937744140625,45.2744140625,0.35835546255111694,-1,-1,-1
3,15,3574.263427734375,636.6463012695312,25.94677734375,71.9193115234375,0.41172367334365845,-1,-1,-1
3,16,3071.013671875,499.18670654296875,16.581787109375,27.701904296875,0.3251565396785736,-1,-1,-1
3,17,2774.845703125,527.5402221679688,20.42529296875,34.7734375,0.33127668499946594,-1,-1,-1
3,19,3111.2578125,568.1448364257812,20.912841796875,48.1260986328125,0.4150499105453491,-1,-1,-1
4,1,2320.50390625,725.570556640625,70.470947265625,98.39923095703125,0.7240027189254761,-1,-1,-1
4,2,2889.689697265625,725.6858520507812,45.630615234375,99.15997314453125,0.6522291898727417,-1,-1,-1
4,3,2772.420166015625,674.2730712890625,50.95458984375,58.5159912109375,0.6706898212432861,-1,-1,-1
4,4,2283.40478515625,663.7667846679688,48.332763671875,86.28326416015625,0.7221237421035767,-1,-1,-1
4,5,2506.1884765625,663.5540161132812,44.825439453125,70.6849365234375,0.7533096671104431,-1,-1,-1
4,6,3719.079345703125,802.177734375,32.419921875,107.6495361328125,0.6086621284484863,-1,-1,-1
4,7,2838.711669921875,642.023193359375,31.186767578125,61.7393798828125,0.521816074848175,-1,-1,-1
4,8,1825.91259765625,769.5505981445312,59.105712890625,108.54229736328125,0.5147965550422668,-1,-1,-1
4,9,2932.8544921875,723.0787353515625,40.461669921875,99.0570068359375,0.47396120429039,-1,-1,-1
4,10,3573.03076171875,611.4246826171875,47.82373046875,99.3802490234375,0.4779476225376129,-1,-1,-1
4,11,4020.17919921875,553.7927856445312,19.235595703125,36.907470703125,0.4284045398235321,-1,-1,-1
4,12,2989.779052734375,567.9960327148438,25.08740234375,39.3458251953125,0.4122251868247986,-1,-1,-1
4,13,3053.548583984375,587.593505859375,25.142822265625,42.31011962890625,0.27246952056884766,-1,-1,-1
4,15,3573.517578125,636.7613525390625,25.824951171875,71.3455810546875,0.40806305408477783,-1,-1,-1
4,16,3071.597412109375,498.416259765625,17.635498046875,27.81524658203125,0.2857978641986847,-1,-1,-1
4,17,2774.8388671875,527.4544067382812,19.941650390625,34.70721435546875,0.32298770546913147,-1,-1,-1
4,19,3111.925537109375,568.6268920898438,21.192138671875,48.15484619140625,0.44851967692375183,-1,-1,-1
4,14,1826.8956298828125,691.9697875976562,71.2381591796875,186.3677978515625,0.40943026542663574,-1,-1,-1
5,1,2322.810302734375,724.382080078125,70.93115234375,98.20599365234375,0.7406210899353027,-1,-1,-1
5,2,2889.585205078125,722.564697265625,53.701416015625,102.3045654296875,0.63545161485672,-1,-1,-1
5,3,2770.54541015625,674.358154296875,53.6103515625,59.927734375,0.7286555171012878,-1,-1,-1
5,4,2284.770263671875,663.9640502929688,52.04150390625,84.22833251953125,0.8067116737365723,-1,-1,-1
5,5,2508.727294921875,662.262451171875,50.193603515625,70.57928466796875,0.6627427339553833,-1,-1,-1
5,6,3719.17529296875,802.183837890625,32.38623046875,107.594970703125,0.6138965487480164,-1,-1,-1
5,7,2839.401611328125,639.8272705078125,30.62255859375,62.604248046875,0.6246830821037292,-1,-1,-1
5,8,1826.6756591796875,768.0565795898438,61.6248779296875,109.58740234375,0.5451449155807495,-1,-1,-1
5,9,2933.498291015625,722.7278442382812,42.331298828125,99.89202880859375,0.5469087362289429,-1,-1,-1
5,10,3572.6533203125,611.4031982421875,48.116455078125,99.54241943359375,0.4834615886211395,-1,-1,-1
5,11,4020.133056640625,553.7948608398438,19.268798828125,36.89666748046875,0.4178166389465332,-1,-1,-1
5,12,2987.1298828125,568.8070678710938,22.256103515625,38.8900146484375,0.41565296053886414,-1,-1,-1
5,13,3050.436279296875,584.6278076171875,26.292724609375,43.57464599609375,0.2806974947452545,-1,-1,-1
5,15,3573.28369140625,636.7318115234375,25.507080078125,71.35357666015625,0.4330558180809021,-1,-1,-1
5,16,3071.896728515625,499.8757629394531,19.495849609375,26.518035888671875,0.25254908204078674,-1,-1,-1
5,17,2774.90185546875,527.6757202148438,20.5009765625,34.568603515625,0.30385667085647583,-1,-1,-1
5,19,3112.480224609375,567.86181640625,21.583740234375,49.036865234375,0.4533720016479492,-1,-1,-1
5,14,1826.7099609375,693.34521484375,73.4825439453125,186.15771484375,0.2833960950374603,-1,-1,-1
6,1,2325.404541015625,722.8882446289062,70.607421875,98.8499755859375,0.763755738735199,-1,-1,-1
6,2,2889.42626953125,722.0726928710938,56.975830078125,102.31671142578125,0.6397910118103027,-1,-1,-1
6,3,2768.898681640625,675.0057983398438,57.60009765625,59.8306884765625,0.7268173694610596,-1,-1,-1
6,4,2287.892822265625,663.2166748046875,52.092041015625,83.0885009765625,0.7603232264518738,-1,-1,-1
6,5,2513.977294921875,660.4462890625,49.431640625,69.7496337890625,0.6690927147865295,-1,-1,-1
6,6,3719.22216796875,802.016845703125,32.31103515625,107.788330078125,0.622844934463501,-1,-1,-1
6,7,2838.21240234375,638.8367919921875,31.627685546875,62.23284912109375,0.5604657530784607,-1,-1,-1
6,8,1827.751953125,766.8958740234375,61.2568359375,110.40155029296875,0.6455049514770508,-1,-1,-1
6,9,2933.531982421875,723.0165405273438,45.14208984375,98.6392822265625,0.6031539440155029,-1,-1,-1
6,10,3572.236328125,611.5362548828125,48.677001953125,99.59649658203125,0.5057975053787231,-1,-1,-1
6,11,4020.123291015625,552.9210815429688,19.295166015625,38.21246337890625,0.45899835228919983,-1,-1,-1
6,12,2983.845458984375,569.0809936523438,21.8369140625,39.78179931640625,0.4055858850479126,-1,-1,-1
6,13,3048.857421875,579.8067016601562,26.1708984375,51.6717529296875,0.38414454460144043,-1,-1,-1
6,15,3573.119873046875,636.4356079101562,25.8876953125,71.77716064453125,0.46570685505867004,-1,-1,-1
6,16,3072.21240234375,498.36224365234375,20.626953125,29.437255859375,0.2565320134162903,-1,-1,-1
6,17,2774.759765625,528.0648803710938,20.693359375,34.2772216796875,0.358722448348999,-1,-1,-1
6,19,3112.451416015625,567.3054809570312,21.39892578125,49.5472412109375,0.46851208806037903,-1,-1,-1
6,23,1860.4659423828125,689.7708129882812,53.86865234375,82.23345947265625,0.4690314531326294,-1,-1,-1
7,1,2327.182861328125,722.5353393554688,70.158447265625,98.81890869140625,0.7596440315246582,-1,-1,-1
7,2,2890.243408203125,722.5067138671875,59.11669921875,100.247802734375,0.5196756720542908,-1,-1,-1
7,3,2769.4794921875,673.9807739257812,60.218505859375,61.05194091796875,0.6801871657371521,-1,-1,-1
7,4,2289.483642578125,663.177978515625,54.342041015625,84.0147705078125,0.6640854477882385,-1,-1,-1
7,5,2520.8447265625,659.8767700195312,46.05322265625,68.16900634765625,0.6933415532112122,-1,-1,-1
7,6,3719.07666015625,802.1561889648438,32.354736328125,107.89788818359375,0.6192334294319153,-1,-1,-1
7,7,2836.360107421875,637.29248046875,33.49072265625,61.44482421875,0.4626195430755615,-1,-1,-1
7,8,1828.5570068359375,763.2655029296875,61.7637939453125,113.4844970703125,0.6242969036102295,-1,-1,-1
7,9,2937.16845703125,722.966552734375,43.256591796875,97.21514892578125,0.6484155654907227,-1,-1,-1
7,10,3571.6630859375,612.1010131835938,49.052734375,98.92041015625,0.4796702563762665,-1,-1,-1
7,11,4020.234375,552.6677856445312,19.1787109375,38.5283203125,0.45376482605934143,-1,-1,-1
7,12,2979.7919921875,569.1279296875,19.593994140625,42.0260009765625,0.37953558564186096,-1,-1,-1
7,13,3046.56396484375,578.4738159179688,27.2490234375,53.5804443359375,0.35568955540657043,-1,-1,-1
7,15,3572.789306640625,636.7653198242188,26.02197265625,71.1336669921875,0.4662865102291107,-1,-1,-1
7,17,2774.626220703125,528.1140747070312,20.699951171875,33.993896484375,0.38434287905693054,-1,-1,-1
7,19,3114.6123046875,566.9151611328125,20.378662109375,49.628662109375,0.4542790949344635,-1,-1,-1
7,23,1864.67529296875,688.6764526367188,59.9727783203125,80.0718994140625,0.48332566022872925,-1,-1,-1
8,1,2332.091552734375,723.2252807617188,66.720947265625,96.07598876953125,0.7753528952598572,-1,-1,-1
8,2,2892.733642578125,722.9618530273438,60.4033203125,98.987060546875,0.5613278746604919,-1,-1,-1
8,3,2773.36767578125,673.1470336914062,59.308349609375,61.771240234375,0.5858620405197144,-1,-1,-1
8,4,2293.445068359375,662.4916381835938,52.35205078125,82.20745849609375,0.5992597937583923,-1,-1,-1
8,5,2529.97998046875,658.8466186523438,37.329833984375,68.3614501953125,0.6339816451072693,-1,-1,-1
8,6,3718.909423828125,802.1203002929688,32.603271484375,108.20947265625,0.6281070709228516,-1,-1,-1
8,7,2835.924560546875,635.3345947265625,34.7099609375,59.9315185546875,0.4582030773162842,-1,-1,-1
8,8,1829.232666015625,757.274169921875,62.7216796875,117.77703857421875,0.639825165271759,-1,-1,-1
8,9,2940.451416015625,722.8276977539062,40.80224609375,96.35858154296875,0.6888610124588013,-1,-1,-1
8,10,3571.342529296875,612.0452270507812,49.154541015625,98.9697265625,0.46818864345550537,-1,-1,-1
8,11,4020.17236328125,551.9864501953125,19.23681640625,39.2716064453125,0.4705739915370941,-1,-1,-1
8,12,2977.047607421875,569.4017944335938,18.309326171875,40.53204345703125,0.3707590699195862,-1,-1,-1
8,13,3044.90625,579.0220336914062,25.396240234375,50.4569091796875,0.4003717303276062,-1,-1,-1
8,15,3572.52978515625,637.0484619140625,26.145751953125,70.704345703125,0.4630628228187561,-1,-1,-1
8,17,2774.742919921875,527.62353515625,21.461669921875,34.7808837890625,0.32252275943756104,-1,-1,-1
8,19,3115.436767578125,567.6451416015625,20.29296875,49.0960693359375,0.43781667947769165,-1,-1,-1
8,23,1869.804443359375,689.7341918945312,68.7840576171875,74.37884521484375,0.6698212027549744,-1,-1,-1
9,1,2337.519775390625,722.2740478515625,61.492919921875,95.6446533203125,0.7739741802215576,-1,-1,-1
9,2,2894.31884765625,723.4951171875,59.148681640625,97.56988525390625,0.48473915457725525,-1,-1,-1
9,3,2781.819091796875,673.6350708007812,53.69091796875,61.77471923828125,0.46604713797569275,-1,-1,-1
9,4,2301.712646484375,663.2700805664062,45.283935546875,78.7281494140625,0.5820005536079407,-1,-1,-1
9,5,2535.5380859375,656.4094848632812,35.182373046875,70.6717529296875,0.6903170347213745,-1,-1,-1
9,6,3718.875244140625,802.3193969726562,32.700439453125,107.862548828125,0.6252429485321045,-1,-1,-1
9,7,2836.935791015625,634.623779296875,34.146240234375,52.62921142578125,0.27763283252716064,-1,-1,-1
9,8,1830.91845703125,757.501953125,62.8641357421875,116.95916748046875,0.5999197959899902,-1,-1,-1
9,9,2941.113037109375,722.4609375,41.478515625,97.4793701171875,0.6531369686126709,-1,-1,-1
9,10,3572.08642578125,612.1837768554688,48.2314453125,98.7554931640625,0.40612778067588806,-1,-1,-1
9,11,4020.18701171875,551.88037109375,19.252685546875,39.2655029296875,0.45383763313293457,-1,-1,-1
9,12,2972.735107421875,569.512451171875,20.943115234375,40.18450927734375,0.2996770143508911,-1,-1,-1
9,13,3043.9609375,580.1085205078125,24.866455078125,47.70721435546875,0.49936971068382263,-1,-1,-1
9,15,3572.447265625,637.7362060546875,25.357666015625,69.607421875,0.4340623915195465,-1,-1,-1
9,17,2774.89697265625,527.2929077148438,21.69287109375,34.5941162109375,0.254340261220932,-1,-1,-1
9,19,3117.379150390625,568.4822998046875,19.02587890625,48.50006103515625,0.45528045296669006,-1,-1,-1
9,23,1875.2867431640625,689.4833984375,78.4302978515625,75.0501708984375,0.655902087688446,-1,-1,-1
10,1,2346.441162109375,721.5062255859375,53.095703125,94.44927978515625,0.7763715386390686,-1,-1,-1
10,2,2900.490478515625,722.8922729492188,54.292236328125,96.07415771484375,0.5817763209342957,-1,-1,-1
10,3,2779.9716796875,672.4063110351562,61.47607421875,64.75152587890625,0.4234546720981598,-1,-1,-1
10,4,2306.400146484375,663.2384033203125,42.847900390625,76.5086669921875,0.6043291091918945,-1,-1,-1
10,5,2543.349609375,654.8541870117188,31.01416015625,70.983154296875,0.7508841753005981,-1,-1,-1
10,6,3718.8203125,802.2451171875,32.695556640625,107.84429931640625,0.6292911767959595,-1,-1,-1
10,8,1832.612548828125,757.6956176757812,62.5908203125,115.42864990234375,0.5179862976074219,-1,-1,-1
10,9,2941.9111328125,722.8242797851562,42.803955078125,96.34014892578125,0.6840811371803284,-1,-1,-1
10,10,3571.962646484375,611.82568359375,48.69580078125,96.82684326171875,0.43104079365730286,-1,-1,-1
10,11,4020.172607421875,551.768310546875,19.21337890625,39.50225830078125,0.4302506744861603,-1,-1,-1
10,12,2969.426025390625,569.8277587890625,23.6494140625,40.7757568359375,0.2656841278076172,-1,-1,-1
10,13,3041.645751953125,580.9542236328125,25.540283203125,44.7833251953125,0.4759071469306946,-1,-1,-1
10,15,3572.493408203125,638.0271606445312,24.489990234375,67.96051025390625,0.4057774245738983,-1,-1,-1
10,19,3118.912109375,568.5682373046875,19.69482421875,47.59967041015625,0.43236610293388367,-1,-1,-1
10,23,1882.87841796875,689.2969970703125,79.7122802734375,75.6944580078125,0.5653268694877625,-1,-1,-1
11,1,2355.459228515625,719.9132690429688,44.90869140625,94.64703369140625,0.6768701672554016,-1,-1,-1
11,2,2909.900634765625,724.6452026367188,46.092041015625,93.18890380859375,0.5188136696815491,-1,-1,-1
11,3,2787.46826171875,648.9439697265625,75.63916015625,88.23309326171875,0.6216317415237427,-1,-1,-1
11,4,2313.547607421875,661.6016845703125,40.3076171875,76.37518310546875,0.7125377058982849,-1,-1,-1
11,5,2546.47509765625,652.0885620117188,30.79296875,72.4207763671875,0.7787416577339172,-1,-1,-1
11,6,3718.742431640625,802.27783203125,32.69140625,107.8790283203125,0.627269983291626,-1,-1,-1
11,8,1833.790771484375,758.7291259765625,62.08935546875,114.2911376953125,0.5393686294555664,-1,-1,-1
11,9,2948.070556640625,724.6337890625,39.31787109375,93.1103515625,0.581863284111023,-1,-1,-1
11,10,3571.841064453125,611.6600952148438,48.885009765625,96.48858642578125,0.44098371267318726,-1,-1,-1
11,11,4020.239990234375,551.9244384765625,19.17626953125,39.3917236328125,0.44887542724609375,-1,-1,-1
11,12,2964.826904296875,568.982177734375,24.3662109375,44.45703125,0.4032250940799713,-1,-1,-1
11,13,3040.155517578125,580.8138427734375,24.47412109375,44.3148193359375,0.49404385685920715,-1,-1,-1
11,15,3572.77001953125,638.3424072265625,23.697998046875,67.35760498046875,0.4313865303993225,-1,-1,-1
11,19,3120.935791015625,568.1788940429688,19.09814453125,47.19390869140625,0.44740334153175354,-1,-1,-1
11,23,1889.410400390625,688.5385131835938,72.5653076171875,75.951171875,0.5432344079017639,-1,-1,-1
11,27,2717.29541015625,565.5400390625,25.68212890625,48.662109375,0.3343748152256012,-1,-1,-1
12,1,2363.84423828125,718.2083129882812,38.49755859375,96.72845458984375,0.7031627893447876,-1,-1,-1
12,2,2913.59375,724.1292114257812,53.8759765625,93.15606689453125,0.522529125213623,-1,-1,-1
12,3,2797.10107421875,640.2608032226562,75.374755859375,96.43707275390625,0.6690292358398438,-1,-1,-1
12,4,2320.28857421875,660.0691528320312,38.252685546875,77.32733154296875,0.7508875727653503,-1,-1,-1
12,5,2549.21533203125,651.164794921875,32.170166015625,72.273193359375,0.7233513593673706,-1,-1,-1
12,6,3718.52783203125,802.5330200195312,32.861328125,107.86151123046875,0.6424375176429749,-1,-1,-1
12,8,1834.8094482421875,758.415283203125,61.223876953125,114.61328125,0.6594632863998413,-1,-1,-1
12,9,2939.50048828125,722.840087890625,50.713623046875,94.15740966796875,0.6130141615867615,-1,-1,-1
12,10,3571.93310546875,611.7431030273438,48.747802734375,96.5457763671875,0.4427741765975952,-1,-1,-1
12,11,4020.294189453125,551.9085693359375,19.163818359375,39.46929931640625,0.45709294080734253,-1,-1,-1
12,12,2960.54736328125,569.4974365234375,24.836181640625,44.87982177734375,0.5195973515510559,-1,-1,-1
12,13,3038.65673828125,580.773681640625,23.590087890625,43.336669921875,0.5100139379501343,-1,-1,-1
12,15,3572.869384765625,637.8799438476562,23.45068359375,67.92877197265625,0.4502302408218384,-1,-1,-1
12,19,3124.06640625,566.3479614257812,18.083740234375,47.45587158203125,0.3978111445903778,-1,-1,-1
12,23,1897.6722412109375,686.0505981445312,62.89013671875,75.8448486328125,0.6395503878593445,-1,-1,-1
12,27,2718.27783203125,565.1364135742188,25.936767578125,49.42926025390625,0.36090558767318726,-1,-1,-1
13,1,2368.539306640625,718.0535278320312,37.63037109375,96.06378173828125,0.7278305292129517,-1,-1,-1
13,2,2914.247314453125,723.4680786132812,69.117431640625,95.81243896484375,0.4840710163116455,-1,-1,-1
13,3,2801.995849609375,649.6640014648438,70.1923828125,86.14117431640625,0.4571141004562378,-1,-1,-1
13,4,2325.931640625,660.5997924804688,35.70166015625,75.20111083984375,0.6937690377235413,-1,-1,-1
13,5,2551.63232421875,650.112060546875,35.93017578125,71.31085205078125,0.6358085870742798,-1,-1,-1
13,6,3718.4677734375,802.63427734375,32.872314453125,107.81591796875,0.6367867588996887,-1,-1,-1
13,8,1836.3470458984375,760.0602416992188,59.24169921875,111.85791015625,0.656048059463501,-1,-1,-1
13,9,2946.853271484375,722.3326416015625,46.408203125,96.0916748046875,0.47116392850875854,-1,-1,-1
13,10,3572.193603515625,612.3395385742188,48.51416015625,95.03314208984375,0.41196849942207336,-1,-1,-1
13,11,4020.28173828125,551.9633178710938,19.1767578125,39.32623291015625,0.43853238224983215,-1,-1,-1
13,12,2956.753173828125,569.9029541015625,23.786865234375,45.6851806640625,0.5937283039093018,-1,-1,-1
13,13,3036.683837890625,581.5621948242188,22.88232421875,41.00750732421875,0.46415776014328003,-1,-1,-1
13,15,3572.683837890625,637.7760009765625,22.98291015625,67.067138671875,0.43467551469802856,-1,-1,-1
13,19,3125.51123046875,566.4285888671875,18.577880859375,49.03826904296875,0.37831979990005493,-1,-1,-1
13,23,1905.015625,686.0213623046875,56.1788330078125,76.0643310546875,0.5737044215202332,-1,-1,-1
13,27,2719.11376953125,565.4597778320312,26.0703125,49.530029296875,0.38711705803871155,-1,-1,-1
14,1,2370.99365234375,718.7682495117188,41.048828125,93.37933349609375,0.7684009075164795,-1,-1,-1
14,2,2919.2158203125,721.5765380859375,74.21875,97.51019287109375,0.5498682856559753,-1,-1,-1
14,3,2804.12548828125,656.2841186523438,70.44921875,78.40826416015625,0.5241304039955139,-1,-1,-1
14,4,2328.427734375,659.1558837890625,36.00341796875,76.15411376953125,0.7216571569442749,-1,-1,-1
14,5,2555.65283203125,648.1566772460938,36.541015625,69.13226318359375,0.6088112592697144,-1,-1,-1
14,6,3718.12109375,802.6019287109375,33.08984375,107.819580078125,0.6401042342185974,-1,-1,-1
14,8,1837.32861328125,758.5658569335938,58.994873046875,113.435546875,0.68244469165802,-1,-1,-1
14,10,3572.306396484375,612.200927734375,49.041748046875,95.15521240234375,0.4425525367259979,-1,-1,-1
14,11,4020.32177734375,552.028076171875,19.212646484375,39.325927734375,0.45845431089401245,-1,-1,-1
14,12,2954.313232421875,571.3434448242188,23.424560546875,44.77685546875,0.567760705947876,-1,-1,-1
14,13,3033.031982421875,581.603515625,22.669677734375,40.3111572265625,0.4481506645679474,-1,-1,-1
14,15,3572.661376953125,637.4876098632812,22.38330078125,67.24700927734375,0.4559652507305145,-1,-1,-1
14,19,3126.136962890625,564.3392333984375,20.3466796875,51.2459716796875,0.36418575048446655,-1,-1,-1
14,23,1911.35009765625,683.8035278320312,52.4713134765625,79.6229248046875,0.6751773357391357,-1,-1,-1
14,27,2720.557861328125,566.3683471679688,25.92041015625,48.02117919921875,0.383309543132782,-1,-1,-1
14,31,3192.394287109375,547.2682495117188,19.723876953125,38.599853515625,0.3369138240814209,-1,-1,-1
15,1,2372.179443359375,719.8607177734375,45.2939453125,91.3831787109375,0.751221239566803,-1,-1,-1
15,2,2916.979736328125,724.8109130859375,63.616455078125,92.70953369140625,0.43431201577186584,-1,-1,-1
15,3,2806.737060546875,640.0984497070312,73.431884765625,92.32476806640625,0.34850040078163147,-1,-1,-1
15,4,2329.264404296875,658.3827514648438,39.53759765625,76.72747802734375,0.6821560859680176,-1,-1,-1
15,5,2560.6572265625,645.6395263671875,34.76123046875,69.4368896484375,0.6499221920967102,-1,-1,-1
15,6,3717.72998046875,802.5875854492188,33.545166015625,107.68603515625,0.653801441192627,-1,-1,-1
15,8,1838.9984130859375,762.6492919921875,57.9722900390625,109.58282470703125,0.6840466260910034,-1,-1,-1
15,10,3571.895751953125,611.9948120117188,49.962890625,93.93798828125,0.47035881876945496,-1,-1,-1
15,11,4020.297119140625,552.221923828125,19.28662109375,39.7161865234375,0.5014075040817261,-1,-1,-1
15,12,2952.481689453125,572.6693725585938,22.3544921875,43.16119384765625,0.4654425084590912,-1,-1,-1
15,13,3030.333251953125,582.5196533203125,22.555908203125,38.2957763671875,0.38466203212738037,-1,-1,-1
15,15,3572.427490234375,637.2798461914062,22.187744140625,66.2236328125,0.45570746064186096,-1,-1,-1
15,19,3126.366943359375,563.276611328125,21.93310546875,52.45166015625,0.2932022511959076,-1,-1,-1
15,23,1917.0096435546875,682.8456420898438,52.37890625,81.3690185546875,0.5611583590507507,-1,-1,-1
15,27,2721.225341796875,567.0400390625,26.8232421875,47.81622314453125,0.43316277861595154,-1,-1,-1
15,31,3192.83642578125,547.1547241210938,19.587646484375,38.37225341796875,0.43403300642967224,-1,-1,-1
15,9,2953.2109375,720.3048706054688,44.33203125,96.3079833984375,0.47596532106399536,-1,-1,-1
16,1,2373.09033203125,720.3462524414062,53.04052734375,90.41644287109375,0.7242156863212585,-1,-1,-1
16,2,2922.509521484375,721.5811157226562,73.97216796875,95.1058349609375,0.6153634786605835,-1,-1,-1
16,3,2809.197998046875,653.3036499023438,66.4658203125,77.8193359375,0.4653070569038391,-1,-1,-1
16,4,2330.158447265625,657.4133911132812,42.91552734375,78.08062744140625,0.6097412705421448,-1,-1,-1
16,5,2565.111083984375,645.4156494140625,34.710693359375,67.94268798828125,0.6847801208496094,-1,-1,-1
16,6,3717.623779296875,802.507080078125,33.69482421875,107.6488037109375,0.6720585823059082,-1,-1,-1
16,8,1840.7786865234375,764.375244140625,57.0220947265625,108.052734375,0.731343150138855,-1,-1,-1
16,10,3571.720703125,611.2669067382812,50.97802734375,93.92608642578125,0.5144391059875488,-1,-1,-1
16,11,4020.37939453125,552.2134399414062,19.2470703125,39.97894287109375,0.5160587430000305,-1,-1,-1
16,12,2949.220458984375,572.84716796875,22.4091796875,44.7086181640625,0.45640307664871216,-1,-1,-1
16,13,3026.729736328125,582.9187622070312,23.485107421875,37.58001708984375,0.38509732484817505,-1,-1,-1
16,15,3572.53125,637.1387329101562,21.890625,65.61077880859375,0.47312065958976746,-1,-1,-1
16,23,1921.087158203125,680.3223266601562,55.136474609375,83.02667236328125,0.6585595607757568,-1,-1,-1
16,27,2721.985595703125,567.0938720703125,27.680419921875,48.1514892578125,0.46464017033576965,-1,-1,-1
16,31,3193.089111328125,546.8297119140625,19.656005859375,40.18145751953125,0.46341922879219055,-1,-1,-1
17,1,2373.481201171875,720.875,61.196533203125,89.59771728515625,0.740233838558197,-1,-1,-1
17,2,2933.8779296875,719.2404174804688,73.69873046875,95.8258056640625,0.6431155800819397,-1,-1,-1
17,3,2818.216064453125,642.7822875976562,64.955078125,85.5054931640625,0.6506869792938232,-1,-1,-1
17,4,2331.643798828125,654.6630249023438,47.7158203125,80.2257080078125,0.5602328777313232,-1,-1,-1
17,5,2569.609619140625,646.2625732421875,33.60107421875,64.50128173828125,0.7413743734359741,-1,-1,-1
17,6,3717.62890625,802.5940551757812,33.646728515625,107.57843017578125,0.6844184398651123,-1,-1,-1
17,8,1841.819091796875,765.2421264648438,56.35888671875,107.09466552734375,0.7536681890487671,-1,-1,-1
17,10,3571.4453125,610.9755859375,51.824462890625,93.65179443359375,0.5174005031585693,-1,-1,-1
17,11,4020.451416015625,552.2852783203125,19.1650390625,39.83062744140625,0.5269827842712402,-1,-1,-1
17,12,2944.791015625,573.9495239257812,23.409912109375,42.3204345703125,0.3442976772785187,-1,-1,-1
17,15,3572.319091796875,637.2665405273438,21.852294921875,64.89208984375,0.4699217975139618,-1,-1,-1
17,23,1926.5765380859375,677.6372680664062,56.6734619140625,85.86865234375,0.7614896297454834,-1,-1,-1
17,27,2722.9541015625,566.9637451171875,28.053466796875,48.865234375,0.49676814675331116,-1,-1,-1
17,31,3193.428955078125,548.0291137695312,20.309814453125,39.671630859375,0.4588110148906708,-1,-1,-1
18,1,2373.25537109375,719.444580078125,70.737060546875,90.15576171875,0.7509062886238098,-1,-1,-1
18,2,2947.570068359375,716.5780029296875,67.676513671875,95.22613525390625,0.6785871982574463,-1,-1,-1
18,3,2825.625244140625,647.9210205078125,58.70068359375,78.349853515625,0.5716825723648071,-1,-1,-1
18,4,2333.328125,654.0947265625,51.841796875,80.50067138671875,0.5575653910636902,-1,-1,-1
18,5,2574.257080078125,645.6651000976562,30.612060546875,64.2801513671875,0.7496586441993713,-1,-1,-1
18,6,3717.627197265625,802.543212890625,33.581298828125,107.609375,0.679986298084259,-1,-1,-1
18,8,1842.724853515625,765.3103637695312,55.904541015625,106.95782470703125,0.7505138516426086,-1,-1,-1
18,10,3571.51611328125,610.6985473632812,51.75390625,94.33123779296875,0.47629514336586,-1,-1,-1
18,11,4020.365234375,552.2789916992188,19.24072265625,39.98077392578125,0.5141875743865967,-1,-1,-1
18,15,3571.84765625,637.6649780273438,21.842041015625,64.94305419921875,0.45917704701423645,-1,-1,-1
18,23,1935.5189208984375,677.5855712890625,54.491943359375,86.24462890625,0.6726571917533875,-1,-1,-1
18,27,2723.903076171875,567.1351318359375,27.1865234375,49.03289794921875,0.4833153188228607,-1,-1,-1
18,31,3193.585205078125,545.1962280273438,19.938232421875,40.50213623046875,0.4156002402305603,-1,-1,-1
18,19,3133.51171875,566.0614013671875,23.98388671875,48.7069091796875,0.3439711332321167,-1,-1,-1
19,1,2373.844482421875,719.7737426757812,76.162109375,89.49102783203125,0.8027245402336121,-1,-1,-1
19,2,2953.218505859375,715.4033203125,67.9853515625,95.2391357421875,0.7010522484779358,-1,-1,-1
19,3,2833.49072265625,645.8200073242188,50.455810546875,79.56573486328125,0.4885087013244629,-1,-1,-1
19,4,2334.768310546875,651.2386474609375,53.421875,81.6585693359375,0.5775117874145508,-1,-1,-1
19,5,2577.956298828125,644.7792358398438,30.411865234375,64.19842529296875,0.7409412264823914,-1,-1,-1
19,6,3717.6689453125,802.4276123046875,33.542236328125,107.847412109375,0.6782923340797424,-1,-1,-1
19,8,1843.23974609375,765.2540893554688,55.3284912109375,107.35797119140625,0.7494890093803406,-1,-1,-1
19,10,3573.2158203125,610.1866455078125,49.93115234375,95.4302978515625,0.40664738416671753,-1,-1,-1
19,11,4020.280029296875,552.0999755859375,19.367919921875,40.17462158203125,0.5129967331886292,-1,-1,-1
19,15,3571.178955078125,638.0314331054688,21.822265625,64.87939453125,0.40476760268211365,-1,-1,-1
19,23,1939.1036376953125,673.5814208984375,57.701171875,90.942138671875,0.591433584690094,-1,-1,-1
19,27,2725.12109375,566.5660400390625,26.74853515625,49.48614501953125,0.4308602511882782,-1,-1,-1
19,31,3193.9453125,543.9896240234375,19.90283203125,41.49761962890625,0.4546479880809784,-1,-1,-1
19,19,3134.64306640625,568.0838012695312,24.20947265625,47.32470703125,0.39071089029312134,-1,-1,-1
20,1,2377.167724609375,720.1094360351562,75.42919921875,87.791015625,0.7606062293052673,-1,-1,-1
20,2,2957.875732421875,716.2491455078125,71.470703125,92.056884765625,0.7016987204551697,-1,-1,-1
20,3,2846.982421875,628.7702026367188,44.318115234375,95.41583251953125,0.6715131402015686,-1,-1,-1
20,4,2340.078125,650.7122802734375,50.369140625,81.186279296875,0.6069539189338684,-1,-1,-1
20,5,2580.76904296875,642.1738891601562,30.20068359375,66.57550048828125,0.6988259553909302,-1,-1,-1
20,6,3717.7705078125,802.5064086914062,33.40673828125,107.8453369140625,0.6799526810646057,-1,-1,-1
20,8,1843.24853515625,765.0731811523438,55.06201171875,108.0543212890625,0.7462953925132751,-1,-1,-1
20,10,3574.348388671875,609.8909301757812,48.89013671875,95.2752685546875,0.420941025018692,-1,-1,-1
20,11,4020.27099609375,552.126708984375,19.392822265625,39.97314453125,0.5066593289375305,-1,-1,-1
20,15,3571.177734375,638.2574462890625,21.552978515625,64.01361083984375,0.40244024991989136,-1,-1,-1
20,23,1944.3394775390625,672.2421264648438,58.0166015625,87.7139892578125,0.6792480945587158,-1,-1,-1
20,27,2726.163330078125,565.5706787109375,26.514404296875,51.159423828125,0.44031286239624023,-1,-1,-1
20,31,3194.281494140625,543.2388916015625,19.496337890625,42.36846923828125,0.4427530765533447,-1,-1,-1
20,19,3136.58935546875,567.8507080078125,23.142333984375,48.26641845703125,0.4406629502773285,-1,-1,-1
20,41,2783.711181640625,529.105224609375,20.98193359375,33.312744140625,0.3306933343410492,-1,-1,-1
20,13,3016.395263671875,584.321044921875,27.57861328125,35.375,0.3206866383552551,-1,-1,-1
21,1,2381.48486328125,717.8892822265625,71.788818359375,88.38177490234375,0.7928898930549622,-1,-1,-1
21,2,2964.208251953125,717.0017700195312,66.36669921875,90.0260009765625,0.688770055770874,-1,-1,-1
21,3,2851.012451171875,624.09716796875,44.635498046875,99.92095947265625,0.7380132079124451,-1,-1,-1
21,4,2345.704833984375,649.4268188476562,46.720458984375,79.3193359375,0.6477150917053223,-1,-1,-1
21,5,2583.809814453125,640.2993774414062,30.762939453125,68.77569580078125,0.6039222478866577,-1,-1,-1
21,6,3717.86474609375,802.6158447265625,33.289794921875,107.78900146484375,0.6789566874504089,-1,-1,-1
21,8,1843.1419677734375,764.7444458007812,54.38525390625,108.51409912109375,0.7401908040046692,-1,-1,-1
21,10,3573.925048828125,609.784912109375,49.02734375,94.9166259765625,0.41922029852867126,-1,-1,-1
21,11,4020.390625,552.075439453125,19.28076171875,39.84503173828125,0.5167123079299927,-1,-1,-1
21,15,3570.568359375,638.5299072265625,22.078857421875,63.72882080078125,0.42817047238349915,-1,-1,-1
21,23,1950.9366455078125,670.5220336914062,57.539794921875,87.31683349609375,0.6554522514343262,-1,-1,-1
21,27,2728.66943359375,565.80029296875,26.52734375,49.1036376953125,0.3269104063510895,-1,-1,-1
21,31,3194.835693359375,542.5799560546875,19.100341796875,42.45733642578125,0.44202157855033875,-1,-1,-1
21,19,3138.239013671875,567.8262939453125,21.836181640625,48.29052734375,0.4812057614326477,-1,-1,-1
21,41,2785.135498046875,529.6602783203125,19.6064453125,32.0006103515625,0.3822566270828247,-1,-1,-1
21,13,3013.220458984375,583.3318481445312,30.129150390625,36.70648193359375,0.44305601716041565,-1,-1,-1
22,1,2386.03076171875,717.6696166992188,67.0517578125,87.85589599609375,0.7711068987846375,-1,-1,-1
22,2,2966.734375,716.839111328125,72.438720703125,90.05450439453125,0.6890783309936523,-1,-1,-1
22,3,2853.1650390625,621.8289184570312,45.91015625,102.30908203125,0.7302120923995972,-1,-1,-1
22,4,2351.29833984375,649.0756225585938,42.707763671875,78.2587890625,0.6103943586349487,-1,-1,-1
22,5,2586.305908203125,638.971435546875,31.043701171875,70.51141357421875,0.6117334365844727,-1,-1,-1
22,6,3717.955322265625,802.5855712890625,33.2705078125,107.701416015625,0.6723607778549194,-1,-1,-1
22,8,1842.76904296875,763.7998657226562,54.0133056640625,109.38714599609375,0.7330354452133179,-1,-1,-1
22,10,3571.57763671875,609.86083984375,51.149169921875,94.47906494140625,0.45243385434150696,-1,-1,-1
22,11,4020.42724609375,551.9218139648438,19.326904296875,39.92620849609375,0.5260598063468933,-1,-1,-1
22,15,3569.14794921875,638.5432739257812,23.70166015625,63.949951171875,0.4834883511066437,-1,-1,-1
22,23,1953.6751708984375,669.6102905273438,60.8924560546875,87.48638916015625,0.6761613488197327,-1,-1,-1
22,27,2732.19384765625,565.0208129882812,22.72265625,49.51495361328125,0.31869807839393616,-1,-1,-1
22,31,3195.6279296875,542.4401245117188,19.184814453125,42.81756591796875,0.4769589900970459,-1,-1,-1
22,19,3139.237060546875,567.4203491210938,21.08251953125,48.76318359375,0.47063037753105164,-1,-1,-1
22,41,2786.840087890625,527.563720703125,18.142822265625,35.17425537109375,0.47593167424201965,-1,-1,-1
22,13,3010.78125,583.1203002929688,29.041748046875,36.02239990234375,0.41852471232414246,-1,-1,-1
23,1,2392.622314453125,717.5286254882812,59.43359375,85.9085693359375,0.7105099558830261,-1,-1,-1
23,2,2967.4462890625,715.6260375976562,78.625244140625,90.87823486328125,0.6957771182060242,-1,-1,-1
23,3,2859.585693359375,620.756591796875,44.193603515625,100.430419921875,0.6874960064888,-1,-1,-1
23,4,2357.40771484375,647.9548950195312,39.919677734375,79.60833740234375,0.5810713171958923,-1,-1,-1
23,5,2588.460205078125,638.3245239257812,32.018310546875,69.9674072265625,0.6075790524482727,-1,-1,-1
23,6,3718.099365234375,802.6322021484375,33.148193359375,107.58673095703125,0.6616334319114685,-1,-1,-1
23,8,1842.467041015625,762.9464111328125,53.9534912109375,110.0367431640625,0.7212773561477661,-1,-1,-1
23,10,3570.97998046875,610.0357055664062,51.434814453125,94.73565673828125,0.41773056983947754,-1,-1,-1
23,11,4020.425537109375,551.9408569335938,19.291015625,39.80792236328125,0.5109909772872925,-1,-1,-1
23,15,3567.562255859375,638.5122680664062,25.14111328125,64.63262939453125,0.4826032519340515,-1,-1,-1
23,23,1960.6358642578125,670.1832275390625,58.720703125,84.5706787109375,0.6710329055786133,-1,-1,-1
23,27,2733.861328125,564.7445678710938,21.760986328125,49.7677001953125,0.2638821005821228,-1,-1,-1
23,31,3196.170654296875,542.7572631835938,19.547607421875,42.58404541015625,0.44012802839279175,-1,-1,-1
23,19,3140.8779296875,567.3292846679688,20.240966796875,48.37872314453125,0.48711809515953064,-1,-1,-1
23,41,2787.721923828125,527.5099487304688,17.692138671875,36.5814208984375,0.4673524498939514,-1,-1,-1
23,13,3009.56689453125,581.7802124023438,26.950927734375,36.8165283203125,0.4865851402282715,-1,-1,-1
24,1,2397.947998046875,715.6822509765625,52.27685546875,85.60443115234375,0.6771066784858704,-1,-1,-1
24,2,2966.608642578125,713.8594360351562,86.88134765625,91.6866455078125,0.7322773933410645,-1,-1,-1
24,3,2866.33984375,620.5924682617188,41.78369140625,97.26007080078125,0.664269208908081,-1,-1,-1
24,4,2363.893798828125,647.8430786132812,36.5517578125,80.25762939453125,0.6255252361297607,-1,-1,-1
24,5,2590.732421875,637.841552734375,33.10693359375,69.31927490234375,0.6701851487159729,-1,-1,-1
24,6,3718.191650390625,802.6840209960938,32.991455078125,107.40826416015625,0.6429308652877808,-1,-1,-1
24,8,1842.2579345703125,762.3357543945312,53.9693603515625,110.62872314453125,0.7129566073417664,-1,-1,-1
24,10,3572.406982421875,610.22021484375,50.194091796875,94.79010009765625,0.404617041349411,-1,-1,-1
24,11,4020.414794921875,551.8997192382812,19.291015625,39.76409912109375,0.4956356883049011,-1,-1,-1
24,15,3567.26708984375,638.232666015625,25.16357421875,65.12921142578125,0.4573368430137634,-1,-1,-1
24,23,1966.4063720703125,670.24755859375,56.6075439453125,82.504638671875,0.6352590322494507,-1,-1,-1
24,27,2734.841552734375,564.8704833984375,21.767333984375,50.311279296875,0.2826305627822876,-1,-1,-1
24,31,3196.74560546875,543.5281372070312,19.9033203125,41.23553466796875,0.36504676938056946,-1,-1,-1
24,19,3144.10107421875,567.576904296875,18.15966796875,48.2183837890625,0.5021201372146606,-1,-1,-1
24,41,2788.107177734375,528.254150390625,17.99560546875,36.28802490234375,0.4759577214717865,-1,-1,-1
24,13,3008.30712890625,581.084228515625,24.203369140625,37.70751953125,0.43156149983406067,-1,-1,-1
25,1,2408.21142578125,713.7274169921875,41.447021484375,86.4737548828125,0.69785475730896,-1,-1,-1
25,2,2968.13525390625,710.142822265625,88.696533203125,94.696533203125,0.6844621896743774,-1,-1,-1
25,3,2871.167724609375,619.9859008789062,43.148681640625,95.30462646484375,0.5841933488845825,-1,-1,-1
25,4,2367.137939453125,646.4691162109375,36.251953125,81.4786376953125,0.6525130271911621,-1,-1,-1
25,5,2593.867919921875,636.7945556640625,33.1103515625,66.83642578125,0.6802275776863098,-1,-1,-1
25,6,3718.285400390625,802.7577514648438,32.8857421875,107.35205078125,0.6332365870475769,-1,-1,-1
25,8,1842.1348876953125,762.2362060546875,53.975341796875,110.7799072265625,0.7042742967605591,-1,-1,-1
25,10,3575.879150390625,610.4146118164062,46.482177734375,93.66888427734375,0.3398313522338867,-1,-1,-1
25,11,4020.484619140625,551.978515625,19.195068359375,39.67181396484375,0.4790801405906677,-1,-1,-1
25,15,3566.388916015625,638.187255859375,25.666259765625,64.225830078125,0.44722986221313477,-1,-1,-1
25,23,1976.9091796875,670.7719116210938,48.5179443359375,80.78411865234375,0.720413863658905,-1,-1,-1
25,27,2735.77685546875,565.0537109375,22.847412109375,51.4876708984375,0.36376187205314636,-1,-1,-1
25,31,3197.40673828125,543.748291015625,19.943115234375,41.1026611328125,0.4169870913028717,-1,-1,-1
25,19,3146.095947265625,566.7701416015625,17.297607421875,47.750244140625,0.5039357542991638,-1,-1,-1
25,41,2788.110595703125,528.2474975585938,18.42626953125,36.97528076171875,0.49492305517196655,-1,-1,-1
25,13,3006.4658203125,581.73974609375,23.1064453125,36.9586181640625,0.36375534534454346,-1,-1,-1
26,1,2414.90087890625,712.6634521484375,36.501953125,86.224609375,0.6884678602218628,-1,-1,-1
26,2,2975.4091796875,707.9242553710938,81.252685546875,96.166748046875,0.7113484740257263,-1,-1,-1
26,3,2872.630615234375,619.9694213867188,44.541259765625,95.6971435546875,0.5895899534225464,-1,-1,-1
26,4,2368.809326171875,643.9844970703125,39.37939453125,83.92877197265625,0.6529797911643982,-1,-1,-1
26,5,2597.895263671875,636.0066528320312,32.388671875,65.547607421875,0.728268027305603,-1,-1,-1
26,6,3718.0986328125,802.672607421875,33.119873046875,107.376708984375,0.6415957808494568,-1,-1,-1
26,8,1841.752685546875,762.388671875,54.2734375,110.552734375,0.697670578956604,-1,-1,-1
26,10,3580.767578125,610.4466552734375,42.117919921875,91.97503662109375,0.27164173126220703,-1,-1,-1
26,11,4020.608154296875,551.7442626953125,19.192626953125,39.97491455078125,0.4695182144641876,-1,-1,-1
26,15,3565.3701171875,638.674072265625,26.192138671875,63.51251220703125,0.40375396609306335,-1,-1,-1
26,23,1986.6884765625,670.4380493164062,42.0479736328125,80.258544921875,0.7420123815536499,-1,-1,-1
26,27,2736.762451171875,564.864501953125,24.5859375,52.12786865234375,0.44503745436668396,-1,-1,-1
26,31,3198.179931640625,543.4149169921875,19.604248046875,41.1741943359375,0.40568310022354126,-1,-1,-1
26,19,3147.158935546875,566.43701171875,17.000244140625,48.69744873046875,0.43700316548347473,-1,-1,-1
26,41,2788.733154296875,527.82666015625,18.082275390625,36.604736328125,0.46909666061401367,-1,-1,-1
26,13,3003.3046875,580.757568359375,21.9619140625,39.5426025390625,0.34972041845321655,-1,-1,-1
27,1,2421.14599609375,711.3331909179688,36.3876953125,88.54168701171875,0.7712011337280273,-1,-1,-1
27,2,2983.308837890625,705.6866455078125,74.797607421875,96.77435302734375,0.7099974155426025,-1,-1,-1
27,3,2877.105224609375,619.357421875,46.396484375,95.35137939453125,0.4356733560562134,-1,-1,-1
27,4,2371.119873046875,642.2979736328125,41.3798828125,84.25897216796875,0.7109423875808716,-1,-1,-1
27,5,2600.779052734375,635.75439453125,31.551513671875,64.28912353515625,0.7498491406440735,-1,-1,-1
27,6,3718.05712890625,802.6598510742188,33.381103515625,107.32037353515625,0.6564217209815979,-1,-1,-1
27,8,1841.253173828125,762.3419799804688,55.17724609375,110.5435791015625,0.704794704914093,-1,-1,-1
27,11,4020.677490234375,551.6229858398438,19.202392578125,40.2198486328125,0.4850839376449585,-1,-1,-1
27,15,3564.55419921875,639.1904296875,26.558837890625,62.8653564453125,0.3269331753253937,-1,-1,-1
27,23,1994.2449951171875,668.8259887695312,39.494140625,81.7332763671875,0.7808141112327576,-1,-1,-1
27,27,2737.396240234375,566.32666015625,26.39501953125,50.39630126953125,0.46614834666252136,-1,-1,-1
27,31,3198.624267578125,543.3451538085938,19.699951171875,41.93829345703125,0.37703922390937805,-1,-1,-1
27,19,3148.511474609375,566.5863647460938,16.89013671875,48.7242431640625,0.4974215030670166,-1,-1,-1
27,41,2790.112548828125,527.3763427734375,17.495849609375,35.781494140625,0.46609261631965637,-1,-1,-1
27,13,2999.34228515625,578.97216796875,24.696533203125,40.7479248046875,0.3280617296695709,-1,-1,-1
28,1,2423.7744140625,708.1913452148438,41.171630859375,91.84356689453125,0.7357192039489746,-1,-1,-1
28,2,2994.124755859375,703.86669921875,67.412841796875,96.034912109375,0.7064517736434937,-1,-1,-1
28,3,2881.499755859375,617.2330932617188,48.54248046875,98.2548828125,0.48477035760879517,-1,-1,-1
28,4,2374.090087890625,641.47998046875,40.38427734375,82.092041015625,0.7248401045799255,-1,-1,-1
28,5,2603.21435546875,636.203125,30.8486328125,61.69683837890625,0.710917055606842,-1,-1,-1
28,6,3718.21044921875,802.8425903320312,33.510498046875,107.0059814453125,0.6572412252426147,-1,-1,-1
28,8,1841.046875,763.1019287109375,55.83740234375,109.6370849609375,0.6832956075668335,-1,-1,-1
28,11,4020.64990234375,551.4517822265625,19.313720703125,40.4193115234375,0.49056771397590637,-1,-1,-1
28,15,3563.6396484375,639.3988037109375,27.1689453125,62.7578125,0.317886620759964,-1,-1,-1
28,23,2000.74365234375,667.6912841796875,39.64697265625,81.4898681640625,0.7346634864807129,-1,-1,-1
28,27,2737.626220703125,567.5054321289062,28.46630859375,49.05450439453125,0.5164757966995239,-1,-1,-1
28,31,3198.98828125,543.531494140625,20.154052734375,42.7593994140625,0.37453073263168335,-1,-1,-1
28,19,3149.718994140625,566.9652099609375,17.099609375,48.08978271484375,0.48181289434432983,-1,-1,-1
28,41,2791.130859375,527.8434448242188,17.5986328125,35.33673095703125,0.49231913685798645,-1,-1,-1
28,13,2997.2490234375,578.3820190429688,23.728271484375,40.3138427734375,0.35948818922042847,-1,-1,-1
28,53,2896.23974609375,655.0421142578125,33.64501953125,61.4990234375,0.62698894739151,-1,-1,-1
29,1,2426.46533203125,706.7601928710938,45.659423828125,92.14599609375,0.7468756437301636,-1,-1,-1
29,2,3004.27587890625,702.6531982421875,58.621337890625,95.69305419921875,0.6965732574462891,-1,-1,-1
29,3,2884.10595703125,615.927001953125,44.805419921875,99.40869140625,0.427156537771225,-1,-1,-1
29,4,2376.625732421875,641.0279541015625,40.2412109375,79.59759521484375,0.7369561195373535,-1,-1,-1
29,5,2607.94580078125,636.46484375,28.00634765625,59.9453125,0.6649816632270813,-1,-1,-1
29,6,3718.41748046875,802.9576416015625,33.355712890625,106.79486083984375,0.6463697552680969,-1,-1,-1
29,8,1840.6702880859375,764.215087890625,56.540283203125,108.353759765625,0.6715735793113708,-1,-1,-1
29,11,4020.62841796875,551.257568359375,19.270751953125,40.60748291015625,0.4824063777923584,-1,-1,-1
29,15,3563.188720703125,639.2091674804688,27.391357421875,62.6177978515625,0.30140450596809387,-1,-1,-1
29,23,2004.01708984375,666.8541870117188,43.2862548828125,81.54705810546875,0.6513807773590088,-1,-1,-1
29,27,2738.43310546875,567.708984375,29.443359375,48.5809326171875,0.4825233221054077,-1,-1,-1
29,31,3199.637939453125,543.324951171875,19.476318359375,37.4085693359375,0.2947266697883606,-1,-1,-1
29,19,3151.289794921875,567.70166015625,17.034912109375,48.79058837890625,0.4919651448726654,-1,-1,-1
29,41,2792.11083984375,528.475341796875,17.44921875,35.44097900390625,0.47814202308654785,-1,-1,-1
29,13,2995.3466796875,577.6017456054688,23.206298828125,40.8818359375,0.3972569406032562,-1,-1,-1
29,53,2899.5009765625,650.8989868164062,33.86767578125,64.88580322265625,0.5381409525871277,-1,-1,-1
30,1,2427.668212890625,705.9075317382812,50.566650390625,92.79669189453125,0.7193439602851868,-1,-1,-1
30,2,3013.89501953125,700.24951171875,52.671875,96.39141845703125,0.7752851247787476,-1,-1,-1
30,3,2887.374755859375,615.8746948242188,35.537109375,96.156005859375,0.4103865623474121,-1,-1,-1
30,4,2380.99462890625,641.9337768554688,37.9130859375,79.02020263671875,0.7230537533760071,-1,-1,-1
30,5,2611.635009765625,634.4368286132812,26.1328125,62.01312255859375,0.5635548233985901,-1,-1,-1
30,6,3718.736328125,802.7743530273438,33.211669921875,106.93304443359375,0.6529543995857239,-1,-1,-1
30,8,1840.171142578125,764.7334594726562,57.1102294921875,107.7322998046875,0.6560015678405762,-1,-1,-1
30,11,4020.65185546875,551.06494140625,19.187744140625,40.6617431640625,0.45997726917266846,-1,-1,-1
30,15,3562.385986328125,639.4271240234375,27.9541015625,60.3294677734375,0.3220697045326233,-1,-1,-1
30,23,2005.8636474609375,667.0847778320312,47.9190673828125,77.50726318359375,0.6056983470916748,-1,-1,-1
30,27,2738.79052734375,567.1986694335938,29.26708984375,49.58349609375,0.500188946723938,-1,-1,-1
30,31,3201.00927734375,542.5518798828125,18.220703125,37.11297607421875,0.3549615144729614,-1,-1,-1
30,19,3152.16552734375,567.6737670898438,17.9150390625,48.77203369140625,0.4782141149044037,-1,-1,-1
30,41,2794.313232421875,530.1326904296875,16.972900390625,33.30859375,0.4427275061607361,-1,-1,-1
30,13,2992.662109375,578.0726928710938,22.551513671875,41.7430419921875,0.26545339822769165,-1,-1,-1
30,53,2908.488037109375,648.6539916992188,35.19140625,62.10369873046875,0.44119107723236084,-1,-1,-1
31,1,2428.962158203125,706.2935180664062,56.294189453125,91.89990234375,0.723311722278595,-1,-1,-1
31,2,3020.34814453125,699.064208984375,49.531005859375,95.13226318359375,0.7627595067024231,-1,-1,-1
31,4,2384.159423828125,644.1497802734375,36.29833984375,74.91168212890625,0.6287814378738403,-1,-1,-1
31,5,2614.845703125,633.0104370117188,24.961669921875,64.6337890625,0.5503928661346436,-1,-1,-1
31,6,3719.099853515625,802.8131103515625,32.909912109375,106.8642578125,0.6486568450927734,-1,-1,-1
31,8,1839.767578125,764.9119262695312,57.7779541015625,107.2291259765625,0.6632328033447266,-1,-1,-1
31,11,4020.604736328125,550.9598999023438,19.257080078125,40.81048583984375,0.4694940149784088,-1,-1,-1
31,15,3561.69384765625,638.7847900390625,28.53369140625,59.3623046875,0.3352396786212921,-1,-1,-1
31,23,2009.860107421875,665.0802612304688,51.3134765625,77.29400634765625,0.6196821331977844,-1,-1,-1
31,27,2739.013427734375,566.5422973632812,29.578125,51.03570556640625,0.4845752418041229,-1,-1,-1
31,31,3202.772216796875,542.4913330078125,17.48193359375,36.51043701171875,0.36938437819480896,-1,-1,-1
31,19,3152.6357421875,568.2503662109375,20.0126953125,48.48468017578125,0.43151751160621643,-1,-1,-1
31,41,2795.66650390625,530.5902099609375,17.07958984375,31.73883056640625,0.42928531765937805,-1,-1,-1
31,13,2984.09228515625,578.7032470703125,28.7060546875,45.3272705078125,0.37684088945388794,-1,-1,-1
31,53,2913.69775390625,647.5640258789062,37.943115234375,58.08465576171875,0.5281252264976501,-1,-1,-1
32,1,2430.275390625,706.7200927734375,62.090576171875,91.32855224609375,0.7265558838844299,-1,-1,-1
32,2,3025.7265625,697.5789184570312,46.029296875,95.1839599609375,0.790504515171051,-1,-1,-1
32,4,2388.7177734375,643.5723266601562,33.623046875,75.05218505859375,0.5999566912651062,-1,-1,-1
32,5,2617.13671875,632.9482421875,26.05859375,66.0555419921875,0.5800944566726685,-1,-1,-1
32,6,3719.207275390625,803.2340087890625,32.750732421875,106.47259521484375,0.6447491645812988,-1,-1,-1
32,8,1839.301513671875,764.8396606445312,58.5257568359375,107.46173095703125,0.6861449480056763,-1,-1,-1
32,11,4020.554931640625,550.72216796875,19.388427734375,41.13287353515625,0.49040934443473816,-1,-1,-1
32,15,3560.924072265625,638.711181640625,29.131103515625,58.5474853515625,0.25799503922462463,-1,-1,-1
32,23,2008.3787841796875,663.484619140625,64.2630615234375,78.89691162109375,0.703874409198761,-1,-1,-1
32,27,2739.543701171875,565.8827514648438,30.164306640625,52.59710693359375,0.5060741305351257,-1,-1,-1
32,31,3203.48486328125,542.2366943359375,17.533935546875,34.725341796875,0.39735957980155945,-1,-1,-1
32,19,3153.351806640625,567.1704711914062,21.702880859375,49.301513671875,0.44256794452667236,-1,-1,-1
32,41,2797.58935546875,530.3078002929688,16.24951171875,29.86572265625,0.40051349997520447,-1,-1,-1
32,13,2979.976318359375,579.1893310546875,29.378173828125,46.46929931640625,0.42365139722824097,-1,-1,-1
32,53,2919.227783203125,643.6336669921875,40.78125,57.561767578125,0.5765401124954224,-1,-1,-1
33,1,2432.57373046875,705.7793579101562,64.77001953125,92.73846435546875,0.7363232970237732,-1,-1,-1
33,2,3028.43994140625,694.540771484375,47.434814453125,97.626953125,0.7505075931549072,-1,-1,-1
33,4,2392.127685546875,642.5360107421875,32.904052734375,77.42596435546875,0.6382277011871338,-1,-1,-1
33,5,2620.885009765625,630.9266357421875,25.089111328125,63.45330810546875,0.5832573771476746,-1,-1,-1
33,6,3719.2236328125,803.4235229492188,32.735107421875,106.15118408203125,0.6494990587234497,-1,-1,-1
33,8,1839.0401611328125,764.4869995117188,59.561279296875,107.81927490234375,0.6999338865280151,-1,-1,-1
33,11,4020.546875,550.6142578125,19.39990234375,41.40704345703125,0.5215868353843689,-1,-1,-1
33,23,2009.44677734375,661.3711547851562,68.693115234375,79.82720947265625,0.7048819065093994,-1,-1,-1
33,27,2740.19189453125,564.9923706054688,30.496826171875,53.46710205078125,0.46932968497276306,-1,-1,-1
33,31,3204.3115234375,542.6383666992188,17.27197265625,32.67864990234375,0.3566223680973053,-1,-1,-1
33,19,3153.636962890625,567.2861938476562,23.28125,49.87261962890625,0.38069891929626465,-1,-1,-1
33,41,2798.281982421875,532.4063720703125,16.435791015625,26.62237548828125,0.3661254048347473,-1,-1,-1
33,13,2978.294921875,577.3946533203125,28.735107421875,48.674560546875,0.4736170172691345,-1,-1,-1
33,53,2923.774169921875,639.9492797851562,42.100341796875,60.5701904296875,0.5586503148078918,-1,-1,-1
33,62,2899.587890625,620.6001586914062,26.76806640625,41.87164306640625,0.38799190521240234,-1,-1,-1
34,1,2435.223876953125,705.585693359375,65.4609375,92.7564697265625,0.6955462694168091,-1,-1,-1
34,2,3033.768798828125,692.7734985351562,45.13916015625,98.683837890625,0.7334628701210022,-1,-1,-1
34,4,2395.165771484375,643.076171875,33.055419921875,75.3582763671875,0.6170547604560852,-1,-1,-1
34,5,2623.591064453125,629.224853515625,25.982666015625,62.8419189453125,0.6339316368103027,-1,-1,-1
34,6,3719.20361328125,803.278564453125,32.89013671875,106.60406494140625,0.6589345932006836,-1,-1,-1
34,8,1839.02490234375,763.4849243164062,60.2935791015625,108.986083984375,0.7037495970726013,-1,-1,-1
34,11,4020.56591796875,550.8294067382812,19.44775390625,41.27789306640625,0.5160527229309082,-1,-1,-1
34,23,2013.478759765625,660.4805297851562,69.724609375,77.39105224609375,0.6615369915962219,-1,-1,-1
34,27,2743.782470703125,565.4669799804688,27.974365234375,53.34033203125,0.30423471331596375,-1,-1,-1
34,31,3205.033203125,543.5651245117188,16.94091796875,30.60296630859375,0.3651740849018097,-1,-1,-1
34,19,3154.07958984375,567.9417724609375,23.54736328125,47.35247802734375,0.3521615266799927,-1,-1,-1
34,41,2798.797607421875,531.7437133789062,16.686279296875,27.32586669921875,0.36037030816078186,-1,-1,-1
34,13,2977.84375,577.4533081054688,27.15185546875,48.0428466796875,0.38393282890319824,-1,-1,-1
34,53,2932.52490234375,638.7430419921875,37.8955078125,62.97747802734375,0.6133004426956177,-1,-1,-1
34,62,2899.9150390625,618.067138671875,28.873046875,46.88739013671875,0.3652192950248718,-1,-1,-1
35,1,2437.487060546875,704.8766479492188,66.278076171875,92.57110595703125,0.7144166827201843,-1,-1,-1
35,2,3040.897216796875,689.9725952148438,42.935302734375,101.478271484375,0.786450207233429,-1,-1,-1
35,4,2399.331298828125,641.9358520507812,31.19677734375,76.32244873046875,0.6469481587409973,-1,-1,-1
35,5,2627.461181640625,627.5899047851562,26.3896484375,64.09014892578125,0.6701310276985168,-1,-1,-1
35,6,3719.326416015625,803.1685180664062,32.9638671875,106.892578125,0.6664733290672302,-1,-1,-1
35,8,1839.54150390625,763.1672973632812,60.7989501953125,109.491455078125,0.696721076965332,-1,-1,-1
35,11,4020.55712890625,550.8103637695312,19.563232421875,41.34381103515625,0.5213589668273926,-1,-1,-1
35,23,2027.7864990234375,661.2232055664062,58.1678466796875,74.788818359375,0.5588439702987671,-1,-1,-1
35,31,3205.279296875,543.7618408203125,16.4423828125,30.17559814453125,0.3955420255661011,-1,-1,-1
35,19,3155.439697265625,568.95166015625,23.297607421875,44.803955078125,0.3515097200870514,-1,-1,-1
35,41,2799.562255859375,530.8040161132812,16.82470703125,27.20196533203125,0.3566172122955322,-1,-1,-1
35,13,2978.424072265625,576.7686767578125,25.66748046875,48.14276123046875,0.3214552104473114,-1,-1,-1
35,53,2941.533447265625,640.389892578125,31.9560546875,59.71185302734375,0.5848765969276428,-1,-1,-1
35,15,3559.189697265625,635.8062133789062,26.0390625,61.87957763671875,0.31753218173980713,-1,-1,-1
36,1,2442.14306640625,704.1981201171875,61.939208984375,90.07940673828125,0.7208479046821594,-1,-1,-1
36,2,3046.531494140625,687.2783203125,41.720947265625,103.7738037109375,0.8052580952644348,-1,-1,-1
36,4,2402.517822265625,640.6307983398438,32.60009765625,76.073486328125,0.7120625376701355,-1,-1,-1
36,5,2630.520263671875,626.7908935546875,25.551025390625,63.3756103515625,0.6907021403312683,-1,-1,-1
36,6,3719.417724609375,803.0593872070312,33.099365234375,106.82904052734375,0.6731169819831848,-1,-1,-1
36,8,1840.1864013671875,763.5359497070312,61.1732177734375,109.39532470703125,0.6768357157707214,-1,-1,-1
36,11,4020.62841796875,550.909423828125,19.51171875,41.24224853515625,0.5079584717750549,-1,-1,-1
36,23,2034.3675537109375,661.5325317382812,55.2979736328125,73.79931640625,0.635059118270874,-1,-1,-1
36,31,3205.748046875,543.8839721679688,16.460205078125,30.00933837890625,0.39541399478912354,-1,-1,-1
36,19,3157.782470703125,571.3641357421875,22.028076171875,40.4464111328125,0.296607106924057,-1,-1,-1
36,41,2799.801025390625,531.6018676757812,17.37841796875,26.80859375,0.3432358503341675,-1,-1,-1
36,13,2978.522705078125,577.8477783203125,25.22021484375,45.6290283203125,0.31122761964797974,-1,-1,-1
36,53,2947.6982421875,637.4125366210938,32.25,63.21612548828125,0.697021484375,-1,-1,-1
36,15,3559.009521484375,634.989013671875,25.55078125,62.87701416015625,0.3194240927696228,-1,-1,-1
37,1,2445.890380859375,703.7562866210938,57.669921875,90.415283203125,0.7239640951156616,-1,-1,-1
37,2,3050.92529296875,686.20068359375,40.8505859375,103.7293701171875,0.7876314520835876,-1,-1,-1
37,4,2403.681396484375,639.2708740234375,35.255126953125,76.48333740234375,0.7328860759735107,-1,-1,-1
37,5,2633.41552734375,626.4722290039062,26.02783203125,63.30633544921875,0.6728032827377319,-1,-1,-1
37,6,3719.772216796875,803.0363159179688,32.97705078125,106.98272705078125,0.6607546210289001,-1,-1,-1
37,8,1840.9478759765625,763.7160034179688,61.468505859375,109.2767333984375,0.6806272268295288,-1,-1,-1
37,11,4020.607421875,550.989501953125,19.521484375,41.20855712890625,0.5137759447097778,-1,-1,-1
37,23,2044.603515625,661.8551025390625,49.396484375,72.0067138671875,0.7466175556182861,-1,-1,-1
37,31,3205.9033203125,543.2464599609375,16.428466796875,30.77667236328125,0.4005858898162842,-1,-1,-1
37,19,3159.3466796875,571.5697021484375,21.29541015625,38.7781982421875,0.29574093222618103,-1,-1,-1
37,41,2800.244384765625,530.1470947265625,17.72705078125,30.63629150390625,0.3611525297164917,-1,-1,-1
37,53,2950.8798828125,636.4738159179688,36.126708984375,63.42071533203125,0.5427314639091492,-1,-1,-1
37,15,3559.096435546875,634.7655639648438,25.337158203125,63.434326171875,0.31253552436828613,-1,-1,-1
37,68,2914.010498046875,580.8359985351562,30.005615234375,73.76080322265625,0.37092018127441406,-1,-1,-1
38,1,2452.515625,702.6387939453125,50.864990234375,88.65460205078125,0.7600335478782654,-1,-1,-1
38,2,3054.914306640625,686.7584228515625,39.583984375,101.0611572265625,0.7901222705841064,-1,-1,-1
38,4,2404.382568359375,638.6394653320312,37.92236328125,75.97686767578125,0.7260313630104065,-1,-1,-1
38,5,2634.8994140625,625.9584350585938,28.17919921875,64.49432373046875,0.542747437953949,-1,-1,-1
38,6,3719.838134765625,802.7551879882812,33.111328125,107.41583251953125,0.6770354509353638,-1,-1,-1
38,8,1841.56884765625,764.3486938476562,62.4959716796875,108.82073974609375,0.7127677798271179,-1,-1,-1
38,11,4020.621337890625,551.1915893554688,19.5224609375,41.206298828125,0.538290798664093,-1,-1,-1
38,23,2054.14453125,661.1783447265625,46.541015625,71.83685302734375,0.6874135732650757,-1,-1,-1
38,31,3205.76708984375,544.21630859375,16.13720703125,29.557373046875,0.3845692276954651,-1,-1,-1
38,19,3161.2177734375,571.38427734375,21.031005859375,37.83636474609375,0.30161669850349426,-1,-1,-1
38,41,2800.87109375,530.40966796875,18.97314453125,31.00848388671875,0.3139694035053253,-1,-1,-1
38,53,2957.33935546875,639.6522827148438,40.128173828125,54.68206787109375,0.3961712718009949,-1,-1,-1
38,15,3559.177978515625,633.9971313476562,25.4560546875,64.2442626953125,0.338052362203598,-1,-1,-1
38,68,2915.095703125,579.8809814453125,30.825439453125,76.9237060546875,0.46013715863227844,-1,-1,-1
38,13,2973.6279296875,578.4963989257812,30.46435546875,46.63885498046875,0.36555808782577515,-1,-1,-1
39,1,2460.011962890625,700.8709716796875,44.304443359375,88.92138671875,0.7156459093093872,-1,-1,-1
39,2,3058.262939453125,687.9157104492188,39.6962890625,98.6710205078125,0.7483950257301331,-1,-1,-1
39,4,2404.7841796875,637.7717895507812,40.45458984375,75.96417236328125,0.6703957319259644,-1,-1,-1
39,5,2636.817626953125,627.5675048828125,30.650390625,63.95550537109375,0.38599199056625366,-1,-1,-1
39,6,3720.08837890625,802.5291137695312,32.6962890625,107.43231201171875,0.6432345509529114,-1,-1,-1
39,8,1842.4400634765625,765.7144165039062,62.7930908203125,108.07232666015625,0.6759049892425537,-1,-1,-1
39,11,4020.68408203125,551.1348876953125,19.478515625,41.2021484375,0.5261486768722534,-1,-1,-1
39,23,2063.585693359375,658.6405639648438,44.634033203125,74.2305908203125,0.6965953707695007,-1,-1,-1
39,31,3205.8671875,546.7666625976562,16.30126953125,27.28900146484375,0.3858537971973419,-1,-1,-1
39,19,3162.66552734375,571.5772094726562,21.556640625,39.2664794921875,0.3960631489753723,-1,-1,-1
39,53,2965.469970703125,641.425048828125,39.46435546875,51.3663330078125,0.457818865776062,-1,-1,-1
39,15,3559.266357421875,633.6461181640625,25.4716796875,64.548095703125,0.2919836640357971,-1,-1,-1
39,68,2915.90576171875,579.774169921875,32.672607421875,80.7991943359375,0.44478464126586914,-1,-1,-1
39,73,2959.3525390625,578.9564208984375,47.09765625,112.40972900390625,0.38831740617752075,-1,-1,-1
39,74,2760.235595703125,562.7196044921875,22.83251953125,52.15557861328125,0.4147564768791199,-1,-1,-1
39,13,2972.189453125,579.1226196289062,32.2998046875,44.7392578125,0.2936444580554962,-1,-1,-1
40,1,2467.88134765625,700.0486450195312,35.693359375,88.3858642578125,0.7057048082351685,-1,-1,-1
40,2,3063.347412109375,686.3453979492188,40.780517578125,96.65106201171875,0.6867738962173462,-1,-1,-1
40,4,2406.229248046875,635.944580078125,42.377197265625,76.48175048828125,0.5683565139770508,-1,-1,-1
40,5,2643.10302734375,627.6983642578125,27.624267578125,62.37481689453125,0.5562489032745361,-1,-1,-1
40,6,3720.229736328125,802.352294921875,32.712158203125,107.43212890625,0.627285897731781,-1,-1,-1
40,8,1843.484619140625,766.9013671875,63.0765380859375,107.644287109375,0.6928595900535583,-1,-1,-1
40,11,4020.584716796875,551.0134887695312,19.5947265625,41.44097900390625,0.5356248617172241,-1,-1,-1
40,23,2066.774169921875,657.1018676757812,48.39697265625,75.38714599609375,0.7318450808525085,-1,-1,-1
40,31,3206.110107421875,547.34228515625,16.544677734375,27.16021728515625,0.3931123912334442,-1,-1,-1
40,19,3164.664794921875,571.6493530273438,20.653076171875,42.1485595703125,0.49371251463890076,-1,-1,-1
40,53,2971.453125,641.2630004882812,39.328857421875,53.1055908203125,0.5372437834739685,-1,-1,-1
40,15,3559.28662109375,633.038818359375,25.690185546875,65.35260009765625,0.32810524106025696,-1,-1,-1
40,68,2913.82470703125,581.2410888671875,39.260498046875,79.715087890625,0.38576382398605347,-1,-1,-1
40,73,2965.418701171875,581.284423828125,42.736572265625,109.23260498046875,0.266776978969574,-1,-1,-1
40,74,2760.4580078125,562.7160034179688,25.787841796875,54.4722900390625,0.4510310888290405,-1,-1,-1
41,1,2474.180419921875,698.379638671875,32.3486328125,90.68072509765625,0.5691278576850891,-1,-1,-1
41,2,3067.224609375,682.9398193359375,44.232421875,97.36651611328125,0.7033851742744446,-1,-1,-1
41,4,2408.502685546875,634.805908203125,42.928955078125,77.6275634765625,0.5507357120513916,-1,-1,-1
41,5,2648.8623046875,626.8873901367188,24.5546875,62.03167724609375,0.6072840690612793,-1,-1,-1
41,6,3720.24560546875,802.279052734375,32.6630859375,107.498291015625,0.6301618814468384,-1,-1,-1
41,8,1843.9898681640625,767.3474731445312,64.421875,107.35406494140625,0.7205228805541992,-1,-1,-1
41,11,4020.514404296875,550.7708129882812,19.68359375,41.63665771484375,0.5380816459655762,-1,-1,-1
41,23,2068.73779296875,655.1881713867188,53.119140625,75.62506103515625,0.692367672920227,-1,-1,-1
41,31,3206.96875,546.7235107421875,17.8505859375,28.32696533203125,0.4087224304676056,-1,-1,-1
41,19,3166.7421875,571.4078979492188,20.65771484375,43.080810546875,0.4809972941875458,-1,-1,-1
41,53,2977.531494140625,640.1823120117188,36.579345703125,53.44085693359375,0.583358883857727,-1,-1,-1
41,15,3559.32275390625,632.7651977539062,25.804443359375,65.6182861328125,0.30555132031440735,-1,-1,-1
41,74,2761.6640625,563.3761596679688,28.791748046875,53.5994873046875,0.5147577524185181,-1,-1,-1
42,1,2477.063232421875,697.8754272460938,35.23193359375,90.79827880859375,0.6814740896224976,-1,-1,-1
42,2,3072.140380859375,680.8236694335938,44.8134765625,98.1014404296875,0.675489068031311,-1,-1,-1
42,4,2411.092529296875,634.8464965820312,42.677978515625,74.656494140625,0.47928422689437866,-1,-1,-1
42,5,2653.151123046875,626.6471557617188,22.917236328125,61.69451904296875,0.6530594825744629,-1,-1,-1
42,6,3719.7353515625,802.279541015625,33.3974609375,107.30810546875,0.6574356555938721,-1,-1,-1
42,8,1844.27734375,767.3883056640625,66.26171875,107.4718017578125,0.7084639072418213,-1,-1,-1
42,11,4020.53369140625,550.7188110351562,19.61572265625,41.67144775390625,0.526317834854126,-1,-1,-1
42,23,2072.703857421875,654.3671264648438,56.5947265625,73.927001953125,0.5997248291969299,-1,-1,-1
42,31,3207.248291015625,545.9680786132812,19.09423828125,29.39007568359375,0.38761675357818604,-1,-1,-1
42,19,3168.159912109375,571.1570434570312,21.244384765625,44.30657958984375,0.4539851248264313,-1,-1,-1
42,53,2987.619384765625,636.1463012695312,32.403076171875,56.0394287109375,0.5026867985725403,-1,-1,-1
42,15,3559.281494140625,632.747314453125,25.9169921875,65.248779296875,0.28042513132095337,-1,-1,-1
42,74,2763.4140625,565.3214721679688,30.299072265625,51.34912109375,0.5591663718223572,-1,-1,-1
43,1,2479.63720703125,698.5426635742188,39.827880859375,88.629150390625,0.7212396264076233,-1,-1,-1
43,2,3077.884033203125,682.2037963867188,42.470458984375,93.83502197265625,0.6811476349830627,-1,-1,-1
43,4,2413.30810546875,635.7448120117188,43.68896484375,72.90240478515625,0.5221431851387024,-1,-1,-1
43,5,2656.541015625,625.5563354492188,23.4443359375,63.3944091796875,0.7080269455909729,-1,-1,-1
43,6,3719.819580078125,801.81103515625,33.8662109375,108.0067138671875,0.6580532789230347,-1,-1,-1
43,8,1845.7802734375,766.7894287109375,67.501953125,108.05718994140625,0.7268955111503601,-1,-1,-1
43,11,4020.82958984375,550.7313232421875,19.395751953125,41.3721923828125,0.530234694480896,-1,-1,-1
43,23,2082.639404296875,652.1803588867188,55.133056640625,73.88092041015625,0.4967598021030426,-1,-1,-1
43,31,3207.47998046875,544.8221435546875,20.66455078125,30.09063720703125,0.34654971957206726,-1,-1,-1
43,19,3169.462890625,571.029296875,22.718505859375,44.3927001953125,0.436955064535141,-1,-1,-1
43,53,2997.10791015625,632.37158203125,29.240478515625,55.61077880859375,0.4822063446044922,-1,-1,-1
43,15,3559.19921875,632.7923583984375,25.947265625,64.82440185546875,0.27813291549682617,-1,-1,-1
43,74,2764.25634765625,565.8368530273438,30.5029296875,48.76318359375,0.47781968116760254,-1,-1,-1
43,81,2909.430908203125,579.0971069335938,24.59716796875,47.14111328125,0.3508280813694,-1,-1,-1
44,1,2482.29443359375,698.0438842773438,44.744873046875,87.423583984375,0.756500244140625,-1,-1,-1
44,2,3084.944091796875,682.632080078125,34.87841796875,89.75335693359375,0.6910005211830139,-1,-1,-1
44,4,2422.828369140625,636.9921875,36.88330078125,71.14483642578125,0.606032133102417,-1,-1,-1
44,5,2658.32470703125,623.96826171875,24.5537109375,64.313232421875,0.7097460031509399,-1,-1,-1
44,6,3719.843994140625,801.7080078125,34.3466796875,108.5828857421875,0.6461963057518005,-1,-1,-1
44,8,1848.39599609375,767.2891235351562,68.1611328125,107.56268310546875,0.7108093500137329,-1,-1,-1
44,11,4020.912109375,550.7408447265625,19.33935546875,41.34088134765625,0.5438627600669861,-1,-1,-1
44,23,2095.8310546875,652.5340576171875,47.781005859375,70.55767822265625,0.5903531908988953,-1,-1,-1
44,19,3172.35791015625,571.4689331054688,22.552001953125,43.0703125,0.42116719484329224,-1,-1,-1
44,53,2999.80029296875,629.4625854492188,33.640625,61.53533935546875,0.5990108251571655,-1,-1,-1
44,74,2764.74658203125,564.8530883789062,31.67724609375,49.9578857421875,0.44641047716140747,-1,-1,-1
44,81,2909.391845703125,578.4489135742188,24.322998046875,47.50518798828125,0.3622223138809204,-1,-1,-1
44,84,2807.82275390625,528.0006103515625,24.462158203125,33.36187744140625,0.31379246711730957,-1,-1,-1
45,1,2482.748291015625,698.462890625,50.40625,86.08123779296875,0.7803907990455627,-1,-1,-1
45,2,3087.7119140625,682.1295166015625,34.87939453125,90.25042724609375,0.6736436486244202,-1,-1,-1
45,4,2426.563232421875,636.7218627929688,37.694580078125,72.1181640625,0.7100578546524048,-1,-1,-1
45,5,2660.593505859375,623.2174682617188,26.80078125,63.1171875,0.6392050981521606,-1,-1,-1
45,6,3719.700439453125,801.8211669921875,35.2646484375,106.8917236328125,0.6762264370918274,-1,-1,-1
45,8,1850.6468505859375,767.7492065429688,68.495361328125,107.1253662109375,0.7016838788986206,-1,-1,-1
45,11,4020.925537109375,550.64013671875,19.318603515625,41.35382080078125,0.5418928861618042,-1,-1,-1
45,23,2105.332763671875,653.1639404296875,43.5283203125,68.45172119140625,0.7141126990318298,-1,-1,-1
45,19,3173.3583984375,572.2347412109375,23.097412109375,43.4388427734375,0.40304940938949585,-1,-1,-1
45,53,3004.01171875,628.194580078125,36.5048828125,62.8009033203125,0.6614018082618713,-1,-1,-1
45,74,2765.053955078125,563.4782104492188,33.333984375,52.0010986328125,0.46436449885368347,-1,-1,-1
45,81,2908.71826171875,577.4947509765625,24.291259765625,48.7845458984375,0.37495630979537964,-1,-1,-1
45,84,2808.897216796875,527.0687255859375,23.552734375,33.91900634765625,0.33941951394081116,-1,-1,-1
45,15,3559.043701171875,633.7131958007812,26.02685546875,62.54302978515625,0.26584556698799133,-1,-1,-1
46,1,2482.59423828125,697.9105834960938,55.777099609375,86.41290283203125,0.7538418173789978,-1,-1,-1
46,2,3091.955810546875,679.4962158203125,40.5234375,91.1727294921875,0.5143044590950012,-1,-1,-1
46,4,2430.17919921875,636.556884765625,36.16015625,72.35125732421875,0.6632895469665527,-1,-1,-1
46,5,2663.810546875,623.2913208007812,27.42822265625,61.23590087890625,0.5145767331123352,-1,-1,-1
46,6,3718.740966796875,801.7420043945312,36.905517578125,106.34185791015625,0.6714063882827759,-1,-1,-1
46,8,1853.0931396484375,767.7808837890625,67.5831298828125,107.00750732421875,0.6776551604270935,-1,-1,-1
46,11,4021.080810546875,550.578369140625,19.215576171875,41.32794189453125,0.5344240665435791,-1,-1,-1
46,23,2111.842041015625,651.284423828125,42.716064453125,70.5604248046875,0.6645174622535706,-1,-1,-1
46,19,3174.161865234375,573.2263793945312,23.47412109375,41.984375,0.3776939809322357,-1,-1,-1
46,53,3011.203857421875,625.8035278320312,38.180419921875,60.52587890625,0.4222055673599243,-1,-1,-1
46,74,2768.87890625,564.2900390625,29.779052734375,51.43780517578125,0.3963874578475952,-1,-1,-1
46,81,2909.608642578125,575.43701171875,23.675537109375,50.24517822265625,0.32447749376296997,-1,-1,-1
46,84,2812.67724609375,526.4537353515625,20.9736328125,32.3555908203125,0.3607420027256012,-1,-1,-1
46,89,3601.1904296875,613.6214599609375,18.23876953125,28.14385986328125,0.32523250579833984,-1,-1,-1
46,15,3559.1669921875,633.825927734375,25.882568359375,61.96112060546875,0.33127743005752563,-1,-1,-1
47,1,2483.193603515625,696.6091918945312,56.271484375,87.3013916015625,0.7528957724571228,-1,-1,-1
47,2,3092.48046875,675.8468017578125,48.98974609375,93.85662841796875,0.6049972176551819,-1,-1,-1
47,4,2435.07275390625,637.5787963867188,33.5048828125,71.24786376953125,0.646462082862854,-1,-1,-1
47,5,2668.4765625,622.283203125,26.245361328125,60.88531494140625,0.5347675681114197,-1,-1,-1
47,6,3717.023681640625,802.1306762695312,39.4677734375,105.89923095703125,0.6648058891296387,-1,-1,-1
47,8,1855.0487060546875,768.093994140625,66.3746337890625,106.590087890625,0.7079031467437744,-1,-1,-1
47,11,4021.270751953125,551.0280151367188,19.047119140625,40.6761474609375,0.5239383578300476,-1,-1,-1
47,23,2117.316162109375,650.5223999023438,43.033935546875,71.6917724609375,0.6923791766166687,-1,-1,-1
47,19,3177.1943359375,574.880126953125,21.150146484375,40.101318359375,0.36940616369247437,-1,-1,-1
47,53,3022.64404296875,625.4342041015625,32.14306640625,57.623779296875,0.506304144859314,-1,-1,-1
47,74,2773.17822265625,564.9791259765625,26.0830078125,49.77239990234375,0.3929353952407837,-1,-1,-1
47,81,2909.879638671875,574.1241455078125,24.268798828125,50.5423583984375,0.31590980291366577,-1,-1,-1
47,84,2814.712646484375,527.9616088867188,20.271728515625,30.509765625,0.33485832810401917,-1,-1,-1
47,89,3601.515380859375,613.4568481445312,17.811279296875,28.32537841796875,0.3431854546070099,-1,-1,-1
47,15,3559.176025390625,634.0182495117188,25.4111328125,58.2926025390625,0.3466185927391052,-1,-1,-1
48,1,2483.693359375,695.3939208984375,56.341552734375,87.8258056640625,0.7182095050811768,-1,-1,-1
48,2,3092.63330078125,673.3154296875,55.08544921875,94.358642578125,0.585182785987854,-1,-1,-1
48,4,2438.242919921875,637.52001953125,32.225341796875,70.817626953125,0.564821183681488,-1,-1,-1
48,5,2670.970458984375,622.3673095703125,26.370361328125,60.68951416015625,0.5215542316436768,-1,-1,-1
48,6,3714.34033203125,802.3219604492188,43.06591796875,105.98931884765625,0.6640888452529907,-1,-1,-1
48,8,1856.728515625,768.1255493164062,66.1405029296875,106.6846923828125,0.7081078290939331,-1,-1,-1
48,11,4021.358154296875,551.7374267578125,18.9443359375,39.82513427734375,0.5217037796974182,-1,-1,-1
48,23,2125.497802734375,649.8716430664062,40.57861328125,71.709228515625,0.6841220259666443,-1,-1,-1
48,19,3178.957763671875,574.8397827148438,20.376953125,40.08587646484375,0.4237026274204254,-1,-1,-1
48,53,3028.837890625,624.013916015625,30.942138671875,56.31097412109375,0.5805662274360657,-1,-1,-1
48,74,2777.817138671875,565.2703857421875,22.42138671875,47.30792236328125,0.3636413514614105,-1,-1,-1
48,81,2910.0380859375,574.1491088867188,24.240966796875,49.59332275390625,0.2978664040565491,-1,-1,-1
48,84,2815.810546875,530.4906005859375,20.790283203125,28.313232421875,0.2932281494140625,-1,-1,-1
48,89,3601.67919921875,613.5158081054688,17.594970703125,28.3353271484375,0.33211880922317505,-1,-1,-1
48,15,3559.36376953125,634.768310546875,25.197998046875,59.02410888671875,0.4159319996833801,-1,-1,-1
48,92,2975.9892578125,577.7578125,31.813232421875,65.50921630859375,0.43088677525520325,-1,-1,-1
49,1,2487.283203125,694.3834838867188,55.08447265625,88.240966796875,0.6777531504631042,-1,-1,-1
49,2,3093.5439453125,673.9007568359375,58.720458984375,91.29901123046875,0.5022919774055481,-1,-1,-1
49,4,2440.169677734375,635.5104370117188,33.08544921875,71.25537109375,0.5554001331329346,-1,-1,-1
49,5,2675.032958984375,622.3775634765625,25.14990234375,58.74322509765625,0.6028609871864319,-1,-1,-1
49,6,3711.4462890625,801.5042724609375,46.90771484375,106.73583984375,0.6761428713798523,-1,-1,-1
49,8,1858.87890625,768.5520629882812,66.2725830078125,106.40948486328125,0.6344643831253052,-1,-1,-1
49,11,4021.451416015625,552.2197875976562,18.93115234375,39.09124755859375,0.48730766773223877,-1,-1,-1
49,23,2132.490478515625,649.5511474609375,41.481689453125,70.194091796875,0.6546990871429443,-1,-1,-1
49,19,3180.068359375,575.5857543945312,20.028076171875,38.32086181640625,0.4231084883213043,-1,-1,-1
49,53,3037.24560546875,622.8242797851562,25.68994140625,56.87042236328125,0.6719064116477966,-1,-1,-1
49,74,2781.040771484375,564.979248046875,20.58837890625,45.355712890625,0.31522244215011597,-1,-1,-1
49,81,2910.11865234375,574.872314453125,24.3974609375,47.82171630859375,0.2536841034889221,-1,-1,-1
49,84,2818.51318359375,531.39990234375,19.4169921875,28.20465087890625,0.34394997358322144,-1,-1,-1
49,89,3601.9462890625,613.5968017578125,17.260986328125,28.306396484375,0.338744580745697,-1,-1,-1
49,15,3559.1826171875,635.1156616210938,25.455078125,57.0755615234375,0.4060295522212982,-1,-1,-1
49,92,2974.201904296875,577.6368408203125,34.854248046875,74.3271484375,0.4516083896160126,-1,-1,-1
50,1,2492.608154296875,694.9815063476562,50.832275390625,88.0745849609375,0.7169334888458252,-1,-1,-1
50,2,3098.29345703125,678.7633666992188,53.54638671875,83.675048828125,0.5870361924171448,-1,-1,-1
50,4,2441.718994140625,634.0377197265625,33.27587890625,71.7374267578125,0.5105458498001099,-1,-1,-1
50,5,2678.825927734375,622.1126098632812,24.016357421875,58.309814453125,0.6689702272415161,-1,-1,-1
50,6,3712.429443359375,801.515380859375,46.455078125,106.677734375,0.6900481581687927,-1,-1,-1
50,8,1861.622314453125,768.7152709960938,65.360595703125,106.88348388671875,0.650454044342041,-1,-1,-1
50,11,4021.514892578125,552.5,18.83837890625,38.66131591796875,0.4793187379837036,-1,-1,-1
50,23,2136.301513671875,649.7013549804688,44.593017578125,69.57733154296875,0.5092984437942505,-1,-1,-1
50,19,3181.150390625,575.34423828125,20.75244140625,38.0478515625,0.3941945731639862,-1,-1,-1
50,53,3045.18701171875,624.264404296875,25.196044921875,50.987548828125,0.43077078461647034,-1,-1,-1
50,74,2782.783447265625,565.4612426757812,20.95654296875,44.1502685546875,0.269731342792511,-1,-1,-1
50,84,2820.6142578125,532.8993530273438,18.753662109375,25.208251953125,0.34175413846969604,-1,-1,-1
50,89,3601.75537109375,613.6998901367188,17.436279296875,28.256591796875,0.33909693360328674,-1,-1,-1
50,15,3559.2705078125,635.5441284179688,25.6796875,53.90277099609375,0.3984440267086029,-1,-1,-1
50,92,2978.688720703125,577.784423828125,33.611083984375,75.10516357421875,0.49603232741355896,-1,-1,-1
51,1,2497.787109375,695.4639282226562,46.779052734375,85.55181884765625,0.7048874497413635,-1,-1,-1
51,2,3101.64599609375,682.1646728515625,51.267333984375,79.10699462890625,0.5378851294517517,-1,-1,-1
51,4,2443.970703125,630.8858032226562,34.181640625,74.3890380859375,0.46505603194236755,-1,-1,-1
51,5,2683.53759765625,623.399169921875,23.32421875,56.85791015625,0.6786732077598572,-1,-1,-1
51,6,3712.705322265625,801.629638671875,46.77197265625,106.501953125,0.7221834063529968,-1,-1,-1
51,8,1864.1077880859375,768.9854125976562,64.76025390625,107.65765380859375,0.6407364010810852,-1,-1,-1
51,11,4021.635986328125,552.6996459960938,18.751708984375,38.3902587890625,0.472630113363266,-1,-1,-1
51,23,2136.45068359375,650.3588256835938,52.428955078125,66.75006103515625,0.38213199377059937,-1,-1,-1
51,19,3181.5078125,573.8115844726562,21.941650390625,39.489990234375,0.25643327832221985,-1,-1,-1
51,53,3050.68359375,620.605712890625,28.22509765625,56.32598876953125,0.4892236292362213,-1,-1,-1
51,84,2824.0302734375,534.1741333007812,16.4033203125,23.68853759765625,0.3091726005077362,-1,-1,-1
51,89,3601.444580078125,613.6813354492188,17.71435546875,28.069580078125,0.32993537187576294,-1,-1,-1
51,15,3559.416748046875,636.2837524414062,25.846923828125,54.01129150390625,0.35978206992149353,-1,-1,-1
51,92,2981.276611328125,577.6862182617188,34.45361328125,73.51385498046875,0.47371628880500793,-1,-1,-1
52,1,2504.375732421875,693.9285888671875,41.957275390625,86.20648193359375,0.8036404252052307,-1,-1,-1
52,2,3106.209716796875,683.11767578125,44.18701171875,73.21075439453125,0.5444139838218689,-1,-1,-1
52,4,2447.271728515625,631.51318359375,35.883056640625,72.04217529296875,0.47874969244003296,-1,-1,-1
52,5,2687.114990234375,623.0037841796875,23.560302734375,57.700439453125,0.7505831122398376,-1,-1,-1
52,6,3713.5546875,802.3026123046875,46.666748046875,105.54498291015625,0.7103757262229919,-1,-1,-1
52,8,1868.4022216796875,769.1143188476562,62.8497314453125,107.8599853515625,0.6108907461166382,-1,-1,-1
52,11,4021.836181640625,552.6720581054688,18.661865234375,38.3155517578125,0.4947991967201233,-1,-1,-1
52,23,2142.3544921875,649.2891845703125,54.893798828125,64.03472900390625,0.5341482162475586,-1,-1,-1
52,53,3054.48828125,620.5380249023438,32.70556640625,52.57403564453125,0.5726487040519714,-1,-1,-1
52,84,2826.423095703125,533.5479125976562,15.83935546875,24.1531982421875,0.3224053382873535,-1,-1,-1
52,89,3601.17333984375,613.4429321289062,18.058837890625,28.273193359375,0.3262573778629303,-1,-1,-1
52,15,3559.425048828125,636.312255859375,26.546875,54.0579833984375,0.31517478823661804,-1,-1,-1
52,92,2985.8203125,577.2861938476562,34.26708984375,73.96820068359375,0.47441548109054565,-1,-1,-1
52,74,2788.52197265625,561.9999389648438,23.25439453125,50.99237060546875,0.34483784437179565,-1,-1,-1
53,1,2511.751220703125,692.26220703125,36.96875,87.36822509765625,0.752519428730011,-1,-1,-1
53,2,3110.92919921875,684.8748779296875,39.104736328125,70.931640625,0.5405759811401367,-1,-1,-1
53,4,2451.7080078125,632.3661499023438,33.29296875,71.96771240234375,0.5329251289367676,-1,-1,-1
53,5,2690.521728515625,622.4815063476562,23.716552734375,58.503173828125,0.7105012536048889,-1,-1,-1
53,6,3713.469482421875,802.4066162109375,47.626953125,105.07965087890625,0.682895302772522,-1,-1,-1
53,8,1871.499755859375,767.926025390625,62.9019775390625,108.40966796875,0.6555737853050232,-1,-1,-1
53,11,4022.142822265625,552.9393310546875,18.5107421875,38.36907958984375,0.5227612257003784,-1,-1,-1
53,23,2144.77880859375,648.5733642578125,62.76611328125,60.45782470703125,0.48700791597366333,-1,-1,-1
53,53,3055.975341796875,620.0185546875,36.63720703125,49.68157958984375,0.622623085975647,-1,-1,-1
53,84,2827.416748046875,532.4094848632812,16.18798828125,26.72589111328125,0.30156850814819336,-1,-1,-1
53,89,3600.596435546875,613.2971801757812,18.68896484375,28.76611328125,0.317013680934906,-1,-1,-1
53,15,3559.364990234375,635.4647216796875,28.10400390625,56.92034912109375,0.30792659521102905,-1,-1,-1
53,92,2990.59375,576.5198364257812,34.39697265625,75.37359619140625,0.48387768864631653,-1,-1,-1
53,74,2790.72998046875,560.2490844726562,23.511474609375,52.39605712890625,0.35381999611854553,-1,-1,-1
54,1,2519.53515625,690.913818359375,32.599365234375,88.787841796875,0.7996153831481934,-1,-1,-1
54,2,3117.885009765625,686.1439208984375,32.31787109375,67.58306884765625,0.562074601650238,-1,-1,-1
54,4,2455.210693359375,631.3648071289062,32.941650390625,70.2620849609375,0.5168904066085815,-1,-1,-1
54,5,2692.20068359375,620.1040649414062,26.502685546875,60.2427978515625,0.5988411903381348,-1,-1,-1
54,6,3713.226806640625,801.2488403320312,49.67236328125,106.87347412109375,0.7009758949279785,-1,-1,-1
54,8,1873.3251953125,768.4261474609375,64.28466796875,106.61370849609375,0.6546484231948853,-1,-1,-1
54,11,4022.494384765625,552.9948120117188,18.423583984375,38.2181396484375,0.5090339183807373,-1,-1,-1
54,23,2162.438720703125,643.9904174804688,52.449462890625,65.23785400390625,0.41044020652770996,-1,-1,-1
54,53,3062.162841796875,618.4440307617188,34.576416015625,49.816162109375,0.5513878464698792,-1,-1,-1
54,89,3600.242431640625,613.4169311523438,19.144287109375,28.72088623046875,0.3270045220851898,-1,-1,-1
54,15,3560.201416015625,634.7125244140625,29.450439453125,54.9278564453125,0.28612181544303894,-1,-1,-1
54,92,2993.34375,576.1044921875,35.950439453125,75.97021484375,0.4521144926548004,-1,-1,-1
54,74,2792.822509765625,561.259765625,24.5390625,51.31915283203125,0.37534359097480774,-1,-1,-1
54,98,2918.320068359375,571.9050903320312,24.388916015625,39.73370361328125,0.3662676215171814,-1,-1,-1
55,1,2524.2626953125,690.0736083984375,31.204345703125,88.96136474609375,0.7044182419776917,-1,-1,-1
55,2,3122.10107421875,685.1781616210938,34.088134765625,67.89056396484375,0.43186086416244507,-1,-1,-1
55,4,2461.09765625,630.33984375,30.3037109375,69.0322265625,0.6035037040710449,-1,-1,-1
55,5,2693.503173828125,619.9058837890625,27.7216796875,60.57623291015625,0.4070097506046295,-1,-1,-1
55,6,3713.569580078125,801.0604858398438,50.197265625,107.3114013671875,0.7155255079269409,-1,-1,-1
55,8,1874.368408203125,767.4267578125,66.2755126953125,106.72149658203125,0.5865923166275024,-1,-1,-1
55,11,4022.9765625,553.1263427734375,18.20654296875,37.6490478515625,0.4783390462398529,-1,-1,-1
55,23,2178.601806640625,645.2459716796875,40.835693359375,62.3006591796875,0.414752334356308,-1,-1,-1
55,53,3074.626953125,615.2374267578125,29.644775390625,50.41119384765625,0.3868134319782257,-1,-1,-1
55,89,3600.10546875,613.5431518554688,19.45263671875,28.51629638671875,0.33271530270576477,-1,-1,-1
55,15,3560.882568359375,632.16357421875,30.34912109375,56.725341796875,0.32995474338531494,-1,-1,-1
55,92,2997.635986328125,590.6473999023438,36.72998046875,61.7723388671875,0.36206164956092834,-1,-1,-1
55,74,2793.99365234375,559.9027709960938,25.756103515625,52.88629150390625,0.39777278900146484,-1,-1,-1
55,98,2920.962646484375,571.5955810546875,23.740966796875,38.74957275390625,0.37524378299713135,-1,-1,-1
55,99,3160.503662109375,659.9086303710938,25.765380859375,62.69427490234375,0.4650852084159851,-1,-1,-1
56,1,2525.17138671875,689.7999877929688,34.54052734375,88.1290283203125,0.705010712146759,-1,-1,-1
56,2,3124.300537109375,684.3895263671875,35.044921875,68.0977783203125,0.4175344705581665,-1,-1,-1
56,4,2465.748779296875,628.9244384765625,27.8681640625,68.8939208984375,0.6807828545570374,-1,-1,-1
56,5,2697.050048828125,619.0619506835938,28.57275390625,61.21337890625,0.5088126063346863,-1,-1,-1
56,6,3713.14404296875,800.7971801757812,51.306640625,107.4737548828125,0.7059410810470581,-1,-1,-1
56,8,1874.9854736328125,766.572021484375,69.7596435546875,107.637939453125,0.5836049318313599,-1,-1,-1
56,11,4023.260498046875,552.9235229492188,17.74072265625,37.05145263671875,0.4484778046607971,-1,-1,-1
56,23,2187.218017578125,646.5557861328125,36.82861328125,57.0643310546875,0.4930676817893982,-1,-1,-1
56,53,3082.751953125,615.8345947265625,24.052734375,48.060546875,0.5014954805374146,-1,-1,-1
56,89,3599.749267578125,613.5758056640625,19.907470703125,28.4781494140625,0.33128321170806885,-1,-1,-1
56,15,3562.507080078125,630.7420043945312,29.493408203125,56.4671630859375,0.35845139622688293,-1,-1,-1
56,92,2999.330322265625,590.6129150390625,41.67138671875,61.454345703125,0.4060173034667969,-1,-1,-1
56,74,2796.44482421875,559.9736938476562,26.4052734375,50.26580810546875,0.37628698348999023,-1,-1,-1
56,98,2921.298828125,571.4822387695312,25.74853515625,38.72418212890625,0.3622909486293793,-1,-1,-1
56,99,3166.50927734375,656.8480834960938,24.620849609375,63.04119873046875,0.6139744520187378,-1,-1,-1
57,1,2525.51611328125,690.4852294921875,39.47802734375,87.66522216796875,0.6645406484603882,-1,-1,-1
57,2,3130.322509765625,683.0867309570312,33.1171875,63.4466552734375,0.49650460481643677,-1,-1,-1
57,4,2468.806884765625,627.9550170898438,29.0146484375,67.1292724609375,0.6343812942504883,-1,-1,-1
57,5,2699.634033203125,618.254638671875,29.939697265625,61.89459228515625,0.5479969382286072,-1,-1,-1
57,6,3713.210205078125,800.6458129882812,52.058349609375,107.70751953125,0.7178143262863159,-1,-1,-1
57,8,1876.354736328125,762.0330200195312,73.4520263671875,111.66534423828125,0.6349489688873291,-1,-1,-1
57,11,4023.236572265625,552.980224609375,17.682373046875,36.742919921875,0.4421866536140442,-1,-1,-1
57,23,2194.111083984375,643.6581420898438,35.445068359375,62.02020263671875,0.5051078200340271,-1,-1,-1
57,53,3088.143798828125,612.9429931640625,24.025146484375,52.5047607421875,0.573036253452301,-1,-1,-1
57,89,3599.353515625,613.7958984375,20.583740234375,28.272705078125,0.32739290595054626,-1,-1,-1
57,15,3564.7236328125,628.7810668945312,27.690185546875,56.21746826171875,0.4483862817287445,-1,-1,-1
57,74,2798.200927734375,560.7916259765625,26.0263671875,47.48388671875,0.30662772059440613,-1,-1,-1
57,98,2923.48046875,571.3008422851562,25.286376953125,38.525634765625,0.36250603199005127,-1,-1,-1
57,99,3171.853759765625,659.6793212890625,24.372314453125,64.69305419921875,0.5922316908836365,-1,-1,-1
57,104,3570.673828125,614.5758666992188,50.143798828125,73.644287109375,0.3579641580581665,-1,-1,-1
58,1,2526.74169921875,690.854248046875,47.361572265625,86.7679443359375,0.6921965479850769,-1,-1,-1
58,2,3133.742919921875,678.0579833984375,37.729736328125,69.0767822265625,0.6172226667404175,-1,-1,-1
58,4,2469.55322265625,628.260498046875,30.99560546875,67.680419921875,0.6404513716697693,-1,-1,-1
58,5,2701.7802734375,618.2208862304688,31.267822265625,59.98284912109375,0.5984483361244202,-1,-1,-1
58,6,3717.76416015625,800.5181884765625,47.7275390625,107.16253662109375,0.6774808168411255,-1,-1,-1
58,8,1876.6142578125,760.3707885742188,78.50927734375,113.535888671875,0.712022066116333,-1,-1,-1
58,11,4023.0869140625,552.815185546875,17.868896484375,36.90606689453125,0.46984925866127014,-1,-1,-1
58,23,2199.74755859375,643.7323608398438,36.173583984375,62.85235595703125,0.5110743045806885,-1,-1,-1
58,53,3092.114013671875,611.8681640625,25.44921875,54.43939208984375,0.5396955609321594,-1,-1,-1
58,89,3599.613525390625,613.4021606445312,20.767578125,26.017333984375,0.3167772889137268,-1,-1,-1
58,15,3567.413818359375,627.4134521484375,26.1025390625,55.59613037109375,0.42808231711387634,-1,-1,-1
58,98,2925.98486328125,570.2841186523438,25.27587890625,39.84088134765625,0.351190447807312,-1,-1,-1
58,99,3173.8134765625,661.3656005859375,28.29248046875,63.13690185546875,0.45477139949798584,-1,-1,-1
58,104,3569.71875,613.0321655273438,51.4375,73.98260498046875,0.41187044978141785,-1,-1,-1
59,1,2527.4765625,691.1144409179688,54.70263671875,85.0838623046875,0.7072553634643555,-1,-1,-1
59,2,3135.84130859375,674.6084594726562,40.187255859375,72.8564453125,0.6620801091194153,-1,-1,-1
59,4,2469.885986328125,626.7727661132812,34.98876953125,67.857666015625,0.5342376828193665,-1,-1,-1
59,5,2704.40771484375,619.0748291015625,31.535888671875,58.8359375,0.6564960479736328,-1,-1,-1
59,6,3716.74560546875,800.5093383789062,50.27197265625,108.0491943359375,0.7196115255355835,-1,-1,-1
59,8,1877.3289794921875,759.447021484375,81.8505859375,112.17083740234375,0.7341245412826538,-1,-1,-1
59,11,4023.463134765625,552.7648315429688,17.857666015625,36.93182373046875,0.4921565651893616,-1,-1,-1
59,23,2204.653564453125,641.4224243164062,40.25341796875,65.859130859375,0.6689896583557129,-1,-1,-1
59,53,3097.141845703125,610.3319702148438,28.291748046875,57.124267578125,0.553251326084137,-1,-1,-1
59,89,3599.944091796875,612.8499755859375,20.7373046875,24.31573486328125,0.3031371533870697,-1,-1,-1
59,15,3570.226318359375,625.9968872070312,24.45068359375,55.86737060546875,0.43240612745285034,-1,-1,-1
59,98,2929.716064453125,570.4324340820312,23.203369140625,39.34228515625,0.42087388038635254,-1,-1,-1
59,104,3570.762451171875,612.4523315429688,50.292724609375,73.91497802734375,0.40861597657203674,-1,-1,-1
60,1,2528.070068359375,690.9622192382812,60.344482421875,84.3170166015625,0.7294811010360718,-1,-1,-1
60,2,3138.173583984375,675.25537109375,42.027587890625,69.92498779296875,0.5808742046356201,-1,-1,-1
60,4,2470.68603515625,626.461669921875,39.3369140625,68.08245849609375,0.5430281162261963,-1,-1,-1
60,5,2710.78759765625,620.0805053710938,27.26806640625,56.8953857421875,0.7092382907867432,-1,-1,-1
60,6,3719.246337890625,800.641845703125,48.347412109375,107.19281005859375,0.7005484104156494,-1,-1,-1
60,8,1879.8204345703125,758.68115234375,82.067626953125,110.35296630859375,0.7132854461669922,-1,-1,-1
60,11,4023.80078125,552.8820190429688,17.7919921875,36.75244140625,0.49282193183898926,-1,-1,-1
60,23,2206.624755859375,639.4918212890625,47.302001953125,68.38214111328125,0.6896436214447021,-1,-1,-1
60,53,3102.049560546875,606.6943359375,32.15673828125,54.10430908203125,0.4527053236961365,-1,-1,-1
60,89,3600.130126953125,612.2757568359375,20.4375,24.03045654296875,0.3001995384693146,-1,-1,-1
60,15,3572.04248046875,626.9529418945312,23.656005859375,53.39666748046875,0.40504902601242065,-1,-1,-1
60,98,2933.26513671875,569.9191284179688,22.036865234375,41.03759765625,0.4454220235347748,-1,-1,-1
60,104,3571.59228515625,612.6001586914062,49.2060546875,73.027587890625,0.36698564887046814,-1,-1,-1
60,99,3184.71630859375,655.8132934570312,28.28271484375,59.36907958984375,0.5019643306732178,-1,-1,-1
61,1,2529.408447265625,690.9906005859375,62.433837890625,84.51422119140625,0.7639961838722229,-1,-1,-1
61,2,3142.197265625,675.0155639648438,43.196044921875,69.615234375,0.5773667693138123,-1,-1,-1
61,4,2473.614501953125,624.8475341796875,39.70703125,66.59600830078125,0.5371741652488708,-1,-1,-1
61,5,2717.14990234375,617.7028198242188,24.1455078125,56.69757080078125,0.6140267252922058,-1,-1,-1
61,6,3715.579345703125,799.1233520507812,55.207763671875,109.61724853515625,0.6984225511550903,-1,-1,-1
61,8,1885.098876953125,757.8612670898438,77.7896728515625,106.2996826171875,0.6568220853805542,-1,-1,-1
61,11,4024.091552734375,553.261474609375,17.49560546875,36.078125,0.47280827164649963,-1,-1,-1
61,23,2215.363525390625,638.11572265625,44.426025390625,68.01611328125,0.5018295049667358,-1,-1,-1
61,53,3111.85791015625,603.690673828125,26.4814453125,51.3681640625,0.47959569096565247,-1,-1,-1
61,89,3599.708740234375,611.7334594726562,20.4814453125,25.77716064453125,0.2751907706260681,-1,-1,-1
61,15,3573.06982421875,626.2904663085938,23.662353515625,54.28094482421875,0.4393139183521271,-1,-1,-1
61,98,2938.12451171875,571.324462890625,20.38037109375,36.276611328125,0.3260977864265442,-1,-1,-1
61,104,3573.5146484375,613.3326416015625,45.688720703125,73.2225341796875,0.32281193137168884,-1,-1,-1
61,111,3009.95849609375,574.0523071289062,22.6826171875,41.86822509765625,0.34019967913627625,-1,-1,-1
61,99,3190.072021484375,654.0228881835938,28.853515625,59.11517333984375,0.5548369288444519,-1,-1,-1
62,1,2530.8125,690.7799072265625,63.44677734375,83.57879638671875,0.7460047006607056,-1,-1,-1
62,2,3151.056884765625,673.6705932617188,37.87744140625,70.6905517578125,0.5162644386291504,-1,-1,-1
62,4,2475.54052734375,621.6702880859375,43.37744140625,70.1607666015625,0.5877663493156433,-1,-1,-1
62,5,2720.97119140625,616.72998046875,22.732666015625,57.572021484375,0.5529087781906128,-1,-1,-1
62,6,3716.34228515625,799.4735107421875,55.246826171875,107.79876708984375,0.7163807153701782,-1,-1,-1
62,8,1890.549072265625,757.2345581054688,73.8988037109375,103.58404541015625,0.626581609249115,-1,-1,-1
62,11,4024.268310546875,553.1564331054688,17.323974609375,35.84185791015625,0.47750285267829895,-1,-1,-1
62,23,2219.35400390625,636.3386840820312,48.7021484375,69.12548828125,0.45850902795791626,-1,-1,-1
62,53,3118.184814453125,601.2824096679688,26.760986328125,52.765625,0.5939131379127502,-1,-1,-1
62,89,3599.861083984375,611.595947265625,20.17431640625,25.3843994140625,0.2648269236087799,-1,-1,-1
62,15,3573.646240234375,624.4819946289062,23.853759765625,54.9222412109375,0.4426562786102295,-1,-1,-1
62,98,2940.197998046875,569.892578125,22.53759765625,37.89288330078125,0.34629881381988525,-1,-1,-1
62,104,3574.28173828125,612.5183715820312,44.75830078125,72.59326171875,0.32911738753318787,-1,-1,-1
62,111,3010.53369140625,576.26904296875,23.27490234375,39.69573974609375,0.3379403352737427,-1,-1,-1
62,99,3194.324951171875,652.20263671875,29.3828125,61.76043701171875,0.5231035351753235,-1,-1,-1
63,1,2531.96728515625,689.8792114257812,63.146728515625,84.5716552734375,0.7487371563911438,-1,-1,-1
63,2,3160.376953125,672.9021606445312,31.8740234375,69.00372314453125,0.5227566957473755,-1,-1,-1
63,4,2478.0673828125,620.3425903320312,43.523193359375,70.389404296875,0.6176169514656067,-1,-1,-1
63,5,2724.825927734375,616.4259033203125,23.957763671875,62.3323974609375,0.5565342307090759,-1,-1,-1
63,6,3715.6708984375,799.4808349609375,57.151123046875,107.30535888671875,0.6616887450218201,-1,-1,-1
63,8,1895.4287109375,757.5162963867188,69.988037109375,104.5247802734375,0.6942609548568726,-1,-1,-1
63,11,4024.606689453125,553.2107543945312,17.404541015625,35.6805419921875,0.4930427670478821,-1,-1,-1
63,23,2227.2919921875,634.504150390625,49.93701171875,67.401123046875,0.5367814898490906,-1,-1,-1
63,53,3123.783203125,602.3707885742188,25.979736328125,49.3875732421875,0.4256419539451599,-1,-1,-1
63,15,3574.347900390625,621.8838500976562,27.73486328125,58.54931640625,0.43464407324790955,-1,-1,-1
63,98,2943.43115234375,569.5903930664062,22.4287109375,37.3548583984375,0.3917543590068817,-1,-1,-1
63,111,3012.010498046875,576.9053344726562,25.12841796875,41.6741943359375,0.4158778190612793,-1,-1,-1
63,99,3200.695068359375,650.9393920898438,27.759765625,63.316650390625,0.5547763705253601,-1,-1,-1
63,115,3050.497802734375,599.4981689453125,35.11669921875,51.21771240234375,0.41899624466896057,-1,-1,-1
64,1,2535.6337890625,687.4969482421875,59.847412109375,84.59063720703125,0.669340193271637,-1,-1,-1
64,2,3167.94140625,673.1847534179688,28.356201171875,66.530517578125,0.5524669289588928,-1,-1,-1
64,4,2481.99267578125,619.6661987304688,42.3837890625,70.56475830078125,0.6192338466644287,-1,-1,-1
64,5,2727.39599609375,615.9153442382812,24.762939453125,61.51678466796875,0.48138582706451416,-1,-1,-1
64,6,3715.199951171875,798.8929443359375,58.33544921875,107.518798828125,0.6326778531074524,-1,-1,-1
64,8,1902.7666015625,757.7640991210938,63.3568115234375,103.73870849609375,0.7344849705696106,-1,-1,-1
64,11,4024.761474609375,553.1224365234375,17.3330078125,36.03216552734375,0.5165141224861145,-1,-1,-1
64,23,2244.128662109375,634.1039428710938,39.565185546875,59.7655029296875,0.4716107249259949,-1,-1,-1
64,53,3130.809814453125,599.949462890625,27.716064453125,51.50225830078125,0.38904815912246704,-1,-1,-1
64,15,3575.72119140625,618.773681640625,29.8125,62.3017578125,0.4965760111808777,-1,-1,-1
64,98,2945.990478515625,566.7837524414062,23.06982421875,38.72564697265625,0.3422265946865082,-1,-1,-1
64,111,3014.595458984375,578.5352783203125,27.149169921875,39.93310546875,0.32075947523117065,-1,-1,-1
64,99,3207.3212890625,652.9788208007812,25.807373046875,58.85382080078125,0.4520247280597687,-1,-1,-1
64,115,3056.747802734375,598.3446655273438,32.52490234375,47.48822021484375,0.4465266168117523,-1,-1,-1
64,74,2819.0654296875,561.94287109375,24.471923828125,45.08660888671875,0.34812477231025696,-1,-1,-1
65,1,2543.697509765625,686.3947143554688,51.97705078125,84.32537841796875,0.671790361404419,-1,-1,-1
65,2,3172.0830078125,673.1316528320312,27.306884765625,66.5093994140625,0.5635879039764404,-1,-1,-1
65,4,2487.5166015625,620.4263916015625,40.00146484375,68.50701904296875,0.5809406042098999,-1,-1,-1
65,5,2729.942626953125,614.6511840820312,25.58935546875,60.75823974609375,0.5818673372268677,-1,-1,-1
65,6,3713.880615234375,797.9010620117188,61.104736328125,108.23992919921875,0.6652674078941345,-1,-1,-1
65,8,1908.1243896484375,756.8507080078125,59.91748046875,105.8858642578125,0.7400690913200378,-1,-1,-1
65,11,4025.16650390625,553.0244750976562,17.2021484375,36.715576171875,0.5372750163078308,-1,-1,-1
65,23,2255.717529296875,633.523681640625,37.888916015625,61.70648193359375,0.36061304807662964,-1,-1,-1
65,53,3136.908935546875,597.947021484375,26.5966796875,48.062255859375,0.45390620827674866,-1,-1,-1
65,15,3576.781982421875,615.63330078125,32.4052734375,64.0657958984375,0.47249817848205566,-1,-1,-1
65,98,2951.37890625,565.097900390625,19.638916015625,39.32861328125,0.36837509274482727,-1,-1,-1
65,111,3016.404541015625,577.8505859375,28.42236328125,39.5902099609375,0.25176939368247986,-1,-1,-1
65,99,3212.143798828125,651.1974487304688,26.218017578125,60.0478515625,0.5416580438613892,-1,-1,-1
65,74,2821.7587890625,562.1376953125,24.611572265625,43.56365966796875,0.33234816789627075,-1,-1,-1
66,1,2553.986083984375,684.947998046875,41.779296875,85.1634521484375,0.707738995552063,-1,-1,-1
66,2,3170.632568359375,670.685302734375,33.0927734375,68.15252685546875,0.6479417681694031,-1,-1,-1
66,4,2492.409423828125,622.1956787109375,38.91259765625,66.564697265625,0.4773882031440735,-1,-1,-1
66,5,2733.261962890625,613.3110961914062,27.918701171875,60.1268310546875,0.5833402276039124,-1,-1,-1
66,6,3714.609375,797.2998046875,62.305419921875,106.6072998046875,0.6615526080131531,-1,-1,-1
66,8,1917.04931640625,754.686279296875,54.718994140625,107.5113525390625,0.6942998170852661,-1,-1,-1
66,11,4025.457763671875,553.317626953125,16.6943359375,36.60076904296875,0.49518874287605286,-1,-1,-1
66,23,2263.3916015625,633.73876953125,36.07373046875,61.3623046875,0.3879665434360504,-1,-1,-1
66,53,3141.791748046875,598.57470703125,26.6181640625,44.367431640625,0.4907115399837494,-1,-1,-1
66,15,3577.25244140625,614.2222900390625,33.509521484375,64.8895263671875,0.45700618624687195,-1,-1,-1
66,98,2951.715576171875,564.7067260742188,21.021240234375,39.28271484375,0.2976868152618408,-1,-1,-1
66,99,3217.657470703125,650.9110717773438,24.621826171875,58.04730224609375,0.6238054633140564,-1,-1,-1
66,74,2823.340087890625,562.3485107421875,25.723388671875,41.4150390625,0.32814833521842957,-1,-1,-1
67,1,2564.529052734375,684.3660888671875,33.762451171875,84.27587890625,0.6894925832748413,-1,-1,-1
67,2,3171.366943359375,670.291015625,38.84326171875,67.56005859375,0.4700976014137268,-1,-1,-1
67,4,2498.575927734375,624.427490234375,34.800048828125,64.69598388671875,0.4184833765029907,-1,-1,-1
67,5,2736.97900390625,611.9537353515625,28.41162109375,59.32373046875,0.5887390971183777,-1,-1,-1
67,6,3716.4404296875,796.0930786132812,62.809326171875,109.0516357421875,0.7267842292785645,-1,-1,-1
67,8,1925.317626953125,752.9264526367188,50.1285400390625,105.56463623046875,0.6859873533248901,-1,-1,-1
67,11,4025.739013671875,553.2169799804688,16.488037109375,36.638916015625,0.4644865095615387,-1,-1,-1
67,23,2268.7060546875,632.992431640625,34.968505859375,61.434814453125,0.4538484513759613,-1,-1,-1
67,53,3145.81591796875,597.1736450195312,26.38330078125,44.52001953125,0.46826061606407166,-1,-1,-1
67,15,3578.99755859375,614.8133544921875,31.853271484375,63.30462646484375,0.4449291229248047,-1,-1,-1
67,98,2955.280029296875,565.351318359375,19.3203125,38.57635498046875,0.40022122859954834,-1,-1,-1
67,99,3223.177978515625,650.8504028320312,24.90625,59.42437744140625,0.6389527916908264,-1,-1,-1
68,1,2571.775634765625,683.4781494140625,28.69091796875,82.2237548828125,0.7132794260978699,-1,-1,-1
68,2,3178.061279296875,668.2449340820312,38.123779296875,68.7071533203125,0.48414433002471924,-1,-1,-1
68,4,2503.374755859375,620.3240356445312,33.6552734375,69.03790283203125,0.4212563633918762,-1,-1,-1
68,5,2740.187744140625,611.2459106445312,28.757080078125,59.68475341796875,0.5730844736099243,-1,-1,-1
68,6,3717.827392578125,796.5905151367188,62.852783203125,106.47998046875,0.7239591479301453,-1,-1,-1
68,8,1930.89599609375,751.6695556640625,47.7344970703125,105.87445068359375,0.710523784160614,-1,-1,-1
68,11,4025.870849609375,553.6888427734375,16.434814453125,36.08587646484375,0.42923006415367126,-1,-1,-1
68,23,2278.3212890625,631.91357421875,31.91552734375,62.36138916015625,0.607450008392334,-1,-1,-1
68,53,3150.27392578125,598.3768920898438,25.026611328125,41.56622314453125,0.4540172517299652,-1,-1,-1
68,98,2958.566650390625,565.128173828125,19.092529296875,38.308837890625,0.4673779606819153,-1,-1,-1
68,99,3227.569091796875,650.7149658203125,24.98193359375,58.31109619140625,0.609122097492218,-1,-1,-1
68,104,3584.428955078125,610.247802734375,35.486328125,65.10723876953125,0.43968284130096436,-1,-1,-1
69,1,2576.37939453125,682.1241455078125,27.60205078125,82.4908447265625,0.6720177531242371,-1,-1,-1
69,2,3181.19580078125,667.7943115234375,43.628662109375,67.60565185546875,0.44880256056785583,-1,-1,-1
69,4,2507.9951171875,617.5015869140625,32.751708984375,71.80059814453125,0.4216432273387909,-1,-1,-1
69,5,2744.73974609375,612.2400512695312,26.631103515625,57.84100341796875,0.4497855305671692,-1,-1,-1
69,6,3721.458251953125,797.6826171875,61.54296875,105.15863037109375,0.783759355545044,-1,-1,-1
69,8,1935.7830810546875,750.6170043945312,47.4248046875,104.654052734375,0.698189377784729,-1,-1,-1
69,11,4026.001708984375,554.4363403320312,16.4091796875,34.717041015625,0.382210373878479,-1,-1,-1
69,23,2286.241943359375,631.0425415039062,30.008056640625,62.74334716796875,0.46175363659858704,-1,-1,-1
69,98,2961.56982421875,566.9838256835938,18.91455078125,36.85882568359375,0.4520278871059418,-1,-1,-1
69,99,3233.703125,650.6682739257812,24.469482421875,53.93707275390625,0.5084949731826782,-1,-1,-1
69,104,3585.480224609375,610.0656127929688,34.01806640625,64.62335205078125,0.4254021644592285,-1,-1,-1
70,1,2578.9111328125,681.9086303710938,29.15966796875,82.79638671875,0.6970053911209106,-1,-1,-1
70,2,3183.474609375,667.7814331054688,45.369384765625,65.6846923828125,0.49606916308403015,-1,-1,-1
70,4,2512.4970703125,616.4114379882812,31.70849609375,70.62054443359375,0.47702106833457947,-1,-1,-1
70,6,3723.657470703125,799.9439697265625,61.24560546875,102.67144775390625,0.7623130083084106,-1,-1,-1
70,8,1938.5784912109375,750.87841796875,50.779052734375,103.55267333984375,0.686678409576416,-1,-1,-1
70,11,4026.330322265625,554.9962158203125,16.34912109375,34.04583740234375,0.3679903745651245,-1,-1,-1
70,23,2292.63134765625,630.3998413085938,31.27392578125,63.23944091796875,0.488008588552475,-1,-1,-1
70,98,2963.672607421875,568.0542602539062,20.206787109375,33.46234130859375,0.325339674949646,-1,-1,-1
70,99,3239.55419921875,645.6258544921875,24.8857421875,57.67608642578125,0.3249044418334961,-1,-1,-1
70,104,3586.7734375,610.0763549804688,33.92236328125,64.9840087890625,0.413755863904953,-1,-1,-1
70,127,3038.297119140625,572.8756713867188,22.40380859375,41.0816650390625,0.45734912157058716,-1,-1,-1
70,53,3163.744384765625,599.48095703125,22.282958984375,39.41314697265625,0.36489665508270264,-1,-1,-1
71,1,2578.480712890625,681.9213256835938,36.45556640625,83.0977783203125,0.631903350353241,-1,-1,-1
71,2,3195.6796875,666.298583984375,35.781494140625,66.35809326171875,0.5789045095443726,-1,-1,-1
71,4,2512.302978515625,617.5360107421875,35.4990234375,68.23895263671875,0.5704650282859802,-1,-1,-1
71,6,3723.101318359375,800.3541870117188,64.19091796875,102.69207763671875,0.779070258140564,-1,-1,-1
71,8,1940.324951171875,750.7822875976562,56.9300537109375,104.29644775390625,0.7247932553291321,-1,-1,-1
71,11,4026.781494140625,554.9254760742188,16.29541015625,34.04931640625,0.4126007556915283,-1,-1,-1
71,23,2299.799072265625,627.387451171875,32.359130859375,61.73175048828125,0.5786701440811157,-1,-1,-1
71,99,3245.108154296875,643.451416015625,23.364013671875,58.17462158203125,0.520298421382904,-1,-1,-1
71,104,3588.2578125,608.9949951171875,33.443603515625,66.9884033203125,0.5068474411964417,-1,-1,-1
71,127,3041.009033203125,573.348876953125,22.886962890625,39.70806884765625,0.4856012463569641,-1,-1,-1
71,53,3169.131591796875,594.7775268554688,21.17431640625,43.0679931640625,0.4338034391403198,-1,-1,-1
71,5,2753.197509765625,613.4867553710938,25.312255859375,56.97003173828125,0.3578132390975952,-1,-1,-1
72,1,2577.701416015625,682.62841796875,44.790771484375,82.69842529296875,0.6593852639198303,-1,-1,-1
72,2,3201.239013671875,666.0318603515625,33.84765625,66.57562255859375,0.5393331050872803,-1,-1,-1
72,4,2515.26416015625,616.2426147460938,35.453369140625,69.17498779296875,0.6586882472038269,-1,-1,-1
72,6,3724.122802734375,800.3573608398438,66.431884765625,103.9453125,0.7798795700073242,-1,-1,-1
72,8,1941.67431640625,750.1261596679688,65.0928955078125,105.455322265625,0.7452929615974426,-1,-1,-1
72,11,4027.954833984375,554.4448852539062,15.537841796875,34.587158203125,0.46653681993484497,-1,-1,-1
72,23,2307.312255859375,625.43701171875,33.470947265625,62.05548095703125,0.5091381669044495,-1,-1,-1
72,99,3249.474365234375,641.3895263671875,23.80908203125,58.52703857421875,0.5686814785003662,-1,-1,-1
72,104,3590.294921875,610.9169921875,31.68212890625,66.63800048828125,0.5260260701179504,-1,-1,-1
72,127,3043.3955078125,574.9586181640625,24.1455078125,36.4678955078125,0.3278660476207733,-1,-1,-1
72,53,3174.231201171875,590.3278198242188,21.341796875,45.627685546875,0.37697726488113403,-1,-1,-1
72,5,2756.5859375,613.5031127929688,24.410888671875,55.8546142578125,0.44892436265945435,-1,-1,-1
73,1,2578.7099609375,683.0429077148438,53.43359375,82.41961669921875,0.6497236490249634,-1,-1,-1
73,2,3207.0126953125,664.76123046875,33.258544921875,69.07391357421875,0.436493456363678,-1,-1,-1
73,4,2515.634765625,614.6554565429688,38.964111328125,69.06396484375,0.6028022170066833,-1,-1,-1
73,6,3728.28125,800.2546997070312,66.000244140625,103.97943115234375,0.7602143883705139,-1,-1,-1
73,8,1943.1474609375,749.533203125,74.31591796875,106.90179443359375,0.7934659719467163,-1,-1,-1
73,11,4028.496826171875,554.417236328125,15.49169921875,34.447509765625,0.45732876658439636,-1,-1,-1
73,23,2315.864501953125,624.15625,31.708251953125,60.328369140625,0.4760152995586395,-1,-1,-1
73,99,3254.99267578125,641.1342163085938,22.959228515625,57.1343994140625,0.4896796941757202,-1,-1,-1
73,104,3591.503173828125,612.2146606445312,30.8466796875,66.37823486328125,0.5721354484558105,-1,-1,-1
73,127,3048.280517578125,574.2723999023438,23.857421875,36.6082763671875,0.3441523611545563,-1,-1,-1
73,53,3178.983154296875,585.2222290039062,24.455322265625,48.76263427734375,0.3081742823123932,-1,-1,-1
73,5,2760.75732421875,612.5525512695312,23.90478515625,56.12060546875,0.5195565223693848,-1,-1,-1
73,98,2973.59130859375,562.5162353515625,21.860107421875,36.9951171875,0.3195323348045349,-1,-1,-1
74,1,2581.06201171875,681.8662719726562,57.509521484375,82.4735107421875,0.6619588136672974,-1,-1,-1
74,2,3212.655029296875,665.1732177734375,32.883056640625,67.484619140625,0.5429011583328247,-1,-1,-1
74,4,2519.009765625,613.7933349609375,38.341064453125,68.83697509765625,0.5966798663139343,-1,-1,-1
74,6,3733.77587890625,800.9267578125,63.25048828125,104.03045654296875,0.696265459060669,-1,-1,-1
74,8,1943.7044677734375,748.717529296875,85.038330078125,105.7022705078125,0.7803138494491577,-1,-1,-1
74,11,4028.73974609375,553.546142578125,15.41796875,34.8897705078125,0.4237499237060547,-1,-1,-1
74,23,2320.65869140625,623.6461791992188,38.0751953125,59.81103515625,0.49799084663391113,-1,-1,-1
74,99,3259.86376953125,639.1177978515625,24.81494140625,60.4764404296875,0.5489622950553894,-1,-1,-1
74,104,3593.81640625,613.0300903320312,30.928955078125,63.54071044921875,0.6037158966064453,-1,-1,-1
74,127,3051.0146484375,572.34130859375,26.177978515625,40.044189453125,0.3442460894584656,-1,-1,-1
74,5,2764.09716796875,611.8396606445312,24.331787109375,56.31756591796875,0.555892825126648,-1,-1,-1
74,98,2975.804931640625,561.56201171875,23.086669921875,37.3521728515625,0.3318290710449219,-1,-1,-1
74,74,2847.86962890625,560.1837158203125,23.15673828125,42.88482666015625,0.28694620728492737,-1,-1,-1
75,1,2582.47607421875,680.8690185546875,58.771240234375,82.84747314453125,0.7128303647041321,-1,-1,-1
75,2,3215.029541015625,666.1908569335938,37.248291015625,66.60980224609375,0.6529107093811035,-1,-1,-1
75,4,2521.530029296875,613.2349853515625,41.1943359375,69.44671630859375,0.5522469282150269,-1,-1,-1
75,6,3735.50244140625,801.2882080078125,63.7607421875,103.6826171875,0.6501840353012085,-1,-1,-1
75,8,1944.1748046875,747.6341552734375,90.9808349609375,106.5260009765625,0.750401496887207,-1,-1,-1
75,11,4029.184326171875,552.9819946289062,15.5546875,34.67706298828125,0.40016019344329834,-1,-1,-1
75,23,2328.711669921875,623.9910278320312,36.594970703125,53.827392578125,0.5799646973609924,-1,-1,-1
75,99,3263.0498046875,638.8628540039062,25.77734375,58.48480224609375,0.2810628414154053,-1,-1,-1
75,104,3595.296630859375,612.9072875976562,30.25146484375,62.805908203125,0.6093448400497437,-1,-1,-1
75,127,3053.3359375,570.1697387695312,26.675048828125,43.83349609375,0.3826757073402405,-1,-1,-1
75,5,2766.336669921875,610.93408203125,25.666748046875,58.63275146484375,0.6632309556007385,-1,-1,-1
75,98,2979.427001953125,561.7554931640625,22.80615234375,37.3807373046875,0.3449537754058838,-1,-1,-1
75,74,2847.914794921875,557.6787719726562,27.52734375,48.02484130859375,0.37458422780036926,-1,-1,-1
75,53,3191.193359375,568.6331787109375,22.829833984375,65.8558349609375,0.4603976309299469,-1,-1,-1
76,1,2586.7919921875,681.34423828125,57.3916015625,83.0955810546875,0.7431821823120117,-1,-1,-1
76,2,3216.76904296875,665.1136474609375,40.583251953125,65.0130615234375,0.6560620069503784,-1,-1,-1
76,4,2527.749267578125,614.9418334960938,37.322509765625,68.700439453125,0.5356022715568542,-1,-1,-1
76,6,3737.633544921875,801.3321533203125,63.259521484375,102.40380859375,0.6220848560333252,-1,-1,-1
76,8,1944.7017822265625,747.1253662109375,92.903076171875,105.29205322265625,0.7423717975616455,-1,-1,-1
76,11,4029.174560546875,553.60693359375,16.264892578125,33.8841552734375,0.3844872713088989,-1,-1,-1
76,23,2337.208251953125,622.9773559570312,34.33837890625,56.93402099609375,0.5375518202781677,-1,-1,-1
76,99,3268.57177734375,639.0783081054688,25.0322265625,56.8441162109375,0.4365752339363098,-1,-1,-1
76,104,3598.37158203125,612.1432495117188,27.8837890625,60.15948486328125,0.6243078708648682,-1,-1,-1
76,127,3056.11669921875,569.8822631835938,28.0439453125,45.79931640625,0.5054038763046265,-1,-1,-1
76,5,2767.612548828125,610.329345703125,28.319091796875,59.48846435546875,0.6700689792633057,-1,-1,-1
76,98,2983.358642578125,561.4871826171875,21.941162109375,40.05377197265625,0.4576161205768585,-1,-1,-1
76,74,2851.604248046875,557.4481201171875,27.6806640625,48.47613525390625,0.33607161045074463,-1,-1,-1
76,53,3195.061767578125,567.35546875,23.337646484375,66.7640380859375,0.5423247218132019,-1,-1,-1
77,1,2590.54931640625,680.7982177734375,53.874755859375,83.1417236328125,0.7242091298103333,-1,-1,-1
77,2,3221.413330078125,664.93408203125,41.78076171875,63.1400146484375,0.5913031697273254,-1,-1,-1
77,4,2533.725341796875,616.10498046875,33.39404296875,67.85595703125,0.641777753829956,-1,-1,-1
77,6,3741.9013671875,801.427734375,60.764892578125,101.7286376953125,0.6635738015174866,-1,-1,-1
77,8,1945.633056640625,747.6121215820312,93.2503662109375,103.25006103515625,0.7355174422264099,-1,-1,-1
77,11,4029.0302734375,553.510009765625,16.8046875,34.845947265625,0.43611693382263184,-1,-1,-1
77,23,2342.41015625,622.318603515625,34.812744140625,58.8121337890625,0.48431259393692017,-1,-1,-1
77,99,3270.89794921875,639.8943481445312,28.430908203125,56.2135009765625,0.4937538802623749,-1,-1,-1
77,104,3599.664794921875,610.6237182617188,27.49462890625,60.6346435546875,0.6684508323669434,-1,-1,-1
77,127,3060.670654296875,569.5198364257812,26.01806640625,45.5595703125,0.5491378903388977,-1,-1,-1
77,5,2768.8359375,610.2705688476562,30.69091796875,58.88189697265625,0.6117668747901917,-1,-1,-1
77,98,2987.906982421875,560.2134399414062,20.321044921875,41.072998046875,0.4556604027748108,-1,-1,-1
77,53,3199.05224609375,570.0880737304688,24.257080078125,63.913818359375,0.46651211380958557,-1,-1,-1
78,1,2598.322265625,679.9371337890625,45.656005859375,82.64306640625,0.6581295132637024,-1,-1,-1
78,2,3226.116943359375,664.4247436523438,41.363037109375,62.546875,0.44423919916152954,-1,-1,-1
78,4,2538.169921875,615.8915405273438,32.603515625,67.0545654296875,0.6343094110488892,-1,-1,-1
78,6,3746.1474609375,799.83251953125,58.706298828125,103.6595458984375,0.6922227740287781,-1,-1,-1
78,8,1949.429931640625,747.1306762695312,89.1434326171875,102.5938720703125,0.7190097570419312,-1,-1,-1
78,11,4028.980224609375,553.6919555664062,17.06689453125,35.468017578125,0.47671452164649963,-1,-1,-1
78,23,2348.57177734375,622.4566040039062,34.834228515625,58.4801025390625,0.5875977873802185,-1,-1,-1
78,99,3274.431884765625,639.65283203125,29.440673828125,56.9267578125,0.5393533706665039,-1,-1,-1
78,104,3601.180419921875,609.3668212890625,26.96875,60.448486328125,0.6896123886108398,-1,-1,-1
78,127,3064.986083984375,568.849853515625,23.47509765625,46.50616455078125,0.5794345736503601,-1,-1,-1
78,5,2773.290771484375,609.3989868164062,30.699462890625,58.786865234375,0.5142665505409241,-1,-1,-1
78,98,2992.45361328125,559.6416015625,19.221923828125,41.229736328125,0.4548986256122589,-1,-1,-1
78,53,3200.73779296875,572.0325927734375,27.16845703125,58.52716064453125,0.3058297336101532,-1,-1,-1
79,1,2607.050537109375,680.6485595703125,37.18701171875,83.20050048828125,0.5982744097709656,-1,-1,-1
79,2,3239.914794921875,664.00146484375,32.502197265625,55.41656494140625,0.4690536558628082,-1,-1,-1
79,4,2544.60595703125,615.4797973632812,28.95263671875,66.3895263671875,0.6285696029663086,-1,-1,-1
79,6,3748.016357421875,799.6727905273438,59.560791015625,105.0462646484375,0.7116227149963379,-1,-1,-1
79,8,1953.6181640625,746.3369140625,82.476318359375,101.968994140625,0.6580178737640381,-1,-1,-1
79,11,4028.94482421875,554.6228637695312,17.458251953125,35.1488037109375,0.4382268190383911,-1,-1,-1
79,23,2357.171875,623.46044921875,30.2763671875,57.6455078125,0.7149409651756287,-1,-1,-1
79,99,3279.453369140625,640.4859008789062,29.87548828125,56.8948974609375,0.48088303208351135,-1,-1,-1
79,104,3603.32080078125,609.1273193359375,25.844482421875,58.872314453125,0.6718399524688721,-1,-1,-1
79,127,3070.12890625,568.8128051757812,22.106689453125,45.30572509765625,0.5036621689796448,-1,-1,-1
79,5,2777.73974609375,610.040283203125,30.166259765625,56.511474609375,0.4619275629520416,-1,-1,-1
79,98,2996.018798828125,559.0199584960938,19.853271484375,39.475341796875,0.44616079330444336,-1,-1,-1
79,143,3278.54296875,538.8111572265625,29.324951171875,49.53399658203125,0.39916282892227173,-1,-1,-1
80,1,2614.1435546875,678.2540893554688,31.290771484375,83.724853515625,0.660348117351532,-1,-1,-1
80,2,3243.128662109375,663.3201293945312,36.51123046875,59.3900146484375,0.5200755000114441,-1,-1,-1
80,4,2548.109375,615.3723754882812,27.793701171875,64.78564453125,0.6460695266723633,-1,-1,-1
80,6,3749.119140625,800.3889770507812,61.200439453125,103.1575927734375,0.7468824982643127,-1,-1,-1
80,8,1958.145751953125,745.24658203125,79.7032470703125,101.40087890625,0.6773055195808411,-1,-1,-1
80,11,4029.200927734375,555.156494140625,17.462646484375,34.5023193359375,0.39672577381134033,-1,-1,-1
80,23,2365.129150390625,622.8544921875,29.35546875,58.46051025390625,0.5588858127593994,-1,-1,-1
80,99,3284.949462890625,640.4794311523438,31.3671875,55.1044921875,0.41332289576530457,-1,-1,-1
80,104,3604.125732421875,609.191162109375,26.6591796875,57.67041015625,0.6774030923843384,-1,-1,-1
80,127,3072.240234375,572.1986083984375,23.4921875,42.72149658203125,0.3387318551540375,-1,-1,-1
80,5,2781.506591796875,610.1959228515625,30.1650390625,55.12744140625,0.5038331151008606,-1,-1,-1
80,98,2998.50830078125,558.2058715820312,20.15869140625,38.9718017578125,0.43855610489845276,-1,-1,-1
80,143,3280.2919921875,541.236328125,28.228271484375,47.27362060546875,0.3364279270172119,-1,-1,-1
81,1,2620.5341796875,677.70556640625,27.32080078125,83.80816650390625,0.7356069087982178,-1,-1,-1
81,2,3249.657958984375,660.8587036132812,34.003173828125,64.0654296875,0.5520988702774048,-1,-1,-1
81,4,2549.14306640625,613.0440063476562,30.38232421875,65.7978515625,0.5188385248184204,-1,-1,-1
81,6,3754.9169921875,800.3299560546875,57.943115234375,103.04058837890625,0.7693556547164917,-1,-1,-1
81,8,1966.9962158203125,745.3257446289062,73.776611328125,99.2042236328125,0.6837915182113647,-1,-1,-1
81,11,4030.13916015625,554.3563232421875,17.849365234375,34.7979736328125,0.36335164308547974,-1,-1,-1
81,23,2372.39990234375,620.8642578125,31.2509765625,53.9171142578125,0.4241516888141632,-1,-1,-1
81,99,3293.29833984375,638.5689697265625,28.36572265625,57.54296875,0.4732056260108948,-1,-1,-1
81,104,3605.013916015625,608.1658325195312,26.79736328125,58.426513671875,0.6704234480857849,-1,-1,-1
81,127,3077.191650390625,571.4952392578125,24.608642578125,42.08233642578125,0.3432671129703522,-1,-1,-1
81,5,2786.974609375,610.8917236328125,28.09912109375,53.60260009765625,0.5458534955978394,-1,-1,-1
81,98,3000.8994140625,555.7510986328125,21.844482421875,37.5721435546875,0.3952462375164032,-1,-1,-1
81,19,3226.838623046875,582.8248291015625,18.92626953125,43.48272705078125,0.49789223074913025,-1,-1,-1
82,1,2625.441162109375,676.9989624023438,26.107421875,83.91607666015625,0.7104297876358032,-1,-1,-1
82,2,3257.737548828125,661.760498046875,29.541015625,62.3746337890625,0.532921552658081,-1,-1,-1
82,4,2552.270751953125,610.599853515625,30.126220703125,67.82281494140625,0.45434361696243286,-1,-1,-1
82,6,3759.747802734375,800.563720703125,58.046142578125,104.05126953125,0.7005284428596497,-1,-1,-1
82,8,1976.916015625,744.7084350585938,66.4405517578125,98.9884033203125,0.7189817428588867,-1,-1,-1
82,11,4031.095703125,552.5368041992188,19.076904296875,36.4345703125,0.4090520143508911,-1,-1,-1
82,23,2377.802734375,617.8350219726562,32.787841796875,58.35919189453125,0.39891868829727173,-1,-1,-1
82,99,3302.140869140625,639.8338012695312,24.972900390625,50.80230712890625,0.470924437046051,-1,-1,-1
82,104,3605.648193359375,606.937744140625,28.089599609375,57.902099609375,0.67843097448349,-1,-1,-1
82,127,3080.164794921875,570.7030029296875,25.405029296875,42.73358154296875,0.4308018982410431,-1,-1,-1
82,5,2792.670166015625,610.4403076171875,24.855224609375,55.5721435546875,0.6263638138771057,-1,-1,-1
82,98,3004.966552734375,553.964599609375,21.12939453125,37.6043701171875,0.46882709860801697,-1,-1,-1
82,19,3231.634521484375,582.0521240234375,19.12060546875,43.0303955078125,0.5131738781929016,-1,-1,-1
83,1,2627.006103515625,676.64306640625,29.917724609375,84.5311279296875,0.7610695362091064,-1,-1,-1
83,2,3261.77392578125,658.208251953125,28.264404296875,63.7984619140625,0.3175331950187683,-1,-1,-1
83,4,2556.9111328125,611.0736694335938,31.0625,67.45074462890625,0.4588720202445984,-1,-1,-1
83,6,3764.701904296875,800.7236328125,56.349365234375,104.32110595703125,0.6988494992256165,-1,-1,-1
83,8,1989.9813232421875,742.9580688476562,54.890625,98.77667236328125,0.735674262046814,-1,-1,-1
83,11,4031.714111328125,552.5187377929688,19.513916015625,36.4254150390625,0.4152670204639435,-1,-1,-1
83,23,2386.004150390625,614.8821411132812,31.3662109375,58.17327880859375,0.4653136730194092,-1,-1,-1
83,99,3307.229736328125,640.057861328125,24.3564453125,51.30755615234375,0.5381855368614197,-1,-1,-1
83,104,3605.62451171875,605.3956909179688,29.5771484375,61.68182373046875,0.7665129899978638,-1,-1,-1
83,127,3081.87939453125,570.4000854492188,28.857666015625,43.96551513671875,0.408412903547287,-1,-1,-1
83,5,2797.43896484375,609.1080932617188,23.782470703125,57.2730712890625,0.6375724077224731,-1,-1,-1
83,98,3008.53564453125,553.911376953125,21.19921875,36.91424560546875,0.46770191192626953,-1,-1,-1
83,19,3234.46728515625,580.3092041015625,21.889892578125,43.63348388671875,0.34261876344680786,-1,-1,-1
83,74,2874.487548828125,556.1494750976562,23.347900390625,41.9521484375,0.309785932302475,-1,-1,-1
84,1,2627.725830078125,676.4070434570312,35.863037109375,84.3238525390625,0.7881545424461365,-1,-1,-1
84,2,3266.93017578125,659.3096923828125,29.91552734375,63.42266845703125,0.45643436908721924,-1,-1,-1
84,4,2558.035888671875,611.177490234375,36.548095703125,66.62860107421875,0.5779967308044434,-1,-1,-1
84,6,3769.106689453125,801.0394897460938,55.91845703125,104.89453125,0.6925363540649414,-1,-1,-1
84,8,2002.172607421875,741.493408203125,46.377685546875,98.714599609375,0.6975699663162231,-1,-1,-1
84,11,4032.783935546875,553.1356811523438,18.89111328125,35.5098876953125,0.41262027621269226,-1,-1,-1
84,23,2395.14501953125,613.241455078125,29.68994140625,60.91436767578125,0.4593186378479004,-1,-1,-1
84,99,3312.966552734375,639.591064453125,25.234375,51.00445556640625,0.4476366937160492,-1,-1,-1
84,104,3605.664306640625,602.6534423828125,31.560546875,65.35064697265625,0.7329174280166626,-1,-1,-1
84,127,3087.635498046875,569.8286743164062,26.682861328125,42.293212890625,0.4786004424095154,-1,-1,-1
84,5,2801.166259765625,608.5482788085938,23.341796875,56.32171630859375,0.45152074098587036,-1,-1,-1
84,98,3011.690673828125,552.9320678710938,21.09130859375,37.536376953125,0.5254525542259216,-1,-1,-1
84,74,2875.795166015625,554.3943481445312,24.091796875,44.48126220703125,0.3839048445224762,-1,-1,-1
85,1,2628.044921875,675.78125,42.115234375,84.8980712890625,0.6796029806137085,-1,-1,-1
85,2,3268.232666015625,658.4885864257812,37.4287109375,65.23223876953125,0.6470012664794922,-1,-1,-1
85,4,2557.5615234375,610.5133666992188,41.70751953125,66.10577392578125,0.5953468084335327,-1,-1,-1
85,6,3769.156005859375,800.3585205078125,58.983642578125,105.7529296875,0.7190455198287964,-1,-1,-1
85,8,2008.7255859375,740.2781372070312,45.336669921875,99.9036865234375,0.7036394476890564,-1,-1,-1
85,11,4034.02099609375,553.8717041015625,18.109130859375,34.5008544921875,0.4039851725101471,-1,-1,-1
85,23,2399.26171875,611.3733520507812,32.01025390625,63.2359619140625,0.4287284016609192,-1,-1,-1
85,99,3317.739013671875,638.2526245117188,27.632568359375,48.86578369140625,0.2944331467151642,-1,-1,-1
85,104,3605.187744140625,599.8403930664062,33.089111328125,68.6685791015625,0.7516641616821289,-1,-1,-1
85,127,3091.9609375,568.6384887695312,25.22216796875,43.02252197265625,0.4916558861732483,-1,-1,-1
85,5,2805.65576171875,608.3993530273438,24.95458984375,54.5079345703125,0.3350449502468109,-1,-1,-1
85,98,3015.765625,553.1236572265625,19.539306640625,38.1787109375,0.5059199929237366,-1,-1,-1
85,74,2877.234619140625,555.0436401367188,24.188720703125,42.9254150390625,0.39383357763290405,-1,-1,-1
86,1,2627.927978515625,676.4398803710938,49.698974609375,84.14398193359375,0.6177422404289246,-1,-1,-1
86,2,3269.834716796875,656.7365112304688,42.12109375,66.53814697265625,0.7243751883506775,-1,-1,-1
86,4,2560.4296875,609.7999267578125,43.01318359375,66.55340576171875,0.705676794052124,-1,-1,-1
86,6,3769.497314453125,798.1902465820312,62.220458984375,108.4437255859375,0.6860020756721497,-1,-1,-1
86,8,2011.96435546875,739.6983642578125,48.62744140625,100.32818603515625,0.7471246123313904,-1,-1,-1
86,11,4034.462890625,553.0152587890625,17.889404296875,35.9454345703125,0.4175887405872345,-1,-1,-1
86,23,2404.89111328125,610.5745849609375,34.72412109375,63.2437744140625,0.5661424398422241,-1,-1,-1
86,99,3323.7978515625,639.8168334960938,26.6025390625,43.26788330078125,0.38223522901535034,-1,-1,-1
86,104,3605.56201171875,599.661865234375,34.269287109375,65.76397705078125,0.606835126876831,-1,-1,-1
86,127,3099.1728515625,568.0564575195312,21.38818359375,42.5538330078125,0.4099985361099243,-1,-1,-1
86,5,2808.95263671875,605.5303955078125,24.671875,55.50897216796875,0.48542672395706177,-1,-1,-1
86,74,2879.034423828125,557.7651977539062,26.190673828125,40.014892578125,0.29182812571525574,-1,-1,-1
87,1,2627.90966796875,676.0504150390625,53.41357421875,83.530517578125,0.6471801400184631,-1,-1,-1
87,2,3273.381103515625,657.7796020507812,44.232666015625,63.70574951171875,0.5007758140563965,-1,-1,-1
87,4,2564.390380859375,609.6412353515625,40.7890625,64.66143798828125,0.6724715232849121,-1,-1,-1
87,6,3771.156982421875,797.87255859375,63.34765625,108.570068359375,0.6659262776374817,-1,-1,-1
87,8,2014.4393310546875,739.2008666992188,53.4266357421875,100.7388916015625,0.7146494388580322,-1,-1,-1
87,11,4035.26220703125,551.2965698242188,17.78173828125,37.735595703125,0.4436197280883789,-1,-1,-1
87,23,2413.63623046875,609.8541259765625,31.16064453125,61.1787109375,0.5636973977088928,-1,-1,-1
87,99,3330.553466796875,639.3126220703125,26.277587890625,43.16510009765625,0.46633896231651306,-1,-1,-1
87,104,3604.861083984375,599.0020141601562,36.92431640625,66.36456298828125,0.6021549105644226,-1,-1,-1
87,127,3104.453369140625,569.0715942382812,19.339111328125,39.971435546875,0.41828522086143494,-1,-1,-1
87,5,2812.57421875,603.8174438476562,23.79248046875,55.8270263671875,0.4962550401687622,-1,-1,-1
88,1,2628.9658203125,675.6571044921875,55.075439453125,83.3013916015625,0.6509767174720764,-1,-1,-1
88,2,3281.56640625,655.237548828125,44.56787109375,62.857177734375,0.523635983467102,-1,-1,-1
88,4,2570.848876953125,608.1976928710938,36.15771484375,64.71282958984375,0.698287844657898,-1,-1,-1
88,6,3774.31640625,799.0783081054688,64.29833984375,106.60986328125,0.6931421160697937,-1,-1,-1
88,8,2014.97021484375,739.0740966796875,61.832763671875,101.08074951171875,0.7029661536216736,-1,-1,-1
88,11,4035.837890625,550.3955688476562,17.83447265625,38.46112060546875,0.4389110803604126,-1,-1,-1
88,23,2416.13427734375,608.8511962890625,32.847412109375,61.18829345703125,0.5638593435287476,-1,-1,-1
88,99,3338.599853515625,639.2064208984375,25.833740234375,43.53350830078125,0.5087249875068665,-1,-1,-1
88,104,3605.03662109375,598.3870849609375,38.355712890625,66.2406005859375,0.5450975894927979,-1,-1,-1
88,127,3107.94384765625,569.169921875,20.42578125,38.33245849609375,0.31995195150375366,-1,-1,-1
88,5,2816.676513671875,603.1678466796875,23.187744140625,56.29827880859375,0.5343928933143616,-1,-1,-1
89,1,2634.059326171875,675.241455078125,52.558837890625,82.239990234375,0.6743442416191101,-1,-1,-1
89,2,3293.453857421875,654.869384765625,35.999267578125,58.572021484375,0.5004007816314697,-1,-1,-1
89,4,2577.351318359375,608.9004516601562,31.3935546875,61.77728271484375,0.49543824791908264,-1,-1,-1
89,6,3784.514404296875,800.1157836914062,58.111328125,105.44525146484375,0.6944044828414917,-1,-1,-1
89,8,2015.21435546875,739.2837524414062,72.046142578125,100.96368408203125,0.7383813858032227,-1,-1,-1
89,11,4036.733642578125,550.1773071289062,18.1181640625,37.0198974609375,0.39845019578933716,-1,-1,-1
89,23,2424.185546875,610.186279296875,30.51611328125,62.0062255859375,0.4208473861217499,-1,-1,-1
89,99,3341.92041015625,639.3081665039062,29.246826171875,45.86920166015625,0.3493572473526001,-1,-1,-1
89,104,3609.944091796875,602.2794799804688,37.474365234375,62.6260986328125,0.375827819108963,-1,-1,-1
89,127,3111.740478515625,569.1283569335938,20.904541015625,40.12664794921875,0.31975725293159485,-1,-1,-1
89,5,2819.45654296875,602.201171875,23.906982421875,56.554931640625,0.505713701248169,-1,-1,-1
89,15,3606.324462890625,597.5,30.92919921875,62.61297607421875,0.40605753660202026,-1,-1,-1
89,98,3029.6806640625,550.8285522460938,19.343994140625,37.28173828125,0.3509241044521332,-1,-1,-1
90,1,2639.436767578125,675.0457153320312,49.44970703125,81.9140625,0.6957642436027527,-1,-1,-1
90,2,3301.939208984375,652.1613159179688,31.182861328125,59.8502197265625,0.5244691371917725,-1,-1,-1
90,4,2582.45654296875,610.89404296875,27.314697265625,61.6827392578125,0.44172123074531555,-1,-1,-1
90,6,3783.779052734375,800.504638671875,62.010986328125,104.08416748046875,0.7048329710960388,-1,-1,-1
90,8,2016.6158447265625,738.4503784179688,79.1304931640625,101.9136962890625,0.7289354205131531,-1,-1,-1
90,11,4037.661376953125,550.3840942382812,18.123779296875,36.5234375,0.40611526370048523,-1,-1,-1
90,23,2429.741455078125,610.8411254882812,31.05224609375,61.02911376953125,0.48434552550315857,-1,-1,-1
90,99,3349.529052734375,637.103759765625,25.6962890625,47.57891845703125,0.4650925397872925,-1,-1,-1
90,104,3618.137451171875,604.7815551757812,32.184814453125,60.367431640625,0.39252957701683044,-1,-1,-1
90,127,3114.578125,568.008544921875,22.96044921875,41.77447509765625,0.3570147752761841,-1,-1,-1
90,5,2822.051025390625,603.1492309570312,23.13623046875,56.6416015625,0.5873376131057739,-1,-1,-1
90,15,3607.072998046875,597.6522216796875,28.21484375,55.641357421875,0.41822999715805054,-1,-1,-1
90,98,3033.791259765625,550.345947265625,18.87060546875,36.45697021484375,0.3717944920063019,-1,-1,-1
91,1,2643.002197265625,674.74755859375,47.1552734375,82.10113525390625,0.7369590997695923,-1,-1,-1
91,2,3309.231689453125,652.8070678710938,26.779296875,60.17218017578125,0.5543126463890076,-1,-1,-1
91,4,2587.31591796875,610.2779541015625,28.031005859375,60.98590087890625,0.34122559428215027,-1,-1,-1
91,6,3784.330322265625,799.5093994140625,65.9501953125,105.8524169921875,0.6696052551269531,-1,-1,-1
91,8,2017.8128662109375,736.5817260742188,81.7039794921875,101.4202880859375,0.5654957294464111,-1,-1,-1
91,11,4038.772216796875,549.827392578125,17.760009765625,37.77081298828125,0.4499899446964264,-1,-1,-1
91,23,2438.82958984375,611.0960693359375,27.722412109375,58.53765869140625,0.5692859292030334,-1,-1,-1
91,99,3356.57568359375,639.2721557617188,22.652587890625,44.96710205078125,0.43958792090415955,-1,-1,-1
91,104,3625.9365234375,606.3687744140625,27.327392578125,59.466552734375,0.35032522678375244,-1,-1,-1
91,127,3118.035400390625,567.4823608398438,23.1796875,40.91448974609375,0.39840108156204224,-1,-1,-1
91,5,2825.95654296875,602.8973388671875,22.458740234375,56.32421875,0.5472516417503357,-1,-1,-1
91,15,3607.8759765625,599.0991821289062,23.555908203125,48.36956787109375,0.38431036472320557,-1,-1,-1
91,98,3036.633544921875,549.8876953125,21.621826171875,36.67364501953125,0.34788644313812256,-1,-1,-1
92,1,2648.608154296875,674.85791015625,42.145263671875,80.1781005859375,0.742430567741394,-1,-1,-1
92,2,3314.548095703125,652.7205810546875,27.987548828125,61.80560302734375,0.4121153652667999,-1,-1,-1
92,4,2590.36181640625,610.4320678710938,28.33544921875,60.41412353515625,0.3964603543281555,-1,-1,-1
92,6,3786.7861328125,798.6402587890625,67.546630859375,107.33026123046875,0.6681846380233765,-1,-1,-1
92,8,2019.298095703125,737.0205688476562,82.418212890625,97.52239990234375,0.5851629376411438,-1,-1,-1
92,11,4039.541748046875,549.203369140625,17.8486328125,38.12945556640625,0.46371662616729736,-1,-1,-1
92,23,2442.53369140625,611.1032104492188,29.966552734375,59.56146240234375,0.5726110935211182,-1,-1,-1
92,99,3363.396240234375,640.0831909179688,22.4658203125,44.30706787109375,0.42445242404937744,-1,-1,-1
92,104,3629.88232421875,606.3328247070312,24.848876953125,58.788330078125,0.345746785402298,-1,-1,-1
92,127,3120.817626953125,566.0680541992188,24.830078125,41.875244140625,0.36139723658561707,-1,-1,-1
92,5,2829.584228515625,603.5181274414062,22.082763671875,55.2957763671875,0.6060366034507751,-1,-1,-1
92,15,3607.768798828125,595.1718139648438,23.50927734375,50.23394775390625,0.424060583114624,-1,-1,-1
92,98,3039.71142578125,549.41259765625,21.22265625,36.45758056640625,0.37784910202026367,-1,-1,-1
93,1,2654.84814453125,672.4570922851562,36.9970703125,80.9605712890625,0.6632495522499084,-1,-1,-1
93,2,3320.510986328125,653.0618286132812,28.079345703125,62.07794189453125,0.4468994438648224,-1,-1,-1
93,4,2592.482666015625,609.267578125,29.88671875,62.68902587890625,0.4402506947517395,-1,-1,-1
93,6,3789.35595703125,797.344970703125,69.0830078125,108.154296875,0.6433911323547363,-1,-1,-1
93,8,2025.9951171875,736.9071044921875,78.33349609375,94.317626953125,0.5440301895141602,-1,-1,-1
93,11,4040.341552734375,549.3726806640625,18.369873046875,36.958984375,0.4179212749004364,-1,-1,-1
93,23,2449.98779296875,608.6361694335938,28.799560546875,59.366455078125,0.45404550433158875,-1,-1,-1
93,99,3367.31982421875,641.5668334960938,25.2060546875,42.48388671875,0.34879276156425476,-1,-1,-1
93,104,3633.705322265625,605.4907836914062,22.247314453125,59.35687255859375,0.39021703600883484,-1,-1,-1
93,127,3124.88232421875,566.1048583984375,24.501220703125,41.6744384765625,0.3221040666103363,-1,-1,-1
93,5,2833.6640625,604.5011596679688,22.397705078125,54.67449951171875,0.5713541507720947,-1,-1,-1
93,15,3608.64990234375,594.280029296875,21.98486328125,51.79864501953125,0.4138734042644501,-1,-1,-1
93,98,3043.648193359375,549.1390380859375,20.3427734375,37.9962158203125,0.42254388332366943,-1,-1,-1
94,1,2662.501220703125,670.643310546875,30.350830078125,83.04425048828125,0.5890471935272217,-1,-1,-1
94,2,3324.5400390625,652.8631591796875,32.118408203125,60.820556640625,0.5437629222869873,-1,-1,-1
94,4,2594.5654296875,607.7182006835938,31.594482421875,62.9296875,0.4840967059135437,-1,-1,-1
94,6,3799.050048828125,796.8821411132812,63.056396484375,108.48687744140625,0.6222361922264099,-1,-1,-1
94,8,2044.2708740234375,735.5192260742188,63.8499755859375,89.91522216796875,0.5349711179733276,-1,-1,-1
94,11,4040.854736328125,550.4107666015625,18.99658203125,35.87762451171875,0.373907208442688,-1,-1,-1
94,23,2453.998046875,608.0755615234375,31.408935546875,57.1239013671875,0.381904661655426,-1,-1,-1
94,104,3637.035888671875,606.0602416992188,20.869140625,55.42169189453125,0.3989866077899933,-1,-1,-1
94,5,2837.09814453125,605.0946044921875,22.3662109375,53.0274658203125,0.497628778219223,-1,-1,-1
94,15,3610.182373046875,593.64990234375,19.741455078125,51.9681396484375,0.4447278678417206,-1,-1,-1
94,172,3271.501708984375,571.0447387695312,31.77783203125,48.1455078125,0.36360350251197815,-1,-1,-1
94,74,2904.517578125,553.886962890625,20.99267578125,40.24346923828125,0.3479416072368622,-1,-1,-1
95,1,2667.316162109375,671.2716674804688,27.495361328125,82.33148193359375,0.6270173192024231,-1,-1,-1
95,2,3326.990234375,652.4412841796875,33.63037109375,60.45318603515625,0.5713326930999756,-1,-1,-1
95,4,2597.53125,607.26513671875,33.117919921875,61.13720703125,0.5425176024436951,-1,-1,-1
95,6,3799.105712890625,799.5314331054688,65.326904296875,105.9786376953125,0.6643043160438538,-1,-1,-1
95,8,2055.474853515625,734.0952758789062,58.546875,91.3253173828125,0.5873422622680664,-1,-1,-1
95,11,4041.212890625,551.824462890625,19.3701171875,34.18341064453125,0.3791215419769287,-1,-1,-1
95,23,2461.064453125,605.4678955078125,31.5546875,53.77862548828125,0.4058542251586914,-1,-1,-1
95,104,3639.474609375,607.4151000976562,20.955810546875,50.605712890625,0.46382227540016174,-1,-1,-1
95,5,2841.150146484375,603.4379272460938,21.7890625,51.77862548828125,0.47333791851997375,-1,-1,-1
95,15,3611.4775390625,592.452880859375,16.2900390625,53.43408203125,0.5127341747283936,-1,-1,-1
95,172,3272.90771484375,572.3499755859375,30.958251953125,47.37347412109375,0.4040450155735016,-1,-1,-1
95,173,3198.040283203125,547.8819580078125,18.32568359375,39.36712646484375,0.3486993908882141,-1,-1,-1
95,74,2906.83740234375,554.830810546875,22.42041015625,38.8692626953125,0.36934763193130493,-1,-1,-1
95,99,3379.455810546875,639.064453125,27.051025390625,42.33673095703125,0.4189361333847046,-1,-1,-1
96,1,2671.294921875,671.6306762695312,28.440673828125,82.58819580078125,0.6197516918182373,-1,-1,-1
96,2,3334.850830078125,652.3218994140625,32.854248046875,57.52911376953125,0.44358137249946594,-1,-1,-1
96,4,2599.66015625,607.8836059570312,35.591064453125,59.66363525390625,0.4613812565803528,-1,-1,-1
96,6,3813.2138671875,802.37890625,53.751953125,102.783447265625,0.6457881331443787,-1,-1,-1
96,8,2060.96142578125,732.708984375,58.326416015625,92.387451171875,0.684788703918457,-1,-1,-1
96,11,4041.54638671875,552.2814331054688,19.578369140625,33.176513671875,0.40911486744880676,-1,-1,-1
96,23,2468.2001953125,604.3413696289062,30.129150390625,54.7042236328125,0.48481273651123047,-1,-1,-1
96,104,3640.57763671875,605.519775390625,22.794921875,49.954833984375,0.461120069026947,-1,-1,-1
96,5,2845.16455078125,601.9577026367188,22.255615234375,52.2706298828125,0.5597683787345886,-1,-1,-1
96,15,3611.387939453125,590.5386352539062,16.3671875,55.05609130859375,0.5571399927139282,-1,-1,-1
96,172,3278.564697265625,572.0187377929688,26.118408203125,46.924560546875,0.5054173469543457,-1,-1,-1
96,173,3198.49365234375,548.2288208007812,18.770263671875,38.05584716796875,0.3503781855106354,-1,-1,-1
96,99,3383.513427734375,636.4647216796875,29.5419921875,43.89495849609375,0.46033209562301636,-1,-1,-1
97,1,2673.533935546875,672.9263305664062,30.2998046875,80.66351318359375,0.6850102543830872,-1,-1,-1
97,2,3333.37744140625,652.7879638671875,40.202880859375,57.4434814453125,0.302140474319458,-1,-1,-1
97,4,2603.622314453125,607.00439453125,33.853759765625,59.7333984375,0.4758353531360626,-1,-1,-1
97,6,3809.126220703125,803.3306884765625,61.851806640625,101.82135009765625,0.6838814616203308,-1,-1,-1
97,8,2069.691162109375,731.579833984375,55.82666015625,93.59771728515625,0.7071850895881653,-1,-1,-1
97,11,4043.139404296875,551.3549194335938,18.098388671875,33.641357421875,0.4639418125152588,-1,-1,-1
97,23,2473.806640625,603.8892822265625,28.65185546875,56.2314453125,0.38291993737220764,-1,-1,-1
97,104,3640.91552734375,605.0523071289062,24.396240234375,49.12628173828125,0.433998703956604,-1,-1,-1
97,5,2848.19384765625,600.6513061523438,24.212158203125,54.997314453125,0.6097455024719238,-1,-1,-1
97,15,3611.784423828125,587.849365234375,17.2451171875,57.108642578125,0.5232149362564087,-1,-1,-1
97,172,3284.0146484375,570.7623901367188,25.06982421875,49.1829833984375,0.5947431921958923,-1,-1,-1
97,173,3198.557373046875,550.9390869140625,18.802734375,34.08453369140625,0.36333951354026794,-1,-1,-1
97,99,3388.81201171875,635.791748046875,31.1591796875,42.88238525390625,0.42669427394866943,-1,-1,-1
97,127,3142.010498046875,565.1528930664062,22.903564453125,44.45281982421875,0.25432708859443665,-1,-1,-1
97,98,3059.3525390625,547.7374267578125,18.169921875,36.1396484375,0.3500133752822876,-1,-1,-1
98,1,2674.435302734375,673.2449951171875,36.666015625,78.89984130859375,0.678981363773346,-1,-1,-1
98,4,2607.895263671875,607.7301635742188,30.760009765625,59.07659912109375,0.4426110088825226,-1,-1,-1
98,6,3810.972900390625,804.51953125,63.796630859375,100.58984375,0.6334629654884338,-1,-1,-1
98,8,2077.795654296875,731.1357421875,53.2958984375,94.02325439453125,0.6536276936531067,-1,-1,-1
98,11,4044.86181640625,550.669921875,16.668701171875,34.310791015625,0.4210085868835449,-1,-1,-1
98,23,2482.56494140625,605.4204711914062,26.070068359375,54.37164306640625,0.38970595598220825,-1,-1,-1
98,104,3640.920166015625,605.153076171875,25.718994140625,48.2532958984375,0.37026041746139526,-1,-1,-1
98,5,2850.591552734375,600.2568359375,26.041748046875,53.6724853515625,0.49109649658203125,-1,-1,-1
98,15,3611.891357421875,586.182373046875,18.00439453125,55.07635498046875,0.5066378116607666,-1,-1,-1
98,172,3288.842529296875,570.0572509765625,23.2412109375,49.58306884765625,0.44570109248161316,-1,-1,-1
98,173,3199.271728515625,552.2329711914062,19.076416015625,32.51788330078125,0.31802043318748474,-1,-1,-1
98,127,3147.28369140625,567.0504150390625,21.1416015625,40.79937744140625,0.4681864082813263,-1,-1,-1
98,98,3063.5869140625,545.9443359375,18.306884765625,36.20318603515625,0.3415924608707428,-1,-1,-1
99,1,2674.765869140625,675.817626953125,42.83154296875,75.12103271484375,0.7005149722099304,-1,-1,-1
99,4,2610.836669921875,609.447998046875,31.622802734375,59.08294677734375,0.42192625999450684,-1,-1,-1
99,6,3813.1044921875,804.5160522460938,66.843017578125,100.9197998046875,0.6485757231712341,-1,-1,-1
99,8,2081.5556640625,729.1578369140625,56.013916015625,94.5130615234375,0.6613453030586243,-1,-1,-1
99,11,4045.8486328125,551.0514526367188,16.299560546875,34.6710205078125,0.42964601516723633,-1,-1,-1
99,23,2488.92431640625,605.7593383789062,24.6923828125,53.0595703125,0.4784587025642395,-1,-1,-1
99,104,3641.716064453125,600.60107421875,25.75341796875,52.5439453125,0.40449655055999756,-1,-1,-1
99,5,2852.16796875,601.416259765625,28.69384765625,52.81622314453125,0.4831652045249939,-1,-1,-1
99,15,3611.550537109375,584.9352416992188,19.99267578125,54.75164794921875,0.5667174458503723,-1,-1,-1
99,172,3293.55908203125,569.8333740234375,25.24951171875,48.69305419921875,0.31831398606300354,-1,-1,-1
99,173,3200.048583984375,549.9085693359375,18.998291015625,36.52783203125,0.3666802942752838,-1,-1,-1
99,127,3151.40869140625,567.3397827148438,20.057861328125,39.40460205078125,0.42968887090682983,-1,-1,-1
99,98,3065.716796875,544.57421875,20.166015625,37.3856201171875,0.2825106978416443,-1,-1,-1
99,2,3352.440673828125,650.7319946289062,31.08251953125,57.3443603515625,0.48496127128601074,-1,-1,-1
99,99,3406.583740234375,634.8836059570312,27.004638671875,47.01715087890625,0.5098734498023987,-1,-1,-1
100,1,2673.9052734375,676.3232421875,49.30322265625,75.0513916015625,0.6554737687110901,-1,-1,-1
100,4,2616.248779296875,608.5343627929688,29.286865234375,59.64007568359375,0.43583375215530396,-1,-1,-1
100,6,3815.7958984375,804.3853759765625,69.445068359375,100.49786376953125,0.6570515036582947,-1,-1,-1
100,8,2086.927490234375,726.9594116210938,56.413818359375,94.6114501953125,0.7168105840682983,-1,-1,-1
100,11,4046.685302734375,551.11328125,16.377685546875,35.18853759765625,0.40800803899765015,-1,-1,-1
100,23,2495.315185546875,605.3406372070312,24.314453125,56.88946533203125,0.5813259482383728,-1,-1,-1
100,104,3644.005615234375,599.2464599609375,23.572998046875,55.487548828125,0.37748557329177856,-1,-1,-1
100,5,2856.734619140625,602.0389404296875,29.162109375,53.46978759765625,0.2952421307563782,-1,-1,-1
100,15,3612.051513671875,584.4800415039062,20.293212890625,53.3023681640625,0.54411780834198,-1,-1,-1
100,172,3295.898193359375,568.409912109375,26.71435546875,49.9442138671875,0.39449241757392883,-1,-1,-1
100,173,3201.43798828125,549.2622680664062,18.05908203125,37.05413818359375,0.38573160767555237,-1,-1,-1
100,127,3154.376220703125,566.7040405273438,21.108154296875,37.10443115234375,0.360990047454834,-1,-1,-1
100,98,3068.7939453125,543.571044921875,20.3095703125,39.01141357421875,0.3792639970779419,-1,-1,-1
100,2,3362.3115234375,650.1464233398438,24.103759765625,57.322265625,0.4142826199531555,-1,-1,-1
100,99,3414.629150390625,634.1781005859375,24.67041015625,48.1021728515625,0.564695417881012,-1,-1,-1
100,74,2921.542724609375,555.35986328125,21.204833984375,31.578369140625,0.28406649827957153,-1,-1,-1
101,1,2674.826904296875,676.8495483398438,51.424560546875,73.84075927734375,0.5638598799705505,-1,-1,-1
101,4,2620.554443359375,607.1185302734375,29.009765625,59.06646728515625,0.48935776948928833,-1,-1,-1
101,6,3821.624755859375,800.0448608398438,67.713623046875,105.36138916015625,0.6689220666885376,-1,-1,-1
101,8,2089.62890625,726.3084106445312,61.906005859375,94.34307861328125,0.7028895020484924,-1,-1,-1
101,11,4047.114501953125,550.4356689453125,16.130126953125,35.72979736328125,0.41802600026130676,-1,-1,-1
101,23,2501.147705078125,606.4328002929688,25.026611328125,56.33526611328125,0.5402939915657043,-1,-1,-1
101,104,3647.22509765625,599.500244140625,22.284912109375,53.9638671875,0.3795340061187744,-1,-1,-1
101,5,2860.7470703125,601.7749633789062,27.2734375,53.924072265625,0.3876999616622925,-1,-1,-1
101,15,3612.456298828125,584.5519409179688,20.451904296875,51.63916015625,0.4955317974090576,-1,-1,-1
101,172,3300.34423828125,568.2103271484375,27.051513671875,49.49700927734375,0.39481306076049805,-1,-1,-1
101,173,3202.1279296875,547.8637084960938,17.679443359375,37.74603271484375,0.39456936717033386,-1,-1,-1
101,127,3158.16748046875,565.6338500976562,22.437744140625,36.4600830078125,0.31764915585517883,-1,-1,-1
101,98,3072.03759765625,542.9867553710938,21.69677734375,39.448486328125,0.26099517941474915,-1,-1,-1
101,2,3369.100830078125,647.8445434570312,23.78271484375,58.72943115234375,0.3226398825645447,-1,-1,-1
101,99,3421.66796875,633.1648559570312,22.29345703125,51.65252685546875,0.5515971183776855,-1,-1,-1
101,74,2925.121826171875,556.0444946289062,19.873046875,32.7022705078125,0.2867511212825775,-1,-1,-1
102,1,2677.41455078125,678.041015625,51.34619140625,72.24908447265625,0.5514979958534241,-1,-1,-1
102,4,2625.318603515625,605.7597045898438,28.359375,59.0838623046875,0.5467719435691833,-1,-1,-1
102,6,3826.360595703125,797.6777954101562,67.17138671875,107.52716064453125,0.7476158142089844,-1,-1,-1
102,8,2094.22119140625,725.544677734375,63.4921875,93.3524169921875,0.716045081615448,-1,-1,-1
102,11,4047.5068359375,549.4310302734375,15.797607421875,37.28662109375,0.4030645787715912,-1,-1,-1
102,23,2507.330810546875,605.3320922851562,24.0810546875,57.09130859375,0.5727124810218811,-1,-1,-1
102,104,3648.857421875,599.666259765625,21.82958984375,52.700927734375,0.280415803194046,-1,-1,-1
102,5,2864.193603515625,602.3237915039062,25.151611328125,52.97467041015625,0.4948274493217468,-1,-1,-1
102,15,3613.114990234375,583.9940185546875,20.286376953125,53.0352783203125,0.47744470834732056,-1,-1,-1
102,172,3305.64697265625,567.7951049804688,24.16259765625,47.7520751953125,0.44334691762924194,-1,-1,-1
102,173,3204.126220703125,547.3037719726562,16.75146484375,38.1324462890625,0.3381807506084442,-1,-1,-1
102,127,3162.5791015625,565.9977416992188,22.635986328125,35.440185546875,0.2680329978466034,-1,-1,-1
102,99,3427.59912109375,632.3042602539062,24.531982421875,48.43951416015625,0.30959632992744446,-1,-1,-1
102,74,2929.0263671875,555.19580078125,18.830078125,33.9197998046875,0.32941973209381104,-1,-1,-1
103,1,2686.889404296875,676.4352416992188,43.685546875,73.302001953125,0.5710002779960632,-1,-1,-1
103,4,2628.275390625,603.7244262695312,27.71240234375,61.2490234375,0.5896686911582947,-1,-1,-1
103,6,3829.66259765625,798.8206787109375,68.51318359375,107.8592529296875,0.6983046531677246,-1,-1,-1
103,8,2099.2744140625,724.3720703125,63.6875,94.364501953125,0.6913079023361206,-1,-1,-1
103,11,4047.56298828125,549.445068359375,16.54638671875,38.81903076171875,0.4161217212677002,-1,-1,-1
103,23,2513.329345703125,602.4525146484375,24.030029296875,56.275634765625,0.4685506224632263,-1,-1,-1
103,104,3649.22314453125,603.0669555664062,22.662353515625,47.19378662109375,0.2991369664669037,-1,-1,-1
103,5,2870.43408203125,602.0798950195312,20.99658203125,52.37158203125,0.5475711226463318,-1,-1,-1
103,15,3613.464599609375,582.3500366210938,20.3681640625,56.205078125,0.5010735988616943,-1,-1,-1
103,172,3308.9404296875,567.6630249023438,23.141845703125,46.69036865234375,0.404238224029541,-1,-1,-1
103,173,3205.3525390625,543.4820556640625,16.326171875,41.41082763671875,0.2825362980365753,-1,-1,-1
103,127,3167.408203125,565.608642578125,22.16064453125,36.70721435546875,0.28022515773773193,-1,-1,-1
103,99,3433.2607421875,628.1914672851562,24.34228515625,54.9263916015625,0.5210375785827637,-1,-1,-1
103,74,2932.2216796875,552.9430541992188,18.387939453125,37.257080078125,0.3623207211494446,-1,-1,-1
103,2,3376.9755859375,644.5377197265625,29.099609375,64.68389892578125,0.42812877893447876,-1,-1,-1
104,1,2696.9697265625,677.104248046875,36.44140625,71.862060546875,0.6280869841575623,-1,-1,-1
104,4,2630.057861328125,601.5195922851562,29.043701171875,63.30596923828125,0.6188139319419861,-1,-1,-1
104,6,3849.892333984375,801.5455322265625,51.474609375,105.8250732421875,0.6497698426246643,-1,-1,-1
104,8,2113.12890625,723.7991943359375,55.5234375,93.24041748046875,0.6135430932044983,-1,-1,-1
104,11,4047.728515625,549.6033325195312,17.630126953125,39.17938232421875,0.36872994899749756,-1,-1,-1
104,23,2519.066162109375,601.562744140625,26.17529296875,57.048583984375,0.44906380772590637,-1,-1,-1
104,104,3649.92041015625,601.303466796875,22.79833984375,51.0743408203125,0.39457041025161743,-1,-1,-1
104,5,2875.376220703125,601.3853149414062,20.32373046875,53.27899169921875,0.534635066986084,-1,-1,-1
104,15,3613.8525390625,581.2051391601562,21.694091796875,56.3011474609375,0.4819783866405487,-1,-1,-1
104,172,3312.385498046875,566.7327270507812,22.000244140625,46.11041259765625,0.4523988664150238,-1,-1,-1
104,127,3173.90478515625,565.4824829101562,19.48095703125,37.19775390625,0.33490800857543945,-1,-1,-1
104,99,3437.790283203125,627.2789916992188,26.615478515625,55.96710205078125,0.588306725025177,-1,-1,-1
104,74,2933.964111328125,554.2544555664062,19.322509765625,36.70343017578125,0.32243046164512634,-1,-1,-1
104,2,3379.171875,646.2003173828125,34.75439453125,64.43145751953125,0.481142520904541,-1,-1,-1
104,98,3086.082275390625,541.671142578125,18.23681640625,41.09765625,0.3524925708770752,-1,-1,-1
105,1,2699.541015625,677.1473388671875,36.6533203125,72.32977294921875,0.6968829035758972,-1,-1,-1
105,4,2631.344970703125,602.6604614257812,30.622314453125,62.52484130859375,0.5168605446815491,-1,-1,-1
105,6,3860.371337890625,802.2996826171875,42.408935546875,107.17364501953125,0.684196412563324,-1,-1,-1
105,8,2120.167236328125,724.0074462890625,54.19677734375,92.88238525390625,0.7375237345695496,-1,-1,-1
105,11,4047.650634765625,548.6439819335938,18.359375,37.12921142578125,0.3384672701358795,-1,-1,-1
105,23,2524.52734375,599.8902587890625,27.272216796875,53.8465576171875,0.49241185188293457,-1,-1,-1
105,104,3651.191162109375,596.792236328125,22.92333984375,55.71728515625,0.48555418848991394,-1,-1,-1
105,5,2878.359130859375,599.8422241210938,19.853759765625,54.14697265625,0.586551308631897,-1,-1,-1
105,15,3614.01025390625,579.6973876953125,22.53466796875,57.43988037109375,0.4636320471763611,-1,-1,-1
105,172,3314.30517578125,566.3201904296875,24.78955078125,47.50445556640625,0.39274442195892334,-1,-1,-1
105,127,3177.95361328125,563.6757202148438,19.697021484375,38.68377685546875,0.36343905329704285,-1,-1,-1
105,99,3443.208251953125,626.9625854492188,27.22412109375,55.8233642578125,0.673629879951477,-1,-1,-1
105,74,2935.604248046875,556.82177734375,20.902587890625,34.60662841796875,0.3021002411842346,-1,-1,-1
105,2,3384.101806640625,646.566162109375,36.534912109375,64.24127197265625,0.4691944718360901,-1,-1,-1
105,98,3090.253173828125,543.1403198242188,16.582763671875,39.69720458984375,0.35712501406669617,-1,-1,-1
106,1,2703.4580078125,676.3698120117188,37.308349609375,73.26019287109375,0.7084755301475525,-1,-1,-1
106,4,2633.143310546875,602.9336547851562,33.348876953125,63.83544921875,0.46340569853782654,-1,-1,-1
106,6,3861.841796875,803.6279296875,43.249755859375,107.35162353515625,0.6684737801551819,-1,-1,-1
106,8,2130.7080078125,726.528076171875,47.167236328125,89.15093994140625,0.7694130539894104,-1,-1,-1
106,11,4047.849365234375,547.344482421875,19.072998046875,39.54644775390625,0.32030585408210754,-1,-1,-1
106,23,2526.92236328125,599.9059448242188,29.68701171875,55.88177490234375,0.33537793159484863,-1,-1,-1
106,104,3652.30517578125,595.16796875,23.674560546875,57.073974609375,0.5281656384468079,-1,-1,-1
106,5,2881.51171875,598.0447387695312,21.40234375,55.9881591796875,0.6184452176094055,-1,-1,-1
106,15,3614.118896484375,579.04443359375,23.24755859375,55.7095947265625,0.4307478666305542,-1,-1,-1
106,172,3315.468505859375,564.00048828125,28.947509765625,49.10906982421875,0.3355647325515747,-1,-1,-1
106,127,3180.336181640625,562.9099731445312,21.108154296875,39.96075439453125,0.28849470615386963,-1,-1,-1
106,99,3448.788330078125,627.67041015625,29.017578125,54.80670166015625,0.4999774694442749,-1,-1,-1
106,2,3387.705078125,645.6029663085938,40.00732421875,61.66302490234375,0.3048213720321655,-1,-1,-1
106,98,3092.437744140625,543.3322143554688,18.6181640625,38.86090087890625,0.39955997467041016,-1,-1,-1
107,1,2709.722412109375,674.8308715820312,35.03955078125,73.4725341796875,0.5978568196296692,-1,-1,-1
107,4,2635.30859375,602.1267700195312,36.38134765625,62.5029296875,0.4383084177970886,-1,-1,-1
107,6,3867.76318359375,804.8758544921875,40.2080078125,104.5142822265625,0.6342779994010925,-1,-1,-1
107,8,2138.775146484375,727.9677124023438,41.96533203125,87.29156494140625,0.630054235458374,-1,-1,-1
107,23,2533.7763671875,598.9358520507812,29.978271484375,56.11419677734375,0.26664233207702637,-1,-1,-1
107,104,3654.18603515625,595.0159912109375,22.983154296875,56.03692626953125,0.4977262318134308,-1,-1,-1
107,5,2882.94921875,596.7976684570312,23.380126953125,58.76861572265625,0.5885667204856873,-1,-1,-1
107,15,3614.312744140625,578.6865234375,23.28173828125,54.78570556640625,0.272646427154541,-1,-1,-1
107,99,3456.847412109375,626.3391723632812,26.598388671875,56.3302001953125,0.5494845509529114,-1,-1,-1
107,2,3395.819580078125,644.834228515625,36.651123046875,60.38348388671875,0.33615171909332275,-1,-1,-1
107,98,3093.93310546875,542.5253295898438,20.197998046875,39.779296875,0.44221219420433044,-1,-1,-1
108,1,2713.8828125,671.4718627929688,35.40283203125,76.235595703125,0.5306434035301208,-1,-1,-1
108,4,2642.7900390625,601.8040161132812,32.2138671875,60.2037353515625,0.4206143319606781,-1,-1,-1
108,6,3865.153564453125,804.3456420898438,47.471923828125,103.9769287109375,0.6168513894081116,-1,-1,-1
108,8,2144.009521484375,723.7816162109375,44.92724609375,92.77777099609375,0.6623318791389465,-1,-1,-1
108,23,2539.165771484375,599.0928344726562,29.887451171875,53.98858642578125,0.4241427183151245,-1,-1,-1
108,104,3654.9365234375,594.5625,23.975830078125,56.12310791015625,0.5432743430137634,-1,-1,-1
108,5,2885.44677734375,597.6622314453125,25.9521484375,58.7933349609375,0.5717477202415466,-1,-1,-1
108,15,3614.24853515625,578.401611328125,24.139404296875,56.05828857421875,0.2795996367931366,-1,-1,-1
108,99,3464.12255859375,626.4985961914062,24.92529296875,58.20654296875,0.5552924275398254,-1,-1,-1
108,2,3403.97216796875,643.8890380859375,32.606201171875,61.70159912109375,0.4087696969509125,-1,-1,-1
108,98,3096.6337890625,541.7443237304688,22.430419921875,40.0802001953125,0.44293954968452454,-1,-1,-1
109,1,2717.59033203125,669.6702880859375,39.079833984375,80.70843505859375,0.6279135346412659,-1,-1,-1
109,4,2647.0078125,602.2398681640625,29.999267578125,58.7451171875,0.42915505170822144,-1,-1,-1
109,6,3855.49072265625,800.89501953125,60.858642578125,108.73504638671875,0.6281824707984924,-1,-1,-1
109,8,2147.00244140625,721.759521484375,47.90478515625,93.36871337890625,0.7019169330596924,-1,-1,-1
109,23,2545.897216796875,598.2920532226562,28.025390625,55.64324951171875,0.5387155413627625,-1,-1,-1
109,104,3656.989990234375,595.3943481445312,23.30908203125,53.367431640625,0.5279842615127563,-1,-1,-1
109,5,2888.234375,598.1925659179688,26.618408203125,54.97430419921875,0.4964454770088196,-1,-1,-1
109,99,3470.354736328125,628.3551025390625,22.885986328125,56.80010986328125,0.5715089440345764,-1,-1,-1
109,2,3413.70703125,644.9743041992188,27.061767578125,59.139404296875,0.42863044142723083,-1,-1,-1
109,127,3194.140869140625,551.671142578125,22.135009765625,50.218017578125,0.40434080362319946,-1,-1,-1
110,1,2720.184814453125,669.287841796875,40.619140625,77.4814453125,0.6732794046401978,-1,-1,-1
110,4,2650.61181640625,602.5969848632812,29.4775390625,58.5325927734375,0.4705039858818054,-1,-1,-1
110,6,3854.423095703125,798.79736328125,65.520263671875,110.68212890625,0.7371933460235596,-1,-1,-1
110,8,2150.296142578125,719.9252319335938,52.02294921875,93.748046875,0.7057531476020813,-1,-1,-1
110,23,2551.619140625,598.9575805664062,25.16357421875,56.456787109375,0.5974076390266418,-1,-1,-1
110,104,3658.491943359375,595.9473266601562,23.328125,51.844482421875,0.5627573728561401,-1,-1,-1
110,5,2891.7001953125,597.4878540039062,25.459716796875,53.61077880859375,0.5588523149490356,-1,-1,-1
110,99,3475.027099609375,628.4224853515625,22.83203125,56.9912109375,0.5835903882980347,-1,-1,-1
110,2,3421.253662109375,645.8345947265625,24.138427734375,59.29833984375,0.45793095231056213,-1,-1,-1
110,127,3197.913818359375,549.1463623046875,20.79541015625,52.1165771484375,0.473111093044281,-1,-1,-1
110,15,3617.359130859375,579.4866333007812,25.7880859375,53.58740234375,0.3008161783218384,-1,-1,-1
111,1,2721.390869140625,668.5685424804688,43.908203125,76.38873291015625,0.7231594324111938,-1,-1,-1
111,4,2654.640869140625,601.3335571289062,27.312255859375,60.640625,0.532349169254303,-1,-1,-1
111,6,3855.12890625,798.0372924804688,70.16455078125,111.411376953125,0.7733696699142456,-1,-1,-1
111,8,2153.303466796875,718.3491821289062,56.15087890625,94.0289306640625,0.6753522157669067,-1,-1,-1
111,23,2558.427490234375,598.7828369140625,23.605712890625,57.09423828125,0.5171868801116943,-1,-1,-1
111,104,3659.7060546875,595.9129028320312,22.90185546875,51.03466796875,0.5891984701156616,-1,-1,-1
111,5,2897.834716796875,597.56591796875,22.8681640625,50.419921875,0.6036303639411926,-1,-1,-1
111,99,3483.446044921875,630.5637817382812,21.863037109375,49.17730712890625,0.4496139883995056,-1,-1,-1
111,2,3424.01708984375,644.8470458984375,27.833984375,61.13385009765625,0.46024733781814575,-1,-1,-1
111,127,3201.599853515625,548.568359375,19.549560546875,52.14898681640625,0.5089432001113892,-1,-1,-1
111,15,3617.754638671875,579.829345703125,26.30126953125,51.40606689453125,0.2858719527721405,-1,-1,-1
112,1,2722.933837890625,668.4238891601562,46.047607421875,77.0074462890625,0.7702827453613281,-1,-1,-1
112,4,2657.389892578125,602.9364624023438,27.89697265625,58.81219482421875,0.513217031955719,-1,-1,-1
112,6,3859.37939453125,799.1588745117188,69.7138671875,109.3448486328125,0.7441420555114746,-1,-1,-1
112,8,2157.15966796875,719.121826171875,59.8330078125,92.37420654296875,0.6631894707679749,-1,-1,-1
112,23,2564.457275390625,597.921142578125,23.246337890625,56.8065185546875,0.4626656770706177,-1,-1,-1
112,104,3662.564453125,597.1458129882812,20.42138671875,51.33837890625,0.5704885721206665,-1,-1,-1
112,5,2901.093505859375,598.0260620117188,23.03955078125,50.814208984375,0.6488060355186462,-1,-1,-1
112,99,3488.068115234375,627.4785766601562,22.69775390625,52.66595458984375,0.5153451561927795,-1,-1,-1
112,2,3426.068603515625,646.58349609375,31.66064453125,58.47552490234375,0.26823222637176514,-1,-1,-1
112,127,3205.23486328125,545.427734375,18.4638671875,57.2320556640625,0.5379714369773865,-1,-1,-1
112,15,3618.26708984375,577.0485229492188,26.306396484375,52.6029052734375,0.3991963267326355,-1,-1,-1
112,98,3114.876953125,541.5549926757812,17.733642578125,37.96038818359375,0.3890407085418701,-1,-1,-1
113,1,2726.789306640625,668.4563598632812,43.97314453125,75.61651611328125,0.6830863952636719,-1,-1,-1
113,4,2663.13330078125,603.4835815429688,25.319091796875,59.27117919921875,0.40076279640197754,-1,-1,-1
113,6,3864.92041015625,799.4827880859375,67.2255859375,107.80987548828125,0.6848943829536438,-1,-1,-1
113,8,2159.3955078125,718.6553955078125,64.3525390625,91.75787353515625,0.6507591605186462,-1,-1,-1
113,23,2566.552978515625,598.3536376953125,26.5419921875,55.4193115234375,0.47189709544181824,-1,-1,-1
113,104,3664.3017578125,596.7745971679688,18.802001953125,51.111083984375,0.5582438707351685,-1,-1,-1
113,5,2904.34423828125,596.7335205078125,22.0986328125,51.89764404296875,0.6654201149940491,-1,-1,-1
113,99,3491.427490234375,626.6329956054688,26.82958984375,54.90008544921875,0.5314070582389832,-1,-1,-1
113,2,3430.19775390625,642.5265502929688,35.12939453125,65.4940185546875,0.5258315801620483,-1,-1,-1
113,127,3207.55908203125,543.4112548828125,18.32861328125,58.81658935546875,0.44077354669570923,-1,-1,-1
113,15,3618.4296875,575.202392578125,26.56005859375,53.85040283203125,0.4538668096065521,-1,-1,-1
113,205,3585.442626953125,533.12353515625,17.28759765625,54.93731689453125,0.3276550769805908,-1,-1,-1
113,98,3117.793212890625,541.9703979492188,19.081787109375,36.04034423828125,0.3479820787906647,-1,-1,-1
114,1,2730.695068359375,667.9312133789062,43.147705078125,76.04888916015625,0.6124725341796875,-1,-1,-1
114,4,2666.205078125,600.7194213867188,27.11328125,62.10504150390625,0.39963793754577637,-1,-1,-1
114,6,3875.4873046875,800.6640014648438,59.167724609375,106.86627197265625,0.637442409992218,-1,-1,-1
114,8,2169.846923828125,718.2866821289062,58.752685546875,89.6861572265625,0.6677120327949524,-1,-1,-1
114,23,2570.866455078125,597.04150390625,30.809326171875,55.5084228515625,0.4906214475631714,-1,-1,-1
114,104,3665.029541015625,595.5048828125,18.25732421875,52.94384765625,0.5624493360519409,-1,-1,-1
114,5,2909.10986328125,595.6240234375,21.657958984375,51.93768310546875,0.48887187242507935,-1,-1,-1
114,99,3495.057373046875,625.0442504882812,30.6083984375,56.10736083984375,0.5307425856590271,-1,-1,-1
114,2,3434.497314453125,641.75244140625,37.292236328125,65.26318359375,0.4731694757938385,-1,-1,-1
114,127,3209.8427734375,550.390380859375,19.47412109375,50.2896728515625,0.3281543254852295,-1,-1,-1
114,15,3619.19287109375,574.8724975585938,26.04931640625,52.993408203125,0.4403305947780609,-1,-1,-1
114,205,3585.6201171875,532.3114013671875,17.55712890625,56.1007080078125,0.26004570722579956,-1,-1,-1
114,98,3122.288330078125,542.4578247070312,16.904541015625,33.4462890625,0.3801283836364746,-1,-1,-1
115,1,2737.30322265625,668.3218994140625,40.6904296875,76.32550048828125,0.5691416263580322,-1,-1,-1
115,4,2667.64892578125,596.5068969726562,29.3974609375,66.0665283203125,0.4507520794868469,-1,-1,-1
115,6,3872.846923828125,803.3742065429688,63.58251953125,104.40069580078125,0.5649697184562683,-1,-1,-1
115,8,2182.444091796875,718.1117553710938,50.734619140625,88.15643310546875,0.6719802021980286,-1,-1,-1
115,23,2573.5673828125,595.827392578125,33.923583984375,53.51617431640625,0.44020119309425354,-1,-1,-1
115,104,3665.444580078125,594.18212890625,17.864501953125,51.30145263671875,0.5222232341766357,-1,-1,-1
115,99,3497.97265625,626.875732421875,35.440185546875,54.39691162109375,0.36888059973716736,-1,-1,-1
115,2,3442.477294921875,642.0531616210938,36.165283203125,62.65472412109375,0.3341933786869049,-1,-1,-1
115,127,3212.60400390625,553.77685546875,20.418701171875,42.8310546875,0.47086358070373535,-1,-1,-1
115,15,3620.5908203125,576.10009765625,24.68603515625,50.1773681640625,0.4422354996204376,-1,-1,-1
115,98,3125.481689453125,539.4015502929688,17.626220703125,34.87255859375,0.3495294749736786,-1,-1,-1
115,210,3322.169677734375,559.0919189453125,16.969482421875,35.493896484375,0.39907100796699524,-1,-1,-1
115,211,4061.211181640625,549.0352172851562,16.81591796875,38.2509765625,0.35945117473602295,-1,-1,-1
116,1,2745.36279296875,669.5790405273438,36.132568359375,74.116943359375,0.5032537579536438,-1,-1,-1
116,4,2667.956787109375,593.9728393554688,34.00537109375,66.84832763671875,0.4771449565887451,-1,-1,-1
116,6,3875.0166015625,805.7569580078125,63.1337890625,104.1024169921875,0.4574976861476898,-1,-1,-1
116,8,2190.196044921875,718.3139038085938,48.334228515625,88.62200927734375,0.5186570286750793,-1,-1,-1
116,23,2576.619384765625,592.7237548828125,35.778076171875,55.91888427734375,0.35607704520225525,-1,-1,-1
116,104,3665.458251953125,592.573486328125,18.149169921875,53.1910400390625,0.4837091565132141,-1,-1,-1
116,99,3508.73681640625,625.7794189453125,29.967041015625,55.32489013671875,0.4685583710670471,-1,-1,-1
116,2,3448.840576171875,640.06103515625,35.94091796875,63.99566650390625,0.3307434618473053,-1,-1,-1
116,127,3213.50439453125,553.8248291015625,22.90087890625,41.412109375,0.36547669768333435,-1,-1,-1
116,15,3622.646240234375,577.3563232421875,22.86767578125,48.2113037109375,0.4833860397338867,-1,-1,-1
116,98,3126.961181640625,537.3125610351562,20.246826171875,36.06982421875,0.2973102331161499,-1,-1,-1
116,211,4061.330078125,547.3182983398438,16.977783203125,39.99395751953125,0.40049242973327637,-1,-1,-1
116,5,2915.274169921875,595.1146240234375,24.6552734375,53.96356201171875,0.3938533663749695,-1,-1,-1
116,205,3586.302978515625,533.1810302734375,21.445556640625,55.827880859375,0.2597205340862274,-1,-1,-1
117,1,2752.43212890625,669.9487915039062,33.03466796875,72.769775390625,0.5519212484359741,-1,-1,-1
117,4,2671.720703125,594.8009643554688,35.637451171875,62.83074951171875,0.4871900677680969,-1,-1,-1
117,6,3877.263916015625,807.354248046875,64.18798828125,102.615966796875,0.38644593954086304,-1,-1,-1
117,8,2199.8876953125,718.5274047851562,44.58837890625,86.994384765625,0.5300309062004089,-1,-1,-1
117,23,2585.625,591.4927368164062,32.270751953125,58.22607421875,0.3152894377708435,-1,-1,-1
117,104,3665.34130859375,591.8115234375,18.229736328125,52.59747314453125,0.41491562128067017,-1,-1,-1
117,99,3515.02685546875,625.6239013671875,27.568115234375,55.3790283203125,0.6227242946624756,-1,-1,-1
117,2,3456.9990234375,639.9732666015625,33.035888671875,66.083251953125,0.4190586805343628,-1,-1,-1
117,15,3623.408447265625,577.6543579101562,22.23486328125,47.9041748046875,0.5044513940811157,-1,-1,-1
117,211,4061.877685546875,546.5614013671875,16.8291015625,41.37994384765625,0.37956732511520386,-1,-1,-1
117,5,2917.41650390625,595.7191162109375,24.824462890625,53.3311767578125,0.47763457894325256,-1,-1,-1
117,210,3325.269775390625,557.291015625,17.303466796875,34.299072265625,0.32148057222366333,-1,-1,-1
118,1,2756.39013671875,669.7078247070312,33.9970703125,71.49700927734375,0.632936418056488,-1,-1,-1
118,4,2675.251708984375,596.294677734375,35.280029296875,59.73101806640625,0.5464547872543335,-1,-1,-1
118,6,3879.84326171875,808.0106201171875,66.4677734375,101.5596923828125,0.511823832988739,-1,-1,-1
118,8,2208.899169921875,718.57861328125,41.2109375,85.45269775390625,0.6426385641098022,-1,-1,-1
118,23,2594.32080078125,591.8684692382812,26.90673828125,53.42095947265625,0.509074866771698,-1,-1,-1
118,104,3665.301025390625,591.2073974609375,18.155029296875,52.439697265625,0.410945326089859,-1,-1,-1
118,99,3522.662841796875,627.2593383789062,25.112548828125,53.1949462890625,0.6150317192077637,-1,-1,-1
118,2,3462.03515625,640.8861694335938,32.110595703125,65.2672119140625,0.5244829058647156,-1,-1,-1
118,15,3623.923583984375,577.3058471679688,22.201416015625,48.09429931640625,0.5063037276268005,-1,-1,-1
118,211,4063.07763671875,547.051513671875,16.7353515625,40.41064453125,0.38923531770706177,-1,-1,-1
118,5,2919.90283203125,596.2064208984375,24.39990234375,51.05963134765625,0.5787050127983093,-1,-1,-1
119,1,2759.001953125,667.64599609375,36.734619140625,74.82049560546875,0.6996415257453918,-1,-1,-1
119,4,2679.076171875,596.0526733398438,34.023193359375,58.951416015625,0.46181198954582214,-1,-1,-1
119,6,3884.078125,807.5949096679688,66.772705078125,100.79486083984375,0.621493399143219,-1,-1,-1
119,8,2214.479736328125,718.6207885742188,41.524658203125,86.30438232421875,0.7081932425498962,-1,-1,-1
119,23,2599.635009765625,593.5653076171875,25.679931640625,50.08447265625,0.5483191013336182,-1,-1,-1
119,104,3665.207763671875,590.8350830078125,18.216064453125,52.1802978515625,0.38958999514579773,-1,-1,-1
119,99,3527.86669921875,628.6280517578125,26.300537109375,55.6712646484375,0.6388581991195679,-1,-1,-1
119,2,3470.073974609375,641.6582641601562,26.023681640625,61.84759521484375,0.5236701369285583,-1,-1,-1
119,15,3624.896484375,576.1857299804688,21.686279296875,49.31268310546875,0.540357232093811,-1,-1,-1
119,211,4063.329833984375,548.2523803710938,17.45458984375,36.99786376953125,0.36194005608558655,-1,-1,-1
119,5,2923.515380859375,595.1978759765625,25.272705078125,50.4339599609375,0.5774603486061096,-1,-1,-1
119,127,3226.844970703125,552.2530517578125,20.29296875,40.42352294921875,0.25508907437324524,-1,-1,-1
119,210,3330.452392578125,554.3923950195312,17.846435546875,34.45440673828125,0.34159281849861145,-1,-1,-1
120,1,2760.74951171875,666.7251586914062,39.495361328125,75.3775634765625,0.6053422093391418,-1,-1,-1
120,4,2683.751953125,595.8637084960938,31.58740234375,58.951416015625,0.44968926906585693,-1,-1,-1
120,6,3886.220947265625,808.4325561523438,70.920654296875,99.89111328125,0.6544687151908875,-1,-1,-1
120,8,2220.65625,716.1255493164062,41.55517578125,88.81353759765625,0.6899201273918152,-1,-1,-1
120,23,2604.23583984375,594.1209106445312,24.214111328125,50.33984375,0.6230772733688354,-1,-1,-1
120,104,3665.229248046875,591.6156005859375,18.049072265625,50.819580078125,0.36412513256073,-1,-1,-1
120,99,3536.16845703125,628.9170532226562,23.447021484375,53.9364013671875,0.47063755989074707,-1,-1,-1
120,2,3477.254150390625,640.78076171875,24.342529296875,62.10943603515625,0.4086817502975464,-1,-1,-1
120,15,3625.216552734375,574.8974609375,21.46923828125,48.1798095703125,0.5172612071037292,-1,-1,-1
120,211,4064.605224609375,546.1969604492188,17.50390625,39.542236328125,0.40199875831604004,-1,-1,-1
120,5,2927.29638671875,595.4876708984375,25.038330078125,48.888916015625,0.5553991198539734,-1,-1,-1
120,210,3332.182373046875,554.2672119140625,17.381103515625,33.71307373046875,0.33022743463516235,-1,-1,-1
121,1,2762.8154296875,666.2794189453125,43.344970703125,75.0450439453125,0.5987147688865662,-1,-1,-1
121,4,2688.306396484375,599.0797119140625,28.958740234375,56.73907470703125,0.29384884238243103,-1,-1,-1
121,6,3893.39111328125,809.28564453125,69.56591796875,97.52423095703125,0.6134539842605591,-1,-1,-1
121,8,2224.775146484375,714.3336181640625,44.10986328125,89.24615478515625,0.670935869216919,-1,-1,-1
121,23,2608.707763671875,590.86181640625,24.98388671875,54.64996337890625,0.6526067852973938,-1,-1,-1
121,104,3665.45166015625,592.3840942382812,17.858154296875,49.9595947265625,0.42216578125953674,-1,-1,-1
121,99,3539.16552734375,627.393798828125,25.50927734375,58.56048583984375,0.4772516191005707,-1,-1,-1
121,2,3481.121826171875,640.8944702148438,26.265380859375,62.412109375,0.4362197518348694,-1,-1,-1
121,15,3626.241455078125,574.5693359375,20.8037109375,49.90399169921875,0.46840354800224304,-1,-1,-1
121,211,4066.100341796875,545.0712280273438,17.038818359375,38.6923828125,0.43234118819236755,-1,-1,-1
121,5,2931.266845703125,595.2086791992188,23.58544921875,49.70343017578125,0.5949424505233765,-1,-1,-1
121,210,3333.62548828125,554.5068359375,17.33544921875,32.5653076171875,0.3390473425388336,-1,-1,-1
121,127,3232.656982421875,553.0062255859375,20.64501953125,37.666259765625,0.25061821937561035,-1,-1,-1
122,1,2765.945068359375,666.6864624023438,46.095458984375,73.413330078125,0.597514808177948,-1,-1,-1
122,6,3899.0322265625,807.183349609375,66.334716796875,99.7996826171875,0.5911226868629456,-1,-1,-1
122,8,2226.56201171875,714.507080078125,48.865966796875,88.54803466796875,0.6460075974464417,-1,-1,-1
122,23,2612.410888671875,588.0120849609375,26.012939453125,59.0054931640625,0.34624677896499634,-1,-1,-1
122,104,3665.103271484375,592.44287109375,18.5615234375,49.33856201171875,0.35738474130630493,-1,-1,-1
122,99,3545.375732421875,626.4409790039062,23.737060546875,61.26397705078125,0.6634547710418701,-1,-1,-1
122,2,3489.305419921875,638.8265991210938,23.160888671875,61.62945556640625,0.41008105874061584,-1,-1,-1
122,15,3626.852783203125,572.5982666015625,21.5322265625,51.73345947265625,0.5119184255599976,-1,-1,-1
122,211,4066.71875,545.9500122070312,18.332763671875,36.6634521484375,0.3798903524875641,-1,-1,-1
122,5,2933.253662109375,593.8388671875,24.904296875,51.55767822265625,0.5334753394126892,-1,-1,-1
122,210,3334.355224609375,555.0078735351562,18.716552734375,30.376953125,0.3091498911380768,-1,-1,-1
123,1,2769.923583984375,667.4417724609375,46.812255859375,71.72100830078125,0.6638666987419128,-1,-1,-1
123,6,3902.250732421875,806.84619140625,64.833740234375,100.94390869140625,0.6265333294868469,-1,-1,-1
123,8,2228.560302734375,713.7750854492188,52.309814453125,88.696533203125,0.7042549848556519,-1,-1,-1
123,23,2619.36474609375,588.8858642578125,24.113525390625,51.25,0.3037881851196289,-1,-1,-1
123,104,3664.92431640625,591.2265014648438,19.234130859375,50.2696533203125,0.41430649161338806,-1,-1,-1
123,99,3549.333740234375,625.2313232421875,25.568603515625,61.13623046875,0.6198894381523132,-1,-1,-1
123,2,3489.4638671875,638.3784790039062,30.404541015625,63.72918701171875,0.494731605052948,-1,-1,-1
123,15,3627.277587890625,571.7556762695312,21.813232421875,53.1151123046875,0.5496466159820557,-1,-1,-1
123,211,4067.19580078125,546.6557006835938,18.686767578125,35.39306640625,0.3882337808609009,-1,-1,-1
123,5,2939.062255859375,593.3521118164062,22.01416015625,52.83587646484375,0.45164984464645386,-1,-1,-1
123,210,3336.259521484375,554.7523193359375,18.680419921875,30.69580078125,0.37972694635391235,-1,-1,-1
123,4,2698.025634765625,599.1121826171875,27.08154296875,57.931640625,0.3489573001861572,-1,-1,-1
124,1,2773.851318359375,667.296875,46.232421875,71.5806884765625,0.6090389490127563,-1,-1,-1
124,6,3904.4912109375,806.1092529296875,63.385498046875,102.30517578125,0.5773786902427673,-1,-1,-1
124,8,2237.14697265625,715.2160034179688,48.300048828125,85.23992919921875,0.6831984519958496,-1,-1,-1
124,23,2623.96337890625,587.3704833984375,24.62548828125,50.929931640625,0.36971578001976013,-1,-1,-1
124,104,3665.1494140625,589.0382690429688,18.2646484375,45.959716796875,0.42696917057037354,-1,-1,-1
124,99,3555.75439453125,624.1170043945312,25.302978515625,60.61688232421875,0.6462896466255188,-1,-1,-1
124,2,3492.8037109375,639.0532836914062,31.7919921875,62.844482421875,0.40333113074302673,-1,-1,-1
124,15,3627.462890625,571.4879760742188,21.71826171875,51.40960693359375,0.5108917355537415,-1,-1,-1
124,211,4068.5,548.2259521484375,17.847900390625,32.64373779296875,0.33088892698287964,-1,-1,-1
124,5,2944.100341796875,595.4266357421875,21.01220703125,50.3206787109375,0.35706818103790283,-1,-1,-1
124,210,3338.330322265625,556.2103271484375,18.671142578125,25.34625244140625,0.28763705492019653,-1,-1,-1
124,4,2703.846435546875,598.0076904296875,25.528076171875,56.42022705078125,0.4292573034763336,-1,-1,-1
125,1,2781.572509765625,666.5833740234375,42.782958984375,72.54901123046875,0.6378576159477234,-1,-1,-1
125,6,3910.277099609375,806.9052124023438,58.025146484375,102.3414306640625,0.6008045673370361,-1,-1,-1
125,8,2245.367431640625,714.9486694335938,44.62109375,85.06048583984375,0.6518097519874573,-1,-1,-1
125,23,2629.89892578125,585.8274536132812,25.163818359375,53.74041748046875,0.46625789999961853,-1,-1,-1
125,104,3665.3359375,587.592529296875,18.1162109375,48.33612060546875,0.4632655680179596,-1,-1,-1
125,99,3559.939208984375,623.9911499023438,26.7490234375,60.171630859375,0.4274992048740387,-1,-1,-1
125,15,3627.661376953125,571.1691284179688,21.66259765625,50.43548583984375,0.5102390050888062,-1,-1,-1
125,211,4069.177734375,546.8668212890625,18.16259765625,33.58990478515625,0.3707770109176636,-1,-1,-1
125,5,2946.22509765625,594.7318725585938,22.218994140625,48.85601806640625,0.40597760677337646,-1,-1,-1
125,4,2707.65673828125,596.8917236328125,25.985595703125,56.613525390625,0.4646221101284027,-1,-1,-1
126,1,2790.625244140625,666.4493408203125,36.740966796875,72.70819091796875,0.5672345161437988,-1,-1,-1
126,6,3915.74951171875,804.9890747070312,52.624755859375,103.66998291015625,0.5836091637611389,-1,-1,-1
126,8,2253.53955078125,715.3652954101562,40.713134765625,84.1898193359375,0.6168210506439209,-1,-1,-1
126,23,2633.625244140625,585.6524047851562,27.525634765625,55.1221923828125,0.3692585527896881,-1,-1,-1
126,104,3665.390380859375,586.3132934570312,17.719482421875,45.85406494140625,0.4351178705692291,-1,-1,-1
126,99,3567.0283203125,624.3148803710938,24.71484375,60.26397705078125,0.43780919909477234,-1,-1,-1
126,15,3629.122314453125,571.2366333007812,20.77392578125,50.04498291015625,0.5276777148246765,-1,-1,-1
126,211,4070.4345703125,545.4072875976562,17.7607421875,34.4227294921875,0.4260994493961334,-1,-1,-1
126,5,2949.19482421875,594.5407104492188,21.273681640625,48.06585693359375,0.4726925492286682,-1,-1,-1
126,4,2709.54248046875,597.2229614257812,26.562744140625,55.74609375,0.5533162951469421,-1,-1,-1
126,127,3247.7861328125,549.3934326171875,18.57958984375,36.44970703125,0.31034114956855774,-1,-1,-1
127,1,2799.341552734375,664.7261352539062,33.7744140625,76.01312255859375,0.5445698499679565,-1,-1,-1
127,6,3920.234619140625,803.2933349609375,49.328857421875,105.05181884765625,0.619574785232544,-1,-1,-1
127,8,2262.09521484375,714.3450317382812,38.45556640625,84.99383544921875,0.6586911082267761,-1,-1,-1
127,23,2637.012939453125,585.0846557617188,27.469482421875,55.59698486328125,0.32422900199890137,-1,-1,-1
127,104,3665.78662109375,585.7728271484375,17.196044921875,43.74261474609375,0.4306238293647766,-1,-1,-1
127,99,3573.201171875,624.399658203125,23.306884765625,59.9617919921875,0.6051631569862366,-1,-1,-1
127,15,3630.76318359375,571.61181640625,19.9013671875,48.98663330078125,0.5236732363700867,-1,-1,-1
127,211,4071.857666015625,545.914794921875,17.0390625,35.33905029296875,0.37135234475135803,-1,-1,-1
127,5,2952.439697265625,591.911865234375,21.74755859375,50.5843505859375,0.45402953028678894,-1,-1,-1
127,4,2710.769775390625,595.9208374023438,29.023681640625,56.14495849609375,0.5589435696601868,-1,-1,-1
127,127,3250.2509765625,548.7723388671875,18.8984375,37.17193603515625,0.3637012839317322,-1,-1,-1
128,1,2804.994140625,665.3016357421875,31.673828125,75.2911376953125,0.5972180962562561,-1,-1,-1
128,6,3920.912353515625,801.25439453125,49.35546875,107.7103271484375,0.6468434929847717,-1,-1,-1
128,8,2268.87353515625,713.55224609375,37.98291015625,83.6103515625,0.7097371816635132,-1,-1,-1
128,23,2644.920654296875,586.0572509765625,25.414794921875,54.65057373046875,0.28424158692359924,-1,-1,-1
128,104,3666.2216796875,584.6719360351562,16.60693359375,42.8851318359375,0.418188214302063,-1,-1,-1
128,99,3578.25390625,625.0467529296875,23.6337890625,63.39312744140625,0.6804201006889343,-1,-1,-1
128,15,3631.871826171875,572.1925048828125,19.555419921875,49.4581298828125,0.5214166641235352,-1,-1,-1
128,211,4073.377685546875,546.2989501953125,15.875244140625,35.38238525390625,0.3809509873390198,-1,-1,-1
128,5,2955.293212890625,591.0797729492188,23.356689453125,52.3043212890625,0.5010150671005249,-1,-1,-1
128,4,2711.488037109375,595.32275390625,31.376708984375,55.93389892578125,0.4315853416919708,-1,-1,-1
128,127,3253.579345703125,548.5359497070312,18.5166015625,37.26568603515625,0.4010339379310608,-1,-1,-1
128,2,3515.465576171875,639.0467529296875,30.728759765625,51.66131591796875,0.3528340458869934,-1,-1,-1
129,1,2806.196533203125,665.0374145507812,36.34375,74.29083251953125,0.6857933402061462,-1,-1,-1
129,6,3919.073974609375,800.3701782226562,52.692138671875,108.79376220703125,0.6532329320907593,-1,-1,-1
129,8,2272.72265625,712.0798950195312,41.009765625,84.9029541015625,0.7240480780601501,-1,-1,-1
129,23,2648.823974609375,587.9758911132812,24.208740234375,51.77947998046875,0.3932521641254425,-1,-1,-1
129,104,3666.292724609375,583.4873657226562,16.73681640625,43.46697998046875,0.43942973017692566,-1,-1,-1
129,99,3584.31884765625,624.56884765625,21.225830078125,63.88555908203125,0.6346777081489563,-1,-1,-1
129,15,3632.374267578125,571.8087768554688,19.952392578125,50.22515869140625,0.5263502597808838,-1,-1,-1
129,211,4074.104736328125,545.011962890625,15.8203125,38.27227783203125,0.471891850233078,-1,-1,-1
129,5,2956.75146484375,588.7825317382812,25.571533203125,54.8050537109375,0.5106192231178284,-1,-1,-1
129,4,2718.35986328125,594.6513671875,30.641357421875,56.20220947265625,0.39506009221076965,-1,-1,-1
129,127,3256.80810546875,546.7274780273438,18.293212890625,40.04620361328125,0.4411226511001587,-1,-1,-1
129,2,3522.912353515625,639.388427734375,26.087646484375,50.9925537109375,0.3907526731491089,-1,-1,-1
129,98,3170.65625,535.3575439453125,16.238525390625,33.04541015625,0.4247070848941803,-1,-1,-1
130,1,2807.508056640625,664.3758544921875,39.49755859375,73.94708251953125,0.7403469085693359,-1,-1,-1
130,6,3918.5126953125,800.8135986328125,56.707275390625,107.16619873046875,0.6805987358093262,-1,-1,-1
130,8,2273.9560546875,709.7496337890625,46.41064453125,88.07281494140625,0.7148953676223755,-1,-1,-1
130,23,2651.23291015625,586.8870849609375,26.40478515625,53.25836181640625,0.45436492562294006,-1,-1,-1
130,104,3665.487548828125,583.1587524414062,18.13916015625,43.58233642578125,0.4320768713951111,-1,-1,-1
130,99,3589.169677734375,625.9241943359375,25.495849609375,58.60107421875,0.4043648838996887,-1,-1,-1
130,15,3634.187255859375,572.1529541015625,19.1357421875,45.1029052734375,0.4105253517627716,-1,-1,-1
130,211,4074.719482421875,544.9735107421875,16.974365234375,38.859375,0.4236065745353699,-1,-1,-1
130,5,2959.88916015625,588.1259155273438,26.7275390625,55.02593994140625,0.44122347235679626,-1,-1,-1
130,4,2721.810791015625,593.8812255859375,31.63720703125,56.33282470703125,0.37918969988822937,-1,-1,-1
130,127,3259.773193359375,546.134765625,16.880126953125,38.6314697265625,0.3520527482032776,-1,-1,-1
130,2,3530.5322265625,639.795654296875,26.164306640625,56.12310791015625,0.3719066381454468,-1,-1,-1
130,98,3173.636474609375,533.0032348632812,16.177734375,31.06964111328125,0.4470868408679962,-1,-1,-1
131,1,2808.611083984375,662.7302856445312,43.72412109375,74.095458984375,0.6745047569274902,-1,-1,-1
131,6,3920.961669921875,800.8967895507812,59.615234375,107.43829345703125,0.6304020881652832,-1,-1,-1
131,8,2276.724609375,707.242431640625,50.22216796875,89.843994140625,0.6522310376167297,-1,-1,-1
131,23,2657.344970703125,587.5701904296875,24.318115234375,52.82666015625,0.6159063577651978,-1,-1,-1
131,104,3664.705078125,581.8367919921875,18.84814453125,45.12689208984375,0.4092930555343628,-1,-1,-1
131,99,3592.130615234375,625.8594970703125,28.566162109375,59.170654296875,0.48824968934059143,-1,-1,-1
131,15,3634.704345703125,572.896240234375,20.18505859375,45.95819091796875,0.38547009229660034,-1,-1,-1
131,211,4074.947265625,547.8029174804688,18.12939453125,36.08880615234375,0.339273065328598,-1,-1,-1
131,5,2962.24951171875,588.0616455078125,26.46240234375,54.9608154296875,0.28692543506622314,-1,-1,-1
131,4,2728.12646484375,594.0340576171875,28.47412109375,56.73284912109375,0.5057073831558228,-1,-1,-1
131,127,3261.77197265625,546.387939453125,16.2109375,38.37237548828125,0.39002254605293274,-1,-1,-1
131,2,3534.134521484375,637.8174438476562,27.275634765625,59.21160888671875,0.32972097396850586,-1,-1,-1
131,98,3177.523681640625,528.8745727539062,15.381103515625,31.6822509765625,0.4444052577018738,-1,-1,-1
132,1,2813.214599609375,660.8018188476562,44.6875,73.86090087890625,0.6516091823577881,-1,-1,-1
132,6,3925.70703125,801.0305786132812,60.609375,107.85382080078125,0.6932772994041443,-1,-1,-1
132,8,2278.980224609375,704.7557983398438,55.264404296875,92.45599365234375,0.6795547008514404,-1,-1,-1
132,23,2662.31201171875,586.0501708984375,22.474853515625,54.147216796875,0.6642034649848938,-1,-1,-1
132,104,3663.935791015625,578.8005981445312,19.642822265625,48.22711181640625,0.4349854290485382,-1,-1,-1
132,99,3595.767333984375,625.7636108398438,29.716796875,60.08148193359375,0.5691711902618408,-1,-1,-1
132,15,3635.31884765625,571.5345458984375,21.28271484375,47.260986328125,0.3864050805568695,-1,-1,-1
132,4,2733.279541015625,594.3793334960938,26.712890625,55.67626953125,0.5704553127288818,-1,-1,-1
132,127,3262.667724609375,546.20849609375,17.455810546875,39.07073974609375,0.32434865832328796,-1,-1,-1
132,2,3538.4716796875,637.7415771484375,26.765625,56.851318359375,0.3923097848892212,-1,-1,-1
132,98,3179.984619140625,526.8635864257812,14.9052734375,32.87359619140625,0.3944224417209625,-1,-1,-1
133,1,2815.695556640625,660.6113891601562,46.746826171875,72.8040771484375,0.5755583643913269,-1,-1,-1
133,6,3928.57958984375,801.3383178710938,59.86181640625,108.1533203125,0.706100583076477,-1,-1,-1
133,8,2281.767333984375,703.9846801757812,58.94482421875,91.8389892578125,0.7380645275115967,-1,-1,-1
133,23,2665.687255859375,584.4716186523438,24.126708984375,54.9462890625,0.44810572266578674,-1,-1,-1
133,104,3663.4111328125,576.799560546875,20.5078125,50.90338134765625,0.45531222224235535,-1,-1,-1
133,99,3601.38525390625,625.6630859375,29.990478515625,59.7122802734375,0.6342272758483887,-1,-1,-1
133,15,3636.982421875,569.8858032226562,20.35009765625,46.06036376953125,0.3690599799156189,-1,-1,-1
133,4,2735.924560546875,595.3359985351562,26.4130859375,52.8394775390625,0.5900631546974182,-1,-1,-1
133,2,3541.843994140625,637.8812866210938,28.78955078125,57.46124267578125,0.4823923408985138,-1,-1,-1
133,98,3181.63134765625,526.1904907226562,17.166015625,34.77423095703125,0.29477909207344055,-1,-1,-1
133,5,2970.683349609375,592.1536254882812,24.602294921875,48.18585205078125,0.34118229150772095,-1,-1,-1
134,1,2819.983642578125,660.71484375,45.34033203125,73.4112548828125,0.577039897441864,-1,-1,-1
134,6,3930.659423828125,803.12451171875,59.791015625,107.232666015625,0.7240462899208069,-1,-1,-1
134,8,2287.120361328125,704.2123413085938,58.44482421875,90.75341796875,0.6291326284408569,-1,-1,-1
134,23,2670.481201171875,584.2459106445312,26.113525390625,53.81146240234375,0.2827579081058502,-1,-1,-1
134,104,3662.6806640625,574.6093139648438,21.182861328125,53.30126953125,0.4581162929534912,-1,-1,-1
134,99,3604.8330078125,624.962158203125,30.082763671875,55.87042236328125,0.5993040800094604,-1,-1,-1
134,15,3637.58056640625,568.3392944335938,21.106201171875,50.32061767578125,0.32710686326026917,-1,-1,-1
134,4,2739.168701171875,595.1622314453125,26.239990234375,52.0311279296875,0.5768597722053528,-1,-1,-1
134,2,3546.112060546875,637.1600952148438,29.559814453125,58.30224609375,0.537947952747345,-1,-1,-1
134,5,2973.38720703125,593.14306640625,23.71533203125,46.674072265625,0.42287057638168335,-1,-1,-1
135,1,2826.221435546875,660.0431518554688,43.10400390625,75.26947021484375,0.71492600440979,-1,-1,-1
135,6,3933.992919921875,805.3876953125,58.5859375,104.81951904296875,0.7560509443283081,-1,-1,-1
135,8,2295.5,705.9163818359375,55.292724609375,89.31719970703125,0.6811528205871582,-1,-1,-1
135,23,2675.51953125,584.568603515625,23.912353515625,50.4892578125,0.3483724296092987,-1,-1,-1
135,104,3662.529052734375,573.4174194335938,21.099609375,54.326904296875,0.41718336939811707,-1,-1,-1
135,99,3609.644775390625,624.6699829101562,30.197998046875,54.4544677734375,0.5026636123657227,-1,-1,-1
135,15,3637.99560546875,568.0859985351562,20.94970703125,51.9652099609375,0.29168790578842163,-1,-1,-1
135,4,2743.669189453125,595.0546875,25.87890625,51.76568603515625,0.4998253583908081,-1,-1,-1
135,2,3554.62841796875,636.56591796875,25.907470703125,54.62481689453125,0.5231278538703918,-1,-1,-1
135,5,2979.507568359375,593.36083984375,20.220947265625,48.34100341796875,0.5716326832771301,-1,-1,-1
136,1,2832.910888671875,661.2261352539062,39.904541015625,74.290283203125,0.6938372254371643,-1,-1,-1
136,6,3937.29052734375,806.462646484375,58.11083984375,102.87176513671875,0.7543336153030396,-1,-1,-1
136,8,2304.470947265625,707.2296752929688,51.00732421875,88.0474853515625,0.7103757262229919,-1,-1,-1
136,23,2681.4140625,582.768310546875,23.563720703125,49.26666259765625,0.3054047226905823,-1,-1,-1
136,104,3661.33349609375,572.5238647460938,22.358154296875,54.497314453125,0.35402217507362366,-1,-1,-1
136,99,3617.2705078125,624.878662109375,28.2373046875,56.76031494140625,0.4946593940258026,-1,-1,-1
136,15,3638.050048828125,567.4091796875,21.658935546875,52.323486328125,0.2526993453502655,-1,-1,-1
136,2,3559.604248046875,636.0581665039062,24.36181640625,53.6585693359375,0.46552222967147827,-1,-1,-1
136,5,2983.22607421875,591.2092895507812,21.689208984375,50.1668701171875,0.5675201416015625,-1,-1,-1
136,210,3360.041748046875,546.1159057617188,18.634765625,32.1495361328125,0.3775245249271393,-1,-1,-1
137,1,2843.930419921875,661.5579223632812,33.71435546875,73.44189453125,0.7200174927711487,-1,-1,-1
137,6,3939.6611328125,806.8319702148438,58.986083984375,101.32342529296875,0.7479954361915588,-1,-1,-1
137,8,2316.298583984375,708.19482421875,43.36767578125,85.4559326171875,0.742303192615509,-1,-1,-1
137,23,2687.2373046875,581.0576171875,23.380126953125,51.5458984375,0.41682425141334534,-1,-1,-1
137,104,3658.406982421875,571.6612548828125,24.947509765625,49.899169921875,0.32250046730041504,-1,-1,-1
137,99,3624.33935546875,625.3474731445312,23.9453125,57.0150146484375,0.5707526206970215,-1,-1,-1
137,2,3564.82666015625,635.7332153320312,25.43603515625,54.3184814453125,0.3859614431858063,-1,-1,-1
137,5,2986.407470703125,590.1184692382812,21.510009765625,51.33795166015625,0.5601175427436829,-1,-1,-1
137,210,3361.853759765625,545.2547607421875,20.386962890625,33.20697021484375,0.40804100036621094,-1,-1,-1
137,4,2750.818359375,593.8229370117188,27.783935546875,51.4046630859375,0.29331642389297485,-1,-1,-1
138,1,2851.656005859375,660.9050903320312,29.16552734375,72.54058837890625,0.5690208673477173,-1,-1,-1
138,6,3941.402099609375,806.3213500976562,60.267333984375,101.72930908203125,0.8052226901054382,-1,-1,-1
138,8,2326.09423828125,706.7293090820312,38.478759765625,85.9013671875,0.7569579482078552,-1,-1,-1
138,23,2690.501953125,580.0008544921875,23.701171875,50.02716064453125,0.430172860622406,-1,-1,-1
138,104,3657.35595703125,571.5259399414062,25.919677734375,46.3519287109375,0.3233572542667389,-1,-1,-1
138,99,3629.96875,624.7266845703125,23.239990234375,56.6568603515625,0.6287931203842163,-1,-1,-1
138,2,3570.59326171875,635.9898071289062,23.236572265625,53.5103759765625,0.3960497975349426,-1,-1,-1
138,5,2988.52978515625,589.58984375,23.908447265625,51.475341796875,0.4771571457386017,-1,-1,-1
138,210,3363.875,544.9853515625,20.0205078125,30.56268310546875,0.2890918552875519,-1,-1,-1
138,4,2752.977783203125,592.0352783203125,28.7275390625,54.37451171875,0.3770314157009125,-1,-1,-1
139,1,2853.32080078125,661.024169921875,33.080322265625,72.1077880859375,0.5416381359100342,-1,-1,-1
139,6,3943.4833984375,806.1365966796875,58.371826171875,101.22442626953125,0.7915778160095215,-1,-1,-1
139,8,2329.45703125,705.2273559570312,41.025146484375,86.9698486328125,0.6616542339324951,-1,-1,-1
139,23,2692.249755859375,577.4403076171875,26.754150390625,52.5460205078125,0.3235153555870056,-1,-1,-1
139,104,3654.1298828125,571.4407348632812,28.4580078125,46.34625244140625,0.2936805486679077,-1,-1,-1
139,99,3633.733154296875,625.2935791015625,23.73974609375,56.3880615234375,0.59148108959198,-1,-1,-1
139,2,3575.33935546875,634.9295043945312,22.198974609375,54.59454345703125,0.4779697358608246,-1,-1,-1
139,5,2990.087646484375,588.2282104492188,26.3408203125,53.99420166015625,0.3144869804382324,-1,-1,-1
139,210,3365.5146484375,543.8793334960938,19.747314453125,30.71697998046875,0.279959112405777,-1,-1,-1
139,4,2755.67919921875,590.2169799804688,31.3076171875,54.665283203125,0.4063965976238251,-1,-1,-1
140,1,2855.177734375,658.9644165039062,36.767333984375,76.15875244140625,0.674560546875,-1,-1,-1
140,6,3946.635498046875,804.9984741210938,56.2685546875,102.47674560546875,0.7911904454231262,-1,-1,-1
140,8,2333.3671875,703.3726196289062,43.53125,89.12860107421875,0.7685785293579102,-1,-1,-1
140,23,2695.69775390625,578.512939453125,28.558349609375,54.17669677734375,0.35431262850761414,-1,-1,-1
140,104,3651.562255859375,570.8228149414062,31.10498046875,46.352294921875,0.2604215145111084,-1,-1,-1
140,99,3638.206298828125,624.5420532226562,23.218994140625,53.60589599609375,0.46902114152908325,-1,-1,-1
140,2,3580.435546875,632.4845581054688,21.13427734375,61.14093017578125,0.5217865109443665,-1,-1,-1
140,5,2994.279052734375,587.0450439453125,27.5263671875,54.5411376953125,0.3731820285320282,-1,-1,-1
140,210,3365.234375,542.3939819335938,20.960693359375,31.88714599609375,0.27968254685401917,-1,-1,-1
140,4,2760.0556640625,589.8380126953125,30.248291015625,52.47906494140625,0.45208629965782166,-1,-1,-1
140,127,3282.579833984375,541.2352905273438,18.17333984375,37.404052734375,0.31322866678237915,-1,-1,-1
141,1,2857.7431640625,658.03271484375,40.5673828125,76.11370849609375,0.7465498447418213,-1,-1,-1
141,6,3949.704833984375,803.9898071289062,54.042724609375,102.8494873046875,0.7748478055000305,-1,-1,-1
141,8,2336.6875,702.1099853515625,45.5341796875,89.64190673828125,0.7636157870292664,-1,-1,-1
141,23,2702.59814453125,578.5524291992188,24.1962890625,54.16455078125,0.4570101201534271,-1,-1,-1
141,2,3584.53759765625,630.1732177734375,21.771484375,64.87091064453125,0.5536290407180786,-1,-1,-1
141,5,2997.597412109375,587.3160400390625,27.009765625,51.08026123046875,0.38194558024406433,-1,-1,-1
141,4,2763.14013671875,589.4727783203125,29.635986328125,51.97100830078125,0.4724038243293762,-1,-1,-1
142,1,2859.6103515625,657.7042236328125,44.786865234375,75.8798828125,0.7026959657669067,-1,-1,-1
142,6,3953.752685546875,804.2450561523438,51.40966796875,102.74658203125,0.7480849623680115,-1,-1,-1
142,8,2342.138427734375,701.2429809570312,46.637939453125,89.7930908203125,0.760080873966217,-1,-1,-1
142,23,2708.271240234375,577.2958984375,21.48095703125,55.5596923828125,0.5034254193305969,-1,-1,-1
142,2,3587.462890625,629.4537353515625,23.591064453125,63.83038330078125,0.4701515734195709,-1,-1,-1
142,5,3001.348388671875,587.1083984375,24.395751953125,46.79461669921875,0.42471638321876526,-1,-1,-1
142,4,2766.6875,588.6724853515625,29.591796875,52.5736083984375,0.44088083505630493,-1,-1,-1
142,253,4088.8984375,543.3056640625,17.77978515625,31.59906005859375,0.3291110694408417,-1,-1,-1
142,99,3645.97314453125,596.539794921875,29.25146484375,78.66033935546875,0.4745101034641266,-1,-1,-1
143,1,2862.29296875,657.3676147460938,45.888916015625,74.691162109375,0.6732569932937622,-1,-1,-1
143,6,3955.705322265625,804.2902221679688,50.35546875,103.24981689453125,0.7240689992904663,-1,-1,-1
143,8,2347.117431640625,702.2969360351562,47.803955078125,88.36151123046875,0.7535285353660583,-1,-1,-1
143,23,2712.874755859375,576.6895141601562,21.0107421875,56.73211669921875,0.5537740588188171,-1,-1,-1
143,2,3589.257080078125,628.201904296875,28.4609375,63.06292724609375,0.4345487058162689,-1,-1,-1
143,5,3005.144775390625,587.2948608398438,22.698974609375,44.43280029296875,0.45323219895362854,-1,-1,-1
143,4,2770.344970703125,588.0922241210938,28.032958984375,53.1624755859375,0.3871538043022156,-1,-1,-1
143,253,4089.678466796875,543.1702880859375,17.859619140625,31.54193115234375,0.3086082637310028,-1,-1,-1
143,257,3414.171875,530.52587890625,22.764892578125,46.94671630859375,0.3640182614326477,-1,-1,-1
143,99,3649.392333984375,598.43896484375,29.39599609375,75.6732177734375,0.514885663986206,-1,-1,-1
143,127,3288.453369140625,538.0856323242188,17.044677734375,42.59381103515625,0.41339585185050964,-1,-1,-1
144,1,2868.635986328125,657.982177734375,42.518310546875,73.96392822265625,0.643940806388855,-1,-1,-1
144,6,3957.105712890625,803.7656860351562,51.00732421875,103.4635009765625,0.6589425802230835,-1,-1,-1
144,8,2353.387939453125,701.7783203125,46.472900390625,86.90753173828125,0.6531775593757629,-1,-1,-1
144,23,2715.39892578125,574.8997192382812,22.480224609375,56.79376220703125,0.5086693167686462,-1,-1,-1
144,2,3592.376953125,629.1678466796875,29.785400390625,57.38250732421875,0.4359376132488251,-1,-1,-1
144,5,3009.953857421875,587.8450317382812,21.05517578125,45.13995361328125,0.489170104265213,-1,-1,-1
144,4,2777.126708984375,588.558349609375,25.61669921875,55.525390625,0.4278445541858673,-1,-1,-1
144,253,4090.975341796875,542.8291625976562,17.454345703125,31.86773681640625,0.26394450664520264,-1,-1,-1
144,257,3417.937255859375,527.7427978515625,19.99609375,48.97857666015625,0.35229384899139404,-1,-1,-1
144,99,3651.82470703125,578.28369140625,31.85498046875,94.9464111328125,0.5756158232688904,-1,-1,-1
145,1,2879.042236328125,657.3352661132812,36.685791015625,75.23583984375,0.5502799153327942,-1,-1,-1
145,6,3958.536376953125,803.75244140625,50.493408203125,103.2581787109375,0.5842719674110413,-1,-1,-1
145,8,2359.517578125,701.6265869140625,45.659423828125,86.52783203125,0.6404528617858887,-1,-1,-1
145,23,2718.918212890625,576.2578735351562,24.637939453125,52.9298095703125,0.4098585546016693,-1,-1,-1
145,2,3596.749267578125,628.3395385742188,30.130859375,54.588134765625,0.40482887625694275,-1,-1,-1
145,5,3012.15380859375,588.0015258789062,20.8837890625,45.115234375,0.46607303619384766,-1,-1,-1
145,4,2779.8876953125,589.6572265625,26.7861328125,54.82470703125,0.3627389967441559,-1,-1,-1
145,253,4091.7666015625,543.1004638671875,18.966796875,31.07659912109375,0.30798378586769104,-1,-1,-1
145,99,3656.18603515625,571.4434204101562,30.46533203125,101.93115234375,0.4668926000595093,-1,-1,-1
145,261,3217.55810546875,524.0430908203125,22.050048828125,48.94635009765625,0.3843797743320465,-1,-1,-1
146,1,2888.69873046875,658.9457397460938,28.880126953125,73.7547607421875,0.48420771956443787,-1,-1,-1
146,6,3962.133544921875,803.5899047851562,49.7099609375,103.4976806640625,0.6412801146507263,-1,-1,-1
146,8,2370.32958984375,703.1784057617188,39.832763671875,85.72418212890625,0.7026710510253906,-1,-1,-1
146,23,2723.166748046875,574.616455078125,25.3310546875,52.82427978515625,0.41263797879219055,-1,-1,-1
146,2,3602.14794921875,626.449462890625,27.8037109375,54.3477783203125,0.44822728633880615,-1,-1,-1
146,5,3016.3173828125,588.1599731445312,19.236083984375,46.8944091796875,0.5084477066993713,-1,-1,-1
146,4,2785.4912109375,589.0405883789062,24.71044921875,54.064208984375,0.3278895616531372,-1,-1,-1
146,253,4093.392822265625,543.1683349609375,18.863525390625,31.08868408203125,0.3143846094608307,-1,-1,-1
146,99,3658.82763671875,568.2911987304688,29.41748046875,105.728759765625,0.4139866530895233,-1,-1,-1
146,261,3219.622314453125,523.8199462890625,20.37255859375,47.81842041015625,0.41182196140289307,-1,-1,-1
147,1,2894.4892578125,658.6658325195312,28.619384765625,74.48193359375,0.6227900981903076,-1,-1,-1
147,6,3964.034423828125,803.8502807617188,49.845947265625,103.05328369140625,0.6582769155502319,-1,-1,-1
147,8,2378.710205078125,703.4072265625,34.89892578125,84.54266357421875,0.7787760496139526,-1,-1,-1
147,23,2728.266845703125,573.7140502929688,24.626708984375,49.92584228515625,0.40479958057403564,-1,-1,-1
147,2,3607.485595703125,624.47705078125,25.074462890625,55.95928955078125,0.5600687861442566,-1,-1,-1
147,4,2788.86767578125,588.609375,25.55322265625,52.80609130859375,0.4048108160495758,-1,-1,-1
147,253,4094.63623046875,543.6417846679688,18.86865234375,30.93408203125,0.4067639410495758,-1,-1,-1
147,99,3661.546630859375,587.2841796875,29.657958984375,86.720458984375,0.4127950370311737,-1,-1,-1
147,261,3222.743896484375,523.5753173828125,17.808837890625,46.2589111328125,0.41859257221221924,-1,-1,-1
148,1,2899.088623046875,658.726318359375,29.040771484375,74.3941650390625,0.6332926750183105,-1,-1,-1
148,6,3967.5576171875,803.9298706054688,48.11181640625,102.703857421875,0.7087833285331726,-1,-1,-1
148,8,2384.189453125,703.463623046875,35.627197265625,82.787109375,0.6503075957298279,-1,-1,-1
148,23,2732.454833984375,572.8079833984375,25.489990234375,47.11676025390625,0.4733062982559204,-1,-1,-1
148,2,3612.539306640625,625.1111450195312,24.700927734375,55.2093505859375,0.47034433484077454,-1,-1,-1
148,4,2793.166259765625,587.7440185546875,24.252685546875,52.8316650390625,0.5457899570465088,-1,-1,-1
148,253,4095.460205078125,543.4061279296875,19.339111328125,31.15966796875,0.42175766825675964,-1,-1,-1
148,261,3223.66943359375,523.3484497070312,17.44287109375,47.5491943359375,0.4660687744617462,-1,-1,-1
149,1,2900.564208984375,657.6329956054688,33.41650390625,74.27520751953125,0.5406392812728882,-1,-1,-1
149,6,3968.284912109375,803.9570922851562,51.022705078125,102.87139892578125,0.7473970651626587,-1,-1,-1
149,8,2385.9853515625,703.7957153320312,41.44580078125,82.5955810546875,0.6025216579437256,-1,-1,-1
149,23,2737.161865234375,571.9901733398438,25.15087890625,51.79290771484375,0.5719358921051025,-1,-1,-1
149,2,3615.13037109375,626.8672485351562,25.200439453125,54.1883544921875,0.2964033782482147,-1,-1,-1
149,4,2793.144775390625,583.9457397460938,29.621826171875,57.1549072265625,0.5531309843063354,-1,-1,-1
149,253,4095.9306640625,543.0872192382812,19.78369140625,31.46722412109375,0.4373026192188263,-1,-1,-1
149,261,3225.092529296875,522.9532470703125,18.044677734375,48.6060791015625,0.4226444959640503,-1,-1,-1
149,99,3674.072021484375,612.3436889648438,25.806640625,62.84259033203125,0.4760077893733978,-1,-1,-1
150,1,2901.95703125,657.114501953125,37.740966796875,73.8843994140625,0.6018355488777161,-1,-1,-1
150,6,3970.65869140625,803.744140625,51.671142578125,103.50732421875,0.7621485590934753,-1,-1,-1
150,8,2387.694580078125,700.7913818359375,45.84619140625,85.79949951171875,0.7041332125663757,-1,-1,-1
150,23,2740.23095703125,573.0365600585938,24.322509765625,52.61651611328125,0.5327866673469543,-1,-1,-1
150,2,3620.05419921875,625.6619262695312,25.4970703125,54.81707763671875,0.471211701631546,-1,-1,-1
150,4,2792.70556640625,583.9701538085938,32.8427734375,57.67669677734375,0.47623342275619507,-1,-1,-1
150,253,4096.45556640625,543.0243530273438,20.4501953125,30.783447265625,0.37794408202171326,-1,-1,-1
150,261,3227.0107421875,521.2339477539062,17.95751953125,49.41583251953125,0.5003906488418579,-1,-1,-1
150,99,3679.536376953125,619.9390258789062,22.255126953125,52.19207763671875,0.6280141472816467,-1,-1,-1
150,104,3647.51513671875,555.4788818359375,36.587890625,53.72906494140625,0.2911519706249237,-1,-1,-1
150,5,3027.899658203125,583.0501708984375,21.796142578125,45.9005126953125,0.34699365496635437,-1,-1,-1
151,1,2905.298095703125,654.4721069335938,39.382568359375,76.195068359375,0.5937052965164185,-1,-1,-1
151,6,3974.5048828125,803.41064453125,51.646240234375,103.1661376953125,0.758672297000885,-1,-1,-1
151,8,2388.572021484375,699.8283081054688,52.98828125,87.46630859375,0.7287247180938721,-1,-1,-1
151,23,2745.263671875,572.9620361328125,23.34765625,52.7138671875,0.48197582364082336,-1,-1,-1
151,2,3624.929931640625,623.9564208984375,25.5986328125,54.99212646484375,0.49947044253349304,-1,-1,-1
151,4,2796.3642578125,585.271240234375,35.315673828125,56.7587890625,0.33159345388412476,-1,-1,-1
151,253,4098.19677734375,542.6903076171875,18.814453125,31.37481689453125,0.4157049357891083,-1,-1,-1
151,261,3228.30615234375,519.5829467773438,18.654296875,52.05517578125,0.5195196270942688,-1,-1,-1
151,99,3681.4501953125,618.9702758789062,25.4892578125,51.92596435546875,0.6105085611343384,-1,-1,-1
151,5,3032.03076171875,582.1635131835938,20.263427734375,44.81671142578125,0.4249940514564514,-1,-1,-1
152,1,2907.22607421875,653.4671020507812,44.41650390625,76.01312255859375,0.6225049495697021,-1,-1,-1
152,6,3977.4375,802.1193237304688,52.73193359375,105.084228515625,0.7689357995986938,-1,-1,-1
152,8,2389.93505859375,698.06103515625,60.68603515625,89.43255615234375,0.7181900143623352,-1,-1,-1
152,2,3628.678955078125,624.172607421875,26.636474609375,55.55010986328125,0.5486202239990234,-1,-1,-1
152,4,2804.552978515625,586.0576171875,31.84521484375,56.23565673828125,0.40260568261146545,-1,-1,-1
152,253,4099.90478515625,541.053955078125,17.29541015625,33.181396484375,0.4222457706928253,-1,-1,-1
152,261,3230.149658203125,518.9576416015625,18.97216796875,52.16778564453125,0.5794340968132019,-1,-1,-1
152,99,3684.899169921875,619.739013671875,26.060546875,50.94873046875,0.6305315494537354,-1,-1,-1
152,5,3035.450439453125,582.603515625,20.260009765625,44.7635498046875,0.4592466354370117,-1,-1,-1
153,1,2913.58935546875,652.2609252929688,43.233154296875,75.326416015625,0.6319019198417664,-1,-1,-1
153,6,3979.486328125,802.195068359375,52.532958984375,105.2437744140625,0.7738102674484253,-1,-1,-1
153,8,2394.67919921875,696.5584106445312,60.63330078125,89.0185546875,0.6376293897628784,-1,-1,-1
153,2,3632.86328125,624.998046875,24.952880859375,53.2275390625,0.5692957639694214,-1,-1,-1
153,4,2809.77001953125,586.0517578125,29.91796875,55.92144775390625,0.4175301790237427,-1,-1,-1
153,253,4100.9072265625,540.0266723632812,16.76513671875,33.66986083984375,0.3691578209400177,-1,-1,-1
153,261,3232.272705078125,518.7959594726562,20.73388671875,51.0072021484375,0.5001223087310791,-1,-1,-1
153,99,3688.571533203125,616.5702514648438,24.3681640625,51.7021484375,0.5934751629829407,-1,-1,-1
153,5,3039.22705078125,582.8797607421875,19.39697265625,45.165283203125,0.5136931538581848,-1,-1,-1
153,23,2753.9677734375,574.2671508789062,23.8427734375,49.51019287109375,0.36104217171669006,-1,-1,-1
154,1,2923.0947265625,650.9732666015625,37.86181640625,75.42169189453125,0.6674882173538208,-1,-1,-1
154,6,3981.23779296875,802.62353515625,53.3447265625,106.16094970703125,0.7613545060157776,-1,-1,-1
154,8,2403.648681640625,697.1219482421875,57.2392578125,87.46722412109375,0.6008801460266113,-1,-1,-1
154,2,3634.367919921875,623.6715698242188,27.85791015625,51.48345947265625,0.5697318315505981,-1,-1,-1
154,4,2815.22998046875,587.0227661132812,27.21826171875,53.61322021484375,0.4621439576148987,-1,-1,-1
154,253,4101.4267578125,540.4298706054688,16.13427734375,32.7596435546875,0.42225345969200134,-1,-1,-1
154,261,3233.3837890625,519.485595703125,22.291748046875,50.1070556640625,0.4610282778739929,-1,-1,-1
154,99,3692.32080078125,615.485595703125,24.063720703125,51.5609130859375,0.5275490880012512,-1,-1,-1
154,5,3041.529296875,583.13818359375,20.138671875,44.772705078125,0.46355724334716797,-1,-1,-1
154,270,3109.259521484375,511.5790100097656,12.183349609375,23.567657470703125,0.440071702003479,-1,-1,-1
154,23,2759.3720703125,574.19921875,21.3408203125,45.59332275390625,0.5031757950782776,-1,-1,-1
155,1,2922.98876953125,652.810791015625,41.866455078125,72.81378173828125,0.5765697956085205,-1,-1,-1
155,6,3984.51806640625,803.1351318359375,52.24267578125,106.90740966796875,0.7711724042892456,-1,-1,-1
155,8,2412.80078125,699.2743530273438,51.533935546875,84.733154296875,0.7070724368095398,-1,-1,-1
155,2,3637.507080078125,622.317626953125,28.84619140625,50.028076171875,0.5017062425613403,-1,-1,-1
155,4,2819.513916015625,587.1995239257812,24.7041015625,53.6240234375,0.5170641541481018,-1,-1,-1
155,253,4101.8095703125,539.7528076171875,16.51953125,34.03558349609375,0.38827311992645264,-1,-1,-1
155,261,3234.343505859375,521.8218383789062,23.382568359375,48.31988525390625,0.29299646615982056,-1,-1,-1
155,99,3695.110107421875,616.7460327148438,24.804931640625,50.37481689453125,0.519553005695343,-1,-1,-1
155,5,3044.466796875,584.9745483398438,21.469970703125,44.87066650390625,0.3644017279148102,-1,-1,-1
155,23,2762.271728515625,572.5579223632812,22.540771484375,48.50152587890625,0.5141038298606873,-1,-1,-1
156,1,2932.345458984375,653.2059326171875,35.9111328125,70.4710693359375,0.4931146502494812,-1,-1,-1
156,6,3988.326416015625,804.179443359375,49.20361328125,105.576171875,0.8077380061149597,-1,-1,-1
156,8,2426.81982421875,699.7749633789062,42.314208984375,83.479248046875,0.7913446426391602,-1,-1,-1
156,2,3641.323974609375,622.5416259765625,29.265869140625,51.6474609375,0.40252190828323364,-1,-1,-1
156,4,2823.11376953125,586.172607421875,24.466552734375,52.52813720703125,0.5559544563293457,-1,-1,-1
156,253,4101.966796875,539.619873046875,16.5078125,34.03009033203125,0.34533441066741943,-1,-1,-1
156,261,3234.64404296875,523.9686889648438,24.493408203125,44.39410400390625,0.2612607777118683,-1,-1,-1
156,99,3698.87890625,616.0986328125,23.485107421875,51.2921142578125,0.525767982006073,-1,-1,-1
156,23,2765.873291015625,570.3731079101562,23.172607421875,49.7841796875,0.5184178352355957,-1,-1,-1
157,1,2941.022216796875,652.872802734375,30.472412109375,72.05108642578125,0.5087143778800964,-1,-1,-1
157,6,3990.266357421875,804.6734008789062,48.66259765625,105.4267578125,0.8108763098716736,-1,-1,-1
157,8,2436.1201171875,700.127197265625,38.91259765625,82.84063720703125,0.704984188079834,-1,-1,-1
157,2,3647.200927734375,623.7590942382812,26.74267578125,52.1182861328125,0.3928658068180084,-1,-1,-1
157,4,2826.9306640625,583.8734130859375,24.098876953125,58.8455810546875,0.3596527874469757,-1,-1,-1
157,253,4101.9091796875,540.7644653320312,17.69921875,32.6734619140625,0.34483975172042847,-1,-1,-1
157,99,3701.978759765625,615.9141235351562,23.94482421875,50.446533203125,0.5170390009880066,-1,-1,-1
157,23,2768.2373046875,570.0181884765625,23.686279296875,47.69561767578125,0.48202112317085266,-1,-1,-1
158,1,2949.594482421875,653.7992553710938,26.213134765625,66.046875,0.5328388214111328,-1,-1,-1
158,6,3992.495849609375,804.1072387695312,48.20263671875,106.6461181640625,0.833147406578064,-1,-1,-1
158,8,2442.586669921875,698.2400512695312,37.554931640625,83.7535400390625,0.6654734015464783,-1,-1,-1
158,2,3654.677490234375,623.3860473632812,22.114990234375,50.056640625,0.3437134921550751,-1,-1,-1
158,4,2830.49658203125,580.9090576171875,24.02685546875,57.33563232421875,0.3347649574279785,-1,-1,-1
158,253,4101.96728515625,540.7259521484375,18.7412109375,32.81195068359375,0.3140906095504761,-1,-1,-1
158,99,3704.56787109375,616.4475708007812,22.656982421875,50.39825439453125,0.504284143447876,-1,-1,-1
158,23,2773.499755859375,569.5486450195312,24.134033203125,45.19927978515625,0.4003887176513672,-1,-1,-1
159,1,2949.66162109375,651.9354248046875,31.679443359375,70.46270751953125,0.6146851778030396,-1,-1,-1
159,6,3995.6416015625,803.32763671875,48.142822265625,107.5667724609375,0.8092108964920044,-1,-1,-1
159,8,2447.6640625,697.5792236328125,36.87841796875,85.066650390625,0.7375314831733704,-1,-1,-1
159,2,3660.009765625,623.1727905273438,20.40234375,49.067138671875,0.363308846950531,-1,-1,-1
159,4,2834.905517578125,582.5062255859375,24.250244140625,48.6361083984375,0.36826735734939575,-1,-1,-1
159,99,3706.253662109375,614.521728515625,22.82275390625,52.09423828125,0.5779569149017334,-1,-1,-1
159,23,2778.798583984375,569.171630859375,23.80224609375,45.5333251953125,0.4410931468009949,-1,-1,-1
159,5,3053.7197265625,579.2449340820312,25.519775390625,48.44891357421875,0.39541569352149963,-1,-1,-1
160,1,2948.9521484375,652.0401000976562,37.76904296875,72.4464111328125,0.6663227081298828,-1,-1,-1
160,6,3999.48974609375,803.8093872070312,47.82080078125,106.93499755859375,0.7923328280448914,-1,-1,-1
160,8,2451.1416015625,696.6486206054688,40.3818359375,85.41448974609375,0.7636206746101379,-1,-1,-1
160,2,3662.3671875,621.1004638671875,23.3447265625,51.0247802734375,0.42141449451446533,-1,-1,-1
160,4,2839.4853515625,584.1480712890625,23.632080078125,43.10247802734375,0.40438029170036316,-1,-1,-1
160,99,3709.48388671875,610.9625854492188,22.672119140625,56.66925048828125,0.6625977754592896,-1,-1,-1
160,23,2782.0625,568.0548095703125,24.2509765625,46.31488037109375,0.4429585933685303,-1,-1,-1
160,5,3057.023681640625,578.29638671875,24.98193359375,47.95233154296875,0.44110357761383057,-1,-1,-1
161,1,2953.857666015625,653.7249145507812,36.526611328125,67.9749755859375,0.5933932662010193,-1,-1,-1
161,6,4003.229736328125,802.4442138671875,46.80859375,107.1630859375,0.7722957730293274,-1,-1,-1
161,8,2455.4599609375,694.7393798828125,42.86767578125,87.05548095703125,0.7872936725616455,-1,-1,-1
161,4,2842.781982421875,584.0277709960938,24.58935546875,39.88861083984375,0.4146082103252411,-1,-1,-1
161,99,3713.30029296875,610.1550903320312,22.317626953125,57.40606689453125,0.6421181559562683,-1,-1,-1
161,23,2784.70361328125,567.421875,24.31103515625,46.8297119140625,0.5260201096534729,-1,-1,-1
161,5,3061.05078125,577.2532958984375,25.700927734375,49.9080810546875,0.479705274105072,-1,-1,-1
161,284,3663.731689453125,551.837158203125,31.56103515625,120.63507080078125,0.4739588499069214,-1,-1,-1
162,1,2956.428955078125,653.571533203125,41.617431640625,67.37200927734375,0.47329431772232056,-1,-1,-1
162,6,4006.96337890625,801.27783203125,45.37255859375,108.47955322265625,0.7700157165527344,-1,-1,-1
162,8,2458.24609375,692.9947509765625,47.554931640625,87.93505859375,0.7240081429481506,-1,-1,-1
162,4,2845.163818359375,582.9513549804688,28.117919921875,44.306640625,0.46886804699897766,-1,-1,-1
162,99,3715.57470703125,607.650390625,22.86962890625,58.43865966796875,0.6021180152893066,-1,-1,-1
162,23,2788.6708984375,567.376953125,22.855224609375,46.8828125,0.5762355327606201,-1,-1,-1
162,5,3065.097412109375,577.46337890625,24.454833984375,48.646728515625,0.5287156701087952,-1,-1,-1
162,284,3664.7001953125,547.0353393554688,31.488525390625,125.23565673828125,0.36587125062942505,-1,-1,-1
163,1,2958.502197265625,654.1314697265625,46.51318359375,66.85400390625,0.5313931703567505,-1,-1,-1
163,6,4010.779052734375,801.1106567382812,42.868408203125,107.8248291015625,0.7187162041664124,-1,-1,-1
163,8,2462.6181640625,693.2264404296875,49.46044921875,86.8380126953125,0.6735891103744507,-1,-1,-1
163,4,2848.154052734375,582.3275146484375,28.345458984375,45.62933349609375,0.41524696350097656,-1,-1,-1
163,99,3717.4677734375,606.729248046875,22.824951171875,59.15081787109375,0.5909045338630676,-1,-1,-1
163,23,2793.170166015625,568.0252075195312,21.4931640625,46.60333251953125,0.6414076089859009,-1,-1,-1
163,5,3068.574462890625,580.0264282226562,22.39306640625,45.71295166015625,0.4724739193916321,-1,-1,-1
163,284,3664.748291015625,548.6365966796875,33.869140625,123.5003662109375,0.2884944975376129,-1,-1,-1
163,290,4109.15869140625,543.5888061523438,23.11474609375,31.1610107421875,0.3380318880081177,-1,-1,-1
164,1,2966.903076171875,653.6463012695312,42.40380859375,64.37213134765625,0.5233994126319885,-1,-1,-1
164,6,4013.75927734375,801.3378295898438,40.37158203125,107.82763671875,0.6132531762123108,-1,-1,-1
164,8,2468.0673828125,693.9005126953125,48.6201171875,87.38037109375,0.6680454611778259,-1,-1,-1
164,4,2851.501220703125,581.271728515625,26.935791015625,48.285888671875,0.351523756980896,-1,-1,-1
164,99,3720.79736328125,608.3161010742188,20.792724609375,54.23895263671875,0.5087141394615173,-1,-1,-1
164,23,2797.953857421875,568.220947265625,17.995849609375,45.8909912109375,0.5987730622291565,-1,-1,-1
164,5,3070.8369140625,584.4822387695312,23.1005859375,41.7215576171875,0.29016077518463135,-1,-1,-1
164,290,4110.16650390625,542.69677734375,22.49658203125,32.3739013671875,0.3217315971851349,-1,-1,-1
165,1,2979.341552734375,652.5928344726562,32.985107421875,64.32659912109375,0.5390770435333252,-1,-1,-1
165,6,4015.6298828125,801.6265869140625,40.224853515625,106.725341796875,0.5841206312179565,-1,-1,-1
165,8,2478.62841796875,694.6653442382812,42.22509765625,85.18634033203125,0.7286129593849182,-1,-1,-1
165,99,3721.58154296875,606.4734497070312,22.74072265625,55.847412109375,0.42149507999420166,-1,-1,-1
165,23,2800.697265625,567.5399780273438,18.23779296875,45.638671875,0.5538603067398071,-1,-1,-1
165,290,4111.42578125,542.8419189453125,21.646484375,32.3387451171875,0.262868732213974,-1,-1,-1
165,2,3677.80615234375,614.5350341796875,26.415283203125,53.073486328125,0.34614965319633484,-1,-1,-1
166,1,2982.396240234375,654.409912109375,32.79931640625,62.70709228515625,0.4690793454647064,-1,-1,-1
166,6,4017.122314453125,802.1867065429688,41.072509765625,105.1197509765625,0.5920207500457764,-1,-1,-1
166,8,2487.701416015625,695.8781127929688,37.855712890625,83.32635498046875,0.7535662055015564,-1,-1,-1
166,99,3723.019287109375,606.0665283203125,24.10693359375,53.195556640625,0.3038737177848816,-1,-1,-1
166,23,2802.423828125,565.789306640625,21.680908203125,47.6695556640625,0.3009708523750305,-1,-1,-1
166,290,4112.05908203125,543.424560546875,21.1640625,31.04498291015625,0.2708713412284851,-1,-1,-1
166,2,3682.982177734375,614.3226318359375,23.722900390625,54.61907958984375,0.34044331312179565,-1,-1,-1
167,1,2989.05078125,652.8123168945312,33.0048828125,66.48956298828125,0.32073745131492615,-1,-1,-1
167,6,4018.425537109375,802.6814575195312,42.760498046875,104.62384033203125,0.5944740176200867,-1,-1,-1
167,8,2495.71826171875,694.0635986328125,36.3662109375,85.0477294921875,0.5490689277648926,-1,-1,-1
167,23,2806.979248046875,565.177734375,23.895751953125,46.131591796875,0.3426637649536133,-1,-1,-1
167,290,4113.0126953125,543.164794921875,20.6181640625,31.06304931640625,0.28254249691963196,-1,-1,-1
167,2,3687.19140625,615.9579467773438,24.1962890625,53.17108154296875,0.33820733428001404,-1,-1,-1
168,1,2996.9169921875,652.00439453125,28.950439453125,67.3143310546875,0.5143991112709045,-1,-1,-1
168,6,4020.13623046875,803.7989501953125,44.675537109375,103.11376953125,0.6365028023719788,-1,-1,-1
168,8,2503.1279296875,694.4912719726562,34.021728515625,84.569580078125,0.6716176271438599,-1,-1,-1
168,23,2810.51611328125,564.3815307617188,23.433349609375,46.3370361328125,0.3916972875595093,-1,-1,-1
168,290,4114.56103515625,542.556396484375,19.177734375,31.03826904296875,0.27680620551109314,-1,-1,-1
168,2,3692.125732421875,615.7962646484375,23.83056640625,53.1387939453125,0.38443222641944885,-1,-1,-1
168,4,2869.946533203125,585.0051879882812,20.552490234375,44.58935546875,0.40546849370002747,-1,-1,-1
168,5,3088.34521484375,578.0582275390625,19.32666015625,44.939697265625,0.46247124671936035,-1,-1,-1
169,1,3001.60693359375,650.9364624023438,30.86572265625,68.3895263671875,0.5018624067306519,-1,-1,-1
169,6,4021.987060546875,803.896484375,44.8330078125,103.0950927734375,0.6179728507995605,-1,-1,-1
169,8,2506.01513671875,692.9466552734375,37.771240234375,85.23486328125,0.71927410364151,-1,-1,-1
169,23,2813.85107421875,564.4783935546875,23.665283203125,46.59222412109375,0.4307020306587219,-1,-1,-1
169,290,4115.359375,541.1207885742188,18.91064453125,32.16497802734375,0.2705836296081543,-1,-1,-1
169,299,3678.804931640625,547.5574951171875,28.921630859375,53.2874755859375,0.32169023156166077,-1,-1,-1
169,4,2874.03173828125,585.2594604492188,20.57080078125,43.49310302734375,0.3552486300468445,-1,-1,-1
169,5,3091.996826171875,576.6046142578125,20.322021484375,44.17767333984375,0.4567025899887085,-1,-1,-1
170,1,3003.30712890625,650.062255859375,33.822509765625,68.4810791015625,0.5958165526390076,-1,-1,-1
170,6,4024.156494140625,804.0431518554688,43.937744140625,102.29608154296875,0.6595916152000427,-1,-1,-1
170,8,2508.261474609375,692.475830078125,41.265625,84.81646728515625,0.7835737466812134,-1,-1,-1
170,23,2817.479736328125,563.0731201171875,24.65576171875,48.6744384765625,0.462546169757843,-1,-1,-1
170,290,4115.82958984375,540.9617309570312,20.27294921875,32.26513671875,0.3146820068359375,-1,-1,-1
170,299,3680.655029296875,548.101806640625,29.59716796875,52.1865234375,0.3383692502975464,-1,-1,-1
170,4,2876.6455078125,582.7257690429688,21.282470703125,45.67633056640625,0.475972443819046,-1,-1,-1
170,5,3093.64208984375,575.898681640625,21.83984375,44.31890869140625,0.45419374108314514,-1,-1,-1
170,99,3729.399658203125,603.255615234375,24.996337890625,55.10516357421875,0.32461413741111755,-1,-1,-1
171,1,3006.57666015625,647.9362182617188,36.4365234375,69.16680908203125,0.5615636706352234,-1,-1,-1
171,6,4027.6474609375,803.2496337890625,41.496826171875,102.52789306640625,0.706857442855835,-1,-1,-1
171,8,2510.59716796875,690.9691772460938,45.896728515625,86.2374267578125,0.6844578385353088,-1,-1,-1
171,23,2820.697021484375,564.1620483398438,23.61474609375,47.285400390625,0.5056960582733154,-1,-1,-1
171,290,4117.0087890625,540.5430908203125,19.28759765625,32.943115234375,0.3343450129032135,-1,-1,-1
171,299,3682.66650390625,547.7418212890625,29.9638671875,50.530517578125,0.3382786512374878,-1,-1,-1
171,4,2875.406494140625,579.8348388671875,27.566162109375,48.71258544921875,0.48373425006866455,-1,-1,-1
171,5,3097.33251953125,575.8728637695312,22.64892578125,43.78729248046875,0.37376341223716736,-1,-1,-1
171,99,3731.367431640625,602.0148315429688,24.056884765625,53.6611328125,0.3516850769519806,-1,-1,-1
172,1,3009.626953125,645.9364624023438,39.374755859375,69.39630126953125,0.44956904649734497,-1,-1,-1
172,6,4030.690673828125,802.1715087890625,40.2763671875,102.9488525390625,0.7457703351974487,-1,-1,-1
172,8,2512.7431640625,689.7042846679688,50.314697265625,85.5875244140625,0.6361457705497742,-1,-1,-1
172,23,2825.3388671875,564.37255859375,20.284912109375,43.9373779296875,0.5115402340888977,-1,-1,-1
172,290,4118.60693359375,539.7691650390625,18.59814453125,33.4222412109375,0.2782878279685974,-1,-1,-1
172,299,3686.59375,546.4663696289062,27.631103515625,52.59808349609375,0.37581440806388855,-1,-1,-1
172,4,2882.292236328125,577.7198486328125,25.79052734375,48.42083740234375,0.3270070552825928,-1,-1,-1
172,99,3732.167236328125,599.9750366210938,23.8349609375,56.90814208984375,0.3278529942035675,-1,-1,-1
173,1,3014.417236328125,647.0218505859375,40.0791015625,65.419189453125,0.41736215353012085,-1,-1,-1
173,6,4034.58154296875,801.0646362304688,38.87646484375,102.96429443359375,0.7425194978713989,-1,-1,-1
173,8,2517.010498046875,690.6141357421875,53.743896484375,84.61053466796875,0.6617971062660217,-1,-1,-1
173,23,2829.984619140625,566.9028930664062,19.4052734375,40.50860595703125,0.41257911920547485,-1,-1,-1
173,290,4118.72705078125,541.6552734375,20.0849609375,31.0750732421875,0.2852547764778137,-1,-1,-1
173,299,3689.36328125,545.8733520507812,26.300048828125,52.33837890625,0.4010085463523865,-1,-1,-1
173,4,2885.4013671875,577.1339111328125,27.55029296875,49.7998046875,0.31086671352386475,-1,-1,-1
173,99,3733.456787109375,599.55029296875,22.789794921875,57.846923828125,0.30628129839897156,-1,-1,-1
173,2,3709.623779296875,607.738525390625,31.413330078125,51.96881103515625,0.35859209299087524,-1,-1,-1
173,5,3107.305419921875,573.4624633789062,21.223876953125,44.2459716796875,0.2959277927875519,-1,-1,-1
174,1,3016.28125,646.9013671875,43.027099609375,63.1376953125,0.4636235535144806,-1,-1,-1
174,6,4038.411865234375,799.3643188476562,37.606689453125,102.45654296875,0.7188272476196289,-1,-1,-1
174,8,2522.9189453125,690.163330078125,52.81591796875,82.293701171875,0.7017064094543457,-1,-1,-1
174,23,2833.873779296875,566.9839477539062,18.2021484375,40.10943603515625,0.4691096842288971,-1,-1,-1
174,290,4119.83837890625,541.9694213867188,20.51953125,31.5079345703125,0.36765220761299133,-1,-1,-1
174,299,3690.948486328125,546.510986328125,25.93212890625,50.01861572265625,0.388272762298584,-1,-1,-1
174,4,2890.9697265625,579.7977294921875,25.685546875,45.1063232421875,0.32435086369514465,-1,-1,-1
174,99,3733.949462890625,598.3446655273438,22.975830078125,60.837158203125,0.3905711770057678,-1,-1,-1
174,2,3715.58642578125,604.1788940429688,29.014892578125,56.322021484375,0.4025789201259613,-1,-1,-1
174,5,3107.169677734375,578.510009765625,24.2783203125,39.40362548828125,0.383433073759079,-1,-1,-1
175,1,3027.045166015625,648.6534423828125,35.046875,59.79974365234375,0.5257744789123535,-1,-1,-1
175,6,4040.565673828125,798.8130493164062,37.138916015625,99.4757080078125,0.7210188508033752,-1,-1,-1
175,8,2537.42431640625,690.6364135742188,42.411865234375,79.66424560546875,0.7096930146217346,-1,-1,-1
175,23,2838.024169921875,568.8029174804688,19.03173828125,39.16888427734375,0.3852914273738861,-1,-1,-1
175,290,4121.33740234375,540.875244140625,20.98974609375,32.4566650390625,0.34316757321357727,-1,-1,-1
175,299,3693.041259765625,545.50927734375,25.347412109375,48.2716064453125,0.4142122268676758,-1,-1,-1
175,4,2895.232666015625,580.7467041015625,23.935791015625,43.96026611328125,0.41841065883636475,-1,-1,-1
175,99,3730.009033203125,598.1424560546875,27.65185546875,62.785400390625,0.45250263810157776,-1,-1,-1
175,5,3109.4892578125,579.3681640625,23.672607421875,38.6162109375,0.42371320724487305,-1,-1,-1
176,1,3034.82275390625,649.0082397460938,30.27880859375,59.2427978515625,0.4717327356338501,-1,-1,-1
176,6,4042.664794921875,797.9782104492188,37.087890625,100.065673828125,0.7437521815299988,-1,-1,-1
176,8,2545.6416015625,690.5403442382812,38.555908203125,79.42626953125,0.6690014600753784,-1,-1,-1
176,23,2839.041748046875,566.8412475585938,21.87158203125,40.7469482421875,0.3560378849506378,-1,-1,-1
176,290,4122.3779296875,539.3921508789062,19.81005859375,34.20062255859375,0.3334008455276489,-1,-1,-1
176,299,3694.068603515625,547.6997680664062,25.385498046875,44.1082763671875,0.3187139332294464,-1,-1,-1
176,4,2900.16796875,580.5841064453125,22.336669921875,45.26123046875,0.45419079065322876,-1,-1,-1
176,99,3729.521240234375,598.0618896484375,29.86962890625,64.426025390625,0.5110229253768921,-1,-1,-1
176,5,3115.3837890625,577.08935546875,19.814697265625,42.65020751953125,0.47863519191741943,-1,-1,-1
177,1,3040.495361328125,648.2938232421875,29.40185546875,60.54974365234375,0.3857472240924835,-1,-1,-1
177,6,4044.36572265625,798.27880859375,37.673095703125,99.8646240234375,0.7126434445381165,-1,-1,-1
177,8,2555.02587890625,690.7432250976562,34.214599609375,79.27142333984375,0.5656358599662781,-1,-1,-1
177,23,2841.767333984375,566.2449340820312,21.662109375,40.9573974609375,0.3434991240501404,-1,-1,-1
177,290,4123.65869140625,538.5826416015625,18.54052734375,34.83502197265625,0.3045809268951416,-1,-1,-1
177,4,2904.961181640625,580.2035522460938,20.365966796875,45.31329345703125,0.3780058026313782,-1,-1,-1
177,99,3732.859130859375,598.3416748046875,27.933837890625,63.734130859375,0.5480371713638306,-1,-1,-1
177,5,3118.814697265625,580.4765625,19.308349609375,40.34869384765625,0.345040500164032,-1,-1,-1
178,1,3047.330078125,647.31201171875,28.642822265625,62.3016357421875,0.5566994547843933,-1,-1,-1
178,6,4045.84228515625,797.8675537109375,39.894287109375,102.4820556640625,0.7463229298591614,-1,-1,-1
178,8,2561.71875,692.004150390625,32.933837890625,77.6904296875,0.6822411417961121,-1,-1,-1
178,23,2845.82568359375,563.9224853515625,20.59228515625,41.935791015625,0.386076420545578,-1,-1,-1
178,290,4124.34814453125,538.0557250976562,18.6064453125,35.49737548828125,0.36857670545578003,-1,-1,-1
178,4,2908.295166015625,580.4107666015625,21.138916015625,46.29412841796875,0.2837677299976349,-1,-1,-1
178,99,3734.489990234375,597.7578735351562,27.111328125,64.0029296875,0.5734314918518066,-1,-1,-1
178,5,3121.03271484375,578.660400390625,20.408203125,42.1595458984375,0.40579840540885925,-1,-1,-1
179,1,3053.011962890625,645.1864013671875,29.68408203125,62.46881103515625,0.4137471616268158,-1,-1,-1
179,6,4046.889892578125,797.3554077148438,43.886962890625,103.72393798828125,0.7540097236633301,-1,-1,-1
179,8,2566.880859375,691.2293701171875,33.763671875,77.92279052734375,0.7377299666404724,-1,-1,-1
179,23,2848.997314453125,563.6162109375,21.92578125,42.45831298828125,0.43757835030555725,-1,-1,-1
179,290,4125.060546875,537.6724243164062,18.82080078125,36.0286865234375,0.41091668605804443,-1,-1,-1
179,99,3737.3486328125,597.1463012695312,25.69873046875,63.15283203125,0.6008442044258118,-1,-1,-1
179,5,3124.357421875,578.98193359375,22.62060546875,40.88153076171875,0.3311103284358978,-1,-1,-1
180,1,3054.619140625,643.3651733398438,33.27197265625,65.52197265625,0.5809289813041687,-1,-1,-1
180,6,4047.320556640625,799.1495971679688,47.84765625,103.5384521484375,0.7688191533088684,-1,-1,-1
180,8,2570.724365234375,689.8960571289062,36.096435546875,79.1239013671875,0.7860124707221985,-1,-1,-1
180,23,2853.016845703125,561.6607055664062,22.559326171875,41.4271240234375,0.42434266209602356,-1,-1,-1
180,290,4125.87451171875,537.8301391601562,18.94287109375,35.31146240234375,0.3957153260707855,-1,-1,-1
180,99,3737.554443359375,595.2981567382812,26.78076171875,63.52716064453125,0.6404064893722534,-1,-1,-1
180,299,3699.348388671875,555.0922241210938,26.8818359375,34.25103759765625,0.30523520708084106,-1,-1,-1
180,4,2916.158935546875,575.7462158203125,23.888671875,45.62982177734375,0.3253299593925476,-1,-1,-1
181,1,3056.5107421875,642.5332641601562,37.125244140625,66.92236328125,0.6413065791130066,-1,-1,-1
181,6,4047.454833984375,799.896484375,52.511474609375,102.35943603515625,0.7690397500991821,-1,-1,-1
181,8,2573.94921875,687.5218505859375,38.870361328125,80.00067138671875,0.729955792427063,-1,-1,-1
181,23,2855.09814453125,559.6726684570312,23.882080078125,43.5023193359375,0.38818851113319397,-1,-1,-1
181,290,4126.52197265625,537.8631591796875,19.13330078125,35.876708984375,0.4303339123725891,-1,-1,-1
181,99,3739.805419921875,594.703125,26.0166015625,63.58050537109375,0.6171594858169556,-1,-1,-1
181,299,3699.173583984375,555.424072265625,28.145751953125,33.970703125,0.25078877806663513,-1,-1,-1
181,4,2919.12646484375,574.349853515625,23.69677734375,46.93353271484375,0.44928184151649475,-1,-1,-1
182,1,3059.440673828125,642.3304443359375,39.038330078125,64.81719970703125,0.5402795076370239,-1,-1,-1
182,6,4047.220458984375,800.4702758789062,58.754150390625,101.54693603515625,0.8100390434265137,-1,-1,-1
182,8,2576.245361328125,686.1309814453125,43.914794921875,81.19879150390625,0.6652618050575256,-1,-1,-1
182,23,2856.3603515625,564.5689697265625,24.70751953125,39.7337646484375,0.3305811285972595,-1,-1,-1
182,290,4126.8544921875,537.74853515625,19.85791015625,34.91278076171875,0.38269832730293274,-1,-1,-1
182,99,3741.5634765625,594.091796875,28.017822265625,62.9713134765625,0.5733481049537659,-1,-1,-1
182,299,3699.199462890625,551.869140625,29.14404296875,40.0911865234375,0.29649150371551514,-1,-1,-1
182,4,2921.342041015625,575.9619140625,25.25,45.8494873046875,0.4919394254684448,-1,-1,-1
182,5,3134.6669921875,576.083251953125,24.211669921875,39.76251220703125,0.39768528938293457,-1,-1,-1
183,1,3062.667236328125,641.47412109375,41.501953125,64.3333740234375,0.4778521656990051,-1,-1,-1
183,6,4046.8154296875,800.4002075195312,63.78466796875,100.65313720703125,0.7922403216362,-1,-1,-1
183,8,2580.590576171875,686.0444946289062,45.1494140625,80.454345703125,0.690113365650177,-1,-1,-1
183,23,2861.720703125,562.6104125976562,23.91796875,40.2548828125,0.3481769561767578,-1,-1,-1
183,290,4127.27978515625,537.7113037109375,21.16845703125,34.6866455078125,0.3292638659477234,-1,-1,-1
183,99,3745.504638671875,591.3057250976562,27.167724609375,63.47772216796875,0.4605855643749237,-1,-1,-1
183,4,2923.821044921875,574.0253295898438,27.595458984375,47.580078125,0.4775899648666382,-1,-1,-1
183,5,3139.7314453125,574.9451904296875,22.705810546875,40.5860595703125,0.4676893949508667,-1,-1,-1
184,1,3068.2880859375,641.3855590820312,41.268798828125,64.705810546875,0.5802156925201416,-1,-1,-1
184,6,4047.3671875,801.3106079101562,68.2607421875,99.44683837890625,0.796972393989563,-1,-1,-1
184,8,2585.3388671875,686.0263671875,44.89453125,79.816650390625,0.7357315421104431,-1,-1,-1
184,23,2865.365478515625,563.0447387695312,22.35693359375,38.21722412109375,0.413794606924057,-1,-1,-1
184,99,3748.95263671875,591.2469482421875,27.998779296875,64.48431396484375,0.5456103682518005,-1,-1,-1
184,4,2927.10888671875,572.4512939453125,29.477783203125,47.630615234375,0.4944079518318176,-1,-1,-1
184,5,3142.98046875,575.6610107421875,22.87451171875,42.21087646484375,0.5311701893806458,-1,-1,-1
185,1,3075.2666015625,640.989990234375,38.283935546875,63.96875,0.5520358681678772,-1,-1,-1
185,6,4047.14111328125,801.1399536132812,72.91162109375,99.28265380859375,0.7785120010375977,-1,-1,-1
185,8,2596.949951171875,686.74072265625,38.395263671875,78.431884765625,0.7672228217124939,-1,-1,-1
185,23,2869.146484375,561.8092651367188,20.2138671875,39.17449951171875,0.46785762906074524,-1,-1,-1
185,99,3751.573486328125,591.6590576171875,27.7421875,64.41925048828125,0.6021077036857605,-1,-1,-1
185,4,2930.307373046875,572.3643798828125,28.616455078125,46.56292724609375,0.4071447253227234,-1,-1,-1
185,5,3147.004638671875,576.7664794921875,21.259033203125,42.15228271484375,0.511505126953125,-1,-1,-1
186,1,3082.455810546875,641.329833984375,34.921875,62.5814208984375,0.5786789655685425,-1,-1,-1
186,6,4050.348876953125,800.926025390625,73.172119140625,98.7236328125,0.7696542739868164,-1,-1,-1
186,8,2602.93896484375,686.8145751953125,37.984619140625,78.4603271484375,0.5819419622421265,-1,-1,-1
186,23,2873.17529296875,559.9955444335938,20.3388671875,40.54937744140625,0.3752305805683136,-1,-1,-1
186,99,3752.36376953125,592.056396484375,29.728759765625,64.6693115234375,0.5613477230072021,-1,-1,-1
186,5,3151.42919921875,575.4256591796875,19.9599609375,44.298095703125,0.4744565486907959,-1,-1,-1
187,1,3091.65625,641.6008911132812,30.46240234375,61.07373046875,0.43795228004455566,-1,-1,-1
187,6,4057.2041015625,800.8115844726562,68.99755859375,97.969482421875,0.7065328359603882,-1,-1,-1
187,8,2612.3466796875,689.0032958984375,32.95556640625,77.95379638671875,0.5782801508903503,-1,-1,-1
187,23,2876.047607421875,557.7935791015625,20.103515625,43.35968017578125,0.3604314625263214,-1,-1,-1
187,99,3752.992919921875,588.4602661132812,31.7890625,68.08905029296875,0.5697813630104065,-1,-1,-1
188,1,3098.94189453125,640.2875366210938,26.92529296875,61.4364013671875,0.361454576253891,-1,-1,-1
188,6,4066.384521484375,801.2662963867188,62.128173828125,97.407958984375,0.7122560143470764,-1,-1,-1
188,8,2620.247314453125,688.4557495117188,31.217529296875,78.2347412109375,0.6535436511039734,-1,-1,-1
188,23,2878.312255859375,555.944580078125,19.667724609375,45.99871826171875,0.3947639763355255,-1,-1,-1
188,99,3752.970947265625,587.06201171875,34.63330078125,68.48046875,0.4641990661621094,-1,-1,-1
189,1,3103.259033203125,639.3048706054688,27.458251953125,62.85528564453125,0.496952086687088,-1,-1,-1
189,6,4073.777587890625,801.4154052734375,56.450927734375,96.89984130859375,0.7406886219978333,-1,-1,-1
189,8,2623.8544921875,686.7537841796875,33.711669921875,79.25677490234375,0.7187646627426147,-1,-1,-1
189,23,2881.40185546875,554.18359375,20.85400390625,47.16058349609375,0.40016698837280273,-1,-1,-1
189,99,3755.143798828125,585.69140625,34.47412109375,70.4976806640625,0.4744619131088257,-1,-1,-1
189,4,2950.120849609375,574.0782470703125,19.7822265625,45.18109130859375,0.4222256541252136,-1,-1,-1
189,5,3161.502685546875,571.6658935546875,22.648193359375,45.18585205078125,0.45510849356651306,-1,-1,-1
190,1,3109.65576171875,639.4345092773438,25.015380859375,59.0941162109375,0.36442261934280396,-1,-1,-1
190,6,4081.18115234375,800.9169921875,50.9482421875,96.94073486328125,0.7293591499328613,-1,-1,-1
190,8,2626.551025390625,685.0819091796875,36.965576171875,80.97747802734375,0.6715555787086487,-1,-1,-1
190,23,2885.066650390625,554.6558837890625,20.61083984375,46.94091796875,0.4346807301044464,-1,-1,-1
190,99,3755.976318359375,584.8853759765625,35.8427734375,67.746826171875,0.40132755041122437,-1,-1,-1
190,4,2954.512939453125,574.7986450195312,18.72802734375,43.1517333984375,0.4368641674518585,-1,-1,-1
190,5,3165.9619140625,570.5128784179688,22.460205078125,45.21661376953125,0.5750179290771484,-1,-1,-1
191,1,3108.78271484375,638.5037231445312,32.658935546875,64.06658935546875,0.4891447126865387,-1,-1,-1
191,6,4084.944091796875,799.91162109375,49.345947265625,99.36328125,0.7468809485435486,-1,-1,-1
191,8,2629.55908203125,684.3565063476562,40.739501953125,82.08734130859375,0.5531570315361023,-1,-1,-1
191,23,2888.296142578125,555.9808349609375,21.219482421875,44.51202392578125,0.4710433781147003,-1,-1,-1
191,99,3759.525634765625,585.201171875,37.3798828125,68.1505126953125,0.4984913766384125,-1,-1,-1
191,4,2956.595947265625,573.3176879882812,21.07568359375,46.03326416015625,0.5317519903182983,-1,-1,-1
191,5,3170.175048828125,569.5682373046875,24.10498046875,44.1119384765625,0.5612534284591675,-1,-1,-1
192,1,3110.48828125,637.9202880859375,36.498046875,64.701171875,0.5576766729354858,-1,-1,-1
192,6,4085.679443359375,800.286865234375,51.548583984375,100.3275146484375,0.7648444175720215,-1,-1,-1
192,8,2632.784912109375,683.3660888671875,42.945556640625,82.980224609375,0.6220036149024963,-1,-1,-1
192,23,2891.2109375,557.17578125,20.827392578125,44.01129150390625,0.41978511214256287,-1,-1,-1
192,99,3760.62451171875,586.956787109375,38.64208984375,61.5758056640625,0.4996182918548584,-1,-1,-1
192,4,2957.885498046875,572.1884155273438,22.34033203125,46.874267578125,0.5096361637115479,-1,-1,-1
192,5,3173.231201171875,569.7681274414062,23.98193359375,43.36114501953125,0.5368106365203857,-1,-1,-1
193,1,3114.90234375,634.6890869140625,37.460693359375,65.40411376953125,0.511990487575531,-1,-1,-1
193,6,4086.60302734375,800.1898193359375,52.22900390625,99.5985107421875,0.7361389398574829,-1,-1,-1
193,8,2634.385986328125,681.6568603515625,48.53662109375,83.98809814453125,0.7040092349052429,-1,-1,-1
193,23,2893.66455078125,555.3955688476562,21.50537109375,42.1065673828125,0.4580910801887512,-1,-1,-1
193,99,3759.916748046875,587.977294921875,39.430908203125,55.15667724609375,0.42410239577293396,-1,-1,-1
193,4,2959.771728515625,570.7662353515625,24.62060546875,49.0283203125,0.48597797751426697,-1,-1,-1
193,5,3177.531494140625,569.8347778320312,22.623291015625,39.80792236328125,0.4134519696235657,-1,-1,-1
194,1,3119.50390625,634.3645629882812,36.81884765625,64.08160400390625,0.28272268176078796,-1,-1,-1
194,6,4088.560546875,800.6315307617188,51.55810546875,98.08050537109375,0.7259005308151245,-1,-1,-1
194,8,2648.504638671875,681.6986694335938,39.939697265625,82.11383056640625,0.6618330478668213,-1,-1,-1
194,23,2897.32275390625,553.6041870117188,19.78515625,44.10040283203125,0.5022830963134766,-1,-1,-1
194,5,3180.49072265625,569.5137939453125,22.8134765625,38.81787109375,0.369294673204422,-1,-1,-1
195,1,3131.566650390625,635.3279418945312,28.4150390625,62.37261962890625,0.3784933090209961,-1,-1,-1
195,6,4090.16064453125,801.2914428710938,52.2578125,96.9366455078125,0.7504936456680298,-1,-1,-1
195,8,2654.9296875,682.9026489257812,37.452392578125,80.0938720703125,0.6965344548225403,-1,-1,-1
195,23,2901.839111328125,553.1846923828125,17.875732421875,44.7181396484375,0.4935438632965088,-1,-1,-1
195,327,3784.67822265625,601.8195190429688,22.99462890625,43.250732421875,0.34435030817985535,-1,-1,-1
196,1,3139.7939453125,636.1378784179688,23.5771484375,60.56048583984375,0.3608449697494507,-1,-1,-1
196,6,4092.093017578125,801.4531860351562,53.852783203125,96.7593994140625,0.7617254853248596,-1,-1,-1
196,8,2661.83740234375,683.0724487304688,35.411376953125,81.69207763671875,0.6766144633293152,-1,-1,-1
196,23,2905.08154296875,556.426025390625,17.46630859375,41.49908447265625,0.37528762221336365,-1,-1,-1
196,327,3787.865966796875,600.6622314453125,22.490966796875,43.1888427734375,0.3347150683403015,-1,-1,-1
196,4,2972.346435546875,570.919189453125,24.6171875,48.66485595703125,0.34383565187454224,-1,-1,-1
196,5,3187.72216796875,570.6978759765625,23.27001953125,37.92706298828125,0.3331722021102905,-1,-1,-1
197,1,3145.321533203125,636.806884765625,22.2373046875,62.119384765625,0.41361358761787415,-1,-1,-1
197,6,4093.91748046875,802.4170532226562,54.31982421875,95.666015625,0.7345402836799622,-1,-1,-1
197,8,2669.184326171875,682.9518432617188,33.35888671875,81.2144775390625,0.6850290298461914,-1,-1,-1
197,23,2908.492919921875,555.0326538085938,16.799560546875,40.64239501953125,0.41501307487487793,-1,-1,-1
197,327,3790.622802734375,599.1387329101562,22.74951171875,48.65521240234375,0.32687556743621826,-1,-1,-1
197,330,4149.2548828125,538.6353149414062,16.1220703125,31.38836669921875,0.3775446116924286,-1,-1,-1
197,4,2976.559326171875,570.1157836914062,24.29638671875,48.30230712890625,0.3614995777606964,-1,-1,-1
197,5,3192.826171875,571.1838989257812,20.475341796875,35.495849609375,0.41372039914131165,-1,-1,-1
198,1,3151.56103515625,636.4862670898438,20.088134765625,60.9805908203125,0.5079265832901001,-1,-1,-1
198,6,4097.29443359375,802.040283203125,54.130859375,96.48126220703125,0.7304537296295166,-1,-1,-1
198,8,2675.360107421875,681.9667358398438,31.533935546875,79.9847412109375,0.7254384756088257,-1,-1,-1
198,23,2910.326416015625,552.35791015625,18.917724609375,42.49139404296875,0.33796316385269165,-1,-1,-1
198,327,3793.983154296875,599.6687622070312,21.513427734375,45.90673828125,0.34926101565361023,-1,-1,-1
198,330,4150.2998046875,537.8719482421875,15.8603515625,31.9271240234375,0.4247799813747406,-1,-1,-1
198,4,2982.109130859375,570.94921875,21.852294921875,47.16790771484375,0.4640141725540161,-1,-1,-1
198,5,3195.73779296875,570.5390014648438,20.57568359375,37.07293701171875,0.4781096577644348,-1,-1,-1
199,6,4106.60595703125,801.3817138671875,48.6279296875,96.98431396484375,0.715273916721344,-1,-1,-1
199,8,2678.52197265625,680.1317749023438,33.173095703125,81.8992919921875,0.7816986441612244,-1,-1,-1
199,327,3796.333984375,598.7405395507812,20.801513671875,45.4744873046875,0.36831116676330566,-1,-1,-1
199,330,4150.19287109375,536.8214111328125,16.69775390625,29.8338623046875,0.39996591210365295,-1,-1,-1
199,4,2986.3779296875,570.121337890625,19.763427734375,47.24676513671875,0.4324372410774231,-1,-1,-1
199,5,3199.554443359375,570.187255859375,21.730712890625,36.48992919921875,0.4566648304462433,-1,-1,-1
200,6,4112.490234375,800.748779296875,46.52392578125,98.5489501953125,0.6041451096534729,-1,-1,-1
200,8,2682.89111328125,678.96044921875,34.1884765625,81.66302490234375,0.699790358543396,-1,-1,-1
200,327,3800.786865234375,597.195068359375,17.4765625,45.10467529296875,0.49271726608276367,-1,-1,-1
200,330,4151.1357421875,535.3646240234375,17.97119140625,31.36773681640625,0.44289615750312805,-1,-1,-1
200,4,2990.8798828125,570.3775024414062,18.671630859375,46.76507568359375,0.2544202208518982,-1,-1,-1
200,5,3204.752197265625,568.2529907226562,19.7919921875,37.0748291015625,0.41956910490989685,-1,-1,-1
200,1,3156.528076171875,636.4522705078125,25.77587890625,62.491943359375,0.4202280342578888,-1,-1,-1
201,6,4116.36279296875,800.9420166015625,45.939453125,97.6630859375,0.5771873593330383,-1,-1,-1
201,8,2685.646240234375,679.6367797851562,37.904296875,80.0333251953125,0.6031758189201355,-1,-1,-1
201,327,3801.661865234375,596.0509643554688,17.183837890625,45.9659423828125,0.5307982563972473,-1,-1,-1
201,330,4152.8505859375,534.5513305664062,17.25634765625,33.15496826171875,0.46821096539497375,-1,-1,-1
201,4,2993.44970703125,570.6771240234375,19.55322265625,43.5228271484375,0.2732750475406647,-1,-1,-1
201,5,3206.65966796875,567.0458374023438,23.048828125,39.11273193359375,0.3519144356250763,-1,-1,-1
201,334,3762.0390625,581.010986328125,19.63232421875,36.26788330078125,0.43529218435287476,-1,-1,-1
201,1,3161.908203125,636.2162475585938,25.690185546875,56.87908935546875,0.3727446496486664,-1,-1,-1
201,23,2918.613037109375,548.95556640625,22.431884765625,42.29473876953125,0.3700210452079773,-1,-1,-1
202,6,4120.44140625,800.4345092773438,44.11767578125,97.02691650390625,0.675365686416626,-1,-1,-1
202,8,2692.1162109375,678.3802490234375,38.39013671875,78.9569091796875,0.6736777424812317,-1,-1,-1
202,327,3803.731201171875,595.0853271484375,18.2744140625,44.58221435546875,0.43703457713127136,-1,-1,-1
202,330,4153.6806640625,535.0223999023438,17.23828125,33.07135009765625,0.4655354619026184,-1,-1,-1
202,4,2997.786865234375,571.4821166992188,20.362060546875,40.8607177734375,0.32669010758399963,-1,-1,-1
202,334,3761.53515625,579.3914794921875,21.051025390625,38.5787353515625,0.46006640791893005,-1,-1,-1
202,1,3164.04345703125,633.4916381835938,31.022705078125,57.6087646484375,0.39346638321876526,-1,-1,-1
202,338,3311.979736328125,523.2880859375,18.545654296875,32.5672607421875,0.38700219988822937,-1,-1,-1
202,339,3710.975341796875,520.7672119140625,21.239501953125,54.7174072265625,0.39832165837287903,-1,-1,-1
202,23,2921.634765625,549.4156494140625,21.2158203125,42.47979736328125,0.4609527885913849,-1,-1,-1
203,6,4122.9345703125,800.6806640625,44.8095703125,98.2314453125,0.7059956789016724,-1,-1,-1
203,8,2700.271240234375,678.5872802734375,35.795654296875,77.63165283203125,0.7211602926254272,-1,-1,-1
203,327,3804.271728515625,594.0392456054688,21.27783203125,43.22882080078125,0.3238919675350189,-1,-1,-1
203,330,4154.041015625,534.6256103515625,17.458984375,34.42352294921875,0.5087301135063171,-1,-1,-1
203,4,3000.063232421875,569.91064453125,22.054443359375,41.3951416015625,0.27946826815605164,-1,-1,-1
203,334,3760.9150390625,576.0313720703125,23.575439453125,42.91729736328125,0.49769988656044006,-1,-1,-1
203,1,3172.292236328125,631.83740234375,28.139892578125,59.57135009765625,0.5068351626396179,-1,-1,-1
203,338,3314.23974609375,523.5900268554688,18.77490234375,34.06048583984375,0.3141724765300751,-1,-1,-1
203,339,3712.16552734375,519.1560668945312,20.71337890625,54.663818359375,0.4108416736125946,-1,-1,-1
203,23,2924.427490234375,548.3522338867188,20.048828125,43.346435546875,0.46575552225112915,-1,-1,-1
203,5,3214.877685546875,567.6819458007812,23.2412109375,36.463134765625,0.31593140959739685,-1,-1,-1
204,6,4126.54736328125,801.5849609375,45.50927734375,97.955078125,0.6552428603172302,-1,-1,-1
204,8,2705.132568359375,678.46240234375,36.279296875,79.36212158203125,0.6872876286506653,-1,-1,-1
204,327,3804.55224609375,590.0872192382812,22.772705078125,50.54974365234375,0.3127747178077698,-1,-1,-1
204,330,4154.21728515625,534.6642456054688,18.103515625,35.19268798828125,0.4628032147884369,-1,-1,-1
204,4,3000.21533203125,569.0978393554688,26.146484375,46.11907958984375,0.3727864623069763,-1,-1,-1
204,334,3761.29248046875,573.4739379882812,25.255126953125,45.63531494140625,0.5665594935417175,-1,-1,-1
204,1,3176.124755859375,630.547119140625,28.65673828125,60.7679443359375,0.5180564522743225,-1,-1,-1
204,339,3713.1220703125,521.6748657226562,21.30712890625,52.76715087890625,0.4067141115665436,-1,-1,-1
204,23,2927.39208984375,548.447021484375,20.552734375,42.9639892578125,0.4923287332057953,-1,-1,-1
204,5,3218.478515625,569.9365844726562,21.46923828125,33.471923828125,0.41120636463165283,-1,-1,-1
205,6,4128.57568359375,802.4916381835938,48.482421875,99.47283935546875,0.6641177535057068,-1,-1,-1
205,8,2711.610595703125,679.2890014648438,34.307373046875,78.34381103515625,0.6924704909324646,-1,-1,-1
205,327,3807.10595703125,589.0360717773438,23.7978515625,52.67120361328125,0.26485106348991394,-1,-1,-1
205,330,4154.60791015625,535.189453125,18.57958984375,35.53460693359375,0.4102712571620941,-1,-1,-1
205,4,3002.38916015625,568.5230102539062,27.118408203125,46.975341796875,0.3714667558670044,-1,-1,-1
205,334,3762.587158203125,569.6663818359375,24.874267578125,48.35736083984375,0.5756211876869202,-1,-1,-1
205,339,3715.28466796875,523.3737182617188,20.889404296875,52.2735595703125,0.41816258430480957,-1,-1,-1
205,23,2930.565673828125,548.3594970703125,19.965087890625,41.27099609375,0.47536832094192505,-1,-1,-1
205,5,3221.947998046875,569.37109375,20.29541015625,33.20916748046875,0.3761541545391083,-1,-1,-1
206,6,4128.89990234375,800.9656982421875,52.87451171875,101.49566650390625,0.6412479281425476,-1,-1,-1
206,8,2719.525146484375,680.8374633789062,31.341552734375,77.58087158203125,0.6616526246070862,-1,-1,-1
206,330,4155.00439453125,535.1754150390625,19.44580078125,35.05731201171875,0.3997155427932739,-1,-1,-1
206,4,3007.83056640625,568.8718872070312,24.94091796875,45.29241943359375,0.4840536415576935,-1,-1,-1
206,334,3763.453857421875,562.7081298828125,24.632568359375,53.96014404296875,0.5718080401420593,-1,-1,-1
206,339,3716.627197265625,526.3248291015625,20.107421875,49.49334716796875,0.39520618319511414,-1,-1,-1
206,23,2933.559814453125,546.9462890625,18.655517578125,43.08087158203125,0.5486385822296143,-1,-1,-1
206,5,3226.345947265625,568.5211181640625,19.39599609375,33.8931884765625,0.32868996262550354,-1,-1,-1
207,6,4129.7275390625,802.1500854492188,55.63037109375,101.60675048828125,0.6740419268608093,-1,-1,-1
207,8,2727.111328125,681.851806640625,28.089111328125,75.98333740234375,0.5818784832954407,-1,-1,-1
207,330,4155.32763671875,535.0285034179688,21.01513671875,35.5321044921875,0.3155905306339264,-1,-1,-1
207,4,3011.14697265625,568.2938232421875,23.795166015625,45.40087890625,0.41890081763267517,-1,-1,-1
207,334,3764.972900390625,560.0639038085938,23.9462890625,55.46209716796875,0.5692987442016602,-1,-1,-1
207,339,3717.391357421875,526.8339233398438,21.275146484375,49.09405517578125,0.3455544710159302,-1,-1,-1
207,23,2936.6484375,546.623046875,17.805419921875,43.39959716796875,0.49822568893432617,-1,-1,-1
207,5,3230.84423828125,565.4033813476562,17.85498046875,36.8306884765625,0.3206620216369629,-1,-1,-1
207,1,3194.23193359375,632.1849365234375,24.09814453125,56.5411376953125,0.3764785826206207,-1,-1,-1
208,6,4131.60205078125,801.7033081054688,57.71826171875,101.99871826171875,0.7476776242256165,-1,-1,-1
208,8,2732.788330078125,679.7734985351562,28.650390625,75.833740234375,0.716127872467041,-1,-1,-1
208,330,4155.59375,534.3410034179688,22.2353515625,36.7996826171875,0.2821289896965027,-1,-1,-1
208,4,3014.54443359375,568.7500610351562,23.487060546875,44.029296875,0.3855418264865875,-1,-1,-1
208,334,3766.241455078125,556.045166015625,23.871337890625,58.631103515625,0.5919588804244995,-1,-1,-1
208,339,3718.7216796875,522.2534790039062,22.01513671875,51.38531494140625,0.40777504444122314,-1,-1,-1
208,23,2937.98828125,546.6544799804688,20.242919921875,43.0950927734375,0.36386480927467346,-1,-1,-1
208,1,3198.252197265625,630.1806640625,23.87646484375,57.6689453125,0.5073978304862976,-1,-1,-1
208,327,3815.4033203125,588.5106811523438,20.423095703125,45.23651123046875,0.3697172701358795,-1,-1,-1
209,6,4133.6943359375,802.1939086914062,58.9423828125,100.94989013671875,0.7782732844352722,-1,-1,-1
209,8,2733.1865234375,678.4133911132812,32.728515625,77.9168701171875,0.7396379709243774,-1,-1,-1
209,334,3766.80078125,552.2554321289062,24.10302734375,62.03515625,0.6124451756477356,-1,-1,-1
209,339,3719.186279296875,522.3168334960938,21.833984375,50.4263916015625,0.4539586901664734,-1,-1,-1
209,23,2941.23193359375,548.01123046875,18.754150390625,41.25518798828125,0.3165663778781891,-1,-1,-1
209,1,3201.458740234375,628.405517578125,24.40625,58.36328125,0.490522563457489,-1,-1,-1
209,327,3817.4345703125,588.1688842773438,19.7841796875,42.3486328125,0.35609322786331177,-1,-1,-1
210,6,4137.49951171875,803.0609741210938,59.3720703125,99.39666748046875,0.7788348197937012,-1,-1,-1
210,8,2738.82177734375,677.2770385742188,33.33349609375,77.12213134765625,0.642724335193634,-1,-1,-1
210,334,3767.80712890625,550.7784423828125,23.670166015625,63.37408447265625,0.5720148086547852,-1,-1,-1
210,339,3719.8984375,519.5889892578125,22.770263671875,52.13946533203125,0.4074593186378479,-1,-1,-1
210,23,2944.60302734375,546.5963134765625,18.234130859375,42.03619384765625,0.2796817719936371,-1,-1,-1
210,1,3205.69873046875,629.177978515625,26.42724609375,59.95843505859375,0.5388101935386658,-1,-1,-1
210,327,3819.710205078125,586.0692749023438,18.853759765625,41.43597412109375,0.3907381594181061,-1,-1,-1
211,6,4144.01708984375,803.9945678710938,57.17919921875,98.8677978515625,0.7203340530395508,-1,-1,-1
211,8,2746.295654296875,676.877685546875,32.37451171875,76.68212890625,0.5215098261833191,-1,-1,-1
211,334,3768.5439453125,549.7197265625,23.635009765625,64.0762939453125,0.5869805812835693,-1,-1,-1
211,339,3719.700927734375,517.89599609375,23.769775390625,53.9078369140625,0.35447996854782104,-1,-1,-1
211,1,3207.054931640625,628.0648803710938,29.572998046875,61.615478515625,0.35339149832725525,-1,-1,-1
211,327,3821.4072265625,587.22314453125,18.94091796875,39.619384765625,0.37336114048957825,-1,-1,-1
211,5,3243.838134765625,561.9398803710938,21.642822265625,36.489990234375,0.3307896852493286,-1,-1,-1
212,6,4152.00732421875,805.3173828125,55.69580078125,98.25616455078125,0.6900827884674072,-1,-1,-1
212,8,2753.92138671875,676.4337768554688,30.33544921875,75.85345458984375,0.6626842021942139,-1,-1,-1
212,334,3769.123779296875,547.8510131835938,24.131103515625,64.36181640625,0.5936517119407654,-1,-1,-1
212,339,3720.40185546875,516.4999389648438,23.596923828125,53.6854248046875,0.3676000237464905,-1,-1,-1
212,1,3213.579345703125,626.315185546875,28.597412109375,58.4307861328125,0.3446880877017975,-1,-1,-1
212,327,3823.5400390625,584.9266967773438,19.1923828125,43.01776123046875,0.4876326620578766,-1,-1,-1
212,5,3247.5146484375,562.1747436523438,20.38134765625,36.13623046875,0.4127994477748871,-1,-1,-1
212,4,3032.5732421875,568.4528198242188,19.22900390625,44.76593017578125,0.3636283576488495,-1,-1,-1
212,23,2948.349853515625,543.2469482421875,20.20263671875,42.638916015625,0.39183446764945984,-1,-1,-1
213,6,4156.09521484375,804.9721069335938,56.9921875,98.943115234375,0.7385398745536804,-1,-1,-1
213,8,2757.673095703125,676.2254638671875,33.091552734375,75.25482177734375,0.690597414970398,-1,-1,-1
213,334,3769.953857421875,544.785400390625,23.5068359375,66.08123779296875,0.5433511137962341,-1,-1,-1
213,339,3720.791259765625,515.7855834960938,23.86865234375,55.96087646484375,0.25990891456604004,-1,-1,-1
213,1,3217.32958984375,626.1365356445312,30.62255859375,58.32696533203125,0.4572085440158844,-1,-1,-1
213,327,3824.81689453125,586.3422241210938,19.79931640625,42.37176513671875,0.4685441255569458,-1,-1,-1
213,5,3251.460205078125,562.2518920898438,18.495361328125,35.95159912109375,0.4475296139717102,-1,-1,-1
213,4,3035.243408203125,567.2879638671875,21.632568359375,44.0615234375,0.4193061292171478,-1,-1,-1
213,23,2951.27099609375,542.4141845703125,19.60302734375,42.6767578125,0.48357319831848145,-1,-1,-1
214,6,4158.52490234375,805.0551147460938,59.09130859375,99.02880859375,0.711564302444458,-1,-1,-1
214,8,2763.459716796875,676.9749755859375,31.19873046875,74.32440185546875,0.7033903002738953,-1,-1,-1
214,334,3772.322998046875,543.4608154296875,23.295654296875,66.4910888671875,0.5409207940101624,-1,-1,-1
214,1,3222.232421875,625.414794921875,28.94140625,57.41778564453125,0.5614398121833801,-1,-1,-1
214,327,3827.209716796875,585.89990234375,18.667236328125,44.03497314453125,0.5073683857917786,-1,-1,-1
214,5,3254.904052734375,562.7954711914062,18.302001953125,36.5167236328125,0.45076921582221985,-1,-1,-1
214,4,3036.6318359375,566.4727783203125,24.33056640625,47.46063232421875,0.529192328453064,-1,-1,-1
214,23,2954.509033203125,542.9087524414062,19.57666015625,41.68609619140625,0.5108082294464111,-1,-1,-1
215,6,4162.6728515625,804.028076171875,57.90771484375,99.2132568359375,0.7724423408508301,-1,-1,-1
215,8,2764.53076171875,676.2539672851562,35.43115234375,75.64691162109375,0.6384851336479187,-1,-1,-1
215,334,3774.313720703125,543.4229125976562,23.243896484375,65.195556640625,0.48215073347091675,-1,-1,-1
215,1,3229.298828125,623.3212280273438,24.7099609375,59.8861083984375,0.6035358905792236,-1,-1,-1
215,327,3828.5966796875,585.6514892578125,19.121826171875,45.21209716796875,0.4845646619796753,-1,-1,-1
215,5,3259.596923828125,563.338134765625,16.28759765625,36.61358642578125,0.3088526725769043,-1,-1,-1
215,4,3038.4384765625,566.4793090820312,26.542724609375,46.1624755859375,0.421648234128952,-1,-1,-1
215,23,2957.0458984375,543.9511108398438,19.6123046875,40.486328125,0.5819289088249207,-1,-1,-1
216,6,4166.1162109375,803.6923217773438,58.07861328125,99.149658203125,0.7208011150360107,-1,-1,-1
216,8,2773.060791015625,675.9359741210938,32.5517578125,76.0706787109375,0.6688439846038818,-1,-1,-1
216,334,3775.022216796875,542.152099609375,22.9619140625,67.38397216796875,0.46397557854652405,-1,-1,-1
216,1,3234.7119140625,623.3728637695312,24.4423828125,58.94683837890625,0.28924041986465454,-1,-1,-1
216,327,3829.5751953125,581.2819213867188,19.847412109375,50.07757568359375,0.38603028655052185,-1,-1,-1
216,4,3039.989501953125,565.1549072265625,28.01025390625,47.0406494140625,0.3698171377182007,-1,-1,-1
216,23,2959.09423828125,543.6016235351562,19.346923828125,39.78594970703125,0.5695109963417053,-1,-1,-1
216,330,4168.64990234375,533.7388305664062,17.3525390625,30.207275390625,0.38696521520614624,-1,-1,-1
217,6,4169.3837890625,803.7564086914062,59.91796875,98.4385986328125,0.7213492393493652,-1,-1,-1
217,8,2781.025634765625,676.800537109375,28.899169921875,73.786865234375,0.6799076199531555,-1,-1,-1
217,334,3776.0546875,541.708251953125,23.615478515625,68.40093994140625,0.31198203563690186,-1,-1,-1
217,327,3830.289306640625,580.5804443359375,20.602783203125,49.05120849609375,0.30006542801856995,-1,-1,-1
217,4,3046.23828125,565.4283447265625,24.890380859375,42.41839599609375,0.3371965289115906,-1,-1,-1
217,23,2962.847412109375,542.99853515625,16.751220703125,38.795654296875,0.5691183805465698,-1,-1,-1
217,330,4169.3544921875,533.7883911132812,17.0009765625,29.631103515625,0.3586629629135132,-1,-1,-1
217,5,3266.5625,562.5762329101562,15.8427734375,35.403076171875,0.26907843351364136,-1,-1,-1
218,6,4175.40478515625,803.4869995117188,59.55322265625,99.90240478515625,0.7415536642074585,-1,-1,-1
218,8,2786.005615234375,676.056884765625,28.38427734375,73.53662109375,0.7565831542015076,-1,-1,-1
218,334,3776.348388671875,539.9006958007812,24.3359375,71.29296875,0.2756045162677765,-1,-1,-1
218,327,3830.56591796875,578.8157348632812,22.339599609375,48.72283935546875,0.27366432547569275,-1,-1,-1
218,4,3051.034912109375,564.9298095703125,25.5234375,46.1986083984375,0.2852414846420288,-1,-1,-1
218,23,2964.75048828125,543.261962890625,18.83203125,36.75347900390625,0.36994439363479614,-1,-1,-1
218,330,4170.62548828125,531.0269775390625,16.26708984375,32.881103515625,0.40182623267173767,-1,-1,-1
218,5,3270.156494140625,565.2283935546875,16.193603515625,32.83038330078125,0.3014426529407501,-1,-1,-1
218,1,3245.241455078125,624.0131225585938,23.127685546875,59.86419677734375,0.27159813046455383,-1,-1,-1
219,6,4185.52587890625,802.2112426757812,54.52099609375,102.88079833984375,0.6994206309318542,-1,-1,-1
219,8,2788.06494140625,674.6831665039062,30.80517578125,75.634033203125,0.8176601529121399,-1,-1,-1
219,334,3776.422119140625,539.89990234375,26.681884765625,71.1552734375,0.2571548521518707,-1,-1,-1
219,327,3830.6611328125,578.5745239257812,22.923095703125,49.09466552734375,0.2676653265953064,-1,-1,-1
219,4,3053.842041015625,563.9066162109375,25.502685546875,47.521484375,0.29704102873802185,-1,-1,-1
219,330,4172.548828125,531.2211303710938,15.07666015625,32.43768310546875,0.46795257925987244,-1,-1,-1
219,5,3271.432373046875,566.0044555664062,16.36962890625,31.051025390625,0.3219367563724518,-1,-1,-1
219,349,3734.079345703125,518.330322265625,20.947021484375,44.573486328125,0.39066845178604126,-1,-1,-1
219,1,3246.255859375,626.0372314453125,28.0537109375,58.73046875,0.4616829752922058,-1,-1,-1
220,6,4193.3037109375,802.8892822265625,51.14990234375,102.45904541015625,0.742570161819458,-1,-1,-1
220,8,2793.115966796875,673.4530029296875,31.954345703125,76.873046875,0.744543194770813,-1,-1,-1
220,334,3779.492431640625,541.6062622070312,27.300537109375,67.1922607421875,0.30722880363464355,-1,-1,-1
220,4,3058.48291015625,564.0174560546875,23.078369140625,48.4849853515625,0.44473186135292053,-1,-1,-1
220,330,4173.26513671875,535.1013793945312,15.06396484375,27.9337158203125,0.39406195282936096,-1,-1,-1
220,5,3273.80517578125,561.5969848632812,19.843505859375,35.25830078125,0.37174370884895325,-1,-1,-1
220,349,3735.854248046875,518.413330078125,19.60498046875,42.9228515625,0.3978753387928009,-1,-1,-1
220,1,3247.543212890625,624.3461303710938,32.13623046875,60.92559814453125,0.5606316328048706,-1,-1,-1
221,6,4197.6064453125,804.5193481445312,49.921875,100.8675537109375,0.7592020630836487,-1,-1,-1
221,8,2794.554443359375,671.3280029296875,37.849365234375,80.49835205078125,0.6491482853889465,-1,-1,-1
221,334,3781.80419921875,542.8240966796875,26.548828125,63.61175537109375,0.42354264855384827,-1,-1,-1
221,4,3061.612548828125,564.9459838867188,23.07958984375,48.2967529296875,0.44860517978668213,-1,-1,-1
221,330,4174.3173828125,534.5526733398438,14.796875,28.61309814453125,0.41832834482192993,-1,-1,-1
221,5,3276.62158203125,560.3662719726562,21.150390625,36.247802734375,0.38349461555480957,-1,-1,-1
221,349,3736.77880859375,518.1975708007812,19.860107421875,39.940185546875,0.4404366612434387,-1,-1,-1
221,1,3251.501708984375,623.9802856445312,34.088623046875,59.88812255859375,0.5203514695167542,-1,-1,-1
221,23,2972.283935546875,543.6834716796875,21.654296875,35.989013671875,0.33036866784095764,-1,-1,-1
222,6,4201.50634765625,806.3854370117188,49.71923828125,99.8419189453125,0.7440229058265686,-1,-1,-1
222,8,2797.4091796875,671.6007690429688,40.5009765625,78.20355224609375,0.6297177672386169,-1,-1,-1
222,334,3783.445556640625,542.7403564453125,25.134765625,59.481689453125,0.41698479652404785,-1,-1,-1
222,4,3064.8642578125,565.724609375,22.1103515625,47.44012451171875,0.48220372200012207,-1,-1,-1
222,330,4175.43505859375,535.1181640625,14.5654296875,28.3529052734375,0.41593533754348755,-1,-1,-1
222,5,3280.2041015625,560.2448120117188,21.34814453125,36.4837646484375,0.3612487018108368,-1,-1,-1
222,349,3738.17626953125,517.758544921875,19.274169921875,39.68585205078125,0.40462416410446167,-1,-1,-1
222,1,3252.909912109375,626.0198974609375,37.65283203125,55.80560302734375,0.3361666202545166,-1,-1,-1
222,23,2973.8359375,543.2791137695312,22.133056640625,36.6856689453125,0.33126866817474365,-1,-1,-1
223,6,4206.771484375,808.0972900390625,47.4453125,98.95147705078125,0.7488618493080139,-1,-1,-1
223,8,2805.908203125,671.2008056640625,36.983154296875,75.7177734375,0.6683084964752197,-1,-1,-1
223,334,3785.17041015625,542.5637817382812,23.468994140625,57.26708984375,0.4783308207988739,-1,-1,-1
223,4,3068.384033203125,565.7908935546875,23.709228515625,46.84100341796875,0.3573184013366699,-1,-1,-1
223,330,4176.126953125,535.2897338867188,14.5576171875,27.95782470703125,0.38312628865242004,-1,-1,-1
223,5,3284.23876953125,560.1008911132812,20.8154296875,38.35162353515625,0.4205533564090729,-1,-1,-1
223,349,3739.85302734375,519.156494140625,18.0615234375,37.52325439453125,0.33241409063339233,-1,-1,-1
223,1,3258.785888671875,625.1041259765625,35.993896484375,55.5499267578125,0.2718955874443054,-1,-1,-1
223,23,2976.43408203125,543.1253662109375,21.251953125,36.11474609375,0.3506251275539398,-1,-1,-1
224,6,4213.615234375,808.4700927734375,45.72412109375,98.76849365234375,0.7622279524803162,-1,-1,-1
224,8,2812.564697265625,672.0086059570312,34.69580078125,74.84259033203125,0.6992735862731934,-1,-1,-1
224,334,3787.002685546875,541.4622192382812,22.182373046875,57.416259765625,0.48106977343559265,-1,-1,-1
224,4,3071.48388671875,565.7302856445312,24.00927734375,46.336181640625,0.3970087468624115,-1,-1,-1
224,330,4177.51416015625,535.4738159179688,14.158203125,27.987548828125,0.4100129008293152,-1,-1,-1
224,5,3287.484619140625,561.3251342773438,22.9248046875,37.42706298828125,0.28157803416252136,-1,-1,-1
224,349,3742.01123046875,516.2739868164062,17.775146484375,41.2073974609375,0.34195223450660706,-1,-1,-1
224,1,3266.49267578125,624.5189819335938,31.87451171875,55.66070556640625,0.4423183500766754,-1,-1,-1
224,23,2979.568115234375,542.7584228515625,20.179443359375,36.792724609375,0.36345237493515015,-1,-1,-1
225,6,4218.73388671875,806.7528076171875,47.00048828125,101.5401611328125,0.7731172442436218,-1,-1,-1
225,8,2820.22314453125,671.31201171875,31.55029296875,73.83026123046875,0.6816152334213257,-1,-1,-1
225,334,3787.593505859375,541.8222045898438,21.8291015625,57.807861328125,0.5387722253799438,-1,-1,-1
225,330,4178.39306640625,535.06396484375,13.97412109375,28.86474609375,0.42914074659347534,-1,-1,-1
225,349,3743.439208984375,516.5497436523438,17.216552734375,42.8441162109375,0.4155248701572418,-1,-1,-1
225,1,3275.199462890625,625.1923828125,27.8046875,55.3896484375,0.48274263739585876,-1,-1,-1
225,23,2982.417236328125,543.1416625976562,20.7666015625,36.238037109375,0.3996618390083313,-1,-1,-1
225,327,3844.043212890625,581.5330810546875,19.017333984375,39.41119384765625,0.37799203395843506,-1,-1,-1
226,6,4221.25146484375,806.0082397460938,50.859375,103.008544921875,0.7678390145301819,-1,-1,-1
226,8,2827.57421875,671.4622802734375,29.03564453125,74.239990234375,0.6256958842277527,-1,-1,-1
226,334,3788.788330078125,541.3892211914062,21.48095703125,58.1490478515625,0.5717799067497253,-1,-1,-1
226,330,4179.31494140625,533.6657104492188,13.923828125,29.193115234375,0.4437514543533325,-1,-1,-1
226,349,3744.120849609375,517.5230712890625,17.6552734375,42.733154296875,0.3507431745529175,-1,-1,-1
226,1,3281.372802734375,624.7158203125,23.581298828125,55.86883544921875,0.443637490272522,-1,-1,-1
226,23,2984.4912109375,543.4462280273438,20.9765625,35.5733642578125,0.4168643355369568,-1,-1,-1
226,327,3845.9541015625,581.1311645507812,18.13134765625,39.43890380859375,0.458855539560318,-1,-1,-1
227,6,4221.775390625,805.7608642578125,54.9951171875,102.7528076171875,0.7287414073944092,-1,-1,-1
227,8,2833.682373046875,671.56982421875,27.53271484375,72.4078369140625,0.6331522464752197,-1,-1,-1
227,334,3789.500732421875,541.5610961914062,22.208740234375,58.190185546875,0.580752432346344,-1,-1,-1
227,330,4180.3515625,532.6436767578125,13.81201171875,29.9788818359375,0.4492834806442261,-1,-1,-1
227,349,3745.85595703125,521.1198120117188,16.232421875,39.16217041015625,0.3159037232398987,-1,-1,-1
227,1,3286.659423828125,623.6660766601562,24.4951171875,54.15985107421875,0.4686864912509918,-1,-1,-1
227,23,2987.560791015625,543.3975219726562,18.682861328125,35.20849609375,0.49901917576789856,-1,-1,-1
227,327,3846.769287109375,579.7977905273438,18.53173828125,40.027099609375,0.4404924213886261,-1,-1,-1
228,6,4222.09326171875,805.5286254882812,60.8935546875,103.98980712890625,0.7193731665611267,-1,-1,-1
228,8,2836.56787109375,671.4722290039062,30.26318359375,73.59613037109375,0.7361924052238464,-1,-1,-1
228,334,3789.82958984375,541.0049438476562,24.005126953125,58.30316162109375,0.5637198686599731,-1,-1,-1
228,330,4180.9306640625,532.580322265625,14.26611328125,29.93658447265625,0.4577723741531372,-1,-1,-1
228,349,3747.743896484375,519.3206787109375,15.681884765625,39.81378173828125,0.33257538080215454,-1,-1,-1
228,1,3289.619873046875,623.4317016601562,25.737060546875,54.4024658203125,0.2862550616264343,-1,-1,-1
228,23,2990.271240234375,542.7108154296875,16.803955078125,36.52587890625,0.5094042420387268,-1,-1,-1
228,327,3847.4365234375,576.5332641601562,19.43408203125,44.01031494140625,0.4377461373806,-1,-1,-1
228,4,3085.909423828125,562.9235229492188,22.55712890625,41.3790283203125,0.31936344504356384,-1,-1,-1
229,6,4225.91259765625,806.340576171875,60.85205078125,103.26751708984375,0.7435963153839111,-1,-1,-1
229,8,2838.658447265625,670.3838500976562,33.48095703125,75.14166259765625,0.8082565069198608,-1,-1,-1
229,334,3791.6142578125,539.5505981445312,23.253662109375,58.6141357421875,0.6284170150756836,-1,-1,-1
229,330,4181.11572265625,533.050048828125,14.3994140625,29.17578125,0.43677589297294617,-1,-1,-1
229,1,3293.28076171875,620.8243408203125,27.7470703125,56.5299072265625,0.42590388655662537,-1,-1,-1
229,23,2991.645263671875,540.860107421875,17.385986328125,39.27032470703125,0.39354830980300903,-1,-1,-1
229,327,3848.161376953125,574.6695556640625,19.990234375,44.06329345703125,0.35907623171806335,-1,-1,-1
229,4,3090.230712890625,561.9905395507812,20.776123046875,43.32244873046875,0.39773303270339966,-1,-1,-1
230,6,4232.40966796875,807.2897338867188,59.150390625,103.69970703125,0.6999185681343079,-1,-1,-1
230,8,2843.58984375,668.1419677734375,34.064208984375,77.32196044921875,0.7728418707847595,-1,-1,-1
230,334,3793.4345703125,539.0922241210938,23.69677734375,59.48126220703125,0.5745397806167603,-1,-1,-1
230,330,4180.88037109375,530.4360961914062,14.716796875,32.2987060546875,0.44738802313804626,-1,-1,-1
230,1,3296.12939453125,618.4534912109375,30.556396484375,56.54132080078125,0.4959762990474701,-1,-1,-1
230,327,3849.58447265625,573.646728515625,20.059814453125,42.15216064453125,0.37194350361824036,-1,-1,-1
230,4,3093.38134765625,561.7280883789062,20.909423828125,44.76251220703125,0.43981581926345825,-1,-1,-1
230,349,3748.679931640625,517.8162231445312,19.1708984375,34.5672607421875,0.33645614981651306,-1,-1,-1
231,6,4239.72021484375,808.6233520507812,56.3330078125,103.1041259765625,0.763107419013977,-1,-1,-1
231,8,2846.035888671875,666.9402465820312,38.743896484375,76.0352783203125,0.6493920087814331,-1,-1,-1
231,334,3794.8916015625,539.6959228515625,23.15771484375,58.189208984375,0.6116805672645569,-1,-1,-1
231,330,4180.81396484375,527.7720336914062,15.30712890625,35.3292236328125,0.4278055429458618,-1,-1,-1
231,1,3297.350830078125,617.2645874023438,34.050048828125,57.3614501953125,0.5525646209716797,-1,-1,-1
231,327,3850.534423828125,573.1751708984375,19.94140625,42.1058349609375,0.43589258193969727,-1,-1,-1
231,4,3094.933837890625,562.159423828125,21.665771484375,45.30133056640625,0.49043601751327515,-1,-1,-1
231,349,3749.578369140625,517.6521606445312,20.160888671875,32.1856689453125,0.41200336813926697,-1,-1,-1
232,6,4248.17822265625,809.5791015625,51.97802734375,102.80712890625,0.7505718469619751,-1,-1,-1
232,8,2849.1982421875,667.1278076171875,41.113525390625,74.4759521484375,0.6273018717765808,-1,-1,-1
232,334,3796.9814453125,539.4852294921875,21.21923828125,55.8304443359375,0.6519252061843872,-1,-1,-1
232,330,4181.20947265625,527.76513671875,15.6845703125,34.9151611328125,0.4767148792743683,-1,-1,-1
232,1,3302.283935546875,616.4544067382812,33.359130859375,56.13348388671875,0.4356066584587097,-1,-1,-1
232,327,3851.662841796875,573.505126953125,19.5263671875,40.8240966796875,0.3859650790691376,-1,-1,-1
232,4,3098.07421875,561.3152465820312,21.87939453125,46.36083984375,0.44692134857177734,-1,-1,-1
232,349,3750.27685546875,517.9834594726562,22.43115234375,31.59625244140625,0.38312262296676636,-1,-1,-1
233,6,4254.8818359375,809.8670654296875,50.099609375,103.88763427734375,0.7746059894561768,-1,-1,-1
233,8,2857.748046875,667.5469970703125,37.850830078125,71.06573486328125,0.6269318461418152,-1,-1,-1
233,334,3798.677978515625,539.7514038085938,19.751220703125,53.38287353515625,0.6257489323616028,-1,-1,-1
233,330,4181.4697265625,527.9577026367188,15.7080078125,33.89794921875,0.4752252697944641,-1,-1,-1
233,1,3310.5380859375,616.7127075195312,29.187255859375,53.531494140625,0.42158040404319763,-1,-1,-1
233,327,3853.65185546875,573.1004028320312,17.843994140625,40.9425048828125,0.4301052689552307,-1,-1,-1
233,4,3102.0048828125,562.0833740234375,20.029052734375,44.03192138671875,0.42621827125549316,-1,-1,-1
233,349,3752.210205078125,518.171875,22.43115234375,29.74700927734375,0.3278319835662842,-1,-1,-1
234,6,4259.47265625,809.4144897460938,49.8759765625,105.0875244140625,0.7505900859832764,-1,-1,-1
234,8,2865.35791015625,666.7955932617188,34.052978515625,72.826171875,0.6776814460754395,-1,-1,-1
234,334,3800.10986328125,540.8660278320312,18.70751953125,50.9935302734375,0.7008488178253174,-1,-1,-1
234,330,4181.548828125,526.9414672851562,15.93017578125,34.304931640625,0.4362218976020813,-1,-1,-1
234,1,3316.059814453125,617.8641967773438,24.517822265625,54.15753173828125,0.2971404194831848,-1,-1,-1
234,327,3854.841796875,572.5990600585938,16.991943359375,41.66448974609375,0.3889978528022766,-1,-1,-1
234,4,3106.6181640625,562.6091918945312,19.021728515625,39.6231689453125,0.3388391435146332,-1,-1,-1
235,6,4263.35107421875,809.374755859375,51.3857421875,104.813232421875,0.7338319420814514,-1,-1,-1
235,8,2869.64599609375,667.70263671875,32.27880859375,72.221435546875,0.7044600248336792,-1,-1,-1
235,334,3802.356689453125,541.2490234375,16.8203125,47.62353515625,0.6899503469467163,-1,-1,-1
235,330,4181.64453125,526.5269165039062,15.994140625,34.329833984375,0.44599321484565735,-1,-1,-1
235,327,3856.219482421875,571.8994750976562,16.583251953125,42.42510986328125,0.3062754273414612,-1,-1,-1
235,4,3108.8544921875,560.4266967773438,21.30419921875,40.8056640625,0.27649304270744324,-1,-1,-1
235,23,3005.49853515625,537.4527587890625,19.15771484375,37.67333984375,0.36856672167778015,-1,-1,-1
236,6,4265.6767578125,809.2551879882812,53.67431640625,102.480224609375,0.7372627258300781,-1,-1,-1
236,8,2877.042724609375,667.3289794921875,30.3056640625,72.7882080078125,0.6628785133361816,-1,-1,-1
236,334,3803.219970703125,541.7985229492188,18.094970703125,47.3734130859375,0.4816622734069824,-1,-1,-1
236,330,4181.83642578125,526.2314453125,16.5380859375,34.62359619140625,0.4105693995952606,-1,-1,-1
236,327,3857.162353515625,571.28515625,16.423583984375,42.507080078125,0.33327388763427734,-1,-1,-1
236,4,3110.8720703125,558.1552124023438,22.8134765625,43.79815673828125,0.3476581275463104,-1,-1,-1
236,23,3009.0166015625,535.994140625,18.02978515625,39.04132080078125,0.3639977276325226,-1,-1,-1
236,349,3760.92724609375,514.9095458984375,21.439697265625,35.86651611328125,0.4194628596305847,-1,-1,-1
237,6,4270.66796875,808.1126098632812,53.0341796875,103.19512939453125,0.7400238513946533,-1,-1,-1
237,8,2883.969482421875,667.756103515625,27.0556640625,73.37701416015625,0.4765433669090271,-1,-1,-1
237,334,3803.980224609375,547.3701171875,20.0556640625,43.0213623046875,0.36975863575935364,-1,-1,-1
237,330,4182.09423828125,527.5267944335938,17.296875,33.64404296875,0.37250059843063354,-1,-1,-1
237,327,3857.337890625,570.84814453125,19.171875,40.54217529296875,0.36141347885131836,-1,-1,-1
237,4,3114.673583984375,557.3800048828125,22.30859375,44.5079345703125,0.35839998722076416,-1,-1,-1
237,23,3011.43994140625,538.1278076171875,17.57861328125,36.49591064453125,0.4125092327594757,-1,-1,-1
237,349,3762.23779296875,514.8536376953125,22.0439453125,35.4232177734375,0.3802913427352905,-1,-1,-1
238,6,4275.81982421875,806.8279418945312,52.6904296875,105.7039794921875,0.782780647277832,-1,-1,-1
238,8,2888.014892578125,667.2649536132812,27.18359375,71.965087890625,0.6005279421806335,-1,-1,-1
238,334,3804.226806640625,549.38037109375,21.684814453125,40.63330078125,0.37307626008987427,-1,-1,-1
238,330,4182.25048828125,528.8646240234375,17.92919921875,32.864013671875,0.3762155771255493,-1,-1,-1
238,327,3858.14892578125,570.2149047851562,19.912353515625,39.2523193359375,0.43539881706237793,-1,-1,-1
238,4,3116.826904296875,558.6696166992188,24.063720703125,42.72540283203125,0.3679443895816803,-1,-1,-1
238,23,3014.251953125,538.0592651367188,16.821533203125,36.50030517578125,0.3758818507194519,-1,-1,-1
238,349,3765.243896484375,513.8062133789062,22.81396484375,37.33447265625,0.3976166844367981,-1,-1,-1
238,1,3335.345458984375,615.4811401367188,26.623779296875,57.040283203125,0.5538628101348877,-1,-1,-1
239,6,4281.56689453125,807.157470703125,51.03857421875,106.7745361328125,0.7467746138572693,-1,-1,-1
239,8,2890.854248046875,666.9810791015625,30.05078125,71.69329833984375,0.7232163548469543,-1,-1,-1
239,334,3805.939697265625,550.377197265625,21.8427734375,38.59356689453125,0.39215323328971863,-1,-1,-1
239,330,4182.34423828125,528.6181030273438,18.56005859375,33.42340087890625,0.34458762407302856,-1,-1,-1
239,327,3858.98828125,570.3851318359375,19.95263671875,35.9027099609375,0.4479064643383026,-1,-1,-1
239,4,3118.217529296875,557.8429565429688,25.30126953125,42.9547119140625,0.4026734232902527,-1,-1,-1
239,23,3017.446533203125,537.7083740234375,15.75927734375,37.51043701171875,0.3958151340484619,-1,-1,-1
239,349,3766.396240234375,513.546142578125,23.927734375,37.88238525390625,0.3387981951236725,-1,-1,-1
239,1,3337.23974609375,615.0470581054688,30.2109375,57.73291015625,0.5655986070632935,-1,-1,-1
240,6,4288.81982421875,807.6414794921875,47.15380859375,105.87744140625,0.7296059727668762,-1,-1,-1
240,8,2895.025390625,666.8098754882812,30.5087890625,71.55255126953125,0.7633568048477173,-1,-1,-1
240,334,3808.224365234375,550.443359375,22.595703125,38.38092041015625,0.37379637360572815,-1,-1,-1
240,330,4182.49755859375,527.8494262695312,18.931640625,33.739501953125,0.29889482259750366,-1,-1,-1
240,327,3860.12255859375,570.1112670898438,20.189697265625,33.84521484375,0.3879220485687256,-1,-1,-1
240,4,3123.053466796875,558.0948486328125,24.13671875,44.46990966796875,0.3433334529399872,-1,-1,-1
240,349,3770.862548828125,514.2194213867188,22.953125,37.11907958984375,0.30131545662879944,-1,-1,-1
240,1,3340.51025390625,613.8838500976562,30.34326171875,58.107421875,0.2655555009841919,-1,-1,-1
241,6,4294.4560546875,807.5145263671875,46.634765625,104.7818603515625,0.7352293133735657,-1,-1,-1
241,8,2897.4462890625,665.3880615234375,34.214599609375,70.93743896484375,0.7092791795730591,-1,-1,-1
241,330,4182.67041015625,527.485595703125,19.4189453125,33.87835693359375,0.27077433466911316,-1,-1,-1
241,327,3861.623291015625,572.0048217773438,20.39794921875,29.82989501953125,0.3793524503707886,-1,-1,-1
241,349,3771.991943359375,513.9422607421875,24.349609375,36.86376953125,0.298459529876709,-1,-1,-1
241,1,3346.7255859375,610.945068359375,29.38330078125,56.2418212890625,0.30169034004211426,-1,-1,-1
242,6,4298.578125,810.0963134765625,45.7177734375,100.90521240234375,0.745086133480072,-1,-1,-1
242,8,2899.714599609375,664.80078125,39.09912109375,71.36492919921875,0.5839008688926697,-1,-1,-1
242,327,3862.245849609375,573.8916625976562,20.403564453125,28.7467041015625,0.3322954773902893,-1,-1,-1
242,1,3351.479248046875,611.1766357421875,28.647705078125,53.89471435546875,0.3348310887813568,-1,-1,-1
242,334,3811.61865234375,542.7333374023438,23.14990234375,41.159423828125,0.33600714802742004,-1,-1,-1
243,6,4304.8310546875,811.0933227539062,43.42333984375,100.68072509765625,0.7369562387466431,-1,-1,-1
243,8,2904.947998046875,666.0955200195312,38.60400390625,69.75445556640625,0.48510897159576416,-1,-1,-1
243,327,3864.529296875,574.5020141601562,20.90771484375,27.84442138671875,0.36585021018981934,-1,-1,-1
243,1,3355.530029296875,611.7686767578125,29.232421875,55.383544921875,0.3094853460788727,-1,-1,-1
243,334,3813.8046875,541.7930908203125,22.135009765625,41.72088623046875,0.4066433310508728,-1,-1,-1
244,6,4309.2685546875,811.1411743164062,43.31201171875,100.406005859375,0.7484753131866455,-1,-1,-1
244,8,2915.657470703125,666.072265625,30.038330078125,69.33331298828125,0.5727441310882568,-1,-1,-1
244,327,3865.5830078125,574.7637939453125,22.120361328125,28.2891845703125,0.25187790393829346,-1,-1,-1
244,1,3362.875,612.6697998046875,25.494873046875,54.77447509765625,0.3057650625705719,-1,-1,-1
244,334,3814.731689453125,541.26025390625,22.065673828125,41.9141845703125,0.40754663944244385,-1,-1,-1
245,6,4313.17626953125,810.5010375976562,44.37255859375,102.5111083984375,0.7753103971481323,-1,-1,-1
245,8,2920.2734375,665.7472534179688,30.731689453125,70.519775390625,0.6524448990821838,-1,-1,-1
245,1,3369.7626953125,613.314453125,21.399169921875,51.60113525390625,0.34428784251213074,-1,-1,-1
245,334,3816.68798828125,541.5835571289062,21.945068359375,40.77984619140625,0.4506809413433075,-1,-1,-1
245,23,3030.81201171875,534.998046875,18.99267578125,37.65283203125,0.3034731149673462,-1,-1,-1
246,6,4314.609375,809.1629028320312,47.49365234375,104.54254150390625,0.7849059104919434,-1,-1,-1
246,8,2927.611083984375,666.003662109375,27.215087890625,69.380615234375,0.6314855813980103,-1,-1,-1
246,1,3372.877685546875,613.6544189453125,22.08203125,51.7965087890625,0.3420216739177704,-1,-1,-1
246,334,3818.447021484375,540.0191650390625,23.041259765625,41.30718994140625,0.44138479232788086,-1,-1,-1
246,23,3033.182373046875,535.182861328125,18.755859375,36.9677734375,0.33652615547180176,-1,-1,-1
247,6,4314.9111328125,809.68212890625,52.7353515625,102.14410400390625,0.7806100845336914,-1,-1,-1
247,8,2934.4033203125,664.1064453125,26.2998046875,70.71124267578125,0.5333950519561768,-1,-1,-1
247,1,3374.3818359375,612.6425170898438,26.009521484375,52.1832275390625,0.3722642660140991,-1,-1,-1
247,334,3820.681640625,538.8477783203125,22.900634765625,42.86798095703125,0.45500457286834717,-1,-1,-1
247,23,3036.43505859375,535.6082153320312,16.563232421875,36.20574951171875,0.3408419191837311,-1,-1,-1
247,365,3362.416259765625,547.9937133789062,20.624267578125,37.25079345703125,0.42146971821784973,-1,-1,-1
248,6,4316.66650390625,810.4463500976562,57.48095703125,99.997314453125,0.7847980856895447,-1,-1,-1
248,8,2939.039794921875,663.9948120117188,26.05224609375,69.60125732421875,0.5735116600990295,-1,-1,-1
248,1,3379.696533203125,612.6121826171875,25.477783203125,50.044677734375,0.49753668904304504,-1,-1,-1
248,334,3823.821533203125,534.8234252929688,21.359619140625,46.1787109375,0.5824965834617615,-1,-1,-1
248,23,3038.61474609375,535.6155395507812,16.95703125,36.285888671875,0.3374859094619751,-1,-1,-1
248,365,3363.19580078125,546.7685546875,21.77001953125,35.46258544921875,0.3281738758087158,-1,-1,-1
248,4,3147.09521484375,555.80029296875,21.7373046875,47.08758544921875,0.411470502614975,-1,-1,-1
249,6,4319.84716796875,812.1234741210938,59.77294921875,98.296630859375,0.7920855283737183,-1,-1,-1
249,8,2942.09326171875,664.048095703125,28.0712890625,70.39556884765625,0.51604825258255,-1,-1,-1
249,1,3380.10107421875,610.87744140625,31.375244140625,53.60333251953125,0.5150982737541199,-1,-1,-1
249,334,3826.533447265625,531.8064575195312,19.603271484375,49.03985595703125,0.4706747233867645,-1,-1,-1
249,23,3041.657470703125,534.9986572265625,16.42236328125,37.21368408203125,0.33586668968200684,-1,-1,-1
249,365,3364.092529296875,546.2914428710938,22.58349609375,34.57867431640625,0.252510666847229,-1,-1,-1
249,4,3151.737548828125,555.3353271484375,22.236572265625,46.33636474609375,0.3243623673915863,-1,-1,-1
250,6,4324.73388671875,813.169189453125,58.515625,97.84698486328125,0.7599023580551147,-1,-1,-1
250,8,2944.5517578125,662.6510009765625,30.7900390625,71.77276611328125,0.6954770088195801,-1,-1,-1
250,1,3385.26220703125,610.4444580078125,30.562255859375,50.57489013671875,0.5016567707061768,-1,-1,-1
250,334,3827.6337890625,533.263671875,19.35693359375,49.16351318359375,0.5287324786186218,-1,-1,-1
250,23,3044.2265625,534.12548828125,15.8408203125,38.2388916015625,0.29550811648368835,-1,-1,-1
250,4,3154.3759765625,554.5458984375,23.56103515625,47.41729736328125,0.35087186098098755,-1,-1,-1
251,6,4330.8681640625,812.2299194335938,57.07373046875,100.3380126953125,0.7410106658935547,-1,-1,-1
251,8,2945.252197265625,659.6270751953125,36.909912109375,74.51947021484375,0.6932699084281921,-1,-1,-1
251,1,3392.416015625,608.9256591796875,27.8701171875,48.56866455078125,0.3445613384246826,-1,-1,-1
251,334,3828.349609375,532.1897583007812,21.25439453125,49.8814697265625,0.4009750783443451,-1,-1,-1
251,4,3157.62939453125,555.3099365234375,22.53515625,43.40087890625,0.2703498303890228,-1,-1,-1
251,327,3879.62744140625,568.90234375,18.505859375,36.5928955078125,0.3555236756801605,-1,-1,-1
252,6,4337.5908203125,813.5972900390625,55.92578125,99.45208740234375,0.7308847308158875,-1,-1,-1
252,8,2947.7822265625,660.3244018554688,39.0986328125,72.64068603515625,0.6354674100875854,-1,-1,-1
252,334,3824.00830078125,528.5866088867188,27.0859375,50.73907470703125,0.4393478333950043,-1,-1,-1
252,327,3882.39111328125,568.10595703125,17.946533203125,37.50537109375,0.3502871096134186,-1,-1,-1
253,6,4348.10888671875,813.8053588867188,51.6171875,98.930419921875,0.5075399875640869,-1,-1,-1
253,8,2955.704345703125,659.6295776367188,34.779296875,72.38482666015625,0.40814948081970215,-1,-1,-1
253,334,3824.31591796875,525.635009765625,28.905517578125,51.85015869140625,0.2793366611003876,-1,-1,-1
254,6,4354.453125,815.530517578125,50.1005859375,96.16412353515625,0.6400536894798279,-1,-1,-1
254,8,2965.728759765625,661.5535278320312,29.731201171875,71.22369384765625,0.408019095659256,-1,-1,-1
254,334,3825.714111328125,526.2666015625,32.44384765625,53.97857666015625,0.3182743787765503,-1,-1,-1
254,4,3168.105712890625,556.5421142578125,18.964599609375,42.96826171875,0.31753867864608765,-1,-1,-1
255,6,4356.9873046875,815.5925903320312,54.4638671875,95.7987060546875,0.5724743008613586,-1,-1,-1
255,8,2972.88623046875,663.0606079101562,24.71728515625,69.4735107421875,0.40138447284698486,-1,-1,-1
255,334,3827.527099609375,525.3825073242188,33.12744140625,54.05780029296875,0.34507909417152405,-1,-1,-1
255,4,3171.887451171875,557.374267578125,17.278076171875,41.448486328125,0.3229316174983978,-1,-1,-1
256,6,4358.6181640625,811.6238403320312,58.89453125,99.5277099609375,0.7384440898895264,-1,-1,-1
256,8,2977.026611328125,662.15234375,24.896484375,69.45751953125,0.6282893419265747,-1,-1,-1
256,334,3828.7451171875,524.8043823242188,35.092041015625,53.78564453125,0.28104713559150696,-1,-1,-1
256,4,3174.382568359375,558.0970458984375,17.909423828125,40.09222412109375,0.27019014954566956,-1,-1,-1
256,23,3055.4560546875,531.072998046875,20.09033203125,35.99151611328125,0.3037438988685608,-1,-1,-1
257,6,4361.84912109375,812.6381225585938,61.578125,96.238037109375,0.4921703636646271,-1,-1,-1
257,8,2982.143310546875,661.669189453125,24.091796875,70.45855712890625,0.5557317733764648,-1,-1,-1
257,334,3833.96826171875,524.0086669921875,31.529052734375,53.15802001953125,0.37481632828712463,-1,-1,-1
257,23,3058.234375,530.0056762695312,18.656494140625,34.34747314453125,0.3456849753856659,-1,-1,-1
257,1,3417.68701171875,606.5980834960938,27.207275390625,49.13226318359375,0.29094287753105164,-1,-1,-1
258,6,4364.7880859375,811.8817749023438,64.94189453125,96.324951171875,0.576227605342865,-1,-1,-1
258,8,2985.859130859375,661.3419189453125,25.79150390625,69.30694580078125,0.6874678730964661,-1,-1,-1
258,334,3837.0439453125,524.5718994140625,30.77294921875,53.80120849609375,0.5064132213592529,-1,-1,-1
258,23,3061.23388671875,530.8934326171875,17.214111328125,34.27435302734375,0.39606770873069763,-1,-1,-1
258,1,3421.024658203125,607.2727661132812,28.11865234375,48.6409912109375,0.3731423318386078,-1,-1,-1
258,4,3179.109375,557.3557739257812,19.017822265625,40.41473388671875,0.3230869770050049,-1,-1,-1
259,6,4369.58984375,811.830810546875,64.9287109375,95.9302978515625,0.6792020797729492,-1,-1,-1
259,8,2986.620361328125,660.5340576171875,30.76123046875,70.509033203125,0.633727490901947,-1,-1,-1
259,334,3838.399169921875,523.3972778320312,31.16064453125,55.8475341796875,0.49709993600845337,-1,-1,-1
259,23,3064.245849609375,532.3622436523438,16.63037109375,34.4696044921875,0.400088906288147,-1,-1,-1
259,374,3395.955322265625,547.7745971679688,19.40673828125,32.20758056640625,0.43126243352890015,-1,-1,-1
259,4,3180.316650390625,557.1778564453125,21.950439453125,41.3974609375,0.2680588960647583,-1,-1,-1
260,6,4372.4130859375,813.49609375,66.47265625,96.9029541015625,0.6362926363945007,-1,-1,-1
260,8,2991.275390625,658.98681640625,30.94384765625,71.17401123046875,0.6626299619674683,-1,-1,-1
260,334,3840.8740234375,523.5028076171875,30.850830078125,54.86224365234375,0.5191287398338318,-1,-1,-1
260,23,3066.218017578125,533.9784545898438,16.66552734375,32.324951171875,0.274705708026886,-1,-1,-1
260,374,3396.78955078125,545.8721313476562,21.271484375,35.05682373046875,0.2838951051235199,-1,-1,-1
260,1,3429.364013671875,603.1589965820312,28.525390625,50.015625,0.2667545974254608,-1,-1,-1
261,6,4382.09033203125,813.423583984375,61.41552734375,99.4415283203125,0.6730145215988159,-1,-1,-1
261,8,2997.363037109375,657.245361328125,28.74609375,71.26934814453125,0.5990568995475769,-1,-1,-1
261,334,3845.0849609375,525.158935546875,28.447021484375,52.6639404296875,0.5214876532554626,-1,-1,-1
261,23,3069.77587890625,533.5990600585938,15.240234375,32.0794677734375,0.2765714228153229,-1,-1,-1
261,1,3433.224853515625,601.6727905273438,27.73876953125,51.9468994140625,0.439958781003952,-1,-1,-1
262,6,4391.05810546875,815.2755737304688,58.3359375,99.97430419921875,0.7246102094650269,-1,-1,-1
262,8,2999.642333984375,656.4153442382812,32.79052734375,71.63018798828125,0.7032698392868042,-1,-1,-1
262,334,3848.1923828125,524.857177734375,28.035888671875,52.00628662109375,0.45561110973358154,-1,-1,-1
262,23,3072.208984375,533.2974853515625,15.46875,31.80938720703125,0.31100982427597046,-1,-1,-1
262,1,3440.12939453125,597.8125610351562,24.82666015625,56.07598876953125,0.5951381325721741,-1,-1,-1
263,6,4399.84521484375,815.897705078125,56.27734375,98.80548095703125,0.6509271264076233,-1,-1,-1
263,8,3002.61279296875,654.7498779296875,35.2470703125,72.7203369140625,0.7302882075309753,-1,-1,-1
263,334,3851.102783203125,522.6256103515625,29.480224609375,53.63848876953125,0.449788898229599,-1,-1,-1
263,23,3073.03125,530.9962768554688,16.81201171875,34.38262939453125,0.40851837396621704,-1,-1,-1
263,1,3445.093994140625,595.63037109375,21.8876953125,57.931884765625,0.6003555059432983,-1,-1,-1
263,4,3192.6865234375,557.3985595703125,20.015380859375,38.4127197265625,0.33826857805252075,-1,-1,-1
264,6,4403.4130859375,818.1185302734375,58.443359375,96.5882568359375,0.6350603699684143,-1,-1,-1
264,8,3009.433837890625,656.21875,31.52734375,71.07952880859375,0.7082513570785522,-1,-1,-1
264,334,3854.428955078125,520.9332885742188,28.50634765625,54.5435791015625,0.35610687732696533,-1,-1,-1
264,1,3450.101806640625,598.9229125976562,23.804443359375,55.24249267578125,0.33472850918769836,-1,-1,-1
265,6,4410.796875,817.0380859375,56.765625,95.7076416015625,0.7449092268943787,-1,-1,-1
265,8,3013.288818359375,658.4617309570312,30.319091796875,67.7156982421875,0.507638692855835,-1,-1,-1
265,334,3858.163818359375,521.3084716796875,24.475341796875,45.8294677734375,0.35413724184036255,-1,-1,-1
265,4,3200.693359375,557.7225341796875,17.126220703125,40.19500732421875,0.36211836338043213,-1,-1,-1
266,6,4414.93701171875,816.54345703125,59.32763671875,95.356201171875,0.7482718229293823,-1,-1,-1
266,8,3021.517578125,658.6251220703125,27.54931640625,68.35919189453125,0.5590975284576416,-1,-1,-1
266,334,3860.52783203125,521.6782836914062,23.186767578125,40.973876953125,0.30447351932525635,-1,-1,-1
266,4,3203.830078125,557.4554443359375,16.628173828125,39.74267578125,0.26318150758743286,-1,-1,-1
267,6,4415.2802734375,815.8169555664062,67.50830078125,97.89080810546875,0.7079954743385315,-1,-1,-1
267,8,3028.978515625,658.2183837890625,23.156494140625,66.62939453125,0.5757587552070618,-1,-1,-1
267,334,3864.73876953125,522.4614868164062,23.852783203125,47.57269287109375,0.3843478262424469,-1,-1,-1
268,6,4417.38134765625,815.7435302734375,72.103515625,97.84326171875,0.7132343053817749,-1,-1,-1
268,8,3032.596435546875,656.190673828125,23.302978515625,69.15625,0.6298268437385559,-1,-1,-1
268,334,3867.48828125,522.540283203125,23.2412109375,49.05584716796875,0.45684540271759033,-1,-1,-1
268,330,4196.91748046875,525.1879272460938,17.2021484375,33.1993408203125,0.3102128803730011,-1,-1,-1
268,23,3084.54248046875,531.5380859375,18.572021484375,31.74462890625,0.29503291845321655,-1,-1,-1
269,6,4420.16943359375,816.3676147460938,75.2333984375,96.72064208984375,0.7090749740600586,-1,-1,-1
269,8,3033.385986328125,654.3580322265625,26.760986328125,72.83685302734375,0.7561766505241394,-1,-1,-1
269,334,3868.84912109375,521.8385620117188,24.792236328125,51.6982421875,0.5294554829597473,-1,-1,-1
269,330,4196.95458984375,525.1896362304688,17.40625,32.87164306640625,0.31189608573913574,-1,-1,-1
269,23,3087.15478515625,530.4802856445312,18.671142578125,34.92913818359375,0.34255123138427734,-1,-1,-1
269,1,3469.0908203125,593.643798828125,23.7998046875,49.526611328125,0.3829484283924103,-1,-1,-1
270,6,4425.3544921875,815.1821899414062,77.564453125,98.280029296875,0.6993281841278076,-1,-1,-1
270,8,3034.457275390625,652.3972778320312,31.715576171875,74.98431396484375,0.7467180490493774,-1,-1,-1
270,334,3870.770751953125,520.2002563476562,26.83349609375,54.91925048828125,0.6005592346191406,-1,-1,-1
270,330,4197.35888671875,524.2388305664062,17.400390625,32.76251220703125,0.40407654643058777,-1,-1,-1
270,23,3090.490478515625,530.4242553710938,17.3359375,35.31365966796875,0.3885987401008606,-1,-1,-1
270,1,3473.603759765625,593.2459716796875,22.327880859375,49.077392578125,0.5022869110107422,-1,-1,-1
271,6,4439.623046875,815.9922485351562,71.025390625,97.33642578125,0.7004972100257874,-1,-1,-1
271,8,3035.7900390625,651.5721435546875,36.507568359375,74.40380859375,0.633013904094696,-1,-1,-1
271,334,3873.359619140625,519.4671630859375,26.211669921875,54.6546630859375,0.5040439367294312,-1,-1,-1
271,330,4197.53076171875,524.832763671875,17.8349609375,31.0946044921875,0.3722243905067444,-1,-1,-1
271,23,3092.589111328125,531.8005981445312,17.5234375,33.60382080078125,0.37037360668182373,-1,-1,-1
271,1,3477.761962890625,593.1707153320312,20.6806640625,47.65338134765625,0.42447975277900696,-1,-1,-1
272,6,4450.6953125,817.52392578125,66.68994140625,96.3197021484375,0.6869750022888184,-1,-1,-1
272,8,3044.046142578125,651.088134765625,33.183349609375,73.4407958984375,0.5968089699745178,-1,-1,-1
272,334,3876.443359375,519.131591796875,25.7890625,55.84527587890625,0.618791937828064,-1,-1,-1
272,330,4200.0986328125,525.0172119140625,15.99267578125,29.2669677734375,0.3528931438922882,-1,-1,-1
272,23,3095.58203125,530.634033203125,17.13330078125,34.262451171875,0.4165709614753723,-1,-1,-1
272,1,3482.30419921875,593.3131713867188,20.111328125,49.43865966796875,0.3976752460002899,-1,-1,-1
273,6,4460.93408203125,817.3489990234375,64.63525390625,95.18377685546875,0.7075706124305725,-1,-1,-1
273,8,3050.440185546875,651.5546875,29.491943359375,70.617431640625,0.5489364266395569,-1,-1,-1
273,334,3880.649169921875,519.7929077148438,25.130126953125,54.03912353515625,0.49462321400642395,-1,-1,-1
273,330,4201.4033203125,525.5087890625,15.42626953125,28.6162109375,0.40228569507598877,-1,-1,-1
273,23,3097.743408203125,528.0535278320312,16.841796875,36.38818359375,0.48897793889045715,-1,-1,-1
274,6,4467.99560546875,816.1262817382812,64.51611328125,96.6292724609375,0.6263998746871948,-1,-1,-1
274,8,3054.972900390625,652.3482666015625,27.931640625,70.86346435546875,0.6042948961257935,-1,-1,-1
274,334,3882.798828125,520.5881958007812,26.247802734375,53.1126708984375,0.4107709527015686,-1,-1,-1
274,330,4202.63330078125,524.7259521484375,15.2548828125,28.9508056640625,0.3612458407878876,-1,-1,-1
274,23,3099.6318359375,525.9080810546875,16.18310546875,35.39764404296875,0.41806721687316895,-1,-1,-1
275,6,4474.47802734375,815.392333984375,65.7880859375,94.90948486328125,0.7065286636352539,-1,-1,-1
275,8,3058.373291015625,651.818359375,28.07080078125,72.45660400390625,0.6762169599533081,-1,-1,-1
275,334,3884.77734375,520.3146362304688,26.336181640625,50.559814453125,0.3125247061252594,-1,-1,-1
275,330,4203.48828125,525.7933959960938,15.658203125,28.88519287109375,0.41450566053390503,-1,-1,-1
276,6,4480.140625,814.7100830078125,66.42626953125,97.49755859375,0.8185997009277344,-1,-1,-1
276,8,3062.8251953125,652.8074340820312,25.9072265625,71.48443603515625,0.7473710775375366,-1,-1,-1
276,330,4204.462890625,525.4503784179688,15.822265625,27.44366455078125,0.36701998114585876,-1,-1,-1
276,1,3496.714111328125,594.4424438476562,22.488525390625,48.9290771484375,0.3077526390552521,-1,-1,-1
277,6,4484.06494140625,813.3659057617188,69.89208984375,98.76983642578125,0.732455313205719,-1,-1,-1
277,8,3067.751953125,651.4073486328125,25.48779296875,72.27838134765625,0.7220224738121033,-1,-1,-1
277,334,3892.528076171875,523.00048828125,24.703857421875,48.5875244140625,0.3055993616580963,-1,-1,-1
278,6,4490.9306640625,813.1838989257812,71.25634765625,100.4105224609375,0.662747859954834,-1,-1,-1
278,8,3071.802978515625,651.9249267578125,27.140869140625,71.8087158203125,0.4971751272678375,-1,-1,-1
278,334,3894.860595703125,522.83544921875,25.66552734375,49.57916259765625,0.34279075264930725,-1,-1,-1
278,330,4206.599609375,526.876953125,16.57763671875,25.08355712890625,0.32590582966804504,-1,-1,-1
279,6,4504.20166015625,813.7760009765625,66.1806640625,100.60565185546875,0.7432556748390198,-1,-1,-1
279,8,3076.340087890625,651.430908203125,27.512451171875,71.31231689453125,0.6480568051338196,-1,-1,-1
279,334,3895.614990234375,522.6513061523438,28.091552734375,48.12701416015625,0.28736433386802673,-1,-1,-1
279,330,4207.09619140625,528.6533203125,17.2802734375,23.14599609375,0.29595598578453064,-1,-1,-1
279,23,3110.269287109375,529.0089721679688,18.931396484375,30.05126953125,0.31161728501319885,-1,-1,-1
280,6,4516.0849609375,813.7528076171875,63.01953125,101.18341064453125,0.7984611392021179,-1,-1,-1
280,8,3078.9560546875,650.98486328125,28.2294921875,72.43475341796875,0.6930460333824158,-1,-1,-1
280,334,3899.3154296875,521.74755859375,27.00830078125,50.88671875,0.49755996465682983,-1,-1,-1
280,330,4207.41259765625,527.5449829101562,18.1806640625,25.4193115234375,0.3878009021282196,-1,-1,-1
280,23,3113.87255859375,527.9571533203125,16.926025390625,31.74310302734375,0.393777459859848,-1,-1,-1
281,6,4526.65087890625,815.2918090820312,61.22998046875,101.768798828125,0.739413321018219,-1,-1,-1
281,8,3080.82373046875,650.42724609375,32.3046875,72.84149169921875,0.7147091031074524,-1,-1,-1
281,334,3901.59375,522.4630126953125,26.73193359375,48.7281494140625,0.3387254774570465,-1,-1,-1
281,330,4207.7880859375,527.0692138671875,18.3193359375,26.24139404296875,0.3894151449203491,-1,-1,-1
281,23,3115.83642578125,527.4247436523438,15.885498046875,33.13433837890625,0.4600658416748047,-1,-1,-1
282,6,4533.68798828125,817.506103515625,65.15283203125,100.0743408203125,0.6795204281806946,-1,-1,-1
282,8,3083.158203125,650.2376708984375,36.341552734375,71.135009765625,0.7323450446128845,-1,-1,-1
282,334,3904.581298828125,521.5371704101562,26.36962890625,49.16314697265625,0.3411840796470642,-1,-1,-1
282,330,4208.6787109375,525.5270385742188,18.83154296875,29.6082763671875,0.3949573338031769,-1,-1,-1
282,23,3118.671630859375,531.6123657226562,16.471435546875,29.18707275390625,0.41875067353248596,-1,-1,-1
283,6,4540.5244140625,819.226806640625,67.76318359375,99.3984375,0.7230002284049988,-1,-1,-1
283,8,3087.9375,650.2755126953125,33.508544921875,71.8258056640625,0.7418975830078125,-1,-1,-1
283,334,3907.28466796875,520.5081787109375,27.708251953125,52.03106689453125,0.3805101811885834,-1,-1,-1
283,330,4209.09326171875,524.8787231445312,19.09619140625,31.274169921875,0.41893360018730164,-1,-1,-1
283,23,3120.11669921875,532.745849609375,18.5966796875,29.3543701171875,0.4580528736114502,-1,-1,-1
284,6,4545.45654296875,818.5308227539062,68.84326171875,99.05780029296875,0.7897241115570068,-1,-1,-1
284,8,3090.238525390625,649.7001953125,33.985107421875,71.53253173828125,0.6936167478561401,-1,-1,-1
284,334,3910.103515625,520.5419921875,26.385009765625,49.05828857421875,0.365155428647995,-1,-1,-1
284,330,4209.24853515625,524.6944580078125,19.40771484375,31.94329833984375,0.42268264293670654,-1,-1,-1
284,23,3122.033935546875,530.9960327148438,18.868408203125,31.34112548828125,0.4585040211677551,-1,-1,-1
285,6,4547.5234375,815.5218505859375,72.35009765625,102.337158203125,0.8183135390281677,-1,-1,-1
285,8,3096.737548828125,650.6077270507812,30.75,68.05010986328125,0.652339518070221,-1,-1,-1
285,334,3913.93505859375,521.731689453125,24.40625,41.5185546875,0.30405721068382263,-1,-1,-1
285,330,4209.3388671875,524.6155395507812,19.43115234375,33.0107421875,0.4083409905433655,-1,-1,-1
285,23,3125.13134765625,529.4248046875,19.39892578125,32.592529296875,0.3955744206905365,-1,-1,-1
286,6,4549.57861328125,814.6380004882812,76.802734375,102.1998291015625,0.7934743762016296,-1,-1,-1
286,8,3104.20361328125,650.4095458984375,26.240478515625,66.4481201171875,0.6781463027000427,-1,-1,-1
286,334,3915.49365234375,521.0067138671875,23.7158203125,39.18939208984375,0.31346747279167175,-1,-1,-1
286,330,4209.19775390625,525.105224609375,19.2041015625,30.69281005859375,0.3933872878551483,-1,-1,-1
286,410,3251.903076171875,549.635498046875,18.44091796875,41.11474609375,0.4229462146759033,-1,-1,-1
287,6,4554.6220703125,813.4777221679688,77.876953125,103.9066162109375,0.7350553274154663,-1,-1,-1
287,8,3112.0986328125,649.8150634765625,20.73291015625,67.34930419921875,0.714257001876831,-1,-1,-1
287,334,3917.060302734375,519.2239379882812,24.1826171875,41.5634765625,0.3450149893760681,-1,-1,-1
287,330,4209.01318359375,525.6144409179688,18.51953125,31.19964599609375,0.4710990786552429,-1,-1,-1
287,410,3254.5703125,550.1846923828125,17.798828125,37.86505126953125,0.3726068437099457,-1,-1,-1
288,6,4561.140625,815.3881225585938,79.7392578125,101.466796875,0.6960140466690063,-1,-1,-1
288,8,3115.142822265625,648.771728515625,20.256591796875,68.85394287109375,0.7653899192810059,-1,-1,-1
288,334,3919.77685546875,518.650634765625,26.52734375,47.9285888671875,0.346125066280365,-1,-1,-1
288,330,4208.8916015625,526.4190063476562,19.7412109375,29.47259521484375,0.38612985610961914,-1,-1,-1
288,410,3256.839111328125,549.5360107421875,17.4365234375,38.3309326171875,0.2682822048664093,-1,-1,-1
289,6,4573.4423828125,817.1910400390625,76.1005859375,98.327880859375,0.719748854637146,-1,-1,-1
289,8,3118.615966796875,647.5404663085938,21.285888671875,69.34710693359375,0.7586480379104614,-1,-1,-1
289,334,3921.97021484375,518.5184936523438,28.955078125,51.11883544921875,0.42916420102119446,-1,-1,-1
289,330,4208.85693359375,527.2357788085938,20.00732421875,28.08880615234375,0.3933295011520386,-1,-1,-1
290,6,4587.216796875,817.5090942382812,71.68017578125,99.36334228515625,0.706121027469635,-1,-1,-1
290,8,3119.576171875,646.5919189453125,25.083251953125,68.73406982421875,0.7521039247512817,-1,-1,-1
290,334,3923.880615234375,518.3590698242188,28.9033203125,51.623046875,0.48278942704200745,-1,-1,-1
290,330,4208.8984375,529.9944458007812,19.00390625,25.4044189453125,0.35808345675468445,-1,-1,-1
290,410,3261.531494140625,547.4410400390625,16.60546875,39.95587158203125,0.3611806631088257,-1,-1,-1
291,6,4594.79296875,820.2210083007812,70.36376953125,96.67401123046875,0.7551917433738708,-1,-1,-1
291,8,3121.744873046875,644.5986328125,28.82373046875,68.318603515625,0.6691805720329285,-1,-1,-1
291,334,3924.44970703125,518.5874633789062,30.332763671875,48.42730712890625,0.38512980937957764,-1,-1,-1
291,330,4208.62939453125,529.8121948242188,18.7041015625,24.938232421875,0.37889301776885986,-1,-1,-1
291,23,3145.11279296875,528.6444091796875,16.34814453125,32.17706298828125,0.427416056394577,-1,-1,-1
292,6,4601.359375,818.8245849609375,73.23779296875,97.23028564453125,0.7024189829826355,-1,-1,-1
292,8,3123.112060546875,643.1582641601562,31.615478515625,68.9520263671875,0.6145310401916504,-1,-1,-1
292,334,3925.94384765625,518.3201293945312,31.92529296875,45.3848876953125,0.4411258101463318,-1,-1,-1
292,330,4207.26904296875,528.13330078125,19.4384765625,24.15106201171875,0.3594071865081787,-1,-1,-1
292,23,3146.489501953125,527.65576171875,17.50390625,32.416015625,0.43632906675338745,-1,-1,-1
293,6,4604.06396484375,818.4844970703125,77.1337890625,95.0784912109375,0.7464418411254883,-1,-1,-1
293,8,3126.45849609375,644.2406616210938,32.20263671875,67.35137939453125,0.5628845691680908,-1,-1,-1
293,334,3928.744384765625,517.538818359375,32.0888671875,49.29107666015625,0.42805546522140503,-1,-1,-1
293,330,4205.4052734375,525.9705200195312,20.54052734375,24.98876953125,0.3598203957080841,-1,-1,-1
293,23,3148.468994140625,526.4005737304688,17.86865234375,34.3377685546875,0.4637727439403534,-1,-1,-1
294,6,4613.673828125,814.9965209960938,74.80029296875,99.40081787109375,0.7667967677116394,-1,-1,-1
294,8,3133.546630859375,645.59912109375,27.089599609375,65.49993896484375,0.6824393272399902,-1,-1,-1
294,334,3931.642333984375,517.6316528320312,31.318115234375,48.555908203125,0.39491015672683716,-1,-1,-1
294,330,4204.2197265625,525.5733032226562,20.203125,24.58978271484375,0.37823745608329773,-1,-1,-1
294,23,3150.909423828125,525.570556640625,16.868896484375,34.1639404296875,0.47342756390571594,-1,-1,-1
295,6,4622.521484375,813.603271484375,75.80078125,101.74114990234375,0.8018462657928467,-1,-1,-1
295,8,3139.5556640625,646.9542236328125,23.75537109375,64.4991455078125,0.7251756191253662,-1,-1,-1
295,334,3934.775146484375,516.4786987304688,29.968994140625,52.31317138671875,0.42954760789871216,-1,-1,-1
295,330,4203.06884765625,525.38037109375,18.841796875,24.94384765625,0.36042308807373047,-1,-1,-1
295,23,3152.4638671875,526.2050170898438,19.29833984375,33.50384521484375,0.3588317930698395,-1,-1,-1
296,6,4626.8671875,813.3826293945312,79.05615234375,100.12744140625,0.8067194223403931,-1,-1,-1
296,8,3144.188720703125,648.0072631835938,22.25732421875,63.326171875,0.6960387825965881,-1,-1,-1
296,334,3936.3876953125,515.5564575195312,30.90185546875,51.4552001953125,0.3611144721508026,-1,-1,-1
296,330,4201.3369140625,526.0819091796875,18.2080078125,25.013916015625,0.41380488872528076,-1,-1,-1
297,6,4634.736328125,813.212158203125,78.62744140625,99.41412353515625,0.7573317885398865,-1,-1,-1
297,8,3147.9560546875,646.6500244140625,20.50439453125,63.69476318359375,0.72184157371521,-1,-1,-1
297,334,3938.3525390625,515.823486328125,30.044677734375,48.65985107421875,0.3234097361564636,-1,-1,-1
297,330,4198.76025390625,526.9724731445312,19.119140625,24.6099853515625,0.3122563064098358,-1,-1,-1
298,6,4644.87158203125,814.2681884765625,77.97705078125,98.9852294921875,0.6059824824333191,-1,-1,-1
298,8,3151.539306640625,644.4901123046875,20.44921875,64.1947021484375,0.562960684299469,-1,-1,-1
299,6,4654.22802734375,815.565673828125,77.44873046875,101.64349365234375,0.6392075419425964,-1,-1,-1
299,8,3152.727783203125,641.428466796875,23.052734375,68.064453125,0.6444633603096008,-1,-1,-1
299,23,3162.965576171875,524.972412109375,20.67822265625,34.51165771484375,0.3579603135585785,-1,-1,-1
299,334,3947.8115234375,517.9662475585938,28.160400390625,45.5264892578125,0.3065827786922455,-1,-1,-1
300,6,4676.06689453125,817.6564331054688,62.869140625,101.204345703125,0.6999976634979248,-1,-1,-1
300,8,3155.996826171875,638.3795166015625,24.46240234375,71.29583740234375,0.6418588757514954,-1,-1,-1
300,23,3166.95703125,526.7047119140625,18.493408203125,32.89935302734375,0.39050573110580444,-1,-1,-1
300,334,3949.219970703125,518.8080444335938,29.162353515625,42.137939453125,0.3250754475593567,-1,-1,-1
301,6,4691.2490234375,818.6337280273438,56.81640625,100.55194091796875,0.6780675053596497,-1,-1,-1
301,8,3159.050537109375,638.5913696289062,25.96630859375,70.3258056640625,0.5862250328063965,-1,-1,-1
301,23,3171.2587890625,526.84521484375,15.31640625,32.5274658203125,0.41002973914146423,-1,-1,-1
301,334,3949.38037109375,519.219482421875,31.1533203125,42.091796875,0.25230973958969116,-1,-1,-1
302,6,4679.255859375,818.1829833984375,78.2490234375,98.509033203125,0.6818762421607971,-1,-1,-1
302,8,3160.6201171875,638.601806640625,27.462890625,68.78753662109375,0.5897272229194641,-1,-1,-1
302,23,3173.831298828125,529.549072265625,16.35595703125,30.01324462890625,0.46691054105758667,-1,-1,-1
302,334,3950.091064453125,518.211181640625,32.618408203125,42.7200927734375,0.2966636121273041,-1,-1,-1
303,6,4695.2109375,817.6925048828125,70.0859375,102.16375732421875,0.761833131313324,-1,-1,-1
303,8,3162.942138671875,637.7654418945312,28.66259765625,68.30810546875,0.637999951839447,-1,-1,-1
303,23,3176.781494140625,530.4464721679688,15.87109375,28.7926025390625,0.458821564912796,-1,-1,-1
304,6,4698.52294921875,815.6030883789062,74.3896484375,105.90533447265625,0.7370273470878601,-1,-1,-1
304,8,3166.9130859375,637.2869873046875,27.721923828125,68.4500732421875,0.7299691438674927,-1,-1,-1
304,23,3178.748291015625,530.4044799804688,16.09765625,28.72613525390625,0.44978708028793335,-1,-1,-1
304,334,3957.1533203125,516.675537109375,31.32568359375,45.310302734375,0.26060202717781067,-1,-1,-1
305,6,4704.41259765625,813.7658081054688,78.92138671875,108.56982421875,0.8054363131523132,-1,-1,-1
305,8,3170.809814453125,638.1922607421875,25.9697265625,67.53167724609375,0.7370154857635498,-1,-1,-1
305,23,3180.778564453125,529.0885009765625,16.37109375,29.9541015625,0.40829068422317505,-1,-1,-1
306,6,4710.61181640625,813.3876342773438,81.892578125,108.75970458984375,0.8035719394683838,-1,-1,-1
306,8,3174.9384765625,637.7485961914062,23.986328125,66.31158447265625,0.6894303560256958,-1,-1,-1
306,433,3603.066162109375,572.8750610351562,24.162353515625,48.55841064453125,0.45745396614074707,-1,-1,-1
306,334,3962.3232421875,518.318603515625,30.290283203125,42.37164306640625,0.2767849266529083,-1,-1,-1
307,6,4716.791015625,814.1583862304688,84.8349609375,108.3448486328125,0.8389756679534912,-1,-1,-1
307,8,3179.634521484375,636.8145141601562,23.047607421875,67.126708984375,0.5203793048858643,-1,-1,-1
307,433,3605.639892578125,572.5180053710938,23.339599609375,48.14703369140625,0.5059487223625183,-1,-1,-1
307,334,3966.77099609375,515.9719848632812,28.456787109375,41.7967529296875,0.27075013518333435,-1,-1,-1
308,6,4718.837890625,814.0145263671875,93.26416015625,108.8092041015625,0.8342844247817993,-1,-1,-1
308,8,3181.228515625,635.8070068359375,23.369140625,69.04754638671875,0.4379065930843353,-1,-1,-1
308,433,3611.08740234375,572.2357788085938,21.664306640625,47.8988037109375,0.5200527310371399,-1,-1,-1
309,6,4725.80419921875,815.0415649414062,93.310546875,107.2408447265625,0.811431884765625,-1,-1,-1
309,433,3613.642822265625,572.0772094726562,22.265625,48.06610107421875,0.4478282630443573,-1,-1,-1
310,6,4735.56005859375,816.85888671875,94.7333984375,104.7510986328125,0.7731300592422485,-1,-1,-1
310,23,3194.37939453125,527.3645629882812,17.3203125,32.32537841796875,0.3384236693382263,-1,-1,-1
310,334,3974.1884765625,518.9564208984375,29.803466796875,40.49176025390625,0.27656620740890503,-1,-1,-1
310,8,3187.1767578125,635.5526123046875,24.2236328125,63.3485107421875,0.31768345832824707,-1,-1,-1
311,6,4742.5537109375,817.4552612304688,97.5009765625,103.70849609375,0.7481275200843811,-1,-1,-1
311,23,3197.166015625,528.438720703125,17.426025390625,29.96771240234375,0.3778124749660492,-1,-1,-1
311,334,3976.382080078125,519.284423828125,31.09619140625,39.605224609375,0.38915809988975525,-1,-1,-1
311,8,3190.98876953125,632.9446411132812,22.39501953125,62.72296142578125,0.5309996604919434,-1,-1,-1
312,6,4740.89794921875,818.0923461914062,104.15966796875,102.8909912109375,0.7940961718559265,-1,-1,-1
312,23,3200.30810546875,530.371337890625,17.689697265625,27.56939697265625,0.32907867431640625,-1,-1,-1
312,334,3977.889892578125,518.186279296875,33.841064453125,41.2720947265625,0.2999170422554016,-1,-1,-1
312,8,3194.4013671875,631.6428833007812,21.193359375,61.9368896484375,0.6504312753677368,-1,-1,-1
313,6,4742.76611328125,817.4577026367188,102.62060546875,104.20452880859375,0.6207390427589417,-1,-1,-1
313,23,3203.66845703125,530.1090698242188,17.024169921875,28.1026611328125,0.3746855556964874,-1,-1,-1
313,334,3981.004638671875,515.7494506835938,34.74658203125,45.1455078125,0.37871745228767395,-1,-1,-1
313,8,3197.14599609375,631.1124877929688,20.650634765625,60.7193603515625,0.6101678013801575,-1,-1,-1
314,6,4746.37158203125,815.7005615234375,97.986328125,104.2572021484375,0.6877971291542053,-1,-1,-1
314,23,3206.483154296875,526.9552001953125,17.107421875,32.2470703125,0.41391652822494507,-1,-1,-1
314,334,3983.020751953125,514.7897338867188,34.596435546875,45.32611083984375,0.4173494875431061,-1,-1,-1
314,8,3199.744140625,629.5220947265625,21.60302734375,63.73602294921875,0.6596918106079102,-1,-1,-1
314,433,3629.297607421875,571.7713012695312,21.92578125,48.23870849609375,0.48758918046951294,-1,-1,-1
315,6,4751.38623046875,813.4593505859375,93.47509765625,106.29595947265625,0.6243234872817993,-1,-1,-1
315,8,3202.208984375,628.9866943359375,21.138916015625,63.96527099609375,0.6076886057853699,-1,-1,-1
315,433,3631.5712890625,572.3968505859375,22.839599609375,46.77423095703125,0.45825543999671936,-1,-1,-1
316,6,4773.1279296875,812.1815795898438,76.77978515625,105.4385986328125,0.6930528879165649,-1,-1,-1
316,8,3206.288818359375,630.4598999023438,19.189208984375,60.08074951171875,0.5164799690246582,-1,-1,-1
316,433,3633.89013671875,571.6282958984375,23.008056640625,44.40966796875,0.4540153741836548,-1,-1,-1
316,444,3526.565673828125,518.9603271484375,17.28662109375,47.44580078125,0.4309226870536804,-1,-1,-1
316,334,3987.02294921875,515.0111694335938,34.753173828125,44.3463134765625,0.3112712502479553,-1,-1,-1
317,6,4769.64697265625,811.7540283203125,83.48486328125,104.12030029296875,0.6853815317153931,-1,-1,-1
317,8,3208.421875,630.859619140625,20.44189453125,59.40496826171875,0.4728896915912628,-1,-1,-1
317,433,3635.121337890625,570.8888549804688,24.019287109375,44.3677978515625,0.49623286724090576,-1,-1,-1
317,334,3990.394287109375,514.88720703125,29.800048828125,42.4346923828125,0.33934327960014343,-1,-1,-1
318,6,4779.06201171875,812.1553955078125,79.5146484375,101.91357421875,0.7341366410255432,-1,-1,-1
318,8,3209.25244140625,630.3758544921875,22.013916015625,62.14898681640625,0.39377352595329285,-1,-1,-1
318,433,3638.48779296875,570.1830444335938,23.9033203125,42.9814453125,0.44761061668395996,-1,-1,-1
318,23,3219.25146484375,526.0773315429688,18.574462890625,31.65374755859375,0.31231266260147095,-1,-1,-1
319,6,4788.9296875,813.518798828125,75.85205078125,100.21844482421875,0.6924014091491699,-1,-1,-1
319,8,3212.241943359375,628.052978515625,23.3515625,65.69708251953125,0.47368505597114563,-1,-1,-1
319,433,3641.246826171875,573.3286743164062,23.095947265625,36.45233154296875,0.3122222423553467,-1,-1,-1
319,23,3221.7744140625,525.7222290039062,18.26953125,33.12957763671875,0.42006874084472656,-1,-1,-1
320,6,4793.64990234375,814.6839599609375,79.6650390625,99.9658203125,0.7541234493255615,-1,-1,-1
320,8,3214.66259765625,626.624267578125,23.826904296875,69.56488037109375,0.5433438420295715,-1,-1,-1
321,6,4796.53173828125,815.94921875,85.95654296875,99.12481689453125,0.7169952392578125,-1,-1,-1
321,8,3215.320556640625,626.915283203125,25.06689453125,65.42864990234375,0.5168107748031616,-1,-1,-1
321,23,3227.851806640625,526.3194580078125,17.00732421875,34.35162353515625,0.4122186303138733,-1,-1,-1
322,6,4801.02294921875,817.2152709960938,86.375,98.38128662109375,0.7146657705307007,-1,-1,-1
322,8,3217.8212890625,626.0494384765625,25.1435546875,64.0096435546875,0.5849068760871887,-1,-1,-1
322,23,3229.61572265625,527.89208984375,18.051025390625,33.330322265625,0.4010626971721649,-1,-1,-1
322,334,4006.579345703125,516.1553344726562,23.4267578125,46.438720703125,0.4139604866504669,-1,-1,-1
323,6,4806.5869140625,817.3923950195312,82.728515625,99.35565185546875,0.7349234819412231,-1,-1,-1
323,8,3222.27978515625,626.35498046875,23.674560546875,61.84625244140625,0.5787615180015564,-1,-1,-1
323,23,3232.39794921875,528.114501953125,16.902099609375,32.25689697265625,0.3694544732570648,-1,-1,-1
323,334,4008.985595703125,514.9609985351562,24.379638671875,45.97296142578125,0.43573784828186035,-1,-1,-1
323,433,3655.387939453125,571.2604370117188,22.244384765625,42.556884765625,0.3463699519634247,-1,-1,-1
324,6,4815.369140625,816.4507446289062,83.0703125,98.73529052734375,0.7161638140678406,-1,-1,-1
324,8,3225.45703125,626.466064453125,23.26123046875,61.04510498046875,0.6077287793159485,-1,-1,-1
324,23,3234.345703125,524.3598022460938,16.42919921875,34.73486328125,0.40674838423728943,-1,-1,-1
324,334,4011.22412109375,515.180419921875,26.859130859375,46.6968994140625,0.3115927278995514,-1,-1,-1
324,433,3658.224365234375,570.8270874023438,21.69580078125,42.92559814453125,0.32682111859321594,-1,-1,-1
325,6,4819.46484375,814.2593994140625,84.669921875,99.12750244140625,0.7696037292480469,-1,-1,-1
325,8,3227.554443359375,625.8521728515625,22.7666015625,61.34197998046875,0.6545182466506958,-1,-1,-1
325,334,4013.587890625,515.5225219726562,23.696533203125,45.773193359375,0.4398244321346283,-1,-1,-1
326,6,4824.48388671875,812.556884765625,83.78857421875,100.05291748046875,0.7769644260406494,-1,-1,-1
326,8,3230.294921875,625.7269897460938,21.3955078125,60.7540283203125,0.6800516843795776,-1,-1,-1
326,334,4016.802490234375,515.4129638671875,21.178466796875,44.7900390625,0.545237123966217,-1,-1,-1
326,433,3661.868896484375,570.3380126953125,22.60888671875,40.449951171875,0.3174508512020111,-1,-1,-1
327,6,4829.69921875,812.2650756835938,84.38037109375,98.86053466796875,0.7268706560134888,-1,-1,-1
327,8,3233.318115234375,625.18701171875,20.162841796875,61.0615234375,0.6517781615257263,-1,-1,-1
327,334,4018.53857421875,513.8595581054688,22.759765625,45.25921630859375,0.3495003283023834,-1,-1,-1
327,433,3665.40478515625,569.5518798828125,21.436767578125,39.5147705078125,0.3130350112915039,-1,-1,-1
328,6,4833.234375,812.6058959960938,87.3076171875,97.86968994140625,0.7571310997009277,-1,-1,-1
328,8,3235.098388671875,624.9722290039062,21.353759765625,60.26898193359375,0.5773621797561646,-1,-1,-1
328,334,4021.875244140625,512.7011108398438,23.310546875,43.9991455078125,0.31088191270828247,-1,-1,-1
328,23,3247.453369140625,521.7876586914062,17.43017578125,35.97686767578125,0.32882800698280334,-1,-1,-1
329,6,4836.77294921875,813.4733276367188,89.54541015625,96.81695556640625,0.8064112663269043,-1,-1,-1
329,8,3235.839111328125,623.2599487304688,23.325439453125,62.20880126953125,0.44189584255218506,-1,-1,-1
329,334,4024.16943359375,512.4465942382812,23.58447265625,44.47381591796875,0.3410435914993286,-1,-1,-1
329,23,3250.22607421875,521.4775390625,16.99365234375,38.59716796875,0.4302635192871094,-1,-1,-1
330,6,4842.29541015625,814.7156372070312,90.162109375,95.5963134765625,0.7905246615409851,-1,-1,-1
330,8,3237.96826171875,622.440185546875,25.900146484375,63.05169677734375,0.3623136878013611,-1,-1,-1
330,334,4026.337890625,512.1968994140625,20.242431640625,45.79779052734375,0.4232284426689148,-1,-1,-1
330,23,3252.693115234375,522.1348876953125,15.887451171875,36.291259765625,0.38137200474739075,-1,-1,-1
330,453,3796.064697265625,506.75006103515625,20.804443359375,40.18048095703125,0.35540372133255005,-1,-1,-1
331,6,4848.81787109375,817.6394653320312,89.1435546875,93.59320068359375,0.7507938742637634,-1,-1,-1
331,8,3239.355224609375,620.7281494140625,26.623046875,65.3035888671875,0.41194599866867065,-1,-1,-1
331,334,4029.094482421875,513.1160888671875,22.298828125,47.3995361328125,0.28320518136024475,-1,-1,-1
331,23,3255.9189453125,528.6005249023438,15.52099609375,31.1654052734375,0.3551541864871979,-1,-1,-1
331,453,3795.904541015625,509.4851379394531,21.727294921875,37.660491943359375,0.31886470317840576,-1,-1,-1
332,6,4857.2998046875,817.6641845703125,87.904296875,90.87188720703125,0.7068601846694946,-1,-1,-1
332,8,3241.353271484375,621.115478515625,25.579833984375,63.74560546875,0.47590726613998413,-1,-1,-1
332,334,4031.44091796875,514.121826171875,22.56689453125,47.85675048828125,0.4182785749435425,-1,-1,-1
332,23,3259.622314453125,530.3857421875,14.12255859375,30.26348876953125,0.3639777600765228,-1,-1,-1
332,453,3797.99609375,508.03619384765625,22.47802734375,39.3924560546875,0.3732144236564636,-1,-1,-1
333,6,4864.38134765625,817.0757446289062,87.4052734375,89.3402099609375,0.493970662355423,-1,-1,-1
333,8,3244.931640625,622.0203857421875,22.700439453125,61.03857421875,0.5300443172454834,-1,-1,-1
333,334,4033.2998046875,514.1123046875,22.022216796875,46.51385498046875,0.45443546772003174,-1,-1,-1
333,23,3261.22216796875,528.8396606445312,14.29296875,31.660400390625,0.4097110629081726,-1,-1,-1
333,453,3800.814453125,509.44378662109375,20.513916015625,37.72833251953125,0.25155988335609436,-1,-1,-1
334,6,4873.73095703125,814.9902954101562,84.90771484375,90.74102783203125,0.7151869535446167,-1,-1,-1
334,8,3248.3681640625,622.5555419921875,20.875244140625,58.6727294921875,0.5910661220550537,-1,-1,-1
334,334,4035.73681640625,512.4118041992188,20.5966796875,46.561279296875,0.5171093940734863,-1,-1,-1
334,23,3262.462158203125,527.9752807617188,15.116943359375,32.422607421875,0.3256588876247406,-1,-1,-1
335,6,4883.154296875,812.7835083007812,82.24169921875,92.63702392578125,0.7358972430229187,-1,-1,-1
335,8,3250.435791015625,622.2246704101562,20.85009765625,58.65325927734375,0.6561214923858643,-1,-1,-1
335,334,4039.22705078125,512.9031982421875,19.948486328125,45.19207763671875,0.4742187261581421,-1,-1,-1
336,6,4892.216796875,812.2802734375,82.15478515625,97.31103515625,0.7769405841827393,-1,-1,-1
336,8,3252.73095703125,621.1195678710938,20.43994140625,59.1123046875,0.6078424453735352,-1,-1,-1
336,334,4042.139404296875,514.0302734375,19.592041015625,43.79119873046875,0.4863409399986267,-1,-1,-1
336,433,3687.309814453125,560.9703979492188,24.000244140625,46.96612548828125,0.2863348722457886,-1,-1,-1
337,6,4899.73095703125,812.1395874023438,82.673828125,96.1236572265625,0.7175788879394531,-1,-1,-1
337,8,3254.349853515625,619.3295288085938,21.014404296875,60.809814453125,0.5773513317108154,-1,-1,-1
337,334,4045.709228515625,514.06591796875,17.471923828125,42.8563232421875,0.47552624344825745,-1,-1,-1
338,6,4907.82763671875,811.1602783203125,81.4765625,99.13470458984375,0.7822652459144592,-1,-1,-1
338,8,3255.174072265625,617.9194946289062,21.84765625,61.87957763671875,0.6201007962226868,-1,-1,-1
338,334,4047.378662109375,514.5139770507812,18.009033203125,44.99224853515625,0.4253922700881958,-1,-1,-1
338,433,3692.7275390625,559.8772583007812,22.706787109375,47.3631591796875,0.3691028654575348,-1,-1,-1
339,6,4914.5244140625,811.59814453125,84.123046875,102.26220703125,0.7746458649635315,-1,-1,-1
339,8,3257.70947265625,615.69287109375,21.033203125,63.30426025390625,0.5570970177650452,-1,-1,-1
339,334,4048.29833984375,512.1277465820312,18.377685546875,47.91851806640625,0.481662392616272,-1,-1,-1
339,433,3694.311279296875,559.8572387695312,22.193359375,46.8717041015625,0.29404231905937195,-1,-1,-1
340,6,4923.52392578125,812.3975219726562,81.095703125,103.27435302734375,0.6642975211143494,-1,-1,-1
340,8,3260.554931640625,613.329345703125,21.91455078125,65.11676025390625,0.39793944358825684,-1,-1,-1
340,334,4048.7646484375,511.4858703613281,20.193603515625,48.764739990234375,0.3470892906188965,-1,-1,-1
340,23,3275.739013671875,525.9427490234375,19.09716796875,29.42291259765625,0.36519673466682434,-1,-1,-1
341,6,4927.08642578125,813.5355834960938,81.28173828125,100.62103271484375,0.5588510036468506,-1,-1,-1
341,8,3261.5390625,612.2348022460938,24.137939453125,65.59014892578125,0.590829610824585,-1,-1,-1
341,23,3280.271728515625,524.7794799804688,16.722412109375,30.298583984375,0.47293201088905334,-1,-1,-1
341,453,3811.419677734375,507.850341796875,21.386962890625,41.0048828125,0.2868180274963379,-1,-1,-1
341,433,3698.7900390625,558.558349609375,20.755615234375,48.10894775390625,0.2544519007205963,-1,-1,-1
342,6,4932.01025390625,814.8366088867188,94.63232421875,98.880615234375,0.6959986090660095,-1,-1,-1
342,8,3263.046875,610.637451171875,23.733154296875,65.537109375,0.4704778492450714,-1,-1,-1
342,23,3282.1982421875,528.4898681640625,17.250732421875,26.45806884765625,0.3837680518627167,-1,-1,-1
343,6,4938.49560546875,814.2855224609375,96.55517578125,100.44525146484375,0.6870762705802917,-1,-1,-1
343,8,3264.94873046875,610.6650390625,23.239990234375,64.18829345703125,0.5169187188148499,-1,-1,-1
343,23,3285.4765625,529.7153930664062,16.45458984375,25.352294921875,0.3845439553260803,-1,-1,-1
343,453,3816.560546875,505.607177734375,20.77490234375,42.60321044921875,0.2941440939903259,-1,-1,-1
344,6,4947.4189453125,815.3489379882812,92.9306640625,99.86468505859375,0.7660806179046631,-1,-1,-1
344,8,3267.418212890625,611.583251953125,22.654541015625,61.7227783203125,0.51826012134552,-1,-1,-1
344,23,3288.2158203125,530.0394897460938,15.64599609375,26.6788330078125,0.3960031569004059,-1,-1,-1
344,453,3818.422607421875,507.05340576171875,20.72509765625,40.35491943359375,0.31878775358200073,-1,-1,-1
345,6,4953.83642578125,814.2693481445312,89.4755859375,101.909912109375,0.8201485276222229,-1,-1,-1
345,8,3268.85693359375,612.9142456054688,23.448974609375,60.12799072265625,0.5076568126678467,-1,-1,-1
345,23,3289.22802734375,527.5202026367188,17.560546875,28.396484375,0.35748493671417236,-1,-1,-1
345,453,3820.107177734375,508.0670471191406,20.204833984375,39.166778564453125,0.3192058205604553,-1,-1,-1
345,334,4060.9970703125,516.4312133789062,19.251220703125,44.52349853515625,0.3194121718406677,-1,-1,-1
346,6,4959.38916015625,814.0283203125,88.49267578125,101.98583984375,0.8670840263366699,-1,-1,-1
346,8,3270.851806640625,613.2658081054688,23.0341796875,57.54254150390625,0.44376426935195923,-1,-1,-1
346,453,3820.83740234375,507.6217956542969,23.401611328125,40.635833740234375,0.31155407428741455,-1,-1,-1
346,334,4060.954833984375,513.39599609375,20.548828125,46.76019287109375,0.3566475212574005,-1,-1,-1
346,433,3709.170166015625,558.8856201171875,21.743408203125,47.4134521484375,0.31338387727737427,-1,-1,-1
347,6,4966.5732421875,813.45263671875,87.98388671875,102.96258544921875,0.84328693151474,-1,-1,-1
347,8,3272.991943359375,611.9255981445312,21.41015625,57.53533935546875,0.4794360399246216,-1,-1,-1
347,453,3821.987060546875,509.64007568359375,24.12109375,38.1593017578125,0.3482237756252289,-1,-1,-1
347,334,4062.030029296875,513.3477783203125,21.326416015625,46.61700439453125,0.3634806275367737,-1,-1,-1
348,6,4972.3173828125,813.0073852539062,90.2041015625,102.0008544921875,0.7825539112091064,-1,-1,-1
348,8,3275.44482421875,610.2594604492188,20.34716796875,59.63818359375,0.6120564341545105,-1,-1,-1
348,453,3823.3466796875,510.83026123046875,24.409912109375,36.39794921875,0.3253892958164215,-1,-1,-1
348,334,4063.718505859375,512.4284057617188,22.51611328125,48.05670166015625,0.30854037404060364,-1,-1,-1
348,462,3574.325439453125,520.0390014648438,18.39697265625,40.089111328125,0.4396142363548279,-1,-1,-1
348,433,3712.88623046875,557.6546630859375,22.993896484375,46.2706298828125,0.29194530844688416,-1,-1,-1
349,6,4978.3046875,812.829345703125,89.95703125,101.69757080078125,0.7755458354949951,-1,-1,-1
349,8,3277.41259765625,609.3927612304688,19.01416015625,59.437744140625,0.5632809400558472,-1,-1,-1
349,453,3824.748779296875,510.6856994628906,24.658447265625,36.475494384765625,0.32381972670555115,-1,-1,-1
349,334,4064.896484375,513.6066284179688,23.476318359375,45.17706298828125,0.3257027566432953,-1,-1,-1
349,462,3577.761474609375,520.5020751953125,16.40380859375,37.93585205078125,0.4431607723236084,-1,-1,-1
350,6,4988.58251953125,813.7106323242188,86.80908203125,101.5244140625,0.7402061223983765,-1,-1,-1
350,8,3278.3857421875,609.0418090820312,19.56640625,57.7645263671875,0.622745156288147,-1,-1,-1
350,453,3826.390869140625,510.6365051269531,23.7431640625,38.303009033203125,0.27371078729629517,-1,-1,-1
350,334,4065.81689453125,512.2217407226562,24.143798828125,47.56298828125,0.3489954173564911,-1,-1,-1
350,462,3580.414794921875,520.8059692382812,16.075927734375,38.16448974609375,0.47955575585365295,-1,-1,-1
350,23,3303.398681640625,522.036376953125,17.245361328125,36.981689453125,0.42732658982276917,-1,-1,-1
351,6,4994.19921875,816.6858520507812,89.61669921875,98.13348388671875,0.7050938010215759,-1,-1,-1
351,8,3279.873291015625,608.8828735351562,19.865234375,56.951904296875,0.6308878064155579,-1,-1,-1
351,334,4069.092529296875,513.339111328125,21.967041015625,46.67535400390625,0.4714262783527374,-1,-1,-1
351,462,3581.4716796875,519.5342407226562,18.042724609375,39.908447265625,0.54017174243927,-1,-1,-1
351,23,3305.230224609375,523.2142944335938,17.85693359375,35.89996337890625,0.4535076916217804,-1,-1,-1
352,6,5002.3271484375,816.9149780273438,88.53125,98.23248291015625,0.772317111492157,-1,-1,-1
352,8,3281.76904296875,608.4992065429688,20.228515625,55.77337646484375,0.6456263661384583,-1,-1,-1
352,334,4071.75537109375,512.2117919921875,20.55224609375,47.20867919921875,0.39546653628349304,-1,-1,-1
352,462,3582.91748046875,517.01416015625,17.3369140625,40.92138671875,0.4893098771572113,-1,-1,-1
352,23,3308.295654296875,525.438720703125,16.595947265625,33.42340087890625,0.41083669662475586,-1,-1,-1
353,6,5007.78564453125,814.9985961914062,89.1396484375,100.2493896484375,0.7097970843315125,-1,-1,-1
353,8,3282.043212890625,607.7446899414062,22.265869140625,57.351318359375,0.6170713901519775,-1,-1,-1
353,334,4072.408447265625,510.5473937988281,22.947021484375,48.323211669921875,0.30870723724365234,-1,-1,-1
353,462,3583.75830078125,515.9614868164062,17.594482421875,40.7230224609375,0.4844803810119629,-1,-1,-1
354,6,5010.87353515625,814.420654296875,89.9111328125,100.621337890625,0.5514556765556335,-1,-1,-1
354,8,3283.7734375,608.2158813476562,21.424072265625,56.05108642578125,0.5336257815361023,-1,-1,-1
354,334,4073.63671875,510.9168395996094,22.70068359375,47.488677978515625,0.3182308077812195,-1,-1,-1
354,462,3584.0380859375,516.5557861328125,18.0439453125,39.527587890625,0.49089866876602173,-1,-1,-1
355,6,5016.61962890625,812.4034423828125,91.4970703125,102.74932861328125,0.7277428507804871,-1,-1,-1
355,8,3286.2109375,608.095947265625,20.704345703125,55.677734375,0.5488202571868896,-1,-1,-1
355,334,4073.602783203125,511.49298095703125,23.234130859375,46.489501953125,0.2916196286678314,-1,-1,-1
355,462,3585.140380859375,515.4747314453125,17.291015625,40.4462890625,0.4125584661960602,-1,-1,-1
355,23,3315.349853515625,526.1093139648438,16.157470703125,34.3565673828125,0.33879029750823975,-1,-1,-1
356,6,5034.9453125,810.9156494140625,78.66455078125,104.489013671875,0.6061080098152161,-1,-1,-1
356,8,3287.962890625,606.4178466796875,21.354248046875,57.53106689453125,0.4735332429409027,-1,-1,-1
356,334,4074.0478515625,510.6512756347656,23.1591796875,46.932342529296875,0.35730215907096863,-1,-1,-1
356,462,3586.4755859375,515.1791381835938,17.379150390625,41.89532470703125,0.447929322719574,-1,-1,-1
356,23,3316.354248046875,524.4515991210938,16.90576171875,35.14898681640625,0.35374391078948975,-1,-1,-1
357,6,5045.32958984375,809.8768310546875,75.08447265625,103.44427490234375,0.6921254396438599,-1,-1,-1
357,8,3288.9716796875,604.79833984375,22.549072265625,58.9713134765625,0.42664453387260437,-1,-1,-1
357,334,4074.4873046875,510.7183837890625,23.822265625,46.4349365234375,0.3419837951660156,-1,-1,-1
357,462,3587.27392578125,515.6360473632812,16.91162109375,42.3099365234375,0.4489038586616516,-1,-1,-1
358,6,5048.06982421875,810.655029296875,77.56005859375,102.61627197265625,0.7621301412582397,-1,-1,-1
358,8,3289.33154296875,602.9335327148438,23.5888671875,60.985107421875,0.337743878364563,-1,-1,-1
358,334,4075.437255859375,511.2320251464844,23.498291015625,45.151397705078125,0.26898473501205444,-1,-1,-1
358,462,3587.5859375,516.7525634765625,17.12353515625,41.120849609375,0.3683316111564636,-1,-1,-1
359,6,5054.912109375,810.6243286132812,75.2666015625,102.328857421875,0.7438197731971741,-1,-1,-1
359,334,4077.648681640625,511.70989990234375,21.971435546875,43.77880859375,0.30700597167015076,-1,-1,-1
359,462,3587.760498046875,515.9686279296875,17.654052734375,41.880126953125,0.3098655641078949,-1,-1,-1
360,6,5060.1025390625,811.5910034179688,77.7109375,102.14654541015625,0.6830763816833496,-1,-1,-1
360,334,4078.14306640625,512.3777465820312,22.2890625,43.82989501953125,0.3055770993232727,-1,-1,-1
360,462,3588.093505859375,516.5025634765625,18.721435546875,38.8929443359375,0.3006356954574585,-1,-1,-1
360,8,3292.9638671875,600.1366577148438,25.6455078125,59.38055419921875,0.2601803243160248,-1,-1,-1
361,6,5064.20751953125,813.4357299804688,80.57080078125,99.63055419921875,0.7030914425849915,-1,-1,-1
361,334,4077.827880859375,511.6217956542969,23.397216796875,43.885406494140625,0.2797865867614746,-1,-1,-1
361,8,3293.86572265625,599.3267822265625,26.08251953125,60.181640625,0.3862350881099701,-1,-1,-1
361,23,3329.236328125,523.0220947265625,17.677490234375,33.586669921875,0.30049824714660645,-1,-1,-1
362,6,5068.3203125,814.207275390625,81.52587890625,97.53558349609375,0.7694730758666992,-1,-1,-1
362,8,3295.290771484375,599.4031982421875,25.303466796875,58.24591064453125,0.4646207094192505,-1,-1,-1
362,23,3330.490234375,522.973388671875,18.17724609375,35.90557861328125,0.3426058888435364,-1,-1,-1
363,6,5072.59033203125,813.7037963867188,81.41845703125,99.2772216796875,0.7667353749275208,-1,-1,-1
363,8,3296.205078125,600.056884765625,24.80029296875,56.2020263671875,0.46344247460365295,-1,-1,-1
363,23,3332.351318359375,524.7730712890625,17.565673828125,34.417236328125,0.280878484249115,-1,-1,-1
364,6,5075.28955078125,812.4920654296875,84.27978515625,100.75384521484375,0.6933218240737915,-1,-1,-1
364,8,3299.0048828125,600.1054077148438,22.12060546875,54.6673583984375,0.5252296328544617,-1,-1,-1
364,23,3335.530029296875,524.9107055664062,17.071044921875,34.57763671875,0.2568359971046448,-1,-1,-1
365,6,5090.8017578125,811.6452026367188,72.6064453125,102.0916748046875,0.6982024908065796,-1,-1,-1
365,8,3302.15771484375,600.0438232421875,19.256103515625,53.64959716796875,0.5834697484970093,-1,-1,-1
366,6,5092.59521484375,810.125244140625,75.26953125,102.97918701171875,0.6678881049156189,-1,-1,-1
366,8,3303.843017578125,600.7466430664062,18.738037109375,54.43011474609375,0.6067187786102295,-1,-1,-1
367,6,5098.04443359375,808.4172973632812,74.7734375,103.03497314453125,0.7467601895332336,-1,-1,-1
367,8,3304.81689453125,600.1564331054688,18.566650390625,54.3961181640625,0.6287978887557983,-1,-1,-1
367,453,3851.471923828125,504.7126770019531,20.353759765625,43.503021240234375,0.39069613814353943,-1,-1,-1
368,6,5102.28173828125,807.0466918945312,75.37548828125,102.224365234375,0.8030199408531189,-1,-1,-1
368,8,3306.2412109375,598.73779296875,18.64794921875,56.31158447265625,0.6821799874305725,-1,-1,-1
368,453,3853.056640625,504.5599060058594,20.113525390625,43.083648681640625,0.39266738295555115,-1,-1,-1
369,6,5104.99560546875,807.4147338867188,77.626953125,102.11175537109375,0.8029935956001282,-1,-1,-1
369,8,3307.8603515625,597.6046752929688,19.57958984375,57.02960205078125,0.6870968341827393,-1,-1,-1
369,453,3854.098876953125,504.5911560058594,20.58642578125,42.294464111328125,0.3643181622028351,-1,-1,-1
370,6,5104.85888671875,808.7234497070312,86.61474609375,102.5062255859375,0.7900997996330261,-1,-1,-1
370,8,3309.7939453125,597.5017700195312,18.526123046875,55.97314453125,0.6752929091453552,-1,-1,-1
370,453,3854.62109375,504.54486083984375,20.5234375,41.9461669921875,0.32807162404060364,-1,-1,-1
370,462,3599.841552734375,523.5611572265625,18.475341796875,31.2630615234375,0.41271713376045227,-1,-1,-1
371,6,5107.9873046875,811.0879516601562,89.48681640625,99.10992431640625,0.7781765460968018,-1,-1,-1
371,8,3310.72900390625,597.2677001953125,19.186767578125,56.628173828125,0.676753580570221,-1,-1,-1
371,453,3856.349609375,503.31707763671875,21.25390625,44.5220947265625,0.340655118227005,-1,-1,-1
371,462,3600.824462890625,521.9962158203125,18.104248046875,32.96533203125,0.4207569658756256,-1,-1,-1
372,6,5114.43896484375,812.8112182617188,89.326171875,97.23040771484375,0.818405270576477,-1,-1,-1
372,8,3311.763916015625,597.3043823242188,19.008056640625,54.9442138671875,0.6694169044494629,-1,-1,-1
372,453,3857.15869140625,498.6545715332031,23.9375,48.248992919921875,0.4111206531524658,-1,-1,-1
372,462,3602.3017578125,521.9871826171875,17.36865234375,32.5635986328125,0.4488144516944885,-1,-1,-1
373,6,5119.97119140625,813.0357666015625,90.95849609375,98.10205078125,0.8020527362823486,-1,-1,-1
373,8,3313.565673828125,597.2540283203125,18.51416015625,52.09783935546875,0.6340858936309814,-1,-1,-1
373,453,3857.260498046875,496.9112548828125,24.822998046875,50.93170166015625,0.43620800971984863,-1,-1,-1
373,462,3603.18505859375,520.988525390625,17.201904296875,34.41131591796875,0.5121141672134399,-1,-1,-1
374,6,5132.44775390625,813.0677490234375,83.26220703125,97.5634765625,0.7719041109085083,-1,-1,-1
374,8,3315.1298828125,596.9571533203125,17.399658203125,50.2777099609375,0.6694472432136536,-1,-1,-1
374,453,3858.1650390625,497.395751953125,24.057373046875,50.45770263671875,0.42540356516838074,-1,-1,-1
374,462,3602.64306640625,519.907958984375,18.027587890625,35.2947998046875,0.515029788017273,-1,-1,-1
375,6,5142.40283203125,811.9363403320312,74.27978515625,98.1365966796875,0.6239030957221985,-1,-1,-1
375,8,3316.30029296875,596.5805053710938,17.48193359375,50.18017578125,0.6472969651222229,-1,-1,-1
375,453,3858.77783203125,497.3265380859375,24.15283203125,50.154052734375,0.4327424168586731,-1,-1,-1
375,462,3603.952392578125,516.3086547851562,17.73193359375,37.9219970703125,0.49447357654571533,-1,-1,-1
376,6,5148.427734375,809.864501953125,70.41796875,100.99920654296875,0.5517228245735168,-1,-1,-1
376,8,3316.818115234375,595.8163452148438,19.313232421875,52.4371337890625,0.5149621367454529,-1,-1,-1
376,453,3860.14892578125,497.5701599121094,22.78515625,49.698883056640625,0.4537293314933777,-1,-1,-1
376,462,3605.02490234375,515.1090087890625,19.390625,38.542724609375,0.5303848385810852,-1,-1,-1
377,6,5148.79833984375,806.7660522460938,75.5048828125,102.9814453125,0.6639724373817444,-1,-1,-1
377,8,3318.030029296875,594.0000610351562,19.734619140625,52.33251953125,0.34297704696655273,-1,-1,-1
377,453,3861.459716796875,498.0847473144531,21.855224609375,49.422393798828125,0.45453041791915894,-1,-1,-1
377,462,3605.402099609375,514.428466796875,19.2470703125,39.291748046875,0.5514529347419739,-1,-1,-1
378,6,5148.4033203125,805.3192138671875,79.38818359375,102.821044921875,0.5444434881210327,-1,-1,-1
378,8,3319.35791015625,591.8423461914062,19.873046875,54.8621826171875,0.3806036710739136,-1,-1,-1
378,453,3863.589111328125,499.5132751464844,19.791748046875,48.519622802734375,0.4240463972091675,-1,-1,-1
378,462,3604.638916015625,515.1006469726562,20.390380859375,39.56976318359375,0.5230538249015808,-1,-1,-1
379,8,3320.9287109375,589.9547729492188,19.1982421875,57.54010009765625,0.4478364884853363,-1,-1,-1
379,453,3864.886962890625,502.9415588378906,19.9306640625,43.675445556640625,0.3546961545944214,-1,-1,-1
379,462,3605.061767578125,515.6190795898438,22.185302734375,39.20355224609375,0.499137282371521,-1,-1,-1
380,8,3321.261962890625,589.2991943359375,19.928955078125,58.55224609375,0.44971415400505066,-1,-1,-1
380,453,3865.38623046875,503.56683349609375,20.35498046875,42.53973388671875,0.36462652683258057,-1,-1,-1
380,462,3605.363525390625,515.152099609375,22.928466796875,40.7724609375,0.5074036717414856,-1,-1,-1
380,6,5145.35009765625,805.5219116210938,89.0849609375,102.00921630859375,0.7028196454048157,-1,-1,-1
381,8,3322.415283203125,589.669921875,21.45703125,58.83111572265625,0.5290849208831787,-1,-1,-1
381,453,3865.744873046875,500.5146484375,22.8359375,46.1575927734375,0.34014391899108887,-1,-1,-1
381,462,3605.443115234375,517.2553100585938,22.8173828125,39.62432861328125,0.49309656023979187,-1,-1,-1
381,6,5135.99658203125,805.6906127929688,99.7822265625,102.33544921875,0.6642000675201416,-1,-1,-1
382,8,3322.629150390625,591.1441040039062,23.708984375,55.35662841796875,0.48535510897636414,-1,-1,-1
382,453,3866.23779296875,499.8246765136719,23.732666015625,46.625946044921875,0.35563477873802185,-1,-1,-1
382,462,3606.2265625,517.8298950195312,23.2392578125,36.698974609375,0.5342589616775513,-1,-1,-1
382,6,5132.74658203125,807.6505126953125,108.42578125,99.87200927734375,0.4523206353187561,-1,-1,-1
382,495,3749.365478515625,569.1908569335938,19.99658203125,34.0235595703125,0.3270200490951538,-1,-1,-1
383,8,3324.03759765625,590.9804077148438,23.783447265625,54.62188720703125,0.5070149898529053,-1,-1,-1
383,453,3866.830322265625,500.3218994140625,24.159423828125,46.587646484375,0.33411890268325806,-1,-1,-1
383,462,3606.617431640625,519.9566650390625,23.546630859375,34.02301025390625,0.45436930656433105,-1,-1,-1
383,6,5160.74609375,809.1871948242188,85.84033203125,98.42401123046875,0.4459339380264282,-1,-1,-1
383,496,3362.11767578125,524.9947509765625,25.566650390625,38.31488037109375,0.33056554198265076,-1,-1,-1
384,8,3326.51123046875,593.1840209960938,21.96533203125,51.45635986328125,0.5703901648521423,-1,-1,-1
384,453,3867.542724609375,503.1756286621094,23.017578125,44.545135498046875,0.2958686649799347,-1,-1,-1
384,462,3607.27294921875,521.0482177734375,23.58251953125,32.2071533203125,0.3702366054058075,-1,-1,-1
384,6,5155.04150390625,809.1724243164062,96.38330078125,99.12554931640625,0.458793967962265,-1,-1,-1
384,496,3361.80908203125,527.77001953125,26.065673828125,35.6341552734375,0.28916287422180176,-1,-1,-1
385,8,3329.762451171875,593.2915649414062,19.60888671875,50.6614990234375,0.5465235710144043,-1,-1,-1
385,453,3867.92529296875,504.1321716308594,22.98681640625,43.656219482421875,0.27993083000183105,-1,-1,-1
385,462,3609.079833984375,522.5361328125,22.052978515625,30.357421875,0.33580291271209717,-1,-1,-1
385,6,5172.21875,809.5432739257812,82.0771484375,98.1435546875,0.36594346165657043,-1,-1,-1
385,496,3362.652587890625,526.610595703125,25.575439453125,37.0306396484375,0.2569892108440399,-1,-1,-1
386,8,3331.680419921875,591.5023193359375,18.580078125,52.65838623046875,0.5464769005775452,-1,-1,-1
386,462,3610.8193359375,524.3907470703125,20.3251953125,28.453125,0.3112676739692688,-1,-1,-1
386,6,5184.05712890625,809.0264282226562,73.056640625,100.37054443359375,0.5747843384742737,-1,-1,-1
387,8,3333.002685546875,590.6168212890625,18.28564453125,53.5328369140625,0.5943824052810669,-1,-1,-1
387,462,3612.34130859375,523.2736206054688,18.994873046875,29.3587646484375,0.40073904395103455,-1,-1,-1
387,6,5188.87939453125,808.0531616210938,70.859375,101.40521240234375,0.7012292742729187,-1,-1,-1
388,8,3334.359619140625,589.7745971679688,18.63671875,54.818115234375,0.5915622115135193,-1,-1,-1
388,462,3612.939453125,524.0970458984375,19.752197265625,28.2537841796875,0.3345804214477539,-1,-1,-1
388,6,5191.021484375,806.6583862304688,69.5087890625,102.91802978515625,0.6244533658027649,-1,-1,-1
389,8,3335.89501953125,589.04052734375,20.241943359375,54.8907470703125,0.594929039478302,-1,-1,-1
389,462,3612.99609375,523.4286499023438,21.00732421875,28.91009521484375,0.3718530535697937,-1,-1,-1
389,6,5183.9306640625,805.9568481445312,79.45458984375,102.8580322265625,0.5697851777076721,-1,-1,-1
390,8,3336.755615234375,587.9789428710938,20.602294921875,55.483154296875,0.5622420907020569,-1,-1,-1
390,462,3612.83544921875,523.9375,21.039794921875,28.67578125,0.33737513422966003,-1,-1,-1
390,6,5180.091796875,805.6851196289062,87.90478515625,102.64739990234375,0.7609144449234009,-1,-1,-1
390,453,3874.652587890625,502.1851806640625,20.283447265625,48.27899169921875,0.3319641053676605,-1,-1,-1
391,8,3338.245361328125,587.7239990234375,20.258056640625,55.65960693359375,0.5541585087776184,-1,-1,-1
391,462,3613.396728515625,523.6105346679688,21.6787109375,29.0792236328125,0.3090255558490753,-1,-1,-1
391,6,5184.490234375,806.5517578125,88.71044921875,100.6026611328125,0.7526373863220215,-1,-1,-1
391,453,3875.0361328125,502.46337890625,19.86376953125,48.216064453125,0.3270967900753021,-1,-1,-1
392,8,3340.355224609375,587.7438354492188,19.22119140625,55.77166748046875,0.5277717113494873,-1,-1,-1
392,462,3613.618896484375,523.2085571289062,22.385009765625,29.94097900390625,0.3776465654373169,-1,-1,-1
392,6,5191.4423828125,807.6621704101562,87.67822265625,98.8017578125,0.7375423312187195,-1,-1,-1
392,453,3874.708740234375,501.87286376953125,20.15380859375,48.15911865234375,0.3418576419353485,-1,-1,-1
393,8,3342.435302734375,588.1441650390625,18.070068359375,54.8447265625,0.4864575266838074,-1,-1,-1
393,462,3613.4462890625,524.3268432617188,22.349365234375,29.6021728515625,0.42211827635765076,-1,-1,-1
393,6,5197.12158203125,810.1905517578125,88.36572265625,95.35198974609375,0.7129082679748535,-1,-1,-1
393,453,3874.796875,503.2042236328125,21.017578125,46.47039794921875,0.3054947555065155,-1,-1,-1
394,8,3343.160400390625,587.9661865234375,19.21435546875,54.85406494140625,0.5233643054962158,-1,-1,-1
394,462,3613.4677734375,523.8607177734375,22.03076171875,30.3931884765625,0.40522679686546326,-1,-1,-1
394,6,5201.58447265625,810.5075073242188,90.7880859375,95.3541259765625,0.7217036485671997,-1,-1,-1
394,453,3875.120849609375,504.0479736328125,21.902099609375,45.6978759765625,0.297722727060318,-1,-1,-1
395,8,3343.667236328125,588.4398803710938,20.4658203125,53.58343505859375,0.4504694938659668,-1,-1,-1
395,462,3613.472412109375,523.5579833984375,22.312255859375,30.4398193359375,0.3591311275959015,-1,-1,-1
395,6,5202.79736328125,811.03759765625,94.73828125,94.4735107421875,0.6980293989181519,-1,-1,-1
395,453,3875.25,504.4101867675781,22.1689453125,45.176727294921875,0.26485708355903625,-1,-1,-1
395,495,3749.84326171875,568.1869506835938,20.0693359375,35.94842529296875,0.2600758671760559,-1,-1,-1
396,6,5202.7880859375,810.5360107421875,95.63818359375,94.6243896484375,0.7225516438484192,-1,-1,-1
396,495,3750.0029296875,568.359130859375,19.86962890625,36.31988525390625,0.2836872935295105,-1,-1,-1
397,6,5200.97314453125,808.7055053710938,96.400390625,96.05755615234375,0.7058132290840149,-1,-1,-1
397,462,3613.802490234375,525.85546875,21.435302734375,27.593505859375,0.28745633363723755,-1,-1,-1
398,6,5196.142578125,806.05419921875,102.04833984375,98.20697021484375,0.638588011264801,-1,-1,-1
399,6,5193.6328125,803.9797973632812,106.876953125,98.9443359375,0.6737014055252075,-1,-1,-1
400,6,5192.49951171875,802.7734985351562,110.92822265625,99.20166015625,0.37786537408828735,-1,-1,-1
400,8,3352.9375,583.877685546875,21.74658203125,50.81072998046875,0.33458825945854187,-1,-1,-1
401,8,3354.607421875,581.6800537109375,21.392822265625,51.29449462890625,0.2988870143890381,-1,-1,-1
402,8,3357.14892578125,581.4647827148438,19.96435546875,51.517578125,0.3676556646823883,-1,-1,-1
403,8,3358.97119140625,582.9632568359375,19.32763671875,50.4072265625,0.43797677755355835,-1,-1,-1
404,8,3361.11376953125,583.6943359375,17.84033203125,49.010009765625,0.41040661931037903,-1,-1,-1
405,8,3362.985107421875,584.66552734375,17.502685546875,47.7978515625,0.5211040377616882,-1,-1,-1
405,6,5196.05029296875,806.3056640625,115.35302734375,98.39422607421875,0.5730785727500916,-1,-1,-1
406,8,3364.152587890625,584.4779052734375,18.85498046875,46.989013671875,0.52853924036026,-1,-1,-1
406,6,5201.10107421875,806.62646484375,111.63427734375,99.27545166015625,0.599435567855835,-1,-1,-1
406,495,3749.738525390625,572.6712646484375,19.87158203125,34.30450439453125,0.26793327927589417,-1,-1,-1
407,8,3365.9814453125,580.3906860351562,18.439697265625,48.98419189453125,0.5201615691184998,-1,-1,-1
407,6,5238.3125,807.2700805664062,77.9794921875,98.1455078125,0.4238833785057068,-1,-1,-1
407,495,3749.63525390625,572.6065673828125,19.873291015625,34.3642578125,0.26290789246559143,-1,-1,-1
408,8,3367.776611328125,579.1442260742188,18.13134765625,48.84539794921875,0.5238497257232666,-1,-1,-1
408,6,5253.38525390625,806.6644287109375,66.25537109375,98.05755615234375,0.5157482028007507,-1,-1,-1
409,8,3369.5,576.5747680664062,20.830322265625,51.59033203125,0.4099765121936798,-1,-1,-1
409,6,5258.81005859375,806.4813842773438,65.06689453125,97.1839599609375,0.5193018317222595,-1,-1,-1
409,495,3749.41845703125,572.439697265625,19.665771484375,34.90826416015625,0.3406703472137451,-1,-1,-1
410,8,3370.168212890625,573.438232421875,22.802734375,55.79754638671875,0.30528929829597473,-1,-1,-1
410,6,5264.5087890625,805.7745361328125,62.44287109375,97.51116943359375,0.5621931552886963,-1,-1,-1
410,495,3749.204833984375,572.3705444335938,19.742919921875,35.54681396484375,0.35952454805374146,-1,-1,-1
411,6,5263.38525390625,804.2023315429688,66.6435546875,98.4979248046875,0.5260767340660095,-1,-1,-1
411,495,3748.9208984375,572.5859985351562,19.983642578125,35.935546875,0.3113865852355957,-1,-1,-1
412,6,5255.83251953125,803.9773559570312,77.216796875,99.12957763671875,0.6977069973945618,-1,-1,-1
412,495,3748.396728515625,573.0040283203125,20.336181640625,36.41912841796875,0.26521310210227966,-1,-1,-1
413,6,5254.38427734375,803.9777221679688,81.63720703125,99.14581298828125,0.7567235827445984,-1,-1,-1
413,495,3747.589111328125,573.0803833007812,20.921630859375,37.39361572265625,0.26312917470932007,-1,-1,-1
414,6,5258.0068359375,804.5581665039062,81.9267578125,98.03997802734375,0.8408284783363342,-1,-1,-1
415,6,5263.24853515625,805.4528198242188,81.2587890625,97.36260986328125,0.8385847210884094,-1,-1,-1
416,6,5265.62744140625,805.9512329101562,83.42578125,96.24481201171875,0.820287823677063,-1,-1,-1
417,6,5266.3056640625,805.8740234375,86.3154296875,95.878662109375,0.8203438520431519,-1,-1,-1
417,495,3747.98876953125,569.3695678710938,17.19970703125,44.3145751953125,0.2982880175113678,-1,-1,-1
418,6,5266.07177734375,805.5407104492188,88.08740234375,95.60211181640625,0.8085393905639648,-1,-1,-1
418,495,3747.5625,568.9755249023438,17.315185546875,44.59124755859375,0.2929920256137848,-1,-1,-1
418,8,3386.56787109375,580.7813110351562,18.3330078125,47.37298583984375,0.4406665563583374,-1,-1,-1
419,6,5266.03662109375,804.0387573242188,87.2041015625,96.8870849609375,0.7559601664543152,-1,-1,-1
419,8,3389.081298828125,580.4201049804688,15.82421875,46.9014892578125,0.36108914017677307,-1,-1,-1
420,8,3390.0146484375,582.011962890625,19.292236328125,44.556640625,0.4120452404022217,-1,-1,-1
421,8,3390.197265625,581.9767456054688,21.496826171875,43.88116455078125,0.3218999207019806,-1,-1,-1
421,6,5273.50634765625,803.7389526367188,80.6767578125,97.72100830078125,0.34570786356925964,-1,-1,-1
422,8,3390.634521484375,582.6932373046875,22.872802734375,43.31219482421875,0.3671490252017975,-1,-1,-1
423,8,3392.090576171875,581.5310668945312,22.84228515625,44.67425537109375,0.3837212324142456,-1,-1,-1
423,495,3746.819580078125,570.5484008789062,17.046630859375,43.393310546875,0.3037758469581604,-1,-1,-1
424,8,3394.556640625,580.6197509765625,23.17578125,45.08892822265625,0.2940099239349365,-1,-1,-1
424,495,3746.696533203125,570.8187866210938,17.022216796875,42.73236083984375,0.31987372040748596,-1,-1,-1
425,495,3746.429931640625,570.8610229492188,17.06884765625,42.64288330078125,0.34083789587020874,-1,-1,-1
426,495,3746.279541015625,570.92724609375,17.016845703125,42.82403564453125,0.3326970934867859,-1,-1,-1
427,495,3745.819580078125,571.0257568359375,17.4501953125,43.01226806640625,0.32684242725372314,-1,-1,-1
428,495,3745.39111328125,571.0396118164062,17.897705078125,43.4381103515625,0.3425261080265045,-1,-1,-1
428,6,5269.7763671875,802.8013305664062,91.16064453125,96.93377685546875,0.40156087279319763,-1,-1,-1
429,495,3745.2197265625,571.0272216796875,17.986328125,43.7220458984375,0.3978239595890045,-1,-1,-1
429,6,5271.59716796875,802.6876220703125,90.1142578125,97.232177734375,0.5951383113861084,-1,-1,-1
429,8,3404.125732421875,579.52490234375,23.590087890625,47.0023193359375,0.2516113519668579,-1,-1,-1
430,495,3744.917236328125,571.1063842773438,18.103515625,43.37652587890625,0.37374794483184814,-1,-1,-1
430,6,5271.32568359375,803.0667724609375,91.8017578125,96.23345947265625,0.551577627658844,-1,-1,-1
430,8,3405.84375,579.0748291015625,22.643798828125,45.7235107421875,0.28286272287368774,-1,-1,-1
431,495,3743.729248046875,571.1571655273438,19.1953125,43.866943359375,0.3284049928188324,-1,-1,-1
431,6,5273.88525390625,802.8619384765625,90.0458984375,95.98590087890625,0.6139570474624634,-1,-1,-1
431,8,3407.429443359375,578.1742553710938,21.698974609375,47.52593994140625,0.4281376600265503,-1,-1,-1
432,495,3742.88916015625,570.9083862304688,20.021240234375,45.14111328125,0.39541786909103394,-1,-1,-1
432,8,3409.70361328125,576.775390625,20.05029296875,48.099365234375,0.458029568195343,-1,-1,-1
433,495,3742.42919921875,570.6258544921875,20.2578125,45.4449462890625,0.4428940415382385,-1,-1,-1
433,8,3411.091796875,576.8026733398438,19.206787109375,48.953369140625,0.4407181441783905,-1,-1,-1
434,495,3741.88037109375,570.6546630859375,20.606689453125,45.4100341796875,0.47640764713287354,-1,-1,-1
434,8,3412.706298828125,575.4992065429688,18.855712890625,50.16900634765625,0.46829962730407715,-1,-1,-1
434,6,5289.09716796875,802.0668334960938,80.5087890625,95.8863525390625,0.356781542301178,-1,-1,-1
435,495,3741.672119140625,571.3180541992188,20.544677734375,45.38641357421875,0.40327146649360657,-1,-1,-1
435,8,3415.6552734375,576.0573120117188,16.96044921875,49.22686767578125,0.4633984863758087,-1,-1,-1
435,6,5294.6669921875,802.1283569335938,78.2626953125,96.85943603515625,0.4110710322856903,-1,-1,-1
436,495,3740.580810546875,572.6764526367188,21.559326171875,44.67730712890625,0.34464743733406067,-1,-1,-1
436,8,3417.756103515625,576.8429565429688,15.9560546875,48.3897705078125,0.441927969455719,-1,-1,-1
436,6,5299.3701171875,802.2337646484375,76.82763671875,98.7259521484375,0.3639742434024811,-1,-1,-1
437,495,3739.677490234375,573.8193359375,21.685791015625,44.1309814453125,0.4088076949119568,-1,-1,-1
437,8,3418.479736328125,576.986083984375,18.251220703125,46.8253173828125,0.4692276418209076,-1,-1,-1
437,6,5303.97314453125,802.479248046875,76.078125,99.29840087890625,0.5457708835601807,-1,-1,-1
438,495,3739.3173828125,574.6289672851562,21.127685546875,43.69561767578125,0.4223087430000305,-1,-1,-1
438,8,3419.773193359375,577.9011840820312,19.1552734375,46.39813232421875,0.3566897511482239,-1,-1,-1
438,6,5306.642578125,803.1710205078125,76.52978515625,98.400634765625,0.6787170767784119,-1,-1,-1
439,495,3738.746826171875,575.013916015625,20.39892578125,43.567138671875,0.35130444169044495,-1,-1,-1
439,8,3420.61962890625,578.2880249023438,19.0712890625,46.22991943359375,0.33239662647247314,-1,-1,-1
439,6,5309.2275390625,802.8773193359375,77.0107421875,99.19305419921875,0.7209511399269104,-1,-1,-1
440,495,3738.031982421875,575.3357543945312,20.123291015625,43.4581298828125,0.41500428318977356,-1,-1,-1
440,8,3422.2197265625,577.915283203125,19.68994140625,46.9027099609375,0.25989580154418945,-1,-1,-1
440,6,5311.30712890625,803.2442016601562,77.99658203125,98.8929443359375,0.6858624219894409,-1,-1,-1
441,495,3737.458984375,575.6414794921875,19.3603515625,42.88580322265625,0.35834482312202454,-1,-1,-1
441,8,3423.552734375,575.6441040039062,19.628173828125,47.11328125,0.4546211063861847,-1,-1,-1
441,6,5311.79638671875,803.2691650390625,78.05029296875,99.09832763671875,0.7752233147621155,-1,-1,-1
442,495,3737.429931640625,575.479248046875,18.7734375,43.52264404296875,0.31429004669189453,-1,-1,-1
442,8,3424.435546875,577.2865600585938,21.769287109375,45.2318115234375,0.28935706615448,-1,-1,-1
442,6,5313.7138671875,803.0647583007812,77.01806640625,99.4549560546875,0.7654364109039307,-1,-1,-1
443,495,3736.77294921875,574.298583984375,18.33056640625,44.16534423828125,0.2635524868965149,-1,-1,-1
443,6,5314.255859375,803.239501953125,77.64794921875,98.69775390625,0.7591893672943115,-1,-1,-1
444,6,5315.455078125,803.8146362304688,79.24267578125,97.5029296875,0.7333548069000244,-1,-1,-1
445,6,5315.71875,803.9738159179688,81.1220703125,97.337158203125,0.8201614618301392,-1,-1,-1
446,6,5316.00634765625,803.8475341796875,82.41796875,97.66180419921875,0.8419384360313416,-1,-1,-1
447,6,5316.681640625,802.8626708984375,84.10107421875,98.929931640625,0.8237128853797913,-1,-1,-1
448,6,5314.8857421875,802.2689208984375,88.39013671875,98.5582275390625,0.7531723380088806,-1,-1,-1
449,6,5312.04248046875,801.6572265625,93.15673828125,98.283447265625,0.6163091063499451,-1,-1,-1
450,6,5317.0078125,802.8823852539062,89.93408203125,96.45172119140625,0.47202855348587036,-1,-1,-1
451,6,5323.9228515625,803.7479248046875,84.91015625,95.23162841796875,0.39529621601104736,-1,-1,-1
452,8,3438.131103515625,577.4993896484375,19.16259765625,45.40264892578125,0.38199588656425476,-1,-1,-1
453,8,3439.00341796875,577.6649780273438,19.613037109375,45.97564697265625,0.34651806950569153,-1,-1,-1
454,8,3440.650146484375,577.3489990234375,19.38232421875,46.80780029296875,0.33523768186569214,-1,-1,-1
455,8,3442.496337890625,576.851806640625,19.223388671875,47.21942138671875,0.3685729503631592,-1,-1,-1
456,8,3442.517333984375,577.7847290039062,21.456787109375,46.99456787109375,0.3273390531539917,-1,-1,-1
457,8,3444.1591796875,578.1912841796875,21.1767578125,45.08453369140625,0.39579346776008606,-1,-1,-1
458,8,3445.458740234375,576.5226440429688,20.5556640625,45.31060791015625,0.3372974395751953,-1,-1,-1
458,537,4294.3935546875,566.850341796875,23.24853515625,46.298828125,0.3404279053211212,-1,-1,-1
459,8,3446.78759765625,576.986328125,20.178466796875,42.42193603515625,0.3766060173511505,-1,-1,-1
459,537,4295.994140625,569.18017578125,21.53515625,44.22528076171875,0.26927146315574646,-1,-1,-1
459,538,3663.3330078125,515.774169921875,23.081787109375,43.6533203125,0.35662442445755005,-1,-1,-1
460,8,3448.098388671875,575.1900634765625,19.23291015625,44.4429931640625,0.31471243500709534,-1,-1,-1
460,537,4297.484375,568.0663452148438,21.09228515625,48.03741455078125,0.29401350021362305,-1,-1,-1
461,8,3449.550537109375,572.4594116210938,19.917236328125,46.177978515625,0.3155716061592102,-1,-1,-1
461,537,4298.22314453125,568.9920654296875,21.255859375,48.31048583984375,0.30325624346733093,-1,-1,-1
462,8,3450.335205078125,572.7994384765625,19.893798828125,45.74468994140625,0.4181656241416931,-1,-1,-1
462,537,4298.97314453125,568.1917724609375,21.978515625,49.05743408203125,0.33995822072029114,-1,-1,-1
462,538,3666.291748046875,512.8495483398438,22.19287109375,47.8482666015625,0.35291415452957153,-1,-1,-1
463,8,3450.59130859375,571.8380737304688,21.58154296875,47.03759765625,0.3375893235206604,-1,-1,-1
463,537,4299.66259765625,570.0853881835938,21.29638671875,47.76312255859375,0.2894803583621979,-1,-1,-1
463,538,3666.903076171875,512.3466186523438,21.974853515625,48.56103515625,0.3017911911010742,-1,-1,-1
464,537,4299.31494140625,569.1998291015625,21.8466796875,49.11273193359375,0.3087897002696991,-1,-1,-1
465,537,4299.7587890625,569.8294677734375,20.92578125,49.40362548828125,0.28608793020248413,-1,-1,-1
465,6,5341.34716796875,801.8880615234375,73.0478515625,95.45916748046875,0.30946648120880127,-1,-1,-1
465,8,3450.9609375,573.8463745117188,23.628662109375,47.0538330078125,0.30134618282318115,-1,-1,-1
466,6,5342.185546875,801.1063232421875,72.45458984375,95.13482666015625,0.3510133624076843,-1,-1,-1
467,6,5343.25146484375,800.5679321289062,71.994140625,95.40740966796875,0.5386984944343567,-1,-1,-1
467,537,4299.9267578125,576.2913208007812,22.54736328125,43.38641357421875,0.3557776212692261,-1,-1,-1
468,6,5344.4208984375,800.1980590820312,71.31982421875,95.75274658203125,0.38800594210624695,-1,-1,-1
468,537,4300.5107421875,578.2303466796875,22.4541015625,42.153076171875,0.33364206552505493,-1,-1,-1
469,6,5345.5458984375,799.6422729492188,70.5205078125,96.619873046875,0.6068522334098816,-1,-1,-1
470,6,5346.94873046875,799.7435302734375,69.73388671875,97.06787109375,0.6387340426445007,-1,-1,-1
470,544,3714.40771484375,580.7620239257812,18.724609375,44.3116455078125,0.3426525294780731,-1,-1,-1
470,537,4302.22119140625,580.0563354492188,22.33642578125,45.49481201171875,0.3025224804878235,-1,-1,-1
471,6,5348.1630859375,799.5940551757812,68.84326171875,97.343994140625,0.6802523732185364,-1,-1,-1
471,544,3714.17919921875,581.3833618164062,19.255126953125,43.77447509765625,0.3139938414096832,-1,-1,-1
472,6,5348.9091796875,799.5874633789062,68.84423828125,97.49578857421875,0.6732217669487,-1,-1,-1
472,544,3713.8564453125,581.55908203125,19.26513671875,43.66815185546875,0.33138856291770935,-1,-1,-1
473,6,5350.77734375,799.0009765625,66.7724609375,97.26019287109375,0.45856133103370667,-1,-1,-1
473,544,3712.0859375,581.1671142578125,21.029541015625,44.63427734375,0.32193416357040405,-1,-1,-1
473,537,4304.57470703125,584.6228637695312,20.7451171875,42.14886474609375,0.26970750093460083,-1,-1,-1
474,6,5352.2529296875,799.010986328125,65.7998046875,97.11102294921875,0.466980904340744,-1,-1,-1
474,537,4305.6982421875,583.2250366210938,21.060546875,43.5828857421875,0.30176568031311035,-1,-1,-1
475,6,5351.42626953125,798.99560546875,67.64697265625,97.89666748046875,0.422607958316803,-1,-1,-1
475,537,4306.0078125,582.8160400390625,20.64306640625,44.8643798828125,0.28769421577453613,-1,-1,-1
476,6,5351.6005859375,798.802490234375,68.3134765625,98.244384765625,0.4236481487751007,-1,-1,-1
476,537,4306.31787109375,581.9335327148438,21.10546875,46.6007080078125,0.29770806431770325,-1,-1,-1
477,6,5351.09912109375,799.3671264648438,70.84130859375,97.92144775390625,0.2598954439163208,-1,-1,-1
478,6,5352.626953125,800.0155639648438,71.48779296875,97.50384521484375,0.2527785301208496,-1,-1,-1
479,6,5353.3779296875,800.8455200195312,71.587890625,96.8388671875,0.3564208149909973,-1,-1,-1
479,8,3470.67236328125,578.0755615234375,17.552978515625,40.3538818359375,0.37495213747024536,-1,-1,-1
479,537,4307.29052734375,587.3858642578125,21.04150390625,43.428955078125,0.2654978334903717,-1,-1,-1
480,6,5353.99609375,801.2548217773438,74.2939453125,95.25469970703125,0.5676858425140381,-1,-1,-1
480,8,3471.328857421875,578.91015625,19.02783203125,40.083740234375,0.3800462782382965,-1,-1,-1
481,6,5354.78125,801.2366333007812,75.76416015625,94.689208984375,0.446175217628479,-1,-1,-1
481,8,3471.82763671875,579.844482421875,21.22998046875,40.162353515625,0.3065434694290161,-1,-1,-1
481,551,4045.119873046875,545.7102661132812,15.60498046875,33.69171142578125,0.35274940729141235,-1,-1,-1
482,6,5356.57177734375,801.1624145507812,76.3681640625,94.737548828125,0.6843746304512024,-1,-1,-1
482,8,3472.548095703125,580.4769897460938,21.563720703125,39.65826416015625,0.33287888765335083,-1,-1,-1
482,551,4044.401611328125,543.3024291992188,15.616455078125,36.431396484375,0.35721829533576965,-1,-1,-1
483,6,5357.9541015625,800.580810546875,76.568359375,95.19921875,0.6759327054023743,-1,-1,-1
483,8,3473.044677734375,582.9097290039062,21.381591796875,37.093994140625,0.35869938135147095,-1,-1,-1
483,551,4041.69970703125,543.6199340820312,18.468505859375,36.96893310546875,0.3471958339214325,-1,-1,-1
484,6,5357.98095703125,800.7576904296875,77.63671875,94.75439453125,0.6621302962303162,-1,-1,-1
484,8,3474.134521484375,582.1427001953125,20.7451171875,37.45965576171875,0.28507477045059204,-1,-1,-1
484,551,4040.724609375,546.3680419921875,18.7060546875,33.9134521484375,0.3166755437850952,-1,-1,-1
485,6,5356.455078125,800.975830078125,80.103515625,94.37646484375,0.6327409744262695,-1,-1,-1
485,8,3474.207275390625,579.6292724609375,21.688720703125,38.9859619140625,0.27997660636901855,-1,-1,-1
485,551,4040.845703125,546.8307495117188,17.08642578125,33.5623779296875,0.36766883730888367,-1,-1,-1
486,6,5355.865234375,799.6808471679688,82.77294921875,96.113525390625,0.5707309246063232,-1,-1,-1
486,8,3475.471923828125,577.9898071289062,21.342529296875,41.3453369140625,0.3200494945049286,-1,-1,-1
486,551,4040.831298828125,547.5505981445312,15.592041015625,33.63983154296875,0.3515434265136719,-1,-1,-1
486,537,4309.755859375,591.4482421875,18.93701171875,47.73919677734375,0.2889350652694702,-1,-1,-1
487,6,5355.6357421875,799.1038208007812,85.326171875,96.96527099609375,0.4889742136001587,-1,-1,-1
487,551,4040.061767578125,548.8504028320312,15.34814453125,32.95611572265625,0.3093426823616028,-1,-1,-1
488,6,5354.71728515625,798.67041015625,87.85205078125,97.58258056640625,0.5003175735473633,-1,-1,-1
488,551,4039.508544921875,548.9576416015625,15.90283203125,32.55413818359375,0.30893462896347046,-1,-1,-1
489,6,5353.58251953125,798.4024047851562,90.17333984375,97.93475341796875,0.5453816056251526,-1,-1,-1
489,551,4039.077392578125,547.388671875,15.733154296875,33.85479736328125,0.3256887197494507,-1,-1,-1
490,6,5350.03125,798.07275390625,94.2314453125,97.8148193359375,0.6153132319450378,-1,-1,-1
490,551,4037.665283203125,546.6882934570312,15.927001953125,34.62164306640625,0.33487647771835327,-1,-1,-1
491,6,5347.97900390625,797.9781494140625,96.56982421875,97.92279052734375,0.6253494024276733,-1,-1,-1
491,551,4036.24755859375,546.43408203125,16.978759765625,35.63323974609375,0.3207322657108307,-1,-1,-1
492,6,5346.505859375,797.8960571289062,98.482421875,98.45184326171875,0.6009966135025024,-1,-1,-1
492,551,4035.521484375,546.80859375,17.265625,36.0391845703125,0.2912242114543915,-1,-1,-1
493,6,5346.541015625,798.0661010742188,98.75244140625,98.78887939453125,0.6139361262321472,-1,-1,-1
493,551,4034.32763671875,545.9759521484375,17.77880859375,37.29705810546875,0.32884928584098816,-1,-1,-1
494,6,5349.2607421875,798.0806274414062,96.3671875,98.5374755859375,0.5519168376922607,-1,-1,-1
494,551,4033.666015625,546.126220703125,17.995361328125,36.81365966796875,0.3092094659805298,-1,-1,-1
495,6,5351.84375,797.9609985351562,93.33935546875,98.490234375,0.5908737182617188,-1,-1,-1
495,551,4033.3935546875,546.847900390625,18.01416015625,36.00811767578125,0.2809804677963257,-1,-1,-1
496,6,5355.43994140625,797.81689453125,89.2490234375,99.09271240234375,0.6118999123573303,-1,-1,-1
497,6,5356.89599609375,797.6123046875,87.021484375,99.69970703125,0.6853928565979004,-1,-1,-1
498,6,5359.12109375,797.323486328125,84.38232421875,100.32965087890625,0.6850153803825378,-1,-1,-1
499,6,5361.0810546875,796.7343139648438,82.12451171875,100.61322021484375,0.6935845017433167,-1,-1,-1
500,6,5361.85595703125,795.6614990234375,81.12060546875,101.499755859375,0.690756618976593,-1,-1,-1
501,6,5362.80859375,794.0934448242188,79.8681640625,100.014892578125,0.7007063031196594,-1,-1,-1
501,8,3488.56982421875,565.2510986328125,22.91064453125,56.44219970703125,0.31326454877853394,-1,-1,-1
502,6,5363.4541015625,792.9401245117188,78.87353515625,99.36297607421875,0.7104125022888184,-1,-1,-1
502,8,3489.4326171875,571.5902709960938,22.474365234375,50.23931884765625,0.32999470829963684,-1,-1,-1
503,6,5364.3994140625,792.1029663085938,78.0068359375,98.849609375,0.7248623967170715,-1,-1,-1
503,8,3490.195556640625,570.3766479492188,21.896484375,51.59063720703125,0.38725483417510986,-1,-1,-1
504,6,5365.3447265625,791.5752563476562,77.0205078125,98.84307861328125,0.7197998762130737,-1,-1,-1
504,8,3491.013427734375,564.6428833007812,21.685546875,57.1119384765625,0.414874404668808,-1,-1,-1
505,6,5365.9169921875,791.2614135742188,76.32666015625,98.70428466796875,0.7175669074058533,-1,-1,-1
505,8,3491.716552734375,559.14111328125,21.20849609375,62.37322998046875,0.364139586687088,-1,-1,-1
506,6,5366.8818359375,790.9617309570312,75.28564453125,98.3486328125,0.714153528213501,-1,-1,-1
506,8,3493.874755859375,569.3394775390625,19.0859375,52.9886474609375,0.398742139339447,-1,-1,-1
507,6,5367.36865234375,790.997802734375,74.57421875,98.548828125,0.71701979637146,-1,-1,-1
507,8,3495.41650390625,574.6334838867188,17.60986328125,47.826904296875,0.4013884663581848,-1,-1,-1
508,6,5368.177734375,791.0111694335938,73.75,98.606201171875,0.7202922105789185,-1,-1,-1
508,8,3496.7470703125,576.1696166992188,16.670654296875,46.1021728515625,0.3417853116989136,-1,-1,-1
509,6,5368.5126953125,791.035400390625,73.58935546875,98.56866455078125,0.7179341912269592,-1,-1,-1
509,8,3497.912109375,575.092041015625,17.71435546875,46.92486572265625,0.3790075182914734,-1,-1,-1
510,6,5369.04736328125,790.95849609375,73.2626953125,98.782470703125,0.7165287137031555,-1,-1,-1
510,8,3498.98388671875,576.1011352539062,18.670166015625,47.07879638671875,0.32970327138900757,-1,-1,-1
511,6,5369.3359375,790.677978515625,72.95703125,98.94146728515625,0.7131551504135132,-1,-1,-1
512,6,5370.9345703125,791.010986328125,72.20703125,98.14093017578125,0.7155663967132568,-1,-1,-1
512,551,4020.49169921875,545.05859375,17.72021484375,40.17352294921875,0.25165891647338867,-1,-1,-1
513,6,5371.62060546875,791.0869750976562,71.02587890625,96.72564697265625,0.7272258996963501,-1,-1,-1
513,551,4019.9794921875,543.7153930664062,16.9716796875,39.74591064453125,0.26351824402809143,-1,-1,-1
514,6,5372.48681640625,791.2244873046875,70.82666015625,96.37249755859375,0.7431337833404541,-1,-1,-1
514,551,4019.35498046875,543.9189453125,16.427734375,40.85626220703125,0.40473270416259766,-1,-1,-1
515,6,5373.07177734375,791.4147338867188,71.31494140625,95.94061279296875,0.7671076655387878,-1,-1,-1
515,551,4018.9453125,545.399169921875,16.091064453125,40.695068359375,0.4375113546848297,-1,-1,-1
516,6,5373.54150390625,791.9098510742188,72.45703125,95.30902099609375,0.7503625750541687,-1,-1,-1
516,551,4018.500732421875,545.8305053710938,15.98046875,41.17022705078125,0.4960830807685852,-1,-1,-1
516,537,4316.708984375,603.4916381835938,24.55322265625,66.29638671875,0.39481911063194275,-1,-1,-1
517,6,5373.94287109375,792.2994995117188,73.5810546875,94.86138916015625,0.7167291045188904,-1,-1,-1
517,551,4017.683349609375,545.7841186523438,16.583251953125,42.22894287109375,0.5093762874603271,-1,-1,-1
517,537,4316.8017578125,604.3387451171875,24.84130859375,65.84173583984375,0.3994154632091522,-1,-1,-1
518,6,5374.3076171875,792.6022338867188,75.18115234375,94.54205322265625,0.6853960752487183,-1,-1,-1
518,551,4016.9541015625,545.7427978515625,17.30126953125,43.23638916015625,0.5063007473945618,-1,-1,-1
518,537,4317.14404296875,607.1336669921875,24.60107421875,60.49786376953125,0.26159730553627014,-1,-1,-1
519,6,5374.90478515625,794.3860473632812,76.666015625,91.90228271484375,0.68587726354599,-1,-1,-1
519,551,4016.130126953125,545.7598266601562,18.263671875,43.27294921875,0.5105997920036316,-1,-1,-1
519,537,4317.1474609375,611.19384765625,24.67919921875,58.71978759765625,0.3312355875968933,-1,-1,-1
520,6,5373.71826171875,794.53662109375,79.78076171875,92.31353759765625,0.5538104772567749,-1,-1,-1
520,551,4015.681640625,545.7420654296875,17.80419921875,39.4715576171875,0.4536023437976837,-1,-1,-1
520,537,4316.95703125,611.8681640625,24.66650390625,58.99981689453125,0.3586720824241638,-1,-1,-1
521,6,5375.66943359375,795.6619873046875,79.6416015625,89.6595458984375,0.5215436220169067,-1,-1,-1
521,551,4015.24560546875,545.8117065429688,17.86328125,39.59234619140625,0.44938141107559204,-1,-1,-1
521,537,4316.982421875,614.2415161132812,24.34912109375,57.39581298828125,0.25325676798820496,-1,-1,-1
522,6,5376.08203125,795.77197265625,81.318359375,89.0301513671875,0.5757677555084229,-1,-1,-1
522,551,4014.730224609375,545.54541015625,17.357421875,37.94989013671875,0.3884480893611908,-1,-1,-1
522,537,4316.72509765625,616.59619140625,24.19140625,54.4644775390625,0.2787134349346161,-1,-1,-1
523,6,5376.5068359375,795.2857055664062,83.16455078125,89.4134521484375,0.6010916233062744,-1,-1,-1
523,551,4014.037353515625,545.4816284179688,16.97412109375,40.04205322265625,0.39150965213775635,-1,-1,-1
523,537,4316.19921875,618.072265625,23.10546875,52.4005126953125,0.3139379620552063,-1,-1,-1
524,6,5376.58447265625,795.2274780273438,84.70458984375,89.90887451171875,0.617597758769989,-1,-1,-1
524,551,4013.409912109375,545.4959716796875,16.798828125,41.19329833984375,0.4202013909816742,-1,-1,-1
524,537,4316.404296875,618.0631103515625,21.92724609375,52.254150390625,0.27434244751930237,-1,-1,-1
525,6,5376.8876953125,794.6084594726562,85.58740234375,90.47528076171875,0.6384947896003723,-1,-1,-1
525,551,4012.800048828125,545.6869506835938,16.731201171875,39.931640625,0.3946615159511566,-1,-1,-1
525,537,4316.3388671875,617.051513671875,20.38037109375,54.0777587890625,0.3787166476249695,-1,-1,-1
526,6,5374.60546875,795.2477416992188,89.06689453125,90.00390625,0.6327009201049805,-1,-1,-1
526,551,4012.269287109375,545.9502563476562,16.857421875,39.42840576171875,0.38296714425086975,-1,-1,-1
526,537,4316.0458984375,616.554931640625,19.5908203125,54.638671875,0.3748137056827545,-1,-1,-1
527,6,5372.74560546875,796.0196533203125,91.7109375,89.03448486328125,0.5944474339485168,-1,-1,-1
527,551,4011.515869140625,546.2919311523438,16.825439453125,39.4117431640625,0.37150606513023376,-1,-1,-1
527,537,4316.103515625,615.9816284179688,18.18994140625,55.348388671875,0.39353910088539124,-1,-1,-1
528,6,5370.2119140625,795.8612060546875,94.76123046875,89.81787109375,0.5796473026275635,-1,-1,-1
528,551,4010.50390625,546.6369018554688,17.6103515625,38.42828369140625,0.3895666003227234,-1,-1,-1
528,537,4315.57275390625,615.9752807617188,18.18310546875,56.07366943359375,0.4378294050693512,-1,-1,-1
529,6,5367.80712890625,795.7090454101562,97.42138671875,90.27154541015625,0.5732329487800598,-1,-1,-1
529,551,4009.58642578125,546.9166259765625,18.2451171875,38.19189453125,0.38309282064437866,-1,-1,-1
529,537,4315.3583984375,616.1412353515625,17.8681640625,56.10321044921875,0.4370604157447815,-1,-1,-1
530,6,5363.2197265625,795.243408203125,101.912109375,91.471435546875,0.5530039072036743,-1,-1,-1
530,551,4008.71484375,548.5184326171875,18.64111328125,38.08404541015625,0.3675313889980316,-1,-1,-1
530,537,4314.71337890625,617.7646484375,17.8935546875,55.4891357421875,0.47072353959083557,-1,-1,-1
531,6,5359.95751953125,795.2843017578125,104.9169921875,92.1624755859375,0.44827425479888916,-1,-1,-1
531,551,4007.441650390625,549.3751831054688,18.78271484375,38.34521484375,0.33718904852867126,-1,-1,-1
531,537,4314.0322265625,621.0274047851562,18.01220703125,53.06494140625,0.4587244689464569,-1,-1,-1
532,6,5355.54296875,794.665283203125,109.21728515625,92.82257080078125,0.45518797636032104,-1,-1,-1
532,551,4006.79443359375,548.6630249023438,18.613037109375,39.15350341796875,0.324433833360672,-1,-1,-1
532,537,4313.40380859375,622.153564453125,18.48388671875,51.42669677734375,0.4879703223705292,-1,-1,-1
533,6,5350.51025390625,794.656005859375,114.26806640625,93.4449462890625,0.2576693892478943,-1,-1,-1
533,551,4006.26708984375,548.3930053710938,18.7919921875,39.3922119140625,0.30951786041259766,-1,-1,-1
533,537,4312.71923828125,622.9288330078125,19.248046875,49.07049560546875,0.4876422882080078,-1,-1,-1
534,551,4005.779541015625,548.7380981445312,18.88427734375,38.70770263671875,0.28648504614830017,-1,-1,-1
534,537,4312.63037109375,623.5372314453125,19.427734375,47.16961669921875,0.39381057024002075,-1,-1,-1
535,551,4005.7490234375,548.41943359375,18.32470703125,39.1614990234375,0.2779967784881592,-1,-1,-1
535,537,4312.35595703125,624.072021484375,19.671875,46.32666015625,0.39859119057655334,-1,-1,-1
536,551,4005.79052734375,548.0640258789062,17.962890625,38.169921875,0.2793574035167694,-1,-1,-1
536,537,4311.740234375,624.5132446289062,20.8037109375,49.7181396484375,0.44445857405662537,-1,-1,-1
537,537,4311.07177734375,624.4412231445312,21.63427734375,54.41552734375,0.4892054796218872,-1,-1,-1
538,537,4310.81298828125,624.25244140625,21.712890625,56.4979248046875,0.5016682147979736,-1,-1,-1
539,537,4310.01953125,623.3349609375,22.1396484375,58.03839111328125,0.5848117470741272,-1,-1,-1
539,6,5353.03466796875,793.1987915039062,109.12744140625,95.2410888671875,0.2543880343437195,-1,-1,-1
540,537,4308.95947265625,623.3115844726562,22.99609375,59.63824462890625,0.6146302819252014,-1,-1,-1
540,6,5356.1923828125,792.5052490234375,104.841796875,96.11090087890625,0.3988884687423706,-1,-1,-1
541,537,4308.4599609375,623.488037109375,23.3896484375,60.66607666015625,0.6314030885696411,-1,-1,-1
541,6,5359.8837890625,792.1475219726562,100.05810546875,95.131103515625,0.6245037317276001,-1,-1,-1
542,537,4308.2265625,624.0264282226562,23.0029296875,60.4801025390625,0.5820117592811584,-1,-1,-1
542,6,5363.859375,792.0446166992188,96.04833984375,95.06402587890625,0.6373641490936279,-1,-1,-1
543,537,4308.46337890625,624.2540893554688,22.8134765625,59.540283203125,0.5642923712730408,-1,-1,-1
543,6,5366.77392578125,792.50634765625,92.52392578125,97.45220947265625,0.5113944411277771,-1,-1,-1
544,537,4307.9873046875,624.0314331054688,21.77978515625,59.6854248046875,0.5305894613265991,-1,-1,-1
544,6,5368.84326171875,792.8552856445312,89.47119140625,98.50372314453125,0.4673357605934143,-1,-1,-1
545,537,4306.61376953125,624.1690673828125,22.72607421875,59.32501220703125,0.5007017850875854,-1,-1,-1
545,6,5371.71435546875,793.7078857421875,85.94970703125,98.18585205078125,0.26878535747528076,-1,-1,-1
546,537,4305.892578125,624.6643676757812,21.07373046875,58.53466796875,0.4096898138523102,-1,-1,-1
547,537,4304.94677734375,624.5479125976562,20.5263671875,60.848388671875,0.4029022753238678,-1,-1,-1
548,537,4303.845703125,624.9100952148438,20.42626953125,61.48638916015625,0.44498953223228455,-1,-1,-1
548,585,3992.614990234375,549.2023315429688,15.624755859375,38.31243896484375,0.37247732281684875,-1,-1,-1
549,537,4303.4677734375,625.8826904296875,20.373046875,60.59326171875,0.4204697906970978,-1,-1,-1
549,585,3991.902587890625,547.9937133789062,15.066650390625,37.56524658203125,0.396961510181427,-1,-1,-1
550,537,4302.29833984375,627.30615234375,21.17236328125,58.2548828125,0.3252418339252472,-1,-1,-1
550,585,3991.29541015625,546.7713012695312,15.112060546875,36.731689453125,0.371751606464386,-1,-1,-1
551,537,4300.64013671875,628.5973510742188,22.69189453125,58.85797119140625,0.3367345631122589,-1,-1,-1
551,585,3988.933349609375,545.8421020507812,16.716552734375,35.65911865234375,0.32226473093032837,-1,-1,-1
552,537,4299.5029296875,629.3370971679688,24.43701171875,59.76629638671875,0.33946099877357483,-1,-1,-1
552,585,3987.287353515625,545.617919921875,17.572998046875,34.01751708984375,0.369100421667099,-1,-1,-1
553,537,4297.802734375,631.0738525390625,25.80078125,58.78631591796875,0.28814148902893066,-1,-1,-1
553,585,3986.142822265625,545.1805419921875,17.635498046875,33.0316162109375,0.34986454248428345,-1,-1,-1
554,537,4296.41943359375,631.6484375,25.48974609375,58.33233642578125,0.3876855671405792,-1,-1,-1
554,585,3984.989501953125,545.6710205078125,17.552001953125,33.4356689453125,0.29534441232681274,-1,-1,-1
554,594,4073.514892578125,528.7631225585938,16.66455078125,28.03179931640625,0.3502245247364044,-1,-1,-1
554,6,5390.150390625,795.1289672851562,60.1494140625,95.68597412109375,0.3058212101459503,-1,-1,-1
555,537,4294.0029296875,632.2442016601562,25.67529296875,57.951416015625,0.34117284417152405,-1,-1,-1
555,585,3984.02734375,546.1817016601562,17.477783203125,34.91497802734375,0.30618810653686523,-1,-1,-1
555,594,4073.01416015625,527.6748046875,15.585205078125,29.4544677734375,0.3660430312156677,-1,-1,-1
555,6,5383.26318359375,795.5882568359375,65.8359375,95.4287109375,0.2746727466583252,-1,-1,-1
556,537,4291.8505859375,632.5225219726562,26.3984375,59.16888427734375,0.4026484191417694,-1,-1,-1
556,585,3981.673583984375,546.2839965820312,17.514404296875,35.1705322265625,0.2836860418319702,-1,-1,-1
556,594,4072.776611328125,528.02001953125,14.548828125,28.1434326171875,0.3616708517074585,-1,-1,-1
557,537,4289.93603515625,632.8432006835938,26.86083984375,60.69610595703125,0.4143335223197937,-1,-1,-1
557,585,3980.148193359375,546.0679321289062,17.549560546875,35.53839111328125,0.26560404896736145,-1,-1,-1
557,594,4071.673828125,527.0075073242188,15.73388671875,28.0738525390625,0.3825940191745758,-1,-1,-1
558,537,4288.16259765625,632.7066040039062,26.99853515625,60.6468505859375,0.402180552482605,-1,-1,-1
558,585,3979.2021484375,545.43115234375,17.836669921875,35.68536376953125,0.2888841927051544,-1,-1,-1
558,594,4070.212646484375,527.0385131835938,16.05029296875,28.47711181640625,0.3715084195137024,-1,-1,-1
559,537,4288.564453125,632.1085205078125,26.42529296875,62.15350341796875,0.37702053785324097,-1,-1,-1
559,585,3978.43994140625,544.3614501953125,18.172607421875,36.11199951171875,0.259318083524704,-1,-1,-1
559,594,4069.02734375,527.3020629882812,16.351318359375,28.57891845703125,0.3612806797027588,-1,-1,-1
560,537,4288.5908203125,632.702880859375,25.7265625,59.6561279296875,0.4457980990409851,-1,-1,-1
560,594,4067.71484375,526.5797119140625,16.953369140625,29.7489013671875,0.38955414295196533,-1,-1,-1
560,6,5369.9541015625,794.827880859375,78.65234375,94.9779052734375,0.5367958545684814,-1,-1,-1
561,537,4285.63623046875,632.8716430664062,26.14404296875,60.48687744140625,0.44865095615386963,-1,-1,-1
561,594,4066.657958984375,526.37939453125,17.0595703125,31.40264892578125,0.4095771610736847,-1,-1,-1
561,6,5365.88037109375,794.7454833984375,82.65283203125,94.79302978515625,0.4032745659351349,-1,-1,-1
562,537,4284.42919921875,633.7745971679688,26.16064453125,59.7379150390625,0.5411103963851929,-1,-1,-1
562,594,4064.826171875,525.4087524414062,17.46337890625,31.4534912109375,0.3769409954547882,-1,-1,-1
562,6,5361.78173828125,796.5146484375,85.6982421875,93.13580322265625,0.34902292490005493,-1,-1,-1
563,537,4282.55322265625,634.6500854492188,24.6337890625,60.7242431640625,0.39932167530059814,-1,-1,-1
563,594,4063.813232421875,524.1854248046875,18.191162109375,32.6533203125,0.3557940125465393,-1,-1,-1
563,6,5363.455078125,796.95263671875,82.87548828125,92.26910400390625,0.3210858702659607,-1,-1,-1
564,537,4280.50732421875,635.9825439453125,25.8623046875,59.9954833984375,0.4722599387168884,-1,-1,-1
564,594,4062.339111328125,524.4197387695312,18.918212890625,32.46807861328125,0.3504713177680969,-1,-1,-1
565,537,4279.283203125,635.5484619140625,26.0166015625,60.62152099609375,0.5470716953277588,-1,-1,-1
565,594,4060.4208984375,524.752197265625,19.23193359375,33.226318359375,0.3044845163822174,-1,-1,-1
565,6,5358.7822265625,796.5392456054688,85.74951171875,94.45196533203125,0.48883384466171265,-1,-1,-1
566,537,4278.5380859375,635.3359375,24.96630859375,61.12139892578125,0.4756266474723816,-1,-1,-1
566,594,4059.49658203125,525.011962890625,19.6298828125,34.12957763671875,0.332922101020813,-1,-1,-1
566,6,5356.9501953125,796.6920166015625,86.357421875,94.71026611328125,0.6257825493812561,-1,-1,-1
567,537,4278.11279296875,635.7891235351562,23.47607421875,60.5390625,0.3939620852470398,-1,-1,-1
567,594,4059.18896484375,525.861083984375,19.09619140625,32.87054443359375,0.29070883989334106,-1,-1,-1
567,6,5355.5830078125,796.70361328125,86.93310546875,95.24853515625,0.6750856041908264,-1,-1,-1
568,537,4277.20556640625,637.2129516601562,21.84228515625,58.78753662109375,0.2786777913570404,-1,-1,-1
568,6,5353.71728515625,796.2323608398438,87.8935546875,95.9036865234375,0.6288090944290161,-1,-1,-1
568,585,3965.687255859375,540.7657470703125,17.815673828125,36.05010986328125,0.29190489649772644,-1,-1,-1
569,6,5351.06689453125,796.36865234375,88.96435546875,96.20562744140625,0.6008498072624207,-1,-1,-1
570,6,5350.53173828125,797.0753784179688,87.6455078125,95.3271484375,0.4902717173099518,-1,-1,-1
570,537,4271.61962890625,639.1903686523438,24.70361328125,57.9537353515625,0.25259238481521606,-1,-1,-1
571,6,5360.23974609375,797.1881713867188,75.83056640625,95.57421875,0.49780383706092834,-1,-1,-1
571,537,4269.02001953125,638.97998046875,26.708984375,58.1484375,0.2805543839931488,-1,-1,-1
571,585,3964.3828125,540.8942260742188,14.78857421875,34.11419677734375,0.2688468098640442,-1,-1,-1
572,6,5360.013671875,798.0205078125,74.10546875,93.86541748046875,0.27667880058288574,-1,-1,-1
572,597,3667.51806640625,611.4921264648438,25.54443359375,57.7471923828125,0.3412485122680664,-1,-1,-1
572,585,3963.82275390625,540.9992065429688,15.23291015625,33.688232421875,0.3117612302303314,-1,-1,-1
573,6,5357.18701171875,798.09716796875,76.21923828125,94.406494140625,0.603398323059082,-1,-1,-1
573,597,3666.619384765625,611.011962890625,26.095703125,58.42926025390625,0.4742140769958496,-1,-1,-1
573,585,3962.432373046875,540.6577758789062,16.023681640625,35.73089599609375,0.3688505291938782,-1,-1,-1
574,6,5353.33935546875,797.8798828125,79.11865234375,95.224609375,0.6932892799377441,-1,-1,-1
574,597,3664.1240234375,611.5511474609375,26.829833984375,59.14605712890625,0.5878212451934814,-1,-1,-1
574,585,3960.613525390625,540.9780883789062,16.98486328125,35.00982666015625,0.3796271085739136,-1,-1,-1
574,537,4263.89794921875,637.3600463867188,26.5791015625,59.349853515625,0.27111589908599854,-1,-1,-1
575,6,5356.02880859375,797.3797607421875,75.7705078125,96.38934326171875,0.688808262348175,-1,-1,-1
575,597,3662.97265625,611.667724609375,26.940185546875,59.251708984375,0.6449714303016663,-1,-1,-1
575,585,3959.9853515625,541.428466796875,17.1318359375,34.37127685546875,0.36804407835006714,-1,-1,-1
575,537,4263.31689453125,637.84814453125,25.087890625,57.9765625,0.35498130321502686,-1,-1,-1
576,6,5352.9833984375,797.276123046875,78.02685546875,97.300537109375,0.716210126876831,-1,-1,-1
576,597,3662.691650390625,612.9299926757812,25.74951171875,57.4334716796875,0.5904061198234558,-1,-1,-1
576,585,3958.32470703125,542.8421630859375,16.51806640625,32.5897216796875,0.2671603262424469,-1,-1,-1
576,537,4263.24755859375,637.7595825195312,23.0634765625,57.428466796875,0.2608083486557007,-1,-1,-1
576,594,4045.97021484375,515.8335571289062,21.897216796875,40.7657470703125,0.40820232033729553,-1,-1,-1
577,6,5352.65185546875,796.9158935546875,79.54443359375,97.94854736328125,0.6951591968536377,-1,-1,-1
577,597,3661.54541015625,614.3568115234375,25.57763671875,56.05792236328125,0.588361382484436,-1,-1,-1
577,537,4263.0693359375,638.4242553710938,21.41552734375,56.1162109375,0.45034143328666687,-1,-1,-1
577,594,4045.00634765625,514.221435546875,21.96826171875,42.6300048828125,0.4099709689617157,-1,-1,-1
578,6,5335.93994140625,796.768798828125,97.45849609375,98.37689208984375,0.6408915519714355,-1,-1,-1
578,597,3659.9375,612.7656860351562,24.592041015625,56.67962646484375,0.5822474956512451,-1,-1,-1
578,537,4262.49853515625,638.951171875,20.5087890625,57.052001953125,0.5082187652587891,-1,-1,-1
578,594,4044.0986328125,513.002685546875,21.010009765625,43.1868896484375,0.49185144901275635,-1,-1,-1
579,6,5329.23974609375,796.61962890625,104.97119140625,99.806884765625,0.6840128302574158,-1,-1,-1
579,597,3657.171875,611.2171630859375,25.36279296875,58.34765625,0.5733582377433777,-1,-1,-1
579,537,4260.8017578125,638.5985107421875,19.103515625,59.0767822265625,0.4605107605457306,-1,-1,-1
579,594,4043.36767578125,513.3062133789062,20.5244140625,43.41656494140625,0.5842722654342651,-1,-1,-1
580,6,5330.52734375,797.0000610351562,104.8681640625,98.81671142578125,0.688633143901825,-1,-1,-1
580,597,3655.58642578125,610.134765625,25.573486328125,59.543212890625,0.5148971080780029,-1,-1,-1
580,537,4259.02587890625,638.1142578125,18.95947265625,60.0966796875,0.43980783224105835,-1,-1,-1
580,594,4041.982421875,514.3057861328125,20.875732421875,42.49908447265625,0.547797679901123,-1,-1,-1
581,6,5332.37353515625,797.471923828125,103.63232421875,97.5924072265625,0.5888760089874268,-1,-1,-1
581,597,3654.585205078125,609.911376953125,24.973876953125,59.57513427734375,0.44365161657333374,-1,-1,-1
581,537,4256.859375,637.9254760742188,20.3828125,61.2191162109375,0.4766857326030731,-1,-1,-1
581,594,4040.73486328125,514.657958984375,20.942138671875,41.53558349609375,0.5699662566184998,-1,-1,-1
582,6,5329.78662109375,797.7801513671875,105.6357421875,97.71441650390625,0.6238555908203125,-1,-1,-1
582,597,3655.112548828125,610.9494018554688,22.45458984375,57.538818359375,0.33706414699554443,-1,-1,-1
582,537,4254.78125,637.2423706054688,22.0107421875,62.17633056640625,0.43969446420669556,-1,-1,-1
582,594,4039.750732421875,513.8776245117188,21.183349609375,42.021484375,0.5610063672065735,-1,-1,-1
583,6,5327.33544921875,798.0307006835938,106.21728515625,97.85430908203125,0.649488091468811,-1,-1,-1
583,597,3653.937744140625,611.2162475585938,21.454833984375,59.33251953125,0.3239738345146179,-1,-1,-1
583,537,4253.34716796875,637.3689575195312,22.47900390625,61.651123046875,0.35838398337364197,-1,-1,-1
583,594,4039.2763671875,515.5933227539062,21.4716796875,39.3211669921875,0.5242487192153931,-1,-1,-1
583,608,3931.1806640625,507.8468933105469,22.714111328125,59.736114501953125,0.3841373324394226,-1,-1,-1
584,6,5324.76806640625,798.0704956054688,106.1318359375,97.4384765625,0.6433377265930176,-1,-1,-1
584,537,4252.1806640625,636.7196044921875,23.37646484375,63.35211181640625,0.3613913655281067,-1,-1,-1
584,594,4038.708740234375,514.3694458007812,20.494140625,39.518798828125,0.6009249091148376,-1,-1,-1
584,608,3930.075439453125,506.8145751953125,23.35546875,54.813232421875,0.33084216713905334,-1,-1,-1
585,6,5322.41552734375,798.4173583984375,105.85498046875,97.8743896484375,0.5898433923721313,-1,-1,-1
585,537,4251.76513671875,636.6526489257812,22.57373046875,63.74151611328125,0.2588849663734436,-1,-1,-1
585,594,4037.603271484375,514.5878295898438,20.29931640625,39.6146240234375,0.5341603755950928,-1,-1,-1
586,6,5320.3759765625,798.64892578125,104.3212890625,98.31298828125,0.41877245903015137,-1,-1,-1
586,594,4037.47509765625,515.048583984375,19.12060546875,39.693603515625,0.5524098873138428,-1,-1,-1
587,594,4035.46142578125,515.062255859375,18.542724609375,38.733154296875,0.4475371539592743,-1,-1,-1
588,594,4033.89404296875,513.8004760742188,18.454833984375,40.01922607421875,0.4022379219532013,-1,-1,-1
588,6,5310.6552734375,797.9169921875,108.5986328125,100.0050048828125,0.5402337312698364,-1,-1,-1
589,594,4033.0341796875,513.6137084960938,18.484619140625,39.86126708984375,0.44471475481987,-1,-1,-1
589,6,5306.31298828125,797.9205322265625,110.626953125,99.53271484375,0.587784469127655,-1,-1,-1
589,597,3641.88525390625,612.9705810546875,26.39794921875,59.90234375,0.32748258113861084,-1,-1,-1
589,537,4245.515625,632.3342895507812,24.75048828125,67.35296630859375,0.42187371850013733,-1,-1,-1
590,594,4032.710205078125,514.8540649414062,18.0830078125,39.05780029296875,0.3757806122303009,-1,-1,-1
590,6,5302.6875,798.0458374023438,112.37646484375,99.8079833984375,0.48111823201179504,-1,-1,-1
590,597,3640.896728515625,614.005126953125,25.198486328125,56.5792236328125,0.31909942626953125,-1,-1,-1
590,537,4242.88720703125,632.86767578125,25.609375,65.498779296875,0.41029784083366394,-1,-1,-1
591,594,4031.900634765625,512.4041748046875,17.549560546875,40.62908935546875,0.3842848539352417,-1,-1,-1
591,6,5303.052734375,798.0619506835938,110.703125,100.17681884765625,0.3732103109359741,-1,-1,-1
591,597,3639.9345703125,614.5215454101562,24.946044921875,55.91949462890625,0.35731619596481323,-1,-1,-1
591,537,4241.25390625,633.238525390625,26.2177734375,65.55889892578125,0.3846648037433624,-1,-1,-1
591,619,3928.309326171875,507.2882995605469,32.776611328125,64.06118774414062,0.37322136759757996,-1,-1,-1
592,594,4031.436279296875,511.9443054199219,17.287353515625,40.457977294921875,0.36229759454727173,-1,-1,-1
592,6,5306.10595703125,798.0687255859375,107.146484375,99.69659423828125,0.4332066774368286,-1,-1,-1
592,597,3639.2177734375,614.5875854492188,25.44140625,56.92205810546875,0.34911245107650757,-1,-1,-1
592,537,4239.6611328125,633.1360473632812,26.95263671875,66.05596923828125,0.26924988627433777,-1,-1,-1
593,594,4030.599609375,511.9098205566406,16.426513671875,39.840972900390625,0.4234302043914795,-1,-1,-1
593,6,5307.96240234375,797.9779663085938,103.56396484375,98.76953125,0.37086722254753113,-1,-1,-1
593,597,3638.832275390625,613.8449096679688,24.501953125,57.544189453125,0.41462022066116333,-1,-1,-1
593,537,4238.1025390625,632.8761596679688,26.310546875,66.267822265625,0.28995752334594727,-1,-1,-1
594,594,4029.656005859375,512.2622680664062,16.050048828125,38.4681396484375,0.43564945459365845,-1,-1,-1
594,6,5330.72802734375,798.2800903320312,79.36181640625,98.7156982421875,0.36086422204971313,-1,-1,-1
594,597,3638.5615234375,614.1887817382812,23.1943359375,57.19482421875,0.26292020082473755,-1,-1,-1
595,594,4028.3916015625,512.289794921875,16.672607421875,39.16058349609375,0.4666350483894348,-1,-1,-1
595,6,5339.47607421875,799.3677368164062,68.21240234375,97.33740234375,0.5226743817329407,-1,-1,-1
595,597,3637.87353515625,613.5068969726562,21.471435546875,57.94927978515625,0.3251492977142334,-1,-1,-1
595,537,4234.5673828125,632.8023071289062,27.6240234375,67.75982666015625,0.4449320435523987,-1,-1,-1
596,594,4026.761962890625,512.3570556640625,17.243408203125,38.86651611328125,0.47926414012908936,-1,-1,-1
596,6,5340.00634765625,799.8614501953125,64.82080078125,96.87384033203125,0.6336203813552856,-1,-1,-1
596,537,4232.74609375,632.8521728515625,29.359375,67.952392578125,0.5181296467781067,-1,-1,-1
597,594,4025.354736328125,511.5633239746094,17.548095703125,39.732269287109375,0.4837685823440552,-1,-1,-1
597,537,4232.52001953125,634.0535278320312,28.27490234375,67.6717529296875,0.48492664098739624,-1,-1,-1
598,594,4025.047607421875,511.0479431152344,17.629638671875,40.852386474609375,0.48000094294548035,-1,-1,-1
598,537,4231.4375,634.9517211914062,27.5166015625,66.5546875,0.5647929906845093,-1,-1,-1
598,6,5326.93115234375,800.7277221679688,75.60693359375,96.63189697265625,0.5920231342315674,-1,-1,-1
599,594,4024.164794921875,511.1048583984375,18.19140625,39.56512451171875,0.4606425166130066,-1,-1,-1
599,537,4230.326171875,635.5879516601562,27.71142578125,64.9495849609375,0.6023816466331482,-1,-1,-1
599,632,3522.739990234375,560.3301391601562,17.5341796875,46.57171630859375,0.3260723054409027,-1,-1,-1
599,6,5317.81689453125,800.7852172851562,82.94775390625,96.70306396484375,0.6630030870437622,-1,-1,-1
599,597,3631.200927734375,612.4276733398438,22.917236328125,59.52825927734375,0.2726895213127136,-1,-1,-1
600,594,4022.889404296875,510.9605407714844,18.795166015625,39.795379638671875,0.4290451407432556,-1,-1,-1
600,537,4228.7109375,636.0491943359375,27.51708984375,63.80963134765625,0.5978403687477112,-1,-1,-1
600,632,3522.30810546875,560.1666259765625,17.496826171875,47.6553955078125,0.3508073687553406,-1,-1,-1
600,6,5315.87841796875,800.52978515625,81.634765625,96.9383544921875,0.6683235168457031,-1,-1,-1
600,597,3629.118408203125,612.0505981445312,24.266845703125,60.27117919921875,0.32491835951805115,-1,-1,-1
601,594,4021.439697265625,510.3717041015625,19.537109375,40.3756103515625,0.40455156564712524,-1,-1,-1
601,537,4227.99267578125,635.9871215820312,25.21142578125,62.75628662109375,0.6367093324661255,-1,-1,-1
601,632,3522.097412109375,560.1193237304688,17.531982421875,48.21588134765625,0.3550582528114319,-1,-1,-1
601,6,5311.34521484375,799.8240966796875,83.24267578125,97.2821044921875,0.6577152609825134,-1,-1,-1
601,597,3627.093017578125,612.556640625,25.772705078125,60.10382080078125,0.3743337094783783,-1,-1,-1
602,594,4019.659423828125,509.9667053222656,19.693359375,41.077178955078125,0.47411802411079407,-1,-1,-1
602,537,4227.89990234375,636.235107421875,22.79638671875,63.1790771484375,0.5675909519195557,-1,-1,-1
602,632,3521.967529296875,561.6458740234375,17.28564453125,46.66302490234375,0.3308626413345337,-1,-1,-1
602,6,5322.81640625,799.8843383789062,69.53271484375,96.9149169921875,0.5889101624488831,-1,-1,-1
602,597,3623.979248046875,613.5989379882812,27.944091796875,59.14678955078125,0.2854059934616089,-1,-1,-1
603,594,4017.41796875,510.8666687011719,19.453857421875,41.784393310546875,0.5518251657485962,-1,-1,-1
603,537,4226.59521484375,635.830078125,22.751953125,63.38348388671875,0.592414915561676,-1,-1,-1
603,632,3521.769287109375,562.0624389648438,17.170654296875,46.03228759765625,0.3426594138145447,-1,-1,-1
603,6,5310.88525390625,798.4408569335938,81.31298828125,98.4864501953125,0.45218294858932495,-1,-1,-1
603,597,3622.256103515625,614.313232421875,29.62939453125,59.46234130859375,0.3075278699398041,-1,-1,-1
604,594,4016.138916015625,511.72235107421875,19.270263671875,39.95562744140625,0.5864508152008057,-1,-1,-1
604,537,4226.57421875,635.6845092773438,21.96826171875,62.2900390625,0.6296154856681824,-1,-1,-1
604,632,3521.67431640625,562.6051635742188,17.12158203125,45.34173583984375,0.3413839042186737,-1,-1,-1
604,6,5306.24365234375,797.9713134765625,84.77685546875,99.11761474609375,0.5270496010780334,-1,-1,-1
604,597,3621.133544921875,615.3375244140625,29.874267578125,58.82373046875,0.31830862164497375,-1,-1,-1
605,594,4014.486328125,511.930419921875,20.49365234375,39.7532958984375,0.5545445680618286,-1,-1,-1
605,537,4224.71533203125,635.176513671875,23.73583984375,63.67742919921875,0.6045791506767273,-1,-1,-1
605,632,3521.4970703125,562.3406982421875,17.300537109375,45.71234130859375,0.33186373114585876,-1,-1,-1
605,6,5309.96630859375,797.4935302734375,79.8232421875,99.6104736328125,0.6235081553459167,-1,-1,-1
605,639,3702.27294921875,518.7150268554688,24.170654296875,40.13555908203125,0.3242071866989136,-1,-1,-1
606,594,4013.488037109375,511.4466857910156,21.255126953125,39.489044189453125,0.4935583174228668,-1,-1,-1
606,537,4222.40380859375,635.3375854492188,24.93896484375,64.72509765625,0.46541115641593933,-1,-1,-1
606,632,3521.1708984375,562.9530639648438,17.43359375,44.85919189453125,0.30727213621139526,-1,-1,-1
606,6,5312.28515625,798.4642944335938,74.82421875,98.53216552734375,0.7040862441062927,-1,-1,-1
606,639,3702.25830078125,518.6170043945312,25.687744140625,41.19482421875,0.3400540351867676,-1,-1,-1
607,594,4012.78466796875,511.190185546875,21.85400390625,39.9317626953125,0.50201416015625,-1,-1,-1
607,537,4220.0283203125,634.9544677734375,26.60546875,66.0413818359375,0.6211639642715454,-1,-1,-1
607,632,3520.91455078125,563.1865844726562,17.718505859375,44.47296142578125,0.3321594297885895,-1,-1,-1
607,6,5314.2109375,798.4226684570312,70.9423828125,98.8282470703125,0.7360877394676208,-1,-1,-1
607,639,3702.35107421875,517.5015258789062,26.00537109375,43.12762451171875,0.3446625769138336,-1,-1,-1
608,594,4012.549560546875,510.5043640136719,22.509033203125,40.569244384765625,0.4754561483860016,-1,-1,-1
608,537,4217.10888671875,634.7368774414062,28.9072265625,67.07855224609375,0.6525679230690002,-1,-1,-1
608,632,3520.962158203125,564.137939453125,17.63330078125,43.3909912109375,0.34964385628700256,-1,-1,-1
608,6,5315.03271484375,798.8565063476562,69.42041015625,99.18701171875,0.7629693150520325,-1,-1,-1
608,639,3702.562255859375,516.3887939453125,25.98779296875,44.17132568359375,0.32791996002197266,-1,-1,-1
608,597,3616.743896484375,613.49169921875,28.32275390625,59.72125244140625,0.2718964219093323,-1,-1,-1
609,594,4011.63525390625,512.6666870117188,22.8046875,38.643310546875,0.4775416851043701,-1,-1,-1
609,537,4214.44970703125,634.7238159179688,30.609375,67.56927490234375,0.5614700317382812,-1,-1,-1
609,632,3520.818603515625,564.644775390625,17.68701171875,42.58270263671875,0.3682856261730194,-1,-1,-1
609,6,5304.50537109375,799.5377197265625,78.61181640625,98.5623779296875,0.6513475179672241,-1,-1,-1
609,639,3702.735107421875,516.1658325195312,26.22705078125,44.291015625,0.3043249845504761,-1,-1,-1
610,594,4010.215087890625,513.366455078125,22.443603515625,38.8974609375,0.4694947302341461,-1,-1,-1
610,537,4211.75927734375,635.315673828125,32.08544921875,67.52667236328125,0.5549872517585754,-1,-1,-1
610,632,3521.106201171875,565.079345703125,17.514404296875,42.09356689453125,0.38678833842277527,-1,-1,-1
610,6,5295.943359375,799.0473022460938,88.759765625,99.22705078125,0.5403609871864319,-1,-1,-1
610,639,3702.947021484375,515.2847290039062,26.052490234375,45.194580078125,0.29193150997161865,-1,-1,-1
611,594,4009.2744140625,513.6605834960938,21.6416015625,38.8466796875,0.45722678303718567,-1,-1,-1
611,537,4210.93994140625,636.3316650390625,31.9150390625,66.75537109375,0.5353935360908508,-1,-1,-1
611,632,3520.655029296875,566.0879516601562,17.871826171875,41.25482177734375,0.4052049517631531,-1,-1,-1
611,6,5293.16943359375,798.91845703125,92.02099609375,100.46490478515625,0.5274262428283691,-1,-1,-1
611,639,3703.233642578125,514.6105346679688,25.591796875,44.9478759765625,0.2857128381729126,-1,-1,-1
612,594,4008.044677734375,513.0564575195312,21.572998046875,38.2647705078125,0.4094528555870056,-1,-1,-1
612,537,4210.44140625,637.5883178710938,31.87353515625,65.63238525390625,0.5397860407829285,-1,-1,-1
612,632,3520.45849609375,566.1071166992188,17.849609375,41.28765869140625,0.3795616328716278,-1,-1,-1
612,6,5308.2080078125,799.0281372070312,77.00732421875,100.9351806640625,0.5357028841972351,-1,-1,-1
612,639,3703.048095703125,513.8948364257812,26.187744140625,45.94207763671875,0.2825910151004791,-1,-1,-1
613,594,4007.632080078125,513.0508422851562,21.389404296875,38.80810546875,0.36494937539100647,-1,-1,-1
613,537,4208.93505859375,638.2853393554688,32.44189453125,64.6839599609375,0.37789449095726013,-1,-1,-1
613,632,3520.56787109375,565.7923583984375,17.611328125,41.4439697265625,0.3295251727104187,-1,-1,-1
613,6,5314.77490234375,799.0736694335938,70.98095703125,101.02978515625,0.39740967750549316,-1,-1,-1
613,639,3702.883056640625,513.5782470703125,26.910400390625,46.63214111328125,0.28045371174812317,-1,-1,-1
614,594,4007.524658203125,513.3104248046875,20.223388671875,38.66448974609375,0.3814949691295624,-1,-1,-1
614,537,4208.22900390625,638.46826171875,32.52978515625,64.911865234375,0.42284277081489563,-1,-1,-1
614,632,3520.544921875,564.5879516601562,17.669921875,42.96051025390625,0.2956930696964264,-1,-1,-1
614,6,5295.93603515625,798.9832153320312,89.7265625,100.71478271484375,0.5024920105934143,-1,-1,-1
614,639,3703.19091796875,512.9164428710938,28.94384765625,48.23309326171875,0.2857321798801422,-1,-1,-1
614,597,3610.558349609375,612.845947265625,19.81689453125,60.164794921875,0.41993412375450134,-1,-1,-1
615,594,4007.265625,513.5296630859375,19.97021484375,39.0032958984375,0.3860056400299072,-1,-1,-1
615,537,4204.9775390625,639.153564453125,33.77099609375,65.08929443359375,0.37391233444213867,-1,-1,-1
615,632,3520.2529296875,564.1328125,17.88134765625,42.9061279296875,0.27540987730026245,-1,-1,-1
615,6,5281.384765625,799.6882934570312,104.21142578125,98.46722412109375,0.5257936716079712,-1,-1,-1
615,639,3703.74072265625,512.3800659179688,30.101806640625,48.3443603515625,0.2817990779876709,-1,-1,-1
615,597,3607.944580078125,614.24951171875,21.6142578125,58.9268798828125,0.3458169996738434,-1,-1,-1
616,594,4006.212890625,514.2337646484375,20.436279296875,38.16015625,0.3252890110015869,-1,-1,-1
616,537,4205.34765625,639.7609252929688,31.6845703125,64.19171142578125,0.441466748714447,-1,-1,-1
616,632,3519.81884765625,562.9158935546875,18.320068359375,44.09075927734375,0.29600825905799866,-1,-1,-1
616,6,5272.16357421875,800.1069946289062,113.3740234375,97.43994140625,0.5960091948509216,-1,-1,-1
616,639,3704.04296875,511.8401794433594,30.375732421875,48.061981201171875,0.2543204724788666,-1,-1,-1
616,597,3605.515869140625,615.7568969726562,23.333984375,57.10357666015625,0.3528139591217041,-1,-1,-1
617,594,4005.075927734375,514.6483154296875,21.07470703125,37.80059814453125,0.28919973969459534,-1,-1,-1
617,537,4204.2998046875,640.760498046875,32.80126953125,63.859375,0.5099642872810364,-1,-1,-1
617,632,3519.51220703125,561.7775268554688,18.77490234375,46.87908935546875,0.3837900459766388,-1,-1,-1
617,6,5266.82470703125,800.1007690429688,117.4248046875,97.26885986328125,0.6036126613616943,-1,-1,-1
617,639,3703.44775390625,511.90716552734375,31.92041015625,50.85394287109375,0.2745015621185303,-1,-1,-1
617,597,3604.2666015625,616.4493408203125,24.616455078125,55.88519287109375,0.4362865090370178,-1,-1,-1
618,537,4203.873046875,640.7503662109375,32.63671875,63.822021484375,0.42419174313545227,-1,-1,-1
618,632,3519.53125,561.745849609375,18.7568359375,47.96087646484375,0.32407158613204956,-1,-1,-1
618,6,5260.2412109375,800.2377319335938,123.4189453125,96.73870849609375,0.6357914805412292,-1,-1,-1
618,597,3602.8857421875,615.3372192382812,25.183349609375,56.3023681640625,0.43188998103141785,-1,-1,-1
619,537,4205.5703125,639.7572631835938,29.72412109375,64.47247314453125,0.5039936900138855,-1,-1,-1
619,632,3519.541015625,562.2252197265625,18.65869140625,48.78375244140625,0.2693537473678589,-1,-1,-1
619,6,5290.69677734375,800.5062866210938,90.66552734375,96.8656005859375,0.5881593227386475,-1,-1,-1
619,597,3602.17041015625,615.3106689453125,24.329833984375,55.859375,0.4460184574127197,-1,-1,-1
620,537,4206.22314453125,640.868896484375,28.501953125,61.95947265625,0.43325021862983704,-1,-1,-1
620,6,5304.32275390625,800.7432861328125,73.57080078125,97.64990234375,0.5700433850288391,-1,-1,-1
620,597,3599.92041015625,613.4678344726562,27.060791015625,58.448486328125,0.4162652790546417,-1,-1,-1
620,639,3702.986083984375,512.1922607421875,34.71630859375,49.507080078125,0.25336945056915283,-1,-1,-1
621,537,4205.82373046875,642.7451171875,28.021484375,59.29925537109375,0.4205051362514496,-1,-1,-1
621,6,5306.40234375,800.5510864257812,64.0029296875,99.54254150390625,0.5450785756111145,-1,-1,-1
621,597,3599.9501953125,614.767578125,24.27734375,56.0081787109375,0.31749939918518066,-1,-1,-1
622,537,4205.25146484375,645.5466918945312,27.34765625,56.875,0.3748725950717926,-1,-1,-1
622,6,5305.51904296875,800.5428466796875,60.2353515625,99.584228515625,0.4681740701198578,-1,-1,-1
623,537,4206.48681640625,647.8958740234375,25.08154296875,54.06365966796875,0.33350566029548645,-1,-1,-1
623,6,5298.68115234375,800.3717651367188,65.16796875,100.06695556640625,0.39645645022392273,-1,-1,-1
624,6,5282.55615234375,800.5840454101562,80.64453125,99.800537109375,0.31913653016090393,-1,-1,-1
625,6,5282.1689453125,800.4212646484375,79.6806640625,99.95245361328125,0.29132598638534546,-1,-1,-1
626,537,4208.31640625,648.85009765625,21.486328125,57.22869873046875,0.29925239086151123,-1,-1,-1
627,537,4208.28076171875,648.9488525390625,21.09521484375,58.1728515625,0.35191506147384644,-1,-1,-1
627,6,5280.93798828125,800.0473022460938,78.67138671875,98.9124755859375,0.2944796085357666,-1,-1,-1
628,537,4207.8837890625,648.409912109375,21.8994140625,59.10675048828125,0.44799184799194336,-1,-1,-1
628,6,5273.59619140625,800.3515625,84.7099609375,98.25299072265625,0.4956258237361908,-1,-1,-1
629,537,4207.38525390625,648.015869140625,22.58642578125,59.9710693359375,0.4763481020927429,-1,-1,-1
629,6,5281.97119140625,801.96044921875,74.8369140625,96.075927734375,0.5677181482315063,-1,-1,-1
629,597,3585.696044921875,613.4076538085938,28.755859375,56.0042724609375,0.30064770579338074,-1,-1,-1
630,537,4207.1240234375,647.7813720703125,22.71728515625,60.36114501953125,0.5014725923538208,-1,-1,-1
630,6,5283.1953125,801.966064453125,72.35400390625,95.6597900390625,0.6048285365104675,-1,-1,-1
630,597,3584.9423828125,611.1900024414062,28.474365234375,58.6884765625,0.3415539860725403,-1,-1,-1
630,632,3513.25537109375,567.5009765625,24.129638671875,42.9927978515625,0.29606887698173523,-1,-1,-1
631,537,4206.94189453125,648.08447265625,22.3583984375,59.9478759765625,0.5206886529922485,-1,-1,-1
631,6,5280.421875,802.0928344726562,73.59375,95.566650390625,0.5858399271965027,-1,-1,-1
631,597,3583.841064453125,613.0984497070312,27.392822265625,55.92938232421875,0.3016650974750519,-1,-1,-1
631,632,3512.815185546875,568.8961791992188,24.52978515625,41.5625,0.279916912317276,-1,-1,-1
632,537,4205.40478515625,649.0286865234375,23.85791015625,58.89337158203125,0.5819968581199646,-1,-1,-1
632,6,5279.9365234375,802.4902954101562,72.130859375,95.60980224609375,0.5746878981590271,-1,-1,-1
632,597,3583.705810546875,612.8277587890625,27.103271484375,57.0555419921875,0.4261980950832367,-1,-1,-1
632,632,3513.0009765625,568.7909545898438,24.354736328125,41.3568115234375,0.31721287965774536,-1,-1,-1
632,670,3101.948974609375,512.4920654296875,17.6943359375,31.4306640625,0.32596543431282043,-1,-1,-1
633,537,4203.54638671875,649.51904296875,25.58056640625,58.47003173828125,0.592322051525116,-1,-1,-1
633,6,5279.63427734375,802.2363891601562,70.755859375,96.23291015625,0.5464980006217957,-1,-1,-1
633,597,3582.832275390625,612.6990966796875,26.592041015625,56.4542236328125,0.42642876505851746,-1,-1,-1
633,632,3513.05810546875,568.3296508789062,24.204345703125,41.66070556640625,0.32041725516319275,-1,-1,-1
633,670,3101.81982421875,512.2755737304688,17.826904296875,31.91302490234375,0.33266523480415344,-1,-1,-1
634,537,4201.66796875,650.3640747070312,27.15087890625,58.10662841796875,0.5502592921257019,-1,-1,-1
634,6,5278.291015625,801.9683227539062,71.0224609375,96.7396240234375,0.42950910329818726,-1,-1,-1
634,597,3581.68359375,613.353759765625,26.365478515625,55.88018798828125,0.43023163080215454,-1,-1,-1
634,632,3513.0830078125,568.8671875,24.054931640625,40.80615234375,0.30578142404556274,-1,-1,-1
634,670,3101.6494140625,512.2054443359375,17.94970703125,32.04302978515625,0.2530352771282196,-1,-1,-1
635,537,4200.54150390625,651.29345703125,28.595703125,57.4141845703125,0.5332647562026978,-1,-1,-1
635,6,5281.3984375,802.4727172851562,65.59619140625,96.364990234375,0.5168389678001404,-1,-1,-1
635,597,3580.356201171875,614.0283813476562,26.781494140625,55.28265380859375,0.42129573225975037,-1,-1,-1
635,632,3513.218505859375,569.6941528320312,23.81494140625,39.90045166015625,0.3020442724227905,-1,-1,-1
636,537,4199.69873046875,652.1802978515625,29.04150390625,56.98480224609375,0.4966464638710022,-1,-1,-1
636,6,5281.42138671875,802.765869140625,62.48583984375,96.61907958984375,0.6795881390571594,-1,-1,-1
636,597,3579.589599609375,614.0994262695312,25.208251953125,54.60723876953125,0.30898430943489075,-1,-1,-1
636,632,3513.5205078125,570.5061645507812,23.418212890625,39.12310791015625,0.26034244894981384,-1,-1,-1
637,537,4198.25830078125,652.4533081054688,29.890625,58.3662109375,0.5706058740615845,-1,-1,-1
637,6,5280.19140625,802.4041137695312,61.03564453125,97.34735107421875,0.7065684199333191,-1,-1,-1
637,597,3579.096435546875,614.87060546875,24.20166015625,53.017333984375,0.29303044080734253,-1,-1,-1
637,632,3513.4404296875,570.919921875,23.46630859375,38.8203125,0.3016526401042938,-1,-1,-1
637,670,3100.139404296875,514.2786254882812,19.3798828125,30.70849609375,0.26178836822509766,-1,-1,-1
638,537,4197.69775390625,653.1036376953125,29.89697265625,58.962158203125,0.6213342547416687,-1,-1,-1
638,6,5277.9296875,801.5726928710938,61.03857421875,97.56719970703125,0.7083926200866699,-1,-1,-1
638,597,3578.900146484375,613.9683837890625,22.7236328125,53.6634521484375,0.27285999059677124,-1,-1,-1
638,632,3513.566650390625,572.0925903320312,23.389404296875,37.80322265625,0.28817427158355713,-1,-1,-1
638,670,3100.02734375,514.53271484375,19.31591796875,30.2796630859375,0.30037668347358704,-1,-1,-1
639,537,4197.20751953125,653.1782836914062,28.39111328125,59.47625732421875,0.6429805159568787,-1,-1,-1
639,6,5272.298828125,800.6348266601562,64.99658203125,98.76995849609375,0.7296192646026611,-1,-1,-1
639,597,3577.423095703125,612.5790405273438,22.779052734375,56.11279296875,0.375802218914032,-1,-1,-1
639,632,3513.40283203125,573.2589721679688,23.67626953125,37.734130859375,0.307033896446228,-1,-1,-1
639,670,3099.927490234375,514.4782104492188,19.196533203125,30.12939453125,0.30577123165130615,-1,-1,-1
640,537,4196.63134765625,652.8981323242188,28.12548828125,60.1436767578125,0.6247082352638245,-1,-1,-1
640,6,5271.17724609375,799.966796875,65.314453125,99.025146484375,0.7174163460731506,-1,-1,-1
640,632,3513.3740234375,574.6941528320312,23.836669921875,36.6983642578125,0.2763027846813202,-1,-1,-1
640,670,3099.6640625,514.5079345703125,19.3359375,29.8521728515625,0.25228893756866455,-1,-1,-1
641,537,4197.60302734375,652.900634765625,26.55224609375,60.08551025390625,0.5955875515937805,-1,-1,-1
641,6,5265.64306640625,799.7030639648438,70.7099609375,99.69989013671875,0.6985068321228027,-1,-1,-1
641,632,3513.410400390625,575.7234497070312,24.015625,36.05755615234375,0.28336018323898315,-1,-1,-1
641,597,3573.739990234375,611.1653442382812,23.90478515625,57.6943359375,0.4011530876159668,-1,-1,-1
642,537,4198.07080078125,652.4434204101562,25.8759765625,60.618408203125,0.5400092601776123,-1,-1,-1
642,6,5258.06787109375,798.4461059570312,79.4072265625,101.90380859375,0.598899245262146,-1,-1,-1
642,632,3513.748779296875,576.3692016601562,23.724609375,35.71673583984375,0.2594175934791565,-1,-1,-1
642,678,4006.494140625,509.0147399902344,26.437744140625,49.494842529296875,0.3337879478931427,-1,-1,-1
642,597,3573.004150390625,611.794189453125,22.986328125,57.88720703125,0.31895315647125244,-1,-1,-1
643,537,4198.6728515625,651.7589111328125,25.03369140625,61.18511962890625,0.45589369535446167,-1,-1,-1
643,6,5251.322265625,798.2254638671875,86.109375,102.8880615234375,0.6156095266342163,-1,-1,-1
643,632,3513.656005859375,577.1190185546875,23.7724609375,34.81085205078125,0.251872718334198,-1,-1,-1
643,597,3571.356689453125,612.8232421875,23.69189453125,57.81146240234375,0.3591289222240448,-1,-1,-1
644,537,4198.90869140625,651.9229736328125,24.70458984375,60.72607421875,0.452749639749527,-1,-1,-1
644,6,5246.89697265625,798.095947265625,90.353515625,102.64935302734375,0.6845549941062927,-1,-1,-1
644,632,3513.737060546875,576.6591796875,23.80126953125,35.515625,0.28141525387763977,-1,-1,-1
644,597,3569.6318359375,612.93701171875,24.058349609375,58.0640869140625,0.3499222695827484,-1,-1,-1
644,678,4006.420166015625,508.6996765136719,28.1943359375,50.171234130859375,0.3040342926979065,-1,-1,-1
645,537,4197.9345703125,651.3401489257812,25.8017578125,61.725830078125,0.46254587173461914,-1,-1,-1
645,6,5243.921875,798.2267456054688,93.55419921875,102.69403076171875,0.6932383179664612,-1,-1,-1
645,632,3513.915771484375,575.5188598632812,23.744140625,38.53594970703125,0.33175283670425415,-1,-1,-1
645,597,3567.347900390625,613.4629516601562,24.978271484375,57.114013671875,0.27500590682029724,-1,-1,-1
646,537,4198.26171875,651.9660034179688,25.37109375,61.4384765625,0.5124002695083618,-1,-1,-1
646,6,5231.7880859375,798.2604370117188,106.0361328125,104.5567626953125,0.6485314965248108,-1,-1,-1
646,632,3513.95458984375,575.4730834960938,23.722900390625,39.415283203125,0.3303872346878052,-1,-1,-1
646,597,3565.48779296875,615.1025390625,26.2392578125,55.38336181640625,0.3495485782623291,-1,-1,-1
647,537,4198.28076171875,652.8986206054688,25.23388671875,60.3477783203125,0.4907255172729492,-1,-1,-1
647,6,5225.8251953125,798.5215454101562,112.09375,105.05419921875,0.6370832920074463,-1,-1,-1
647,632,3514.421630859375,574.8507080078125,23.33251953125,40.00445556640625,0.33621153235435486,-1,-1,-1
647,597,3563.53271484375,615.865234375,27.403076171875,54.66400146484375,0.2604978382587433,-1,-1,-1
648,537,4197.15478515625,653.8027954101562,26.6669921875,60.15069580078125,0.6518954634666443,-1,-1,-1
648,6,5224.96826171875,798.8361206054688,113.990234375,103.6241455078125,0.6192561388015747,-1,-1,-1
648,632,3514.68408203125,574.1652221679688,23.159423828125,40.610107421875,0.36062556505203247,-1,-1,-1
648,597,3562.02490234375,616.0098266601562,28.50146484375,54.88214111328125,0.32062485814094543,-1,-1,-1
649,537,4196.107421875,655.1723022460938,28.0546875,61.2421875,0.6873781681060791,-1,-1,-1
649,6,5226.12158203125,799.5712280273438,113.02685546875,103.66973876953125,0.6196553707122803,-1,-1,-1
649,632,3514.65869140625,571.9830322265625,23.34814453125,42.325439453125,0.3748250901699066,-1,-1,-1
650,537,4195.732421875,655.9627685546875,28.88134765625,62.67303466796875,0.7125627398490906,-1,-1,-1
650,6,5226.62744140625,800.4053955078125,112.12255859375,103.45654296875,0.5952614545822144,-1,-1,-1
650,632,3514.681396484375,568.3705444335938,23.570556640625,45.49951171875,0.3513399660587311,-1,-1,-1
651,537,4195.4814453125,657.2037963867188,29.626953125,62.568603515625,0.7048196196556091,-1,-1,-1
651,6,5223.36083984375,800.878173828125,113.24853515625,103.7952880859375,0.5630866885185242,-1,-1,-1
651,632,3515.380859375,566.5880737304688,22.98974609375,47.0045166015625,0.360485315322876,-1,-1,-1
651,597,3558.938720703125,613.19189453125,27.72802734375,57.54730224609375,0.3369075357913971,-1,-1,-1
652,537,4195.38330078125,658.0523071289062,30.49755859375,63.29779052734375,0.716132640838623,-1,-1,-1
652,6,5252.91796875,800.3555297851562,81.88525390625,103.5498046875,0.563768744468689,-1,-1,-1
652,632,3516.74609375,565.3091430664062,21.784912109375,47.77520751953125,0.33883634209632874,-1,-1,-1
652,597,3558.6337890625,612.5567626953125,26.068359375,57.280029296875,0.35639306902885437,-1,-1,-1
653,537,4196.23779296875,658.2470703125,31.36279296875,63.7977294921875,0.7145996689796448,-1,-1,-1
653,6,5227.95556640625,801.763916015625,104.37255859375,103.3271484375,0.5767497420310974,-1,-1,-1
653,632,3517.444580078125,565.7637939453125,21.041015625,46.73004150390625,0.3254808783531189,-1,-1,-1
653,597,3558.47509765625,612.2085571289062,25.1796875,57.22381591796875,0.4390779137611389,-1,-1,-1
654,537,4197.08740234375,659.7745361328125,33.22265625,64.77606201171875,0.694261908531189,-1,-1,-1
654,6,5224.93115234375,802.658447265625,105.27294921875,102.8846435546875,0.5815832018852234,-1,-1,-1
654,632,3517.41552734375,567.216064453125,20.918701171875,44.6466064453125,0.3227028250694275,-1,-1,-1
654,597,3558.396240234375,612.880615234375,23.697021484375,56.3201904296875,0.4339335560798645,-1,-1,-1
655,537,4197.84521484375,662.3338012695312,33.5439453125,63.991455078125,0.6587865352630615,-1,-1,-1
655,6,5221.36474609375,803.1600952148438,106.20458984375,102.77838134765625,0.5631198883056641,-1,-1,-1
655,632,3517.575927734375,568.55322265625,20.616455078125,43.12628173828125,0.2913598418235779,-1,-1,-1
655,597,3557.7080078125,613.4044189453125,22.358154296875,55.80792236328125,0.41713640093803406,-1,-1,-1
656,537,4197.650390625,663.8141479492188,34.9560546875,63.75067138671875,0.6205765008926392,-1,-1,-1
656,6,5236.01171875,803.5841064453125,89.7763671875,102.027099609375,0.5410040020942688,-1,-1,-1
656,632,3517.657958984375,568.8328857421875,20.472900390625,43.19036865234375,0.28752902150154114,-1,-1,-1
656,597,3557.651611328125,613.7366943359375,22.177490234375,55.3934326171875,0.4291214942932129,-1,-1,-1
657,537,4197.466796875,665.3245239257812,36.306640625,62.83380126953125,0.5090039372444153,-1,-1,-1
657,6,5210.64404296875,803.8098754882812,113.48681640625,101.7694091796875,0.5830659866333008,-1,-1,-1
657,632,3517.6279296875,569.411376953125,20.55029296875,42.56085205078125,0.2837352454662323,-1,-1,-1
657,597,3556.933837890625,614.621337890625,20.691162109375,55.2718505859375,0.3622974753379822,-1,-1,-1
658,537,4199.32470703125,666.256103515625,34.70263671875,60.53961181640625,0.4850640296936035,-1,-1,-1
658,6,5202.7568359375,804.1986083984375,119.982421875,100.37603759765625,0.5328980088233948,-1,-1,-1
658,597,3553.648193359375,614.8261108398438,21.953125,55.5933837890625,0.3069617450237274,-1,-1,-1
659,537,4201.0458984375,666.7467651367188,32.970703125,59.14898681640625,0.3486515283584595,-1,-1,-1
659,6,5199.72265625,804.4266357421875,121.69970703125,99.13720703125,0.4617184102535248,-1,-1,-1
659,597,3552.57373046875,615.421875,21.937255859375,55.70556640625,0.3353675305843353,-1,-1,-1
660,537,4203.740234375,666.9241943359375,30.83154296875,57.68231201171875,0.35650530457496643,-1,-1,-1
660,6,5198.69775390625,804.745849609375,120.91845703125,98.40277099609375,0.5225619673728943,-1,-1,-1
660,597,3551.37109375,615.986328125,22.32861328125,54.7545166015625,0.3089711666107178,-1,-1,-1
661,537,4206.96533203125,666.97802734375,28.30078125,57.4185791015625,0.32509857416152954,-1,-1,-1
661,6,5201.228515625,805.2609252929688,116.82666015625,97.30535888671875,0.40382474660873413,-1,-1,-1
662,6,5209.8251953125,805.1000366210938,106.51220703125,97.14361572265625,0.37023961544036865,-1,-1,-1
663,6,5228.291015625,804.9163818359375,86.20654296875,97.39105224609375,0.4082067608833313,-1,-1,-1
664,6,5242.1953125,804.1781005859375,69.66015625,98.365966796875,0.5663790106773376,-1,-1,-1
664,537,4211.10546875,667.8211669921875,29.3515625,61.345458984375,0.29385289549827576,-1,-1,-1
665,6,5245.54443359375,803.830322265625,63.9111328125,99.62152099609375,0.5552075505256653,-1,-1,-1
665,537,4212.06591796875,668.7102661132812,29.951171875,63.76702880859375,0.4089592397212982,-1,-1,-1
666,6,5244.095703125,804.4979858398438,64.142578125,99.04559326171875,0.6546570658683777,-1,-1,-1
666,537,4213.0732421875,669.6408081054688,30.47607421875,65.941162109375,0.5913539528846741,-1,-1,-1
667,6,5231.4580078125,805.3995971679688,75.47021484375,98.55682373046875,0.6374268531799316,-1,-1,-1
667,537,4215.0439453125,671.2536010742188,29.35009765625,64.9578857421875,0.5165339112281799,-1,-1,-1
668,6,5217.0869140625,805.0444946289062,87.9609375,99.68914794921875,0.6446587443351746,-1,-1,-1
668,537,4217.564453125,671.8548583984375,30.50439453125,66.120849609375,0.6624199748039246,-1,-1,-1
669,6,5210.24072265625,804.7471313476562,93.501953125,100.2021484375,0.6708898544311523,-1,-1,-1
669,537,4219.8359375,672.6361083984375,30.52294921875,66.12353515625,0.6781730651855469,-1,-1,-1
670,6,5208.08203125,804.2951049804688,94.3173828125,100.4134521484375,0.6826596856117249,-1,-1,-1
670,537,4221.96728515625,673.4008178710938,29.87451171875,65.69244384765625,0.7434755563735962,-1,-1,-1
670,703,4014.505859375,505.19439697265625,19.6396484375,34.34210205078125,0.34851422905921936,-1,-1,-1
671,6,5208.1435546875,804.4887084960938,93.54736328125,100.19036865234375,0.6679822206497192,-1,-1,-1
671,537,4222.12060546875,673.626953125,32.54833984375,66.6246337890625,0.7182938456535339,-1,-1,-1
671,703,4015.009765625,505.1081848144531,18.559814453125,34.690155029296875,0.3655357360839844,-1,-1,-1
671,707,3764.136962890625,524.6552124023438,18.689453125,35.76214599609375,0.33863821625709534,-1,-1,-1
671,708,4387.490234375,568.453857421875,26.71728515625,43.27655029296875,0.3352181017398834,-1,-1,-1
671,710,3713.572265625,522.4583740234375,19.771728515625,47.4072265625,0.3195647895336151,-1,-1,-1
672,6,5210.45654296875,803.9666748046875,90.1552734375,100.95501708984375,0.6737253069877625,-1,-1,-1
672,537,4222.830078125,675.8578491210938,34.5625,64.9522705078125,0.6864557266235352,-1,-1,-1
672,703,4016.45654296875,505.87451171875,17.80810546875,34.64556884765625,0.4107305407524109,-1,-1,-1
672,707,3763.567138671875,522.4105224609375,19.654296875,38.3857421875,0.38902631402015686,-1,-1,-1
672,708,4387.54296875,569.049072265625,26.88427734375,42.9736328125,0.3056035041809082,-1,-1,-1
672,710,3712.08056640625,521.1987915039062,21.437255859375,50.42169189453125,0.3535900413990021,-1,-1,-1
673,6,5217.9892578125,803.8963012695312,80.3505859375,101.42681884765625,0.7201789021492004,-1,-1,-1
673,537,4224.0087890625,677.8886108398438,35.8330078125,64.48394775390625,0.6942493319511414,-1,-1,-1
673,703,4016.7685546875,504.0530700683594,17.869873046875,38.708099365234375,0.3619409203529358,-1,-1,-1
673,707,3763.8857421875,517.8375854492188,20.274169921875,42.5736083984375,0.42047712206840515,-1,-1,-1
673,708,4388.14013671875,568.89453125,26.14453125,43.63494873046875,0.31492555141448975,-1,-1,-1
673,710,3712.30126953125,520.57421875,21.261962890625,51.09613037109375,0.2815072536468506,-1,-1,-1
674,6,5223.82373046875,803.5559692382812,72.1064453125,102.103515625,0.743468701839447,-1,-1,-1
674,537,4225.72607421875,678.74462890625,38.66259765625,67.91998291015625,0.6449984312057495,-1,-1,-1
674,703,4016.068115234375,502.7897644042969,18.80419921875,41.077362060546875,0.36824125051498413,-1,-1,-1
674,707,3764.361328125,517.4649047851562,20.136962890625,42.98956298828125,0.44380441308021545,-1,-1,-1
674,708,4389.29736328125,568.9749755859375,24.9384765625,44.0330810546875,0.2952008545398712,-1,-1,-1
674,710,3712.8359375,520.9166259765625,21.404296875,50.67730712890625,0.2911929190158844,-1,-1,-1
675,6,5226.56201171875,803.3893432617188,65.8310546875,101.84185791015625,0.7506857514381409,-1,-1,-1
675,537,4228.07080078125,680.074951171875,40.263671875,70.39263916015625,0.707883358001709,-1,-1,-1
675,703,4015.66796875,502.6602478027344,19.06396484375,41.367950439453125,0.34193316102027893,-1,-1,-1
675,707,3765.14013671875,517.4154663085938,19.344970703125,42.85565185546875,0.4423227608203888,-1,-1,-1
675,710,3713.44873046875,521.3067626953125,21.61279296875,50.96575927734375,0.30608314275741577,-1,-1,-1
676,6,5226.74462890625,802.8771362304688,64.09228515625,103.3370361328125,0.7292323112487793,-1,-1,-1
676,537,4232.69384765625,679.96484375,37.30810546875,72.19183349609375,0.719761848449707,-1,-1,-1
676,703,4015.264892578125,503.6927795410156,19.545166015625,40.749908447265625,0.3238314986228943,-1,-1,-1
676,707,3766.56396484375,520.1880493164062,18.561767578125,39.70477294921875,0.40436410903930664,-1,-1,-1
676,710,3714.46875,523.8567504882812,21.3447265625,48.67535400390625,0.32928702235221863,-1,-1,-1
677,6,5229.13623046875,802.1373901367188,60.55322265625,104.01947021484375,0.701797366142273,-1,-1,-1
677,537,4235.9794921875,681.0070190429688,36.783203125,71.9520263671875,0.7028006911277771,-1,-1,-1
677,703,4015.977294921875,504.7728271484375,19.26318359375,39.67822265625,0.29934826493263245,-1,-1,-1
677,707,3767.27685546875,524.7322998046875,19.060302734375,35.5731201171875,0.39264392852783203,-1,-1,-1
677,710,3714.2763671875,522.5704956054688,21.56884765625,49.77899169921875,0.2960221767425537,-1,-1,-1
677,708,4390.1474609375,569.4537353515625,23.96484375,42.689697265625,0.26049333810806274,-1,-1,-1
678,6,5224.9267578125,801.7565307617188,62.86083984375,104.2449951171875,0.6562737822532654,-1,-1,-1
678,537,4241.28076171875,682.2830810546875,33.99951171875,71.951416015625,0.7067736983299255,-1,-1,-1
678,703,4016.66455078125,505.6271057128906,18.97900390625,39.123321533203125,0.3086477220058441,-1,-1,-1
678,707,3767.502197265625,525.6035766601562,19.46826171875,34.54095458984375,0.38008370995521545,-1,-1,-1
678,710,3714.024169921875,524.221923828125,21.805908203125,47.878173828125,0.2745739221572876,-1,-1,-1
678,708,4391.423828125,569.4144897460938,22.81396484375,42.75604248046875,0.2872666120529175,-1,-1,-1
679,6,5212.283203125,801.941650390625,73.763671875,103.76605224609375,0.4592290222644806,-1,-1,-1
679,537,4245.123046875,682.47509765625,31.5732421875,71.7373046875,0.6325263977050781,-1,-1,-1
679,703,4016.172607421875,506.4711608886719,19.2412109375,38.612091064453125,0.29725465178489685,-1,-1,-1
679,707,3767.692138671875,525.6844482421875,19.709228515625,34.384765625,0.34652745723724365,-1,-1,-1
679,708,4392.1162109375,569.77734375,22.0732421875,42.41033935546875,0.2567213177680969,-1,-1,-1
680,6,5204.82666015625,802.0928344726562,80.48828125,102.71356201171875,0.695438027381897,-1,-1,-1
680,537,4248.11669921875,682.8812866210938,30.2880859375,70.87506103515625,0.6720334887504578,-1,-1,-1
680,703,4016.123779296875,507.0224609375,19.559326171875,36.92205810546875,0.2987612187862396,-1,-1,-1
680,707,3767.516845703125,520.2249145507812,20.284912109375,40.0906982421875,0.38247159123420715,-1,-1,-1
680,708,4392.90380859375,570.4273681640625,21.05517578125,41.38916015625,0.27233949303627014,-1,-1,-1
681,6,5197.44921875,802.3583374023438,87.27880859375,101.96820068359375,0.7020087242126465,-1,-1,-1
681,537,4250.10498046875,682.9212036132812,30.45068359375,71.3416748046875,0.6973621249198914,-1,-1,-1
681,703,4017.1904296875,506.5639343261719,18.848388671875,38.163604736328125,0.32721275091171265,-1,-1,-1
681,707,3767.64208984375,514.9118041992188,20.265380859375,45.4964599609375,0.41627711057662964,-1,-1,-1
681,708,4393.072265625,571.9205322265625,20.7998046875,39.58837890625,0.26047763228416443,-1,-1,-1
681,718,3950.632080078125,569.4483032226562,19.093017578125,36.48480224609375,0.344190776348114,-1,-1,-1
682,6,5188.0400390625,802.4689331054688,96.23681640625,100.89483642578125,0.6990104913711548,-1,-1,-1
682,537,4252.6962890625,683.6658935546875,30.3818359375,73.9720458984375,0.746111273765564,-1,-1,-1
682,703,4018.633056640625,507.2627868652344,16.958984375,38.395111083984375,0.3181883990764618,-1,-1,-1
682,707,3768.022705078125,512.953369140625,19.856689453125,47.311767578125,0.410866379737854,-1,-1,-1
682,718,3951.660888671875,569.3585815429688,18.04833984375,37.2679443359375,0.37648120522499084,-1,-1,-1
683,6,5182.28857421875,802.4096069335938,101.5927734375,100.90704345703125,0.6846879720687866,-1,-1,-1
683,537,4255.90185546875,684.8544311523438,29.33935546875,75.21148681640625,0.6997234225273132,-1,-1,-1
683,703,4018.4091796875,506.3636474609375,17.76806640625,38.90509033203125,0.29006052017211914,-1,-1,-1
683,707,3768.62451171875,514.3031616210938,19.160400390625,45.4658203125,0.37516868114471436,-1,-1,-1
683,718,3953.629150390625,569.4891357421875,16.85791015625,36.12982177734375,0.37337756156921387,-1,-1,-1
683,708,4392.84765625,573.92138671875,20.900390625,37.48211669921875,0.2661847472190857,-1,-1,-1
684,6,5178.17431640625,802.3660278320312,104.919921875,100.01580810546875,0.6648021936416626,-1,-1,-1
684,537,4257.978515625,687.1787719726562,29.73291015625,75.62445068359375,0.6615572571754456,-1,-1,-1
684,703,4018.19775390625,504.2927551269531,18.135009765625,41.944366455078125,0.2991364896297455,-1,-1,-1
684,707,3768.968994140625,515.9762573242188,19.201904296875,43.31793212890625,0.3601624071598053,-1,-1,-1
684,718,3954.531494140625,569.1771240234375,16.806640625,38.709716796875,0.4605027437210083,-1,-1,-1
684,708,4392.1376953125,573.80517578125,21.65869140625,37.62548828125,0.25196734070777893,-1,-1,-1
685,6,5171.87841796875,801.364501953125,111.5576171875,100.67388916015625,0.626617431640625,-1,-1,-1
685,537,4260.2666015625,689.7089233398438,29.47802734375,75.13677978515625,0.6114529967308044,-1,-1,-1
685,703,4018.453369140625,503.0807800292969,18.311279296875,43.590362548828125,0.3213670253753662,-1,-1,-1
685,707,3769.726806640625,517.6658935546875,19.0205078125,41.12982177734375,0.37317678332328796,-1,-1,-1
685,718,3953.768310546875,569.5556030273438,17.82568359375,38.31103515625,0.438663512468338,-1,-1,-1
685,708,4391.740234375,573.28515625,22.16162109375,38.299072265625,0.2566092610359192,-1,-1,-1
685,710,3716.275390625,531.2919921875,21.150634765625,43.222412109375,0.26928094029426575,-1,-1,-1
686,6,5166.72021484375,801.6647338867188,115.80517578125,101.06390380859375,0.6881905794143677,-1,-1,-1
686,537,4262.2421875,690.7937622070312,31.39013671875,77.13763427734375,0.5820024013519287,-1,-1,-1
686,703,4018.640380859375,503.8418273925781,18.811767578125,42.340118408203125,0.36657586693763733,-1,-1,-1
686,707,3770.37646484375,519.8915405273438,18.48486328125,37.587890625,0.3069945275783539,-1,-1,-1
686,718,3956.606689453125,569.4329833984375,16.817138671875,40.85174560546875,0.5285442471504211,-1,-1,-1
686,708,4391.41259765625,573.0654907226562,22.62841796875,38.41314697265625,0.26621055603027344,-1,-1,-1
687,6,5162.54052734375,802.1012573242188,119.49169921875,101.477783203125,0.6973581910133362,-1,-1,-1
687,537,4264.95263671875,691.71044921875,31.83935546875,77.43603515625,0.661345362663269,-1,-1,-1
687,703,4018.966064453125,504.2964782714844,19.3466796875,40.903717041015625,0.3373206853866577,-1,-1,-1
687,707,3771.26611328125,523.2293701171875,17.54052734375,33.6937255859375,0.30076614022254944,-1,-1,-1
687,718,3957.3017578125,570.249755859375,17.427490234375,40.70538330078125,0.545906126499176,-1,-1,-1
687,708,4391.806640625,572.8002319335938,22.3544921875,38.0867919921875,0.2602481544017792,-1,-1,-1
688,6,5159.1279296875,802.2353515625,121.48974609375,101.33270263671875,0.7044792175292969,-1,-1,-1
688,537,4267.72021484375,692.514404296875,31.94482421875,76.6229248046875,0.6919124126434326,-1,-1,-1
688,703,4020.13671875,506.759521484375,19.052490234375,38.3968505859375,0.3163790702819824,-1,-1,-1
688,707,3772.123291015625,524.2599487304688,17.334716796875,32.93682861328125,0.28119438886642456,-1,-1,-1
688,718,3957.749267578125,570.9205932617188,18.28564453125,39.807373046875,0.5278469324111938,-1,-1,-1
689,6,5156.01611328125,803.0609130859375,123.30517578125,100.4451904296875,0.6805180907249451,-1,-1,-1
689,537,4271.3310546875,692.9953002929688,31.1337890625,75.90753173828125,0.6975340247154236,-1,-1,-1
689,703,4020.49560546875,507.8374328613281,18.900390625,38.104949951171875,0.3277556002140045,-1,-1,-1
689,718,3958.064697265625,572.1546630859375,20.3779296875,39.61737060546875,0.5151689052581787,-1,-1,-1
689,727,5217.24853515625,802.24658203125,62.27734375,100.0184326171875,0.44072628021240234,-1,-1,-1
689,708,4393.1416015625,573.5671997070312,21.775390625,40.3109130859375,0.26937082409858704,-1,-1,-1
690,6,5155.49609375,803.83740234375,121.49169921875,100.0784912109375,0.712788999080658,-1,-1,-1
690,537,4273.587890625,692.5803833007812,31.80078125,76.95556640625,0.7361105680465698,-1,-1,-1
690,703,4021.0791015625,508.186767578125,18.454345703125,36.72515869140625,0.3272717595100403,-1,-1,-1
690,718,3958.49853515625,572.7184448242188,21.400390625,40.83111572265625,0.5617678761482239,-1,-1,-1
690,727,5216.69140625,802.931884765625,60.37548828125,99.6549072265625,0.4286210536956787,-1,-1,-1
690,729,3521.00390625,579.165771484375,20.25537109375,52.14056396484375,0.3231920301914215,-1,-1,-1
691,6,5153.0751953125,804.36328125,122.50537109375,100.04217529296875,0.7271338701248169,-1,-1,-1
691,537,4275.294921875,692.968017578125,32.060546875,77.01226806640625,0.7003567218780518,-1,-1,-1
691,703,4021.664306640625,509.02142333984375,18.140625,35.2337646484375,0.34391218423843384,-1,-1,-1
691,718,3959.815673828125,572.5321044921875,21.352294921875,41.1810302734375,0.5233485102653503,-1,-1,-1
691,727,5214.87353515625,803.5404663085938,60.83203125,99.32513427734375,0.3405897915363312,-1,-1,-1
691,729,3520.994140625,579.797607421875,19.716552734375,51.9625244140625,0.3169983923435211,-1,-1,-1
692,6,5151.11962890625,804.6361083984375,121.7900390625,100.2542724609375,0.7168363332748413,-1,-1,-1
692,537,4278.55224609375,695.1907348632812,30.1904296875,76.11456298828125,0.5374107360839844,-1,-1,-1
692,703,4022.241943359375,509.13232421875,17.807861328125,35.0,0.2826843857765198,-1,-1,-1
692,718,3960.84130859375,572.1534423828125,20.81591796875,42.46026611328125,0.5441864132881165,-1,-1,-1
693,6,5148.80224609375,805.1219482421875,121.408203125,100.04730224609375,0.6711271405220032,-1,-1,-1
693,537,4280.4970703125,697.029541015625,31.20556640625,76.7559814453125,0.6109448671340942,-1,-1,-1
693,703,4022.26953125,508.3260192871094,17.92333984375,37.386444091796875,0.31135764718055725,-1,-1,-1
693,718,3961.931396484375,572.2313842773438,20.333740234375,44.74755859375,0.5122106075286865,-1,-1,-1
693,727,5210.49853515625,804.834228515625,59.02880859375,98.28887939453125,0.2705095708370209,-1,-1,-1
694,6,5148.310546875,805.271728515625,119.34765625,99.79071044921875,0.6272822022438049,-1,-1,-1
694,537,4282.0654296875,700.3934936523438,31.9853515625,75.1937255859375,0.49808716773986816,-1,-1,-1
694,703,4022.373046875,508.8725891113281,18.020263671875,36.956878662109375,0.3193819224834442,-1,-1,-1
694,718,3963.450927734375,572.5098876953125,19.322998046875,44.64520263671875,0.4729272723197937,-1,-1,-1
694,727,5207.78955078125,804.9943237304688,59.2373046875,98.0469970703125,0.2708713412284851,-1,-1,-1
694,729,3521.109619140625,580.0350952148438,19.252685546875,51.2054443359375,0.25592780113220215,-1,-1,-1
695,6,5148.95947265625,805.1294555664062,116.6328125,98.549560546875,0.63556307554245,-1,-1,-1
695,537,4285.24853515625,703.437255859375,32.20947265625,74.055908203125,0.5965795516967773,-1,-1,-1
695,703,4022.931640625,509.73760986328125,17.533447265625,35.764404296875,0.3419123589992523,-1,-1,-1
695,718,3964.783203125,572.46337890625,18.9384765625,43.9114990234375,0.4549939036369324,-1,-1,-1
695,729,3520.880126953125,580.3528442382812,19.17333984375,51.5306396484375,0.26694101095199585,-1,-1,-1
695,708,4392.77001953125,573.3359985351562,21.1806640625,41.052001953125,0.3082669973373413,-1,-1,-1
696,6,5148.84326171875,805.3695678710938,114.97509765625,97.94390869140625,0.6490636467933655,-1,-1,-1
696,537,4287.89404296875,705.6165161132812,34.173828125,73.46746826171875,0.6140958070755005,-1,-1,-1
696,703,4023.782470703125,510.4041748046875,16.799072265625,34.9266357421875,0.394780695438385,-1,-1,-1
696,718,3965.38818359375,576.6185302734375,22.251953125,39.748291015625,0.3158048987388611,-1,-1,-1
696,729,3521.115478515625,580.659423828125,19.224853515625,52.91046142578125,0.29942917823791504,-1,-1,-1
696,708,4392.47900390625,572.5562133789062,22.0361328125,41.76922607421875,0.31207460165023804,-1,-1,-1
697,6,5148.390625,805.615966796875,114.03125,96.40478515625,0.5641674995422363,-1,-1,-1
697,537,4290.30322265625,706.24853515625,35.87890625,73.06201171875,0.5222727656364441,-1,-1,-1
697,703,4023.755126953125,510.8515930175781,16.989990234375,34.615997314453125,0.3354908525943756,-1,-1,-1
697,708,4391.31494140625,567.483154296875,23.453125,46.7503662109375,0.3176417052745819,-1,-1,-1
698,6,5149.0595703125,806.1679077148438,111.3896484375,95.6083984375,0.5010939836502075,-1,-1,-1
698,537,4293.03759765625,705.541015625,34.59423828125,74.76751708984375,0.6152318120002747,-1,-1,-1
698,703,4024.161376953125,510.61181640625,16.7900390625,34.66668701171875,0.3926268517971039,-1,-1,-1
698,708,4390.7265625,563.7471313476562,24.0205078125,51.181640625,0.3801591992378235,-1,-1,-1
698,718,3968.13232421875,579.5435791015625,21.354248046875,38.6707763671875,0.28621727228164673,-1,-1,-1
699,6,5165.2900390625,805.5513305664062,92.08447265625,96.197998046875,0.4803457260131836,-1,-1,-1
699,537,4297.25390625,705.092529296875,33.05078125,76.178466796875,0.6067757606506348,-1,-1,-1
699,703,4024.61669921875,510.49725341796875,16.434814453125,34.68341064453125,0.394699364900589,-1,-1,-1
699,708,4390.4580078125,563.3746948242188,24.31103515625,51.95928955078125,0.28361955285072327,-1,-1,-1
699,718,3970.1220703125,579.804443359375,21.40087890625,38.2191162109375,0.283420592546463,-1,-1,-1
700,537,4300.10498046875,705.2359008789062,32.6240234375,76.9468994140625,0.7042728662490845,-1,-1,-1
700,703,4025.04541015625,510.8125915527344,16.14404296875,34.709686279296875,0.4285363554954529,-1,-1,-1
700,708,4389.99365234375,557.7939453125,24.94873046875,58.1650390625,0.34224504232406616,-1,-1,-1
700,718,3971.126708984375,580.0310668945312,21.505126953125,40.81744384765625,0.334132581949234,-1,-1,-1
700,727,5195.30615234375,804.18212890625,59.939453125,98.9141845703125,0.5488539934158325,-1,-1,-1
701,537,4302.2734375,705.737548828125,32.23486328125,79.53948974609375,0.7227128744125366,-1,-1,-1
701,703,4025.927734375,510.97772216796875,15.544921875,35.35198974609375,0.44526711106300354,-1,-1,-1
701,708,4390.1162109375,564.1546020507812,24.76171875,52.13726806640625,0.3078671395778656,-1,-1,-1
701,718,3973.071533203125,579.8410034179688,22.025146484375,40.513671875,0.32782304286956787,-1,-1,-1
701,6,5169.4658203125,804.5528564453125,84.44140625,98.65118408203125,0.6504969000816345,-1,-1,-1
702,537,4304.859375,706.3535766601562,32.4384765625,81.892333984375,0.7327281832695007,-1,-1,-1
702,703,4026.52685546875,511.6378479003906,15.46337890625,34.806427001953125,0.44716677069664,-1,-1,-1
702,708,4390.3447265625,568.0758056640625,24.7890625,47.77691650390625,0.35737189650535583,-1,-1,-1
702,718,3972.303466796875,579.4544677734375,24.055419921875,42.1038818359375,0.311309278011322,-1,-1,-1
702,6,5167.40087890625,804.6057739257812,84.81787109375,99.1318359375,0.7285171747207642,-1,-1,-1
703,537,4308.78759765625,708.347900390625,30.94091796875,82.1392822265625,0.7348370552062988,-1,-1,-1
703,703,4026.83544921875,511.83819580078125,15.864501953125,34.02490234375,0.4073808193206787,-1,-1,-1
703,708,4390.4833984375,570.4705200195312,24.689453125,45.77349853515625,0.30732521414756775,-1,-1,-1
703,718,3974.209716796875,580.8522338867188,22.578125,41.57550048828125,0.2750662863254547,-1,-1,-1
703,6,5167.912109375,804.9737548828125,82.44873046875,98.985595703125,0.745806097984314,-1,-1,-1
704,537,4310.79443359375,710.672119140625,31.2041015625,81.62322998046875,0.6816808581352234,-1,-1,-1
704,703,4027.57177734375,511.9693603515625,14.41748046875,34.9254150390625,0.3686610460281372,-1,-1,-1
704,708,4390.59228515625,568.4185791015625,24.451171875,48.4027099609375,0.3351603150367737,-1,-1,-1
704,718,3978.170166015625,582.787841796875,19.35546875,44.0252685546875,0.32293590903282166,-1,-1,-1
704,6,5168.9462890625,805.0289306640625,79.318359375,99.4788818359375,0.6833796501159668,-1,-1,-1
705,537,4312.51171875,713.0555419921875,32.90966796875,82.76239013671875,0.6961445808410645,-1,-1,-1
705,703,4027.2626953125,512.0355224609375,14.707275390625,35.87774658203125,0.4240064322948456,-1,-1,-1
705,708,4390.4443359375,567.309326171875,24.41943359375,49.80218505859375,0.32872912287712097,-1,-1,-1
705,718,3979.631103515625,582.3128051757812,18.34423828125,45.7752685546875,0.4079273045063019,-1,-1,-1
705,6,5171.31103515625,804.291748046875,75.4921875,100.35235595703125,0.7008399367332458,-1,-1,-1
706,537,4314.88916015625,716.5782470703125,34.38525390625,81.33612060546875,0.6791900992393494,-1,-1,-1
706,703,4027.886474609375,512.2385864257812,14.799072265625,36.41546630859375,0.4174599051475525,-1,-1,-1
706,708,4390.82275390625,569.7429809570312,24.03564453125,47.8250732421875,0.34367209672927856,-1,-1,-1
706,718,3980.758056640625,583.6647338867188,18.458740234375,45.2078857421875,0.4397541582584381,-1,-1,-1
706,6,5173.09912109375,803.9898681640625,73.0595703125,100.8765869140625,0.6769726872444153,-1,-1,-1
707,537,4318.5712890625,718.6282958984375,33.86376953125,79.4874267578125,0.7015241980552673,-1,-1,-1
707,703,4028.057861328125,512.4131469726562,15.359375,36.894775390625,0.3838267922401428,-1,-1,-1
707,708,4391.05126953125,571.5889892578125,23.22265625,45.75384521484375,0.3180314600467682,-1,-1,-1
707,718,3982.2822265625,583.46142578125,18.996337890625,46.05267333984375,0.46105292439460754,-1,-1,-1
707,6,5173.92236328125,803.2741088867188,70.75537109375,101.26263427734375,0.7445864677429199,-1,-1,-1
708,537,4321.5576171875,718.8212280273438,34.13037109375,79.46868896484375,0.7085410952568054,-1,-1,-1
708,703,4028.64697265625,513.1075439453125,16.09375,35.6181640625,0.3438352644443512,-1,-1,-1
708,708,4390.1962890625,567.1676025390625,23.9404296875,50.28387451171875,0.31435447931289673,-1,-1,-1
708,718,3983.837890625,582.8623657226562,19.882080078125,48.15838623046875,0.5481874346733093,-1,-1,-1
708,6,5176.5390625,802.71044921875,66.041015625,101.94488525390625,0.7690296173095703,-1,-1,-1
708,744,4195.4462890625,559.8216552734375,18.2734375,32.483642578125,0.3566748797893524,-1,-1,-1
709,537,4324.6357421875,718.6055297851562,35.359375,80.12841796875,0.7567942142486572,-1,-1,-1
709,703,4029.02734375,512.3131713867188,15.719482421875,36.71600341796875,0.3648347854614258,-1,-1,-1
709,708,4389.7861328125,558.638427734375,24.705078125,58.8529052734375,0.36184918880462646,-1,-1,-1
709,718,3985.2783203125,583.9016723632812,20.9482421875,47.87677001953125,0.599967896938324,-1,-1,-1
709,6,5175.9873046875,802.5064086914062,63.43310546875,101.7117919921875,0.7686620950698853,-1,-1,-1
709,744,4197.38720703125,559.3113403320312,19.6298828125,37.076904296875,0.4174651503562927,-1,-1,-1
710,537,4327.587890625,717.9195556640625,36.47216796875,80.7548828125,0.7781414985656738,-1,-1,-1
710,703,4029.298828125,512.226806640625,15.36083984375,37.0418701171875,0.3698422610759735,-1,-1,-1
710,708,4389.65283203125,557.3997192382812,24.7763671875,60.02862548828125,0.40003296732902527,-1,-1,-1
710,718,3986.54345703125,583.9799194335938,21.0888671875,51.28570556640625,0.6327358484268188,-1,-1,-1
710,6,5175.4423828125,802.8121337890625,60.86572265625,101.8321533203125,0.7666123509407043,-1,-1,-1
710,744,4199.5068359375,557.3092041015625,20.50390625,38.784423828125,0.44347259402275085,-1,-1,-1
711,537,4330.0810546875,718.4834594726562,37.5,81.944091796875,0.7412095665931702,-1,-1,-1
711,703,4029.4580078125,511.6002197265625,15.45361328125,37.64208984375,0.31027552485466003,-1,-1,-1
711,708,4390.29541015625,557.9009399414062,24.10693359375,58.72943115234375,0.322101354598999,-1,-1,-1
711,718,3988.602294921875,585.239990234375,20.123291015625,52.20513916015625,0.6535385847091675,-1,-1,-1
711,6,5171.8427734375,802.41552734375,62.8720703125,102.473388671875,0.7329519987106323,-1,-1,-1
711,744,4200.92822265625,559.95947265625,21.9970703125,35.454345703125,0.368518203496933,-1,-1,-1
712,537,4332.90283203125,718.9227294921875,38.466796875,84.088623046875,0.6636340618133545,-1,-1,-1
712,703,4030.066162109375,511.88311767578125,15.1591796875,37.9017333984375,0.3128814399242401,-1,-1,-1
712,718,3990.12353515625,586.5640258789062,18.487060546875,47.8604736328125,0.5753579139709473,-1,-1,-1
712,6,5167.587890625,801.7542114257812,65.6572265625,103.609619140625,0.7259737253189087,-1,-1,-1
712,744,4204.08984375,560.2472534179688,21.728515625,37.734375,0.4338117837905884,-1,-1,-1
713,537,4335.26953125,719.36376953125,44.28955078125,86.84954833984375,0.68068927526474,-1,-1,-1
713,703,4030.19921875,511.954345703125,15.656494140625,38.24859619140625,0.35643747448921204,-1,-1,-1
713,718,3992.003662109375,587.3816528320312,17.072509765625,48.091552734375,0.6467297077178955,-1,-1,-1
713,6,5156.97216796875,801.01611328125,74.654296875,104.21435546875,0.7073366045951843,-1,-1,-1
713,744,4206.30517578125,562.666259765625,20.115234375,36.780029296875,0.40152427554130554,-1,-1,-1
714,537,4338.6513671875,721.2791748046875,47.51904296875,87.91400146484375,0.7252010107040405,-1,-1,-1
714,703,4030.154052734375,512.1488647460938,16.737060546875,38.82537841796875,0.32286354899406433,-1,-1,-1
714,718,3993.15673828125,587.8374633789062,17.40380859375,49.53692626953125,0.6068925857543945,-1,-1,-1
714,6,5146.5732421875,800.99609375,83.1884765625,104.19293212890625,0.7009632587432861,-1,-1,-1
714,744,4208.33251953125,562.8073120117188,19.4384765625,35.0433349609375,0.3929672837257385,-1,-1,-1
715,537,4341.11279296875,724.3279418945312,52.447265625,87.40472412109375,0.7649471759796143,-1,-1,-1
715,703,4030.34130859375,512.7041625976562,17.126953125,38.05584716796875,0.32209500670433044,-1,-1,-1
715,718,3993.765380859375,588.730712890625,19.95654296875,49.387939453125,0.5720808506011963,-1,-1,-1
715,6,5141.0498046875,800.9404296875,87.17236328125,105.193115234375,0.7104756832122803,-1,-1,-1
715,744,4209.80126953125,562.665771484375,21.5224609375,35.7314453125,0.2634141445159912,-1,-1,-1
716,537,4342.20703125,727.4942016601562,58.765625,87.469482421875,0.7281432151794434,-1,-1,-1
716,703,4030.753662109375,512.6434936523438,16.999267578125,37.69354248046875,0.3443703353404999,-1,-1,-1
716,718,3994.10400390625,588.0865478515625,22.005126953125,51.3480224609375,0.4627778232097626,-1,-1,-1
716,6,5133.892578125,799.5819702148438,94.59521484375,106.65948486328125,0.6076497435569763,-1,-1,-1
717,537,4343.3876953125,732.0595703125,63.51025390625,86.23736572265625,0.5955085158348083,-1,-1,-1
717,703,4031.2177734375,512.1712036132812,17.123291015625,38.12335205078125,0.3107381761074066,-1,-1,-1
717,718,3994.2255859375,588.0955810546875,24.072509765625,51.725341796875,0.34682661294937134,-1,-1,-1
717,6,5127.17041015625,799.0867919921875,100.49609375,106.0457763671875,0.5033972859382629,-1,-1,-1
717,753,5178.40869140625,800.9984130859375,48.3994140625,104.68707275390625,0.3930632472038269,-1,-1,-1
718,537,4343.88720703125,734.2802734375,67.00341796875,85.7982177734375,0.6871564984321594,-1,-1,-1
718,703,4031.430908203125,511.76324462890625,17.330810546875,38.56597900390625,0.2995072901248932,-1,-1,-1
718,718,3994.228515625,589.0325317382812,25.0986328125,49.84283447265625,0.35403886437416077,-1,-1,-1
718,6,5121.31005859375,799.082763671875,105.37744140625,105.8897705078125,0.42755553126335144,-1,-1,-1
718,753,5178.93359375,801.1107788085938,47.06787109375,103.25933837890625,0.4354880750179291,-1,-1,-1
718,758,3512.909423828125,651.109375,27.152099609375,65.12847900390625,0.3335402011871338,-1,-1,-1
719,537,4343.6982421875,736.4506225585938,68.265625,85.47381591796875,0.6744518280029297,-1,-1,-1
719,703,4031.400146484375,511.46173095703125,17.521728515625,39.3658447265625,0.32489562034606934,-1,-1,-1
719,718,3994.16162109375,589.1033935546875,25.675048828125,48.60418701171875,0.2663644552230835,-1,-1,-1
719,6,5115.3037109375,799.7786254882812,110.646484375,105.43035888671875,0.5341637134552002,-1,-1,-1
719,753,5178.89208984375,800.9405517578125,47.23388671875,104.31634521484375,0.40217670798301697,-1,-1,-1
719,758,3512.675048828125,651.0588989257812,26.996337890625,65.43426513671875,0.3669035732746124,-1,-1,-1
720,537,4343.0244140625,737.7677001953125,68.87890625,85.1748046875,0.6827054619789124,-1,-1,-1
720,703,4031.325927734375,511.3119201660156,17.596923828125,40.036529541015625,0.3483259975910187,-1,-1,-1
720,6,5111.62255859375,799.831787109375,113.4306640625,106.11822509765625,0.4578271806240082,-1,-1,-1
720,753,5178.9619140625,801.13232421875,46.1240234375,103.9884033203125,0.4109601080417633,-1,-1,-1
720,758,3512.6162109375,651.8621826171875,26.80078125,64.936767578125,0.39797964692115784,-1,-1,-1
720,744,4218.4326171875,564.5123901367188,22.3994140625,38.71929931640625,0.30287864804267883,-1,-1,-1
721,537,4341.96484375,739.48046875,71.2802734375,85.864990234375,0.658110499382019,-1,-1,-1
721,703,4031.293212890625,510.9888000488281,17.525146484375,39.968231201171875,0.35801541805267334,-1,-1,-1
721,6,5110.15576171875,800.2368774414062,113.5205078125,106.18701171875,0.3666592538356781,-1,-1,-1
721,753,5179.0146484375,800.4501342773438,43.37060546875,103.87188720703125,0.4953615963459015,-1,-1,-1
721,758,3512.77099609375,651.6669921875,26.54345703125,66.07427978515625,0.45116955041885376,-1,-1,-1
721,744,4220.21875,566.1716918945312,21.53125,37.56866455078125,0.3187698721885681,-1,-1,-1
721,729,3519.931640625,588.420654296875,22.247802734375,53.93756103515625,0.27428722381591797,-1,-1,-1
721,718,3997.584716796875,591.082763671875,25.60009765625,47.853759765625,0.33449432253837585,-1,-1,-1
722,537,4344.76171875,739.379150390625,71.01220703125,85.58880615234375,0.6343039870262146,-1,-1,-1
722,703,4031.306396484375,510.8002624511719,17.400390625,39.752410888671875,0.36547669768333435,-1,-1,-1
722,6,5112.580078125,801.1404418945312,109.9296875,105.5111083984375,0.29775992035865784,-1,-1,-1
722,753,5177.5830078125,800.4874877929688,43.17333984375,103.67877197265625,0.5676831603050232,-1,-1,-1
722,758,3513.140869140625,651.7164916992188,26.07666015625,65.90838623046875,0.3894183337688446,-1,-1,-1
722,744,4221.9453125,566.3836669921875,20.16357421875,37.04888916015625,0.2987077832221985,-1,-1,-1
722,718,3998.998779296875,592.7868041992188,24.79345703125,45.90460205078125,0.36125990748405457,-1,-1,-1
723,537,4349.564453125,738.1690673828125,70.88427734375,87.08099365234375,0.7162618637084961,-1,-1,-1
723,703,4031.067138671875,510.00701904296875,17.464599609375,40.2088623046875,0.3549799621105194,-1,-1,-1
723,6,5113.724609375,802.35791015625,108.49951171875,104.52435302734375,0.32516762614250183,-1,-1,-1
723,753,5175.9306640625,800.9305419921875,44.35302734375,103.340576171875,0.47755908966064453,-1,-1,-1
723,758,3513.85009765625,651.781494140625,25.370849609375,65.80096435546875,0.2633688151836395,-1,-1,-1
723,744,4223.4794921875,567.1727294921875,18.61962890625,37.07098388671875,0.3384725749492645,-1,-1,-1
723,718,4001.27197265625,595.75732421875,23.126708984375,44.683837890625,0.5039471983909607,-1,-1,-1
724,537,4358.4521484375,737.0330810546875,65.81689453125,87.86175537109375,0.6470749378204346,-1,-1,-1
724,703,4031.0185546875,509.8218078613281,17.839599609375,40.719512939453125,0.35988080501556396,-1,-1,-1
724,6,5114.5732421875,803.28759765625,108.7744140625,103.63934326171875,0.37864014506340027,-1,-1,-1
724,753,5173.90576171875,801.025634765625,46.9560546875,103.34185791015625,0.416020929813385,-1,-1,-1
724,758,3514.07470703125,652.056396484375,25.3896484375,65.49810791015625,0.2714604139328003,-1,-1,-1
724,744,4224.79931640625,566.6172485351562,17.19580078125,38.12445068359375,0.3186396062374115,-1,-1,-1
724,718,4002.582763671875,596.2240600585938,21.902587890625,44.59405517578125,0.5269240736961365,-1,-1,-1
724,782,3577.42919921875,557.6953735351562,18.9833984375,43.520751953125,0.39013758301734924,-1,-1,-1
724,783,3748.280517578125,552.2463989257812,16.093505859375,35.13128662109375,0.3404558598995209,-1,-1,-1
724,784,3479.072509765625,549.7576904296875,22.25439453125,43.6474609375,0.3199438452720642,-1,-1,-1
725,537,4370.88037109375,735.618408203125,57.95556640625,89.1014404296875,0.7041211128234863,-1,-1,-1
725,703,4030.790283203125,509.910400390625,17.575927734375,41.06988525390625,0.32378557324409485,-1,-1,-1
725,6,5117.0107421875,803.9295654296875,106.58837890625,102.61334228515625,0.40517356991767883,-1,-1,-1
725,753,5172.755859375,801.0787963867188,48.16748046875,103.22760009765625,0.40760257840156555,-1,-1,-1
725,758,3513.915771484375,651.9671020507812,25.586181640625,68.13360595703125,0.31775355339050293,-1,-1,-1
725,744,4225.22998046875,566.525634765625,16.53076171875,37.9437255859375,0.3002397119998932,-1,-1,-1
725,718,4004.30224609375,596.322998046875,20.5595703125,45.6705322265625,0.5324025750160217,-1,-1,-1
725,782,3578.031494140625,559.9267578125,17.77099609375,40.5682373046875,0.34427496790885925,-1,-1,-1
725,783,3748.458984375,552.2545776367188,16.2099609375,35.0108642578125,0.3439715802669525,-1,-1,-1
725,784,3479.108642578125,552.3486328125,22.536376953125,42.11309814453125,0.2619289457798004,-1,-1,-1
726,537,4383.91943359375,733.6845703125,50.35693359375,88.674072265625,0.6904959678649902,-1,-1,-1
726,703,4030.698974609375,510.9978332519531,17.62060546875,40.390777587890625,0.3359915018081665,-1,-1,-1
726,6,5119.8134765625,804.5184936523438,103.828125,101.586181640625,0.46283793449401855,-1,-1,-1
726,753,5172.06591796875,801.203369140625,48.93359375,103.031982421875,0.3842757046222687,-1,-1,-1
726,758,3513.215576171875,650.6622924804688,25.935546875,70.685546875,0.4440183639526367,-1,-1,-1
726,744,4224.90966796875,564.89599609375,16.70556640625,39.12042236328125,0.3369702696800232,-1,-1,-1
726,718,4005.400390625,597.0840454101562,20.490234375,47.237548828125,0.5180897116661072,-1,-1,-1
726,782,3578.671630859375,561.501708984375,17.7587890625,37.38116455078125,0.30108439922332764,-1,-1,-1
726,783,3748.756103515625,551.1585693359375,16.295654296875,36.1085205078125,0.3653675615787506,-1,-1,-1
726,784,3481.31103515625,555.4414672851562,19.867431640625,38.36212158203125,0.3045520782470703,-1,-1,-1
727,537,4394.94677734375,732.7438354492188,42.0419921875,89.405029296875,0.7077455520629883,-1,-1,-1
727,703,4030.89990234375,511.4280700683594,17.4638671875,39.975128173828125,0.28001639246940613,-1,-1,-1
727,6,5121.85107421875,804.052001953125,101.48388671875,101.302490234375,0.5882471203804016,-1,-1,-1
727,753,5171.5185546875,801.1685791015625,49.99072265625,104.122802734375,0.34241893887519836,-1,-1,-1
727,758,3513.146728515625,652.5218505859375,25.669677734375,70.1219482421875,0.29615095257759094,-1,-1,-1
727,744,4225.2978515625,563.543701171875,16.3916015625,40.47381591796875,0.342695027589798,-1,-1,-1
727,718,4006.6171875,597.6563720703125,19.369140625,48.18218994140625,0.5338002443313599,-1,-1,-1
727,782,3579.774169921875,561.3768310546875,18.3837890625,39.18231201171875,0.35109442472457886,-1,-1,-1
727,783,3749.006591796875,550.6917724609375,16.59130859375,36.06707763671875,0.33281898498535156,-1,-1,-1
728,537,4401.84619140625,731.7576293945312,39.01806640625,89.637939453125,0.7498077750205994,-1,-1,-1
728,703,4030.833251953125,512.202392578125,17.119384765625,39.20831298828125,0.28352123498916626,-1,-1,-1
728,6,5125.2578125,804.4822998046875,97.8603515625,100.0643310546875,0.6351327896118164,-1,-1,-1
728,744,4225.20458984375,563.16845703125,16.6513671875,40.341552734375,0.37500372529029846,-1,-1,-1
728,718,4006.932861328125,597.6892700195312,19.703857421875,48.8177490234375,0.5224640369415283,-1,-1,-1
728,782,3580.560546875,562.01904296875,18.123046875,37.8143310546875,0.26449722051620483,-1,-1,-1
728,783,3749.434326171875,551.7169799804688,17.87255859375,34.91265869140625,0.31332772970199585,-1,-1,-1
729,537,4407.15380859375,732.4581298828125,37.32373046875,89.31842041015625,0.7518510222434998,-1,-1,-1
729,703,4030.597900390625,511.57305908203125,17.227783203125,39.9437255859375,0.2592972218990326,-1,-1,-1
729,6,5129.59130859375,803.0326538085938,94.2421875,101.1519775390625,0.6304753422737122,-1,-1,-1
729,744,4224.4267578125,562.812255859375,16.9619140625,40.229736328125,0.37273773550987244,-1,-1,-1
729,718,4007.53466796875,597.6472778320312,19.806884765625,48.8592529296875,0.5399076342582703,-1,-1,-1
729,782,3581.461181640625,562.3508911132812,17.02099609375,37.16668701171875,0.2648490071296692,-1,-1,-1
729,783,3749.673095703125,551.3042602539062,18.39453125,36.55474853515625,0.2831195294857025,-1,-1,-1
730,537,4412.9140625,733.7116088867188,35.3984375,88.6007080078125,0.749881386756897,-1,-1,-1
730,703,4030.42138671875,510.9571228027344,17.48583984375,40.633575439453125,0.2676352262496948,-1,-1,-1
730,6,5135.1591796875,801.4559936523438,89.3271484375,102.9830322265625,0.5397466421127319,-1,-1,-1
730,744,4224.84521484375,562.6649780273438,16.9619140625,40.3526611328125,0.388924777507782,-1,-1,-1
730,718,4007.73486328125,597.5866088867188,20.443603515625,48.98345947265625,0.5565847158432007,-1,-1,-1
730,782,3582.220703125,561.8235473632812,17.05029296875,38.94976806640625,0.2704640328884125,-1,-1,-1
731,537,4416.1162109375,734.3021240234375,37.041015625,91.14337158203125,0.7670577764511108,-1,-1,-1
731,703,4030.294921875,510.2122802734375,17.4560546875,40.91064453125,0.29361775517463684,-1,-1,-1
731,6,5147.55712890625,801.82177734375,75.72802734375,103.2977294921875,0.6197368502616882,-1,-1,-1
731,744,4224.91650390625,563.0389404296875,16.92236328125,40.1312255859375,0.40190210938453674,-1,-1,-1
731,718,4008.0322265625,597.1763916015625,20.7724609375,49.77001953125,0.5773026943206787,-1,-1,-1
731,782,3583.52197265625,561.4075927734375,17.19921875,38.447021484375,0.25423556566238403,-1,-1,-1
732,537,4419.4892578125,736.2965087890625,40.60205078125,92.8277587890625,0.6893250346183777,-1,-1,-1
732,703,4030.140380859375,510.2528991699219,17.381103515625,40.617523193359375,0.3032645881175995,-1,-1,-1
732,6,5154.5859375,802.2259521484375,68.73828125,102.68182373046875,0.656846821308136,-1,-1,-1
732,744,4224.82861328125,563.2772216796875,16.96142578125,39.99969482421875,0.4013645648956299,-1,-1,-1
732,718,4008.5419921875,596.47998046875,21.37548828125,51.164306640625,0.5942984223365784,-1,-1,-1
732,784,3483.70068359375,558.4157104492188,17.881103515625,35.37115478515625,0.28941190242767334,-1,-1,-1
733,537,4423.09814453125,740.822021484375,45.38623046875,90.45391845703125,0.7223119139671326,-1,-1,-1
733,703,4030.087158203125,510.1455993652344,17.562255859375,40.645111083984375,0.2746930718421936,-1,-1,-1
733,6,5157.00048828125,802.4238891601562,67.07373046875,102.324462890625,0.6933079957962036,-1,-1,-1
733,744,4224.982421875,563.576904296875,16.91162109375,39.8714599609375,0.4047735929489136,-1,-1,-1
733,718,4008.364501953125,596.509033203125,21.500244140625,51.73077392578125,0.5651277899742126,-1,-1,-1
733,796,3693.4912109375,526.8167114257812,24.074462890625,46.7293701171875,0.3151412308216095,-1,-1,-1
733,784,3484.2880859375,557.3987426757812,17.957763671875,34.99444580078125,0.26707080006599426,-1,-1,-1
734,537,4427.02880859375,742.866943359375,52.6533203125,90.93048095703125,0.6590074896812439,-1,-1,-1
734,703,4030.351318359375,510.02618408203125,18.122314453125,40.5733642578125,0.28709304332733154,-1,-1,-1
734,6,5163.12890625,802.7860717773438,61.88818359375,101.79388427734375,0.6683772802352905,-1,-1,-1
734,744,4224.9013671875,563.4285278320312,16.8671875,40.3636474609375,0.4013254940509796,-1,-1,-1
734,718,4008.39697265625,596.6088256835938,22.04052734375,51.620849609375,0.5765783786773682,-1,-1,-1
734,796,3693.6572265625,525.290283203125,23.80224609375,47.138916015625,0.363766610622406,-1,-1,-1
734,784,3484.615478515625,558.2747802734375,18.106201171875,34.67919921875,0.30619338154792786,-1,-1,-1
734,783,3752.352294921875,558.5799560546875,17.662841796875,30.2008056640625,0.29523199796676636,-1,-1,-1
735,537,4430.546875,745.4358520507812,59.61865234375,89.615234375,0.6701467037200928,-1,-1,-1
735,703,4030.2529296875,509.8050537109375,18.7236328125,40.640380859375,0.25483009219169617,-1,-1,-1
735,6,5167.58740234375,802.7833862304688,58.5595703125,101.2498779296875,0.5695416331291199,-1,-1,-1
735,744,4224.9130859375,563.4185791015625,16.84765625,40.1964111328125,0.4100910723209381,-1,-1,-1
735,718,4008.5078125,596.6392822265625,21.724853515625,51.44146728515625,0.5230017304420471,-1,-1,-1
735,796,3694.03759765625,526.38427734375,23.740966796875,46.8695068359375,0.40042591094970703,-1,-1,-1
735,784,3485.137939453125,557.9774169921875,17.638427734375,34.76715087890625,0.2889379858970642,-1,-1,-1
735,783,3752.2705078125,557.3858032226562,17.707763671875,31.3424072265625,0.2964743971824646,-1,-1,-1
736,537,4433.66552734375,746.9082641601562,62.1513671875,87.56402587890625,0.6197013258934021,-1,-1,-1
736,6,5169.3603515625,802.520751953125,57.7255859375,101.253662109375,0.5900265574455261,-1,-1,-1
736,744,4225.04443359375,563.4428100585938,16.69189453125,39.90667724609375,0.4077782928943634,-1,-1,-1
736,718,4007.984619140625,596.2265625,21.712890625,51.84515380859375,0.5212379693984985,-1,-1,-1
736,796,3694.2958984375,524.3717651367188,23.550537109375,48.58135986328125,0.41316312551498413,-1,-1,-1
736,783,3752.48681640625,558.283203125,17.485595703125,30.15863037109375,0.27958938479423523,-1,-1,-1
737,537,4435.77490234375,747.8819580078125,64.8955078125,85.84027099609375,0.6360301971435547,-1,-1,-1
737,6,5169.91748046875,802.4500122070312,58.0927734375,101.10333251953125,0.6019253730773926,-1,-1,-1
737,744,4225.06005859375,563.532958984375,16.54150390625,39.3934326171875,0.4022463858127594,-1,-1,-1
737,718,4008.244140625,596.2630004882812,21.01416015625,51.6434326171875,0.5082760453224182,-1,-1,-1
737,796,3694.14599609375,523.2715454101562,23.493408203125,48.9638671875,0.4080984592437744,-1,-1,-1
737,783,3752.389404296875,557.732666015625,17.55517578125,30.6944580078125,0.2714303433895111,-1,-1,-1
737,758,3514.6162109375,653.5506591796875,25.437255859375,71.2066650390625,0.27152079343795776,-1,-1,-1
737,782,3590.05712890625,557.4033813476562,18.873779296875,48.34039306640625,0.3745397925376892,-1,-1,-1
737,784,3485.933837890625,558.5833740234375,17.337158203125,35.2962646484375,0.2973555624485016,-1,-1,-1
738,537,4435.13671875,748.26220703125,69.91064453125,87.08197021484375,0.6698117256164551,-1,-1,-1
738,6,5170.310546875,802.2910766601562,58.31201171875,101.55810546875,0.5253990292549133,-1,-1,-1
738,744,4224.962890625,563.30224609375,16.63720703125,39.38885498046875,0.4350135326385498,-1,-1,-1
738,718,4008.78857421875,596.5476684570312,20.30078125,50.86712646484375,0.4972343444824219,-1,-1,-1
738,796,3693.9775390625,523.121826171875,23.739013671875,49.35968017578125,0.3918777406215668,-1,-1,-1
738,783,3752.451416015625,556.9093017578125,17.64990234375,32.23785400390625,0.3348258137702942,-1,-1,-1
738,758,3515.3623046875,654.7078857421875,24.7744140625,70.32025146484375,0.25034812092781067,-1,-1,-1
738,782,3592.965576171875,558.3089599609375,18.218994140625,47.432861328125,0.36214491724967957,-1,-1,-1
738,784,3486.475341796875,559.7239990234375,18.0595703125,34.83990478515625,0.2835860550403595,-1,-1,-1
739,537,4441.05712890625,748.3059692382812,62.76318359375,86.01007080078125,0.6180187463760376,-1,-1,-1
739,744,4224.94140625,562.5090942382812,16.59228515625,40.21783447265625,0.4294673502445221,-1,-1,-1
739,718,4009.207763671875,597.1517333984375,19.708984375,50.19647216796875,0.5098236203193665,-1,-1,-1
739,796,3693.840576171875,522.875732421875,24.05810546875,49.4610595703125,0.3847445249557495,-1,-1,-1
739,783,3752.533935546875,556.8006591796875,17.709716796875,32.9822998046875,0.33328065276145935,-1,-1,-1
739,782,3594.48046875,559.4070434570312,18.530517578125,45.75006103515625,0.27675408124923706,-1,-1,-1
739,784,3487.265869140625,560.3827514648438,18.788330078125,33.1953125,0.26541537046432495,-1,-1,-1
740,537,4447.51611328125,747.394775390625,58.005859375,85.53082275390625,0.6984047293663025,-1,-1,-1
740,744,4223.9658203125,560.0349731445312,17.0556640625,42.78192138671875,0.4380754232406616,-1,-1,-1
740,718,4009.20263671875,596.0549926757812,20.0224609375,51.23822021484375,0.5128918886184692,-1,-1,-1
740,796,3693.9384765625,522.4012451171875,23.882080078125,50.32269287109375,0.41519463062286377,-1,-1,-1
740,783,3752.433837890625,557.4935302734375,17.95263671875,33.04876708984375,0.3538952171802521,-1,-1,-1
740,784,3488.053466796875,560.1715698242188,19.14990234375,32.76104736328125,0.2637673318386078,-1,-1,-1
740,6,5170.7294921875,802.8915405273438,59.5810546875,101.5145263671875,0.49650678038597107,-1,-1,-1
740,758,3515.814453125,656.1300048828125,24.63623046875,71.73504638671875,0.3099539875984192,-1,-1,-1
741,537,4453.47265625,747.7545776367188,53.8935546875,85.39117431640625,0.6896911263465881,-1,-1,-1
741,744,4223.3720703125,557.9552612304688,17.3681640625,44.37884521484375,0.4641386568546295,-1,-1,-1
741,718,4009.55615234375,595.4327392578125,20.249267578125,51.8916015625,0.5125076770782471,-1,-1,-1
741,796,3694.375,521.9539184570312,23.8994140625,50.85943603515625,0.3903648555278778,-1,-1,-1
741,783,3752.475830078125,558.0399780273438,17.866943359375,32.47515869140625,0.32424500584602356,-1,-1,-1
741,758,3516.19091796875,657.0386962890625,24.50146484375,71.5172119140625,0.33281517028808594,-1,-1,-1
742,537,4461.08837890625,748.1322631835938,49.921875,86.35125732421875,0.6384153366088867,-1,-1,-1
742,744,4223.01708984375,557.6004638671875,17.53955078125,43.98681640625,0.45065638422966003,-1,-1,-1
742,718,4009.71923828125,594.3684692382812,20.243896484375,52.73095703125,0.520429790019989,-1,-1,-1
742,796,3694.489501953125,521.9207763671875,24.105224609375,50.89031982421875,0.407033771276474,-1,-1,-1
742,783,3752.60400390625,557.8353881835938,17.670654296875,32.5953369140625,0.2918494939804077,-1,-1,-1
743,537,4469.40966796875,746.8822021484375,45.8017578125,88.73724365234375,0.6329770684242249,-1,-1,-1
743,744,4222.56982421875,557.1350708007812,17.76123046875,43.61419677734375,0.41599544882774353,-1,-1,-1
743,718,4008.771240234375,569.7987670898438,21.7705078125,78.002197265625,0.5420874953269958,-1,-1,-1
743,796,3694.57470703125,522.6431884765625,24.270751953125,50.8355712890625,0.4278111457824707,-1,-1,-1
743,783,3752.483642578125,557.4216918945312,17.770751953125,33.2850341796875,0.3088465929031372,-1,-1,-1
743,758,3515.637451171875,661.1985473632812,25.548095703125,71.4195556640625,0.28610262274742126,-1,-1,-1
744,537,4475.5107421875,746.9523315429688,41.4765625,89.2249755859375,0.6266012787818909,-1,-1,-1
744,744,4222.14697265625,556.6904907226562,18.0234375,43.65435791015625,0.37987926602363586,-1,-1,-1
744,718,4009.06884765625,559.9728393554688,22.456787109375,87.574462890625,0.6098779439926147,-1,-1,-1
744,796,3694.684814453125,523.9493408203125,24.32080078125,49.82171630859375,0.39085549116134644,-1,-1,-1
744,783,3752.297119140625,555.56494140625,17.899658203125,35.2813720703125,0.29281553626060486,-1,-1,-1
745,537,4481.1259765625,747.3204345703125,38.798828125,89.24127197265625,0.42577028274536133,-1,-1,-1
745,744,4222.07470703125,556.5565185546875,18.00634765625,43.28936767578125,0.3768762946128845,-1,-1,-1
745,718,4010.463623046875,556.790283203125,21.56494140625,90.4239501953125,0.5472373366355896,-1,-1,-1
745,796,3694.850830078125,525.485595703125,24.336669921875,48.2142333984375,0.35588133335113525,-1,-1,-1
745,783,3751.7822265625,555.9407958984375,18.0830078125,34.80657958984375,0.27558434009552,-1,-1,-1
745,812,3793.90966796875,529.3920288085938,15.9287109375,31.805908203125,0.3285498321056366,-1,-1,-1
745,782,3601.2275390625,560.0233764648438,18.916748046875,44.26617431640625,0.27992352843284607,-1,-1,-1
746,537,4485.08544921875,746.6524658203125,37.69970703125,89.7496337890625,0.5380664467811584,-1,-1,-1
746,744,4220.84228515625,556.4283447265625,19.1748046875,43.5574951171875,0.3699703812599182,-1,-1,-1
746,718,4011.116455078125,557.9113159179688,21.029052734375,88.8721923828125,0.5686225295066833,-1,-1,-1
746,796,3694.871337890625,526.125732421875,24.289794921875,47.65380859375,0.3476894795894623,-1,-1,-1
746,783,3751.385498046875,557.1112670898438,18.06982421875,33.066162109375,0.25140488147735596,-1,-1,-1
746,812,3793.845458984375,528.8341674804688,16.078857421875,32.2613525390625,0.33388233184814453,-1,-1,-1
746,782,3602.39501953125,560.6070556640625,18.53759765625,42.189208984375,0.2503291666507721,-1,-1,-1
747,537,4487.712890625,744.3670043945312,39.8994140625,91.9273681640625,0.7175272107124329,-1,-1,-1
747,744,4219.58642578125,556.88525390625,20.46728515625,43.05670166015625,0.36899426579475403,-1,-1,-1
747,718,4011.4755859375,559.5631713867188,20.51611328125,87.20111083984375,0.5365117788314819,-1,-1,-1
747,796,3695.02978515625,525.6467895507812,24.0712890625,48.20867919921875,0.3527999520301819,-1,-1,-1
747,783,3751.05859375,556.5462036132812,18.2998046875,33.4442138671875,0.26150795817375183,-1,-1,-1
747,812,3794.263427734375,528.6509399414062,16.02197265625,32.5029296875,0.3456103801727295,-1,-1,-1
747,782,3602.814453125,561.3555908203125,19.13623046875,41.64471435546875,0.2746739685535431,-1,-1,-1
747,784,3492.829833984375,559.4354248046875,18.53759765625,32.3912353515625,0.30094507336616516,-1,-1,-1
747,6,5178.86767578125,805.1976318359375,66.9765625,98.93536376953125,0.32592594623565674,-1,-1,-1
748,537,4490.73095703125,744.0051879882812,41.419921875,89.17938232421875,0.6575410962104797,-1,-1,-1
748,744,4218.7841796875,557.6967163085938,21.296875,42.489501953125,0.34563979506492615,-1,-1,-1
748,718,4011.487060546875,559.885986328125,20.67041015625,86.56500244140625,0.548658013343811,-1,-1,-1
748,796,3695.138916015625,525.8524169921875,24.185791015625,48.27532958984375,0.3465242385864258,-1,-1,-1
748,783,3750.79931640625,556.715576171875,18.26123046875,33.6019287109375,0.27403339743614197,-1,-1,-1
748,812,3794.55224609375,528.4369506835938,15.744140625,33.11737060546875,0.34622129797935486,-1,-1,-1
748,782,3603.36865234375,561.76611328125,19.847412109375,40.2939453125,0.29607054591178894,-1,-1,-1
748,784,3492.995361328125,559.3005981445312,18.91357421875,31.48583984375,0.31177952885627747,-1,-1,-1
748,6,5178.9951171875,805.0888061523438,68.52294921875,98.82220458984375,0.37452995777130127,-1,-1,-1
749,537,4493.9658203125,743.5103759765625,41.544921875,87.7972412109375,0.6575049161911011,-1,-1,-1
749,744,4217.3662109375,558.4129028320312,22.625,41.16729736328125,0.30522823333740234,-1,-1,-1
749,718,4011.544677734375,561.1240234375,20.986083984375,85.35504150390625,0.466147780418396,-1,-1,-1
749,796,3695.150146484375,526.0184326171875,24.659423828125,48.3912353515625,0.3109859228134155,-1,-1,-1
749,783,3750.7265625,556.1578979492188,18.1962890625,34.56756591796875,0.2843491733074188,-1,-1,-1
749,812,3794.73046875,528.4933471679688,15.806884765625,33.09344482421875,0.34324711561203003,-1,-1,-1
749,784,3493.98486328125,558.9327392578125,18.641845703125,31.10040283203125,0.26853668689727783,-1,-1,-1
749,6,5179.1455078125,804.8917236328125,69.4814453125,99.43634033203125,0.505875825881958,-1,-1,-1
750,537,4496.92529296875,745.1490478515625,41.6015625,85.59954833984375,0.6338011622428894,-1,-1,-1
750,744,4216.65283203125,559.2987060546875,23.3408203125,40.54693603515625,0.2975028157234192,-1,-1,-1
750,718,4011.173583984375,562.4182739257812,21.90966796875,84.259521484375,0.48749276995658875,-1,-1,-1
750,796,3695.1708984375,525.5419921875,24.961669921875,48.8505859375,0.28548118472099304,-1,-1,-1
750,783,3750.73193359375,555.7672729492188,18.078125,35.43145751953125,0.2908794581890106,-1,-1,-1
750,812,3794.932861328125,528.8605346679688,16.148193359375,32.3494873046875,0.33174553513526917,-1,-1,-1
750,784,3495.742431640625,560.5682983398438,17.766845703125,30.90911865234375,0.2970520853996277,-1,-1,-1
750,6,5178.927734375,805.0910034179688,70.9267578125,99.748291015625,0.5479665994644165,-1,-1,-1
750,817,4010.830322265625,598.8528442382812,18.744873046875,46.99639892578125,0.4829842150211334,-1,-1,-1
750,782,3604.464599609375,562.6943969726562,19.387939453125,37.34600830078125,0.27081239223480225,-1,-1,-1
