1,1,5758.2587890625,797.042724609375,94.65283203125,97.01666259765625,0.7536442875862122,-1,-1,-1
1,2,3710.10986328125,557.7158203125,20.345458984375,48.27777099609375,0.4849562346935272,-1,-1,-1
1,3,4065.625244140625,561.6337890625,17.7138671875,30.5123291015625,0.33529675006866455,-1,-1,-1
2,1,5760.03271484375,796.4366455078125,96.2021484375,97.8255615234375,0.8091911673545837,-1,-1,-1
2,2,3710.111083984375,557.1557006835938,20.677001953125,49.23919677734375,0.5164064764976501,-1,-1,-1
2,3,4066.927490234375,561.874267578125,17.289306640625,30.25445556640625,0.25924208760261536,-1,-1,-1
3,1,5764.623046875,798.4912109375,101.4404296875,95.04058837890625,0.7760511040687561,-1,-1,-1
3,2,3711.060546875,557.2196044921875,19.361083984375,49.2501220703125,0.4873759150505066,-1,-1,-1
4,1,5770.03125,801.9541015625,102.826171875,91.7603759765625,0.5188218951225281,-1,-1,-1
4,2,3712.150146484375,557.8450927734375,18.34423828125,48.62689208984375,0.4787651598453522,-1,-1,-1
5,1,5773.83154296875,804.41064453125,104.69189453125,89.801513671875,0.5811623930931091,-1,-1,-1
5,2,3713.005615234375,557.928955078125,18.95361328125,46.94146728515625,0.5062254667282104,-1,-1,-1
6,1,5777.03857421875,805.4381713867188,108.63623046875,88.3802490234375,0.4895646572113037,-1,-1,-1
6,2,3713.2255859375,557.2527465820312,18.89208984375,47.62176513671875,0.537611186504364,-1,-1,-1
7,1,5784.5517578125,804.6777954101562,107.43896484375,88.2667236328125,0.5873580574989319,-1,-1,-1
7,2,3713.9833984375,557.2391357421875,18.067138671875,46.82012939453125,0.44958260655403137,-1,-1,-1
8,1,5788.50048828125,805.677978515625,106.0380859375,88.4722900390625,0.5417978763580322,-1,-1,-1
8,2,3714.072021484375,557.0429077148438,19.135986328125,47.77484130859375,0.5145681500434875,-1,-1,-1
9,1,5792.56396484375,805.3017578125,105.2314453125,88.828857421875,0.506095826625824,-1,-1,-1
9,2,3715.0703125,556.634765625,19.751220703125,47.62213134765625,0.4922544062137604,-1,-1,-1
10,2,3715.590576171875,556.5704956054688,19.59716796875,47.117919921875,0.3903103470802307,-1,-1,-1
11,2,3716.070556640625,557.04296875,19.38671875,44.6395263671875,0.3380887508392334,-1,-1,-1
12,2,3716.733154296875,557.466552734375,18.77294921875,36.967041015625,0.30191028118133545,-1,-1,-1
13,2,3717.261474609375,557.3858642578125,18.58203125,41.7635498046875,0.30124449729919434,-1,-1,-1
13,1,5815.43115234375,801.0914916992188,96.53857421875,92.10400390625,0.2630653977394104,-1,-1,-1
14,2,3717.99072265625,556.905517578125,18.63037109375,43.4642333984375,0.329733282327652,-1,-1,-1
15,2,3718.631591796875,557.3738403320312,18.549560546875,43.7801513671875,0.332442969083786,-1,-1,-1
16,2,3719.51611328125,557.7689819335938,18.725830078125,44.63055419921875,0.32275137305259705,-1,-1,-1
16,1,5823.87890625,804.3872680664062,98.40576171875,89.38427734375,0.3981281518936157,-1,-1,-1
17,2,3719.6708984375,558.041259765625,19.408935546875,44.42315673828125,0.27851954102516174,-1,-1,-1
20,11,4437.61181640625,548.373779296875,28.2861328125,41.22552490234375,0.37174761295318604,-1,-1,-1
20,1,5834.966796875,806.6752319335938,96.125,87.53924560546875,0.2659427523612976,-1,-1,-1
21,11,4437.25390625,548.993896484375,26.0224609375,39.66326904296875,0.3290020227432251,-1,-1,-1
21,1,5837.4052734375,806.3984985351562,95.61767578125,87.66558837890625,0.48972219228744507,-1,-1,-1
21,2,3720.571044921875,557.351318359375,22.76708984375,45.080322265625,0.25991085171699524,-1,-1,-1
22,11,4436.6826171875,550.5135498046875,23.5244140625,38.769287109375,0.27754679322242737,-1,-1,-1
22,1,5840.94921875,805.0355834960938,95.87841796875,89.3173828125,0.5388678312301636,-1,-1,-1
23,1,5845.3779296875,802.1783447265625,95.15234375,92.5390625,0.7346551418304443,-1,-1,-1
24,1,5849.4736328125,801.31689453125,95.0966796875,94.0927734375,0.7776961922645569,-1,-1,-1
25,1,5852.330078125,801.7102661132812,98.06298828125,94.871826171875,0.7692424654960632,-1,-1,-1
26,1,5853.49951171875,801.6297607421875,101.30078125,96.45538330078125,0.7484777569770813,-1,-1,-1
27,1,5854.7958984375,804.2369995117188,104.23681640625,95.81439208984375,0.7776248455047607,-1,-1,-1
28,1,5857.6484375,808.1146240234375,105.12158203125,93.4652099609375,0.7568319439888,-1,-1,-1
29,1,5860.7587890625,810.3867797851562,107.890625,91.476318359375,0.6976394653320312,-1,-1,-1
30,1,5865.11572265625,810.0514526367188,109.07275390625,91.77734375,0.7374111413955688,-1,-1,-1
31,1,5869.63818359375,808.5665283203125,107.849609375,93.10137939453125,0.7581145763397217,-1,-1,-1
32,1,5874.00732421875,806.5689697265625,105.197265625,94.38385009765625,0.7636536955833435,-1,-1,-1
33,1,5878.40771484375,805.4429321289062,100.28173828125,95.0552978515625,0.7991286516189575,-1,-1,-1
33,17,4064.011962890625,519.4160766601562,21.921630859375,36.91717529296875,0.38406792283058167,-1,-1,-1
34,1,5881.78564453125,805.4339599609375,96.8076171875,94.87750244140625,0.7782906293869019,-1,-1,-1
34,17,4064.26416015625,516.5504150390625,21.59912109375,40.0587158203125,0.359620064496994,-1,-1,-1
35,1,5882.56591796875,804.6104125976562,95.240234375,95.2938232421875,0.7868372201919556,-1,-1,-1
35,17,4064.542236328125,515.813720703125,21.865966796875,42.2994384765625,0.41084882616996765,-1,-1,-1
36,1,5883.091796875,803.3364868164062,92.87548828125,96.58294677734375,0.7790218591690063,-1,-1,-1
36,17,4065.341796875,515.0740966796875,21.954833984375,42.91461181640625,0.36682450771331787,-1,-1,-1
37,1,5883.341796875,803.22265625,91.96728515625,97.0968017578125,0.7667950987815857,-1,-1,-1
37,17,4065.46533203125,515.3533325195312,20.24267578125,43.3265380859375,0.35432931780815125,-1,-1,-1
38,1,5883.91259765625,803.51171875,91.8388671875,97.01263427734375,0.734667181968689,-1,-1,-1
39,1,5884.482421875,803.4495239257812,91.6083984375,97.4423828125,0.7478389739990234,-1,-1,-1
39,2,3736.507080078125,555.23486328125,17.085693359375,43.3858642578125,0.35536089539527893,-1,-1,-1
40,1,5885.0634765625,803.2109985351562,91.333984375,97.76959228515625,0.7881348133087158,-1,-1,-1
40,2,3737.157958984375,554.8407592773438,17.115234375,44.70050048828125,0.3916347622871399,-1,-1,-1
41,1,5885.798828125,803.1680908203125,88.8662109375,97.94439697265625,0.8015979528427124,-1,-1,-1
41,2,3737.461669921875,554.5733032226562,17.25390625,44.64544677734375,0.3795977532863617,-1,-1,-1
42,1,5887.01416015625,803.1270751953125,86.533203125,98.1903076171875,0.8126503229141235,-1,-1,-1
42,2,3738.289306640625,554.8707885742188,16.73193359375,42.6947021484375,0.3664463460445404,-1,-1,-1
43,1,5887.837890625,803.25244140625,83.6005859375,98.6177978515625,0.7986469268798828,-1,-1,-1
43,2,3739.170166015625,554.6260375976562,16.047119140625,41.291015625,0.3806037902832031,-1,-1,-1
44,1,5889.43701171875,803.5195922851562,79.68310546875,98.53570556640625,0.7952997088432312,-1,-1,-1
44,2,3740.047607421875,554.2440185546875,15.54248046875,40.421142578125,0.4250536859035492,-1,-1,-1
45,1,5889.72705078125,803.8479614257812,77.5693359375,98.1656494140625,0.772155225276947,-1,-1,-1
45,2,3740.476806640625,554.0289916992188,15.697021484375,41.67584228515625,0.4654136002063751,-1,-1,-1
46,1,5890.80859375,804.1614379882812,75.25244140625,97.94696044921875,0.7402696013450623,-1,-1,-1
46,2,3740.9677734375,553.9686279296875,15.94970703125,42.84783935546875,0.48175594210624695,-1,-1,-1
47,1,5889.734375,804.4190673828125,74.689453125,98.24761962890625,0.6751350164413452,-1,-1,-1
47,2,3741.52880859375,554.0748901367188,15.9462890625,44.0394287109375,0.5009279251098633,-1,-1,-1
48,1,5885.62109375,805.21044921875,77.05029296875,98.1973876953125,0.4993751049041748,-1,-1,-1
48,2,3741.927734375,554.1928100585938,15.956787109375,44.275634765625,0.4790053069591522,-1,-1,-1
49,1,5888.841796875,805.1460571289062,71.7568359375,99.11163330078125,0.4696916341781616,-1,-1,-1
49,2,3742.1767578125,554.4947509765625,16.24365234375,44.4512939453125,0.4573100209236145,-1,-1,-1
50,1,5893.85205078125,805.1732788085938,65.14501953125,99.9462890625,0.41555872559547424,-1,-1,-1
50,2,3742.5615234375,554.9624633789062,16.625732421875,44.04339599609375,0.4697313904762268,-1,-1,-1
51,1,5895.90380859375,805.488037109375,62.287109375,99.9085693359375,0.3907916843891144,-1,-1,-1
51,2,3742.990478515625,554.7554931640625,16.660400390625,44.260009765625,0.4932197332382202,-1,-1,-1
52,1,5897.30224609375,805.7490234375,60.234375,100.015380859375,0.4066804051399231,-1,-1,-1
52,2,3743.460693359375,554.63623046875,16.2578125,40.95257568359375,0.43793362379074097,-1,-1,-1
53,1,5896.4921875,805.6549682617188,60.708984375,100.18463134765625,0.5467976331710815,-1,-1,-1
53,2,3743.63671875,554.658203125,16.51171875,42.77276611328125,0.4491754174232483,-1,-1,-1
54,1,5898.94970703125,805.7807006835938,57.828125,99.9339599609375,0.6135328412055969,-1,-1,-1
54,2,3743.70947265625,554.689208984375,16.6103515625,43.4354248046875,0.44090715050697327,-1,-1,-1
55,1,5898.80908203125,805.8463134765625,57.74462890625,99.846435546875,0.6347646713256836,-1,-1,-1
55,2,3743.9228515625,554.4890747070312,16.850341796875,43.95947265625,0.43714508414268494,-1,-1,-1
56,1,5899.11669921875,805.8042602539062,57.03515625,99.817138671875,0.6477527618408203,-1,-1,-1
56,2,3744.27783203125,554.0997924804688,17.380859375,44.11309814453125,0.46692073345184326,-1,-1,-1
57,1,5890.2880859375,805.9651489257812,65.99658203125,99.5499267578125,0.6302052140235901,-1,-1,-1
57,2,3744.369873046875,553.8534545898438,17.6767578125,41.93902587890625,0.4036259353160858,-1,-1,-1
58,1,5886.66650390625,806.2398071289062,69.4482421875,99.099853515625,0.6269318461418152,-1,-1,-1
58,2,3744.926513671875,554.0023193359375,17.497802734375,40.83453369140625,0.37825989723205566,-1,-1,-1
59,1,5883.03564453125,806.1292114257812,72.9677734375,99.05645751953125,0.6238408088684082,-1,-1,-1
59,2,3745.535400390625,554.4152221679688,17.42578125,42.45721435546875,0.37607261538505554,-1,-1,-1
60,1,5879.86865234375,805.6717529296875,75.64111328125,99.38250732421875,0.7080488204956055,-1,-1,-1
60,2,3746.11865234375,554.9485473632812,17.461669921875,43.675048828125,0.4049948751926422,-1,-1,-1
61,1,5878.6240234375,805.4290161132812,76.45751953125,99.66156005859375,0.7188622355461121,-1,-1,-1
61,2,3746.337890625,555.3082885742188,17.4833984375,44.1434326171875,0.41811618208885193,-1,-1,-1
62,1,5878.96630859375,805.6394653320312,75.322265625,99.51806640625,0.7250073552131653,-1,-1,-1
62,2,3746.71337890625,555.3729858398438,17.1689453125,44.2315673828125,0.4080542027950287,-1,-1,-1
63,1,5878.087890625,806.462158203125,75.96240234375,98.74212646484375,0.7155213952064514,-1,-1,-1
63,2,3747.198486328125,555.3660278320312,16.6376953125,43.82806396484375,0.373642235994339,-1,-1,-1
64,1,5876.58984375,807.072265625,76.9072265625,98.07366943359375,0.7173203825950623,-1,-1,-1
64,2,3747.555908203125,555.1731567382812,16.250244140625,42.9608154296875,0.3736409842967987,-1,-1,-1
65,1,5874.39794921875,807.64208984375,78.42724609375,97.37237548828125,0.7183859944343567,-1,-1,-1
65,2,3747.80908203125,554.4323120117188,16.02197265625,41.8409423828125,0.3716914653778076,-1,-1,-1
66,1,5871.9150390625,807.6828002929688,80.45556640625,97.22576904296875,0.7395727038383484,-1,-1,-1
66,2,3748.2099609375,554.6798706054688,15.55615234375,40.17584228515625,0.32273387908935547,-1,-1,-1
67,1,5869.24609375,806.7763671875,82.6181640625,98.04156494140625,0.742713212966919,-1,-1,-1
67,2,3748.416259765625,554.5848388671875,15.435546875,39.02996826171875,0.35627755522727966,-1,-1,-1
68,1,5867.7578125,805.5185546875,83.5947265625,98.00286865234375,0.7496610879898071,-1,-1,-1
68,2,3748.684326171875,554.7122192382812,15.366455078125,38.651123046875,0.32683056592941284,-1,-1,-1
69,1,5866.46142578125,805.1008911132812,83.46484375,97.8380126953125,0.7590773701667786,-1,-1,-1
69,2,3748.854248046875,554.8412475585938,15.42724609375,37.81353759765625,0.3311194181442261,-1,-1,-1
70,1,5864.85498046875,804.982666015625,82.75634765625,97.73675537109375,0.744567334651947,-1,-1,-1
70,2,3748.910888671875,554.36572265625,15.550537109375,38.1337890625,0.39739635586738586,-1,-1,-1
71,1,5863.03759765625,805.0812377929688,82.56298828125,97.6536865234375,0.7228500247001648,-1,-1,-1
71,2,3749.021240234375,553.9735107421875,15.408447265625,38.26824951171875,0.40796124935150146,-1,-1,-1
72,1,5863.0693359375,804.99169921875,80.5556640625,98.32171630859375,0.6937240958213806,-1,-1,-1
72,2,3749.172607421875,553.7601318359375,15.284912109375,38.83984375,0.4016280770301819,-1,-1,-1
73,1,5862.1259765625,804.102294921875,79.90380859375,99.4881591796875,0.679894745349884,-1,-1,-1
73,2,3749.243896484375,553.5680541992188,15.191162109375,39.29608154296875,0.4172286093235016,-1,-1,-1
74,1,5860.3154296875,803.922607421875,79.994140625,99.5386962890625,0.6857376098632812,-1,-1,-1
74,2,3749.345947265625,553.7052001953125,15.23828125,39.55224609375,0.3886611759662628,-1,-1,-1
75,1,5859.6953125,803.8373413085938,78.33544921875,98.88067626953125,0.6891661882400513,-1,-1,-1
75,2,3749.406005859375,553.7134399414062,15.383544921875,40.667236328125,0.3964613974094391,-1,-1,-1
76,1,5860.7490234375,802.9741821289062,74.18115234375,99.4686279296875,0.7277177572250366,-1,-1,-1
76,2,3749.415771484375,553.4531860351562,15.219970703125,40.7708740234375,0.42415398359298706,-1,-1,-1
77,1,5859.84619140625,802.088134765625,71.70068359375,99.846923828125,0.7578223943710327,-1,-1,-1
77,2,3749.41064453125,553.238525390625,15.217529296875,41.00897216796875,0.43100035190582275,-1,-1,-1
78,1,5857.85009765625,802.2407836914062,70.94189453125,99.30126953125,0.7518666982650757,-1,-1,-1
78,2,3749.41943359375,553.2702026367188,15.11474609375,40.5797119140625,0.40802907943725586,-1,-1,-1
79,1,5854.72802734375,802.184326171875,71.75048828125,99.361083984375,0.7178926467895508,-1,-1,-1
79,2,3749.41552734375,553.3369140625,15.107666015625,40.297607421875,0.39152565598487854,-1,-1,-1
80,1,5851.78515625,801.7989501953125,71.5751953125,99.278564453125,0.6672740578651428,-1,-1,-1
80,2,3749.435546875,553.3849487304688,15.06005859375,40.2291259765625,0.3667835295200348,-1,-1,-1
81,1,5847.37841796875,801.7852783203125,72.37451171875,97.86822509765625,0.6646212935447693,-1,-1,-1
81,2,3749.421875,553.4713134765625,14.97314453125,40.0355224609375,0.3398588299751282,-1,-1,-1
82,1,5840.14208984375,800.178466796875,76.13671875,98.29620361328125,0.5909494757652283,-1,-1,-1
82,2,3749.35888671875,553.4970703125,14.953369140625,40.0858154296875,0.3399212658405304,-1,-1,-1
83,1,5834.5185546875,799.1716918945312,78.94287109375,98.34375,0.5028220415115356,-1,-1,-1
83,2,3749.302490234375,553.5133056640625,14.904052734375,40.68621826171875,0.32305634021759033,-1,-1,-1
84,1,5830.04345703125,800.0557250976562,81.7392578125,96.86712646484375,0.41299086809158325,-1,-1,-1
84,2,3749.323486328125,553.636474609375,14.965576171875,40.14813232421875,0.3020295798778534,-1,-1,-1
85,1,5826.91796875,800.5224609375,82.7314453125,96.974853515625,0.40217554569244385,-1,-1,-1
85,2,3749.337158203125,553.7078857421875,15.031982421875,40.6229248046875,0.2848568558692932,-1,-1,-1
86,1,5825.4619140625,801.5753173828125,82.076171875,96.51739501953125,0.33452245593070984,-1,-1,-1
86,2,3749.392333984375,553.7528076171875,15.114013671875,40.5526123046875,0.2737208306789398,-1,-1,-1
87,1,5824.24658203125,801.2819213867188,81.701171875,96.929443359375,0.3471069037914276,-1,-1,-1
87,2,3749.425537109375,553.652587890625,15.165771484375,40.91864013671875,0.28437429666519165,-1,-1,-1
88,1,5820.71044921875,802.1591796875,83.42529296875,93.37396240234375,0.31860148906707764,-1,-1,-1
88,2,3749.4169921875,553.6801147460938,15.356201171875,40.88165283203125,0.27528446912765503,-1,-1,-1
89,1,5818.1787109375,803.0292358398438,84.36328125,90.5146484375,0.2918536365032196,-1,-1,-1
89,2,3749.405029296875,553.6123046875,15.4638671875,40.8509521484375,0.28501829504966736,-1,-1,-1
90,1,5816.888671875,803.7359619140625,84.08984375,89.2803955078125,0.5232210755348206,-1,-1,-1
90,2,3749.481689453125,553.5951538085938,15.58349609375,41.18359375,0.26823970675468445,-1,-1,-1
91,1,5815.75244140625,803.134033203125,82.400390625,91.1739501953125,0.6298647522926331,-1,-1,-1
91,2,3749.54931640625,553.613037109375,15.728759765625,41.0894775390625,0.277879923582077,-1,-1,-1
92,1,5814.93310546875,803.6456298828125,80.94921875,91.41253662109375,0.7003354430198669,-1,-1,-1
92,2,3749.621826171875,553.4069213867188,15.9599609375,41.26513671875,0.2515890598297119,-1,-1,-1
93,1,5814.1376953125,803.9093627929688,79.4833984375,90.97491455078125,0.7174449563026428,-1,-1,-1
94,1,5811.47607421875,804.1324462890625,79.75341796875,90.8326416015625,0.7255008220672607,-1,-1,-1
95,1,5808.6982421875,804.1301879882812,80.1484375,90.48443603515625,0.7276453375816345,-1,-1,-1
95,2,3749.9306640625,553.4586181640625,17.47119140625,41.17303466796875,0.2573819160461426,-1,-1,-1
96,1,5806.18115234375,803.8814086914062,81.05859375,90.72900390625,0.7052484154701233,-1,-1,-1
97,1,5805.3798828125,804.1612548828125,81.30908203125,89.45404052734375,0.6345792412757874,-1,-1,-1
98,1,5805.40234375,804.2096557617188,80.2314453125,89.126220703125,0.48492196202278137,-1,-1,-1
99,1,5805.1884765625,803.4857788085938,79.251953125,89.03338623046875,0.4277147352695465,-1,-1,-1
104,1,5798.40087890625,802.106689453125,74.3779296875,89.30841064453125,0.47501298785209656,-1,-1,-1
105,1,5794.3662109375,801.937744140625,74.59521484375,89.8770751953125,0.5069546103477478,-1,-1,-1
105,2,3752.314208984375,556.0426025390625,18.28271484375,39.104248046875,0.2713218033313751,-1,-1,-1
106,1,5788.55126953125,803.0999145507812,75.70751953125,89.6893310546875,0.6789618134498596,-1,-1,-1
106,2,3752.621337890625,556.2984008789062,18.32373046875,38.4945068359375,0.26554033160209656,-1,-1,-1
107,1,5781.7392578125,803.3206787109375,78.330078125,89.8653564453125,0.7110456824302673,-1,-1,-1
107,2,3752.76513671875,556.4548950195312,18.572265625,37.99224853515625,0.27762022614479065,-1,-1,-1
108,1,5777.34228515625,803.947509765625,79.69580078125,90.359619140625,0.776951789855957,-1,-1,-1
108,2,3752.671630859375,556.4674072265625,18.997314453125,37.894287109375,0.27894672751426697,-1,-1,-1
109,1,5773.40576171875,805.521240234375,79.7109375,89.10174560546875,0.6319946646690369,-1,-1,-1
109,2,3752.545166015625,556.3460083007812,19.395263671875,38.08941650390625,0.25414371490478516,-1,-1,-1
110,1,5769.99169921875,806.2819213867188,79.62939453125,88.2025146484375,0.628608226776123,-1,-1,-1
110,2,3752.43115234375,556.1561889648438,19.639892578125,38.90826416015625,0.28641992807388306,-1,-1,-1
111,1,5767.8994140625,807.0450439453125,77.94970703125,87.268798828125,0.5808800458908081,-1,-1,-1
111,2,3752.441162109375,556.2756958007812,19.71875,39.02789306640625,0.2544744908809662,-1,-1,-1
112,1,5767.97412109375,808.8700561523438,75.533203125,85.12738037109375,0.44997638463974,-1,-1,-1
113,1,5767.34130859375,808.8468017578125,74.27783203125,84.8121337890625,0.47286152839660645,-1,-1,-1
114,1,5765.55029296875,808.1275634765625,73.09716796875,84.8326416015625,0.5051174759864807,-1,-1,-1
115,1,5761.66650390625,807.78955078125,75.01806640625,84.6912841796875,0.5680961012840271,-1,-1,-1
116,1,5756.37744140625,807.5908203125,77.71240234375,85.0784912109375,0.47459664940834045,-1,-1,-1
117,1,5750.30419921875,807.3917846679688,81.78955078125,85.24005126953125,0.35170531272888184,-1,-1,-1
118,1,5745.6259765625,806.9498901367188,85.0439453125,85.4544677734375,0.2595704197883606,-1,-1,-1
126,42,4174.44775390625,524.50341796875,21.791015625,33.0899658203125,0.33761632442474365,-1,-1,-1
127,42,4174.42138671875,524.6376342773438,21.18310546875,30.5133056640625,0.2730877697467804,-1,-1,-1
128,42,4172.56787109375,525.12451171875,21.2783203125,30.81878662109375,0.29550233483314514,-1,-1,-1
129,42,4171.05419921875,525.3220825195312,20.56982421875,31.3797607421875,0.3440142869949341,-1,-1,-1
130,42,4171.10888671875,525.3637084960938,19.41259765625,29.8458251953125,0.3268384337425232,-1,-1,-1
131,42,4171.41943359375,525.1647338867188,18.72119140625,31.18707275390625,0.3383140563964844,-1,-1,-1
131,1,5725.81640625,805.3352661132812,62.61767578125,94.3287353515625,0.52287757396698,-1,-1,-1
132,42,4170.5361328125,524.3984985351562,19.51123046875,32.57098388671875,0.38015326857566833,-1,-1,-1
132,44,3749.8515625,553.08056640625,19.62646484375,46.42413330078125,0.3140692412853241,-1,-1,-1
132,1,5722.5517578125,803.8831176757812,62.10302734375,94.96075439453125,0.7450944185256958,-1,-1,-1
133,42,4169.1923828125,524.7083129882812,20.8134765625,33.5091552734375,0.3802783191204071,-1,-1,-1
133,44,3749.87255859375,553.0663452148438,19.926025390625,46.69171142578125,0.26649370789527893,-1,-1,-1
133,1,5720.3603515625,802.1389770507812,61.66162109375,96.48492431640625,0.7369655966758728,-1,-1,-1
134,42,4168.3046875,525.218017578125,20.97216796875,33.29400634765625,0.32137057185173035,-1,-1,-1
134,44,3749.907958984375,553.3613891601562,20.14306640625,46.72698974609375,0.2748233377933502,-1,-1,-1
134,1,5716.2978515625,800.7719116210938,62.80859375,96.47637939453125,0.7062127590179443,-1,-1,-1
135,42,4167.9833984375,525.3805541992188,20.92041015625,34.11663818359375,0.32341110706329346,-1,-1,-1
135,44,3749.9013671875,553.496826171875,20.492431640625,46.52142333984375,0.25376462936401367,-1,-1,-1
135,1,5712.5751953125,800.09228515625,64.8857421875,96.663330078125,0.7406800985336304,-1,-1,-1
136,42,4167.68212890625,524.12890625,20.93603515625,33.8568115234375,0.3065915107727051,-1,-1,-1
136,44,3749.891845703125,553.5818481445312,20.785400390625,46.7850341796875,0.29405033588409424,-1,-1,-1
136,1,5710.30029296875,799.9157104492188,65.4755859375,96.6162109375,0.6963609457015991,-1,-1,-1
137,44,3750.399169921875,555.6614379882812,19.7783203125,45.7032470703125,0.283792644739151,-1,-1,-1
137,1,5708.4453125,800.5145874023438,66.27734375,98.26263427734375,0.68171226978302,-1,-1,-1
138,44,3750.630126953125,556.214111328125,19.501708984375,45.59552001953125,0.2889631688594818,-1,-1,-1
138,1,5705.33642578125,801.7534790039062,67.9833984375,99.119384765625,0.6840112805366516,-1,-1,-1
139,44,3750.9609375,556.6270751953125,19.194580078125,44.84466552734375,0.2675536274909973,-1,-1,-1
139,1,5700.67626953125,803.2681884765625,67.6455078125,97.46295166015625,0.6965405344963074,-1,-1,-1
140,1,5696.00439453125,803.5258178710938,69.6357421875,97.30767822265625,0.7187899351119995,-1,-1,-1
141,1,5691.61572265625,803.5850830078125,72.25537109375,97.63104248046875,0.700221061706543,-1,-1,-1
142,1,5688.66943359375,802.8355102539062,73.91650390625,100.70501708984375,0.6020846962928772,-1,-1,-1
143,1,5684.3310546875,801.4434204101562,77.4267578125,104.68157958984375,0.671726644039154,-1,-1,-1
143,44,3751.15234375,556.637939453125,19.529296875,45.8330078125,0.2715471088886261,-1,-1,-1
144,1,5681.36767578125,800.018310546875,78.7939453125,105.8824462890625,0.6135133504867554,-1,-1,-1
144,49,4263.23681640625,534.8858032226562,19.28564453125,43.26275634765625,0.3715803325176239,-1,-1,-1
144,44,3751.23388671875,557.181640625,19.5400390625,45.154541015625,0.259525865316391,-1,-1,-1
145,1,5678.953125,801.2659912109375,78.00927734375,103.11944580078125,0.5276681780815125,-1,-1,-1
145,49,4262.7958984375,534.8654174804688,18.05517578125,43.3614501953125,0.3736822009086609,-1,-1,-1
146,1,5676.11474609375,801.705322265625,78.27392578125,102.0748291015625,0.5972404479980469,-1,-1,-1
146,49,4262.84130859375,536.2757568359375,16.7880859375,41.3489990234375,0.36566823720932007,-1,-1,-1
147,1,5673.1904296875,802.6768188476562,77.90771484375,100.9290771484375,0.6709970831871033,-1,-1,-1
147,49,4262.09423828125,537.4453125,16.39306640625,39.8980712890625,0.36078086495399475,-1,-1,-1
148,1,5671.53759765625,805.5703735351562,75.0625,99.584716796875,0.5611011385917664,-1,-1,-1
148,49,4261.3818359375,538.1204833984375,16.69287109375,39.66522216796875,0.33233642578125,-1,-1,-1
149,1,5670.26953125,806.9838256835938,72.03466796875,98.27545166015625,0.5679466724395752,-1,-1,-1
149,49,4261.3984375,538.5419921875,16.46826171875,40.17724609375,0.3591541647911072,-1,-1,-1
149,44,3752.450439453125,557.8419799804688,19.64208984375,44.14935302734375,0.2593362331390381,-1,-1,-1
150,1,5669.84326171875,807.3972778320312,68.123046875,98.3836669921875,0.688129723072052,-1,-1,-1
150,49,4261.6171875,537.020751953125,15.93701171875,41.8441162109375,0.38292500376701355,-1,-1,-1
150,44,3752.68017578125,558.5064697265625,19.927001953125,43.48822021484375,0.2969363033771515,-1,-1,-1
151,1,5667.62890625,806.8759155273438,66.8271484375,99.23895263671875,0.6957057118415833,-1,-1,-1
151,49,4261.10595703125,536.169921875,15.6279296875,41.49566650390625,0.3210768401622772,-1,-1,-1
151,44,3752.94140625,558.2044067382812,20.81982421875,43.83746337890625,0.28292685747146606,-1,-1,-1
152,1,5665.5263671875,806.8074340820312,64.48779296875,98.9521484375,0.6475910544395447,-1,-1,-1
152,49,4260.30419921875,535.8041381835938,15.37646484375,41.6478271484375,0.32177844643592834,-1,-1,-1
152,44,3753.779296875,558.659912109375,20.513427734375,43.708984375,0.31138914823532104,-1,-1,-1
153,1,5661.20947265625,805.6522216796875,63.3837890625,99.74127197265625,0.6726555824279785,-1,-1,-1
153,49,4259.923828125,536.1173706054688,14.77392578125,40.6043701171875,0.3092330992221832,-1,-1,-1
153,44,3754.403076171875,560.7114868164062,20.1337890625,42.25457763671875,0.33742886781692505,-1,-1,-1
154,1,5657.2880859375,805.8068237304688,61.365234375,97.57330322265625,0.49601075053215027,-1,-1,-1
154,49,4259.45751953125,536.1521606445312,14.86083984375,40.55694580078125,0.32027408480644226,-1,-1,-1
155,1,5652.90283203125,803.9058837890625,61.61083984375,96.499267578125,0.601987361907959,-1,-1,-1
155,49,4258.25048828125,536.2723999023438,15.68701171875,39.99102783203125,0.2901565730571747,-1,-1,-1
155,44,3756.036865234375,563.406982421875,18.5732421875,39.18377685546875,0.30662164092063904,-1,-1,-1
156,1,5648.19775390625,801.3328857421875,62.9404296875,98.26446533203125,0.7047898173332214,-1,-1,-1
156,49,4257.4765625,536.1817626953125,16.6455078125,40.17205810546875,0.2555554211139679,-1,-1,-1
156,44,3756.45458984375,565.5390625,19.473388671875,37.97686767578125,0.364742636680603,-1,-1,-1
157,1,5643.939453125,800.6795654296875,66.13037109375,100.1937255859375,0.7472878694534302,-1,-1,-1
157,49,4257.5615234375,536.6516723632812,16.78369140625,40.08709716796875,0.29126986861228943,-1,-1,-1
157,44,3756.38037109375,566.732177734375,20.40673828125,37.63458251953125,0.35986489057540894,-1,-1,-1
158,1,5639.70068359375,800.6068725585938,68.68115234375,99.2833251953125,0.5263978242874146,-1,-1,-1
158,49,4257.47802734375,538.1537475585938,16.7275390625,38.90887451171875,0.2659682333469391,-1,-1,-1
158,44,3756.456298828125,566.1133422851562,22.701904296875,40.60589599609375,0.36692163348197937,-1,-1,-1
159,1,5635.845703125,800.9561157226562,71.41162109375,100.10980224609375,0.5605060458183289,-1,-1,-1
159,49,4257.33544921875,538.83447265625,16.86572265625,38.4996337890625,0.25797951221466064,-1,-1,-1
159,44,3757.33056640625,565.0672607421875,23.050537109375,42.1314697265625,0.3277011811733246,-1,-1,-1
160,1,5632.0126953125,801.3261108398438,74.919921875,101.1968994140625,0.534356951713562,-1,-1,-1
160,44,3759.063720703125,565.1000366210938,21.71044921875,41.70489501953125,0.3304803967475891,-1,-1,-1
161,1,5629.39453125,802.8619384765625,77.19873046875,99.453125,0.5263229012489319,-1,-1,-1
161,44,3760.400634765625,566.035400390625,20.34130859375,40.3350830078125,0.31789103150367737,-1,-1,-1
162,1,5626.3193359375,806.177001953125,76.4873046875,96.71331787109375,0.5529731512069702,-1,-1,-1
162,44,3763.7373046875,564.9942016601562,17.8212890625,40.4820556640625,0.33831021189689636,-1,-1,-1
163,1,5625.2666015625,807.5057373046875,67.93115234375,94.23126220703125,0.3517265021800995,-1,-1,-1
163,44,3764.7265625,565.5525512695312,17.296875,39.6654052734375,0.34352925419807434,-1,-1,-1
163,49,4255.59716796875,539.3196411132812,18.57275390625,38.48602294921875,0.2530609667301178,-1,-1,-1
164,1,5622.95556640625,806.0,63.41845703125,96.0543212890625,0.4532449245452881,-1,-1,-1
164,44,3765.336669921875,565.9204711914062,16.883544921875,39.6044921875,0.4139821529388428,-1,-1,-1
164,49,4255.49462890625,539.4545288085938,18.791015625,38.38238525390625,0.25047793984413147,-1,-1,-1
165,1,5620.19580078125,805.3162841796875,62.25,96.20623779296875,0.5385809540748596,-1,-1,-1
165,44,3766.271728515625,564.9576416015625,16.734130859375,40.29425048828125,0.4149188697338104,-1,-1,-1
165,49,4255.8115234375,539.1572265625,18.5517578125,38.86572265625,0.2748315930366516,-1,-1,-1
166,1,5617.54736328125,804.6253662109375,62.37939453125,95.5634765625,0.6370634436607361,-1,-1,-1
166,44,3766.7490234375,564.2772827148438,16.92333984375,40.55767822265625,0.43530118465423584,-1,-1,-1
166,49,4256.2099609375,538.8378295898438,18.38818359375,39.53131103515625,0.2986673414707184,-1,-1,-1
167,1,5614.4033203125,803.9409790039062,63.822265625,95.7347412109375,0.6894477605819702,-1,-1,-1
167,44,3767.427001953125,564.458251953125,17.041748046875,39.8189697265625,0.45983558893203735,-1,-1,-1
167,49,4256.45458984375,538.714599609375,18.4228515625,39.25494384765625,0.28840771317481995,-1,-1,-1
168,1,5612.162109375,803.5591430664062,63.697265625,96.828857421875,0.6490640640258789,-1,-1,-1
168,44,3768.2998046875,565.7811889648438,17.861572265625,39.39306640625,0.5146627426147461,-1,-1,-1
168,49,4256.85498046875,538.6846313476562,18.63232421875,39.002685546875,0.29997390508651733,-1,-1,-1
169,1,5608.50439453125,802.9452514648438,64.853515625,95.91326904296875,0.6238405704498291,-1,-1,-1
169,44,3768.8837890625,567.2203979492188,19.2080078125,37.928955078125,0.4860577881336212,-1,-1,-1
169,49,4257.3544921875,538.8844604492188,18.4345703125,38.44970703125,0.27800241112709045,-1,-1,-1
170,1,5604.89501953125,802.5277099609375,67.1083984375,97.00067138671875,0.6166092157363892,-1,-1,-1
170,44,3769.22412109375,567.918701171875,20.540283203125,36.748291015625,0.49296894669532776,-1,-1,-1
170,49,4257.26953125,538.7676391601562,18.5,38.79351806640625,0.2920849025249481,-1,-1,-1
171,1,5601.99755859375,802.8507080078125,67.56591796875,97.88250732421875,0.6185346841812134,-1,-1,-1
171,44,3770.115478515625,567.1947021484375,20.933837890625,37.843017578125,0.503649890422821,-1,-1,-1
171,49,4256.78173828125,538.7655639648438,18.98193359375,38.3201904296875,0.288553923368454,-1,-1,-1
172,1,5598.9609375,803.4370727539062,68.65771484375,97.9078369140625,0.6033215522766113,-1,-1,-1
172,44,3772.041748046875,566.8900146484375,19.1630859375,37.6510009765625,0.48365673422813416,-1,-1,-1
172,49,4256.98974609375,539.430908203125,18.6826171875,37.38677978515625,0.27874648571014404,-1,-1,-1
173,1,5597.486328125,803.9417724609375,67.22412109375,97.43572998046875,0.6008942723274231,-1,-1,-1
173,44,3774.097412109375,567.499267578125,17.511474609375,36.9794921875,0.5091986060142517,-1,-1,-1
173,49,4257.4853515625,540.5003662109375,18.0234375,35.4486083984375,0.2543671429157257,-1,-1,-1
174,1,5595.49072265625,805.3585205078125,65.572265625,95.46240234375,0.6203323602676392,-1,-1,-1
174,44,3775.655029296875,566.983154296875,16.69921875,37.16180419921875,0.45612552762031555,-1,-1,-1
174,49,4257.84423828125,541.06689453125,18.06005859375,34.412841796875,0.2578180730342865,-1,-1,-1
175,1,5593.35107421875,805.4901123046875,64.982421875,95.93829345703125,0.6533003449440002,-1,-1,-1
175,44,3775.9794921875,566.64453125,17.204345703125,38.64111328125,0.4751541018486023,-1,-1,-1
175,49,4258.34814453125,541.4586791992188,18.2529296875,34.43719482421875,0.2934921681880951,-1,-1,-1
176,1,5589.45458984375,804.7083740234375,66.36181640625,97.9090576171875,0.6192781329154968,-1,-1,-1
176,44,3776.675537109375,565.443603515625,17.602294921875,39.4063720703125,0.2850427031517029,-1,-1,-1
176,49,4258.443359375,542.9276733398438,18.9208984375,33.44537353515625,0.26879435777664185,-1,-1,-1
177,1,5586.859375,804.260009765625,66.9140625,98.75360107421875,0.6353419423103333,-1,-1,-1
177,49,4259.27001953125,542.6577758789062,18.46728515625,34.30291748046875,0.32400861382484436,-1,-1,-1
178,1,5586.28564453125,803.3531494140625,66.0166015625,100.47271728515625,0.674385130405426,-1,-1,-1
178,49,4259.77978515625,543.1038208007812,18.35205078125,34.11529541015625,0.3322206139564514,-1,-1,-1
179,1,5587.06591796875,802.4483032226562,63.56787109375,101.76971435546875,0.6461352705955505,-1,-1,-1
179,49,4261.0517578125,541.837158203125,18.0234375,36.206298828125,0.34150996804237366,-1,-1,-1
180,1,5585.5732421875,800.9341430664062,63.40234375,102.797607421875,0.6353334784507751,-1,-1,-1
180,49,4262.171875,542.4216918945312,18.1650390625,35.76263427734375,0.3290249705314636,-1,-1,-1
181,1,5581.81396484375,800.8734741210938,65.67041015625,102.46502685546875,0.6299145817756653,-1,-1,-1
181,49,4263.16796875,542.3017578125,18.99755859375,36.26678466796875,0.27486276626586914,-1,-1,-1
182,1,5577.4013671875,802.1162109375,68.7294921875,101.17230224609375,0.663814902305603,-1,-1,-1
182,49,4263.71044921875,541.5388793945312,20.07421875,38.13507080078125,0.2744799256324768,-1,-1,-1
183,1,5572.384765625,803.2623291015625,72.97900390625,99.81585693359375,0.657142162322998,-1,-1,-1
184,1,5566.8984375,802.8643798828125,78.4052734375,99.61468505859375,0.6554675102233887,-1,-1,-1
184,44,3784.369384765625,566.0297241210938,22.680908203125,42.6414794921875,0.30399444699287415,-1,-1,-1
185,1,5565.189453125,802.1148681640625,78.91796875,99.67852783203125,0.578518807888031,-1,-1,-1
185,44,3785.309814453125,566.5799560546875,22.49072265625,41.4498291015625,0.306267112493515,-1,-1,-1
186,1,5563.21533203125,801.2984619140625,79.443359375,99.6309814453125,0.5799667835235596,-1,-1,-1
186,44,3786.67626953125,566.919677734375,21.52587890625,41.93646240234375,0.34746065735816956,-1,-1,-1
187,1,5561.37451171875,800.4005126953125,80.32470703125,100.385986328125,0.6343485713005066,-1,-1,-1
187,44,3787.307861328125,568.2610473632812,21.37353515625,40.45660400390625,0.3456343710422516,-1,-1,-1
188,1,5560.51806640625,799.5166625976562,80.3408203125,101.351318359375,0.6451167464256287,-1,-1,-1
188,44,3787.747802734375,568.5720825195312,21.351806640625,41.4013671875,0.3428420126438141,-1,-1,-1
189,1,5561.271484375,798.8958740234375,78.50146484375,101.96807861328125,0.6384069919586182,-1,-1,-1
189,44,3789.90966796875,568.5665893554688,19.493896484375,39.417236328125,0.3793995976448059,-1,-1,-1
190,1,5564.07568359375,797.9157104492188,74.732421875,102.93121337890625,0.658049464225769,-1,-1,-1
190,44,3791.92529296875,568.7186889648438,18.295654296875,38.78118896484375,0.40209734439849854,-1,-1,-1
191,1,5561.65625,797.669921875,76.6865234375,102.9595947265625,0.6575856804847717,-1,-1,-1
191,44,3793.958984375,568.69775390625,16.862060546875,38.0283203125,0.32350781559944153,-1,-1,-1
192,1,5559.43017578125,797.8141479492188,78.31103515625,102.6373291015625,0.6198914647102356,-1,-1,-1
192,44,3795.237548828125,567.9657592773438,16.26123046875,39.20428466796875,0.33482494950294495,-1,-1,-1
193,1,5558.3388671875,797.9068603515625,78.87255859375,101.567138671875,0.5869551301002502,-1,-1,-1
193,44,3797.213134765625,568.0974731445312,14.617919921875,38.22552490234375,0.30689573287963867,-1,-1,-1
194,1,5558.78759765625,799.7061157226562,78.41259765625,98.78594970703125,0.6007806062698364,-1,-1,-1
194,44,3798.3310546875,569.1566162109375,13.904541015625,36.73260498046875,0.2646822929382324,-1,-1,-1
195,1,5559.13232421875,800.445068359375,77.798828125,97.45843505859375,0.6220578551292419,-1,-1,-1
195,44,3798.92236328125,569.203369140625,15.859619140625,37.158203125,0.35992631316185,-1,-1,-1
196,1,5559.43115234375,800.5253295898438,77.3701171875,96.5186767578125,0.6121994853019714,-1,-1,-1
196,44,3799.614990234375,568.6821899414062,16.73095703125,38.54901123046875,0.39942896366119385,-1,-1,-1
197,1,5558.97998046875,800.6299438476562,77.888671875,96.17779541015625,0.6356333494186401,-1,-1,-1
197,44,3801.13916015625,568.780517578125,16.021728515625,39.13897705078125,0.34812238812446594,-1,-1,-1
198,1,5559.080078125,800.568603515625,77.88525390625,96.13189697265625,0.6581017374992371,-1,-1,-1
198,44,3802.3203125,568.8084106445312,15.708251953125,39.41552734375,0.3950532376766205,-1,-1,-1
199,1,5558.89013671875,800.4771728515625,78.2333984375,96.260009765625,0.6696041822433472,-1,-1,-1
199,44,3803.184326171875,568.8914184570312,15.587890625,40.0191650390625,0.37586864829063416,-1,-1,-1
200,1,5558.2314453125,800.3892822265625,78.94384765625,96.72515869140625,0.6585525274276733,-1,-1,-1
200,44,3803.7333984375,569.0676879882812,15.449462890625,40.92681884765625,0.44110700488090515,-1,-1,-1
201,1,5558.25927734375,800.5474243164062,78.94775390625,97.16790771484375,0.6555198431015015,-1,-1,-1
201,44,3804.029541015625,568.8629760742188,15.691650390625,42.6102294921875,0.4548262655735016,-1,-1,-1
202,1,5558.546875,800.7105712890625,78.86865234375,98.05828857421875,0.6590916514396667,-1,-1,-1
202,44,3804.407470703125,568.4485473632812,17.35107421875,44.11822509765625,0.3625088036060333,-1,-1,-1
203,1,5559.095703125,801.0791015625,78.5283203125,98.90087890625,0.6649476885795593,-1,-1,-1
203,44,3804.54248046875,568.6967163085938,18.55029296875,44.6400146484375,0.36284032464027405,-1,-1,-1
204,1,5559.39892578125,801.8662109375,78.81640625,98.9456787109375,0.6353827714920044,-1,-1,-1
204,44,3804.505615234375,568.3538818359375,20.670654296875,45.686767578125,0.3122538924217224,-1,-1,-1
205,1,5559.61279296875,801.000732421875,78.52392578125,99.8829345703125,0.6182714700698853,-1,-1,-1
206,1,5559.93310546875,800.73388671875,78.59716796875,100.316650390625,0.6234319806098938,-1,-1,-1
207,1,5559.68603515625,800.83251953125,79.24951171875,100.59368896484375,0.6275662183761597,-1,-1,-1
208,1,5559.904296875,802.7656860351562,80.35009765625,99.542724609375,0.6130663752555847,-1,-1,-1
209,1,5559.6259765625,803.6806640625,81.4814453125,99.28082275390625,0.6302202939987183,-1,-1,-1
210,1,5559.8701171875,803.0751953125,81.46728515625,100.08343505859375,0.6366630792617798,-1,-1,-1
211,1,5560.47021484375,803.4108276367188,82.05078125,99.77410888671875,0.6376312375068665,-1,-1,-1
211,44,3813.236083984375,571.810302734375,20.5751953125,40.8931884765625,0.3200796842575073,-1,-1,-1
212,1,5560.92041015625,802.0445556640625,81.953125,101.23236083984375,0.636641263961792,-1,-1,-1
212,44,3813.76318359375,570.8887939453125,20.74462890625,41.64642333984375,0.34527063369750977,-1,-1,-1
213,1,5561.7626953125,801.3601684570312,81.7587890625,101.85906982421875,0.64177006483078,-1,-1,-1
213,44,3814.6591796875,570.71533203125,20.479736328125,42.32861328125,0.43813079595565796,-1,-1,-1
214,1,5563.36083984375,800.8396606445312,81.078125,101.9462890625,0.6360823512077332,-1,-1,-1
214,44,3815.474853515625,570.9378051757812,20.0576171875,41.51617431640625,0.45832785964012146,-1,-1,-1
215,1,5564.56787109375,800.7401733398438,80.9541015625,101.894287109375,0.6226553916931152,-1,-1,-1
215,44,3816.7919921875,571.1363525390625,19.13232421875,40.986572265625,0.4880465269088745,-1,-1,-1
216,1,5569.681640625,801.0770263671875,77.06884765625,101.77978515625,0.6255358457565308,-1,-1,-1
216,44,3818.13720703125,570.515380859375,18.728759765625,41.64593505859375,0.49315395951271057,-1,-1,-1
217,1,5569.853515625,801.7185668945312,77.9306640625,101.50823974609375,0.6314893364906311,-1,-1,-1
217,44,3819.745849609375,570.6902465820312,17.90625,41.16705322265625,0.4722943603992462,-1,-1,-1
218,1,5573.02587890625,801.6084594726562,76.626953125,101.85394287109375,0.5884132981300354,-1,-1,-1
218,44,3820.841552734375,570.7861328125,18.84130859375,39.9217529296875,0.5000094175338745,-1,-1,-1
219,1,5574.43408203125,801.6016235351562,76.8935546875,102.12799072265625,0.5719272494316101,-1,-1,-1
219,44,3822.374755859375,570.5291748046875,18.13330078125,37.89300537109375,0.4728250205516815,-1,-1,-1
220,1,5575.97509765625,801.4153442382812,77.30322265625,102.67889404296875,0.55283522605896,-1,-1,-1
220,44,3823.95849609375,570.209228515625,16.940673828125,37.72113037109375,0.5323182940483093,-1,-1,-1
220,77,4282.49853515625,540.5948486328125,25.41845703125,41.55169677734375,0.31860947608947754,-1,-1,-1
221,1,5584.46142578125,802.3468627929688,70.3876953125,101.99261474609375,0.5410602688789368,-1,-1,-1
221,44,3824.7021484375,570.6565551757812,17.295166015625,35.48199462890625,0.4639109671115875,-1,-1,-1
221,77,4283.169921875,540.4290161132812,24.78271484375,41.9866943359375,0.36314740777015686,-1,-1,-1
222,1,5590.658203125,802.715576171875,65.357421875,102.0782470703125,0.5712311863899231,-1,-1,-1
222,44,3825.06494140625,570.3051147460938,17.947265625,35.9559326171875,0.46829456090927124,-1,-1,-1
222,77,4284.123046875,540.528076171875,23.7509765625,42.20025634765625,0.37157267332077026,-1,-1,-1
223,1,5592.01123046875,802.836181640625,64.55419921875,102.08697509765625,0.5402013659477234,-1,-1,-1
223,44,3826.439453125,569.885009765625,17.39990234375,39.1844482421875,0.5494116544723511,-1,-1,-1
223,77,4284.40673828125,540.8294677734375,23.27001953125,41.7493896484375,0.36320483684539795,-1,-1,-1
224,1,5593.94775390625,803.1096801757812,63.31103515625,101.69940185546875,0.5165568590164185,-1,-1,-1
224,44,3828.9326171875,569.828369140625,15.639404296875,38.04193115234375,0.5084713697433472,-1,-1,-1
224,77,4285.490234375,541.26025390625,22.47412109375,41.5166015625,0.3593255281448364,-1,-1,-1
225,1,5595.21240234375,803.2893676757812,62.99365234375,101.6632080078125,0.532095730304718,-1,-1,-1
225,44,3830.13232421875,569.8759155273438,15.148193359375,39.398681640625,0.5618390440940857,-1,-1,-1
225,77,4286.89453125,541.169189453125,21.66162109375,41.84912109375,0.4214732348918915,-1,-1,-1
226,1,5599.0234375,802.7534790039062,60.17626953125,102.40234375,0.49769940972328186,-1,-1,-1
226,44,3830.851806640625,569.3350219726562,15.06640625,39.8916015625,0.5227065086364746,-1,-1,-1
226,77,4287.583984375,540.7838745117188,21.68212890625,42.47576904296875,0.4148154854774475,-1,-1,-1
227,1,5600.28759765625,803.0087280273438,59.58251953125,101.99072265625,0.5434678196907043,-1,-1,-1
227,44,3831.184326171875,569.079345703125,15.499267578125,39.4796142578125,0.510517954826355,-1,-1,-1
227,77,4287.79296875,540.2275390625,22.162109375,43.44793701171875,0.3820202052593231,-1,-1,-1
228,1,5600.640625,802.4498291015625,60.607421875,102.5926513671875,0.5439375638961792,-1,-1,-1
228,44,3831.28955078125,569.0413208007812,16.515869140625,40.76171875,0.5041475296020508,-1,-1,-1
228,77,4288.095703125,539.549560546875,22.8154296875,43.55975341796875,0.3973391354084015,-1,-1,-1
228,86,4199.05859375,523.2054443359375,26.26904296875,34.23638916015625,0.35837146639823914,-1,-1,-1
229,1,5599.2802734375,803.0541381835938,62.9384765625,101.8106689453125,0.5692324638366699,-1,-1,-1
229,44,3831.420654296875,568.7522583007812,18.078369140625,42.18438720703125,0.4533824026584625,-1,-1,-1
229,77,4288.4912109375,538.4525756835938,23.59423828125,45.08294677734375,0.40117964148521423,-1,-1,-1
229,86,4198.89208984375,522.9536743164062,26.21533203125,34.51812744140625,0.333950012922287,-1,-1,-1
230,1,5600.60693359375,802.4892578125,62.521484375,101.736328125,0.5517458915710449,-1,-1,-1
230,44,3831.524169921875,568.251953125,19.38232421875,43.60919189453125,0.33202415704727173,-1,-1,-1
230,77,4288.99560546875,538.4943237304688,23.94482421875,45.09912109375,0.35676437616348267,-1,-1,-1
230,86,4198.30517578125,523.0531005859375,26.5390625,35.37005615234375,0.31280913949012756,-1,-1,-1
231,1,5598.93701171875,802.6088256835938,64.89892578125,101.77667236328125,0.5961205959320068,-1,-1,-1
231,44,3831.52734375,568.0187377929688,20.68701171875,43.8385009765625,0.2807828187942505,-1,-1,-1
231,77,4290.2197265625,538.4906616210938,23.611328125,45.77685546875,0.37318935990333557,-1,-1,-1
231,86,4197.27685546875,523.2470092773438,26.0634765625,34.73846435546875,0.31829020380973816,-1,-1,-1
232,1,5599.96142578125,802.5560913085938,64.95361328125,102.5283203125,0.6184879541397095,-1,-1,-1
232,77,4290.73681640625,538.2760009765625,23.63720703125,46.60650634765625,0.3468685448169708,-1,-1,-1
232,86,4196.39599609375,522.972412109375,26.3583984375,33.924072265625,0.3309354782104492,-1,-1,-1
233,1,5600.2333984375,802.709716796875,65.37890625,102.62469482421875,0.6070796251296997,-1,-1,-1
233,77,4291.0576171875,537.80419921875,23.7158203125,47.31298828125,0.3509301543235779,-1,-1,-1
233,86,4196.22314453125,523.4655151367188,27.0224609375,33.8658447265625,0.28240150213241577,-1,-1,-1
234,1,5602.427734375,802.2874145507812,63.71142578125,103.00762939453125,0.6140769720077515,-1,-1,-1
234,77,4291.22998046875,537.5071411132812,24.02587890625,47.8939208984375,0.32295677065849304,-1,-1,-1
234,86,4196.24951171875,523.3670654296875,26.650390625,34.943603515625,0.2813490927219391,-1,-1,-1
235,1,5601.212890625,802.4276733398438,65.65087890625,102.97674560546875,0.6347610950469971,-1,-1,-1
235,77,4291.43212890625,537.706298828125,23.96630859375,47.93109130859375,0.2942969799041748,-1,-1,-1
235,86,4196.2822265625,523.5575561523438,26.65869140625,36.2923583984375,0.2558876872062683,-1,-1,-1
236,1,5599.701171875,802.78662109375,67.876953125,102.75518798828125,0.6395842432975769,-1,-1,-1
236,77,4291.4375,538.2468872070312,24.0634765625,47.0230712890625,0.26439350843429565,-1,-1,-1
237,1,5598.50439453125,803.5379638671875,69.90576171875,101.9024658203125,0.6317552328109741,-1,-1,-1
237,77,4291.43994140625,538.5116577148438,24.10888671875,46.60498046875,0.26616787910461426,-1,-1,-1
237,44,3838.13671875,570.6369018554688,22.0390625,40.5521240234375,0.30802029371261597,-1,-1,-1
238,1,5600.2216796875,803.5680541992188,69.0390625,101.7442626953125,0.6296014785766602,-1,-1,-1
238,77,4291.4384765625,539.1258544921875,24.21044921875,45.88897705078125,0.28253668546676636,-1,-1,-1
238,44,3839.989990234375,570.7340087890625,20.67822265625,41.07806396484375,0.33246785402297974,-1,-1,-1
239,1,5599.1123046875,803.9952392578125,71.0634765625,101.1041259765625,0.627399742603302,-1,-1,-1
239,77,4291.43115234375,539.9409790039062,24.25537109375,44.9503173828125,0.2653794586658478,-1,-1,-1
239,44,3842.118408203125,571.7200927734375,18.7138671875,38.92889404296875,0.3462316691875458,-1,-1,-1
240,1,5600.958984375,804.9339599609375,70.92724609375,100.07525634765625,0.6374899744987488,-1,-1,-1
240,77,4291.419921875,540.7163696289062,24.11083984375,44.1004638671875,0.2538815140724182,-1,-1,-1
240,44,3843.67822265625,571.5042724609375,17.310302734375,36.98175048828125,0.4265129864215851,-1,-1,-1
241,1,5592.8955078125,804.931396484375,79.68603515625,99.880859375,0.6177107095718384,-1,-1,-1
241,77,4291.38037109375,541.4046020507812,23.9873046875,42.9754638671875,0.2644423842430115,-1,-1,-1
241,44,3844.8642578125,570.8194580078125,16.584716796875,37.99114990234375,0.49548888206481934,-1,-1,-1
242,1,5594.00244140625,804.9609375,79.19580078125,99.3057861328125,0.5996635556221008,-1,-1,-1
242,77,4291.41650390625,542.115966796875,24.1357421875,42.0421142578125,0.25441840291023254,-1,-1,-1
242,44,3845.248779296875,571.0206909179688,17.246337890625,40.34661865234375,0.5866613388061523,-1,-1,-1
243,1,5605.26904296875,804.6132202148438,67.9921875,98.60174560546875,0.5676671266555786,-1,-1,-1
243,44,3845.880859375,570.7032470703125,17.848876953125,41.6337890625,0.5894122123718262,-1,-1,-1
244,1,5606.3212890625,804.7636108398438,67.5615234375,98.30078125,0.5938296914100647,-1,-1,-1
244,44,3846.68017578125,570.501953125,18.646728515625,42.6475830078125,0.6178277134895325,-1,-1,-1
245,1,5606.71484375,804.78564453125,67.84716796875,98.27142333984375,0.603294312953949,-1,-1,-1
245,44,3847.640380859375,570.6371459960938,18.599365234375,42.3709716796875,0.5819081664085388,-1,-1,-1
246,1,5604.1123046875,804.7005004882812,71.15771484375,98.30914306640625,0.5908684730529785,-1,-1,-1
246,44,3848.0791015625,570.4545288085938,19.845947265625,42.91217041015625,0.5700159072875977,-1,-1,-1
247,1,5594.5791015625,805.0272827148438,81.712890625,97.11151123046875,0.5995139479637146,-1,-1,-1
247,44,3848.896484375,570.5806274414062,19.70751953125,43.1427001953125,0.5929627418518066,-1,-1,-1
248,1,5592.4970703125,804.9586791992188,84.93994140625,96.7838134765625,0.5955226421356201,-1,-1,-1
248,44,3849.84423828125,571.104736328125,20.01806640625,41.91888427734375,0.5969287157058716,-1,-1,-1
249,1,5586.2109375,805.0046997070312,91.92724609375,96.50701904296875,0.5980103015899658,-1,-1,-1
249,44,3850.482177734375,570.6593627929688,20.41552734375,42.55853271484375,0.6166160702705383,-1,-1,-1
250,1,5585.990234375,805.2686157226562,92.64013671875,95.9404296875,0.6239300966262817,-1,-1,-1
250,44,3850.455810546875,569.9961547851562,21.176513671875,43.557373046875,0.6261451244354248,-1,-1,-1
251,1,5592.744140625,805.8653564453125,87.5009765625,95.11383056640625,0.6099321842193604,-1,-1,-1
251,44,3852.3896484375,570.2481079101562,19.2060546875,43.87548828125,0.5965333580970764,-1,-1,-1
252,1,5593.04248046875,806.0091552734375,88.1513671875,94.4466552734375,0.6096643209457397,-1,-1,-1
252,44,3855.535888671875,570.0614013671875,16.461181640625,42.98394775390625,0.559194028377533,-1,-1,-1
253,1,5590.26416015625,806.2036743164062,91.5263671875,93.90069580078125,0.6075717210769653,-1,-1,-1
253,44,3856.6474609375,569.5950927734375,15.62744140625,43.51544189453125,0.5287662148475647,-1,-1,-1
254,1,5584.50390625,806.2616577148438,97.767578125,93.73919677734375,0.6012287139892578,-1,-1,-1
254,44,3857.6552734375,569.3187255859375,14.915771484375,43.34490966796875,0.47619378566741943,-1,-1,-1
255,1,5575.83056640625,806.36279296875,106.546875,93.3204345703125,0.60749751329422,-1,-1,-1
255,44,3858.151123046875,569.09375,15.3720703125,44.11297607421875,0.4835260212421417,-1,-1,-1
256,1,5590.56201171875,806.3984985351562,91.73388671875,93.521484375,0.5278542041778564,-1,-1,-1
256,44,3858.381591796875,568.6006469726562,17.628662109375,45.27886962890625,0.5070244669914246,-1,-1,-1
257,1,5591.90576171875,806.2258911132812,90.150390625,93.40576171875,0.5296584963798523,-1,-1,-1
257,44,3858.640380859375,569.6672973632812,19.380859375,43.093505859375,0.3251935541629791,-1,-1,-1
258,1,5596.84765625,805.8760986328125,85.1357421875,93.83538818359375,0.5086454749107361,-1,-1,-1
258,44,3859.297119140625,569.8709716796875,19.590576171875,41.90667724609375,0.3270445168018341,-1,-1,-1
259,1,5596.1337890625,805.81884765625,85.82568359375,93.51971435546875,0.5726256966590881,-1,-1,-1
259,44,3860.7939453125,569.5086059570312,19.58837890625,41.9368896484375,0.3573646545410156,-1,-1,-1
260,1,5596.03271484375,805.6492919921875,85.56640625,93.8848876953125,0.5483580827713013,-1,-1,-1
260,44,3861.75341796875,569.1682739257812,20.096923828125,42.9842529296875,0.4594419002532959,-1,-1,-1
261,1,5601.68994140625,805.4688720703125,79.525390625,94.82659912109375,0.4876796007156372,-1,-1,-1
261,44,3862.856689453125,569.2465209960938,19.7197265625,42.8082275390625,0.41212645173072815,-1,-1,-1
262,1,5605.15771484375,804.488037109375,74.923828125,96.201904296875,0.551675021648407,-1,-1,-1
262,44,3864.398193359375,570.1780395507812,19.03564453125,42.16064453125,0.30059608817100525,-1,-1,-1
263,1,5606.3125,803.9590454101562,73.3955078125,96.59332275390625,0.5634686350822449,-1,-1,-1
263,44,3864.69580078125,570.9349975585938,22.188720703125,42.961669921875,0.402601957321167,-1,-1,-1
264,1,5606.07275390625,803.1224365234375,72.95166015625,96.90966796875,0.5369191765785217,-1,-1,-1
264,44,3866.909912109375,571.4566650390625,21.286865234375,42.3328857421875,0.43310025334358215,-1,-1,-1
265,1,5605.5732421875,803.2322387695312,73.5830078125,96.61456298828125,0.5326861143112183,-1,-1,-1
265,44,3868.052734375,571.8068237304688,20.4912109375,42.23883056640625,0.4385841488838196,-1,-1,-1
266,1,5603.97607421875,803.0479125976562,75.18408203125,96.50738525390625,0.508001983165741,-1,-1,-1
266,44,3869.5771484375,571.358642578125,18.976806640625,42.95904541015625,0.35595959424972534,-1,-1,-1
267,1,5601.974609375,802.7921142578125,77.13427734375,96.5706787109375,0.5200557112693787,-1,-1,-1
267,44,3871.74365234375,570.8518676757812,17.114501953125,42.8985595703125,0.48285821080207825,-1,-1,-1
268,1,5593.62548828125,802.2518310546875,85.7314453125,96.8258056640625,0.5324380397796631,-1,-1,-1
268,44,3872.3828125,570.3096313476562,17.0107421875,42.909912109375,0.532279372215271,-1,-1,-1
268,77,4296.4169921875,542.5966796875,25.22705078125,44.25927734375,0.2607339024543762,-1,-1,-1
269,1,5587.9990234375,801.7118530273438,91.82568359375,96.4962158203125,0.5815571546554565,-1,-1,-1
269,44,3872.69921875,570.347412109375,16.794677734375,41.7457275390625,0.5271298289299011,-1,-1,-1
269,77,4297.16357421875,542.24755859375,24.6572265625,44.54205322265625,0.2864381670951843,-1,-1,-1
270,1,5572.42138671875,801.740234375,107.6630859375,95.66729736328125,0.5013221502304077,-1,-1,-1
270,44,3872.5625,570.9483642578125,17.29248046875,42.13116455078125,0.5594561100006104,-1,-1,-1
270,77,4298.13720703125,541.862548828125,23.8701171875,44.89190673828125,0.33597415685653687,-1,-1,-1
271,1,5565.306640625,801.5343017578125,115.19873046875,94.8209228515625,0.4340599477291107,-1,-1,-1
271,44,3872.9404296875,571.2359008789062,18.17236328125,43.36981201171875,0.5787256360054016,-1,-1,-1
271,77,4298.6630859375,541.2692260742188,23.49365234375,45.5142822265625,0.3560631275177002,-1,-1,-1
272,1,5571.41552734375,801.2753295898438,109.3837890625,94.59796142578125,0.3507475256919861,-1,-1,-1
272,44,3874.3779296875,570.7201538085938,17.661865234375,44.4169921875,0.5867980718612671,-1,-1,-1
272,77,4299.2392578125,541.7003784179688,22.97705078125,44.52093505859375,0.32895180583000183,-1,-1,-1
273,1,5585.0419921875,800.8137817382812,95.96533203125,94.4775390625,0.2811887860298157,-1,-1,-1
273,44,3875.52197265625,570.502685546875,18.43994140625,45.57354736328125,0.5832019448280334,-1,-1,-1
273,77,4299.7080078125,542.022216796875,22.66748046875,44.1490478515625,0.3376258909702301,-1,-1,-1
274,1,5569.7646484375,800.5382690429688,111.478515625,94.73333740234375,0.259427011013031,-1,-1,-1
274,44,3875.8544921875,570.7944946289062,19.727294921875,45.52569580078125,0.596583366394043,-1,-1,-1
274,77,4300.13037109375,541.9208984375,22.5703125,44.2689208984375,0.36309778690338135,-1,-1,-1
275,44,3876.294921875,570.7960205078125,20.406494140625,45.93505859375,0.6128427982330322,-1,-1,-1
275,77,4300.85400390625,541.5890502929688,22.318359375,45.46527099609375,0.4085316061973572,-1,-1,-1
276,44,3877.026611328125,571.2479248046875,19.992431640625,45.61102294921875,0.609627902507782,-1,-1,-1
276,77,4300.76171875,541.2090454101562,22.89208984375,45.91583251953125,0.359921932220459,-1,-1,-1
277,44,3877.2041015625,572.408935546875,20.583984375,44.2518310546875,0.5995206236839294,-1,-1,-1
277,77,4301.46337890625,541.1338500976562,22.53515625,46.00677490234375,0.4231133460998535,-1,-1,-1
277,1,5570.9736328125,799.281005859375,110.08251953125,95.99609375,0.2669931650161743,-1,-1,-1
278,44,3877.15576171875,571.9943237304688,20.97509765625,44.35784912109375,0.6103249788284302,-1,-1,-1
278,77,4301.97802734375,541.473388671875,22.2109375,45.77703857421875,0.4349801540374756,-1,-1,-1
279,44,3877.83740234375,571.8442993164062,20.62744140625,44.7440185546875,0.6470876932144165,-1,-1,-1
279,77,4302.7353515625,542.1514282226562,21.8232421875,44.90216064453125,0.41549351811408997,-1,-1,-1
279,1,5563.7666015625,799.239501953125,117.32275390625,96.845458984375,0.4779531955718994,-1,-1,-1
280,44,3879.16845703125,571.816162109375,19.194580078125,44.0771484375,0.6595432758331299,-1,-1,-1
280,77,4303.2177734375,542.8967895507812,21.74609375,45.42333984375,0.41168519854545593,-1,-1,-1
280,1,5562.1650390625,799.2298583984375,119.26904296875,96.82830810546875,0.49638038873672485,-1,-1,-1
281,44,3880.858154296875,571.0130004882812,17.577880859375,45.25079345703125,0.5844982862472534,-1,-1,-1
281,77,4304.1259765625,543.4986572265625,21.654296875,45.7625732421875,0.43160396814346313,-1,-1,-1
281,1,5563.0107421875,799.332275390625,118.91015625,96.63629150390625,0.4920324385166168,-1,-1,-1
282,44,3882.884033203125,569.9623413085938,16.353271484375,45.3089599609375,0.5628223419189453,-1,-1,-1
282,77,4305.08740234375,543.5048217773438,21.923828125,46.0999755859375,0.45502594113349915,-1,-1,-1
282,1,5562.9921875,799.4197387695312,119.40966796875,96.2767333984375,0.46882978081703186,-1,-1,-1
283,44,3884.43603515625,569.580322265625,15.563720703125,45.15283203125,0.5349656939506531,-1,-1,-1
283,77,4305.69091796875,543.3773193359375,22.00244140625,45.681884765625,0.4464140832424164,-1,-1,-1
283,1,5564.5703125,799.6985473632812,118.00244140625,95.5408935546875,0.4411921203136444,-1,-1,-1
284,44,3884.974365234375,570.0707397460938,16.682861328125,44.36822509765625,0.5854239463806152,-1,-1,-1
284,77,4306.6025390625,543.4767456054688,22.64013671875,45.5509033203125,0.45700308680534363,-1,-1,-1
284,1,5568.61572265625,799.6914672851562,114.24365234375,95.41156005859375,0.44410741329193115,-1,-1,-1
285,44,3885.333251953125,569.5548706054688,18.591552734375,45.3306884765625,0.5025903582572937,-1,-1,-1
285,77,4307.6435546875,543.7310180664062,22.72265625,45.54400634765625,0.4723617434501648,-1,-1,-1
285,1,5571.62451171875,799.6680908203125,112.07275390625,95.42327880859375,0.45221757888793945,-1,-1,-1
286,44,3885.569580078125,568.7045288085938,20.040283203125,47.01190185546875,0.480624794960022,-1,-1,-1
286,77,4308.2197265625,543.8084716796875,23.3173828125,46.14862060546875,0.4798891246318817,-1,-1,-1
286,1,5573.4443359375,797.24755859375,111.8251953125,97.76507568359375,0.5145724415779114,-1,-1,-1
287,44,3885.64599609375,568.4529418945312,20.744140625,47.45654296875,0.4520419239997864,-1,-1,-1
287,77,4308.95849609375,543.5264282226562,23.32421875,47.3636474609375,0.48128825426101685,-1,-1,-1
287,1,5576.57666015625,797.1246337890625,109.9404296875,97.74017333984375,0.48349884152412415,-1,-1,-1
288,44,3885.80859375,567.9938354492188,21.939697265625,47.977783203125,0.277680367231369,-1,-1,-1
288,77,4309.9267578125,543.9857788085938,22.8447265625,46.9979248046875,0.5220908522605896,-1,-1,-1
288,1,5579.642578125,796.308349609375,108.3203125,98.49932861328125,0.4827996492385864,-1,-1,-1
289,77,4311.04736328125,544.4373779296875,21.94140625,46.54962158203125,0.5298890471458435,-1,-1,-1
289,1,5582.23291015625,796.3899536132812,106.62548828125,98.92315673828125,0.5240833163261414,-1,-1,-1
290,77,4311.49609375,544.4429931640625,21.755859375,46.84417724609375,0.5028550028800964,-1,-1,-1
290,1,5587.5859375,798.0567016601562,102.84814453125,96.9571533203125,0.5002622604370117,-1,-1,-1
291,77,4312.6259765625,545.3119506835938,20.81298828125,45.01446533203125,0.4655799865722656,-1,-1,-1
291,1,5591.59912109375,798.2178955078125,101.22900390625,97.719482421875,0.4530599117279053,-1,-1,-1
292,77,4313.76416015625,545.5335083007812,19.74609375,44.9117431640625,0.4435289800167084,-1,-1,-1
292,1,5594.34912109375,798.6708984375,100.55224609375,97.9459228515625,0.46379929780960083,-1,-1,-1
292,44,3890.378173828125,571.8447265625,24.289306640625,44.72601318359375,0.29727306962013245,-1,-1,-1
293,77,4314.30615234375,545.2301025390625,19.484375,45.565185546875,0.46566224098205566,-1,-1,-1
293,1,5595.21728515625,800.6810302734375,100.78466796875,96.51959228515625,0.3809249997138977,-1,-1,-1
293,44,3891.29248046875,571.5935668945312,24.08056640625,45.4830322265625,0.29755935072898865,-1,-1,-1
294,77,4314.83642578125,544.7213134765625,19.8623046875,46.22406005859375,0.49879804253578186,-1,-1,-1
294,1,5590.87451171875,801.1331787109375,106.00244140625,96.49127197265625,0.31848928332328796,-1,-1,-1
294,44,3892.31689453125,571.6616821289062,23.388916015625,46.1563720703125,0.3391684293746948,-1,-1,-1
295,77,4315.951171875,544.310791015625,20.01416015625,47.9693603515625,0.52814120054245,-1,-1,-1
295,44,3893.073974609375,571.364990234375,22.760498046875,46.61322021484375,0.35767489671707153,-1,-1,-1
296,77,4316.33935546875,543.9732666015625,21.388671875,48.9342041015625,0.5297713875770569,-1,-1,-1
296,44,3893.585693359375,570.798095703125,22.526611328125,46.9844970703125,0.41568121314048767,-1,-1,-1
296,1,5588.02734375,800.7571411132812,110.3466796875,96.9046630859375,0.27647683024406433,-1,-1,-1
297,77,4316.8837890625,543.8018798828125,22.50830078125,49.25396728515625,0.48293694853782654,-1,-1,-1
297,44,3895.96728515625,570.5552368164062,20.269775390625,46.80987548828125,0.4354173541069031,-1,-1,-1
297,1,5587.2880859375,800.7459106445312,112.54345703125,95.6064453125,0.3758922517299652,-1,-1,-1
298,77,4317.35498046875,543.7564697265625,24.03515625,49.98248291015625,0.4235132336616516,-1,-1,-1
298,44,3898.311767578125,570.6138916015625,18.3056640625,46.13665771484375,0.4724450707435608,-1,-1,-1
298,1,5585.34521484375,799.775634765625,116.23974609375,96.7171630859375,0.42309731245040894,-1,-1,-1
299,77,4317.93994140625,543.75244140625,24.1904296875,49.6051025390625,0.35320812463760376,-1,-1,-1
299,44,3899.235595703125,570.5203857421875,17.55029296875,46.07025146484375,0.529263973236084,-1,-1,-1
299,1,5585.70849609375,799.0392456054688,117.181640625,97.9476318359375,0.48312926292419434,-1,-1,-1
300,77,4318.29833984375,544.3432006835938,24.5185546875,49.1033935546875,0.2960701584815979,-1,-1,-1
300,44,3899.619873046875,570.9384155273438,17.447998046875,45.32098388671875,0.557370662689209,-1,-1,-1
300,1,5588.3212890625,798.6231689453125,115.93310546875,98.8304443359375,0.5427584052085876,-1,-1,-1
301,77,4318.5732421875,544.9613647460938,25.21923828125,50.29052734375,0.27862390875816345,-1,-1,-1
301,44,3900.588134765625,570.826171875,17.362548828125,45.80157470703125,0.599919319152832,-1,-1,-1
301,1,5590.46435546875,798.3729248046875,115.00439453125,99.89422607421875,0.6269542574882507,-1,-1,-1
302,77,4318.50634765625,545.6722412109375,26.8427734375,49.3316650390625,0.27736714482307434,-1,-1,-1
302,44,3901.536376953125,570.2830810546875,17.633056640625,46.72088623046875,0.6273449063301086,-1,-1,-1
302,1,5592.50439453125,798.3291625976562,114.08154296875,101.06768798828125,0.621667742729187,-1,-1,-1
303,44,3902.54345703125,569.789306640625,17.719970703125,46.33477783203125,0.6026919484138489,-1,-1,-1
303,1,5594.56201171875,798.1619262695312,112.81005859375,101.4534912109375,0.6398926377296448,-1,-1,-1
304,44,3902.51416015625,569.6574096679688,18.67724609375,46.83612060546875,0.5969734191894531,-1,-1,-1
304,1,5595.37744140625,797.7603759765625,113.07421875,101.52880859375,0.5884997248649597,-1,-1,-1
305,44,3902.991455078125,570.2484130859375,18.4169921875,46.1448974609375,0.5977444648742676,-1,-1,-1
306,44,3903.55810546875,570.6256713867188,19.7099609375,46.25262451171875,0.636710524559021,-1,-1,-1
306,77,4325.73974609375,547.3017578125,26.95751953125,43.8807373046875,0.40217068791389465,-1,-1,-1
307,44,3904.108154296875,570.9078979492188,20.541015625,46.30877685546875,0.6102443337440491,-1,-1,-1
307,77,4326.59375,547.7567749023438,29.0634765625,40.0167236328125,0.3071155548095703,-1,-1,-1
308,44,3904.33203125,571.0767211914062,21.161376953125,46.00494384765625,0.6149817109107971,-1,-1,-1
308,77,4329.05322265625,546.6453857421875,27.5791015625,41.3157958984375,0.4243362843990326,-1,-1,-1
309,44,3904.517822265625,571.916748046875,21.333740234375,44.63037109375,0.5944464206695557,-1,-1,-1
309,77,4331.65478515625,546.3094482421875,26.69482421875,41.1331787109375,0.35718291997909546,-1,-1,-1
310,44,3904.774169921875,571.6586303710938,21.237060546875,44.93609619140625,0.6367990970611572,-1,-1,-1
310,77,4334.5888671875,545.17822265625,25.7138671875,38.89959716796875,0.29610884189605713,-1,-1,-1
311,44,3905.5439453125,571.2726440429688,20.734130859375,44.84716796875,0.6346050500869751,-1,-1,-1
311,77,4337.24755859375,544.7031860351562,24.44921875,39.771240234375,0.3330620229244232,-1,-1,-1
312,44,3905.94189453125,571.2319946289062,20.701904296875,44.75341796875,0.6026629209518433,-1,-1,-1
312,77,4338.7041015625,543.5473022460938,25.60205078125,43.0823974609375,0.364024817943573,-1,-1,-1
313,44,3907.43603515625,570.1648559570312,19.676025390625,45.69696044921875,0.6249921917915344,-1,-1,-1
313,77,4339.3046875,543.0877075195312,25.7939453125,42.660400390625,0.35580408573150635,-1,-1,-1
314,44,3909.532958984375,569.4481201171875,18.0966796875,46.17633056640625,0.5395323634147644,-1,-1,-1
314,77,4339.8115234375,542.188232421875,27.55322265625,44.146728515625,0.25180697441101074,-1,-1,-1
315,44,3910.644287109375,569.4452514648438,17.021240234375,45.793212890625,0.5474315881729126,-1,-1,-1
316,44,3911.352294921875,569.6940307617188,17.484375,45.485107421875,0.6198571920394897,-1,-1,-1
317,44,3912.170654296875,569.4817504882812,18.083984375,45.04779052734375,0.4849222004413605,-1,-1,-1
318,44,3912.55126953125,568.683349609375,20.110107421875,46.4442138671875,0.2995363175868988,-1,-1,-1
319,44,3912.733642578125,568.2814331054688,21.25341796875,47.04278564453125,0.33995750546455383,-1,-1,-1
324,1,5657.1123046875,797.4786376953125,108.01171875,92.505126953125,0.47026902437210083,-1,-1,-1
325,1,5659.33154296875,797.0276489257812,107.744140625,92.96868896484375,0.5274639129638672,-1,-1,-1
325,44,3916.324462890625,569.9105834960938,21.365966796875,44.42974853515625,0.28177621960639954,-1,-1,-1
326,1,5661.1025390625,797.5003662109375,106.8642578125,93.256103515625,0.5003914833068848,-1,-1,-1
326,44,3917.165283203125,569.7877807617188,20.81201171875,45.900634765625,0.3036673665046692,-1,-1,-1
327,1,5663.20703125,800.3512573242188,106.01953125,91.24285888671875,0.3496173024177551,-1,-1,-1
327,44,3918.11572265625,570.2803344726562,21.152587890625,46.81695556640625,0.3392937183380127,-1,-1,-1
328,1,5665.5419921875,801.6387329101562,105.12451171875,89.92962646484375,0.3590801954269409,-1,-1,-1
328,44,3919.018310546875,571.5568237304688,21.19189453125,46.031494140625,0.3046119511127472,-1,-1,-1
329,1,5668.0556640625,800.3162841796875,102.9853515625,91.09625244140625,0.5508476495742798,-1,-1,-1
329,44,3919.50927734375,571.8531494140625,21.068603515625,45.04132080078125,0.3375835716724396,-1,-1,-1
330,1,5660.0,798.9418334960938,111.3759765625,93.126953125,0.48500654101371765,-1,-1,-1
330,44,3919.392822265625,572.424560546875,22.31201171875,43.58355712890625,0.347110778093338,-1,-1,-1
331,1,5649.7109375,798.0772094726562,122.40771484375,94.41796875,0.4110308587551117,-1,-1,-1
331,44,3920.50927734375,572.3163452148438,21.675537109375,43.05712890625,0.3678942322731018,-1,-1,-1
332,1,5664.97998046875,800.0029296875,106.73974609375,92.5218505859375,0.3259686827659607,-1,-1,-1
332,44,3922.306396484375,572.698974609375,20.018310546875,42.6640625,0.3829500377178192,-1,-1,-1
333,44,3924.48974609375,572.988037109375,17.896484375,42.1053466796875,0.4169195294380188,-1,-1,-1
334,44,3925.351806640625,572.9999389648438,17.042724609375,42.45623779296875,0.4649428129196167,-1,-1,-1
335,44,3925.746826171875,572.653076171875,16.64599609375,43.13006591796875,0.5074670314788818,-1,-1,-1
336,44,3925.9169921875,572.3470458984375,16.52197265625,43.832763671875,0.48746898770332336,-1,-1,-1
337,44,3926.2705078125,571.8025512695312,16.5546875,43.9627685546875,0.5090522170066833,-1,-1,-1
338,44,3926.61474609375,571.57666015625,16.541748046875,45.2366943359375,0.5758094191551208,-1,-1,-1
339,44,3926.620849609375,571.7807006835938,16.63916015625,45.339111328125,0.588259220123291,-1,-1,-1
340,44,3926.49755859375,571.8990478515625,16.870849609375,45.17938232421875,0.5924184918403625,-1,-1,-1
341,44,3926.482666015625,571.931396484375,17.10009765625,44.888427734375,0.5929263830184937,-1,-1,-1
342,44,3926.635498046875,571.8109741210938,17.196533203125,45.01043701171875,0.600955069065094,-1,-1,-1
343,44,3927.140869140625,571.2534790039062,16.90283203125,45.5179443359375,0.5627686381340027,-1,-1,-1
344,44,3927.740234375,570.4647827148438,16.82568359375,46.533203125,0.56695556640625,-1,-1,-1
345,44,3927.87109375,570.3439331054688,17.162841796875,46.96881103515625,0.5659714341163635,-1,-1,-1
346,44,3927.86572265625,570.1422729492188,17.765869140625,47.2227783203125,0.5870960354804993,-1,-1,-1
347,44,3927.920654296875,569.9083251953125,17.789794921875,47.23455810546875,0.6143500804901123,-1,-1,-1
348,44,3928.4951171875,569.9217529296875,17.912109375,46.90509033203125,0.6306461691856384,-1,-1,-1
348,1,5717.29052734375,798.82177734375,89.9521484375,90.85552978515625,0.4617820382118225,-1,-1,-1
349,44,3928.8466796875,569.8041381835938,17.82568359375,46.92791748046875,0.614303708076477,-1,-1,-1
349,1,5721.44189453125,799.3394775390625,88.88525390625,90.6351318359375,0.47157022356987,-1,-1,-1
350,44,3929.203857421875,569.758056640625,17.56201171875,46.91583251953125,0.5842057466506958,-1,-1,-1
350,1,5722.4970703125,800.201416015625,89.56201171875,91.0682373046875,0.4762715995311737,-1,-1,-1
351,44,3929.423095703125,569.7455444335938,17.753662109375,46.84686279296875,0.571533739566803,-1,-1,-1
351,1,5719.53759765625,801.2470703125,95.3623046875,90.97076416015625,0.37656158208847046,-1,-1,-1
352,44,3929.23486328125,569.8977661132812,18.29443359375,46.86248779296875,0.5837242603302002,-1,-1,-1
352,1,5720.56201171875,802.4415893554688,96.77099609375,91.2989501953125,0.3509388566017151,-1,-1,-1
353,44,3929.095947265625,570.1929931640625,18.84912109375,46.49456787109375,0.6073026061058044,-1,-1,-1
353,1,5703.75634765625,803.1876831054688,115.72216796875,91.3499755859375,0.3181975781917572,-1,-1,-1
354,44,3928.91357421875,570.4354858398438,19.392333984375,46.153564453125,0.6071535348892212,-1,-1,-1
354,1,5694.642578125,803.4189453125,127.21533203125,91.47235107421875,0.3675219714641571,-1,-1,-1
355,44,3928.82666015625,570.5636596679688,19.611083984375,45.92645263671875,0.6000601649284363,-1,-1,-1
355,1,5692.5478515625,802.9595336914062,131.60986328125,92.79034423828125,0.4133976995944977,-1,-1,-1
356,44,3928.715576171875,570.613525390625,19.863525390625,45.7720947265625,0.5911756157875061,-1,-1,-1
356,1,5694.04150390625,803.8038940429688,132.86865234375,92.194091796875,0.42245858907699585,-1,-1,-1
357,44,3928.644287109375,570.5667114257812,19.918701171875,45.64776611328125,0.592530369758606,-1,-1,-1
357,1,5695.8466796875,804.2430419921875,133.4921875,91.9713134765625,0.5312837958335876,-1,-1,-1
358,44,3928.6796875,570.5280151367188,19.828857421875,45.5010986328125,0.5922873616218567,-1,-1,-1
358,1,5697.42578125,804.3163452148438,134.37158203125,91.37957763671875,0.47569751739501953,-1,-1,-1
359,44,3928.60205078125,570.393798828125,19.622314453125,45.4451904296875,0.5886093974113464,-1,-1,-1
359,1,5699.232421875,804.1893310546875,134.07470703125,91.08905029296875,0.5782702565193176,-1,-1,-1
360,44,3928.2685546875,570.1619262695312,19.632080078125,45.9530029296875,0.5866077542304993,-1,-1,-1
360,1,5701.8310546875,803.4022827148438,133.4580078125,91.51654052734375,0.5840085744857788,-1,-1,-1
361,44,3927.792236328125,569.96142578125,19.62451171875,47.0948486328125,0.5861846804618835,-1,-1,-1
361,1,5704.29248046875,802.96728515625,132.76611328125,92.31121826171875,0.5588973164558411,-1,-1,-1
362,44,3927.44580078125,569.8035888671875,19.636962890625,47.84747314453125,0.6013663411140442,-1,-1,-1
362,1,5708.89208984375,803.0975952148438,129.42333984375,92.51959228515625,0.4447177052497864,-1,-1,-1
363,44,3927.392333984375,569.947509765625,18.900390625,47.67816162109375,0.5955642461776733,-1,-1,-1
363,1,5710.90966796875,803.900390625,129.3984375,91.78082275390625,0.4079681634902954,-1,-1,-1
364,44,3927.189208984375,570.4285888671875,18.52880859375,46.92431640625,0.5960964560508728,-1,-1,-1
364,1,5714.18310546875,804.7382202148438,128.3798828125,90.937255859375,0.34288978576660156,-1,-1,-1
365,44,3926.937255859375,570.755615234375,18.25048828125,46.0142822265625,0.5977432727813721,-1,-1,-1
365,1,5716.64208984375,804.3934936523438,128.2568359375,91.2926025390625,0.3894374370574951,-1,-1,-1
366,44,3926.56787109375,570.9113159179688,18.0927734375,45.71221923828125,0.6008831858634949,-1,-1,-1
366,1,5719.52099609375,803.6928100585938,127.7138671875,92.08392333984375,0.4677082896232605,-1,-1,-1
367,44,3925.90625,571.2355346679688,18.21923828125,45.381591796875,0.5753833055496216,-1,-1,-1
367,1,5721.03955078125,803.3822631835938,127.49560546875,92.29132080078125,0.42227408289909363,-1,-1,-1
368,44,3925.2685546875,571.4447021484375,18.5302734375,45.548583984375,0.585889995098114,-1,-1,-1
368,1,5726.5546875,803.4420776367188,122.95068359375,92.2808837890625,0.4394693076610565,-1,-1,-1
369,44,3924.597412109375,571.55859375,19.08056640625,45.6353759765625,0.571769118309021,-1,-1,-1
369,1,5728.2109375,802.5897827148438,122.78369140625,93.72076416015625,0.528237521648407,-1,-1,-1
370,44,3924.07080078125,571.5758056640625,19.47314453125,45.78302001953125,0.5518461465835571,-1,-1,-1
370,1,5728.9658203125,802.3748168945312,122.78466796875,94.10101318359375,0.5423951148986816,-1,-1,-1
371,44,3923.33203125,571.70458984375,19.804443359375,45.18475341796875,0.5005292892456055,-1,-1,-1
371,1,5731.095703125,802.4880981445312,121.0439453125,94.03436279296875,0.4754445254802704,-1,-1,-1
372,44,3922.525146484375,571.9947509765625,20.265380859375,44.241943359375,0.44500410556793213,-1,-1,-1
372,1,5741.38720703125,803.8597412109375,110.14697265625,92.0106201171875,0.4401593506336212,-1,-1,-1
373,44,3922.0859375,572.3040161132812,20.50927734375,43.33245849609375,0.3902736008167267,-1,-1,-1
373,1,5745.66796875,804.5111083984375,105.28759765625,91.08642578125,0.4499000608921051,-1,-1,-1
374,44,3921.959716796875,572.3748779296875,20.38134765625,43.22552490234375,0.3478673994541168,-1,-1,-1
374,1,5748.66552734375,804.8712768554688,101.95458984375,90.62237548828125,0.42457300424575806,-1,-1,-1
375,44,3921.760009765625,572.4095458984375,20.48291015625,43.6331787109375,0.37210166454315186,-1,-1,-1
375,1,5750.03125,805.0997314453125,100.14208984375,90.42108154296875,0.4307980537414551,-1,-1,-1
376,44,3921.546875,572.2029418945312,20.630126953125,44.15106201171875,0.3692866563796997,-1,-1,-1
376,1,5750.77490234375,805.1243896484375,98.74365234375,90.54443359375,0.40349236130714417,-1,-1,-1
377,44,3921.32275390625,572.0516357421875,20.8359375,44.25982666015625,0.36534354090690613,-1,-1,-1
377,1,5753.24072265625,804.94140625,94.93359375,90.87255859375,0.4863767623901367,-1,-1,-1
378,44,3921.137451171875,572.0007934570312,20.896728515625,41.362060546875,0.29894065856933594,-1,-1,-1
378,1,5754.8154296875,804.9044189453125,92.13134765625,90.8681640625,0.4396747350692749,-1,-1,-1
379,44,3921.109375,571.9115600585938,20.913330078125,41.15673828125,0.32212477922439575,-1,-1,-1
379,1,5755.02734375,804.758056640625,90.69287109375,91.0889892578125,0.39150944352149963,-1,-1,-1
380,44,3921.110595703125,571.6202392578125,20.937255859375,41.77252197265625,0.3366573750972748,-1,-1,-1
380,1,5753.9130859375,804.734375,91.3076171875,91.12646484375,0.39289402961730957,-1,-1,-1
381,44,3921.142822265625,571.1918334960938,20.960205078125,43.73291015625,0.3825705051422119,-1,-1,-1
381,1,5753.3447265625,804.312255859375,91.07763671875,91.3603515625,0.38101404905319214,-1,-1,-1
382,44,3920.89306640625,571.0368041992188,21.267333984375,43.30181884765625,0.36505869030952454,-1,-1,-1
382,1,5751.0400390625,803.800537109375,92.9873046875,91.79742431640625,0.4148193597793579,-1,-1,-1
383,44,3920.389892578125,571.2135009765625,21.733154296875,38.46490478515625,0.2900119125843048,-1,-1,-1
383,1,5749.849609375,802.306884765625,92.4091796875,93.9532470703125,0.4324338734149933,-1,-1,-1
384,44,3920.2021484375,571.2412109375,21.920654296875,38.63140869140625,0.30645865201950073,-1,-1,-1
384,1,5751.9267578125,801.8638916015625,89.43310546875,94.41162109375,0.37763524055480957,-1,-1,-1
385,44,3919.625732421875,571.5140380859375,22.521484375,39.498291015625,0.3311026096343994,-1,-1,-1
385,1,5754.94091796875,801.9240112304688,85.50439453125,94.670166015625,0.35470935702323914,-1,-1,-1
386,44,3919.2509765625,571.9200439453125,22.883544921875,37.4368896484375,0.28899824619293213,-1,-1,-1
386,1,5755.271484375,803.26318359375,82.95458984375,94.450927734375,0.2853941321372986,-1,-1,-1
387,44,3918.087646484375,571.919677734375,24.116455078125,38.29541015625,0.2683503329753876,-1,-1,-1
387,1,5753.9482421875,803.7495727539062,82.74462890625,94.48712158203125,0.36119401454925537,-1,-1,-1
388,1,5754.921875,804.094482421875,79.66650390625,94.20184326171875,0.31421273946762085,-1,-1,-1
389,1,5761.18994140625,804.39013671875,71.8388671875,94.8773193359375,0.2778525650501251,-1,-1,-1
390,1,5766.18310546875,804.3265991210938,65.45751953125,95.7152099609375,0.2623347342014313,-1,-1,-1
391,1,5766.92138671875,804.020751953125,63.04931640625,97.207275390625,0.32851502299308777,-1,-1,-1
392,1,5767.56787109375,803.7756958007812,61.52197265625,98.25433349609375,0.3950612545013428,-1,-1,-1
392,44,3914.09716796875,569.2334594726562,21.607177734375,42.77569580078125,0.3642248511314392,-1,-1,-1
393,1,5767.3642578125,803.3387451171875,61.0703125,99.42572021484375,0.50019371509552,-1,-1,-1
393,44,3913.491943359375,568.825439453125,20.802734375,43.74884033203125,0.3854448199272156,-1,-1,-1
394,1,5766.802734375,803.08984375,61.05517578125,100.0849609375,0.5361756682395935,-1,-1,-1
394,44,3913.11865234375,568.76318359375,21.102294921875,45.1778564453125,0.4290659427642822,-1,-1,-1
395,1,5766.2041015625,803.22509765625,61.27685546875,100.1636962890625,0.5328357219696045,-1,-1,-1
395,44,3912.58447265625,568.7367553710938,21.7451171875,45.86871337890625,0.3978740870952606,-1,-1,-1
396,1,5765.97998046875,803.2782592773438,60.869140625,100.1595458984375,0.495556503534317,-1,-1,-1
396,44,3912.51123046875,567.6837158203125,22.46142578125,48.25897216796875,0.389089435338974,-1,-1,-1
397,1,5766.04833984375,803.4320678710938,59.59130859375,100.0185546875,0.41416409611701965,-1,-1,-1
397,44,3912.48974609375,567.3101806640625,22.352783203125,48.853515625,0.37660154700279236,-1,-1,-1
398,1,5766.54345703125,803.1992797851562,57.375,100.06488037109375,0.44864413142204285,-1,-1,-1
398,44,3912.520263671875,567.2203369140625,21.685791015625,48.71905517578125,0.35541650652885437,-1,-1,-1
399,1,5766.27099609375,803.0841674804688,56.6416015625,100.05828857421875,0.30475276708602905,-1,-1,-1
399,44,3912.482177734375,567.3282470703125,21.12548828125,48.3253173828125,0.3951995074748993,-1,-1,-1
400,1,5764.36767578125,802.9083251953125,57.705078125,100.11126708984375,0.40294116735458374,-1,-1,-1
400,44,3912.512939453125,567.1301879882812,20.757080078125,48.3282470703125,0.36279013752937317,-1,-1,-1
401,1,5762.15869140625,803.1160888671875,59.19873046875,99.12945556640625,0.49814024567604065,-1,-1,-1
401,44,3912.506103515625,567.2042846679688,20.31494140625,47.8212890625,0.38729873299598694,-1,-1,-1
402,1,5759.0693359375,803.0870361328125,61.54150390625,98.85125732421875,0.6660171151161194,-1,-1,-1
402,44,3912.54052734375,567.2348022460938,20.023193359375,47.91619873046875,0.37852221727371216,-1,-1,-1
403,1,5754.52197265625,803.3377685546875,64.55908203125,98.38525390625,0.7412533164024353,-1,-1,-1
403,44,3912.56005859375,567.0681762695312,19.886474609375,48.25164794921875,0.37997642159461975,-1,-1,-1
404,1,5750.98681640625,803.1393432617188,67.2255859375,98.4068603515625,0.742158055305481,-1,-1,-1
404,44,3912.582275390625,566.8634033203125,19.820068359375,48.71197509765625,0.39190012216567993,-1,-1,-1
405,1,5748.1611328125,802.9671020507812,69.40234375,99.00433349609375,0.7499287128448486,-1,-1,-1
405,44,3912.622802734375,566.8355102539062,19.877685546875,48.842041015625,0.3972192406654358,-1,-1,-1
406,1,5745.0146484375,803.3950805664062,72.04736328125,99.09161376953125,0.7269443273544312,-1,-1,-1
406,44,3912.643310546875,566.8363647460938,19.850830078125,48.47821044921875,0.4029497504234314,-1,-1,-1
407,1,5740.20263671875,803.7479248046875,76.3427734375,98.9638671875,0.7346718311309814,-1,-1,-1
407,44,3912.65087890625,566.7353515625,19.93505859375,48.48626708984375,0.4132286608219147,-1,-1,-1
408,1,5736.78466796875,804.278564453125,78.830078125,98.43243408203125,0.7204931974411011,-1,-1,-1
408,44,3912.695556640625,566.8150024414062,20.175048828125,48.2679443359375,0.37468722462654114,-1,-1,-1
409,1,5732.45751953125,804.9383544921875,81.89453125,97.52496337890625,0.7222725749015808,-1,-1,-1
409,44,3912.711669921875,567.0355834960938,20.334228515625,48.06591796875,0.38199296593666077,-1,-1,-1
410,1,5728.44873046875,804.7720336914062,84.6484375,97.5323486328125,0.7478613257408142,-1,-1,-1
410,44,3912.72607421875,567.1767578125,20.287841796875,47.75543212890625,0.3553699851036072,-1,-1,-1
410,115,4208.54443359375,526.4143676757812,25.04296875,61.96038818359375,0.34714242815971375,-1,-1,-1
411,1,5725.95703125,804.5812377929688,85.9169921875,97.62701416015625,0.7568586468696594,-1,-1,-1
411,44,3912.728759765625,567.0476684570312,19.84423828125,45.197509765625,0.3491091728210449,-1,-1,-1
411,115,4207.515625,525.9707641601562,26.11572265625,63.17620849609375,0.36302125453948975,-1,-1,-1
412,1,5724.81787109375,804.7926025390625,85.69677734375,97.531982421875,0.7506256103515625,-1,-1,-1
412,44,3912.734375,567.072021484375,19.712158203125,44.11871337890625,0.3335527181625366,-1,-1,-1
412,115,4206.24365234375,526.4825439453125,27.5732421875,63.5455322265625,0.44365042448043823,-1,-1,-1
413,1,5724.42919921875,804.4642944335938,85.076171875,98.060791015625,0.7681467533111572,-1,-1,-1
413,44,3912.74072265625,567.0779418945312,19.93603515625,44.6522216796875,0.32925671339035034,-1,-1,-1
413,115,4204.01708984375,526.08642578125,29.99462890625,64.8543701171875,0.4932526648044586,-1,-1,-1
414,1,5724.177734375,803.8690795898438,84.2119140625,98.65875244140625,0.7749100923538208,-1,-1,-1
414,44,3912.72900390625,567.2081298828125,19.759033203125,44.73663330078125,0.31020888686180115,-1,-1,-1
414,115,4201.16552734375,524.66650390625,31.4873046875,68.32000732421875,0.537657618522644,-1,-1,-1
415,1,5722.72119140625,803.5542602539062,84.8193359375,99.0809326171875,0.7850402593612671,-1,-1,-1
415,44,3912.723876953125,567.2262573242188,19.49658203125,45.46148681640625,0.3375585079193115,-1,-1,-1
415,115,4200.87353515625,524.8232421875,29.76123046875,67.6676025390625,0.5218605995178223,-1,-1,-1
416,1,5721.33056640625,803.16650390625,85.20361328125,98.19012451171875,0.8002681136131287,-1,-1,-1
416,44,3912.729736328125,567.2930908203125,19.191162109375,45.7701416015625,0.38218772411346436,-1,-1,-1
416,115,4200.498046875,524.7867431640625,28.35009765625,67.95318603515625,0.5062394142150879,-1,-1,-1
417,1,5720.34033203125,802.8502807617188,85.18359375,97.29290771484375,0.8072100877761841,-1,-1,-1
417,44,3912.67529296875,567.3894653320312,18.760009765625,46.14202880859375,0.4228875935077667,-1,-1,-1
417,115,4199.39453125,523.7078857421875,28.4140625,69.31427001953125,0.4745371639728546,-1,-1,-1
418,1,5719.60595703125,801.8469848632812,83.2705078125,98.03643798828125,0.7766457200050354,-1,-1,-1
418,44,3912.553955078125,567.849609375,18.131591796875,45.6114501953125,0.4273212254047394,-1,-1,-1
418,115,4199.07763671875,523.4345092773438,27.740234375,69.00018310546875,0.4427199065685272,-1,-1,-1
419,1,5718.9873046875,801.3576049804688,79.6708984375,99.12548828125,0.7760850191116333,-1,-1,-1
419,44,3912.3056640625,568.4210205078125,17.03857421875,43.64898681640625,0.4840666651725769,-1,-1,-1
419,115,4198.77294921875,523.926025390625,27.5947265625,67.58026123046875,0.4601939022541046,-1,-1,-1
420,1,5718.5185546875,801.018310546875,78.0087890625,99.18719482421875,0.7610220313072205,-1,-1,-1
420,44,3911.75,568.7909545898438,16.615478515625,40.86370849609375,0.5359468460083008,-1,-1,-1
420,115,4199.7314453125,523.7072143554688,25.27685546875,59.248046875,0.45465484261512756,-1,-1,-1
421,1,5718.13037109375,800.6614379882812,75.4833984375,98.56268310546875,0.7280970811843872,-1,-1,-1
421,44,3911.245361328125,569.1361083984375,16.790283203125,39.553466796875,0.5254923701286316,-1,-1,-1
421,115,4198.40966796875,522.9381713867188,26.09765625,65.37091064453125,0.4040816128253937,-1,-1,-1
422,1,5715.47216796875,800.7860107421875,75.16943359375,96.877685546875,0.7153427004814148,-1,-1,-1
422,44,3910.189453125,569.5903930664062,17.795166015625,38.20098876953125,0.49551329016685486,-1,-1,-1
422,115,4199.06396484375,523.4552612304688,24.755859375,49.56036376953125,0.4467296898365021,-1,-1,-1
423,1,5710.1123046875,800.07763671875,78.14501953125,96.3096923828125,0.7035209536552429,-1,-1,-1
423,44,3909.196533203125,569.1786499023438,18.18359375,37.86431884765625,0.5443239808082581,-1,-1,-1
423,115,4198.78857421875,523.9998779296875,23.91796875,43.1884765625,0.4481356739997864,-1,-1,-1
424,1,5705.6533203125,799.9005737304688,80.57470703125,96.02459716796875,0.6937622427940369,-1,-1,-1
424,44,3908.51123046875,568.9481201171875,18.546875,37.8829345703125,0.5103831887245178,-1,-1,-1
424,115,4196.20751953125,524.7689819335938,25.82568359375,45.5946044921875,0.45778489112854004,-1,-1,-1
425,1,5701.8994140625,800.033203125,82.9287109375,95.53839111328125,0.61965012550354,-1,-1,-1
425,44,3907.745849609375,568.6599731445312,18.830810546875,37.47430419921875,0.48281002044677734,-1,-1,-1
425,115,4195.505859375,525.9746704101562,25.609375,39.84033203125,0.41452962160110474,-1,-1,-1
426,1,5696.14306640625,800.0835571289062,88.35986328125,95.8299560546875,0.5296059846878052,-1,-1,-1
426,44,3906.67919921875,568.410400390625,18.90869140625,36.7335205078125,0.450379341840744,-1,-1,-1
426,115,4195.31982421875,526.9776611328125,24.8828125,35.6151123046875,0.3910178542137146,-1,-1,-1
427,1,5691.859375,797.4354248046875,90.19873046875,99.1787109375,0.6419112682342529,-1,-1,-1
427,44,3905.88525390625,568.5372924804688,18.8369140625,35.12689208984375,0.39958545565605164,-1,-1,-1
427,115,4193.3515625,528.662841796875,26.87841796875,32.09295654296875,0.3305516242980957,-1,-1,-1
428,1,5689.95263671875,795.7174072265625,90.41455078125,101.62060546875,0.6808744668960571,-1,-1,-1
428,44,3904.95751953125,567.9403076171875,18.538818359375,36.6156005859375,0.48846733570098877,-1,-1,-1
428,115,4191.8369140625,527.1347045898438,28.9140625,30.77197265625,0.3151249885559082,-1,-1,-1
429,1,5689.25146484375,795.3953857421875,88.95458984375,102.75799560546875,0.6637694239616394,-1,-1,-1
429,44,3904.49658203125,568.2628784179688,16.927490234375,35.87188720703125,0.4747588038444519,-1,-1,-1
429,115,4189.83154296875,528.34130859375,30.529296875,29.5950927734375,0.26797088980674744,-1,-1,-1
430,1,5689.1787109375,795.0797729492188,87.6728515625,102.5191650390625,0.7090754508972168,-1,-1,-1
430,44,3904.04443359375,568.0304565429688,16.143310546875,35.72747802734375,0.42220190167427063,-1,-1,-1
430,115,4189.9501953125,527.8153076171875,30.037109375,30.43438720703125,0.27817702293395996,-1,-1,-1
431,1,5688.9794921875,796.4776000976562,86.51953125,101.12518310546875,0.7509539127349854,-1,-1,-1
431,44,3903.443115234375,567.6636352539062,16.720947265625,36.57342529296875,0.40662819147109985,-1,-1,-1
432,1,5687.42724609375,798.31787109375,86.47021484375,97.7166748046875,0.7288666367530823,-1,-1,-1
432,44,3902.53564453125,567.75146484375,17.377197265625,36.245361328125,0.33542314171791077,-1,-1,-1
433,1,5683.52099609375,800.1434326171875,87.46337890625,93.96124267578125,0.7391613721847534,-1,-1,-1
433,44,3901.39111328125,567.5009155273438,17.594482421875,36.40032958984375,0.3652050495147705,-1,-1,-1
434,1,5680.869140625,800.6940307617188,87.4560546875,94.2255859375,0.7445939183235168,-1,-1,-1
434,44,3900.28955078125,567.859375,17.822265625,36.12860107421875,0.3330824375152588,-1,-1,-1
435,1,5681.1640625,800.0711669921875,85.50927734375,95.99053955078125,0.7279139161109924,-1,-1,-1
435,44,3898.584716796875,568.5745849609375,19.16748046875,35.521484375,0.2812558710575104,-1,-1,-1
436,1,5679.1640625,799.4698486328125,84.82470703125,96.7362060546875,0.7071787714958191,-1,-1,-1
437,1,5677.8623046875,799.1342163085938,84.580078125,97.51910400390625,0.7170957922935486,-1,-1,-1
438,1,5676.87548828125,798.5728759765625,83.705078125,97.66156005859375,0.6813681125640869,-1,-1,-1
439,1,5675.291015625,797.8358154296875,82.32080078125,99.53778076171875,0.6754139065742493,-1,-1,-1
444,1,5666.6611328125,796.2688598632812,74.41162109375,99.46527099609375,0.7473949193954468,-1,-1,-1
445,125,3884.44580078125,564.9217529296875,17.591064453125,40.04302978515625,0.35082775354385376,-1,-1,-1
445,1,5661.556640625,795.9598999023438,76.67333984375,98.755126953125,0.7736467123031616,-1,-1,-1
446,125,3883.46142578125,564.974853515625,17.27978515625,40.27044677734375,0.37839382886886597,-1,-1,-1
446,1,5656.08251953125,797.0506591796875,78.90869140625,96.37847900390625,0.7730673551559448,-1,-1,-1
447,125,3881.196533203125,562.8211669921875,18.810791015625,42.59649658203125,0.43374091386795044,-1,-1,-1
447,1,5650.8701171875,797.8280639648438,81.638671875,95.30511474609375,0.7847350835800171,-1,-1,-1
448,125,3879.8515625,562.2113647460938,19.3623046875,41.39532470703125,0.40904557704925537,-1,-1,-1
448,1,5647.65234375,797.5901489257812,81.74609375,95.55401611328125,0.7819522619247437,-1,-1,-1
449,125,3877.003173828125,560.8070068359375,20.869873046875,42.08355712890625,0.4323265850543976,-1,-1,-1
449,1,5645.6279296875,798.7808227539062,80.04833984375,93.604248046875,0.7433454990386963,-1,-1,-1
450,125,3875.976318359375,560.3309326171875,20.69873046875,41.06298828125,0.3639206886291504,-1,-1,-1
450,1,5646.3740234375,799.0291137695312,76.38525390625,93.02496337890625,0.7340699434280396,-1,-1,-1
451,125,3874.006103515625,560.852783203125,21.19189453125,39.70452880859375,0.3079715073108673,-1,-1,-1
451,1,5645.015625,798.4951782226562,73.673828125,92.23065185546875,0.7436611652374268,-1,-1,-1
452,125,3873.08984375,561.8229370117188,19.9453125,39.1689453125,0.35281580686569214,-1,-1,-1
452,1,5643.0888671875,796.8554077148438,72.40673828125,92.98529052734375,0.7661038637161255,-1,-1,-1
453,125,3872.53271484375,562.8377075195312,18.281494140625,38.468994140625,0.3388456404209137,-1,-1,-1
453,1,5641.76904296875,795.7286987304688,71.9521484375,95.18206787109375,0.7288454174995422,-1,-1,-1
454,125,3870.740478515625,561.8735961914062,18.53173828125,38.91656494140625,0.2552403211593628,-1,-1,-1
454,1,5638.92724609375,795.7468872070312,72.625,95.61907958984375,0.5770263075828552,-1,-1,-1
455,1,5635.2421875,795.9710083007812,74.81298828125,94.534423828125,0.4397945702075958,-1,-1,-1
456,1,5631.7734375,796.97216796875,77.06494140625,93.5986328125,0.26751112937927246,-1,-1,-1
468,125,3847.555419921875,553.6590576171875,19.426025390625,43.178955078125,0.338157594203949,-1,-1,-1
469,125,3845.420654296875,553.3662109375,18.84716796875,43.8829345703125,0.2846699059009552,-1,-1,-1
470,125,3844.632568359375,553.7581176757812,19.047607421875,41.23406982421875,0.27784213423728943,-1,-1,-1
474,1,5590.91455078125,798.7510375976562,75.74658203125,96.327880859375,0.5169997215270996,-1,-1,-1
475,1,5588.4189453125,798.8660888671875,74.478515625,94.3118896484375,0.6439943313598633,-1,-1,-1
476,1,5584.3623046875,799.4405517578125,75.189453125,92.08709716796875,0.6571425199508667,-1,-1,-1
477,1,5580.9052734375,799.4312133789062,74.42236328125,91.45782470703125,0.6537445783615112,-1,-1,-1
478,1,5575.560546875,800.3094482421875,76.85107421875,92.88824462890625,0.6655622124671936,-1,-1,-1
478,125,3830.21337890625,553.817626953125,17.9892578125,38.7945556640625,0.2972034513950348,-1,-1,-1
479,1,5574.1044921875,801.0823364257812,74.4658203125,92.9246826171875,0.639019787311554,-1,-1,-1
479,125,3828.7763671875,554.04931640625,17.408935546875,36.51904296875,0.26619982719421387,-1,-1,-1
480,1,5575.54931640625,801.6240844726562,68.56494140625,92.331787109375,0.5172452330589294,-1,-1,-1
480,125,3827.031005859375,553.3032836914062,18.284912109375,36.90997314453125,0.30416759848594666,-1,-1,-1
481,1,5575.79443359375,800.6837768554688,65.6494140625,92.33416748046875,0.6215254068374634,-1,-1,-1
481,125,3825.232421875,551.9464111328125,18.89501953125,37.833984375,0.4594823122024536,-1,-1,-1
482,1,5574.072265625,800.421142578125,64.77978515625,92.83355712890625,0.6417254209518433,-1,-1,-1
482,125,3824.4736328125,551.2274780273438,18.24609375,37.2227783203125,0.48151811957359314,-1,-1,-1
482,139,4151.36279296875,532.971923828125,21.7900390625,37.03564453125,0.3532644510269165,-1,-1,-1
483,1,5572.00830078125,799.1268310546875,63.70556640625,93.8096923828125,0.4258615970611572,-1,-1,-1
483,125,3822.363525390625,552.59423828125,16.903076171875,36.9278564453125,0.3980470597743988,-1,-1,-1
484,125,3821.607177734375,553.0469970703125,15.7138671875,36.25872802734375,0.45512840151786804,-1,-1,-1
484,139,4150.1884765625,533.6021728515625,20.8310546875,34.98272705078125,0.3482443690299988,-1,-1,-1
485,125,3818.525390625,553.2374267578125,16.85107421875,36.3116455078125,0.4049849808216095,-1,-1,-1
485,139,4148.71044921875,533.160400390625,21.86572265625,36.07403564453125,0.29892829060554504,-1,-1,-1
486,125,3817.694091796875,551.4853515625,16.759521484375,37.66009521484375,0.34028905630111694,-1,-1,-1
486,139,4147.77685546875,533.80126953125,21.90966796875,36.46282958984375,0.2837487459182739,-1,-1,-1
486,1,5562.31494140625,798.7063598632812,66.23193359375,94.75567626953125,0.2947341799736023,-1,-1,-1
487,125,3816.896728515625,552.260498046875,16.809326171875,36.25714111328125,0.2680255174636841,-1,-1,-1
487,1,5558.853515625,799.3500366210938,68.078125,94.5303955078125,0.45654627680778503,-1,-1,-1
488,1,5554.96337890625,799.66552734375,70.16015625,95.82659912109375,0.6270624399185181,-1,-1,-1
488,139,4145.5673828125,533.6162719726562,22.32373046875,36.061767578125,0.2641521692276001,-1,-1,-1
489,1,5548.87060546875,799.234130859375,74.12158203125,95.1016845703125,0.5898305773735046,-1,-1,-1
490,1,5544.095703125,799.7745361328125,76.66845703125,95.53204345703125,0.5379159450531006,-1,-1,-1
491,1,5539.2138671875,800.6720581054688,78.86572265625,92.76531982421875,0.37078210711479187,-1,-1,-1
492,1,5533.89013671875,798.1364135742188,81.35693359375,94.80816650390625,0.5372400879859924,-1,-1,-1
493,1,5530.04150390625,797.4159545898438,83.486328125,95.24456787109375,0.6753395795822144,-1,-1,-1
494,1,5526.337890625,797.390869140625,85.9375,95.3475341796875,0.6869029402732849,-1,-1,-1
495,1,5523.7890625,797.8412475585938,87.66650390625,96.03448486328125,0.6719464659690857,-1,-1,-1
495,125,3802.0849609375,547.5357055664062,15.739990234375,39.02655029296875,0.35899877548217773,-1,-1,-1
496,1,5521.4248046875,798.4397583007812,87.884765625,95.81695556640625,0.62502121925354,-1,-1,-1
497,1,5520.2890625,799.244384765625,86.21728515625,96.32208251953125,0.6682881116867065,-1,-1,-1
497,125,3797.23681640625,546.5137939453125,16.36572265625,39.8046875,0.3914642035961151,-1,-1,-1
498,1,5518.990234375,799.9608764648438,85.38720703125,95.8702392578125,0.6551693081855774,-1,-1,-1
498,125,3795.1123046875,545.9613037109375,17.289306640625,39.26947021484375,0.35900524258613586,-1,-1,-1
499,1,5518.318359375,800.7669067382812,83.79736328125,94.7364501953125,0.6309364438056946,-1,-1,-1
499,125,3792.5205078125,546.7234497070312,16.7431640625,37.83782958984375,0.3782854974269867,-1,-1,-1
500,1,5518.03662109375,801.26318359375,81.3251953125,94.0052490234375,0.7192381024360657,-1,-1,-1
500,125,3790.703857421875,546.4186401367188,17.32470703125,37.32781982421875,0.3757118284702301,-1,-1,-1
505,1,5513.70263671875,801.0669555664062,69.46435546875,94.923583984375,0.5211583375930786,-1,-1,-1
506,1,5510.21728515625,801.7080078125,69.7265625,93.40264892578125,0.7011257410049438,-1,-1,-1
507,1,5504.68701171875,803.1331176757812,72.78173828125,91.62530517578125,0.5944637656211853,-1,-1,-1
507,125,3775.983642578125,546.8828125,19.551513671875,34.18438720703125,0.2523893415927887,-1,-1,-1
508,1,5500.6748046875,803.2239990234375,74.03173828125,91.204833984375,0.5451620221138,-1,-1,-1
508,125,3774.897705078125,546.8427734375,18.68994140625,34.84857177734375,0.26067259907722473,-1,-1,-1
509,1,5497.9345703125,803.3530883789062,73.99267578125,91.32391357421875,0.6506657600402832,-1,-1,-1
510,1,5498.23876953125,803.7747802734375,71.162109375,91.03546142578125,0.6735268831253052,-1,-1,-1
511,1,5498.00390625,803.8232421875,68.435546875,90.11322021484375,0.6303293108940125,-1,-1,-1
512,1,5495.8017578125,803.2403564453125,67.48681640625,91.84381103515625,0.5718730688095093,-1,-1,-1
513,1,5492.671875,803.5714111328125,68.2119140625,91.0399169921875,0.6159402132034302,-1,-1,-1
514,1,5488.80078125,804.1949462890625,70.037109375,88.7205810546875,0.6214349865913391,-1,-1,-1
515,1,5481.73974609375,804.563720703125,74.435546875,87.13580322265625,0.6629196405410767,-1,-1,-1
516,1,5477.22607421875,806.001708984375,75.80078125,84.117431640625,0.6522051692008972,-1,-1,-1
517,1,5471.828125,806.7872924804688,79.46875,83.1715087890625,0.579352855682373,-1,-1,-1
518,1,5467.09716796875,807.2095947265625,82.46142578125,82.60589599609375,0.39487800002098083,-1,-1,-1
519,1,5464.205078125,806.2971801757812,82.7197265625,84.79766845703125,0.3925744593143463,-1,-1,-1
520,1,5462.150390625,804.84619140625,81.92919921875,87.9134521484375,0.3782031536102295,-1,-1,-1
521,1,5459.6796875,804.0105590820312,80.18798828125,90.0621337890625,0.34799623489379883,-1,-1,-1
522,1,5457.0546875,802.7955932617188,77.81396484375,93.4144287109375,0.47326794266700745,-1,-1,-1
523,1,5454.67626953125,800.9685668945312,77.0654296875,93.99139404296875,0.44713538885116577,-1,-1,-1
524,1,5452.701171875,799.857666015625,76.0654296875,97.1209716796875,0.7073504328727722,-1,-1,-1
525,1,5451.54052734375,800.49462890625,74.1025390625,97.85382080078125,0.6536885499954224,-1,-1,-1
526,1,5450.0361328125,802.2936401367188,72.6962890625,96.42169189453125,0.5211325883865356,-1,-1,-1
529,1,5443.287109375,806.8060913085938,68.72607421875,92.28863525390625,0.34177491068840027,-1,-1,-1
530,1,5437.1591796875,806.7421875,69.94384765625,90.43768310546875,0.6351327896118164,-1,-1,-1
531,1,5431.0234375,805.16552734375,72.71337890625,91.2066650390625,0.6371811628341675,-1,-1,-1
532,1,5425.81298828125,804.393310546875,74.12109375,90.6527099609375,0.7121465802192688,-1,-1,-1
533,1,5419.95361328125,802.22998046875,76.16064453125,93.101318359375,0.7653947472572327,-1,-1,-1
534,1,5416.6728515625,800.73388671875,76.72216796875,94.22412109375,0.7946209907531738,-1,-1,-1
535,1,5412.8544921875,799.4194946289062,78.40576171875,94.7220458984375,0.7579191327095032,-1,-1,-1
536,1,5409.00390625,800.1595458984375,79.8916015625,94.07745361328125,0.6184698939323425,-1,-1,-1
537,1,5405.15185546875,801.7852783203125,78.56396484375,93.7874755859375,0.6830863952636719,-1,-1,-1
538,1,5400.68017578125,804.1531372070312,77.25732421875,91.43634033203125,0.31069305539131165,-1,-1,-1
539,1,5396.88427734375,806.1051025390625,78.26220703125,89.63592529296875,0.3460696041584015,-1,-1,-1
543,1,5382.52685546875,804.0367431640625,76.36962890625,92.16845703125,0.2803319990634918,-1,-1,-1
544,1,5379.033203125,800.2021484375,74.431640625,96.833740234375,0.5776076316833496,-1,-1,-1
545,1,5374.14501953125,799.704345703125,75.5166015625,97.79388427734375,0.6175258159637451,-1,-1,-1
546,1,5370.53857421875,800.7903442382812,74.2724609375,95.89752197265625,0.6289722919464111,-1,-1,-1
547,1,5366.544921875,801.9161987304688,73.96337890625,95.832763671875,0.5526105165481567,-1,-1,-1
548,1,5363.7265625,804.2503051757812,72.294921875,94.20782470703125,0.3769057095050812,-1,-1,-1
552,1,5346.8203125,807.5895385742188,68.7314453125,91.3450927734375,0.6648616194725037,-1,-1,-1
553,1,5339.3330078125,806.7259521484375,69.7041015625,91.597900390625,0.5702786445617676,-1,-1,-1
554,1,5333.87451171875,804.3871459960938,69.10595703125,91.71368408203125,0.5939356684684753,-1,-1,-1
555,1,5329.73291015625,802.2272338867188,68.11474609375,93.1678466796875,0.7040247321128845,-1,-1,-1
556,1,5325.2138671875,799.890869140625,69.44482421875,94.7027587890625,0.7413617968559265,-1,-1,-1
557,1,5319.55712890625,799.97021484375,71.869140625,91.9256591796875,0.6928591728210449,-1,-1,-1
558,1,5316.23779296875,799.5859375,69.7021484375,91.33453369140625,0.6777178645133972,-1,-1,-1
559,1,5311.0341796875,800.4296264648438,70.85498046875,93.467041015625,0.6327481269836426,-1,-1,-1
560,1,5305.00927734375,803.2293090820312,71.47705078125,92.69927978515625,0.5371094346046448,-1,-1,-1
561,1,5297.94677734375,805.3076782226562,74.43505859375,91.54803466796875,0.4359879195690155,-1,-1,-1
562,1,5290.06884765625,806.4583740234375,78.11083984375,89.47369384765625,0.3286498785018921,-1,-1,-1
565,1,5275.49072265625,801.9378662109375,75.9013671875,94.148681640625,0.343718558549881,-1,-1,-1
566,1,5272.03125,801.12451171875,71.24658203125,95.9486083984375,0.6195628046989441,-1,-1,-1
567,1,5266.26025390625,798.017578125,71.2080078125,100.55224609375,0.7304970026016235,-1,-1,-1
568,1,5261.92822265625,797.9090576171875,70.36669921875,100.48089599609375,0.6840495467185974,-1,-1,-1
569,1,5257.18798828125,799.830078125,69.82958984375,97.901123046875,0.6197414994239807,-1,-1,-1
570,1,5253.81103515625,802.8304443359375,67.78759765625,97.02117919921875,0.5669121146202087,-1,-1,-1
571,1,5250.77001953125,807.1868286132812,65.51806640625,93.0477294921875,0.47138386964797974,-1,-1,-1
572,1,5246.32373046875,808.887451171875,63.5205078125,92.2127685546875,0.26891881227493286,-1,-1,-1
574,1,5234.62548828125,807.6503295898438,61.59130859375,93.6854248046875,0.592353105545044,-1,-1,-1
575,1,5228.4609375,806.6223754882812,61.1181640625,93.33905029296875,0.6195701956748962,-1,-1,-1
576,1,5221.9765625,803.5748901367188,62.28173828125,94.5899658203125,0.6972984075546265,-1,-1,-1
577,1,5214.357421875,800.5386962890625,65.828125,95.69061279296875,0.7705760598182678,-1,-1,-1
578,1,5208.00048828125,799.4943237304688,68.51904296875,93.91290283203125,0.682616114616394,-1,-1,-1
579,1,5200.2001953125,799.2550048828125,72.39013671875,93.608154296875,0.6621778607368469,-1,-1,-1
580,1,5195.3369140625,800.4336547851562,68.669921875,91.0882568359375,0.7014521956443787,-1,-1,-1
581,1,5189.677734375,801.5448608398438,68.40087890625,91.84698486328125,0.6085819005966187,-1,-1,-1
582,1,5184.9052734375,803.221435546875,68.18359375,91.4027099609375,0.7360684275627136,-1,-1,-1
583,1,5180.10009765625,804.6917724609375,67.87255859375,90.986083984375,0.7424858212471008,-1,-1,-1
584,1,5173.40771484375,804.1666259765625,68.3056640625,92.1021728515625,0.6844943165779114,-1,-1,-1
585,1,5167.97314453125,803.6875610351562,68.18603515625,93.40484619140625,0.6080389022827148,-1,-1,-1
585,176,4042.884521484375,558.0928344726562,17.544921875,34.46630859375,0.39931195974349976,-1,-1,-1
586,1,5162.7744140625,801.7354736328125,67.41162109375,92.5771484375,0.5824680924415588,-1,-1,-1
586,176,4041.2822265625,558.4132080078125,17.97998046875,34.656494140625,0.42852044105529785,-1,-1,-1
587,1,5156.07177734375,798.7718505859375,67.3466796875,98.32861328125,0.6945179104804993,-1,-1,-1
587,176,4040.327392578125,559.8406372070312,17.7666015625,33.82806396484375,0.4132000803947449,-1,-1,-1
588,1,5149.86962890625,798.7889404296875,68.423828125,99.468505859375,0.7061663866043091,-1,-1,-1
588,176,4039.785888671875,557.8569946289062,17.073486328125,35.510498046875,0.4509667158126831,-1,-1,-1
589,1,5144.70751953125,799.4786376953125,66.6552734375,98.4454345703125,0.6817969083786011,-1,-1,-1
589,176,4039.12451171875,557.0592041015625,16.45654296875,34.69183349609375,0.3725856840610504,-1,-1,-1
590,1,5140.61572265625,800.5579833984375,64.41748046875,94.5670166015625,0.6881331205368042,-1,-1,-1
590,176,4037.012939453125,557.6155395507812,16.392822265625,33.5140380859375,0.35786354541778564,-1,-1,-1
591,1,5135.4921875,801.9083862304688,63.60400390625,93.5369873046875,0.7016832232475281,-1,-1,-1
591,176,4034.901123046875,557.1390991210938,17.365478515625,33.57720947265625,0.38041216135025024,-1,-1,-1
591,180,3611.112060546875,567.6294555664062,16.20458984375,35.76727294921875,0.5025649070739746,-1,-1,-1
592,1,5130.12890625,803.0151977539062,63.2392578125,93.4312744140625,0.7791464924812317,-1,-1,-1
592,176,4033.677490234375,557.7086181640625,17.6171875,32.99224853515625,0.29736870527267456,-1,-1,-1
592,180,3609.906005859375,569.0506591796875,16.9697265625,33.67401123046875,0.48353829979896545,-1,-1,-1
593,1,5126.28271484375,804.1060180664062,61.73388671875,93.99151611328125,0.7392874360084534,-1,-1,-1
593,176,4032.65625,558.473388671875,17.832763671875,31.60284423828125,0.26678669452667236,-1,-1,-1
593,180,3608.60400390625,568.8766479492188,16.296875,35.23284912109375,0.44496244192123413,-1,-1,-1
594,1,5121.53564453125,806.3350830078125,59.8974609375,92.67242431640625,0.6960954070091248,-1,-1,-1
594,180,3607.288330078125,569.4698486328125,16.821044921875,34.85394287109375,0.4051975905895233,-1,-1,-1
595,1,5114.01806640625,806.3397827148438,60.84130859375,92.800048828125,0.6730543375015259,-1,-1,-1
595,180,3606.890380859375,570.7040405273438,16.67578125,32.5465087890625,0.38189244270324707,-1,-1,-1
596,1,5105.724609375,806.021484375,60.857421875,92.95965576171875,0.6918384432792664,-1,-1,-1
596,180,3606.338623046875,570.3972778320312,16.63916015625,32.3387451171875,0.29818999767303467,-1,-1,-1
597,1,5099.25439453125,804.3157348632812,60.8486328125,95.14910888671875,0.6928847432136536,-1,-1,-1
597,180,3604.679931640625,570.9332885742188,17.708251953125,32.1444091796875,0.26156294345855713,-1,-1,-1
598,1,5092.46630859375,801.1395874023438,60.37255859375,98.46038818359375,0.7794777750968933,-1,-1,-1
598,180,3603.76904296875,570.9327392578125,17.48876953125,36.128662109375,0.4185650646686554,-1,-1,-1
599,1,5085.1416015625,799.6766357421875,62.5166015625,96.90936279296875,0.7585294842720032,-1,-1,-1
599,180,3602.138671875,571.400634765625,17.80224609375,38.8671875,0.49985238909721375,-1,-1,-1
599,176,4026.36474609375,563.4532470703125,16.94482421875,32.516357421875,0.3334866762161255,-1,-1,-1
600,1,5077.32861328125,799.5328979492188,66.98681640625,93.34918212890625,0.7630239725112915,-1,-1,-1
600,180,3600.939697265625,571.6085815429688,18.145751953125,38.83612060546875,0.4426747262477875,-1,-1,-1
600,176,4025.435791015625,563.9110717773438,17.34912109375,32.9716796875,0.30382195115089417,-1,-1,-1
601,1,5071.23291015625,799.0496215820312,68.0712890625,91.1336669921875,0.7886248230934143,-1,-1,-1
601,180,3599.554931640625,572.1530151367188,18.716796875,37.965576171875,0.4273430407047272,-1,-1,-1
602,1,5066.29052734375,798.716552734375,67.22607421875,91.43951416015625,0.790188193321228,-1,-1,-1
602,180,3599.01171875,573.9757080078125,18.611572265625,36.91131591796875,0.4082708954811096,-1,-1,-1
603,1,5061.44970703125,799.6463623046875,65.11572265625,94.41033935546875,0.7628632187843323,-1,-1,-1
603,180,3597.18408203125,574.2272338867188,20.041015625,37.9727783203125,0.3236950635910034,-1,-1,-1
604,1,5055.63720703125,802.6056518554688,67.23046875,93.245361328125,0.7749046087265015,-1,-1,-1
604,180,3597.206298828125,573.738037109375,18.34912109375,38.9078369140625,0.3561502695083618,-1,-1,-1
605,1,5046.00146484375,804.6162109375,70.9287109375,91.2764892578125,0.7347896099090576,-1,-1,-1
605,180,3595.458740234375,573.8612060546875,21.086181640625,39.042724609375,0.29073527455329895,-1,-1,-1
606,1,5040.03125,805.940673828125,71.75439453125,89.83905029296875,0.6364867091178894,-1,-1,-1
607,1,5035.00830078125,804.685546875,70.66064453125,92.90850830078125,0.6424266695976257,-1,-1,-1
608,1,5032.6162109375,803.2099609375,65.9541015625,95.25921630859375,0.7851250171661377,-1,-1,-1
608,180,3591.547607421875,574.3089599609375,18.934814453125,38.736083984375,0.3211156129837036,-1,-1,-1
609,1,5029.5654296875,802.7160034179688,62.2060546875,96.02117919921875,0.7698430418968201,-1,-1,-1
610,1,5024.0078125,801.41064453125,61.16845703125,95.84942626953125,0.7596945762634277,-1,-1,-1
611,1,5019.08740234375,801.2257690429688,60.97265625,94.4559326171875,0.782161295413971,-1,-1,-1
611,202,4019.4921875,569.4420166015625,15.17724609375,32.12286376953125,0.34393110871315,-1,-1,-1
611,180,3587.183837890625,578.422119140625,19.25244140625,38.2979736328125,0.29858753085136414,-1,-1,-1
612,1,5013.15478515625,800.15234375,59.68212890625,93.7410888671875,0.6557401418685913,-1,-1,-1
612,202,4019.231201171875,569.656005859375,15.299072265625,33.32647705078125,0.32676175236701965,-1,-1,-1
613,1,5008.5,801.723876953125,59.33203125,93.542236328125,0.6423976421356201,-1,-1,-1
613,202,4018.115234375,569.8308715820312,16.668212890625,33.275146484375,0.5001858472824097,-1,-1,-1
613,180,3586.2685546875,582.1268920898438,17.75048828125,34.87738037109375,0.2878111004829407,-1,-1,-1
614,1,5003.3427734375,803.9652709960938,59.81591796875,94.478515625,0.650874674320221,-1,-1,-1
614,202,4016.6005859375,570.0533447265625,17.033935546875,37.40264892578125,0.4504218101501465,-1,-1,-1
614,180,3585.72412109375,581.8937377929688,17.260986328125,34.8436279296875,0.35497286915779114,-1,-1,-1
615,1,4997.044921875,805.3165283203125,61.7119140625,95.94293212890625,0.6433718800544739,-1,-1,-1
615,202,4015.938720703125,570.4972534179688,17.119140625,36.49505615234375,0.5023089647293091,-1,-1,-1
615,180,3585.684814453125,581.2398071289062,16.331787109375,36.645751953125,0.31489112973213196,-1,-1,-1
616,1,4991.5791015625,806.360595703125,59.443359375,97.46630859375,0.6005312204360962,-1,-1,-1
616,202,4014.85009765625,570.7566528320312,18.08203125,35.656982421875,0.5246568918228149,-1,-1,-1
616,180,3585.76904296875,582.1742553710938,15.83740234375,35.842041015625,0.3132992088794708,-1,-1,-1
617,1,4984.68212890625,807.5975952148438,58.57177734375,95.887451171875,0.7316552400588989,-1,-1,-1
617,202,4014.62646484375,571.0914916992188,18.163330078125,35.098388671875,0.5270460247993469,-1,-1,-1
617,180,3585.0927734375,583.4175415039062,15.571533203125,36.2481689453125,0.31533083319664,-1,-1,-1
618,1,4976.22607421875,807.5068359375,60.36328125,94.98492431640625,0.7557882070541382,-1,-1,-1
618,202,4014.4228515625,571.1874389648438,18.115478515625,35.91082763671875,0.5337277054786682,-1,-1,-1
618,180,3584.73583984375,583.8880615234375,15.759033203125,37.8026123046875,0.3109537363052368,-1,-1,-1
619,1,4968.66064453125,804.8683471679688,62.498046875,94.99176025390625,0.8335010409355164,-1,-1,-1
619,202,4014.41943359375,571.0706176757812,18.04931640625,37.6312255859375,0.5441736578941345,-1,-1,-1
619,180,3584.287109375,584.615966796875,15.570556640625,38.87127685546875,0.31807398796081543,-1,-1,-1
619,204,3937.969482421875,534.4960327148438,17.43359375,38.54730224609375,0.3563288748264313,-1,-1,-1
620,1,4962.13916015625,802.6748657226562,62.73046875,96.17132568359375,0.8374882340431213,-1,-1,-1
620,202,4014.3974609375,570.791748046875,18.189208984375,38.842529296875,0.5415951609611511,-1,-1,-1
620,180,3582.481201171875,585.979248046875,17.00048828125,40.7572021484375,0.46154823899269104,-1,-1,-1
620,204,3935.46337890625,534.1283569335938,18.04443359375,38.47845458984375,0.4129347801208496,-1,-1,-1
621,1,4955.90087890625,801.16357421875,62.6357421875,95.39794921875,0.8160838484764099,-1,-1,-1
621,202,4014.37646484375,570.2789306640625,18.737060546875,43.22894287109375,0.5764453411102295,-1,-1,-1
621,180,3580.677734375,588.604736328125,18.83837890625,39.08465576171875,0.494432657957077,-1,-1,-1
621,204,3934.283935546875,534.351318359375,17.078857421875,39.81060791015625,0.456201434135437,-1,-1,-1
622,1,4948.89453125,800.9310913085938,65.05517578125,92.7108154296875,0.785405695438385,-1,-1,-1
622,202,4014.3720703125,571.8311767578125,18.60791015625,44.3441162109375,0.566284716129303,-1,-1,-1
622,180,3580.0185546875,589.6746826171875,18.430908203125,39.05572509765625,0.47997042536735535,-1,-1,-1
622,204,3931.810546875,534.3331298828125,16.091552734375,39.38323974609375,0.4359097182750702,-1,-1,-1
623,1,4942.76953125,800.7763671875,64.416015625,89.568603515625,0.7954989671707153,-1,-1,-1
623,202,4013.82177734375,572.5322875976562,19.0166015625,43.77996826171875,0.5743364691734314,-1,-1,-1
623,180,3579.21826171875,590.1863403320312,17.445556640625,39.986328125,0.44413289427757263,-1,-1,-1
623,204,3928.423095703125,535.7738037109375,16.98486328125,36.4798583984375,0.34131112694740295,-1,-1,-1
624,1,4938.37939453125,800.9280395507812,63.33544921875,90.30157470703125,0.7863653302192688,-1,-1,-1
624,202,4013.98681640625,573.2571411132812,19.215087890625,44.19927978515625,0.5917447805404663,-1,-1,-1
624,180,3578.38427734375,590.4454345703125,16.4912109375,42.65179443359375,0.4591987431049347,-1,-1,-1
624,204,3926.862548828125,536.6185913085938,16.859375,35.6605224609375,0.3428235352039337,-1,-1,-1
625,1,4933.25634765625,801.4747924804688,62.64990234375,92.8671875,0.7747852802276611,-1,-1,-1
625,202,4014.0693359375,574.9647827148438,18.99072265625,42.77911376953125,0.5262291431427002,-1,-1,-1
625,180,3576.0380859375,590.2313232421875,16.924072265625,44.43072509765625,0.3576107919216156,-1,-1,-1
625,204,3924.550537109375,536.2141723632812,17.792236328125,36.4664306640625,0.2602010667324066,-1,-1,-1
626,1,4927.2822265625,804.8154296875,62.04541015625,91.45513916015625,0.7439578175544739,-1,-1,-1
626,202,4014.72314453125,574.8068237304688,18.7490234375,43.14794921875,0.5079601407051086,-1,-1,-1
626,180,3574.466552734375,591.75048828125,17.6005859375,45.85308837890625,0.41673222184181213,-1,-1,-1
626,204,3924.12353515625,538.5078125,17.6943359375,34.3603515625,0.29669204354286194,-1,-1,-1
627,1,4920.3212890625,805.814697265625,62.92822265625,91.1002197265625,0.7722171545028687,-1,-1,-1
627,202,4014.686279296875,575.3904418945312,18.9375,43.5380859375,0.5284128189086914,-1,-1,-1
627,180,3573.282470703125,593.987060546875,17.932861328125,46.8558349609375,0.4348120093345642,-1,-1,-1
628,1,4913.45068359375,805.7653198242188,64.03662109375,91.6949462890625,0.8142660856246948,-1,-1,-1
628,202,4015.033935546875,575.2285766601562,18.64306640625,44.11651611328125,0.5120230317115784,-1,-1,-1
628,180,3572.740966796875,595.141845703125,17.986572265625,46.86383056640625,0.4800753891468048,-1,-1,-1
629,1,4907.77099609375,804.1751708984375,63.9716796875,94.23388671875,0.7175094485282898,-1,-1,-1
629,202,4014.9990234375,575.2178344726562,18.357666015625,44.0413818359375,0.49518123269081116,-1,-1,-1
629,180,3572.31982421875,596.6455688476562,17.968994140625,46.5302734375,0.48679861426353455,-1,-1,-1
630,1,4904.4130859375,802.291748046875,59.576171875,96.88427734375,0.7918848991394043,-1,-1,-1
630,202,4014.7353515625,575.7064208984375,18.4169921875,44.00384521484375,0.4811435043811798,-1,-1,-1
630,180,3571.854248046875,597.8370361328125,18.137939453125,46.18157958984375,0.4579026401042938,-1,-1,-1
631,1,4900.5732421875,801.0773315429688,57.75439453125,99.7396240234375,0.7455940842628479,-1,-1,-1
631,202,4014.8681640625,579.843017578125,18.4677734375,40.613525390625,0.45727527141571045,-1,-1,-1
631,180,3571.63671875,598.3251342773438,18.279052734375,45.77337646484375,0.4860507547855377,-1,-1,-1
632,1,4895.1455078125,800.3536987304688,57.72998046875,99.18115234375,0.6841418743133545,-1,-1,-1
632,202,4015.14599609375,582.7096557617188,17.6435546875,39.2789306640625,0.4495916962623596,-1,-1,-1
632,180,3570.726806640625,598.4395141601562,19.046630859375,45.56915283203125,0.43720802664756775,-1,-1,-1
633,1,4889.03271484375,800.599853515625,58.60791015625,100.208251953125,0.7269229292869568,-1,-1,-1
633,202,4015.8486328125,583.9164428710938,17.113525390625,40.3682861328125,0.45700109004974365,-1,-1,-1
633,180,3569.72998046875,598.4144897460938,19.910888671875,43.9461669921875,0.3663053512573242,-1,-1,-1
634,1,4882.88720703125,801.778564453125,57.79296875,100.737548828125,0.7788402438163757,-1,-1,-1
634,202,4015.5517578125,584.5987548828125,17.499755859375,41.19232177734375,0.42265039682388306,-1,-1,-1
634,180,3568.79052734375,598.65283203125,20.7421875,44.11370849609375,0.25168901681900024,-1,-1,-1
635,1,4877.34130859375,804.0032958984375,57.2822265625,101.08721923828125,0.7515993714332581,-1,-1,-1
635,202,4015.69873046875,585.3189697265625,17.265869140625,40.9969482421875,0.49424734711647034,-1,-1,-1
635,180,3566.578125,599.099853515625,22.8154296875,46.53021240234375,0.2529773414134979,-1,-1,-1
636,1,4871.646484375,806.3457641601562,57.0615234375,97.93902587890625,0.6339930295944214,-1,-1,-1
636,202,4015.948486328125,585.788330078125,16.635986328125,41.02838134765625,0.41203078627586365,-1,-1,-1
636,222,4208.72802734375,529.9503173828125,17.20654296875,35.1126708984375,0.3696225881576538,-1,-1,-1
637,1,4865.5302734375,808.220703125,56.35498046875,96.33526611328125,0.6602572202682495,-1,-1,-1
637,202,4016.16552734375,585.7156982421875,16.345458984375,41.37017822265625,0.4325830936431885,-1,-1,-1
637,222,4207.3525390625,528.4292602539062,18.01806640625,35.8656005859375,0.4313405752182007,-1,-1,-1
638,1,4859.32470703125,807.8974609375,55.54833984375,97.96392822265625,0.5314450860023499,-1,-1,-1
638,202,4016.067626953125,585.598876953125,16.50341796875,41.43353271484375,0.3929832875728607,-1,-1,-1
638,222,4206.1142578125,528.458984375,17.31982421875,34.0081787109375,0.41857171058654785,-1,-1,-1
639,1,4851.17626953125,807.2779541015625,55.2763671875,99.7325439453125,0.7425668835639954,-1,-1,-1
639,202,4016.133056640625,585.9085083007812,16.839599609375,41.9189453125,0.4611957371234894,-1,-1,-1
639,222,4203.974609375,527.1914672851562,18.21728515625,34.27276611328125,0.443862646818161,-1,-1,-1
640,1,4843.28857421875,806.013916015625,57.453125,98.5108642578125,0.7826278805732727,-1,-1,-1
640,202,4015.334228515625,586.22705078125,18.025146484375,42.20635986328125,0.4586639702320099,-1,-1,-1
640,222,4202.5234375,526.703857421875,17.646484375,34.756591796875,0.4698919951915741,-1,-1,-1
641,1,4835.58740234375,803.6797485351562,61.015625,98.423095703125,0.8247036337852478,-1,-1,-1
641,202,4015.62255859375,586.2594604492188,18.022216796875,44.4951171875,0.5067735314369202,-1,-1,-1
641,222,4201.6943359375,526.517578125,16.72900390625,34.69677734375,0.5137467384338379,-1,-1,-1
642,1,4829.6455078125,801.5150756835938,62.89794921875,97.86865234375,0.7745326161384583,-1,-1,-1
642,202,4015.03271484375,587.8220825195312,18.997802734375,43.6414794921875,0.5070749521255493,-1,-1,-1
642,222,4199.8583984375,526.9752197265625,16.697265625,33.82025146484375,0.4203490614891052,-1,-1,-1
642,180,3559.3076171875,609.3358154296875,23.203369140625,46.41534423828125,0.32144895195961,-1,-1,-1
643,1,4820.47021484375,799.9209594726562,67.43994140625,97.61895751953125,0.8038104176521301,-1,-1,-1
643,202,4015.142333984375,589.3714599609375,19.232666015625,45.9293212890625,0.5452877283096313,-1,-1,-1
643,222,4198.64892578125,528.5397338867188,16.9970703125,32.65277099609375,0.3495394289493561,-1,-1,-1
643,180,3558.55126953125,609.0779418945312,21.968017578125,48.7578125,0.3215740919113159,-1,-1,-1
644,1,4814.650390625,799.934326171875,63.873046875,94.7987060546875,0.8083276748657227,-1,-1,-1
644,202,4014.413818359375,590.7313232421875,20.32470703125,46.13494873046875,0.5480937957763672,-1,-1,-1
644,222,4196.845703125,529.252685546875,17.4033203125,32.06610107421875,0.2651326656341553,-1,-1,-1
644,180,3558.044677734375,609.4033813476562,20.548095703125,51.3741455078125,0.4440787732601166,-1,-1,-1
645,1,4808.94970703125,800.6024169921875,64.16455078125,93.53314208984375,0.834526777267456,-1,-1,-1
645,202,4014.43408203125,592.6586303710938,20.333984375,44.68218994140625,0.5339769124984741,-1,-1,-1
645,180,3558.057861328125,610.6123046875,17.64208984375,50.7911376953125,0.4811471402645111,-1,-1,-1
646,1,4804.38134765625,801.7010498046875,62.77490234375,92.83929443359375,0.8153762221336365,-1,-1,-1
646,202,4014.672607421875,594.8682861328125,19.999755859375,42.6988525390625,0.49231207370758057,-1,-1,-1
646,180,3556.272705078125,611.501708984375,18.531982421875,53.24066162109375,0.4631652534008026,-1,-1,-1
647,1,4800.09033203125,803.5157470703125,58.23193359375,93.50042724609375,0.7768263816833496,-1,-1,-1
647,202,4014.68701171875,595.740966796875,19.67333984375,42.161376953125,0.5494790077209473,-1,-1,-1
647,180,3556.077392578125,613.68994140625,18.153076171875,52.48443603515625,0.35939720273017883,-1,-1,-1
648,1,4790.89013671875,806.3251953125,60.0517578125,92.427734375,0.7015079259872437,-1,-1,-1
648,202,4014.806884765625,596.1991577148438,19.2216796875,42.34783935546875,0.4812883734703064,-1,-1,-1
648,180,3554.806396484375,616.0265502929688,19.068359375,50.84259033203125,0.31910109519958496,-1,-1,-1
649,1,4784.3984375,807.1773071289062,60.36083984375,92.61883544921875,0.7461407780647278,-1,-1,-1
649,202,4014.5703125,596.2261962890625,19.257080078125,42.295654296875,0.444968581199646,-1,-1,-1
649,180,3553.74658203125,617.8983154296875,19.786865234375,49.5185546875,0.33412790298461914,-1,-1,-1
650,1,4778.279296875,806.5809326171875,60.47412109375,96.18304443359375,0.762645423412323,-1,-1,-1
650,202,4014.31396484375,596.2658081054688,19.3798828125,44.7728271484375,0.5185391306877136,-1,-1,-1
650,180,3552.642822265625,619.4368286132812,20.393798828125,48.712646484375,0.31199565529823303,-1,-1,-1
651,1,4772.93701171875,805.8298950195312,57.4072265625,98.47186279296875,0.7053755521774292,-1,-1,-1
651,202,4013.865966796875,596.66845703125,19.8271484375,45.8427734375,0.46681180596351624,-1,-1,-1
651,180,3551.3779296875,619.0184326171875,21.113037109375,49.332275390625,0.3734382688999176,-1,-1,-1
652,1,4767.52587890625,804.0269165039062,55.4130859375,99.67474365234375,0.7038003206253052,-1,-1,-1
652,202,4012.859619140625,597.2059326171875,21.028076171875,46.824462890625,0.4442090094089508,-1,-1,-1
653,1,4761.037109375,803.7220458984375,55.97021484375,96.92230224609375,0.7649370431900024,-1,-1,-1
653,202,4012.83935546875,597.7232055664062,20.459716796875,47.5888671875,0.502627432346344,-1,-1,-1
654,1,4752.341796875,802.7061157226562,60.28564453125,97.41357421875,0.7627699375152588,-1,-1,-1
654,202,4012.458740234375,598.7010498046875,20.733642578125,48.21759033203125,0.4913236200809479,-1,-1,-1
655,1,4745.68994140625,802.3327026367188,60.55859375,98.7686767578125,0.7799785137176514,-1,-1,-1
655,202,4012.302978515625,600.313720703125,20.14111328125,47.52874755859375,0.4587443172931671,-1,-1,-1
656,1,4741.234375,802.7098388671875,59.85302734375,98.14263916015625,0.7547855973243713,-1,-1,-1
656,202,4012.3115234375,601.6257934570312,19.662109375,46.1435546875,0.48343658447265625,-1,-1,-1
657,1,4735.267578125,805.8607177734375,57.51806640625,95.434326171875,0.6413317918777466,-1,-1,-1
657,202,4011.477294921875,602.1281127929688,19.63623046875,47.0418701171875,0.4952165484428406,-1,-1,-1
657,222,4179.23876953125,532.404541015625,15.388671875,28.5198974609375,0.3226148784160614,-1,-1,-1
657,180,3545.4091796875,626.2603149414062,19.796630859375,49.1904296875,0.25007304549217224,-1,-1,-1
658,1,4729.6943359375,807.1439819335938,54.2998046875,94.34228515625,0.6505186557769775,-1,-1,-1
658,202,4010.52294921875,601.6107788085938,19.370361328125,47.8221435546875,0.5110470652580261,-1,-1,-1
658,222,4176.365234375,528.8683471679688,16.42529296875,32.7696533203125,0.3970617949962616,-1,-1,-1
658,180,3544.573486328125,628.1525268554688,19.49853515625,48.587158203125,0.30087366700172424,-1,-1,-1
659,1,4722.86572265625,807.9804077148438,51.58642578125,94.79266357421875,0.7114207148551941,-1,-1,-1
659,202,4009.76806640625,601.8148193359375,18.871337890625,49.36212158203125,0.4801282584667206,-1,-1,-1
659,222,4176.2705078125,527.3858032226562,15.572265625,35.1829833984375,0.4448421895503998,-1,-1,-1
659,180,3542.67822265625,629.7719116210938,20.451171875,51.1363525390625,0.25686484575271606,-1,-1,-1
660,1,4713.35595703125,807.9124145507812,53.4228515625,95.58050537109375,0.7251985669136047,-1,-1,-1
660,202,4008.405517578125,601.978759765625,19.03955078125,50.68841552734375,0.49140679836273193,-1,-1,-1
660,222,4175.71875,527.2844848632812,15.8232421875,35.37152099609375,0.445742666721344,-1,-1,-1
660,235,3845.308349609375,537.7078857421875,27.972412109375,44.064453125,0.3620169162750244,-1,-1,-1
661,1,4704.177734375,807.4564819335938,56.02783203125,95.2197265625,0.7527737021446228,-1,-1,-1
661,202,4008.352783203125,605.5111083984375,18.382568359375,48.4779052734375,0.4826292395591736,-1,-1,-1
661,222,4174.5107421875,526.9557495117188,15.70263671875,35.96453857421875,0.40376684069633484,-1,-1,-1
661,235,3842.176025390625,539.3220825195312,30.314208984375,43.77593994140625,0.32906484603881836,-1,-1,-1
661,180,3540.359130859375,631.6181640625,22.1748046875,54.23431396484375,0.31553131341934204,-1,-1,-1
662,1,4695.2734375,804.6403198242188,59.6181640625,96.2891845703125,0.78757643699646,-1,-1,-1
662,202,4007.8955078125,608.660888671875,17.912109375,48.4901123046875,0.4171436131000519,-1,-1,-1
662,222,4173.236328125,526.5573120117188,16.71484375,37.3924560546875,0.435798317193985,-1,-1,-1
662,235,3841.72021484375,540.3807373046875,29.947265625,45.45166015625,0.39936718344688416,-1,-1,-1
663,1,4686.1708984375,802.1278686523438,64.9375,96.69287109375,0.7538175582885742,-1,-1,-1
663,202,4007.8603515625,610.775390625,16.8984375,47.42230224609375,0.367228627204895,-1,-1,-1
663,222,4171.4482421875,527.8287963867188,17.5986328125,36.3404541015625,0.3232625126838684,-1,-1,-1
663,235,3841.370361328125,541.3088989257812,28.10546875,43.14984130859375,0.25916364789009094,-1,-1,-1
664,1,4678.517578125,801.0736083984375,69.16748046875,96.63226318359375,0.7218897938728333,-1,-1,-1
664,202,4005.951416015625,612.1956787109375,19.087646484375,46.2105712890625,0.3874979317188263,-1,-1,-1
664,235,3842.49755859375,539.0997314453125,23.96240234375,42.463623046875,0.31513136625289917,-1,-1,-1
665,1,4670.54248046875,800.0493774414062,72.2158203125,95.84619140625,0.7786627411842346,-1,-1,-1
665,202,4005.076904296875,613.2764892578125,19.776611328125,45.60382080078125,0.3504396378993988,-1,-1,-1
665,239,3148.6416015625,550.5592651367188,20.232666015625,38.9110107421875,0.4626067876815796,-1,-1,-1
665,222,4168.6865234375,531.682861328125,17.77099609375,33.0478515625,0.31728678941726685,-1,-1,-1
666,1,4664.46240234375,799.4625854492188,70.66748046875,95.3533935546875,0.733086347579956,-1,-1,-1
666,202,4004.575927734375,613.60498046875,19.726318359375,46.75518798828125,0.34046536684036255,-1,-1,-1
666,222,4167.5771484375,532.5328369140625,18.13916015625,31.17681884765625,0.2806518077850342,-1,-1,-1
666,180,3533.98828125,636.2416381835938,24.0693359375,59.94610595703125,0.25427281856536865,-1,-1,-1
667,1,4658.25537109375,800.2968139648438,64.31494140625,96.00714111328125,0.6931958794593811,-1,-1,-1
667,202,4003.04638671875,613.1879272460938,20.967529296875,46.86334228515625,0.35617202520370483,-1,-1,-1
668,1,4653.13916015625,803.2271118164062,62.8974609375,96.09564208984375,0.6377291679382324,-1,-1,-1
669,1,4648.9423828125,804.9607543945312,59.845703125,97.83941650390625,0.6589242815971375,-1,-1,-1
669,180,3531.987548828125,641.7019653320312,23.656494140625,58.09307861328125,0.27735626697540283,-1,-1,-1
670,1,4641.890625,805.85791015625,60.4287109375,97.5838623046875,0.6080054640769958,-1,-1,-1
670,180,3530.961669921875,642.1717529296875,22.886962890625,57.64801025390625,0.27264708280563354,-1,-1,-1
671,1,4636.3779296875,805.198974609375,58.38525390625,100.536376953125,0.729724645614624,-1,-1,-1
671,180,3530.392333984375,642.3948364257812,22.917236328125,55.70263671875,0.33353057503700256,-1,-1,-1
672,1,4632.04443359375,803.883056640625,55.025390625,102.2862548828125,0.7261277437210083,-1,-1,-1
672,180,3529.160888671875,642.9539184570312,21.738525390625,54.01263427734375,0.3496166467666626,-1,-1,-1
672,248,3830.922607421875,540.2822875976562,22.7607421875,49.2750244140625,0.3471127152442932,-1,-1,-1
673,1,4627.83984375,801.84912109375,52.029296875,101.25238037109375,0.7381705045700073,-1,-1,-1
673,180,3528.70068359375,643.6162719726562,21.615478515625,54.905029296875,0.39014631509780884,-1,-1,-1
673,248,3830.3388671875,539.0043334960938,20.306640625,50.85888671875,0.5097531676292419,-1,-1,-1
673,222,4155.7021484375,528.3968505859375,22.41943359375,40.83343505859375,0.34629905223846436,-1,-1,-1
674,1,4620.9072265625,800.0206298828125,52.79638671875,100.9039306640625,0.7846837043762207,-1,-1,-1
674,180,3526.95751953125,647.68408203125,21.179443359375,53.80224609375,0.38156065344810486,-1,-1,-1
674,248,3829.32666015625,539.774169921875,18.837890625,50.873291015625,0.589210033416748,-1,-1,-1
674,222,4154.4521484375,527.8798217773438,22.2685546875,40.79864501953125,0.428101122379303,-1,-1,-1
674,202,3993.93310546875,624.3837890625,21.83251953125,47.5491943359375,0.4025843143463135,-1,-1,-1
675,1,4613.080078125,798.8250122070312,54.4462890625,100.4659423828125,0.8103070259094238,-1,-1,-1
675,180,3525.35400390625,650.8685913085938,21.968017578125,51.124755859375,0.27133190631866455,-1,-1,-1
675,248,3827.593505859375,540.2107543945312,17.931396484375,53.22320556640625,0.6225087642669678,-1,-1,-1
675,222,4153.92138671875,530.2100830078125,21.9619140625,39.1600341796875,0.4699775278568268,-1,-1,-1
675,202,3993.392822265625,624.5105590820312,20.591552734375,47.66119384765625,0.511216402053833,-1,-1,-1
676,1,4603.89453125,798.627197265625,56.5224609375,100.41357421875,0.7252898812294006,-1,-1,-1
676,180,3524.208740234375,652.780517578125,22.146728515625,52.35601806640625,0.36164960265159607,-1,-1,-1
676,248,3825.91796875,542.1890258789062,18.572509765625,51.97686767578125,0.546135663986206,-1,-1,-1
676,222,4153.8310546875,530.6932983398438,20.390625,38.18780517578125,0.5192931294441223,-1,-1,-1
676,202,3993.162109375,625.2894897460938,19.1103515625,48.389404296875,0.5083306431770325,-1,-1,-1
677,1,4598.1328125,801.8114624023438,55.51806640625,96.38470458984375,0.7000025510787964,-1,-1,-1
677,180,3522.2626953125,653.2081909179688,22.916748046875,57.319580078125,0.509368360042572,-1,-1,-1
677,248,3823.930908203125,542.7188110351562,19.674560546875,51.80560302734375,0.5118288397789001,-1,-1,-1
677,222,4153.27978515625,530.7725219726562,19.1103515625,38.57928466796875,0.5188195109367371,-1,-1,-1
677,202,3992.89599609375,625.0911865234375,18.301513671875,50.1666259765625,0.548387348651886,-1,-1,-1
677,258,3611.9345703125,587.0782470703125,21.33837890625,42.12750244140625,0.38872554898262024,-1,-1,-1
678,1,4591.29931640625,803.8507690429688,55.6796875,95.45062255859375,0.7507216334342957,-1,-1,-1
678,180,3520.549560546875,654.034423828125,23.01171875,61.0723876953125,0.4480293095111847,-1,-1,-1
678,248,3823.103759765625,543.9600219726562,19.3408203125,49.00848388671875,0.4750252664089203,-1,-1,-1
678,222,4153.14794921875,531.3438720703125,18.40234375,36.392333984375,0.5085470676422119,-1,-1,-1
678,202,3992.0126953125,625.1439819335938,17.21875,50.37200927734375,0.561223030090332,-1,-1,-1
678,258,3610.329345703125,587.5230102539062,20.80419921875,44.0023193359375,0.3911159634590149,-1,-1,-1
679,1,4585.4345703125,806.6488037109375,52.64501953125,97.3265380859375,0.7057595252990723,-1,-1,-1
679,180,3520.136962890625,654.42626953125,21.81396484375,64.1982421875,0.475115031003952,-1,-1,-1
679,248,3822.204833984375,543.7137451171875,19.2216796875,49.08526611328125,0.4454502761363983,-1,-1,-1
679,222,4152.95654296875,531.7994995117188,17.52490234375,34.699951171875,0.5536893606185913,-1,-1,-1
679,202,3988.671875,625.41064453125,19.08154296875,52.05035400390625,0.5876950621604919,-1,-1,-1
679,258,3609.829833984375,588.46240234375,19.0087890625,43.8924560546875,0.4069114327430725,-1,-1,-1
680,1,4579.15771484375,808.1325073242188,50.84326171875,97.02947998046875,0.7479860782623291,-1,-1,-1
680,180,3519.566162109375,654.2047119140625,21.581298828125,66.90118408203125,0.4773012697696686,-1,-1,-1
680,248,3820.05517578125,542.5770874023438,19.4326171875,53.81634521484375,0.3393813669681549,-1,-1,-1
680,222,4152.50439453125,529.9058837890625,17.193359375,35.6513671875,0.5626460313796997,-1,-1,-1
680,202,3987.14404296875,626.0107421875,20.343017578125,55.13031005859375,0.6605340838432312,-1,-1,-1
680,258,3607.20068359375,589.6786499023438,19.65185546875,43.05438232421875,0.427253395318985,-1,-1,-1
681,1,4571.35595703125,809.2415771484375,50.05322265625,96.63507080078125,0.7545436024665833,-1,-1,-1
681,180,3519.421630859375,654.8243408203125,20.73779296875,68.4617919921875,0.43784546852111816,-1,-1,-1
681,248,3818.464111328125,542.3555297851562,19.322998046875,56.6077880859375,0.3552060127258301,-1,-1,-1
681,222,4152.17724609375,527.922119140625,17.07373046875,38.03448486328125,0.5603839755058289,-1,-1,-1
681,202,3985.3349609375,626.8656616210938,21.533935546875,59.380615234375,0.652500331401825,-1,-1,-1
681,258,3604.675048828125,590.25927734375,20.8115234375,44.05474853515625,0.297548770904541,-1,-1,-1
682,1,4562.77294921875,808.5858764648438,50.39013671875,96.0137939453125,0.7193202972412109,-1,-1,-1
682,180,3519.032470703125,656.5557861328125,21.186279296875,67.101318359375,0.5001262426376343,-1,-1,-1
682,248,3817.654052734375,542.9901123046875,18.831787109375,57.27276611328125,0.3359634280204773,-1,-1,-1
682,222,4151.4912109375,527.6268310546875,17.0966796875,38.3831787109375,0.5620829463005066,-1,-1,-1
682,202,3984.505126953125,628.4522705078125,22.19970703125,61.0767822265625,0.7195388674736023,-1,-1,-1
682,261,3064.298828125,561.9092407226562,21.018310546875,41.6324462890625,0.49140259623527527,-1,-1,-1
683,1,4553.93798828125,806.8609008789062,52.5302734375,96.86737060546875,0.7236723899841309,-1,-1,-1
683,248,3817.276611328125,542.1514282226562,18.35546875,57.8365478515625,0.35199782252311707,-1,-1,-1
683,222,4150.19775390625,527.4457397460938,17.90966796875,39.154541015625,0.5999733805656433,-1,-1,-1
683,202,3983.724365234375,630.1617431640625,22.7822265625,59.27423095703125,0.6756332516670227,-1,-1,-1
683,261,3060.45947265625,561.5039672851562,20.50537109375,41.17730712890625,0.4156103730201721,-1,-1,-1
684,1,4547.3037109375,804.8453369140625,54.29638671875,95.5238037109375,0.7120490074157715,-1,-1,-1
684,222,4149.2822265625,526.8440551757812,17.9951171875,39.513427734375,0.6010002493858337,-1,-1,-1
684,202,3982.597412109375,631.187744140625,23.023193359375,57.55047607421875,0.6082627177238464,-1,-1,-1
684,261,3054.85595703125,562.644775390625,22.63623046875,41.0245361328125,0.3118728697299957,-1,-1,-1
685,1,4539.0869140625,802.899658203125,58.609375,94.13232421875,0.7743175029754639,-1,-1,-1
685,222,4148.86865234375,527.178466796875,17.5703125,39.3121337890625,0.5979692339897156,-1,-1,-1
685,202,3981.256591796875,631.2530517578125,24.191162109375,58.2208251953125,0.6547503471374512,-1,-1,-1
685,261,3050.3271484375,561.412353515625,22.89453125,43.7496337890625,0.46382513642311096,-1,-1,-1
685,180,3517.836181640625,663.5531616210938,20.6494140625,63.41680908203125,0.27523577213287354,-1,-1,-1
685,248,3813.69873046875,543.1608276367188,18.4580078125,55.7852783203125,0.27299076318740845,-1,-1,-1
686,1,4532.80322265625,801.2108154296875,61.16162109375,93.81671142578125,0.7708374857902527,-1,-1,-1
686,222,4148.13232421875,527.2107543945312,17.49267578125,40.000732421875,0.5799543261528015,-1,-1,-1
686,202,3980.081298828125,631.6338500976562,23.889404296875,57.5157470703125,0.5999665856361389,-1,-1,-1
686,261,3043.557861328125,561.2493896484375,24.25634765625,46.15301513671875,0.5436971783638,-1,-1,-1
686,265,3415.480224609375,522.4035034179688,22.8671875,30.11590576171875,0.36111146211624146,-1,-1,-1
686,180,3517.074951171875,664.6123657226562,21.3017578125,64.62591552734375,0.31919586658477783,-1,-1,-1
686,248,3811.60986328125,544.1683959960938,19.727294921875,56.51025390625,0.3558834195137024,-1,-1,-1
687,1,4525.0498046875,798.4608154296875,60.71484375,95.125732421875,0.728646993637085,-1,-1,-1
687,222,4146.978515625,528.0032958984375,17.57958984375,37.94903564453125,0.5334703326225281,-1,-1,-1
687,202,3979.1513671875,631.7727661132812,22.90625,60.09539794921875,0.5539198517799377,-1,-1,-1
687,261,3037.583984375,562.5843505859375,23.740966796875,46.66949462890625,0.5315367579460144,-1,-1,-1
687,265,3411.565673828125,522.2940063476562,24.599609375,27.4271240234375,0.3650723099708557,-1,-1,-1
687,180,3516.69287109375,665.9337158203125,21.9365234375,67.2283935546875,0.3649478554725647,-1,-1,-1
687,248,3810.06689453125,542.9607543945312,20.01611328125,57.28424072265625,0.3330506682395935,-1,-1,-1
688,1,4520.14892578125,800.4210205078125,55.82080078125,94.2506103515625,0.7178903222084045,-1,-1,-1
688,222,4145.7685546875,529.8448486328125,17.57421875,36.76190185546875,0.46559321880340576,-1,-1,-1
688,202,3977.955078125,633.8760375976562,22.0634765625,60.4833984375,0.5324838161468506,-1,-1,-1
688,261,3035.052001953125,563.4249267578125,21.039306640625,45.694091796875,0.4944778382778168,-1,-1,-1
688,265,3408.153076171875,523.9202270507812,24.533935546875,26.73431396484375,0.2978653013706207,-1,-1,-1
688,180,3516.801025390625,666.661865234375,21.865478515625,69.47796630859375,0.5174742937088013,-1,-1,-1
688,248,3807.8447265625,543.0614013671875,20.5791015625,57.7376708984375,0.330473393201828,-1,-1,-1
689,1,4514.13818359375,802.8511352539062,55.96435546875,92.056884765625,0.7604304552078247,-1,-1,-1
689,222,4144.59375,530.8568115234375,17.58056640625,36.32769775390625,0.4463024139404297,-1,-1,-1
689,202,3977.058349609375,636.7719116210938,21.48974609375,60.17376708984375,0.4405565857887268,-1,-1,-1
689,261,3030.751708984375,564.1239624023438,19.62646484375,44.3963623046875,0.391122430562973,-1,-1,-1
689,265,3407.463623046875,524.045654296875,24.157958984375,28.57861328125,0.3270331025123596,-1,-1,-1
689,180,3516.8291015625,666.1748657226562,22.2138671875,71.9080810546875,0.6209936141967773,-1,-1,-1
689,248,3806.28955078125,542.8865966796875,20.88720703125,57.9866943359375,0.31489768624305725,-1,-1,-1
690,1,4510.3544921875,803.8143310546875,52.9970703125,91.7142333984375,0.7552918195724487,-1,-1,-1
690,222,4143.04345703125,533.9484252929688,18.68603515625,33.63824462890625,0.435798317193985,-1,-1,-1
690,202,3974.60107421875,637.0579833984375,23.76708984375,63.36444091796875,0.4326316714286804,-1,-1,-1
690,180,3517.218505859375,666.6024169921875,21.84033203125,71.849853515625,0.6181104779243469,-1,-1,-1
690,248,3803.9443359375,542.8814697265625,21.931884765625,59.1468505859375,0.25437474250793457,-1,-1,-1
691,1,4504.24658203125,805.5421142578125,51.287109375,90.76959228515625,0.7639259099960327,-1,-1,-1
691,222,4142.0419921875,534.6921997070312,18.6806640625,32.6285400390625,0.42822518944740295,-1,-1,-1
691,202,3972.0673828125,636.988037109375,25.770751953125,66.44708251953125,0.6768494844436646,-1,-1,-1
691,180,3517.993408203125,669.2494506835938,20.662841796875,69.49176025390625,0.45587357878685,-1,-1,-1
691,248,3803.13330078125,542.0814208984375,20.369140625,61.5267333984375,0.3608357310295105,-1,-1,-1
692,1,4499.25439453125,807.0011596679688,50.2216796875,90.14239501953125,0.731255292892456,-1,-1,-1
692,222,4141.3427734375,532.5101928710938,18.24853515625,34.35406494140625,0.43053510785102844,-1,-1,-1
692,202,3969.7451171875,638.043212890625,27.66064453125,65.85894775390625,0.7202321887016296,-1,-1,-1
692,180,3519.102783203125,672.8324584960938,19.45458984375,66.795166015625,0.42610645294189453,-1,-1,-1
692,248,3802.61865234375,543.2176513671875,19.09228515625,62.60955810546875,0.4436678886413574,-1,-1,-1
692,261,3016.68408203125,565.5836181640625,20.329345703125,43.47674560546875,0.4591122567653656,-1,-1,-1
693,1,4492.66259765625,806.0640869140625,50.12548828125,93.58349609375,0.7259358167648315,-1,-1,-1
693,222,4140.7119140625,532.419189453125,18.2275390625,33.92822265625,0.38701364398002625,-1,-1,-1
693,202,3967.572998046875,639.023681640625,27.011474609375,64.00018310546875,0.6907181143760681,-1,-1,-1
693,248,3801.885986328125,543.1876220703125,16.990966796875,64.880615234375,0.38808465003967285,-1,-1,-1
693,261,3011.90625,566.9505004882812,20.452880859375,42.86431884765625,0.5364168882369995,-1,-1,-1
694,1,4487.458984375,804.2122802734375,49.0302734375,96.72137451171875,0.7249740958213806,-1,-1,-1
694,222,4140.2490234375,533.8406372070312,18.44189453125,31.68023681640625,0.3603697121143341,-1,-1,-1
694,202,3966.531494140625,639.1814575195312,25.40771484375,62.62835693359375,0.546244740486145,-1,-1,-1
694,248,3798.746826171875,543.4695434570312,19.134033203125,62.94732666015625,0.4772665202617645,-1,-1,-1
694,261,3008.694580078125,568.5636596679688,16.67333984375,41.55908203125,0.4067530035972595,-1,-1,-1
695,1,4480.318359375,801.8829956054688,49.2373046875,100.10833740234375,0.8012465834617615,-1,-1,-1
695,222,4140.16943359375,533.1425170898438,18.30810546875,31.6610107421875,0.3449365198612213,-1,-1,-1
695,202,3966.016845703125,640.7454223632812,23.489501953125,60.58245849609375,0.5925687551498413,-1,-1,-1
695,248,3797.10791015625,543.3876342773438,19.605224609375,63.0567626953125,0.38138774037361145,-1,-1,-1
695,261,3005.469482421875,569.1815185546875,16.26171875,42.33282470703125,0.38089948892593384,-1,-1,-1
695,265,3395.446533203125,525.4305419921875,18.659912109375,32.15545654296875,0.32311204075813293,-1,-1,-1
696,1,4474.0244140625,799.6345825195312,49.87451171875,101.3641357421875,0.7914143800735474,-1,-1,-1
696,222,4139.89892578125,531.2093505859375,18.4853515625,33.98626708984375,0.3370547592639923,-1,-1,-1
696,202,3965.207763671875,642.3436279296875,23.5048828125,60.18359375,0.5923905372619629,-1,-1,-1
696,248,3795.2197265625,544.3197021484375,21.06689453125,63.20111083984375,0.5285202264785767,-1,-1,-1
696,261,2999.782958984375,568.5039672851562,20.44873046875,43.38519287109375,0.3352133333683014,-1,-1,-1
696,265,3393.897216796875,521.8507080078125,17.571533203125,37.3651123046875,0.35529381036758423,-1,-1,-1
697,1,4466.20068359375,800.4212646484375,51.84228515625,99.5531005859375,0.7502434253692627,-1,-1,-1
697,222,4138.6787109375,531.0447998046875,19.74365234375,34.20458984375,0.30561840534210205,-1,-1,-1
697,202,3962.385498046875,642.9031982421875,24.913818359375,62.128662109375,0.6382299661636353,-1,-1,-1
697,248,3793.81982421875,543.9528198242188,20.697021484375,62.864013671875,0.5068342089653015,-1,-1,-1
697,261,2996.573486328125,569.0792236328125,19.647705078125,41.28057861328125,0.4042927920818329,-1,-1,-1
697,265,3392.804443359375,522.8178100585938,16.947021484375,39.3759765625,0.3242952823638916,-1,-1,-1
698,1,4460.607421875,800.9971313476562,51.47216796875,97.14801025390625,0.6775701642036438,-1,-1,-1
698,202,3960.273681640625,644.0765991210938,25.31982421875,61.0330810546875,0.6838487386703491,-1,-1,-1
698,248,3791.1162109375,544.7576293945312,22.008544921875,61.9454345703125,0.44987061619758606,-1,-1,-1
698,261,2992.334716796875,568.2777099609375,20.28466796875,42.716796875,0.3599763810634613,-1,-1,-1
698,265,3390.3779296875,521.4758911132812,18.6669921875,41.0576171875,0.35159212350845337,-1,-1,-1
699,1,4453.470703125,802.521240234375,50.4619140625,97.88311767578125,0.650116503238678,-1,-1,-1
699,202,3957.0703125,645.233154296875,27.187255859375,61.67578125,0.7049779891967773,-1,-1,-1
699,248,3789.99462890625,544.609619140625,21.72998046875,61.2230224609375,0.5049675107002258,-1,-1,-1
699,261,2988.012939453125,568.3863525390625,20.14892578125,43.6036376953125,0.5846892595291138,-1,-1,-1
699,265,3386.75341796875,521.2235107421875,21.57177734375,43.48272705078125,0.37763386964797974,-1,-1,-1
699,180,3521.06298828125,671.3858032226562,18.790771484375,71.314453125,0.39614367485046387,-1,-1,-1
699,222,4136.5390625,533.1115112304688,21.6943359375,31.79241943359375,0.2540183663368225,-1,-1,-1
700,1,4447.11279296875,805.7342529296875,49.3056640625,98.11004638671875,0.6443111300468445,-1,-1,-1
700,202,3955.010498046875,648.5067138671875,27.04248046875,60.102294921875,0.6646654009819031,-1,-1,-1
700,248,3789.75732421875,545.1779174804688,20.058349609375,61.79754638671875,0.45162540674209595,-1,-1,-1
700,261,2982.964111328125,569.4879150390625,22.025634765625,44.1829833984375,0.5932667255401611,-1,-1,-1
700,265,3382.470947265625,523.1629638671875,24.464111328125,41.1878662109375,0.2999289631843567,-1,-1,-1
700,180,3521.16162109375,672.417236328125,18.748046875,71.66668701171875,0.4613616168498993,-1,-1,-1
701,1,4442.849609375,809.811279296875,45.17578125,93.7430419921875,0.47583234310150146,-1,-1,-1
701,202,3953.2744140625,651.1400756835938,25.8583984375,61.60430908203125,0.6786770820617676,-1,-1,-1
701,248,3789.86083984375,545.4769897460938,18.57177734375,63.1943359375,0.3017522096633911,-1,-1,-1
701,261,2979.65673828125,570.0743408203125,22.4111328125,44.28448486328125,0.538291871547699,-1,-1,-1
701,265,3379.640869140625,525.583740234375,25.052734375,38.36871337890625,0.27213600277900696,-1,-1,-1
701,180,3521.631103515625,674.0142211914062,18.635986328125,71.8084716796875,0.4613018333911896,-1,-1,-1
702,1,4437.8212890625,810.4873657226562,42.38916015625,93.8878173828125,0.6237762570381165,-1,-1,-1
702,202,3952.60107421875,652.765380859375,23.794921875,61.8380126953125,0.6397448182106018,-1,-1,-1
702,261,2976.854248046875,570.0554809570312,20.543701171875,42.7689208984375,0.5164973735809326,-1,-1,-1
702,180,3522.4482421875,675.7564086914062,18.413818359375,71.091796875,0.4397623836994171,-1,-1,-1
703,1,4430.89892578125,810.7882080078125,41.80419921875,93.80322265625,0.6644772291183472,-1,-1,-1
703,202,3948.875732421875,652.8864135742188,24.585693359375,63.3519287109375,0.6552066206932068,-1,-1,-1
703,261,2972.01318359375,571.3011474609375,22.06982421875,41.60601806640625,0.4561295211315155,-1,-1,-1
703,180,3522.01708984375,676.3043212890625,20.830322265625,72.0760498046875,0.6321013569831848,-1,-1,-1
704,1,4420.4892578125,808.125,46.685546875,97.1473388671875,0.675090491771698,-1,-1,-1
704,202,3944.841796875,653.2838134765625,26.361572265625,64.19769287109375,0.6747402548789978,-1,-1,-1
704,261,2968.708251953125,573.0940551757812,23.76123046875,40.2757568359375,0.30707141757011414,-1,-1,-1
704,180,3521.310302734375,678.4933471679688,22.614013671875,72.68328857421875,0.6553758978843689,-1,-1,-1
705,1,4411.357421875,805.8268432617188,49.78955078125,97.2008056640625,0.7457675337791443,-1,-1,-1
705,202,3942.259765625,653.6917724609375,27.521484375,63.29510498046875,0.6060813069343567,-1,-1,-1
705,261,2964.4296875,573.0712280273438,22.86572265625,42.2047119140625,0.4627450108528137,-1,-1,-1
705,180,3521.5068359375,681.52685546875,22.660888671875,71.25738525390625,0.5266542434692383,-1,-1,-1
705,222,4128.39111328125,532.439453125,22.43359375,33.88427734375,0.34116244316101074,-1,-1,-1
706,1,4401.41650390625,803.6049194335938,56.5625,97.4588623046875,0.7161397933959961,-1,-1,-1
706,202,3940.249755859375,652.7855834960938,28.81982421875,65.28045654296875,0.5490368008613586,-1,-1,-1
706,261,2959.78466796875,572.1159057617188,22.63720703125,43.6619873046875,0.6187888979911804,-1,-1,-1
706,180,3521.31689453125,682.8573608398438,23.591552734375,76.3182373046875,0.5283460021018982,-1,-1,-1
706,222,4127.638671875,533.1547241210938,22.6123046875,33.0048828125,0.36593836545944214,-1,-1,-1
707,1,4395.443359375,801.9189453125,59.4833984375,95.8494873046875,0.7364787459373474,-1,-1,-1
707,202,3938.3857421875,651.5440673828125,26.904541015625,68.3907470703125,0.6649878025054932,-1,-1,-1
707,261,2956.336669921875,572.5457153320312,22.72705078125,44.54730224609375,0.6412801742553711,-1,-1,-1
707,180,3521.67236328125,684.689697265625,23.68310546875,79.224853515625,0.5444318652153015,-1,-1,-1
707,222,4127.15625,533.6519775390625,22.10400390625,32.42510986328125,0.3801919221878052,-1,-1,-1
707,265,3365.8232421875,518.7994384765625,26.18359375,47.21875,0.36619630455970764,-1,-1,-1
708,1,4388.33837890625,800.2506103515625,63.015625,98.1739501953125,0.7112138271331787,-1,-1,-1
708,202,3936.146240234375,651.92431640625,25.252685546875,67.86248779296875,0.7688801884651184,-1,-1,-1
708,261,2953.0908203125,573.864990234375,23.852783203125,43.79638671875,0.6098470091819763,-1,-1,-1
708,180,3521.589111328125,685.3221435546875,24.34375,79.67095947265625,0.5764335989952087,-1,-1,-1
708,222,4127.12744140625,532.7258911132812,20.03466796875,32.38018798828125,0.44617408514022827,-1,-1,-1
708,265,3364.45166015625,517.6966552734375,24.47265625,47.89300537109375,0.43969792127609253,-1,-1,-1
708,248,3776.012451171875,539.6533813476562,20.021240234375,72.70263671875,0.3783435821533203,-1,-1,-1
709,1,4383.0380859375,800.2628173828125,61.86083984375,97.9368896484375,0.7268713116645813,-1,-1,-1
709,202,3932.410888671875,651.2435302734375,25.8681640625,69.51824951171875,0.7799618244171143,-1,-1,-1
709,261,2949.37890625,574.6229248046875,24.393798828125,43.39642333984375,0.5644572377204895,-1,-1,-1
709,180,3521.952880859375,686.5548095703125,24.3974609375,78.2357177734375,0.5519217848777771,-1,-1,-1
709,222,4127.017578125,531.5745849609375,18.4345703125,32.53729248046875,0.4668877124786377,-1,-1,-1
709,265,3363.517578125,518.8724365234375,22.650390625,46.2454833984375,0.4303131103515625,-1,-1,-1
709,248,3775.14306640625,540.2814331054688,17.640625,72.65966796875,0.5134919285774231,-1,-1,-1
710,1,4374.4912109375,801.480224609375,62.64697265625,95.238037109375,0.6806972622871399,-1,-1,-1
710,202,3929.7607421875,653.2946166992188,25.150146484375,68.91412353515625,0.7855009436607361,-1,-1,-1
710,261,2945.80029296875,574.3605346679688,24.057861328125,44.7564697265625,0.5539548993110657,-1,-1,-1
710,180,3522.679931640625,686.5517578125,24.157958984375,74.93634033203125,0.4992034137248993,-1,-1,-1
710,222,4126.86279296875,530.5228881835938,17.123046875,33.00439453125,0.47920772433280945,-1,-1,-1
710,265,3362.552978515625,519.2889404296875,21.7470703125,47.68133544921875,0.4295422434806824,-1,-1,-1
710,248,3774.034912109375,541.2774658203125,16.889892578125,70.79022216796875,0.5045698881149292,-1,-1,-1
711,1,4368.2158203125,802.5994873046875,56.00537109375,94.22705078125,0.7895354628562927,-1,-1,-1
711,202,3927.365234375,655.0802001953125,24.961181640625,69.35137939453125,0.7363343238830566,-1,-1,-1
711,261,2943.683837890625,573.94580078125,23.462158203125,45.37078857421875,0.47467324137687683,-1,-1,-1
711,180,3523.11962890625,687.6278076171875,24.076171875,76.7445068359375,0.4574257433414459,-1,-1,-1
711,222,4126.70166015625,530.2649536132812,16.15087890625,32.7838134765625,0.44861429929733276,-1,-1,-1
711,265,3362.103271484375,520.7593994140625,20.795654296875,43.29608154296875,0.31424689292907715,-1,-1,-1
711,248,3771.668212890625,541.4110107421875,18.041748046875,68.37359619140625,0.44933411478996277,-1,-1,-1
712,1,4363.3515625,804.4521484375,52.072265625,93.7320556640625,0.7605172991752625,-1,-1,-1
712,202,3925.439697265625,659.2343139648438,22.91162109375,63.14410400390625,0.6968066096305847,-1,-1,-1
712,261,2941.8271484375,574.2327880859375,21.268310546875,46.9351806640625,0.4134535491466522,-1,-1,-1
712,180,3523.392578125,688.30029296875,23.919677734375,73.753173828125,0.3560033440589905,-1,-1,-1
712,222,4126.5341796875,530.3309936523438,15.9453125,32.45135498046875,0.423590749502182,-1,-1,-1
712,248,3768.465087890625,541.9129638671875,19.446533203125,70.897705078125,0.2855064570903778,-1,-1,-1
713,1,4360.63818359375,806.2178955078125,48.42626953125,93.63623046875,0.7568618059158325,-1,-1,-1
713,202,3923.16064453125,659.0712890625,21.775146484375,63.8751220703125,0.5620383620262146,-1,-1,-1
713,261,2938.61669921875,575.0753784179688,20.14013671875,44.20404052734375,0.3039172887802124,-1,-1,-1
713,180,3524.0078125,689.4136352539062,23.655029296875,72.61566162109375,0.3321189284324646,-1,-1,-1
713,222,4126.3623046875,530.6444091796875,16.01611328125,32.340087890625,0.40006202459335327,-1,-1,-1
713,248,3766.708740234375,542.0858154296875,18.61767578125,73.97467041015625,0.2735256850719452,-1,-1,-1
714,1,4356.416015625,807.390625,46.9814453125,95.0767822265625,0.6698600053787231,-1,-1,-1
714,202,3918.623779296875,657.9268798828125,24.351318359375,65.081298828125,0.4897671937942505,-1,-1,-1
714,261,2936.764892578125,574.9775390625,20.084228515625,45.03485107421875,0.3542843759059906,-1,-1,-1
714,180,3524.43603515625,689.5972900390625,23.688232421875,74.4190673828125,0.3671751022338867,-1,-1,-1
714,222,4126.21142578125,530.9363403320312,15.91552734375,32.07305908203125,0.4131477475166321,-1,-1,-1
714,248,3764.275634765625,541.681640625,19.1162109375,76.41766357421875,0.3090914189815521,-1,-1,-1
715,1,4350.82421875,805.5930786132812,46.625,97.08026123046875,0.673931360244751,-1,-1,-1
715,202,3914.51513671875,658.6171875,25.4365234375,63.73382568359375,0.5125609636306763,-1,-1,-1
715,261,2935.212646484375,574.3651733398438,17.78662109375,45.68768310546875,0.45422980189323425,-1,-1,-1
715,180,3524.68994140625,689.6576538085938,23.917236328125,76.9044189453125,0.42010417580604553,-1,-1,-1
715,222,4126.013671875,530.882568359375,15.98779296875,31.45050048828125,0.43285566568374634,-1,-1,-1
715,248,3762.9951171875,543.5463256835938,18.87158203125,70.7542724609375,0.29314783215522766,-1,-1,-1
716,1,4344.90869140625,803.5191650390625,47.49462890625,101.5430908203125,0.7619608044624329,-1,-1,-1
716,202,3911.201416015625,658.7606201171875,25.956787109375,66.2427978515625,0.5657840371131897,-1,-1,-1
716,261,2933.0234375,573.792236328125,17.432861328125,44.3302001953125,0.4215240180492401,-1,-1,-1
716,180,3525.06005859375,689.9749755859375,24.281005859375,78.44866943359375,0.320018470287323,-1,-1,-1
716,222,4125.728515625,530.6541748046875,16.23388671875,30.5948486328125,0.42544716596603394,-1,-1,-1
716,248,3760.572021484375,544.2164306640625,20.408935546875,64.10638427734375,0.3289353847503662,-1,-1,-1
717,1,4340.333984375,801.7928466796875,45.3125,103.68035888671875,0.7258968949317932,-1,-1,-1
717,202,3908.11962890625,657.3067016601562,27.808349609375,71.7593994140625,0.6778157949447632,-1,-1,-1
717,261,2930.33740234375,574.0530395507812,18.887451171875,45.9691162109375,0.5328079462051392,-1,-1,-1
717,180,3525.229248046875,690.06005859375,25.87060546875,81.67449951171875,0.3574763834476471,-1,-1,-1
717,222,4125.29345703125,530.6104736328125,16.4130859375,30.25555419921875,0.43917518854141235,-1,-1,-1
717,248,3756.448486328125,545.7799682617188,22.609130859375,65.82403564453125,0.3897176682949066,-1,-1,-1
718,1,4333.888671875,801.543212890625,46.12109375,102.9178466796875,0.7664893269538879,-1,-1,-1
718,202,3904.315673828125,656.35888671875,28.0029296875,74.49017333984375,0.7157118320465088,-1,-1,-1
718,261,2927.482177734375,574.9447021484375,18.7958984375,48.5465087890625,0.5425769090652466,-1,-1,-1
718,180,3525.54052734375,689.8462524414062,26.7060546875,83.35205078125,0.3055773079395294,-1,-1,-1
718,222,4124.60546875,530.9071655273438,16.73388671875,29.4500732421875,0.444328248500824,-1,-1,-1
718,248,3752.904296875,545.9181518554688,24.40380859375,65.0384521484375,0.3431767225265503,-1,-1,-1
719,1,4326.27734375,800.7225952148438,48.88671875,100.68670654296875,0.7168318033218384,-1,-1,-1
719,202,3900.4375,657.153076171875,27.933837890625,72.94158935546875,0.6249273419380188,-1,-1,-1
719,261,2924.293212890625,575.0280151367188,18.78759765625,49.01763916015625,0.5346214175224304,-1,-1,-1
719,180,3525.26123046875,689.5414428710938,27.6787109375,85.1136474609375,0.6302363276481628,-1,-1,-1
719,222,4123.5966796875,531.1629638671875,17.4111328125,28.579833984375,0.39593788981437683,-1,-1,-1
719,248,3750.19287109375,546.90185546875,25.794189453125,63.46990966796875,0.40182042121887207,-1,-1,-1
720,1,4318.79443359375,801.0033569335938,49.36669921875,99.03912353515625,0.7360947728157043,-1,-1,-1
720,202,3898.063720703125,660.5137329101562,28.269775390625,69.06005859375,0.5290147662162781,-1,-1,-1
720,261,2922.311767578125,576.4568481445312,18.535400390625,48.6400146484375,0.5065438747406006,-1,-1,-1
720,180,3525.56494140625,691.4403686523438,27.896240234375,84.53314208984375,0.5757772922515869,-1,-1,-1
720,222,4122.83642578125,531.4985961914062,18.005859375,27.97283935546875,0.3721490502357483,-1,-1,-1
720,248,3748.99658203125,549.5946044921875,25.554931640625,56.66925048828125,0.4131024181842804,-1,-1,-1
721,1,4312.22998046875,801.9813842773438,48.18701171875,102.11773681640625,0.7158002257347107,-1,-1,-1
721,202,3894.25830078125,662.93603515625,28.2529296875,68.11151123046875,0.5780666470527649,-1,-1,-1
721,261,2917.262939453125,578.47900390625,22.239013671875,46.33837890625,0.40816131234169006,-1,-1,-1
721,180,3526.64794921875,693.0192260742188,28.7451171875,84.90997314453125,0.5678462982177734,-1,-1,-1
721,222,4122.548828125,532.0564575195312,17.98876953125,27.27484130859375,0.38493824005126953,-1,-1,-1
721,248,3748.237548828125,549.57470703125,26.2099609375,56.8626708984375,0.42037054896354675,-1,-1,-1
721,272,3748.078369140625,568.5275268554688,19.12255859375,46.55120849609375,0.37234336137771606,-1,-1,-1
722,1,4309.02978515625,805.7013549804688,45.3642578125,101.1072998046875,0.6880768537521362,-1,-1,-1
722,202,3889.988037109375,664.386962890625,30.1181640625,67.05322265625,0.5557745099067688,-1,-1,-1
722,180,3529.1455078125,695.1505126953125,27.38134765625,84.6412353515625,0.5278241038322449,-1,-1,-1
722,222,4122.26953125,532.2421264648438,18.0478515625,26.79913330078125,0.37953290343284607,-1,-1,-1
722,248,3746.664306640625,553.2588500976562,25.56884765625,52.64556884765625,0.263007253408432,-1,-1,-1
722,272,3744.260986328125,572.1589965820312,21.259033203125,44.0894775390625,0.3458840847015381,-1,-1,-1
723,1,4302.2294921875,807.4697875976562,44.2197265625,99.84222412109375,0.7272378206253052,-1,-1,-1
723,202,3886.45166015625,664.666748046875,30.885986328125,67.5718994140625,0.422219842672348,-1,-1,-1
723,180,3530.48974609375,700.1121215820312,26.4677734375,79.238525390625,0.5669185519218445,-1,-1,-1
723,222,4121.78466796875,532.1974487304688,18.25634765625,26.69415283203125,0.3981296718120575,-1,-1,-1
723,272,3740.020751953125,574.4951171875,23.653564453125,45.68255615234375,0.39307931065559387,-1,-1,-1
723,261,2910.284423828125,580.0372314453125,22.85107421875,46.03802490234375,0.3857448399066925,-1,-1,-1
724,1,4294.197265625,808.027099609375,43.78076171875,100.43084716796875,0.7104305624961853,-1,-1,-1
724,202,3883.298095703125,664.9550170898438,28.069091796875,67.7978515625,0.6357707977294922,-1,-1,-1
724,180,3531.218994140625,702.2871704101562,25.572265625,74.6751708984375,0.5650257468223572,-1,-1,-1
724,222,4121.49658203125,532.100830078125,18.33447265625,26.630859375,0.3750153183937073,-1,-1,-1
724,272,3737.224365234375,578.4013061523438,24.87939453125,44.0980224609375,0.28208068013191223,-1,-1,-1
724,261,2908.333251953125,581.3209228515625,21.997802734375,44.83038330078125,0.5380074381828308,-1,-1,-1
725,1,4285.19580078125,807.8431396484375,44.720703125,101.315673828125,0.68044513463974,-1,-1,-1
725,202,3879.922119140625,665.4605102539062,27.175537109375,68.1837158203125,0.6492158770561218,-1,-1,-1
725,180,3531.7158203125,702.7347412109375,25.23193359375,73.03680419921875,0.5042453408241272,-1,-1,-1
725,222,4121.13818359375,531.8419189453125,18.51220703125,27.04046630859375,0.34015312790870667,-1,-1,-1
725,261,2904.169677734375,582.9343872070312,22.838623046875,43.82666015625,0.5192034840583801,-1,-1,-1
726,1,4275.71240234375,806.4804077148438,48.083984375,102.060302734375,0.6640911102294922,-1,-1,-1
726,202,3877.493896484375,665.0300903320312,27.102783203125,70.65899658203125,0.696180522441864,-1,-1,-1
726,180,3532.235107421875,702.7323608398438,25.508544921875,74.76080322265625,0.45281919836997986,-1,-1,-1
726,222,4121.05615234375,531.6214599609375,18.4931640625,27.36602783203125,0.37176787853240967,-1,-1,-1
726,261,2901.494873046875,584.5615844726562,24.307373046875,42.23309326171875,0.5151635408401489,-1,-1,-1
727,1,4266.234375,805.3059692382812,53.0703125,101.27557373046875,0.6873422265052795,-1,-1,-1
727,202,3874.0673828125,663.9088745117188,27.02294921875,70.57720947265625,0.7477150559425354,-1,-1,-1
727,180,3532.640380859375,702.3798828125,25.906982421875,76.45306396484375,0.4397169053554535,-1,-1,-1
727,222,4120.7080078125,531.8541259765625,18.365234375,27.04931640625,0.3460592031478882,-1,-1,-1
727,261,2897.932861328125,584.4493408203125,25.82080078125,46.07916259765625,0.5251172184944153,-1,-1,-1
728,1,4261.3369140625,802.7290649414062,56.20068359375,99.66375732421875,0.7839329242706299,-1,-1,-1
728,202,3871.00244140625,663.5593872070312,26.060546875,70.3507080078125,0.6763709783554077,-1,-1,-1
728,180,3533.646484375,701.2496948242188,26.582763671875,78.2200927734375,0.41670680046081543,-1,-1,-1
728,222,4121.083984375,532.2939453125,17.689453125,27.211181640625,0.35771727561950684,-1,-1,-1
728,261,2894.98388671875,584.1832885742188,24.6591796875,46.87896728515625,0.5254179239273071,-1,-1,-1
729,1,4254.68212890625,801.082763671875,60.69921875,101.2381591796875,0.7141862511634827,-1,-1,-1
729,202,3866.956787109375,664.40869140625,25.908935546875,69.757080078125,0.5536213517189026,-1,-1,-1
729,180,3534.2724609375,701.0213623046875,26.678466796875,78.88153076171875,0.40119510889053345,-1,-1,-1
729,222,4121.2978515625,532.4271850585938,17.32373046875,27.6920166015625,0.3889748454093933,-1,-1,-1
729,261,2893.087158203125,584.5298461914062,23.728515625,46.91400146484375,0.5162595510482788,-1,-1,-1
729,276,3747.2822265625,541.6697387695312,17.012939453125,36.01953125,0.4406885504722595,-1,-1,-1
730,1,4247.41650390625,799.27734375,64.7216796875,101.6763916015625,0.7183141112327576,-1,-1,-1
730,202,3863.838623046875,664.1767578125,26.155029296875,69.27557373046875,0.5439429879188538,-1,-1,-1
730,180,3534.458251953125,700.898681640625,27.12744140625,80.6236572265625,0.4757722020149231,-1,-1,-1
730,222,4121.40478515625,532.4884643554688,17.26123046875,27.7791748046875,0.35518962144851685,-1,-1,-1
730,261,2891.679931640625,585.086669921875,22.578857421875,47.28619384765625,0.45674529671669006,-1,-1,-1
730,276,3747.6611328125,542.6490478515625,15.996337890625,35.87884521484375,0.3804527223110199,-1,-1,-1
731,1,4241.32421875,800.3080444335938,64.4560546875,98.41729736328125,0.7134475111961365,-1,-1,-1
731,202,3858.632568359375,664.9467163085938,27.21533203125,69.00555419921875,0.5358788371086121,-1,-1,-1
731,180,3534.708251953125,702.1661987304688,27.190673828125,79.58221435546875,0.4656820297241211,-1,-1,-1
731,222,4121.28662109375,532.6170654296875,17.20263671875,27.54583740234375,0.34626463055610657,-1,-1,-1
731,261,2889.21826171875,583.9800415039062,23.713134765625,49.15814208984375,0.37760844826698303,-1,-1,-1
731,276,3747.072265625,543.0400390625,16.27783203125,35.680419921875,0.27179279923439026,-1,-1,-1
732,1,4236.36474609375,802.8743896484375,55.1142578125,93.10546875,0.7489441633224487,-1,-1,-1
732,202,3854.746826171875,666.4067993164062,27.64306640625,68.431884765625,0.5678275227546692,-1,-1,-1
732,180,3534.74658203125,703.1405029296875,27.5361328125,79.73077392578125,0.4882547855377197,-1,-1,-1
732,222,4120.810546875,532.596435546875,17.400390625,27.6900634765625,0.3334279954433441,-1,-1,-1
732,261,2887.27685546875,581.7141723632812,22.824951171875,52.3388671875,0.3735124170780182,-1,-1,-1
732,276,3747.065185546875,543.5133666992188,16.05908203125,37.6781005859375,0.42533576488494873,-1,-1,-1
733,1,4232.47509765625,803.4744262695312,49.0908203125,92.90625,0.7364679574966431,-1,-1,-1
733,202,3851.9716796875,668.6421508789062,25.84521484375,67.8785400390625,0.6600702404975891,-1,-1,-1
733,180,3534.6220703125,703.5202026367188,28.77587890625,80.152099609375,0.4970151484012604,-1,-1,-1
733,222,4120.71142578125,532.424560546875,17.51953125,27.485595703125,0.3146491050720215,-1,-1,-1
733,261,2885.3935546875,580.6331176757812,22.2373046875,54.07861328125,0.4038141071796417,-1,-1,-1
733,276,3746.95068359375,543.3079223632812,15.06787109375,37.773681640625,0.3810616433620453,-1,-1,-1
733,279,3717.389404296875,582.0568237304688,19.404052734375,42.25775146484375,0.4127424359321594,-1,-1,-1
734,1,4228.33251953125,805.0281372070312,49.7978515625,93.3751220703125,0.7286108136177063,-1,-1,-1
734,202,3848.49365234375,670.3923950195312,24.589599609375,66.3502197265625,0.6748642921447754,-1,-1,-1
734,180,3534.434326171875,705.2160034179688,29.527099609375,81.335693359375,0.44377684593200684,-1,-1,-1
734,222,4120.44140625,532.0787963867188,17.79736328125,27.84942626953125,0.3237168788909912,-1,-1,-1
734,261,2881.768798828125,580.4680786132812,23.38330078125,57.0406494140625,0.4180695116519928,-1,-1,-1
734,276,3744.068115234375,542.7490234375,15.58642578125,39.566162109375,0.3448147177696228,-1,-1,-1
734,279,3713.814208984375,580.1720581054688,19.754150390625,45.19354248046875,0.4337712228298187,-1,-1,-1
735,1,4224.09375,806.8381958007812,47.32763671875,93.91595458984375,0.7099042534828186,-1,-1,-1
735,202,3844.804443359375,670.4513549804688,24.041748046875,67.126220703125,0.695301353931427,-1,-1,-1
735,180,3534.1201171875,705.19384765625,30.4443359375,83.8226318359375,0.48743629455566406,-1,-1,-1
735,222,4120.19921875,531.6541748046875,18.0712890625,28.5137939453125,0.37939703464508057,-1,-1,-1
735,261,2879.718994140625,581.3626708984375,22.611328125,56.235595703125,0.6240661144256592,-1,-1,-1
735,279,3706.81884765625,580.5912475585938,23.824462890625,45.31622314453125,0.38420984148979187,-1,-1,-1
736,1,4221.2978515625,806.452392578125,45.12109375,97.58837890625,0.7249075770378113,-1,-1,-1
736,202,3841.170166015625,670.5359497070312,23.09912109375,67.1868896484375,0.6409448385238647,-1,-1,-1
736,180,3533.87744140625,705.5540161132812,30.98681640625,84.3197021484375,0.511060357093811,-1,-1,-1
736,222,4119.93505859375,531.2625732421875,18.24755859375,29.01788330078125,0.37942779064178467,-1,-1,-1
736,261,2876.978515625,582.0289916992188,22.617919921875,55.0682373046875,0.6750999689102173,-1,-1,-1
737,1,4215.72119140625,805.0534057617188,44.3466796875,97.8218994140625,0.7600890398025513,-1,-1,-1
737,202,3836.053466796875,670.582763671875,26.06982421875,65.8834228515625,0.5932116508483887,-1,-1,-1
737,180,3532.7138671875,707.0029907226562,30.93798828125,83.1669921875,0.40800684690475464,-1,-1,-1
737,222,4119.67822265625,531.1145629882812,18.28662109375,29.23236083984375,0.3541310131549835,-1,-1,-1
737,261,2874.601318359375,583.1817016601562,23.359375,53.218994140625,0.6486722826957703,-1,-1,-1
737,276,3737.394287109375,543.0267333984375,17.873291015625,40.67633056640625,0.3460254669189453,-1,-1,-1
738,1,4210.537109375,802.9774780273438,44.4716796875,104.18890380859375,0.7906359434127808,-1,-1,-1
738,202,3832.605224609375,667.523193359375,28.81591796875,67.9176025390625,0.5676537156105042,-1,-1,-1
738,180,3532.19287109375,707.6240234375,30.32080078125,83.20367431640625,0.43937236070632935,-1,-1,-1
738,222,4119.61376953125,530.8526611328125,18.11669921875,29.67987060546875,0.3544350266456604,-1,-1,-1
738,261,2873.166259765625,583.961669921875,23.4619140625,51.20941162109375,0.6262577176094055,-1,-1,-1
738,276,3736.08837890625,543.5016479492188,17.855712890625,40.7154541015625,0.33433014154434204,-1,-1,-1
739,1,4206.68603515625,801.0731201171875,43.0732421875,105.03594970703125,0.8145427107810974,-1,-1,-1
739,202,3828.710693359375,664.8934936523438,30.275634765625,70.73480224609375,0.6034562587738037,-1,-1,-1
739,180,3531.741943359375,708.3076171875,30.673095703125,83.6187744140625,0.4810578525066376,-1,-1,-1
739,222,4119.5703125,530.2153930664062,17.8447265625,30.8133544921875,0.3679388463497162,-1,-1,-1
739,261,2870.587646484375,585.0055541992188,24.908203125,49.93402099609375,0.535871148109436,-1,-1,-1
739,276,3734.1640625,543.6051635742188,18.968017578125,41.7913818359375,0.3815363645553589,-1,-1,-1
740,1,4200.662109375,799.5717163085938,44.36083984375,106.7939453125,0.8047508001327515,-1,-1,-1
740,202,3824.924560546875,665.31787109375,30.774658203125,70.5621337890625,0.6515821218490601,-1,-1,-1
740,180,3531.587158203125,708.6869506835938,30.355712890625,84.8299560546875,0.4713124632835388,-1,-1,-1
740,222,4119.58642578125,529.8081665039062,17.78076171875,31.45556640625,0.3602607548236847,-1,-1,-1
740,261,2868.7294921875,585.9249267578125,25.1767578125,48.88983154296875,0.529260516166687,-1,-1,-1
740,276,3733.625244140625,543.8285522460938,19.129638671875,40.7567138671875,0.33022594451904297,-1,-1,-1
741,1,4192.4794921875,799.751953125,48.6630859375,104.17108154296875,0.8130815029144287,-1,-1,-1
741,202,3822.39794921875,666.1504516601562,29.722900390625,68.988525390625,0.7013211846351624,-1,-1,-1
741,180,3531.388916015625,709.41064453125,30.20751953125,85.1357421875,0.4455033838748932,-1,-1,-1
741,222,4119.62255859375,530.025146484375,17.4326171875,31.3115234375,0.357952743768692,-1,-1,-1
741,261,2867.602783203125,586.695068359375,23.938232421875,48.2705078125,0.5534569621086121,-1,-1,-1
741,276,3732.364501953125,544.7242431640625,20.055908203125,40.70111083984375,0.35101544857025146,-1,-1,-1
741,279,3694.6416015625,576.9403076171875,20.028564453125,45.62554931640625,0.35230687260627747,-1,-1,-1
742,1,4186.70947265625,800.3902587890625,47.58056640625,102.44024658203125,0.7751860618591309,-1,-1,-1
742,202,3819.6650390625,666.7138061523438,29.279296875,68.09893798828125,0.6898112297058105,-1,-1,-1
742,180,3531.56298828125,710.349853515625,29.1748046875,84.60089111328125,0.4442714750766754,-1,-1,-1
742,222,4119.6162109375,529.8829956054688,17.45947265625,32.3712158203125,0.37862274050712585,-1,-1,-1
742,261,2865.35107421875,587.8062744140625,24.08349609375,47.9580078125,0.5051144957542419,-1,-1,-1
742,276,3731.078857421875,545.1170043945312,21.045654296875,40.63568115234375,0.3083116412162781,-1,-1,-1
742,279,3693.5068359375,575.8917846679688,19.087158203125,45.109130859375,0.4217558801174164,-1,-1,-1
743,1,4182.0302734375,802.0333862304688,45.1103515625,100.77178955078125,0.7903217673301697,-1,-1,-1
743,202,3816.543212890625,668.2903442382812,29.030029296875,67.40618896484375,0.6626002788543701,-1,-1,-1
743,180,3531.58203125,710.7647094726562,28.5595703125,84.60516357421875,0.48005402088165283,-1,-1,-1
743,222,4119.6259765625,530.066650390625,17.578125,33.042724609375,0.37737348675727844,-1,-1,-1
743,261,2863.819580078125,586.4490966796875,23.371826171875,47.767333984375,0.4737507700920105,-1,-1,-1
743,279,3691.96435546875,576.1642456054688,20.17431640625,45.1116943359375,0.42571237683296204,-1,-1,-1
744,1,4174.6142578125,803.6298828125,45.92431640625,103.13262939453125,0.735824465751648,-1,-1,-1
744,202,3813.25048828125,669.6420288085938,25.821044921875,68.65399169921875,0.6310339570045471,-1,-1,-1
744,180,3531.738525390625,711.551513671875,28.146240234375,84.0303955078125,0.4319690763950348,-1,-1,-1
744,222,4119.65771484375,530.5525512695312,17.80615234375,32.770751953125,0.3754424452781677,-1,-1,-1
744,261,2861.97314453125,585.8955078125,24.033935546875,50.6734619140625,0.4252348244190216,-1,-1,-1
744,279,3689.275634765625,576.6473388671875,22.0849609375,47.0423583984375,0.4759427011013031,-1,-1,-1
745,1,4169.220703125,807.0654296875,45.6123046875,101.26318359375,0.7157590985298157,-1,-1,-1
745,202,3810.106201171875,670.4150390625,25.3896484375,70.3369140625,0.5832393765449524,-1,-1,-1
745,180,3531.61279296875,712.0386962890625,28.32958984375,83.200927734375,0.42630013823509216,-1,-1,-1
745,222,4119.67529296875,530.97265625,17.7265625,32.3603515625,0.3778800666332245,-1,-1,-1
745,279,3685.90087890625,577.931884765625,23.36181640625,46.93658447265625,0.4528581202030182,-1,-1,-1
746,1,4162.09375,809.7431030273438,44.1416015625,98.404296875,0.7509362101554871,-1,-1,-1
746,202,3806.033447265625,670.1866455078125,24.22216796875,67.61322021484375,0.5676516890525818,-1,-1,-1
746,180,3531.65625,711.7689819335938,28.845703125,83.4019775390625,0.4148470163345337,-1,-1,-1
746,222,4119.611328125,531.1502075195312,17.8056640625,32.12603759765625,0.3965928256511688,-1,-1,-1
746,279,3681.02099609375,577.9826049804688,26.1181640625,47.4659423828125,0.411542683839798,-1,-1,-1
746,261,2856.232666015625,585.4500122070312,24.7138671875,57.45166015625,0.3009333312511444,-1,-1,-1
747,1,4155.8125,808.8880004882812,44.0693359375,99.0784912109375,0.7402098774909973,-1,-1,-1
747,202,3802.91552734375,668.3013305664062,23.5732421875,70.13629150390625,0.5020424127578735,-1,-1,-1
747,180,3531.51220703125,712.1995239257812,29.159423828125,83.9129638671875,0.4236924946308136,-1,-1,-1
747,222,4119.44580078125,531.3827514648438,17.80517578125,31.64483642578125,0.3762734532356262,-1,-1,-1
747,279,3677.218994140625,580.0239868164062,27.9140625,45.21856689453125,0.354289710521698,-1,-1,-1
747,261,2855.166015625,585.0112915039062,23.741943359375,59.172607421875,0.4673556089401245,-1,-1,-1
748,1,4146.8798828125,807.304443359375,46.619140625,99.865234375,0.6244857907295227,-1,-1,-1
748,202,3800.389404296875,667.68505859375,24.806396484375,69.36248779296875,0.6075950264930725,-1,-1,-1
748,180,3530.94677734375,713.0462036132812,29.62548828125,84.61962890625,0.27673813700675964,-1,-1,-1
748,222,4119.28564453125,531.9046020507812,17.7216796875,30.4674072265625,0.3376826345920563,-1,-1,-1
748,279,3675.155517578125,580.7686767578125,27.652099609375,44.61993408203125,0.30352169275283813,-1,-1,-1
748,261,2854.657958984375,585.8327026367188,22.324462890625,56.99566650390625,0.48667439818382263,-1,-1,-1
749,1,4137.85791015625,804.0152587890625,50.7255859375,102.5765380859375,0.6508181095123291,-1,-1,-1
749,202,3796.314697265625,667.4246215820312,25.750244140625,67.2333984375,0.6822916865348816,-1,-1,-1
749,180,3531.175048828125,714.2064208984375,30.344482421875,86.04486083984375,0.2527329623699188,-1,-1,-1
749,222,4119.1552734375,532.1903686523438,17.6982421875,29.75762939453125,0.32985639572143555,-1,-1,-1
749,261,2854.008544921875,586.7547607421875,21.8388671875,55.8533935546875,0.5708423256874084,-1,-1,-1
749,283,3717.73828125,543.2521362304688,20.055419921875,40.42205810546875,0.36462873220443726,-1,-1,-1
750,1,4132.4033203125,803.449462890625,53.0009765625,102.66864013671875,0.6331817507743835,-1,-1,-1
750,202,3791.82861328125,665.1773681640625,28.05517578125,69.47747802734375,0.7293562889099121,-1,-1,-1
750,180,3530.181396484375,713.01416015625,32.662353515625,91.00714111328125,0.5533591508865356,-1,-1,-1
750,222,4119.04052734375,532.389404296875,17.65966796875,29.23614501953125,0.338815301656723,-1,-1,-1
750,261,2851.780517578125,587.1898803710938,22.496826171875,55.6424560546875,0.6243129968643188,-1,-1,-1
750,283,3716.976318359375,544.0345458984375,19.94189453125,39.5736083984375,0.40710535645484924,-1,-1,-1
