1,1,2042.9503173828125,720.7403564453125,71.4266357421875,98.923583984375,0.6957774758338928,-1,-1,-1
1,2,2042.192138671875,615.98681640625,42.77392578125,67.27239990234375,0.6386878490447998,-1,-1,-1
1,3,3636.416015625,802.708251953125,35.913818359375,108.04656982421875,0.6001137495040894,-1,-1,-1
1,4,2874.334228515625,603.2305908203125,25.7900390625,57.97607421875,0.5942013263702393,-1,-1,-1
1,5,3121.1494140625,623.0313720703125,47.137939453125,104.5843505859375,0.540014922618866,-1,-1,-1
1,6,2465.58740234375,544.4347534179688,22.307861328125,47.4310302734375,0.519974410533905,-1,-1,-1
1,7,2596.525634765625,611.3079223632812,28.36474609375,59.321533203125,0.49699991941452026,-1,-1,-1
1,8,2522.2060546875,555.0015869140625,27.721435546875,54.52020263671875,0.4304359555244446,-1,-1,-1
1,9,2668.51318359375,562.3740234375,21.007568359375,42.08148193359375,0.4292469024658203,-1,-1,-1
1,10,4089.47021484375,542.8760986328125,19.8115234375,31.349609375,0.3723874092102051,-1,-1,-1
1,11,3217.757568359375,579.0743408203125,21.205078125,46.96209716796875,0.3354029059410095,-1,-1,-1
2,1,2043.4581298828125,720.8493041992188,71.0238037109375,99.0201416015625,0.6793623566627502,-1,-1,-1
2,2,2042.2491455078125,615.50732421875,43.0560302734375,67.64208984375,0.6556017398834229,-1,-1,-1
2,3,3636.7431640625,802.7174072265625,35.577880859375,107.8963623046875,0.6062493324279785,-1,-1,-1
2,4,2875.723876953125,603.112060546875,24.11572265625,56.0057373046875,0.6150103211402893,-1,-1,-1
2,5,3127.0205078125,621.9295654296875,41.96435546875,102.50677490234375,0.5347398519515991,-1,-1,-1
2,6,2468.79833984375,544.43505859375,22.840576171875,48.37493896484375,0.570077657699585,-1,-1,-1
2,7,2598.5703125,612.118408203125,27.463134765625,57.95135498046875,0.49787652492523193,-1,-1,-1
2,8,2521.87109375,553.5172119140625,28.464111328125,56.8583984375,0.4293436110019684,-1,-1,-1
2,9,2669.62158203125,562.8736572265625,21.0546875,43.90191650390625,0.45016998052597046,-1,-1,-1
2,10,4089.5703125,542.7939453125,20.0078125,31.57904052734375,0.38975927233695984,-1,-1,-1
2,11,3217.783935546875,579.8135986328125,21.13720703125,46.23114013671875,0.31462207436561584,-1,-1,-1
3,1,2043.6787109375,721.5624389648438,71.52490234375,97.7100830078125,0.6965623497962952,-1,-1,-1
3,2,2044.01953125,615.1030883789062,41.873779296875,67.75494384765625,0.6620319485664368,-1,-1,-1
3,3,3636.551513671875,802.6751708984375,35.460693359375,108.24383544921875,0.628770649433136,-1,-1,-1
3,4,2874.93408203125,602.5784301757812,26.976806640625,57.35296630859375,0.6141855716705322,-1,-1,-1
3,5,3133.172607421875,622.74853515625,40.52099609375,97.63037109375,0.6582514643669128,-1,-1,-1
3,6,2472.4306640625,545.83544921875,22.70751953125,47.03765869140625,0.5391116738319397,-1,-1,-1
3,7,2599.51708984375,613.0643920898438,30.25048828125,58.03155517578125,0.4634564518928528,-1,-1,-1
3,8,2524.5126953125,553.63671875,26.54150390625,56.97259521484375,0.38117456436157227,-1,-1,-1
3,9,2671.08544921875,563.7242431640625,21.56787109375,40.7547607421875,0.414559006690979,-1,-1,-1
3,10,4089.59326171875,542.8297729492188,20.3212890625,31.92901611328125,0.4031097888946533,-1,-1,-1
3,11,3217.731201171875,579.2437744140625,21.24853515625,46.10369873046875,0.36326363682746887,-1,-1,-1
4,1,2043.728759765625,722.1492309570312,73.503662109375,97.54425048828125,0.6942742466926575,-1,-1,-1
4,2,2045.52783203125,614.4376831054688,40.9501953125,68.1685791015625,0.6557420492172241,-1,-1,-1
4,3,3636.907470703125,802.857666015625,34.96630859375,108.12994384765625,0.6483218669891357,-1,-1,-1
4,4,2877.634765625,601.9603271484375,24.207275390625,54.282470703125,0.6490164995193481,-1,-1,-1
4,5,3142.007568359375,622.7890014648438,35.57373046875,95.90240478515625,0.4838663637638092,-1,-1,-1
4,6,2475.38134765625,546.0415649414062,25.317626953125,47.7052001953125,0.31166872382164,-1,-1,-1
4,7,2602.101318359375,612.7055053710938,31.53076171875,58.5811767578125,0.48956236243247986,-1,-1,-1
4,8,2529.535400390625,553.1119384765625,35.029296875,57.3956298828125,0.4136151373386383,-1,-1,-1
4,9,2673.056396484375,563.5716552734375,21.144287109375,39.44549560546875,0.42537209391593933,-1,-1,-1
4,10,4089.76904296875,542.7449951171875,20.3388671875,32.48797607421875,0.44127899408340454,-1,-1,-1
4,11,3218.322509765625,578.073974609375,20.60986328125,46.59088134765625,0.3894650340080261,-1,-1,-1
5,1,2042.9774169921875,722.7117919921875,73.7657470703125,97.442626953125,0.6932919025421143,-1,-1,-1
5,2,2048.38427734375,613.3950805664062,38.397216796875,68.60595703125,0.6656731367111206,-1,-1,-1
5,3,3637.173583984375,803.2352905273438,34.563232421875,107.88201904296875,0.6566528081893921,-1,-1,-1
5,4,2879.586181640625,601.0604858398438,22.896728515625,54.2694091796875,0.7120195627212524,-1,-1,-1
5,5,3146.4111328125,624.2733764648438,34.0166015625,95.50079345703125,0.5330855846405029,-1,-1,-1
5,7,2604.530517578125,612.7177734375,33.073486328125,59.87518310546875,0.5395445823669434,-1,-1,-1
5,8,2534.775390625,555.9098510742188,33.335205078125,53.7130126953125,0.37061116099357605,-1,-1,-1
5,9,2675.119873046875,564.617431640625,20.341796875,37.05657958984375,0.3859826922416687,-1,-1,-1
5,10,4089.920166015625,542.759033203125,20.239990234375,32.61614990234375,0.444842666387558,-1,-1,-1
5,11,3219.201416015625,577.7196655273438,20.0009765625,46.92999267578125,0.4173175096511841,-1,-1,-1
6,1,2041.6168212890625,722.2130126953125,74.1383056640625,99.72216796875,0.6483575105667114,-1,-1,-1
6,2,2049.4609375,612.6608276367188,38.134521484375,68.662353515625,0.6517822742462158,-1,-1,-1
6,3,3637.297607421875,803.3038940429688,34.41259765625,107.7479248046875,0.670989990234375,-1,-1,-1
6,4,2881.354248046875,600.4213256835938,21.439208984375,53.3818359375,0.6677697896957397,-1,-1,-1
6,5,3150.16943359375,626.427490234375,33.78759765625,91.053466796875,0.5695516467094421,-1,-1,-1
6,7,2606.522705078125,612.0234375,34.0439453125,60.846923828125,0.5318921804428101,-1,-1,-1
6,8,2540.241943359375,555.9218139648438,31.836181640625,48.20794677734375,0.33469828963279724,-1,-1,-1
6,9,2676.195068359375,561.9749755859375,22.25537109375,38.875,0.4038997292518616,-1,-1,-1
6,10,4089.92333984375,542.7195434570312,19.763671875,32.765869140625,0.44447648525238037,-1,-1,-1
6,11,3220.05517578125,577.5223388671875,19.588623046875,47.36627197265625,0.4287734627723694,-1,-1,-1
6,6,2485.471923828125,547.4653930664062,22.858642578125,37.76214599609375,0.38007453083992004,-1,-1,-1
7,1,2042.55322265625,722.2582397460938,70.94189453125,100.0810546875,0.5279111266136169,-1,-1,-1
7,2,2051.8486328125,611.9473876953125,36.763671875,68.92498779296875,0.6721437573432922,-1,-1,-1
7,3,3637.913330078125,803.30517578125,33.939208984375,107.8260498046875,0.6776611804962158,-1,-1,-1
7,4,2882.13916015625,599.6639404296875,22.483154296875,54.76409912109375,0.6146439909934998,-1,-1,-1
7,5,3154.6728515625,628.2284545898438,32.077880859375,90.11090087890625,0.6267140507698059,-1,-1,-1
7,7,2608.649658203125,611.7354125976562,34.854736328125,60.7923583984375,0.48026373982429504,-1,-1,-1
7,8,2543.7763671875,556.9111328125,29.6025390625,47.90020751953125,0.3482687175273895,-1,-1,-1
7,9,2679.504638671875,562.2075805664062,20.198974609375,38.25616455078125,0.4184938073158264,-1,-1,-1
7,10,4090.146240234375,542.5179443359375,19.052978515625,32.968994140625,0.4221801459789276,-1,-1,-1
7,11,3220.603759765625,576.3475952148438,19.3798828125,48.23480224609375,0.44448041915893555,-1,-1,-1
7,17,2766.93115234375,523.8689575195312,20.35400390625,37.06085205078125,0.460649311542511,-1,-1,-1
7,6,2488.04541015625,547.4207763671875,23.353515625,35.29205322265625,0.4091442823410034,-1,-1,-1
8,1,2043.2921142578125,723.1581420898438,66.4166259765625,99.1824951171875,0.3863123059272766,-1,-1,-1
8,2,2053.956787109375,611.1301879882812,35.809814453125,69.167724609375,0.668120801448822,-1,-1,-1
8,3,3638.300048828125,803.4090576171875,33.541259765625,107.42767333984375,0.6753925681114197,-1,-1,-1
8,4,2883.04248046875,598.5685424804688,22.620849609375,56.0445556640625,0.5958999991416931,-1,-1,-1
8,5,3158.023193359375,627.1268310546875,31.968017578125,90.0252685546875,0.46636831760406494,-1,-1,-1
8,7,2610.439453125,611.961669921875,36.2783203125,60.36212158203125,0.4590596556663513,-1,-1,-1
8,8,2547.027587890625,557.9904174804688,27.544921875,42.76629638671875,0.34648990631103516,-1,-1,-1
8,9,2681.160888671875,561.2169189453125,19.770751953125,39.694580078125,0.4499164819717407,-1,-1,-1
8,10,4090.48193359375,542.184814453125,18.46826171875,33.052001953125,0.40654098987579346,-1,-1,-1
8,11,3221.000244140625,575.3338623046875,19.400146484375,48.7679443359375,0.4575955271720886,-1,-1,-1
8,17,2769.762451171875,525.3082275390625,19.51171875,34.93951416015625,0.395338773727417,-1,-1,-1
8,6,2490.667724609375,544.3411254882812,24.6875,38.4700927734375,0.38123080134391785,-1,-1,-1
9,1,2043.7685546875,724.1985473632812,62.927734375,98.09088134765625,0.39626654982566833,-1,-1,-1
9,2,2058.13671875,610.5448608398438,32.83837890625,69.2607421875,0.6633999347686768,-1,-1,-1
9,3,3638.45556640625,803.3779907226562,33.1875,107.3480224609375,0.6759913563728333,-1,-1,-1
9,4,2883.94189453125,597.861083984375,22.48291015625,57.5032958984375,0.6104158163070679,-1,-1,-1
9,5,3161.3486328125,627.26611328125,33.03759765625,93.5936279296875,0.47120293974876404,-1,-1,-1
9,7,2612.20166015625,612.9409790039062,36.18505859375,59.04052734375,0.4713514745235443,-1,-1,-1
9,8,2549.19140625,556.754150390625,26.46435546875,44.19891357421875,0.3694544732570648,-1,-1,-1
9,9,2682.39404296875,560.8392944335938,20.6953125,40.76263427734375,0.4731847047805786,-1,-1,-1
9,10,4090.776611328125,541.8479614257812,18.067626953125,33.22174072265625,0.40116816759109497,-1,-1,-1
9,11,3221.095947265625,574.2299194335938,20.143798828125,49.67437744140625,0.47569072246551514,-1,-1,-1
9,17,2772.681396484375,526.544677734375,19.46630859375,31.89154052734375,0.30475956201553345,-1,-1,-1
9,6,2495.0234375,544.93408203125,23.183349609375,36.23309326171875,0.3406248390674591,-1,-1,-1
10,1,2041.858154296875,725.7817993164062,63.2529296875,98.326171875,0.6046600937843323,-1,-1,-1
10,2,2061.31884765625,610.2548217773438,31.193115234375,69.43865966796875,0.6312207579612732,-1,-1,-1
10,3,3638.437255859375,803.137939453125,33.445068359375,107.6405029296875,0.6784505248069763,-1,-1,-1
10,4,2884.626953125,596.9129638671875,22.993896484375,58.3857421875,0.6354531645774841,-1,-1,-1
10,5,3162.815673828125,624.96630859375,35.8896484375,99.5833740234375,0.5798168182373047,-1,-1,-1
10,7,2613.97265625,612.4375610351562,34.485107421875,59.2027587890625,0.5147339105606079,-1,-1,-1
10,8,2551.60546875,555.1868896484375,26.400634765625,46.65765380859375,0.40849897265434265,-1,-1,-1
10,9,2684.5185546875,560.6194458007812,20.350830078125,40.8997802734375,0.46823233366012573,-1,-1,-1
10,10,4091.084716796875,541.2638549804688,17.762939453125,33.80059814453125,0.4159402549266815,-1,-1,-1
10,11,3221.2822265625,574.0304565429688,20.682373046875,49.5670166015625,0.4831932485103607,-1,-1,-1
10,17,2774.321044921875,527.64697265625,20.51220703125,33.46343994140625,0.2954132854938507,-1,-1,-1
10,6,2498.76513671875,546.2107543945312,23.787109375,36.48193359375,0.387295126914978,-1,-1,-1
11,1,2041.36474609375,727.03662109375,62.9111328125,98.41912841796875,0.6364210247993469,-1,-1,-1
11,2,2063.30810546875,609.9974975585938,31.283935546875,69.75750732421875,0.6189696192741394,-1,-1,-1
11,3,3638.15869140625,803.1612548828125,33.739501953125,107.68994140625,0.6749441623687744,-1,-1,-1
11,4,2885.22412109375,595.961181640625,22.876708984375,59.4627685546875,0.6618280410766602,-1,-1,-1
11,5,3165.916259765625,622.9066162109375,37.990478515625,104.2247314453125,0.4933019280433655,-1,-1,-1
11,7,2615.36767578125,612.4403076171875,35.3515625,59.04833984375,0.5495524406433105,-1,-1,-1
11,8,2552.87158203125,554.7366943359375,26.024658203125,47.622314453125,0.4135727882385254,-1,-1,-1
11,9,2687.71142578125,559.784423828125,18.83056640625,40.4439697265625,0.5040411353111267,-1,-1,-1
11,10,4091.21826171875,541.0409545898438,17.91015625,34.04461669921875,0.4350045323371887,-1,-1,-1
11,11,3221.848388671875,574.2495727539062,21.385498046875,48.85498046875,0.5018695592880249,-1,-1,-1
12,1,2042.553466796875,727.6524658203125,59.610107421875,98.4915771484375,0.5259464383125305,-1,-1,-1
12,2,2064.0693359375,610.1431884765625,32.185791015625,69.2750244140625,0.5756661295890808,-1,-1,-1
12,3,3637.93212890625,803.0431518554688,34.0673828125,107.85076904296875,0.6740553975105286,-1,-1,-1
12,4,2885.881103515625,595.2070922851562,22.88720703125,60.67578125,0.6606904864311218,-1,-1,-1
12,5,3169.2919921875,621.7501220703125,37.685302734375,102.73956298828125,0.5233396887779236,-1,-1,-1
12,7,2618.12939453125,612.1218872070312,34.572021484375,59.5194091796875,0.5930609107017517,-1,-1,-1
12,9,2689.582275390625,559.4873046875,19.765625,40.9720458984375,0.5077251195907593,-1,-1,-1
12,10,4091.505126953125,540.7825927734375,17.711669921875,34.0487060546875,0.44229185581207275,-1,-1,-1
12,11,3222.679931640625,575.1557006835938,21.69873046875,45.4476318359375,0.4793274402618408,-1,-1,-1
13,1,2042.006103515625,728.9424438476562,58.52978515625,97.899169921875,0.4427667260169983,-1,-1,-1
13,2,2063.6318359375,609.9213256835938,35.6572265625,70.17529296875,0.5779303908348083,-1,-1,-1
13,3,3637.802978515625,803.0166625976562,34.2587890625,107.88079833984375,0.674808919429779,-1,-1,-1
13,4,2886.37451171875,594.8198852539062,23.468994140625,60.3768310546875,0.6304746866226196,-1,-1,-1
13,5,3172.29150390625,623.0814208984375,41.98583984375,103.15032958984375,0.3082636594772339,-1,-1,-1
13,7,2621.701171875,612.4317016601562,32.007080078125,59.04681396484375,0.6127892732620239,-1,-1,-1
13,9,2690.69970703125,558.8621826171875,21.68017578125,43.139404296875,0.5193620324134827,-1,-1,-1
13,10,4091.645263671875,540.5701293945312,17.824951171875,34.1571044921875,0.4479036331176758,-1,-1,-1
13,11,3223.466796875,575.5928344726562,21.80224609375,44.6063232421875,0.447494238615036,-1,-1,-1
13,22,3173.972900390625,503.59051513671875,21.494140625,38.78436279296875,0.37501800060272217,-1,-1,-1
13,6,2513.396484375,547.8623657226562,22.466552734375,33.4459228515625,0.3360266089439392,-1,-1,-1
13,8,2560.005859375,552.967529296875,27.03955078125,45.17138671875,0.3036648631095886,-1,-1,-1
14,1,2040.5467529296875,728.8546142578125,59.7091064453125,98.63470458984375,0.5645764470100403,-1,-1,-1
14,2,2064.388427734375,609.9989013671875,39.93994140625,69.83660888671875,0.5765061974525452,-1,-1,-1
14,3,3637.403564453125,802.9923095703125,34.653564453125,107.79803466796875,0.6729755401611328,-1,-1,-1
14,4,2886.73046875,594.5333251953125,23.7587890625,58.88433837890625,0.6014283895492554,-1,-1,-1
14,7,2624.1591796875,612.4305419921875,30.853759765625,59.60882568359375,0.6332371830940247,-1,-1,-1
14,9,2692.3154296875,559.5728759765625,23.239990234375,43.34185791015625,0.45079073309898376,-1,-1,-1
14,10,4091.653076171875,540.6666259765625,17.685791015625,33.5240478515625,0.42507117986679077,-1,-1,-1
14,11,3224.230224609375,576.6461791992188,21.452392578125,43.13037109375,0.38024845719337463,-1,-1,-1
14,24,3173.829833984375,622.5944213867188,26.654296875,69.3009033203125,0.5074095129966736,-1,-1,-1
14,6,2515.965576171875,544.6799926757812,21.7177734375,36.61126708984375,0.28935131430625916,-1,-1,-1
14,8,2565.580322265625,551.8511962890625,25.53662109375,46.06671142578125,0.3277045488357544,-1,-1,-1
15,1,2038.6011962890625,728.3905639648438,60.9083251953125,98.7880859375,0.5855530500411987,-1,-1,-1
15,2,2065.374267578125,610.9041748046875,43.836181640625,68.12554931640625,0.5324171781539917,-1,-1,-1
15,3,3637.03662109375,803.3734130859375,35.00732421875,107.349365234375,0.6688514947891235,-1,-1,-1
15,4,2887.5751953125,594.2877807617188,23.548583984375,60.3411865234375,0.6147661805152893,-1,-1,-1
15,7,2626.93310546875,612.8079833984375,28.432373046875,58.6878662109375,0.5406202673912048,-1,-1,-1
15,9,2693.27197265625,559.86572265625,24.39990234375,43.60260009765625,0.34866443276405334,-1,-1,-1
15,10,4091.408447265625,540.6996459960938,17.825439453125,33.39044189453125,0.4218273162841797,-1,-1,-1
15,11,3224.28955078125,576.2825927734375,22.040283203125,43.3446044921875,0.4103336036205292,-1,-1,-1
15,24,3174.892822265625,621.3758544921875,25.26123046875,72.06304931640625,0.49813219904899597,-1,-1,-1
15,6,2521.386962890625,544.7155151367188,19.9169921875,37.08209228515625,0.30281081795692444,-1,-1,-1
15,8,2570.57421875,552.0450439453125,22.60791015625,47.26141357421875,0.3668701648712158,-1,-1,-1
15,17,2786.958984375,526.592529296875,19.137939453125,30.97637939453125,0.38070207834243774,-1,-1,-1
16,1,2037.3001708984375,727.9050903320312,61.7547607421875,99.534423828125,0.5764650106430054,-1,-1,-1
16,2,2067.194580078125,611.89111328125,45.275146484375,65.32666015625,0.4804955720901489,-1,-1,-1
16,3,3636.65478515625,803.5637817382812,35.43994140625,107.0797119140625,0.6680892705917358,-1,-1,-1
16,4,2888.61083984375,594.6012573242188,23.185791015625,60.8814697265625,0.6326136589050293,-1,-1,-1
16,7,2629.549072265625,612.566162109375,27.16845703125,58.29180908203125,0.5688472986221313,-1,-1,-1
16,9,2693.5712890625,560.54736328125,26.49072265625,44.44183349609375,0.29186713695526123,-1,-1,-1
16,10,4091.440185546875,540.644287109375,17.857666015625,33.4217529296875,0.41654109954833984,-1,-1,-1
16,11,3224.494873046875,576.39990234375,22.150634765625,43.03912353515625,0.3519299626350403,-1,-1,-1
16,24,3176.709228515625,621.87158203125,22.884521484375,66.50665283203125,0.51701819896698,-1,-1,-1
16,8,2574.3564453125,551.1095581054688,20.4013671875,48.03515625,0.36649054288864136,-1,-1,-1
16,17,2790.30078125,525.11474609375,18.31103515625,32.23236083984375,0.42895376682281494,-1,-1,-1
17,1,2034.5462646484375,728.5230712890625,63.9759521484375,99.63555908203125,0.559676468372345,-1,-1,-1
17,2,2068.967529296875,613.0054321289062,45.301025390625,64.3150634765625,0.5080776214599609,-1,-1,-1
17,3,3636.4599609375,803.528564453125,35.607666015625,107.051513671875,0.6646811366081238,-1,-1,-1
17,4,2889.15087890625,595.3452758789062,23.07421875,60.03277587890625,0.5992246270179749,-1,-1,-1
17,7,2631.306640625,612.4780883789062,27.302978515625,57.77392578125,0.53619384765625,-1,-1,-1
17,9,2698.063720703125,559.4580078125,25.012939453125,42.8260498046875,0.3229561448097229,-1,-1,-1
17,10,4091.569580078125,540.6151123046875,17.868896484375,33.416015625,0.42734673619270325,-1,-1,-1
17,11,3224.5869140625,576.3585815429688,22.560302734375,42.8665771484375,0.37264788150787354,-1,-1,-1
17,24,3177.70068359375,622.1217041015625,23.654541015625,64.05169677734375,0.5402063131332397,-1,-1,-1
17,8,2577.814697265625,553.1400756835938,20.849853515625,45.1375732421875,0.3922378122806549,-1,-1,-1
17,17,2792.329345703125,524.783935546875,18.269775390625,34.275634765625,0.43055471777915955,-1,-1,-1
18,1,2032.035888671875,729.3895874023438,66.333984375,98.7210693359375,0.5041915774345398,-1,-1,-1
18,2,2070.998779296875,613.03369140625,45.39892578125,64.41888427734375,0.5485417246818542,-1,-1,-1
18,3,3636.470947265625,803.51220703125,35.775146484375,107.32232666015625,0.6649544835090637,-1,-1,-1
18,4,2889.782470703125,596.2799072265625,22.667236328125,57.1668701171875,0.5103891491889954,-1,-1,-1
18,7,2633.2900390625,612.5534057617188,28.180419921875,59.43798828125,0.4972265064716339,-1,-1,-1
18,9,2700.71533203125,558.266357421875,23.476806640625,41.957275390625,0.3922180235385895,-1,-1,-1
18,10,4091.7900390625,540.9468383789062,18.0634765625,32.896728515625,0.41632404923439026,-1,-1,-1
18,11,3225.14892578125,576.5228271484375,22.228759765625,41.55029296875,0.31009411811828613,-1,-1,-1
18,24,3178.164306640625,622.1162109375,27.595703125,65.72723388671875,0.445507287979126,-1,-1,-1
18,8,2579.765625,552.440673828125,20.388916015625,45.97833251953125,0.4004548490047455,-1,-1,-1
18,17,2794.13623046875,525.2394409179688,18.906982421875,31.40576171875,0.4383983314037323,-1,-1,-1
19,1,2029.9566650390625,729.987548828125,68.4488525390625,98.1842041015625,0.5165229439735413,-1,-1,-1
19,2,2072.71142578125,613.03515625,45.572021484375,64.20513916015625,0.5894008874893188,-1,-1,-1
19,3,3636.5546875,803.412353515625,35.821533203125,107.587158203125,0.6652833223342896,-1,-1,-1
19,4,2890.355712890625,597.0484619140625,23.010986328125,53.17047119140625,0.5773298144340515,-1,-1,-1
19,7,2634.354248046875,612.7760009765625,29.927490234375,60.187744140625,0.47987496852874756,-1,-1,-1
19,9,2703.409423828125,558.9375,21.522705078125,40.30694580078125,0.40589457750320435,-1,-1,-1
19,10,4091.87939453125,541.0650634765625,18.1630859375,32.43304443359375,0.42104393243789673,-1,-1,-1
19,11,3225.40234375,576.1451416015625,22.482421875,41.4356689453125,0.3422607183456421,-1,-1,-1
19,24,3178.430908203125,623.2779541015625,32.216552734375,62.298095703125,0.3872527778148651,-1,-1,-1
19,8,2582.091796875,551.8060302734375,20.066162109375,45.76171875,0.4228256940841675,-1,-1,-1
19,17,2796.479248046875,525.5115966796875,19.155517578125,32.12713623046875,0.3576790392398834,-1,-1,-1
20,1,2028.6617431640625,730.306640625,70.2598876953125,97.800048828125,0.5229486227035522,-1,-1,-1
20,2,2071.784912109375,612.4154052734375,48.788818359375,64.87591552734375,0.6146306395530701,-1,-1,-1
20,3,3636.6533203125,803.5516967773438,35.822021484375,107.4588623046875,0.6649621725082397,-1,-1,-1
20,4,2891.41357421875,596.7954711914062,22.502197265625,52.07586669921875,0.6157824993133545,-1,-1,-1
20,7,2635.658935546875,614.2294311523438,30.727294921875,58.58868408203125,0.4209340512752533,-1,-1,-1
20,9,2706.071533203125,557.8734130859375,20.254150390625,42.30718994140625,0.4841115176677704,-1,-1,-1
20,10,4092.000244140625,541.185302734375,18.163330078125,31.96075439453125,0.4216846525669098,-1,-1,-1
20,11,3225.194580078125,574.0316772460938,23.25830078125,42.73089599609375,0.37411606311798096,-1,-1,-1
20,24,3177.905517578125,624.8712158203125,35.1298828125,59.5269775390625,0.44224610924720764,-1,-1,-1
20,8,2583.45556640625,549.633056640625,22.605712890625,49.83380126953125,0.3909282088279724,-1,-1,-1
20,17,2799.48486328125,525.7608642578125,18.577392578125,33.3427734375,0.3560870885848999,-1,-1,-1
20,36,3217.695556640625,530.7702026367188,28.45166015625,87.29888916015625,0.39490342140197754,-1,-1,-1
20,5,3213.4072265625,654.3335571289062,33.4931640625,68.28167724609375,0.5889912843704224,-1,-1,-1
20,6,2542.3662109375,541.6314086914062,20.544189453125,36.8270263671875,0.3414433002471924,-1,-1,-1
21,1,2028.2724609375,730.462890625,71.264892578125,97.683837890625,0.5497338771820068,-1,-1,-1
21,2,2072.9755859375,611.3802490234375,48.865966796875,64.64447021484375,0.6141573190689087,-1,-1,-1
21,3,3636.897216796875,803.4717407226562,35.71923828125,107.61505126953125,0.6684845685958862,-1,-1,-1
21,4,2892.62060546875,596.9381713867188,21.452392578125,50.0213623046875,0.5961338877677917,-1,-1,-1
21,7,2636.7080078125,615.2634887695312,33.5322265625,58.01806640625,0.41063162684440613,-1,-1,-1
21,9,2708.457275390625,558.7614135742188,19.140869140625,40.69873046875,0.47973060607910156,-1,-1,-1
21,10,4092.0703125,541.188720703125,18.12255859375,31.8114013671875,0.4085976183414459,-1,-1,-1
21,11,3226.074951171875,574.8297119140625,22.644775390625,40.91168212890625,0.3498259484767914,-1,-1,-1
21,24,3180.432373046875,624.6216430664062,34.322021484375,59.02398681640625,0.4654245972633362,-1,-1,-1
21,8,2584.879150390625,548.4231567382812,25.71875,48.77947998046875,0.279530793428421,-1,-1,-1
21,17,2801.443115234375,526.178955078125,20.32470703125,34.14703369140625,0.25010907649993896,-1,-1,-1
21,36,3220.079833984375,530.8244018554688,26.834716796875,86.7713623046875,0.2957597076892853,-1,-1,-1
21,5,3217.242431640625,655.1070556640625,34.104736328125,68.25146484375,0.7230809330940247,-1,-1,-1
21,6,2545.412353515625,541.7359008789062,20.642333984375,36.69061279296875,0.3493616580963135,-1,-1,-1
22,1,2026.784912109375,730.1981201171875,72.859619140625,98.56060791015625,0.5507816076278687,-1,-1,-1
22,2,2079.511474609375,610.4722290039062,41.244140625,63.55914306640625,0.6089220643043518,-1,-1,-1
22,3,3637.083984375,803.3214111328125,35.68798828125,107.6151123046875,0.6607089638710022,-1,-1,-1
22,4,2894.0126953125,596.8168334960938,20.4404296875,47.36614990234375,0.6169203519821167,-1,-1,-1
22,7,2638.15478515625,615.8798828125,33.746826171875,57.9273681640625,0.4376317262649536,-1,-1,-1
22,9,2710.877685546875,560.5640258789062,19.2314453125,38.12933349609375,0.4762585163116455,-1,-1,-1
22,10,4091.9794921875,541.3212890625,18.0771484375,31.7177734375,0.4199865162372589,-1,-1,-1
22,11,3226.850341796875,575.118408203125,22.164794921875,41.33917236328125,0.32861652970314026,-1,-1,-1
22,24,3185.212646484375,624.39306640625,30.589111328125,57.76531982421875,0.5038303732872009,-1,-1,-1
22,5,3221.508544921875,653.9130859375,34.517578125,67.80877685546875,0.6819478273391724,-1,-1,-1
22,6,2548.464599609375,539.9943237304688,21.1142578125,37.1805419921875,0.3216167390346527,-1,-1,-1
23,1,2025.8609619140625,729.7080078125,74.0689697265625,99.00054931640625,0.565151572227478,-1,-1,-1
23,2,2080.724365234375,609.0192260742188,41.17138671875,63.64263916015625,0.6149245500564575,-1,-1,-1
23,3,3637.18408203125,803.3146362304688,35.686767578125,107.6334228515625,0.6641411185264587,-1,-1,-1
23,4,2895.389892578125,596.7891845703125,20.14208984375,46.5042724609375,0.610675573348999,-1,-1,-1
23,7,2641.064453125,616.0411376953125,32.284912109375,58.09271240234375,0.5035620331764221,-1,-1,-1
23,9,2713.026123046875,559.5525512695312,19.176513671875,38.4112548828125,0.5480250120162964,-1,-1,-1
23,10,4092.607666015625,541.0755004882812,17.628173828125,31.8685302734375,0.4036361873149872,-1,-1,-1
23,11,3227.81591796875,574.6890258789062,21.3134765625,40.87274169921875,0.2894153296947479,-1,-1,-1
23,24,3188.29150390625,624.5897216796875,28.428955078125,56.9447021484375,0.5293951630592346,-1,-1,-1
23,5,3223.273681640625,655.23828125,40.12841796875,63.408203125,0.5043692588806152,-1,-1,-1
23,6,2551.12646484375,541.0001220703125,21.89892578125,36.265869140625,0.28426262736320496,-1,-1,-1
24,1,2025.9324951171875,730.5814819335938,73.9141845703125,98.90020751953125,0.6035893559455872,-1,-1,-1
24,2,2084.517578125,608.4509887695312,37.359375,62.66082763671875,0.6459354758262634,-1,-1,-1
24,3,3637.47607421875,803.196044921875,35.466064453125,107.619384765625,0.6670803427696228,-1,-1,-1
24,4,2896.8896484375,596.6057739257812,20.31396484375,46.69970703125,0.6131077408790588,-1,-1,-1
24,7,2642.782958984375,615.7141723632812,31.6611328125,58.3721923828125,0.5341243743896484,-1,-1,-1
24,9,2716.073974609375,559.7171630859375,19.321044921875,38.88482666015625,0.5283402800559998,-1,-1,-1
24,10,4093.1181640625,541.1348266601562,17.2177734375,31.5743408203125,0.40084463357925415,-1,-1,-1
24,11,3228.655029296875,574.7339477539062,20.44873046875,39.64892578125,0.33420684933662415,-1,-1,-1
24,24,3190.3310546875,623.956787109375,28.4794921875,57.26617431640625,0.582444965839386,-1,-1,-1
24,5,3230.253173828125,654.7702026367188,38.25341796875,61.63189697265625,0.40009644627571106,-1,-1,-1
24,8,2595.474853515625,555.8826904296875,26.598876953125,42.14190673828125,0.34950390458106995,-1,-1,-1
24,17,2809.866943359375,524.2642211914062,21.812255859375,34.170166015625,0.31388014554977417,-1,-1,-1
24,36,3224.703125,533.171142578125,23.36474609375,83.0726318359375,0.25159552693367004,-1,-1,-1
25,1,2026.97998046875,731.3792114257812,73.018798828125,98.37213134765625,0.5857164859771729,-1,-1,-1
25,2,2086.318115234375,607.9053344726562,36.582275390625,63.32318115234375,0.6097409129142761,-1,-1,-1
25,3,3637.583740234375,803.199951171875,35.468017578125,107.59771728515625,0.6705819368362427,-1,-1,-1
25,4,2897.3486328125,596.4254760742188,21.101806640625,47.38140869140625,0.6309805512428284,-1,-1,-1
25,7,2645.05224609375,614.9818115234375,30.727783203125,59.2425537109375,0.5085101127624512,-1,-1,-1
25,9,2717.825927734375,557.1423950195312,19.989501953125,42.20989990234375,0.5889171957969666,-1,-1,-1
25,10,4093.200439453125,540.9835815429688,17.166259765625,31.72576904296875,0.40987274050712585,-1,-1,-1
25,11,3229.456787109375,572.7908935546875,19.6962890625,40.15594482421875,0.34446704387664795,-1,-1,-1
25,24,3193.48974609375,624.3255615234375,27.335205078125,58.40911865234375,0.6035152077674866,-1,-1,-1
25,5,3238.756591796875,651.8829345703125,32.820068359375,61.25201416015625,0.4689871370792389,-1,-1,-1
25,8,2599.1005859375,554.7859497070312,26.3115234375,43.464111328125,0.37284934520721436,-1,-1,-1
25,17,2812.421630859375,524.1028442382812,21.285888671875,31.912353515625,0.33833402395248413,-1,-1,-1
25,36,3225.60302734375,532.6710205078125,22.971923828125,83.2037353515625,0.35323479771614075,-1,-1,-1
26,1,2026.536865234375,731.3108520507812,73.95166015625,98.94439697265625,0.5712887644767761,-1,-1,-1
26,2,2088.397705078125,606.5715942382812,35.8193359375,65.6695556640625,0.5818600654602051,-1,-1,-1
26,3,3637.97998046875,803.3994750976562,35.069580078125,107.55908203125,0.6799389719963074,-1,-1,-1
26,4,2897.54052734375,596.2594604492188,21.82080078125,48.2388916015625,0.6191645264625549,-1,-1,-1
26,7,2649.751708984375,614.2534790039062,28.405029296875,60.5770263671875,0.5568737983703613,-1,-1,-1
26,9,2719.73193359375,555.1243286132812,21.459228515625,43.4820556640625,0.5091707706451416,-1,-1,-1
26,10,4093.17822265625,540.88720703125,17.35888671875,31.86224365234375,0.4006562829017639,-1,-1,-1
26,24,3196.2314453125,624.20556640625,25.93603515625,60.0882568359375,0.6473643183708191,-1,-1,-1
26,5,3246.09619140625,651.102294921875,29.474853515625,60.34503173828125,0.4817531108856201,-1,-1,-1
26,8,2603.697265625,554.8574829101562,23.802978515625,43.8392333984375,0.3495230972766876,-1,-1,-1
26,17,2814.274658203125,524.6198120117188,21.443359375,33.0577392578125,0.3575402498245239,-1,-1,-1
26,36,3226.421875,533.4868774414062,22.625732421875,79.24639892578125,0.28357237577438354,-1,-1,-1
27,1,2026.181640625,732.7960205078125,74.151611328125,98.06884765625,0.6242095232009888,-1,-1,-1
27,2,2091.553955078125,606.0943603515625,34.220703125,66.048095703125,0.4914573132991791,-1,-1,-1
27,3,3638.363525390625,803.1228637695312,34.751953125,107.90203857421875,0.6824765205383301,-1,-1,-1
27,4,2898.40380859375,596.2866821289062,23.202392578125,49.08770751953125,0.5823307633399963,-1,-1,-1
27,7,2652.819580078125,613.917236328125,27.049560546875,60.32879638671875,0.521491527557373,-1,-1,-1
27,9,2722.775634765625,556.352783203125,20.192626953125,40.41650390625,0.4361959397792816,-1,-1,-1
27,10,4093.012451171875,540.8819580078125,17.624755859375,31.9622802734375,0.39149296283721924,-1,-1,-1
27,24,3199.701416015625,623.5927734375,22.802001953125,60.440673828125,0.6628791689872742,-1,-1,-1
27,5,3252.34716796875,650.0753173828125,26.50732421875,64.99298095703125,0.5684579014778137,-1,-1,-1
27,8,2607.90234375,556.6383056640625,22.523193359375,40.75,0.2941279411315918,-1,-1,-1
27,17,2817.42236328125,523.9448852539062,21.270751953125,31.759765625,0.34202954173088074,-1,-1,-1
27,36,3227.281005859375,533.9088134765625,22.07861328125,78.1795654296875,0.2754914164543152,-1,-1,-1
28,1,2025.10546875,733.247314453125,74.835205078125,98.02423095703125,0.6340253353118896,-1,-1,-1
28,2,2096.513427734375,606.6781616210938,31.93310546875,65.46868896484375,0.4396248161792755,-1,-1,-1
28,3,3638.646728515625,802.86669921875,34.528076171875,108.2056884765625,0.6817817091941833,-1,-1,-1
28,4,2899.2958984375,596.2050170898438,23.846435546875,48.1121826171875,0.5892621278762817,-1,-1,-1
28,7,2655.083984375,614.0824584960938,26.368408203125,59.510986328125,0.39664843678474426,-1,-1,-1
28,9,2724.8984375,557.4278564453125,20.78662109375,39.452880859375,0.4229365587234497,-1,-1,-1
28,10,4092.6748046875,540.9047241210938,18.22265625,32.1484375,0.4256330728530884,-1,-1,-1
28,24,3204.4013671875,623.6046752929688,19.4990234375,59.93707275390625,0.6892449259757996,-1,-1,-1
28,5,3258.1611328125,649.1068115234375,25.01953125,67.836669921875,0.6017906665802002,-1,-1,-1
28,17,2820.484130859375,523.220458984375,21.156494140625,30.067138671875,0.3750116229057312,-1,-1,-1
29,1,2023.7686767578125,733.60009765625,76.2396240234375,97.62652587890625,0.5999786853790283,-1,-1,-1
29,2,2099.99267578125,608.0548095703125,30.02001953125,63.20184326171875,0.4977986514568329,-1,-1,-1
29,3,3638.776611328125,802.8721313476562,34.45361328125,108.18792724609375,0.6825817823410034,-1,-1,-1
29,4,2900.4150390625,595.8526611328125,23.9013671875,47.841796875,0.5696161985397339,-1,-1,-1
29,7,2657.6962890625,613.5457153320312,25.93701171875,60.0374755859375,0.5190386176109314,-1,-1,-1
29,9,2727.6171875,559.2850341796875,19.77880859375,37.99957275390625,0.4095536470413208,-1,-1,-1
29,10,4092.473876953125,540.7720336914062,18.606201171875,32.43731689453125,0.4162658751010895,-1,-1,-1
29,24,3206.894775390625,623.2649536132812,19.857177734375,59.8890380859375,0.5911751985549927,-1,-1,-1
29,5,3261.469970703125,648.8353881835938,26.824951171875,68.93402099609375,0.45862820744514465,-1,-1,-1
29,17,2823.96875,523.1929931640625,19.656494140625,29.2354736328125,0.39621075987815857,-1,-1,-1
29,8,2614.323486328125,557.03125,22.01708984375,42.291015625,0.3216925859451294,-1,-1,-1
30,1,2024.5518798828125,734.1111450195312,76.1541748046875,97.0111083984375,0.5717219710350037,-1,-1,-1
30,2,2102.091796875,608.4246826171875,29.792236328125,61.9796142578125,0.5479868650436401,-1,-1,-1
30,3,3638.82958984375,802.6131591796875,34.53564453125,108.32635498046875,0.6829360723495483,-1,-1,-1
30,4,2901.670654296875,596.0093994140625,23.023193359375,48.1961669921875,0.5998772978782654,-1,-1,-1
30,7,2659.519775390625,613.254638671875,27.241455078125,60.3018798828125,0.5160347819328308,-1,-1,-1
30,9,2730.064453125,561.6803588867188,18.4248046875,36.0185546875,0.3998395502567291,-1,-1,-1
30,10,4092.401611328125,540.6929321289062,18.664306640625,32.53228759765625,0.3992312252521515,-1,-1,-1
30,24,3208.16943359375,622.5333862304688,22.675048828125,60.8563232421875,0.5331064462661743,-1,-1,-1
30,5,3265.61474609375,649.2947998046875,27.6513671875,67.388427734375,0.47421032190322876,-1,-1,-1
30,17,2826.735595703125,526.5811767578125,18.89306640625,27.22027587890625,0.31933704018592834,-1,-1,-1
30,8,2619.2939453125,559.8214721679688,21.13134765625,39.8380126953125,0.30543971061706543,-1,-1,-1
31,1,2024.5833740234375,734.794677734375,76.8433837890625,95.42108154296875,0.5406608581542969,-1,-1,-1
31,2,2104.086181640625,609.0778198242188,31.134521484375,61.8948974609375,0.5662068128585815,-1,-1,-1
31,3,3638.94873046875,802.408935546875,34.538818359375,108.5927734375,0.6821466684341431,-1,-1,-1
31,4,2902.660400390625,596.0805053710938,22.218017578125,48.382568359375,0.5925459861755371,-1,-1,-1
31,7,2661.173095703125,614.0,28.426513671875,59.44549560546875,0.4931245744228363,-1,-1,-1
31,9,2731.675048828125,558.5330200195312,19.399169921875,38.79766845703125,0.3838008642196655,-1,-1,-1
31,10,4092.280517578125,540.8638916015625,18.610107421875,32.3798828125,0.3723919689655304,-1,-1,-1
31,24,3208.693603515625,622.3610229492188,24.094482421875,61.28973388671875,0.43009379506111145,-1,-1,-1
31,5,3269.325927734375,647.93896484375,29.595947265625,69.586669921875,0.5678071975708008,-1,-1,-1
32,1,2024.645263671875,735.6263427734375,77.99169921875,95.16363525390625,0.5503820180892944,-1,-1,-1
32,2,2106.721923828125,608.5584106445312,31.69140625,61.424072265625,0.6162175536155701,-1,-1,-1
32,3,3638.966552734375,802.2211303710938,34.5361328125,108.82073974609375,0.678604006767273,-1,-1,-1
32,4,2903.087890625,595.2353515625,22.309326171875,48.29254150390625,0.6008152365684509,-1,-1,-1
32,7,2662.285400390625,614.0589599609375,30.211669921875,60.13055419921875,0.5043890476226807,-1,-1,-1
32,9,2733.70068359375,557.0764770507812,19.834228515625,40.41644287109375,0.4638519287109375,-1,-1,-1
32,10,4092.086181640625,540.9883422851562,18.740966796875,32.19476318359375,0.40302935242652893,-1,-1,-1
32,24,3209.272216796875,623.1237182617188,27.787841796875,58.78985595703125,0.3923683166503906,-1,-1,-1
32,5,3271.9833984375,646.8495483398438,31.465087890625,70.23516845703125,0.6054819822311401,-1,-1,-1
32,8,2624.09814453125,560.4229736328125,22.87109375,34.82843017578125,0.2638431787490845,-1,-1,-1
33,1,2024.5142822265625,736.0712280273438,79.4705810546875,94.92529296875,0.5831866264343262,-1,-1,-1
33,2,2108.368896484375,607.6312255859375,33.996826171875,62.4949951171875,0.6786853075027466,-1,-1,-1
33,3,3639.007080078125,802.1088256835938,34.611328125,109.09149169921875,0.6809119582176208,-1,-1,-1
33,4,2903.671875,594.937744140625,22.75146484375,47.60028076171875,0.6076924800872803,-1,-1,-1
33,7,2664.4091796875,613.5879516601562,30.89501953125,59.5208740234375,0.5117862820625305,-1,-1,-1
33,9,2737.234619140625,556.2860107421875,19.621826171875,41.22906494140625,0.49977752566337585,-1,-1,-1
33,10,4092.077392578125,541.00390625,18.802978515625,32.06866455078125,0.3868855834007263,-1,-1,-1
33,24,3212.35400390625,626.30322265625,28.405029296875,56.59808349609375,0.416696697473526,-1,-1,-1
33,5,3273.69677734375,648.01513671875,34.8037109375,66.79180908203125,0.6096166372299194,-1,-1,-1
33,8,2628.06494140625,560.5135498046875,22.574951171875,33.7354736328125,0.27589917182922363,-1,-1,-1
34,1,2024.705322265625,736.2188720703125,80.814208984375,95.01385498046875,0.5864980816841125,-1,-1,-1
34,2,2110.027099609375,607.4400634765625,36.578857421875,62.70477294921875,0.6846137642860413,-1,-1,-1
34,3,3639.02880859375,802.2625122070312,34.560546875,109.0474853515625,0.6794360876083374,-1,-1,-1
34,4,2904.07666015625,594.6709594726562,22.8720703125,45.7467041015625,0.5234002470970154,-1,-1,-1
34,7,2666.069580078125,613.5714111328125,33.242431640625,59.35272216796875,0.5285478234291077,-1,-1,-1
34,9,2739.67041015625,554.7127075195312,20.072265625,42.9228515625,0.5750053524971008,-1,-1,-1
34,10,4092.050048828125,541.0526733398438,18.765380859375,31.87176513671875,0.3854518234729767,-1,-1,-1
34,24,3213.7158203125,627.470703125,29.158447265625,54.66680908203125,0.43456733226776123,-1,-1,-1
34,5,3277.941162109375,648.923828125,34.1953125,62.241943359375,0.5542944669723511,-1,-1,-1
34,8,2633.109375,559.3243408203125,20.27490234375,34.6170654296875,0.2967972457408905,-1,-1,-1
35,1,2025.9617919921875,736.1498413085938,81.3179931640625,95.243408203125,0.5827001929283142,-1,-1,-1
35,2,2111.048828125,609.7932739257812,38.626708984375,60.77459716796875,0.6605013608932495,-1,-1,-1
35,3,3639.015380859375,802.4108276367188,34.718994140625,108.971435546875,0.6817727088928223,-1,-1,-1
35,4,2905.48828125,593.0789794921875,22.673095703125,47.38397216796875,0.5659183859825134,-1,-1,-1
35,7,2669.00732421875,613.8963012695312,32.92333984375,59.59210205078125,0.5490776300430298,-1,-1,-1
35,9,2742.545654296875,553.8262329101562,19.97900390625,41.48089599609375,0.5569005608558655,-1,-1,-1
35,10,4092.07275390625,541.015380859375,18.8037109375,31.91107177734375,0.3876950740814209,-1,-1,-1
35,24,3214.75390625,629.2427978515625,28.82861328125,53.07098388671875,0.42828020453453064,-1,-1,-1
35,5,3280.587890625,648.6859130859375,34.296875,60.59979248046875,0.40063247084617615,-1,-1,-1
35,8,2636.327880859375,555.9533081054688,18.957275390625,41.21038818359375,0.3751278817653656,-1,-1,-1
36,1,2027.21240234375,735.8587036132812,81.850341796875,95.7447509765625,0.5866792798042297,-1,-1,-1
36,2,2111.692138671875,610.8657836914062,41.21630859375,60.0645751953125,0.6319617033004761,-1,-1,-1
36,3,3639.040771484375,802.5296020507812,34.661865234375,108.94451904296875,0.6806763410568237,-1,-1,-1
36,4,2907.61767578125,593.0125122070312,20.988037109375,45.931396484375,0.49291181564331055,-1,-1,-1
36,7,2670.86181640625,614.062255859375,32.109619140625,59.09130859375,0.535153329372406,-1,-1,-1
36,9,2744.900146484375,552.2985229492188,18.913330078125,43.34869384765625,0.5887863636016846,-1,-1,-1
36,10,4091.312744140625,540.2255249023438,20.000244140625,32.95867919921875,0.39153316617012024,-1,-1,-1
36,24,3214.668212890625,630.0579833984375,29.7822265625,52.53076171875,0.40218687057495117,-1,-1,-1
36,5,3287.115966796875,651.5004272460938,33.5302734375,57.611328125,0.34366902709007263,-1,-1,-1
36,8,2638.12939453125,553.5376586914062,21.0419921875,45.6368408203125,0.3696824610233307,-1,-1,-1
37,1,2028.04150390625,735.7325439453125,82.11376953125,95.75970458984375,0.5830202102661133,-1,-1,-1
37,2,2112.54296875,610.6831665039062,42.94384765625,60.6180419921875,0.6180242896080017,-1,-1,-1
37,3,3639.03173828125,802.6826782226562,34.656494140625,108.76190185546875,0.682075023651123,-1,-1,-1
37,4,2908.813232421875,592.1123046875,20.87939453125,45.4700927734375,0.4538379907608032,-1,-1,-1
37,7,2672.9755859375,614.09619140625,32.056640625,59.200927734375,0.5443122386932373,-1,-1,-1
37,9,2746.17626953125,551.6260375976562,19.77392578125,45.24676513671875,0.5452954173088074,-1,-1,-1
37,10,4091.058837890625,539.9240112304688,20.405029296875,33.3011474609375,0.3889075219631195,-1,-1,-1
37,24,3216.740966796875,630.3340454101562,29.00732421875,53.1527099609375,0.3959728181362152,-1,-1,-1
37,5,3294.634521484375,651.6911010742188,29.49755859375,57.66143798828125,0.451330304145813,-1,-1,-1
37,17,2842.751953125,523.2001953125,21.86181640625,31.758056640625,0.31036177277565,-1,-1,-1
38,1,2030.240478515625,735.5109252929688,81.249267578125,95.91815185546875,0.5653523206710815,-1,-1,-1
38,2,2113.675537109375,610.77783203125,43.5146484375,60.91455078125,0.6043494343757629,-1,-1,-1
38,3,3638.9345703125,802.724853515625,34.813720703125,108.6439208984375,0.6793215274810791,-1,-1,-1
38,4,2909.414306640625,590.7267456054688,21.2568359375,47.36981201171875,0.5106714367866516,-1,-1,-1
38,7,2675.15673828125,614.0393676757812,30.990966796875,58.16650390625,0.5450247526168823,-1,-1,-1
38,9,2747.69091796875,551.9005737304688,21.70751953125,45.091552734375,0.3968431353569031,-1,-1,-1
38,10,4090.873046875,539.81005859375,20.5439453125,33.37615966796875,0.3913150727748871,-1,-1,-1
38,24,3221.390869140625,629.6298217773438,26.095458984375,52.67071533203125,0.46656525135040283,-1,-1,-1
38,5,3301.478759765625,650.92431640625,26.356689453125,59.0057373046875,0.47458988428115845,-1,-1,-1
38,47,3437.392333984375,526.4802856445312,19.8076171875,28.0902099609375,0.34208521246910095,-1,-1,-1
38,17,2845.023681640625,521.707275390625,22.7900390625,33.6649169921875,0.46700868010520935,-1,-1,-1
39,1,2033.0321044921875,735.2085571289062,77.6446533203125,97.44866943359375,0.5625483989715576,-1,-1,-1
39,2,2115.876220703125,610.03955078125,47.63623046875,61.2818603515625,0.5856278538703918,-1,-1,-1
39,3,3638.940185546875,802.7197875976562,34.8466796875,108.6160888671875,0.6798459887504578,-1,-1,-1
39,4,2909.683349609375,589.971923828125,21.50537109375,48.830810546875,0.5238195061683655,-1,-1,-1
39,7,2678.751953125,613.6392211914062,27.784423828125,57.88836669921875,0.586030125617981,-1,-1,-1
39,10,4090.734375,539.7874755859375,20.63916015625,33.41973876953125,0.3754046559333801,-1,-1,-1
39,24,3224.65185546875,629.652099609375,24.6552734375,52.06060791015625,0.4344603717327118,-1,-1,-1
39,5,3307.884033203125,650.7861328125,23.124267578125,58.89422607421875,0.5030028223991394,-1,-1,-1
39,47,3437.828857421875,526.3040771484375,20.563232421875,27.92242431640625,0.3207840025424957,-1,-1,-1
39,17,2847.46484375,520.3917846679688,22.453857421875,34.07452392578125,0.4300975501537323,-1,-1,-1
40,1,2034.1080322265625,735.3258666992188,75.8760986328125,98.253662109375,0.5820057392120361,-1,-1,-1
40,2,2117.70654296875,610.4659423828125,48.71630859375,60.2989501953125,0.5264552235603333,-1,-1,-1
40,3,3638.87109375,802.7034912109375,34.904296875,108.58575439453125,0.6772011518478394,-1,-1,-1
40,4,2910.11572265625,588.830810546875,21.691650390625,49.85174560546875,0.42446544766426086,-1,-1,-1
40,7,2682.057373046875,613.3491821289062,25.041748046875,58.2574462890625,0.5621973872184753,-1,-1,-1
40,10,4090.652099609375,539.7942504882812,20.854736328125,33.6761474609375,0.36773014068603516,-1,-1,-1
40,24,3227.345947265625,628.4940795898438,22.736328125,53.84246826171875,0.40466856956481934,-1,-1,-1
40,5,3313.447265625,649.7444458007812,21.63671875,59.7803955078125,0.5074284076690674,-1,-1,-1
40,47,3438.48583984375,525.3162841796875,20.86474609375,28.12469482421875,0.3352139890193939,-1,-1,-1
40,17,2849.721923828125,520.0579833984375,21.598388671875,33.1328125,0.442584753036499,-1,-1,-1
41,1,2033.6378173828125,735.955078125,76.7489013671875,98.044921875,0.5625683665275574,-1,-1,-1
41,2,2121.534912109375,611.449462890625,45.898681640625,58.1837158203125,0.49083420634269714,-1,-1,-1
41,3,3638.798583984375,802.7890014648438,34.906494140625,108.4686279296875,0.6829479932785034,-1,-1,-1
41,4,2910.392578125,588.27587890625,22.19482421875,50.5496826171875,0.34276121854782104,-1,-1,-1
41,7,2684.388916015625,612.9794921875,23.585693359375,59.1229248046875,0.5846455097198486,-1,-1,-1
41,10,4090.6416015625,539.7996215820312,20.8515625,33.78778076171875,0.35370415449142456,-1,-1,-1
41,24,3230.51708984375,627.2173461914062,19.721923828125,54.8817138671875,0.34739407896995544,-1,-1,-1
41,5,3314.95703125,647.4542236328125,24.982177734375,63.0355224609375,0.46179068088531494,-1,-1,-1
41,47,3438.94873046875,524.7152709960938,20.66259765625,28.39349365234375,0.3320179283618927,-1,-1,-1
41,17,2852.78564453125,524.1117553710938,21.000732421875,30.561767578125,0.38760611414909363,-1,-1,-1
42,1,2032.08447265625,736.3011474609375,79.840576171875,97.5174560546875,0.4957726001739502,-1,-1,-1
42,2,2125.157470703125,610.4664306640625,42.538818359375,58.0980224609375,0.5451991558074951,-1,-1,-1
42,3,3638.734375,802.8701171875,34.90283203125,108.4951171875,0.6824816465377808,-1,-1,-1
42,4,2910.556640625,587.8214111328125,22.68310546875,51.62237548828125,0.31773123145103455,-1,-1,-1
42,7,2686.501708984375,611.7493896484375,21.847412109375,59.9580078125,0.5752239227294922,-1,-1,-1
42,10,4091.42822265625,540.686767578125,20.0166015625,32.7593994140625,0.3718034029006958,-1,-1,-1
42,24,3233.5810546875,628.3771362304688,18.1767578125,52.99517822265625,0.2537437677383423,-1,-1,-1
42,5,3317.10693359375,645.2450561523438,28.20556640625,65.34295654296875,0.5013085603713989,-1,-1,-1
42,47,3439.810302734375,524.1488647460938,19.768310546875,28.9708251953125,0.38315635919570923,-1,-1,-1
42,17,2854.718994140625,526.3431396484375,21.299560546875,28.0550537109375,0.289553701877594,-1,-1,-1
42,9,2758.857421875,554.27294921875,19.467041015625,38.3157958984375,0.34389981627464294,-1,-1,-1
43,1,2032.271240234375,737.0947875976562,80.877685546875,97.42144775390625,0.5040538311004639,-1,-1,-1
43,2,2129.7626953125,609.5969848632812,38.213134765625,58.99310302734375,0.5807722210884094,-1,-1,-1
43,3,3638.739990234375,802.85205078125,34.790283203125,108.48345947265625,0.6784060597419739,-1,-1,-1
43,4,2910.58056640625,587.5242919921875,23.342041015625,51.72259521484375,0.2549538016319275,-1,-1,-1
43,7,2689.05712890625,611.611083984375,21.71337890625,60.72686767578125,0.4758029580116272,-1,-1,-1
43,10,4091.22705078125,540.086181640625,20.66064453125,33.35296630859375,0.3802189826965332,-1,-1,-1
43,5,3319.709716796875,644.19287109375,30.243896484375,65.83843994140625,0.4100256860256195,-1,-1,-1
43,47,3441.670654296875,523.81005859375,17.751708984375,29.77783203125,0.3438028395175934,-1,-1,-1
43,9,2761.79248046875,556.4208374023438,18.186767578125,35.25201416015625,0.34180569648742676,-1,-1,-1
44,1,2033.550048828125,738.7564697265625,78.8857421875,97.15582275390625,0.5581962466239929,-1,-1,-1
44,2,2134.087890625,607.8919677734375,33.96875,60.99041748046875,0.6199036240577698,-1,-1,-1
44,3,3638.67431640625,802.7855834960938,34.827880859375,108.52294921875,0.6803335547447205,-1,-1,-1
44,7,2691.0966796875,611.9112548828125,23.454833984375,60.40887451171875,0.5426712036132812,-1,-1,-1
44,10,4091.44677734375,539.8067016601562,20.80126953125,33.49267578125,0.38329148292541504,-1,-1,-1
44,5,3319.56982421875,644.4403686523438,37.001953125,66.2794189453125,0.49110862612724304,-1,-1,-1
44,47,3442.702392578125,524.279541015625,16.588134765625,29.40875244140625,0.37442025542259216,-1,-1,-1
44,9,2765.063232421875,557.27294921875,18.293212890625,33.59539794921875,0.4520227909088135,-1,-1,-1
45,1,2034.8973388671875,738.8759155273438,75.6175537109375,98.70880126953125,0.5632261633872986,-1,-1,-1
45,2,2137.1796875,606.608642578125,31.6015625,62.618896484375,0.6418655514717102,-1,-1,-1
45,3,3638.648193359375,802.778564453125,34.791259765625,108.57012939453125,0.6813889741897583,-1,-1,-1
45,7,2692.45947265625,612.1988525390625,24.80029296875,60.23370361328125,0.552374541759491,-1,-1,-1
45,10,4091.58984375,539.6443481445312,20.81494140625,33.345458984375,0.39991921186447144,-1,-1,-1
45,5,3321.92822265625,644.613037109375,40.25048828125,66.14080810546875,0.5247345566749573,-1,-1,-1
45,47,3443.758544921875,525.5487060546875,16.95068359375,27.57696533203125,0.3555612564086914,-1,-1,-1
45,9,2767.823486328125,554.3128662109375,19.11865234375,37.666015625,0.517977237701416,-1,-1,-1
46,1,2036.204345703125,739.0532836914062,73.10693359375,99.75518798828125,0.5803495645523071,-1,-1,-1
46,2,2139.888671875,605.6295166015625,29.98681640625,63.19329833984375,0.6540358066558838,-1,-1,-1
46,3,3638.501708984375,802.7250366210938,34.994873046875,108.7296142578125,0.6693546772003174,-1,-1,-1
46,7,2693.108642578125,613.6011352539062,25.84521484375,58.8297119140625,0.45514458417892456,-1,-1,-1
46,10,4091.8359375,539.5623779296875,20.42138671875,32.22747802734375,0.3754330575466156,-1,-1,-1
46,5,3327.113525390625,644.44189453125,38.43359375,62.896728515625,0.3911716043949127,-1,-1,-1
46,47,3444.258544921875,525.4444580078125,17.788818359375,28.3629150390625,0.34344482421875,-1,-1,-1
46,9,2770.267333984375,553.9642944335938,19.064208984375,38.2813720703125,0.49105533957481384,-1,-1,-1
46,17,2866.4072265625,524.34033203125,20.314453125,29.26800537109375,0.2939555048942566,-1,-1,-1
47,1,2034.44775390625,739.4374389648438,74.328857421875,100.434326171875,0.5925676226615906,-1,-1,-1
47,2,2142.54931640625,605.1280517578125,28.221435546875,63.381103515625,0.6552706956863403,-1,-1,-1
47,3,3638.50146484375,802.7787475585938,34.984375,108.58294677734375,0.6672008633613586,-1,-1,-1
47,7,2693.32275390625,615.0030517578125,26.988525390625,58.0814208984375,0.3892501890659332,-1,-1,-1
47,10,4092.056640625,539.5589599609375,20.2705078125,31.8648681640625,0.3785620629787445,-1,-1,-1
47,5,3334.006591796875,643.472412109375,33.484130859375,61.43548583984375,0.4182146489620209,-1,-1,-1
47,47,3444.48046875,526.304931640625,18.1923828125,27.41864013671875,0.33196356892585754,-1,-1,-1
47,9,2772.552001953125,552.22314453125,20.407958984375,40.5096435546875,0.5190900564193726,-1,-1,-1
47,17,2868.367919921875,523.8299560546875,20.787109375,29.8717041015625,0.35994672775268555,-1,-1,-1
48,1,2033.7371826171875,740.7178344726562,76.0936279296875,100.19805908203125,0.5666775107383728,-1,-1,-1
48,2,2144.626708984375,605.405517578125,28.173095703125,63.59161376953125,0.6407468914985657,-1,-1,-1
48,3,3638.22607421875,802.6884765625,35.224609375,108.51177978515625,0.6562934517860413,-1,-1,-1
48,7,2695.11083984375,614.5724487304688,30.518310546875,60.81158447265625,0.44275733828544617,-1,-1,-1
48,10,4092.428955078125,539.5907592773438,19.636474609375,31.2794189453125,0.34178486466407776,-1,-1,-1
48,5,3338.833740234375,643.2234497070312,32.0673828125,60.12744140625,0.3383943438529968,-1,-1,-1
48,47,3445.20849609375,526.49365234375,17.70703125,27.7620849609375,0.2907956540584564,-1,-1,-1
48,9,2774.47021484375,552.1683349609375,21.9697265625,40.92962646484375,0.38178953528404236,-1,-1,-1
48,17,2870.922607421875,522.158447265625,21.58935546875,30.8699951171875,0.28338566422462463,-1,-1,-1
48,24,3239.673828125,626.233154296875,27.965087890625,56.44854736328125,0.3654833137989044,-1,-1,-1
49,1,2033.28076171875,741.5512084960938,77.233642578125,99.097412109375,0.4304465651512146,-1,-1,-1
49,2,2145.950927734375,605.0637817382812,29.219482421875,63.26068115234375,0.6210054755210876,-1,-1,-1
49,3,3638.135009765625,802.7379150390625,35.378173828125,108.42901611328125,0.653118908405304,-1,-1,-1
49,7,2696.525146484375,614.3387451171875,32.166748046875,62.0577392578125,0.5095504522323608,-1,-1,-1
49,10,4092.749267578125,539.6195068359375,19.357666015625,31.185546875,0.3469464182853699,-1,-1,-1
49,5,3345.178955078125,644.1858520507812,30.4921875,61.73406982421875,0.42257699370384216,-1,-1,-1
49,9,2779.078857421875,553.395263671875,20.2744140625,38.38531494140625,0.3336898982524872,-1,-1,-1
49,17,2873.803466796875,521.1591186523438,21.959228515625,32.2032470703125,0.35076475143432617,-1,-1,-1
49,24,3240.906494140625,625.6009521484375,28.783447265625,56.18121337890625,0.3946763873100281,-1,-1,-1
50,1,2030.5543212890625,742.0183715820312,79.3389892578125,98.6080322265625,0.4416932463645935,-1,-1,-1
50,2,2147.473876953125,604.865478515625,30.692626953125,63.73394775390625,0.5868787169456482,-1,-1,-1
50,3,3637.889892578125,802.739501953125,35.455322265625,108.35302734375,0.655590295791626,-1,-1,-1
50,7,2698.032470703125,614.6265258789062,32.21142578125,62.7498779296875,0.5605158805847168,-1,-1,-1
50,10,4092.86865234375,539.6932983398438,19.2666015625,31.12994384765625,0.3657127022743225,-1,-1,-1
50,5,3351.45068359375,644.0292358398438,29.16162109375,62.30657958984375,0.4124163091182709,-1,-1,-1
50,9,2782.215576171875,551.8097534179688,20.06396484375,39.1683349609375,0.36781951785087585,-1,-1,-1
50,17,2877.923583984375,521.5972290039062,20.02587890625,31.06402587890625,0.2896658480167389,-1,-1,-1
50,24,3242.364990234375,625.1880493164062,29.5927734375,56.72760009765625,0.4354476034641266,-1,-1,-1
51,1,2029.07177734375,742.7366333007812,80.185791015625,98.5845947265625,0.46925824880599976,-1,-1,-1
51,2,2149.380615234375,604.3186645507812,34.322998046875,64.80645751953125,0.5523124933242798,-1,-1,-1
51,3,3637.801025390625,802.8043212890625,35.498046875,108.27130126953125,0.6578913927078247,-1,-1,-1
51,7,2700.544677734375,614.21337890625,31.27197265625,64.29730224609375,0.6104483604431152,-1,-1,-1
51,10,4092.9541015625,539.7838134765625,19.1484375,31.1519775390625,0.38988596200942993,-1,-1,-1
51,5,3355.981689453125,642.929443359375,28.4794921875,61.07110595703125,0.5122044086456299,-1,-1,-1
51,9,2783.16943359375,549.26806640625,21.65234375,41.655029296875,0.3912401497364044,-1,-1,-1
51,17,2879.307861328125,520.8795166015625,20.041748046875,31.81396484375,0.30715206265449524,-1,-1,-1
51,24,3244.1728515625,624.096435546875,30.78125,58.83355712890625,0.4825513958930969,-1,-1,-1
51,6,2660.933349609375,533.5563354492188,17.123046875,27.87005615234375,0.3776680827140808,-1,-1,-1
51,8,2687.496826171875,551.618896484375,21.426025390625,47.34381103515625,0.35443633794784546,-1,-1,-1
51,4,2913.140380859375,585.751220703125,26.934326171875,47.50146484375,0.3186034560203552,-1,-1,-1
52,1,2028.22900390625,743.1268920898438,80.667236328125,98.8919677734375,0.41460877656936646,-1,-1,-1
52,2,2150.62060546875,604.3035888671875,35.8212890625,65.19989013671875,0.5467627644538879,-1,-1,-1
52,3,3637.76123046875,802.8353271484375,35.54248046875,108.27630615234375,0.663048267364502,-1,-1,-1
52,7,2704.47705078125,613.8062744140625,29.47021484375,64.71417236328125,0.6455254554748535,-1,-1,-1
52,10,4093.427978515625,539.7284545898438,18.604736328125,30.9801025390625,0.42149507999420166,-1,-1,-1
52,5,3357.53173828125,641.3660278320312,29.92822265625,64.56597900390625,0.6457339525222778,-1,-1,-1
52,9,2785.918701171875,547.8155517578125,20.313720703125,41.96527099609375,0.5079318881034851,-1,-1,-1
52,17,2880.9033203125,521.2084350585938,19.205810546875,31.81170654296875,0.37719714641571045,-1,-1,-1
52,24,3247.360107421875,623.0305786132812,29.7626953125,59.2960205078125,0.5700111389160156,-1,-1,-1
52,4,2913.9755859375,585.453857421875,26.447021484375,45.75018310546875,0.33661189675331116,-1,-1,-1
53,1,2029.7620849609375,742.8197631835938,78.6380615234375,99.2159423828125,0.49632927775382996,-1,-1,-1
53,2,2151.7109375,603.577392578125,39.49658203125,64.24896240234375,0.5636370778083801,-1,-1,-1
53,3,3637.75048828125,802.961669921875,35.552490234375,108.07037353515625,0.6658012270927429,-1,-1,-1
53,7,2706.7431640625,613.6874389648438,29.0380859375,64.0123291015625,0.6432937979698181,-1,-1,-1
53,10,4093.657958984375,539.630126953125,18.359130859375,30.9617919921875,0.43817684054374695,-1,-1,-1
53,5,3360.648681640625,640.2242431640625,31.208984375,65.0198974609375,0.6665729284286499,-1,-1,-1
53,9,2789.16455078125,547.0977172851562,18.92236328125,43.5113525390625,0.5831820368766785,-1,-1,-1
53,17,2881.95556640625,522.7554931640625,19.26025390625,30.15106201171875,0.3700512945652008,-1,-1,-1
53,24,3249.776123046875,622.5194702148438,28.4326171875,60.7611083984375,0.6046562194824219,-1,-1,-1
53,4,2914.685546875,584.27099609375,25.863037109375,47.0562744140625,0.35770851373672485,-1,-1,-1
53,47,3449.107666015625,526.3070068359375,15.963134765625,27.46221923828125,0.27249181270599365,-1,-1,-1
54,1,2035.2662353515625,742.6744384765625,72.5633544921875,98.7742919921875,0.5730584263801575,-1,-1,-1
54,2,2152.8251953125,603.7826538085938,41.54150390625,63.54241943359375,0.5716080665588379,-1,-1,-1
54,3,3637.92626953125,802.9429931640625,35.40185546875,108.13037109375,0.6724453568458557,-1,-1,-1
54,7,2710.5341796875,613.6962280273438,27.08984375,63.41900634765625,0.6391076445579529,-1,-1,-1
54,10,4093.970703125,539.6331787109375,18.13037109375,31.0301513671875,0.4407300353050232,-1,-1,-1
54,5,3363.930419921875,639.6973876953125,32.739013671875,64.6693115234375,0.5879877805709839,-1,-1,-1
54,9,2791.6640625,546.8427734375,18.8828125,43.37774658203125,0.6261810064315796,-1,-1,-1
54,24,3253.177978515625,621.7630615234375,26.22705078125,61.791748046875,0.5973148941993713,-1,-1,-1
54,4,2915.261962890625,584.2008666992188,25.428955078125,47.520263671875,0.37969347834587097,-1,-1,-1
54,47,3449.296630859375,525.8862915039062,16.077392578125,27.37017822265625,0.27962711453437805,-1,-1,-1
55,1,2039.5877685546875,742.2546997070312,67.9830322265625,99.2860107421875,0.6026174426078796,-1,-1,-1
55,2,2154.672119140625,603.762451171875,39.384033203125,63.07696533203125,0.5729247331619263,-1,-1,-1
55,3,3638.01806640625,803.0491943359375,35.252685546875,108.070068359375,0.6750931739807129,-1,-1,-1
55,7,2713.40966796875,614.635498046875,26.616943359375,61.92742919921875,0.44202494621276855,-1,-1,-1
55,10,4094.141357421875,539.6441040039062,18.013427734375,31.11090087890625,0.43390733003616333,-1,-1,-1
55,5,3365.74267578125,637.9637451171875,34.802001953125,65.802001953125,0.5732292532920837,-1,-1,-1
55,9,2793.853271484375,545.7664794921875,20.0517578125,42.439697265625,0.6161373853683472,-1,-1,-1
55,24,3258.405029296875,621.86865234375,22.228515625,61.27197265625,0.5258895754814148,-1,-1,-1
55,4,2915.4384765625,584.5552978515625,25.298095703125,48.02215576171875,0.40489116311073303,-1,-1,-1
55,47,3449.78515625,526.2659912109375,16.543212890625,26.80352783203125,0.27017077803611755,-1,-1,-1
56,1,2040.505859375,742.3145751953125,66.863037109375,99.10797119140625,0.6219160556793213,-1,-1,-1
56,2,2157.334716796875,603.6781616210938,35.78125,61.397705078125,0.5664440393447876,-1,-1,-1
56,3,3638.251708984375,803.0968017578125,34.981201171875,108.0740966796875,0.6736219525337219,-1,-1,-1
56,7,2716.173583984375,615.0196533203125,26.6806640625,60.40838623046875,0.4758473336696625,-1,-1,-1
56,10,4094.245361328125,539.608154296875,17.939208984375,31.2166748046875,0.422598272562027,-1,-1,-1
56,5,3368.409912109375,639.115478515625,35.73388671875,64.16070556640625,0.5416046380996704,-1,-1,-1
56,9,2796.103759765625,545.3812255859375,20.3193359375,41.8280029296875,0.5777687430381775,-1,-1,-1
56,24,3260.953857421875,621.2400512695312,23.540771484375,61.8365478515625,0.6013696789741516,-1,-1,-1
56,4,2915.61474609375,585.4027709960938,25.273681640625,47.0968017578125,0.37457048892974854,-1,-1,-1
56,47,3449.877685546875,526.7221069335938,16.863525390625,26.6597900390625,0.2722703218460083,-1,-1,-1
57,1,2041.637939453125,742.8265380859375,65.747314453125,98.5489501953125,0.5756016373634338,-1,-1,-1
57,2,2159.827392578125,603.084228515625,34.41650390625,61.0845947265625,0.583274781703949,-1,-1,-1
57,3,3638.376953125,803.3256225585938,34.775146484375,107.781005859375,0.6744638681411743,-1,-1,-1
57,7,2718.0400390625,614.877685546875,27.415771484375,60.12823486328125,0.3996569812297821,-1,-1,-1
57,10,4093.798095703125,539.1295166015625,19.122314453125,31.935791015625,0.3890115022659302,-1,-1,-1
57,5,3373.44921875,639.66943359375,36.276611328125,63.08416748046875,0.46109676361083984,-1,-1,-1
57,9,2799.060546875,544.570068359375,19.364013671875,42.5450439453125,0.5716395378112793,-1,-1,-1
57,24,3262.221923828125,621.820556640625,24.068603515625,61.64776611328125,0.5122467875480652,-1,-1,-1
57,4,2916.2763671875,586.3740844726562,24.8369140625,45.30902099609375,0.4013194143772125,-1,-1,-1
57,47,3449.830322265625,526.5878295898438,17.1103515625,26.604248046875,0.2944994270801544,-1,-1,-1
58,1,2041.1390380859375,742.8050537109375,66.3607177734375,99.06500244140625,0.5727092623710632,-1,-1,-1
58,2,2160.801513671875,603.6768798828125,35.25244140625,60.9412841796875,0.5467468500137329,-1,-1,-1
58,3,3638.482421875,803.2307739257812,34.69677734375,108.05230712890625,0.6781588792800903,-1,-1,-1
58,7,2718.8662109375,614.9564208984375,28.988525390625,60.9334716796875,0.3938550651073456,-1,-1,-1
58,10,4093.98095703125,539.2909545898438,18.37646484375,31.31787109375,0.40017256140708923,-1,-1,-1
58,5,3378.787841796875,639.25341796875,34.6015625,62.38507080078125,0.5567481517791748,-1,-1,-1
58,9,2800.679931640625,545.0291137695312,20.23193359375,41.2237548828125,0.5025205612182617,-1,-1,-1
58,24,3265.87060546875,622.2149047851562,21.927490234375,60.81781005859375,0.41634535789489746,-1,-1,-1
58,4,2917.09765625,586.5088500976562,24.21630859375,44.6539306640625,0.42007210850715637,-1,-1,-1
58,47,3450.173583984375,526.6990966796875,16.682861328125,27.19195556640625,0.25836846232414246,-1,-1,-1
59,1,2040.1182861328125,743.0971069335938,67.5965576171875,99.02703857421875,0.6029509902000427,-1,-1,-1
59,2,2162.8359375,602.3004150390625,34.283935546875,64.0030517578125,0.630952775478363,-1,-1,-1
59,3,3638.51904296875,803.0590209960938,34.624267578125,108.33758544921875,0.6798336505889893,-1,-1,-1
59,7,2719.548583984375,616.3931274414062,30.77880859375,61.03253173828125,0.3429878056049347,-1,-1,-1
59,10,4094.00390625,539.2674560546875,18.0751953125,31.274169921875,0.39242422580718994,-1,-1,-1
59,5,3383.656494140625,639.7083740234375,32.6123046875,60.431640625,0.5075018405914307,-1,-1,-1
59,24,3266.423828125,622.0758666992188,25.430908203125,62.11712646484375,0.5024644136428833,-1,-1,-1
59,4,2918.451416015625,587.1071166992188,23.10205078125,43.3282470703125,0.4774481952190399,-1,-1,-1
59,47,3450.53857421875,526.5621337890625,16.5859375,26.27838134765625,0.2753402888774872,-1,-1,-1
60,1,2039.85546875,743.3181762695312,68.217529296875,98.67425537109375,0.5910632014274597,-1,-1,-1
60,2,2167.233154296875,601.8145141601562,30.633056640625,64.1728515625,0.6495280265808105,-1,-1,-1
60,3,3638.5244140625,802.8411865234375,34.635009765625,108.58099365234375,0.6791730523109436,-1,-1,-1
60,7,2721.143310546875,616.3533935546875,30.6494140625,60.305419921875,0.39715349674224854,-1,-1,-1
60,10,4094.142822265625,538.979248046875,17.663330078125,31.2427978515625,0.4040434658527374,-1,-1,-1
60,5,3388.828369140625,639.8845825195312,30.04541015625,60.2550048828125,0.5281280875205994,-1,-1,-1
60,24,3267.06591796875,622.5078125,26.55859375,61.21734619140625,0.5634864568710327,-1,-1,-1
60,4,2919.82275390625,587.6127319335938,21.846923828125,42.87774658203125,0.4514765739440918,-1,-1,-1
60,47,3450.769775390625,525.9745483398438,16.91064453125,27.4853515625,0.28488072752952576,-1,-1,-1
61,1,2039.68603515625,744.5291137695312,68.49169921875,97.84716796875,0.5663527846336365,-1,-1,-1
61,2,2169.504150390625,602.552734375,30.326416015625,62.8594970703125,0.6577385663986206,-1,-1,-1
61,3,3638.607177734375,802.873046875,34.57958984375,108.63433837890625,0.686739444732666,-1,-1,-1
61,7,2722.914794921875,616.5308837890625,32.2080078125,59.05511474609375,0.4286174178123474,-1,-1,-1
61,10,4094.124267578125,538.919677734375,17.562255859375,31.543701171875,0.46269911527633667,-1,-1,-1
61,5,3395.13037109375,638.223876953125,27.4521484375,60.7298583984375,0.5042613744735718,-1,-1,-1
61,24,3267.86669921875,622.7667236328125,27.62744140625,59.50323486328125,0.5859902501106262,-1,-1,-1
61,4,2921.4306640625,587.1167602539062,20.55419921875,43.88262939453125,0.4778352379798889,-1,-1,-1
61,47,3450.896240234375,525.3375244140625,17.297607421875,28.95635986328125,0.312271386384964,-1,-1,-1
61,70,3572.833251953125,559.2294311523438,21.28076171875,69.61602783203125,0.3890851140022278,-1,-1,-1
61,9,2810.38623046875,544.378173828125,21.30224609375,41.44415283203125,0.35195282101631165,-1,-1,-1
62,1,2040.2255859375,743.8987426757812,68.240966796875,98.55560302734375,0.555825412273407,-1,-1,-1
62,2,2170.929443359375,601.6722412109375,30.13623046875,63.45147705078125,0.6741918325424194,-1,-1,-1
62,3,3638.697265625,802.721923828125,34.577392578125,108.88629150390625,0.6841000318527222,-1,-1,-1
62,7,2725.023193359375,617.2545166015625,32.714599609375,57.50592041015625,0.41740623116493225,-1,-1,-1
62,10,4094.14599609375,538.927978515625,17.62353515625,31.29461669921875,0.4451718330383301,-1,-1,-1
62,5,3397.54248046875,637.4093627929688,27.401611328125,61.4205322265625,0.4217908978462219,-1,-1,-1
62,24,3269.076416015625,623.4215698242188,28.881103515625,59.366455078125,0.5917301774024963,-1,-1,-1
62,4,2922.88330078125,586.38427734375,19.4306640625,44.26361083984375,0.4723961055278778,-1,-1,-1
62,47,3451.013427734375,524.9739990234375,17.72705078125,29.0079345703125,0.3014553189277649,-1,-1,-1
62,70,3573.68359375,560.0875244140625,20.3193359375,70.51318359375,0.2557898163795471,-1,-1,-1
62,9,2813.6162109375,544.929443359375,19.55419921875,40.4677734375,0.3701503574848175,-1,-1,-1
63,1,2043.2342529296875,743.8644409179688,65.6766357421875,99.1951904296875,0.5698397755622864,-1,-1,-1
63,2,2173.79931640625,602.5315551757812,28.903076171875,62.9371337890625,0.6146399974822998,-1,-1,-1
63,3,3638.671875,802.617919921875,34.873291015625,108.92193603515625,0.6781675219535828,-1,-1,-1
63,7,2726.95263671875,617.4729614257812,33.31494140625,60.3399658203125,0.4344484210014343,-1,-1,-1
63,10,4094.33251953125,538.8671264648438,17.5380859375,31.5218505859375,0.45289352536201477,-1,-1,-1
63,5,3400.9677734375,636.6031494140625,27.8427734375,62.2630615234375,0.43869325518608093,-1,-1,-1
63,24,3270.81787109375,623.8851318359375,28.4541015625,59.02496337890625,0.6040660738945007,-1,-1,-1
63,4,2924.401123046875,585.4691162109375,19.11669921875,44.19647216796875,0.4407293498516083,-1,-1,-1
63,47,3451.07080078125,524.31884765625,17.241455078125,30.1053466796875,0.3478613495826721,-1,-1,-1
63,70,3574.40625,561.9215087890625,19.89404296875,69.140380859375,0.26638513803482056,-1,-1,-1
63,9,2815.951904296875,545.4763793945312,18.779541015625,40.0357666015625,0.4288790225982666,-1,-1,-1
64,1,2045.2264404296875,745.152099609375,63.9383544921875,98.5328369140625,0.59026700258255,-1,-1,-1
64,2,2176.973876953125,602.2222900390625,28.71484375,64.4251708984375,0.4836493730545044,-1,-1,-1
64,3,3638.726806640625,802.5841064453125,34.928466796875,108.9061279296875,0.6781029105186462,-1,-1,-1
64,7,2730.035400390625,618.087646484375,31.83837890625,58.0133056640625,0.45956510305404663,-1,-1,-1
64,10,4094.457763671875,538.8062133789062,17.450927734375,31.86798095703125,0.47450754046440125,-1,-1,-1
64,5,3403.661376953125,637.3726196289062,28.322265625,62.8663330078125,0.49521496891975403,-1,-1,-1
64,24,3272.49072265625,623.7802734375,29.3154296875,60.37200927734375,0.6273500919342041,-1,-1,-1
64,4,2925.678466796875,585.1676025390625,18.504150390625,43.23773193359375,0.40591558814048767,-1,-1,-1
64,47,3451.214599609375,523.819580078125,16.7919921875,28.49749755859375,0.35258233547210693,-1,-1,-1
64,70,3574.758544921875,562.8421020507812,20.269775390625,68.52886962890625,0.3130042552947998,-1,-1,-1
64,9,2819.263916015625,544.2858276367188,17.33740234375,41.84796142578125,0.4302130341529846,-1,-1,-1
65,1,2046.3826904296875,744.117919921875,63.6124267578125,100.35272216796875,0.6279415488243103,-1,-1,-1
65,2,2180.174560546875,601.3602905273438,27.2041015625,62.93646240234375,0.496359646320343,-1,-1,-1
65,3,3638.7802734375,802.5436401367188,34.9990234375,108.96746826171875,0.680514395236969,-1,-1,-1
65,7,2732.522705078125,617.8837280273438,30.1611328125,59.01593017578125,0.4247595965862274,-1,-1,-1
65,10,4094.466064453125,538.8001098632812,17.609619140625,32.34954833984375,0.4676409959793091,-1,-1,-1
65,5,3405.83349609375,636.5601806640625,29.4990234375,63.92913818359375,0.44958293437957764,-1,-1,-1
65,24,3275.78857421875,624.271484375,27.7421875,59.66754150390625,0.645861804485321,-1,-1,-1
65,4,2926.40625,584.4000244140625,18.49169921875,44.74359130859375,0.47418174147605896,-1,-1,-1
65,47,3451.340576171875,523.4220581054688,16.562744140625,28.25299072265625,0.3510885536670685,-1,-1,-1
65,9,2821.0087890625,544.6671142578125,19.73828125,40.38397216796875,0.49490031599998474,-1,-1,-1
66,1,2046.43994140625,744.9010009765625,65.36328125,100.5643310546875,0.6186517477035522,-1,-1,-1
66,2,2182.767333984375,599.8614501953125,27.224609375,62.63177490234375,0.5334495306015015,-1,-1,-1
66,3,3638.74169921875,802.7127075195312,35.0947265625,108.87103271484375,0.6812470555305481,-1,-1,-1
66,7,2734.443115234375,617.029541015625,29.88525390625,61.11285400390625,0.5107814073562622,-1,-1,-1
66,10,4094.512451171875,538.7750854492188,17.836669921875,32.8017578125,0.45081737637519836,-1,-1,-1
66,5,3409.3818359375,635.7887573242188,28.23193359375,62.37420654296875,0.47298645973205566,-1,-1,-1
66,24,3278.3115234375,623.2916259765625,26.19921875,60.5113525390625,0.7040493488311768,-1,-1,-1
66,4,2927.305908203125,583.8546752929688,18.327392578125,44.168701171875,0.4525054693222046,-1,-1,-1
66,47,3451.529052734375,523.6434936523438,17.153076171875,30.35137939453125,0.30146223306655884,-1,-1,-1
66,9,2822.412109375,544.7745361328125,20.828369140625,40.64862060546875,0.5499758124351501,-1,-1,-1
66,6,2717.93115234375,527.7753295898438,19.764892578125,28.597900390625,0.3205176591873169,-1,-1,-1
67,1,2046.7305908203125,745.576416015625,67.3441162109375,100.30902099609375,0.6536356210708618,-1,-1,-1
67,2,2184.722412109375,599.7136840820312,27.170166015625,61.92242431640625,0.5520059466362,-1,-1,-1
67,3,3638.4912109375,802.735107421875,35.470947265625,108.887939453125,0.6757454872131348,-1,-1,-1
67,7,2736.993896484375,616.3959350585938,28.278564453125,62.72210693359375,0.5177441239356995,-1,-1,-1
67,10,4094.617431640625,538.8309936523438,18.121826171875,33.076171875,0.44182026386260986,-1,-1,-1
67,5,3412.9375,636.457275390625,28.395263671875,60.99853515625,0.4880068898200989,-1,-1,-1
67,24,3280.661865234375,622.843017578125,24.1806640625,61.22357177734375,0.7145869135856628,-1,-1,-1
67,4,2927.94921875,582.71435546875,17.35302734375,44.8970947265625,0.476290762424469,-1,-1,-1
67,47,3451.60693359375,523.09912109375,17.56640625,29.239501953125,0.2653063237667084,-1,-1,-1
67,9,2825.375,542.9306030273438,20.150146484375,42.501220703125,0.5807759165763855,-1,-1,-1
67,70,3576.445068359375,565.0252075195312,21.53759765625,66.07257080078125,0.292790949344635,-1,-1,-1
68,1,2047.787353515625,745.9720458984375,68.374267578125,100.4478759765625,0.6560319066047668,-1,-1,-1
68,2,2188.14990234375,600.0712280273438,28.033203125,61.522705078125,0.5928080677986145,-1,-1,-1
68,3,3638.33935546875,803.057861328125,35.62353515625,108.3743896484375,0.6733902096748352,-1,-1,-1
68,7,2739.964111328125,616.6317138671875,27.0791015625,58.510009765625,0.36287009716033936,-1,-1,-1
68,10,4094.803466796875,538.9112548828125,18.129638671875,32.96319580078125,0.440048485994339,-1,-1,-1
68,5,3416.9423828125,637.6500244140625,25.423095703125,57.99554443359375,0.47903335094451904,-1,-1,-1
68,24,3285.12841796875,622.3951416015625,20.239013671875,61.2623291015625,0.7106893658638,-1,-1,-1
68,4,2929.02001953125,582.560546875,16.901123046875,44.224609375,0.5000838041305542,-1,-1,-1
68,9,2827.732666015625,540.8992309570312,20.854248046875,45.10723876953125,0.41407492756843567,-1,-1,-1
68,70,3576.69921875,566.4381713867188,21.646240234375,62.56915283203125,0.2677561640739441,-1,-1,-1
69,1,2049.967041015625,746.5391845703125,68.979736328125,100.64892578125,0.614834725856781,-1,-1,-1
69,2,2190.158203125,600.4458618164062,29.56298828125,60.662841796875,0.5664422512054443,-1,-1,-1
69,3,3638.353271484375,803.1871948242188,35.712158203125,108.135498046875,0.6753264665603638,-1,-1,-1
69,7,2741.535400390625,617.04736328125,28.37646484375,59.8162841796875,0.382347971200943,-1,-1,-1
69,10,4094.843017578125,538.9273681640625,18.163330078125,33.02130126953125,0.4449014663696289,-1,-1,-1
69,5,3420.611572265625,637.2665405273438,25.7197265625,58.0980224609375,0.463190495967865,-1,-1,-1
69,24,3287.685302734375,620.8676147460938,20.86669921875,63.3697509765625,0.669983983039856,-1,-1,-1
69,4,2929.63623046875,582.0465087890625,17.510009765625,45.51947021484375,0.5802880525588989,-1,-1,-1
69,9,2829.020751953125,540.4916381835938,22.637939453125,44.8990478515625,0.25788605213165283,-1,-1,-1
69,70,3576.80810546875,567.802978515625,21.328125,59.41680908203125,0.2684778869152069,-1,-1,-1
69,80,3248.797607421875,539.6221313476562,22.20654296875,66.8372802734375,0.35153481364250183,-1,-1,-1
70,1,2050.740234375,746.6096801757812,70.183837890625,101.3692626953125,0.6100291609764099,-1,-1,-1
70,2,2191.315185546875,600.6724853515625,31.650146484375,59.99212646484375,0.5757092833518982,-1,-1,-1
70,3,3638.384033203125,803.2100830078125,35.69091796875,108.13946533203125,0.6805809140205383,-1,-1,-1
70,7,2742.62890625,617.248046875,29.146240234375,62.034912109375,0.4333958923816681,-1,-1,-1
70,10,4094.84375,538.91845703125,18.22509765625,32.98980712890625,0.46279191970825195,-1,-1,-1
70,5,3423.698974609375,637.3900146484375,25.880615234375,58.92877197265625,0.45458048582077026,-1,-1,-1
70,24,3289.1435546875,619.1091918945312,22.496337890625,65.36669921875,0.5070369243621826,-1,-1,-1
70,4,2929.77490234375,582.2861938476562,18.456787109375,45.12615966796875,0.5590638518333435,-1,-1,-1
70,70,3576.755126953125,569.3656616210938,22.24072265625,57.60382080078125,0.3171527683734894,-1,-1,-1
70,80,3249.620361328125,538.2997436523438,21.2490234375,67.57757568359375,0.35697615146636963,-1,-1,-1
70,47,3451.788330078125,521.9650268554688,20.013671875,30.8927001953125,0.2707451581954956,-1,-1,-1
71,1,2052.155517578125,746.4951782226562,69.86474609375,102.1719970703125,0.6127716302871704,-1,-1,-1
71,2,2192.63720703125,599.755615234375,32.73486328125,60.53515625,0.5474501252174377,-1,-1,-1
71,3,3638.26806640625,803.2325439453125,35.9091796875,108.2335205078125,0.6834860444068909,-1,-1,-1
71,7,2744.037841796875,617.7954711914062,29.36669921875,61.60797119140625,0.41640332341194153,-1,-1,-1
71,10,4094.934814453125,538.8511352539062,18.224853515625,33.0582275390625,0.4648142457008362,-1,-1,-1
71,5,3426.453369140625,636.83056640625,25.93310546875,59.94696044921875,0.4427585005760193,-1,-1,-1
71,4,2930.09326171875,582.2418212890625,19.001220703125,45.265380859375,0.6112316250801086,-1,-1,-1
71,70,3577.9619140625,569.741943359375,21.75927734375,56.72723388671875,0.28426051139831543,-1,-1,-1
71,80,3250.629150390625,537.70166015625,20.381591796875,67.60687255859375,0.3285614252090454,-1,-1,-1
71,6,2737.612060546875,529.2525634765625,23.38720703125,28.3104248046875,0.38080573081970215,-1,-1,-1
71,9,2836.112548828125,542.9424438476562,22.670654296875,41.51715087890625,0.31114184856414795,-1,-1,-1
72,1,2054.16259765625,746.5535888671875,68.3515625,102.11480712890625,0.6231521964073181,-1,-1,-1
72,2,2194.8125,599.1005249023438,31.758056640625,59.4302978515625,0.5895162224769592,-1,-1,-1
72,3,3638.085693359375,803.3334350585938,36.29296875,108.11248779296875,0.6833893656730652,-1,-1,-1
72,7,2744.81689453125,617.5771484375,30.225830078125,61.73577880859375,0.3634031414985657,-1,-1,-1
72,10,4095.05322265625,538.8344116210938,18.099609375,32.91998291015625,0.47094225883483887,-1,-1,-1
72,5,3430.259521484375,636.3414306640625,24.2431640625,60.26336669921875,0.2837092876434326,-1,-1,-1
72,4,2930.919921875,581.38037109375,19.05908203125,44.67803955078125,0.5893091559410095,-1,-1,-1
72,80,3251.413818359375,540.6058959960938,19.923583984375,64.244140625,0.37382280826568604,-1,-1,-1
72,6,2741.76416015625,528.6292114257812,23.247314453125,37.27716064453125,0.33405405282974243,-1,-1,-1
72,9,2839.158447265625,545.0413208007812,21.100341796875,36.968994140625,0.3302013874053955,-1,-1,-1
72,24,3292.765869140625,618.1292114257812,26.05029296875,64.28778076171875,0.4373564124107361,-1,-1,-1
73,1,2055.68603515625,746.744873046875,67.075439453125,102.20672607421875,0.6295825839042664,-1,-1,-1
73,2,2196.665283203125,599.7825927734375,31.8662109375,58.9708251953125,0.5527274012565613,-1,-1,-1
73,3,3638.070068359375,803.3255004882812,36.52099609375,108.14599609375,0.6846617460250854,-1,-1,-1
73,7,2746.136474609375,618.861572265625,31.11181640625,61.27545166015625,0.34199827909469604,-1,-1,-1
73,10,4095.03369140625,538.7343139648438,18.00927734375,32.88641357421875,0.4537692964076996,-1,-1,-1
73,4,2931.357177734375,581.3359985351562,19.1044921875,43.56231689453125,0.5404707789421082,-1,-1,-1
73,80,3251.676513671875,542.5897216796875,20.330078125,61.47332763671875,0.3802993595600128,-1,-1,-1
73,9,2841.408203125,545.9898071289062,19.512939453125,35.46337890625,0.3660739064216614,-1,-1,-1
73,24,3294.5703125,619.8350219726562,26.036865234375,62.4290771484375,0.6169659495353699,-1,-1,-1
73,70,3579.459228515625,567.0337524414062,21.425048828125,59.91351318359375,0.2680240273475647,-1,-1,-1
74,1,2057.88818359375,746.803466796875,64.86474609375,102.63763427734375,0.6631531715393066,-1,-1,-1
74,2,2198.100830078125,601.4110107421875,32.0263671875,57.9730224609375,0.4789319932460785,-1,-1,-1
74,3,3638.060302734375,803.7543334960938,36.6962890625,107.67926025390625,0.6759291291236877,-1,-1,-1
74,7,2747.867431640625,619.2865600585938,32.447021484375,62.1402587890625,0.3631649315357208,-1,-1,-1
74,10,4095.0908203125,538.7208862304688,17.81787109375,32.761474609375,0.43962106108665466,-1,-1,-1
74,4,2931.53955078125,582.1278686523438,19.078857421875,41.65960693359375,0.5076853036880493,-1,-1,-1
74,80,3251.371826171875,543.5761108398438,21.950439453125,60.011474609375,0.3322511613368988,-1,-1,-1
74,9,2844.034423828125,543.7325439453125,18.8203125,38.305908203125,0.383890300989151,-1,-1,-1
74,24,3295.569091796875,621.9166870117188,26.7900390625,61.7330322265625,0.606089174747467,-1,-1,-1
74,70,3579.809326171875,565.240234375,21.465087890625,61.93670654296875,0.2676983177661896,-1,-1,-1
74,5,3439.27587890625,634.2695922851562,21.15625,57.6473388671875,0.43546608090400696,-1,-1,-1
75,1,2059.508544921875,746.8123168945312,63.2802734375,103.2186279296875,0.6926413178443909,-1,-1,-1
75,2,2199.995361328125,602.1470336914062,35.060791015625,57.06597900390625,0.47183340787887573,-1,-1,-1
75,3,3638.042724609375,803.8038940429688,36.74560546875,107.74456787109375,0.6757875680923462,-1,-1,-1
75,7,2749.2802734375,619.2962036132812,32.39990234375,61.89422607421875,0.483951598405838,-1,-1,-1
75,10,4095.117919921875,538.7326049804688,17.711669921875,32.75311279296875,0.43338334560394287,-1,-1,-1
75,4,2931.75830078125,583.1265869140625,19.09765625,40.542724609375,0.5013854503631592,-1,-1,-1
75,80,3251.79736328125,543.4649047851562,22.309326171875,59.95098876953125,0.35226139426231384,-1,-1,-1
75,9,2847.16259765625,542.8578491210938,18.919921875,38.89703369140625,0.5489224791526794,-1,-1,-1
75,24,3297.14013671875,621.953369140625,27.174560546875,61.532958984375,0.5939750075340271,-1,-1,-1
75,70,3579.8466796875,564.1090698242188,21.647705078125,63.4033203125,0.32194799184799194,-1,-1,-1
75,5,3440.4619140625,630.8452758789062,24.3017578125,61.69537353515625,0.5974152088165283,-1,-1,-1
76,1,2061.01611328125,746.4876098632812,61.56982421875,103.75677490234375,0.6715413928031921,-1,-1,-1
76,2,2201.20361328125,601.1146850585938,38.305908203125,57.66278076171875,0.4553280174732208,-1,-1,-1
76,3,3638.343505859375,804.3911743164062,36.92431640625,106.3709716796875,0.694151759147644,-1,-1,-1
76,7,2750.91357421875,618.4715576171875,31.852783203125,63.6951904296875,0.5592082738876343,-1,-1,-1
76,10,4094.953125,538.6148071289062,17.73095703125,33.16082763671875,0.4565315246582031,-1,-1,-1
76,4,2932.83984375,583.2172241210938,18.22021484375,38.7860107421875,0.46263137459754944,-1,-1,-1
76,80,3251.981201171875,541.1074829101562,22.9189453125,62.09027099609375,0.3793579339981079,-1,-1,-1
76,9,2848.310791015625,542.24853515625,21.037353515625,41.0880126953125,0.4910048544406891,-1,-1,-1
76,24,3298.549072265625,620.4608154296875,29.5625,62.97528076171875,0.5746777653694153,-1,-1,-1
76,70,3581.01513671875,565.1219482421875,21.02001953125,62.13616943359375,0.3930964767932892,-1,-1,-1
76,5,3443.093017578125,628.4397583007812,24.51171875,62.40142822265625,0.6359440088272095,-1,-1,-1
77,1,2061.355224609375,746.194580078125,60.81689453125,104.22344970703125,0.6837910413742065,-1,-1,-1
77,2,2207.2412109375,599.0494995117188,33.10888671875,60.142333984375,0.5292383432388306,-1,-1,-1
77,3,3638.427734375,804.635498046875,37.0078125,105.80780029296875,0.6933251619338989,-1,-1,-1
77,7,2752.580078125,618.435791015625,30.87255859375,63.80230712890625,0.5384189486503601,-1,-1,-1
77,10,4094.895751953125,538.577392578125,17.787841796875,33.2742919921875,0.45938605070114136,-1,-1,-1
77,4,2933.990234375,582.752197265625,17.305908203125,38.7613525390625,0.4625680148601532,-1,-1,-1
77,80,3252.876708984375,539.262939453125,22.565185546875,63.33416748046875,0.4582926034927368,-1,-1,-1
77,9,2851.281982421875,542.2999877929688,19.959716796875,41.3193359375,0.5442382097244263,-1,-1,-1
77,24,3299.6240234375,620.8880615234375,30.644775390625,63.4794921875,0.5903410911560059,-1,-1,-1
77,70,3581.625244140625,564.3811645507812,20.87060546875,63.24578857421875,0.44600123167037964,-1,-1,-1
77,5,3443.649169921875,628.0023803710938,27.458984375,62.48919677734375,0.6180886626243591,-1,-1,-1
78,1,2061.87744140625,745.9495849609375,60.102294921875,105.21563720703125,0.6759480237960815,-1,-1,-1
78,2,2211.89501953125,598.251220703125,29.29736328125,60.719482421875,0.6119948029518127,-1,-1,-1
78,3,3638.46484375,804.70703125,37.0693359375,105.5916748046875,0.6907346844673157,-1,-1,-1
78,7,2755.615478515625,618.1500244140625,28.795654296875,63.9036865234375,0.45026862621307373,-1,-1,-1
78,10,4094.836669921875,538.513916015625,18.078369140625,33.615234375,0.4619632661342621,-1,-1,-1
78,4,2934.95556640625,582.3446044921875,16.716552734375,41.0225830078125,0.4932962954044342,-1,-1,-1
78,80,3253.505126953125,537.7301025390625,22.21728515625,64.72015380859375,0.4714406728744507,-1,-1,-1
78,9,2853.914794921875,541.904541015625,19.841064453125,41.82135009765625,0.4904973804950714,-1,-1,-1
78,24,3302.75537109375,621.505126953125,29.27099609375,62.61370849609375,0.6261187195777893,-1,-1,-1
78,70,3582.008056640625,562.6633911132812,20.6875,66.166015625,0.46147674322128296,-1,-1,-1
78,5,3447.37353515625,628.4989624023438,27.2138671875,60.2208251953125,0.6059737801551819,-1,-1,-1
79,1,2062.15380859375,746.2592163085938,59.66455078125,105.74078369140625,0.6982011198997498,-1,-1,-1
79,2,2215.710205078125,597.347900390625,27.498046875,61.8927001953125,0.6431797742843628,-1,-1,-1
79,3,3638.729248046875,804.74462890625,36.799072265625,105.42730712890625,0.6912256479263306,-1,-1,-1
79,7,2757.545166015625,617.9547729492188,28.724853515625,63.9453125,0.37252384424209595,-1,-1,-1
79,10,4094.754150390625,538.466064453125,18.059814453125,33.21514892578125,0.44982197880744934,-1,-1,-1
79,4,2935.677490234375,582.3982543945312,16.33984375,39.53375244140625,0.4013621509075165,-1,-1,-1
79,80,3253.708984375,538.286376953125,22.12548828125,64.0045166015625,0.4744908809661865,-1,-1,-1
79,9,2855.67431640625,541.0889282226562,21.458251953125,42.63397216796875,0.28392553329467773,-1,-1,-1
79,24,3305.261474609375,621.98291015625,27.35400390625,61.30853271484375,0.6612945199012756,-1,-1,-1
79,70,3582.7275390625,561.3798828125,20.034912109375,66.334228515625,0.40880611538887024,-1,-1,-1
79,5,3450.2578125,630.0091552734375,26.5166015625,58.741455078125,0.5385493040084839,-1,-1,-1
80,1,2062.04833984375,747.0789184570312,59.54541015625,105.26220703125,0.7139884829521179,-1,-1,-1
80,2,2219.195556640625,596.659423828125,24.862548828125,62.29217529296875,0.7297045588493347,-1,-1,-1
80,3,3638.812744140625,804.8602905273438,36.62158203125,105.278076171875,0.6891067624092102,-1,-1,-1
80,7,2760.462646484375,617.2139282226562,26.60009765625,63.5377197265625,0.3402676582336426,-1,-1,-1
80,10,4094.69189453125,538.3326416015625,18.09375,32.811279296875,0.44376707077026367,-1,-1,-1
80,4,2936.512939453125,581.8074340820312,16.60986328125,40.34814453125,0.43862923979759216,-1,-1,-1
80,80,3254.01611328125,538.6654663085938,22.197265625,63.678466796875,0.47073590755462646,-1,-1,-1
80,24,3306.492431640625,622.548583984375,26.679931640625,60.0914306640625,0.6323149800300598,-1,-1,-1
80,70,3583.2216796875,561.5862426757812,20.239013671875,65.9930419921875,0.3602994382381439,-1,-1,-1
80,5,3451.826171875,631.56494140625,26.26025390625,57.70941162109375,0.3666974604129791,-1,-1,-1
81,1,2061.58154296875,747.8602905273438,59.1904296875,104.9202880859375,0.7461066246032715,-1,-1,-1
81,2,2220.81396484375,595.5706787109375,25.888916015625,63.11114501953125,0.704658031463623,-1,-1,-1
81,3,3638.733154296875,804.7460327148438,36.732666015625,105.357421875,0.6894895434379578,-1,-1,-1
81,7,2763.15087890625,617.0029907226562,24.5771484375,59.3763427734375,0.3413357734680176,-1,-1,-1
81,10,4094.593505859375,538.27783203125,18.158447265625,32.74090576171875,0.4591028690338135,-1,-1,-1
81,4,2936.86474609375,581.0671997070312,17.2744140625,40.00347900390625,0.39334961771965027,-1,-1,-1
81,80,3254.25830078125,537.9342041015625,22.42724609375,64.479248046875,0.4554499387741089,-1,-1,-1
81,24,3308.985595703125,621.1856689453125,25.67431640625,59.51708984375,0.632933497428894,-1,-1,-1
81,70,3583.577880859375,560.1904907226562,20.25830078125,67.8262939453125,0.4053189754486084,-1,-1,-1
81,5,3456.65576171875,631.3993530273438,25.4501953125,57.2308349609375,0.3402499854564667,-1,-1,-1
82,1,2061.200439453125,748.485107421875,59.129150390625,105.38909912109375,0.7473174929618835,-1,-1,-1
82,2,2223.266357421875,595.19482421875,25.19189453125,62.5692138671875,0.690015435218811,-1,-1,-1
82,3,3638.74169921875,804.7582397460938,36.83251953125,105.32537841796875,0.692359983921051,-1,-1,-1
82,7,2764.92138671875,617.9434814453125,24.135986328125,56.8826904296875,0.3749641180038452,-1,-1,-1
82,10,4094.659912109375,538.3441772460938,18.133544921875,32.58251953125,0.442338764667511,-1,-1,-1
82,4,2936.90283203125,579.4280395507812,18.139892578125,42.0250244140625,0.44907432794570923,-1,-1,-1
82,80,3254.7021484375,536.7705078125,22.699951171875,65.8702392578125,0.42547306418418884,-1,-1,-1
82,24,3311.928466796875,619.9529418945312,24.020263671875,61.25592041015625,0.5790848731994629,-1,-1,-1
82,70,3583.871337890625,559.711669921875,20.0791015625,68.18756103515625,0.4203718602657318,-1,-1,-1
82,5,3462.947265625,630.2459716796875,22.0478515625,58.05242919921875,0.4542635977268219,-1,-1,-1
83,1,2060.584716796875,748.9299926757812,58.826416015625,105.167724609375,0.7449780106544495,-1,-1,-1
83,2,2225.436767578125,594.8956909179688,24.654052734375,62.79852294921875,0.6952126622200012,-1,-1,-1
83,3,3638.958251953125,804.7755737304688,36.662353515625,105.20587158203125,0.6920850276947021,-1,-1,-1
83,7,2766.47265625,618.6842041015625,23.40283203125,56.62823486328125,0.4153142273426056,-1,-1,-1
83,10,4094.791259765625,538.1950073242188,17.932861328125,32.48101806640625,0.44744497537612915,-1,-1,-1
83,4,2936.839111328125,577.1839599609375,19.724365234375,44.8497314453125,0.40035492181777954,-1,-1,-1
83,80,3255.087158203125,537.330078125,23.029052734375,65.9527587890625,0.40907901525497437,-1,-1,-1
83,24,3315.102294921875,619.967041015625,22.585693359375,60.92974853515625,0.4811391830444336,-1,-1,-1
83,70,3584.273681640625,557.6292724609375,19.59228515625,70.0498046875,0.3827161490917206,-1,-1,-1
83,5,3466.831787109375,627.7783203125,21.16796875,59.4517822265625,0.42248716950416565,-1,-1,-1
83,9,2868.30810546875,541.8277587890625,18.73779296875,39.23138427734375,0.2596869170665741,-1,-1,-1
84,1,2060.14501953125,749.0150756835938,57.829833984375,104.51507568359375,0.7467316389083862,-1,-1,-1
84,2,2226.79150390625,594.4606323242188,26.36572265625,62.52410888671875,0.7015215754508972,-1,-1,-1
84,3,3638.983642578125,804.8048706054688,36.504638671875,105.1826171875,0.6925452947616577,-1,-1,-1
84,7,2767.690673828125,619.0853271484375,25.33740234375,57.202880859375,0.4630695581436157,-1,-1,-1
84,10,4095.007568359375,538.0452880859375,17.600830078125,32.08355712890625,0.4639425277709961,-1,-1,-1
84,4,2937.09521484375,575.7103881835938,21.228515625,46.7764892578125,0.36661496758461,-1,-1,-1
84,80,3255.92626953125,536.7959594726562,23.683349609375,66.08502197265625,0.4468190670013428,-1,-1,-1
84,24,3317.36962890625,618.302490234375,21.94482421875,63.0013427734375,0.4930749833583832,-1,-1,-1
84,70,3584.8876953125,556.6005249023438,20.19384765625,70.81317138671875,0.37562447786331177,-1,-1,-1
84,5,3469.285888671875,627.2442626953125,21.282958984375,59.7979736328125,0.480353444814682,-1,-1,-1
84,9,2871.195068359375,541.3844604492188,17.683349609375,39.62176513671875,0.37190911173820496,-1,-1,-1
85,1,2059.840087890625,749.2615356445312,56.352294921875,104.5611572265625,0.7528665065765381,-1,-1,-1
85,2,2228.91552734375,595.4586791992188,27.73681640625,60.85150146484375,0.5778324604034424,-1,-1,-1
85,3,3638.9599609375,804.880615234375,36.642333984375,105.05230712890625,0.695857584476471,-1,-1,-1
85,7,2769.90185546875,620.1719970703125,26.154052734375,58.42681884765625,0.4564686715602875,-1,-1,-1
85,10,4095.018310546875,538.0313110351562,17.595947265625,31.3421630859375,0.4559890031814575,-1,-1,-1
85,4,2937.307373046875,575.3302612304688,22.180908203125,46.9609375,0.3129028379917145,-1,-1,-1
85,80,3256.241943359375,538.755859375,24.222412109375,63.53704833984375,0.44719618558883667,-1,-1,-1
85,24,3319.35888671875,618.8137817382812,21.515869140625,61.283935546875,0.501305103302002,-1,-1,-1
85,70,3585.371337890625,554.1070556640625,19.25048828125,73.43780517578125,0.3263043463230133,-1,-1,-1
85,5,3471.544189453125,626.0808715820312,20.978759765625,61.9473876953125,0.609918475151062,-1,-1,-1
85,9,2873.581298828125,541.2269287109375,16.890869140625,39.8907470703125,0.441947340965271,-1,-1,-1
86,1,2059.10791015625,749.455078125,56.104736328125,104.1328125,0.7577924728393555,-1,-1,-1
86,2,2230.284912109375,595.970458984375,30.3681640625,60.7362060546875,0.4797707200050354,-1,-1,-1
86,3,3638.935546875,805.014404296875,36.77001953125,104.94293212890625,0.7009071707725525,-1,-1,-1
86,7,2770.826904296875,620.6940307617188,27.426025390625,58.55126953125,0.5035058856010437,-1,-1,-1
86,10,4095.21630859375,537.9210205078125,17.78515625,31.62969970703125,0.44097453355789185,-1,-1,-1
86,4,2935.49755859375,575.2344970703125,24.42578125,48.70135498046875,0.3256343603134155,-1,-1,-1
86,80,3256.518798828125,538.6936645507812,24.367919921875,62.8082275390625,0.4248184561729431,-1,-1,-1
86,24,3323.2705078125,618.9759521484375,22.1923828125,60.90679931640625,0.5570535063743591,-1,-1,-1
86,70,3585.51611328125,552.1822509765625,19.881591796875,75.080810546875,0.3639681339263916,-1,-1,-1
86,5,3473.089599609375,624.527099609375,21.059814453125,62.30364990234375,0.6469588279724121,-1,-1,-1
86,9,2875.314697265625,541.6888427734375,18.15185546875,38.07159423828125,0.44288870692253113,-1,-1,-1
87,1,2058.71044921875,749.4019165039062,55.541015625,104.141357421875,0.7658101916313171,-1,-1,-1
87,2,2231.58203125,598.0974731445312,35.59912109375,57.9136962890625,0.45127585530281067,-1,-1,-1
87,3,3638.72412109375,804.981201171875,36.91943359375,104.78179931640625,0.691655695438385,-1,-1,-1
87,7,2772.958251953125,619.950927734375,26.4384765625,59.243408203125,0.46091729402542114,-1,-1,-1
87,10,4095.37744140625,537.802978515625,17.73583984375,32.31207275390625,0.4498525857925415,-1,-1,-1
87,4,2934.91259765625,574.3792114257812,26.061279296875,49.664794921875,0.3565016984939575,-1,-1,-1
87,80,3258.760986328125,539.1506958007812,23.383056640625,61.17706298828125,0.42620882391929626,-1,-1,-1
87,24,3324.77197265625,619.3583374023438,22.73828125,59.87139892578125,0.5904331207275391,-1,-1,-1
87,70,3585.6591796875,551.1246948242188,19.833740234375,74.32342529296875,0.3643425405025482,-1,-1,-1
87,5,3474.54248046875,623.7432250976562,21.20947265625,61.4356689453125,0.6090965270996094,-1,-1,-1
87,9,2878.15771484375,541.9070434570312,17.532470703125,37.45550537109375,0.46003517508506775,-1,-1,-1
88,1,2058.594482421875,749.6055297851562,55.46875,104.9774169921875,0.7762677073478699,-1,-1,-1
88,2,2233.37890625,597.6651611328125,38.34033203125,56.8656005859375,0.50069260597229,-1,-1,-1
88,3,3638.777587890625,805.0816040039062,36.91455078125,104.8948974609375,0.7003558278083801,-1,-1,-1
88,7,2774.029296875,620.0856323242188,26.37109375,60.67578125,0.46521246433258057,-1,-1,-1
88,10,4095.745361328125,537.8324584960938,17.835693359375,33.21942138671875,0.4634546935558319,-1,-1,-1
88,4,2935.12548828125,574.3556518554688,26.58642578125,49.640869140625,0.3789319694042206,-1,-1,-1
88,80,3259.85888671875,539.1848754882812,22.87890625,62.262939453125,0.42687562108039856,-1,-1,-1
88,24,3326.550048828125,622.5100708007812,22.28125,57.85009765625,0.601941704750061,-1,-1,-1
88,70,3585.731201171875,550.3543090820312,19.597412109375,74.37579345703125,0.35851186513900757,-1,-1,-1
88,5,3477.061279296875,622.838134765625,23.20751953125,61.54449462890625,0.5720932483673096,-1,-1,-1
88,9,2879.590576171875,540.583984375,17.529541015625,39.54168701171875,0.5407288074493408,-1,-1,-1
89,1,2058.598388671875,750.5623168945312,55.672119140625,104.73907470703125,0.7708955407142639,-1,-1,-1
89,2,2234.620849609375,597.2051391601562,40.122802734375,58.54266357421875,0.5307587385177612,-1,-1,-1
89,3,3638.912109375,804.7007446289062,36.714599609375,105.50054931640625,0.6994851231575012,-1,-1,-1
89,7,2774.816650390625,618.9523315429688,27.0498046875,62.7508544921875,0.3308337330818176,-1,-1,-1
89,10,4096.4296875,537.3864135742188,17.9951171875,34.25982666015625,0.5092746019363403,-1,-1,-1
89,4,2935.45263671875,575.797607421875,26.21435546875,47.49609375,0.42162656784057617,-1,-1,-1
89,80,3260.620849609375,539.0523681640625,22.735107421875,63.22113037109375,0.47142356634140015,-1,-1,-1
89,24,3328.78564453125,623.7266845703125,24.804931640625,58.64208984375,0.6572393774986267,-1,-1,-1
89,70,3586.017578125,549.7005615234375,19.904296875,68.7066650390625,0.3846522867679596,-1,-1,-1
89,5,3478.4267578125,622.7733764648438,25.12158203125,61.62359619140625,0.44562986493110657,-1,-1,-1
89,9,2881.19970703125,539.8510131835938,18.2958984375,39.80206298828125,0.4724416136741638,-1,-1,-1
90,1,2058.6240234375,750.6323852539062,56.02294921875,104.44464111328125,0.7654494047164917,-1,-1,-1
90,2,2237.19189453125,596.9573974609375,39.9296875,59.41455078125,0.4768372178077698,-1,-1,-1
90,3,3638.673095703125,804.6214599609375,36.95947265625,105.7080078125,0.6930546164512634,-1,-1,-1
90,7,2775.30712890625,618.0845336914062,27.3388671875,64.10693359375,0.3658294081687927,-1,-1,-1
90,10,4096.849609375,537.216064453125,17.666015625,33.90740966796875,0.45020395517349243,-1,-1,-1
90,4,2936.05029296875,576.3958740234375,25.44775390625,45.84954833984375,0.4256753921508789,-1,-1,-1
90,80,3261.091064453125,539.6995239257812,22.801025390625,62.26361083984375,0.34797734022140503,-1,-1,-1
90,24,3329.53564453125,625.3695678710938,27.38037109375,56.91046142578125,0.6454869508743286,-1,-1,-1
90,70,3586.095458984375,548.5567626953125,19.2099609375,61.970458984375,0.3269299268722534,-1,-1,-1
90,5,3481.581298828125,625.2989501953125,23.468505859375,56.87017822265625,0.3663778603076935,-1,-1,-1
90,9,2882.42919921875,540.591796875,20.301025390625,38.55743408203125,0.27000775933265686,-1,-1,-1
91,1,2058.78857421875,750.318115234375,56.0205078125,104.04168701171875,0.761943519115448,-1,-1,-1
91,2,2238.380126953125,595.3523559570312,42.5361328125,60.73504638671875,0.5506832599639893,-1,-1,-1
91,3,3638.54248046875,804.37841796875,37.22412109375,106.0096435546875,0.6955711245536804,-1,-1,-1
91,7,2777.740478515625,617.7806396484375,25.53564453125,64.462646484375,0.39120399951934814,-1,-1,-1
91,10,4096.99755859375,537.0096435546875,17.5849609375,34.1025390625,0.4586220383644104,-1,-1,-1
91,4,2936.802001953125,576.0197143554688,24.588134765625,45.8177490234375,0.4631310701370239,-1,-1,-1
91,80,3261.5166015625,547.8440551757812,21.256591796875,54.65020751953125,0.3344571590423584,-1,-1,-1
91,24,3330.404296875,625.0947265625,29.3525390625,57.51409912109375,0.6845919489860535,-1,-1,-1
91,70,3586.218505859375,549.1964721679688,19.21728515625,58.5787353515625,0.3504151999950409,-1,-1,-1
91,5,3485.07275390625,626.7179565429688,22.1318359375,54.16632080078125,0.3597172498703003,-1,-1,-1
92,1,2058.6787109375,750.5338134765625,56.526123046875,103.739990234375,0.754915714263916,-1,-1,-1
92,2,2240.46044921875,594.427001953125,42.756103515625,61.59130859375,0.5923113226890564,-1,-1,-1
92,3,3638.51318359375,804.3287963867188,37.310302734375,106.150146484375,0.692539393901825,-1,-1,-1
92,7,2780.35107421875,617.1812133789062,24.48388671875,65.6875,0.35264861583709717,-1,-1,-1
92,10,4097.126953125,536.9663696289062,17.44384765625,33.34674072265625,0.4238322377204895,-1,-1,-1
92,4,2938.49365234375,576.35888671875,23.91064453125,45.9361572265625,0.47411811351776123,-1,-1,-1
92,80,3262.51708984375,556.172119140625,19.818359375,47.60028076171875,0.33096566796302795,-1,-1,-1
92,24,3332.826416015625,625.306640625,28.565673828125,55.61309814453125,0.6811038255691528,-1,-1,-1
92,70,3586.448486328125,549.9632568359375,19.08154296875,57.5147705078125,0.3941881060600281,-1,-1,-1
92,5,3486.515380859375,626.6301879882812,23.5185546875,54.2939453125,0.29815709590911865,-1,-1,-1
93,1,2058.814697265625,751.1463012695312,56.054931640625,103.24969482421875,0.7488437294960022,-1,-1,-1
93,2,2243.9140625,593.1949462890625,40.08642578125,62.4266357421875,0.6233395934104919,-1,-1,-1
93,3,3638.419677734375,804.1314697265625,37.291748046875,107.29571533203125,0.6929397583007812,-1,-1,-1
93,7,2782.285400390625,617.1859130859375,24.9150390625,66.306640625,0.47098931670188904,-1,-1,-1
93,10,4097.373046875,536.8544921875,17.44970703125,33.22052001953125,0.44174841046333313,-1,-1,-1
93,4,2940.236083984375,576.1024169921875,23.309814453125,45.0989990234375,0.4572198987007141,-1,-1,-1
93,80,3263.00048828125,559.2896728515625,19.348388671875,45.19482421875,0.3304767906665802,-1,-1,-1
93,24,3333.892333984375,624.8698120117188,28.195556640625,54.38104248046875,0.7068430185317993,-1,-1,-1
93,70,3586.376220703125,550.2276000976562,19.270751953125,55.66943359375,0.3716704547405243,-1,-1,-1
93,5,3490.155029296875,625.803955078125,21.678466796875,55.5445556640625,0.42247703671455383,-1,-1,-1
93,99,2895.78955078125,540.5712890625,18.83154296875,36.04290771484375,0.3404445946216583,-1,-1,-1
94,1,2059.166015625,751.2609252929688,55.53125,103.45721435546875,0.7548553347587585,-1,-1,-1
94,2,2246.666259765625,593.386962890625,36.92333984375,62.29034423828125,0.6420391201972961,-1,-1,-1
94,3,3638.43115234375,804.304443359375,37.28466796875,106.61737060546875,0.6923798322677612,-1,-1,-1
94,7,2783.802978515625,617.1376342773438,25.20654296875,66.4534912109375,0.5252576470375061,-1,-1,-1
94,10,4097.6513671875,536.824951171875,16.95703125,32.0216064453125,0.41302090883255005,-1,-1,-1
94,4,2941.863037109375,576.0231323242188,22.250732421875,44.2476806640625,0.4587540626525879,-1,-1,-1
94,80,3263.27001953125,560.5968017578125,19.444091796875,45.0081787109375,0.3713345527648926,-1,-1,-1
94,24,3335.161376953125,624.158203125,26.58203125,54.66522216796875,0.7051702737808228,-1,-1,-1
94,70,3586.134033203125,549.8709716796875,19.317138671875,54.4554443359375,0.371305376291275,-1,-1,-1
94,5,3492.416748046875,624.3225708007812,20.819091796875,57.11517333984375,0.4888729453086853,-1,-1,-1
94,99,2896.660888671875,538.7545166015625,18.64306640625,37.28656005859375,0.38969147205352783,-1,-1,-1
95,1,2058.7998046875,751.4200439453125,56.130126953125,103.68621826171875,0.7460882067680359,-1,-1,-1
95,2,2250.270751953125,593.8081665039062,33.400634765625,60.79608154296875,0.6352171301841736,-1,-1,-1
95,3,3638.356201171875,804.4095458984375,37.33935546875,106.08331298828125,0.6864635348320007,-1,-1,-1
95,7,2785.839111328125,616.7009887695312,24.7587890625,66.3399658203125,0.49963369965553284,-1,-1,-1
95,10,4098.09375,536.827880859375,16.40234375,30.651611328125,0.34721776843070984,-1,-1,-1
95,4,2943.67578125,575.86474609375,20.547119140625,42.47198486328125,0.4731687307357788,-1,-1,-1
95,80,3264.14697265625,560.0552368164062,19.267822265625,42.57049560546875,0.2961708605289459,-1,-1,-1
95,24,3338.119140625,623.203125,24.957275390625,55.69268798828125,0.6786381006240845,-1,-1,-1
95,70,3586.41796875,550.7371215820312,19.22998046875,53.12005615234375,0.32253900170326233,-1,-1,-1
95,5,3493.7177734375,623.9088134765625,21.90576171875,58.1822509765625,0.528791606426239,-1,-1,-1
95,99,2898.641845703125,538.3822631835938,17.501220703125,36.82867431640625,0.34344902634620667,-1,-1,-1
96,1,2058.23291015625,751.3737182617188,56.86474609375,103.9039306640625,0.7365851402282715,-1,-1,-1
96,2,2254.28076171875,593.132568359375,29.923095703125,61.5693359375,0.6132737398147583,-1,-1,-1
96,3,3638.310791015625,804.4100952148438,37.28271484375,106.39447021484375,0.6861805319786072,-1,-1,-1
96,7,2787.8828125,617.6478881835938,26.6240234375,64.931884765625,0.5654759407043457,-1,-1,-1
96,10,4098.12646484375,536.8535766601562,16.10498046875,29.792236328125,0.3306727409362793,-1,-1,-1
96,4,2944.328369140625,573.9552612304688,22.37109375,43.19671630859375,0.4661282002925873,-1,-1,-1
96,80,3264.817626953125,558.7352905273438,20.573486328125,43.2918701171875,0.2751286029815674,-1,-1,-1
96,24,3341.5947265625,622.5358276367188,22.31396484375,55.8697509765625,0.6394138932228088,-1,-1,-1
96,70,3586.4150390625,550.9315185546875,19.45703125,51.9666748046875,0.2977388799190521,-1,-1,-1
96,5,3496.28564453125,623.7644653320312,21.842041015625,57.75677490234375,0.4425976276397705,-1,-1,-1
96,99,2899.579345703125,538.6754760742188,17.002685546875,37.24542236328125,0.34453973174095154,-1,-1,-1
97,1,2058.071044921875,751.327880859375,57.25537109375,105.1151123046875,0.7518504858016968,-1,-1,-1
97,2,2257.858154296875,593.5732421875,27.55419921875,61.41937255859375,0.5009109973907471,-1,-1,-1
97,3,3638.27685546875,804.4888916015625,37.239501953125,106.64410400390625,0.6856347322463989,-1,-1,-1
97,7,2789.071044921875,617.730712890625,28.412109375,64.9034423828125,0.5581802129745483,-1,-1,-1
97,10,4098.06689453125,536.9932861328125,16.1201171875,29.33367919921875,0.3187587559223175,-1,-1,-1
97,4,2944.874755859375,572.8477783203125,22.63427734375,43.66314697265625,0.46001172065734863,-1,-1,-1
97,80,3264.904296875,558.0770263671875,21.083740234375,43.65667724609375,0.2908908426761627,-1,-1,-1
97,24,3343.377197265625,620.3366088867188,22.865234375,58.62982177734375,0.4287949502468109,-1,-1,-1
97,70,3586.40673828125,551.0885009765625,20.0146484375,49.54296875,0.2902698218822479,-1,-1,-1
97,5,3498.20556640625,623.91015625,22.4169921875,57.0093994140625,0.38086825609207153,-1,-1,-1
97,99,2901.68017578125,537.677734375,17.689697265625,36.18096923828125,0.3117019832134247,-1,-1,-1
98,1,2057.249755859375,750.7127685546875,57.98974609375,106.21038818359375,0.7568015456199646,-1,-1,-1
98,2,2260.168212890625,594.3046875,26.271484375,61.3182373046875,0.30837082862854004,-1,-1,-1
98,3,3638.2685546875,804.4924926757812,37.13671875,106.6436767578125,0.6861347556114197,-1,-1,-1
98,7,2791.65966796875,618.8012084960938,28.6787109375,63.201904296875,0.5315950512886047,-1,-1,-1
98,10,4098.13671875,536.9302978515625,15.99609375,28.93817138671875,0.3203106224536896,-1,-1,-1
98,4,2946.12646484375,572.59765625,21.92626953125,43.64996337890625,0.47495588660240173,-1,-1,-1
98,80,3265.41064453125,556.8966674804688,21.017333984375,42.98980712890625,0.2887762784957886,-1,-1,-1
98,70,3586.289794921875,550.4036254882812,20.560302734375,48.66552734375,0.30812790989875793,-1,-1,-1
98,5,3500.173095703125,624.2875366210938,21.6884765625,54.8414306640625,0.40744808316230774,-1,-1,-1
98,99,2905.077392578125,534.8045043945312,18.052978515625,39.4490966796875,0.36925309896469116,-1,-1,-1
99,1,2056.660888671875,750.5191650390625,58.478271484375,107.0076904296875,0.7410191297531128,-1,-1,-1
99,2,2264.014404296875,595.1206665039062,26.08154296875,60.17254638671875,0.43276911973953247,-1,-1,-1
99,3,3638.256591796875,804.4791259765625,37.15625,106.6168212890625,0.6838651895523071,-1,-1,-1
99,7,2792.591796875,619.5540161132812,29.954833984375,62.23162841796875,0.5832783579826355,-1,-1,-1
99,10,4098.1005859375,536.8297119140625,15.94873046875,28.84246826171875,0.3065909147262573,-1,-1,-1
99,4,2946.893310546875,572.5579223632812,21.367431640625,44.07049560546875,0.4818500280380249,-1,-1,-1
99,70,3586.185791015625,549.8424682617188,21.024658203125,50.128173828125,0.3068390488624573,-1,-1,-1
99,5,3502.253173828125,624.4761962890625,23.723388671875,52.235595703125,0.32548245787620544,-1,-1,-1
99,99,2907.309326171875,533.8403930664062,18.521484375,41.1258544921875,0.3932105600833893,-1,-1,-1
99,102,2785.38818359375,519.3245849609375,19.35595703125,33.20904541015625,0.3170817196369171,-1,-1,-1
100,1,2057.195556640625,751.5529174804688,57.231689453125,107.56048583984375,0.7424442172050476,-1,-1,-1
100,2,2265.8984375,595.748046875,25.998779296875,59.5263671875,0.4907618463039398,-1,-1,-1
100,3,3638.278564453125,804.5555419921875,37.140625,106.65087890625,0.6860520243644714,-1,-1,-1
100,7,2794.50390625,620.9578857421875,30.52294921875,60.81201171875,0.5753480792045593,-1,-1,-1
100,10,4098.11767578125,536.8994750976562,16.17041015625,29.03826904296875,0.32809653878211975,-1,-1,-1
100,4,2947.185791015625,572.6215209960938,21.29150390625,44.68341064453125,0.47315213084220886,-1,-1,-1
100,70,3585.902587890625,549.2174072265625,21.166015625,50.59832763671875,0.3677175045013428,-1,-1,-1
100,5,3504.096435546875,623.77099609375,25.451904296875,55.53204345703125,0.2741018533706665,-1,-1,-1
100,99,2908.995849609375,532.4478149414062,20.90380859375,42.92266845703125,0.3082074224948883,-1,-1,-1
100,102,2786.25,517.2976684570312,18.82080078125,35.14208984375,0.33230915665626526,-1,-1,-1
100,24,3349.372802734375,618.7921142578125,24.22509765625,60.1058349609375,0.5336510539054871,-1,-1,-1
101,1,2058.9287109375,753.2964477539062,54.584228515625,107.0455322265625,0.743338942527771,-1,-1,-1
101,2,2268.181396484375,596.864013671875,25.7666015625,57.25360107421875,0.5294883847236633,-1,-1,-1
101,3,3638.328125,804.3296508789062,37.125,106.86871337890625,0.6860568523406982,-1,-1,-1
101,7,2795.687744140625,621.5254516601562,30.697509765625,59.92340087890625,0.600250244140625,-1,-1,-1
101,10,4097.79931640625,536.9644165039062,16.66357421875,29.4666748046875,0.3389090895652771,-1,-1,-1
101,4,2947.156982421875,572.4866333007812,21.876220703125,45.2176513671875,0.49914827942848206,-1,-1,-1
101,70,3585.56787109375,548.5745239257812,21.230712890625,49.878173828125,0.3750092685222626,-1,-1,-1
101,5,3505.858154296875,623.5420532226562,25.62890625,55.53570556640625,0.297160804271698,-1,-1,-1
101,102,2786.875244140625,516.1672973632812,18.279052734375,35.1990966796875,0.3323362171649933,-1,-1,-1
101,24,3351.973876953125,618.9319458007812,23.157958984375,60.73681640625,0.5724495649337769,-1,-1,-1
102,1,2061.03759765625,754.1502685546875,51.76708984375,106.3497314453125,0.7405380606651306,-1,-1,-1
102,2,2270.60791015625,597.6726684570312,27.58056640625,56.3455810546875,0.5493398308753967,-1,-1,-1
102,3,3638.255126953125,804.1409912109375,37.255126953125,107.13421630859375,0.6827074885368347,-1,-1,-1
102,7,2798.195556640625,621.9376831054688,29.19970703125,59.03643798828125,0.5392869114875793,-1,-1,-1
102,10,4097.6005859375,536.9104614257812,16.83349609375,29.66363525390625,0.3316279947757721,-1,-1,-1
102,4,2947.7470703125,572.3721923828125,21.926025390625,45.99072265625,0.522665798664093,-1,-1,-1
102,70,3585.540283203125,548.4967651367188,20.826904296875,46.88226318359375,0.3396213948726654,-1,-1,-1
102,102,2787.2080078125,514.8521728515625,18.64990234375,35.847412109375,0.31441110372543335,-1,-1,-1
102,24,3354.588134765625,620.4719848632812,21.54296875,59.01104736328125,0.600684404373169,-1,-1,-1
103,1,2063.393798828125,754.419921875,48.463623046875,105.7965087890625,0.7425046563148499,-1,-1,-1
103,2,2272.600341796875,597.71435546875,32.033447265625,55.98333740234375,0.5222615599632263,-1,-1,-1
103,3,3637.8125,804.0172119140625,37.656005859375,107.204833984375,0.6898512840270996,-1,-1,-1
103,7,2799.476806640625,621.313232421875,28.42041015625,59.53656005859375,0.4762333333492279,-1,-1,-1
103,10,4097.46484375,536.9049072265625,16.7724609375,29.69647216796875,0.34898045659065247,-1,-1,-1
103,4,2948.383544921875,572.5928955078125,21.37646484375,45.347412109375,0.5106855034828186,-1,-1,-1
103,70,3585.469482421875,546.6527099609375,20.9931640625,45.6602783203125,0.31856340169906616,-1,-1,-1
103,102,2787.446533203125,514.11474609375,18.59375,35.94573974609375,0.301558256149292,-1,-1,-1
103,24,3355.82568359375,619.8601684570312,22.796142578125,60.09002685546875,0.6403452157974243,-1,-1,-1
103,5,3509.064208984375,623.2246704101562,28.576171875,54.73785400390625,0.2767215669155121,-1,-1,-1
104,1,2066.18408203125,755.1881713867188,44.6025390625,105.75,0.7296776175498962,-1,-1,-1
104,2,2274.192626953125,596.9988403320312,34.130615234375,56.2960205078125,0.5239877104759216,-1,-1,-1
104,3,3637.99658203125,804.1567993164062,37.51123046875,107.207275390625,0.6945101618766785,-1,-1,-1
104,7,2800.868896484375,621.0469970703125,28.492919921875,60.4166259765625,0.4512976109981537,-1,-1,-1
104,10,4097.50927734375,537.036865234375,16.91796875,29.70831298828125,0.38492056727409363,-1,-1,-1
104,4,2948.689697265625,573.2080078125,21.18359375,44.72515869140625,0.5288947224617004,-1,-1,-1
104,70,3585.4541015625,545.6588134765625,21.69921875,46.91119384765625,0.34844720363616943,-1,-1,-1
104,102,2787.47119140625,513.6998901367188,18.962646484375,36.075927734375,0.31753218173980713,-1,-1,-1
104,24,3356.5302734375,621.3907470703125,27.14013671875,60.588623046875,0.608995795249939,-1,-1,-1
104,113,3466.276611328125,520.9261474609375,18.326171875,35.87139892578125,0.3255302906036377,-1,-1,-1
104,5,3510.423583984375,621.3314208984375,28.51513671875,58.7569580078125,0.4048159718513489,-1,-1,-1
105,1,2069.79052734375,755.1282348632812,41.858154296875,106.39849853515625,0.7715224027633667,-1,-1,-1
105,2,2275.279052734375,596.4940795898438,34.959228515625,55.958740234375,0.4916069507598877,-1,-1,-1
105,3,3637.924072265625,804.1531982421875,37.6416015625,107.0843505859375,0.6967781782150269,-1,-1,-1
105,7,2803.11669921875,619.7387084960938,28.981689453125,62.12158203125,0.3290117084980011,-1,-1,-1
105,10,4097.63623046875,536.871337890625,16.74267578125,29.593994140625,0.4132627844810486,-1,-1,-1
105,4,2949.037353515625,573.9910888671875,20.979248046875,43.25115966796875,0.516222357749939,-1,-1,-1
105,70,3585.10595703125,543.831298828125,23.360107421875,50.95599365234375,0.31240135431289673,-1,-1,-1
105,102,2787.630859375,513.3078002929688,19.305419921875,37.04620361328125,0.3314577639102936,-1,-1,-1
105,24,3357.289794921875,623.02880859375,29.549072265625,58.462890625,0.6276721358299255,-1,-1,-1
105,113,3466.9052734375,520.6283569335938,18.095947265625,34.55621337890625,0.32090267539024353,-1,-1,-1
105,5,3512.103759765625,622.1748657226562,27.37890625,59.04400634765625,0.40602463483810425,-1,-1,-1
106,1,2072.683837890625,754.3939208984375,39.619873046875,107.033935546875,0.7818566560745239,-1,-1,-1
106,2,2276.235107421875,596.6659545898438,35.011962890625,56.52178955078125,0.5315752029418945,-1,-1,-1
106,3,3637.453125,804.1484985351562,37.960693359375,106.63604736328125,0.695290207862854,-1,-1,-1
106,7,2804.26953125,618.3823852539062,28.613525390625,62.5831298828125,0.32431522011756897,-1,-1,-1
106,10,4097.89501953125,536.5509643554688,16.14404296875,29.62811279296875,0.4103724956512451,-1,-1,-1
106,4,2950.197021484375,573.681396484375,20.568603515625,42.14056396484375,0.4933249056339264,-1,-1,-1
106,70,3584.702392578125,543.3145751953125,23.941162109375,50.90020751953125,0.3039899170398712,-1,-1,-1
106,102,2788.126708984375,512.90869140625,18.83984375,36.65264892578125,0.2760580778121948,-1,-1,-1
106,24,3358.74169921875,623.3497924804688,30.37353515625,57.7320556640625,0.6706172227859497,-1,-1,-1
106,113,3467.1845703125,520.6944580078125,17.540283203125,34.4263916015625,0.323839008808136,-1,-1,-1
106,5,3514.772705078125,622.2041015625,24.98193359375,57.19146728515625,0.3792680501937866,-1,-1,-1
107,1,2074.7900390625,753.8847045898438,39.934326171875,107.5079345703125,0.763654351234436,-1,-1,-1
107,2,2277.28759765625,596.4366455078125,36.408203125,55.9583740234375,0.478421151638031,-1,-1,-1
107,3,3637.23876953125,804.0550537109375,38.163330078125,106.81036376953125,0.6972503662109375,-1,-1,-1
107,7,2805.10107421875,618.1865844726562,28.306396484375,62.7115478515625,0.4111296832561493,-1,-1,-1
107,10,4097.80908203125,536.4099731445312,16.25732421875,30.17645263671875,0.4578215777873993,-1,-1,-1
107,4,2950.828369140625,573.2783813476562,20.93701171875,43.022216796875,0.5080952644348145,-1,-1,-1
107,70,3584.049072265625,542.2926635742188,24.67919921875,53.641357421875,0.34669509530067444,-1,-1,-1
107,102,2787.01611328125,512.1719360351562,20.028564453125,36.61346435546875,0.25456687808036804,-1,-1,-1
107,24,3359.30126953125,624.1686401367188,30.8037109375,57.63226318359375,0.6799301505088806,-1,-1,-1
107,113,3468.2275390625,520.731201171875,17.04296875,33.46044921875,0.3193833529949188,-1,-1,-1
107,5,3517.674560546875,620.8834838867188,22.88720703125,56.528564453125,0.2976168692111969,-1,-1,-1
107,121,3273.61279296875,532.176513671875,21.843505859375,66.177978515625,0.33937108516693115,-1,-1,-1
107,9,2923.60986328125,534.0269775390625,18.745361328125,41.78692626953125,0.3211722671985626,-1,-1,-1
108,1,2075.6015625,753.7490844726562,40.75,107.6212158203125,0.7514688968658447,-1,-1,-1
108,2,2278.634033203125,596.9568481445312,36.036865234375,55.761474609375,0.44855403900146484,-1,-1,-1
108,3,3637.143310546875,804.1883544921875,38.302001953125,106.60687255859375,0.6985968947410583,-1,-1,-1
108,7,2806.109130859375,618.744140625,27.6083984375,63.93609619140625,0.4560970962047577,-1,-1,-1
108,10,4097.79296875,536.481689453125,16.12890625,30.0169677734375,0.42254582047462463,-1,-1,-1
108,4,2951.3134765625,572.724853515625,20.869140625,42.56500244140625,0.5094057321548462,-1,-1,-1
108,70,3583.59912109375,541.9091796875,24.786865234375,52.8096923828125,0.35783660411834717,-1,-1,-1
108,102,2788.821533203125,510.7957458496094,19.50830078125,38.550323486328125,0.2919609844684601,-1,-1,-1
108,24,3360.864013671875,623.59521484375,29.75,56.885498046875,0.649860680103302,-1,-1,-1
108,113,3469.693359375,520.73681640625,16.39208984375,34.07635498046875,0.3593558967113495,-1,-1,-1
108,5,3519.4130859375,619.3817138671875,21.943603515625,60.87591552734375,0.3338119089603424,-1,-1,-1
108,121,3274.329345703125,531.9871826171875,21.6416015625,66.51812744140625,0.3255764842033386,-1,-1,-1
108,9,2925.859375,532.1387329101562,17.658935546875,41.96368408203125,0.32558444142341614,-1,-1,-1
109,1,2076.2802734375,753.4314575195312,41.585693359375,107.68792724609375,0.793078601360321,-1,-1,-1
109,2,2280.775146484375,596.1780395507812,35.65185546875,56.5787353515625,0.4315933883190155,-1,-1,-1
109,3,3637.477294921875,804.2003784179688,37.929931640625,106.42352294921875,0.6958487033843994,-1,-1,-1
109,7,2807.0849609375,618.8775634765625,28.325927734375,64.72857666015625,0.5570418238639832,-1,-1,-1
109,10,4097.73828125,536.5306396484375,16.0205078125,30.53509521484375,0.4312904477119446,-1,-1,-1
109,4,2951.36083984375,572.2646484375,21.360595703125,42.09661865234375,0.560504674911499,-1,-1,-1
109,70,3583.468505859375,541.8140258789062,24.6591796875,49.25177001953125,0.3331601023674011,-1,-1,-1
109,102,2789.8515625,510.3152770996094,19.7177734375,39.477203369140625,0.34241294860839844,-1,-1,-1
109,24,3361.95166015625,623.13427734375,30.705810546875,56.91131591796875,0.6162981390953064,-1,-1,-1
109,113,3470.363525390625,520.3899536132812,16.49755859375,34.65606689453125,0.386296808719635,-1,-1,-1
109,121,3274.038330078125,531.8455200195312,22.674560546875,67.5565185546875,0.3940204977989197,-1,-1,-1
109,9,2927.224853515625,533.289306640625,17.86572265625,39.97467041015625,0.34370318055152893,-1,-1,-1
110,1,2076.282958984375,753.8568725585938,43.3486328125,106.3165283203125,0.7848705649375916,-1,-1,-1
110,2,2286.53173828125,595.3383178710938,32.013671875,58.36676025390625,0.4018649756908417,-1,-1,-1
110,3,3637.568603515625,804.1988525390625,37.865478515625,105.9732666015625,0.7005249261856079,-1,-1,-1
110,7,2808.891357421875,618.6616821289062,27.36767578125,64.69232177734375,0.5096322298049927,-1,-1,-1
110,10,4097.7265625,536.5574340820312,15.7373046875,30.7088623046875,0.45358332991600037,-1,-1,-1
110,4,2951.677978515625,572.046875,22.039794921875,41.53338623046875,0.5700555443763733,-1,-1,-1
110,70,3583.677001953125,542.7393188476562,23.982177734375,46.31317138671875,0.30764058232307434,-1,-1,-1
110,102,2790.086181640625,510.8700866699219,19.703369140625,39.706695556640625,0.3387031555175781,-1,-1,-1
110,24,3364.716064453125,620.2582397460938,30.34619140625,59.64739990234375,0.5268861651420593,-1,-1,-1
110,113,3470.49169921875,520.5125732421875,16.3203125,33.21612548828125,0.3530958294868469,-1,-1,-1
110,121,3273.896240234375,532.6140747070312,23.748046875,67.1798095703125,0.4113370180130005,-1,-1,-1
110,9,2928.40185546875,533.004638671875,18.912109375,40.3953857421875,0.3141010105609894,-1,-1,-1
111,1,2076.755859375,753.4608154296875,46.1611328125,106.6800537109375,0.7710843086242676,-1,-1,-1
111,2,2290.614013671875,595.6297607421875,28.43505859375,59.00994873046875,0.44756925106048584,-1,-1,-1
111,3,3637.697998046875,804.2169799804688,37.74755859375,105.59429931640625,0.6902457475662231,-1,-1,-1
111,7,2810.55517578125,618.6255493164062,29.50830078125,65.35821533203125,0.6032527685165405,-1,-1,-1
111,10,4097.59716796875,536.43408203125,15.54296875,30.9705810546875,0.44026386737823486,-1,-1,-1
111,4,2952.130615234375,571.9705810546875,22.38427734375,38.954833984375,0.5061015486717224,-1,-1,-1
111,102,2791.22607421875,511.33233642578125,19.081787109375,39.19091796875,0.3332156240940094,-1,-1,-1
111,24,3368.173828125,618.439697265625,26.18115234375,61.34136962890625,0.4309060871601105,-1,-1,-1
111,113,3470.929931640625,520.641845703125,16.09228515625,33.9609375,0.3222707509994507,-1,-1,-1
111,121,3274.474609375,532.5851440429688,23.76953125,67.2711181640625,0.39614880084991455,-1,-1,-1
111,99,2932.344482421875,531.0851440429688,18.454833984375,35.396484375,0.34454023838043213,-1,-1,-1
112,1,2077.15576171875,753.9934692382812,48.36669921875,106.3697509765625,0.7645444869995117,-1,-1,-1
112,2,2292.562255859375,593.9217529296875,27.4501953125,59.6353759765625,0.4975263178348541,-1,-1,-1
112,3,3637.6708984375,804.2589721679688,37.96240234375,105.7799072265625,0.7051785588264465,-1,-1,-1
112,7,2812.128173828125,619.2426147460938,30.811767578125,64.88238525390625,0.6404032111167908,-1,-1,-1
112,10,4097.34326171875,536.6443481445312,15.54052734375,31.00762939453125,0.46226966381073,-1,-1,-1
112,4,2952.2177734375,570.21044921875,23.3173828125,41.27264404296875,0.5299965739250183,-1,-1,-1
112,102,2791.974365234375,510.5981750488281,18.4560546875,38.869354248046875,0.3242584764957428,-1,-1,-1
112,24,3371.895751953125,618.4028930664062,22.420166015625,60.73419189453125,0.5265865921974182,-1,-1,-1
112,113,3471.513916015625,520.4288330078125,16.0009765625,34.4473876953125,0.3876831829547882,-1,-1,-1
112,121,3275.137939453125,532.5774536132812,23.77490234375,66.43414306640625,0.38127443194389343,-1,-1,-1
112,5,3522.383056640625,618.5132446289062,25.21240234375,62.07904052734375,0.3397064208984375,-1,-1,-1
112,9,2933.1708984375,531.8739624023438,18.75732421875,39.91119384765625,0.28033336997032166,-1,-1,-1
113,1,2078.486572265625,756.028564453125,50.369140625,104.788330078125,0.7291887402534485,-1,-1,-1
113,2,2295.42578125,592.6764526367188,25.607177734375,60.718994140625,0.5901728272438049,-1,-1,-1
113,3,3637.907470703125,803.9608764648438,37.81201171875,106.15771484375,0.7082743048667908,-1,-1,-1
113,7,2813.9951171875,620.7667846679688,30.53515625,64.52093505859375,0.6357883810997009,-1,-1,-1
113,10,4097.25439453125,536.85693359375,15.32763671875,31.4739990234375,0.4626601040363312,-1,-1,-1
113,4,2951.3779296875,568.43310546875,24.280517578125,42.57818603515625,0.506269633769989,-1,-1,-1
113,102,2792.5263671875,510.1480407714844,18.17041015625,39.187957763671875,0.3390887975692749,-1,-1,-1
113,24,3375.769287109375,618.4695434570312,20.031005859375,59.532958984375,0.5108779072761536,-1,-1,-1
113,113,3471.93017578125,520.4292602539062,16.306640625,33.66510009765625,0.41667425632476807,-1,-1,-1
113,121,3275.953369140625,532.38916015625,23.49267578125,66.85919189453125,0.32992270588874817,-1,-1,-1
113,5,3523.09716796875,618.3505249023438,25.62353515625,62.88763427734375,0.30993062257766724,-1,-1,-1
114,1,2079.451904296875,759.4549560546875,53.569580078125,101.3187255859375,0.6973238587379456,-1,-1,-1
114,2,2299.89306640625,592.13525390625,22.98779296875,61.63525390625,0.717217206954956,-1,-1,-1
114,3,3638.12158203125,803.7593994140625,37.76171875,106.7086181640625,0.7088663578033447,-1,-1,-1
114,7,2813.859375,621.0296630859375,32.18603515625,64.63818359375,0.6421167254447937,-1,-1,-1
114,10,4096.83544921875,536.8837280273438,15.41357421875,31.84381103515625,0.49425747990608215,-1,-1,-1
114,4,2951.794677734375,566.9694213867188,23.480712890625,41.50030517578125,0.484554648399353,-1,-1,-1
114,102,2793.38134765625,510.0560607910156,17.5283203125,38.848114013671875,0.3669396936893463,-1,-1,-1
114,24,3378.29248046875,618.5581665039062,20.803466796875,59.3441162109375,0.5321932435035706,-1,-1,-1
114,113,3472.47607421875,520.561767578125,16.89404296875,33.765380859375,0.42852646112442017,-1,-1,-1
114,121,3276.714111328125,532.5187377929688,23.650390625,65.77081298828125,0.3506411015987396,-1,-1,-1
114,5,3523.454833984375,618.9588012695312,25.828125,62.60552978515625,0.34026581048965454,-1,-1,-1
115,1,2081.323974609375,760.9769287109375,54.02392578125,100.38287353515625,0.6880963444709778,-1,-1,-1
115,2,2301.91455078125,593.0240478515625,23.186767578125,59.98602294921875,0.7190590500831604,-1,-1,-1
115,3,3638.259765625,803.700927734375,37.885986328125,107.164794921875,0.7115864753723145,-1,-1,-1
115,7,2814.92822265625,620.584228515625,33.2197265625,66.2332763671875,0.691005527973175,-1,-1,-1
115,10,4096.2763671875,537.059326171875,15.63037109375,31.81695556640625,0.5078399777412415,-1,-1,-1
115,4,2952.51806640625,567.0455322265625,23.84033203125,42.338623046875,0.49266189336776733,-1,-1,-1
115,102,2793.62841796875,510.06976318359375,16.827880859375,39.474609375,0.37209823727607727,-1,-1,-1
115,24,3380.50732421875,618.3219604492188,21.178466796875,61.23077392578125,0.5839022994041443,-1,-1,-1
115,113,3472.95166015625,520.8768310546875,16.979248046875,33.48565673828125,0.41571828722953796,-1,-1,-1
115,121,3277.496826171875,532.5401000976562,23.5078125,66.17852783203125,0.37373071908950806,-1,-1,-1
115,5,3524.448486328125,619.7307739257812,25.135498046875,60.72723388671875,0.2914383113384247,-1,-1,-1
116,1,2083.291015625,760.1911010742188,54.2177734375,101.3824462890625,0.6798072457313538,-1,-1,-1
116,2,2303.61767578125,593.1586303710938,24.2373046875,59.614990234375,0.7118462324142456,-1,-1,-1
116,3,3638.4189453125,803.7335205078125,37.747802734375,107.41790771484375,0.7035676836967468,-1,-1,-1
116,7,2815.690673828125,620.8499145507812,33.69189453125,65.77972412109375,0.6418944597244263,-1,-1,-1
116,10,4095.85205078125,537.1432495117188,15.72607421875,32.01361083984375,0.5217992067337036,-1,-1,-1
116,4,2953.2109375,567.9663696289062,23.7158203125,41.93194580078125,0.47723105549812317,-1,-1,-1
116,102,2793.63818359375,509.99102783203125,16.5166015625,39.251708984375,0.39482787251472473,-1,-1,-1
116,24,3383.194580078125,620.695556640625,20.009765625,59.41290283203125,0.6458953022956848,-1,-1,-1
116,113,3473.13916015625,520.9085083007812,17.193359375,34.0916748046875,0.46018320322036743,-1,-1,-1
116,121,3277.523193359375,532.575927734375,23.592041015625,65.30499267578125,0.34934985637664795,-1,-1,-1
116,5,3525.260498046875,621.2539672851562,24.749755859375,56.70782470703125,0.28886678814888,-1,-1,-1
117,1,2083.07177734375,759.4019165039062,59.942626953125,101.03912353515625,0.6552138328552246,-1,-1,-1
117,2,2305.340576171875,593.1475219726562,25.771728515625,58.91094970703125,0.6852976679801941,-1,-1,-1
117,3,3639.211669921875,803.6008911132812,36.93896484375,107.5770263671875,0.6925517320632935,-1,-1,-1
117,7,2817.093505859375,621.2238159179688,33.095703125,66.308837890625,0.6856148838996887,-1,-1,-1
117,10,4095.636474609375,536.827392578125,15.959228515625,32.31561279296875,0.5249927043914795,-1,-1,-1
117,4,2954.360595703125,571.0833740234375,22.947265625,39.1351318359375,0.4521215558052063,-1,-1,-1
117,102,2793.8466796875,509.8341979980469,16.2255859375,38.526031494140625,0.4044676721096039,-1,-1,-1
117,24,3383.983642578125,621.1415405273438,22.646728515625,59.356201171875,0.6570757031440735,-1,-1,-1
117,113,3472.690673828125,520.5789184570312,18.033935546875,34.33538818359375,0.4653797745704651,-1,-1,-1
117,121,3277.818603515625,532.193115234375,23.564697265625,65.07415771484375,0.3424093723297119,-1,-1,-1
117,5,3526.520263671875,622.873291015625,24.772705078125,55.73370361328125,0.3065764307975769,-1,-1,-1
117,138,2948.185791015625,536.2392578125,28.369384765625,75.1807861328125,0.3815097212791443,-1,-1,-1
118,1,2084.0634765625,757.2770385742188,63.84326171875,103.4676513671875,0.671646237373352,-1,-1,-1
118,2,2306.41357421875,592.7850341796875,28.55517578125,59.0079345703125,0.6780048608779907,-1,-1,-1
118,3,3640.2578125,803.823974609375,36.09326171875,106.989013671875,0.6957926154136658,-1,-1,-1
118,7,2819.71484375,622.1771850585938,31.554443359375,66.11871337890625,0.6825976967811584,-1,-1,-1
118,10,4095.435546875,536.5125732421875,16.2421875,32.25360107421875,0.5352509617805481,-1,-1,-1
118,4,2954.70263671875,560.0297241210938,23.271240234375,51.46185302734375,0.5018529891967773,-1,-1,-1
118,102,2794.30029296875,509.6170959472656,15.636474609375,37.326568603515625,0.4033066928386688,-1,-1,-1
118,24,3384.282958984375,621.5532836914062,26.330322265625,59.262939453125,0.666159451007843,-1,-1,-1
118,113,3473.078857421875,521.1312255859375,17.749267578125,32.4312744140625,0.46951159834861755,-1,-1,-1
118,121,3278.28466796875,532.3055419921875,23.259033203125,63.34033203125,0.3354986906051636,-1,-1,-1
118,5,3526.506591796875,623.33544921875,26.337158203125,56.13323974609375,0.3762197494506836,-1,-1,-1
118,138,2948.4755859375,533.3275146484375,25.424560546875,78.03564453125,0.35322216153144836,-1,-1,-1
119,1,2085.598876953125,757.5036010742188,65.11572265625,102.90252685546875,0.6679909825325012,-1,-1,-1
119,2,2306.85791015625,591.9052124023438,31.18310546875,59.5244140625,0.6450562477111816,-1,-1,-1
119,3,3640.674560546875,803.73583984375,36.10205078125,107.80633544921875,0.7187873721122742,-1,-1,-1
119,7,2821.689697265625,622.9520874023438,29.47607421875,65.0538330078125,0.6512958407402039,-1,-1,-1
119,10,4095.868408203125,536.3818969726562,15.688232421875,31.004638671875,0.4955253601074219,-1,-1,-1
119,4,2954.739990234375,556.1845092773438,23.329833984375,56.11431884765625,0.5372326374053955,-1,-1,-1
119,102,2794.49072265625,509.6273193359375,15.3623046875,36.40625,0.36507561802864075,-1,-1,-1
119,24,3385.005615234375,621.1762084960938,28.135986328125,58.83197021484375,0.6556944251060486,-1,-1,-1
119,113,3473.3486328125,521.327392578125,18.015625,31.9490966796875,0.4843907952308655,-1,-1,-1
119,121,3278.672607421875,532.4456787109375,22.908203125,63.17510986328125,0.3674602508544922,-1,-1,-1
119,138,2948.9921875,532.936767578125,23.456298828125,77.2056884765625,0.38314810395240784,-1,-1,-1
120,1,2088.44189453125,757.439453125,63.19580078125,103.24212646484375,0.7160193920135498,-1,-1,-1
120,2,2307.26904296875,591.266845703125,33.769775390625,59.75665283203125,0.6159650087356567,-1,-1,-1
120,3,3641.77294921875,803.8917846679688,35.566162109375,107.6090087890625,0.7345889210700989,-1,-1,-1
120,7,2824.4345703125,623.4261474609375,27.19873046875,64.6361083984375,0.6681790947914124,-1,-1,-1
120,10,4096.62939453125,536.2756958007812,14.74169921875,29.01416015625,0.44648754596710205,-1,-1,-1
120,4,2955.238525390625,549.9015502929688,23.227783203125,64.31036376953125,0.5586170554161072,-1,-1,-1
120,102,2794.633544921875,509.7490539550781,15.32958984375,35.986114501953125,0.3394182622432709,-1,-1,-1
120,24,3385.520263671875,622.692138671875,29.22265625,57.08343505859375,0.6729573607444763,-1,-1,-1
120,113,3473.291259765625,521.1537475585938,18.240966796875,32.59765625,0.4957974851131439,-1,-1,-1
120,121,3279.183349609375,532.3467407226562,22.69775390625,64.196044921875,0.3875280022621155,-1,-1,-1
121,1,2089.94677734375,757.1142578125,63.32568359375,103.80230712890625,0.7599089741706848,-1,-1,-1
121,2,2307.165771484375,590.9486694335938,38.484619140625,60.2293701171875,0.5573580265045166,-1,-1,-1
121,3,3642.28369140625,804.0413208007812,35.581298828125,107.59124755859375,0.7403308749198914,-1,-1,-1
121,7,2826.201904296875,623.7069091796875,26.124755859375,64.37237548828125,0.6263582706451416,-1,-1,-1
121,10,4096.873046875,536.06689453125,14.68994140625,30.14776611328125,0.47492286562919617,-1,-1,-1
121,4,2954.56689453125,539.0843505859375,24.13232421875,75.311767578125,0.5682313442230225,-1,-1,-1
121,102,2794.7685546875,510.2618408203125,15.78271484375,35.6868896484375,0.30799180269241333,-1,-1,-1
121,24,3386.0380859375,622.405029296875,30.049560546875,56.9091796875,0.6691662073135376,-1,-1,-1
121,113,3473.21142578125,520.7936401367188,18.71923828125,33.09625244140625,0.48582398891448975,-1,-1,-1
121,121,3279.540283203125,532.2468872070312,22.96923828125,63.5531005859375,0.3842143714427948,-1,-1,-1
121,5,3532.046875,624.3899536132812,23.695068359375,51.49945068359375,0.33932384848594666,-1,-1,-1
122,1,2091.593017578125,756.2922973632812,63.7236328125,104.8409423828125,0.7587737441062927,-1,-1,-1
122,2,2307.681396484375,591.1398315429688,39.516845703125,60.01324462890625,0.5007574558258057,-1,-1,-1
122,3,3642.643310546875,804.1829223632812,36.220703125,107.41473388671875,0.7501112222671509,-1,-1,-1
122,7,2827.6650390625,623.6978759765625,25.112060546875,63.62567138671875,0.5939022302627563,-1,-1,-1
122,10,4096.49560546875,535.77734375,15.35693359375,32.1722412109375,0.5167806148529053,-1,-1,-1
122,4,2955.6875,534.8319702148438,23.483642578125,79.2740478515625,0.5487810373306274,-1,-1,-1
122,102,2794.91845703125,510.208740234375,15.71044921875,35.7906494140625,0.31154775619506836,-1,-1,-1
122,24,3387.637451171875,621.4690551757812,29.75048828125,58.16180419921875,0.672880232334137,-1,-1,-1
122,113,3474.360595703125,520.7322998046875,17.99072265625,32.25482177734375,0.48430734872817993,-1,-1,-1
122,121,3279.8935546875,532.4953002929688,23.35986328125,61.68408203125,0.38254931569099426,-1,-1,-1
122,151,3599.33251953125,557.4434814453125,24.438720703125,68.7615966796875,0.3160041868686676,-1,-1,-1
122,5,3532.8447265625,624.2192993164062,23.629150390625,50.7952880859375,0.30947577953338623,-1,-1,-1
123,1,2093.971435546875,757.1555786132812,63.931640625,104.2169189453125,0.7771540880203247,-1,-1,-1
123,2,2308.271484375,591.4503784179688,40.261962890625,60.26373291015625,0.45594120025634766,-1,-1,-1
123,3,3642.6630859375,804.4545288085938,36.6943359375,107.0870361328125,0.7428663372993469,-1,-1,-1
123,7,2828.327392578125,623.563720703125,24.83935546875,63.48126220703125,0.5796151757240295,-1,-1,-1
123,10,4096.52734375,535.8114624023438,15.32421875,32.1593017578125,0.5221901535987854,-1,-1,-1
123,4,2956.822998046875,533.0136108398438,22.820068359375,81.91033935546875,0.5706637501716614,-1,-1,-1
123,102,2795.265625,509.73883056640625,15.471923828125,36.6080322265625,0.3205982744693756,-1,-1,-1
123,24,3389.196533203125,621.2968139648438,29.530029296875,59.17889404296875,0.6827807426452637,-1,-1,-1
123,113,3475.10595703125,521.27685546875,17.455078125,29.20855712890625,0.37249207496643066,-1,-1,-1
123,121,3280.201416015625,532.6568603515625,23.790283203125,61.45623779296875,0.4230099022388458,-1,-1,-1
123,151,3600.085205078125,557.4832763671875,24.668212890625,69.7733154296875,0.3115594983100891,-1,-1,-1
123,5,3533.145263671875,624.1331176757812,23.614501953125,51.77728271484375,0.31218650937080383,-1,-1,-1
124,1,2097.640380859375,756.8325805664062,61.98291015625,104.54644775390625,0.7940779328346252,-1,-1,-1
124,2,2312.488037109375,592.0567626953125,37.258544921875,58.8590087890625,0.4552028775215149,-1,-1,-1
124,3,3643.5029296875,804.6867065429688,36.29150390625,106.0777587890625,0.7364400625228882,-1,-1,-1
124,7,2828.658935546875,623.065185546875,25.369873046875,63.3927001953125,0.4248068332672119,-1,-1,-1
124,10,4096.337890625,536.08935546875,15.2236328125,31.24591064453125,0.4972757399082184,-1,-1,-1
124,4,2958.11865234375,532.12158203125,22.014892578125,81.7239990234375,0.6132963299751282,-1,-1,-1
124,102,2795.626708984375,509.4610595703125,15.69775390625,36.92828369140625,0.31482988595962524,-1,-1,-1
124,24,3394.63818359375,620.2037353515625,26.598388671875,59.9619140625,0.5682039856910706,-1,-1,-1
124,113,3475.238525390625,521.234375,17.209228515625,33.66497802734375,0.5494654178619385,-1,-1,-1
124,121,3280.119140625,532.8917236328125,24.894775390625,60.8150634765625,0.40844449400901794,-1,-1,-1
124,151,3601.176025390625,559.5831298828125,24.498046875,67.606201171875,0.2743910551071167,-1,-1,-1
125,1,2102.58349609375,756.81298828125,58.6708984375,103.3961181640625,0.7500916719436646,-1,-1,-1
125,2,2316.62744140625,592.505859375,34.331298828125,57.44244384765625,0.49348974227905273,-1,-1,-1
125,3,3643.900634765625,804.2396240234375,36.608642578125,106.8287353515625,0.7383514642715454,-1,-1,-1
125,7,2828.55517578125,622.6529541015625,26.81201171875,63.55548095703125,0.36382225155830383,-1,-1,-1
125,10,4095.378662109375,536.386962890625,15.654052734375,30.53009033203125,0.510744571685791,-1,-1,-1
125,4,2959.8466796875,532.2362060546875,21.404541015625,80.86431884765625,0.6354915499687195,-1,-1,-1
125,102,2795.76220703125,509.4564514160156,16.08203125,37.176605224609375,0.3473203480243683,-1,-1,-1
125,24,3397.130126953125,618.8179931640625,25.077880859375,61.40399169921875,0.4275326430797577,-1,-1,-1
125,113,3476.154541015625,521.3088989257812,16.555419921875,32.50555419921875,0.5356382131576538,-1,-1,-1
125,121,3280.4697265625,532.07373046875,25.8720703125,61.41302490234375,0.41073721647262573,-1,-1,-1
125,151,3600.82958984375,558.7325439453125,25.471923828125,67.61328125,0.2993006706237793,-1,-1,-1
125,5,3532.493408203125,625.9906005859375,24.36279296875,51.39776611328125,0.29319050908088684,-1,-1,-1
126,1,2108.350341796875,755.9693603515625,54.871826171875,103.6295166015625,0.7027393579483032,-1,-1,-1
126,2,2319.5341796875,591.9639892578125,32.284912109375,57.70428466796875,0.4996603727340698,-1,-1,-1
126,3,3643.850830078125,803.7808227539062,37.966796875,107.9072265625,0.7435910105705261,-1,-1,-1
126,7,2829.587158203125,621.4133911132812,29.546630859375,64.52685546875,0.3780517876148224,-1,-1,-1
126,10,4094.270751953125,536.5205078125,16.402099609375,31.45367431640625,0.5303418636322021,-1,-1,-1
126,4,2961.34814453125,532.0850830078125,20.96337890625,80.63848876953125,0.6615900993347168,-1,-1,-1
126,102,2795.83740234375,509.0818786621094,15.697021484375,38.200103759765625,0.33948004245758057,-1,-1,-1
126,24,3398.114990234375,617.8279418945312,25.215087890625,62.0816650390625,0.2840861976146698,-1,-1,-1
126,113,3476.769287109375,521.6495971679688,16.16259765625,30.069580078125,0.468741238117218,-1,-1,-1
126,121,3281.06396484375,531.6469116210938,26.244873046875,63.43634033203125,0.387177437543869,-1,-1,-1
126,151,3600.25439453125,557.4810791015625,25.963134765625,66.433349609375,0.276851087808609,-1,-1,-1
126,5,3532.139892578125,626.6939086914062,24.833740234375,52.11944580078125,0.316486120223999,-1,-1,-1
127,1,2112.30908203125,755.42529296875,54.01123046875,103.97918701171875,0.7341193556785583,-1,-1,-1
127,2,2322.05078125,591.0059814453125,30.32421875,57.97186279296875,0.6184913516044617,-1,-1,-1
127,3,3643.817626953125,803.560546875,38.78857421875,107.99932861328125,0.7488411664962769,-1,-1,-1
127,7,2830.860107421875,622.7128295898438,30.693359375,62.7568359375,0.3156032860279083,-1,-1,-1
127,10,4093.819580078125,536.5213012695312,16.783935546875,31.1842041015625,0.5202808976173401,-1,-1,-1
127,4,2962.407958984375,532.1531982421875,20.58251953125,80.1427001953125,0.6263390779495239,-1,-1,-1
127,102,2796.05859375,508.806396484375,15.198486328125,38.44525146484375,0.35399219393730164,-1,-1,-1
127,24,3400.968017578125,617.408447265625,26.2265625,62.2666015625,0.3586910367012024,-1,-1,-1
127,113,3477.02490234375,521.9774780273438,15.7626953125,29.8809814453125,0.46247538924217224,-1,-1,-1
127,121,3282.02685546875,531.16552734375,25.126708984375,63.5634765625,0.3340846002101898,-1,-1,-1
127,151,3599.833984375,556.4140014648438,26.553955078125,65.53961181640625,0.2523355484008789,-1,-1,-1
127,5,3532.4609375,627.526611328125,24.354248046875,50.0640869140625,0.308385968208313,-1,-1,-1
128,1,2114.846435546875,756.2908325195312,56.567138671875,103.66571044921875,0.7827385067939758,-1,-1,-1
128,2,2324.823974609375,591.4972534179688,29.90869140625,56.4986572265625,0.6312143206596375,-1,-1,-1
128,3,3643.756591796875,803.8007202148438,39.623779296875,108.65655517578125,0.7583171725273132,-1,-1,-1
128,7,2832.51513671875,623.263671875,31.63623046875,62.82159423828125,0.4461696147918701,-1,-1,-1
128,10,4093.75341796875,536.522216796875,16.73291015625,30.71624755859375,0.5331337451934814,-1,-1,-1
128,4,2963.1396484375,532.0382080078125,22.2255859375,80.0374755859375,0.559912383556366,-1,-1,-1
128,102,2796.078369140625,508.6004333496094,15.391357421875,39.105682373046875,0.3933001160621643,-1,-1,-1
128,24,3403.521728515625,617.7705078125,25.46044921875,62.4095458984375,0.5096670389175415,-1,-1,-1
128,113,3477.494873046875,522.5271606445312,15.632568359375,27.9268798828125,0.35918766260147095,-1,-1,-1
128,121,3282.527587890625,531.0484619140625,24.23583984375,64.08941650390625,0.4214227497577667,-1,-1,-1
128,151,3599.576171875,556.0049438476562,27.308349609375,64.95281982421875,0.271124929189682,-1,-1,-1
128,5,3532.650146484375,628.7061157226562,24.447021484375,49.20880126953125,0.3035147190093994,-1,-1,-1
129,1,2115.762451171875,756.5281372070312,59.557861328125,102.83905029296875,0.8001884818077087,-1,-1,-1
129,2,2326.126220703125,589.8687744140625,30.28515625,57.73529052734375,0.6456936001777649,-1,-1,-1
129,3,3643.939697265625,803.1912231445312,40.1279296875,109.50384521484375,0.7727588415145874,-1,-1,-1
129,7,2834.035888671875,623.77490234375,32.38671875,61.945556640625,0.49059560894966125,-1,-1,-1
129,10,4093.5224609375,536.2998046875,16.8955078125,30.21197509765625,0.5336841940879822,-1,-1,-1
129,4,2963.57421875,531.504150390625,23.878173828125,79.64410400390625,0.47737500071525574,-1,-1,-1
129,102,2796.169677734375,508.3802185058594,15.447998046875,39.963409423828125,0.4111427366733551,-1,-1,-1
129,24,3405.187744140625,618.1498413085938,24.7255859375,61.73394775390625,0.5596386194229126,-1,-1,-1
129,113,3477.405517578125,522.3203735351562,15.7314453125,28.90277099609375,0.38096484541893005,-1,-1,-1
129,121,3282.641845703125,531.3267822265625,23.9072265625,63.89996337890625,0.44139420986175537,-1,-1,-1
129,151,3599.208251953125,555.5911865234375,28.61083984375,64.1585693359375,0.2733934223651886,-1,-1,-1
129,5,3532.756591796875,629.8222045898438,25.111083984375,48.8956298828125,0.31318894028663635,-1,-1,-1
130,1,2115.4814453125,756.72314453125,64.20556640625,101.33038330078125,0.6901577711105347,-1,-1,-1
130,2,2330.050048828125,588.21875,27.919921875,58.975830078125,0.6330099701881409,-1,-1,-1
130,3,3644.4169921875,803.2877807617188,40.107421875,109.551025390625,0.7877079844474792,-1,-1,-1
130,7,2835.24560546875,624.0067138671875,32.699462890625,61.79376220703125,0.48884838819503784,-1,-1,-1
130,10,4093.28515625,536.208740234375,16.98681640625,29.50372314453125,0.5348636507987976,-1,-1,-1
130,4,2963.444091796875,528.7173461914062,24.0859375,82.15142822265625,0.3199703097343445,-1,-1,-1
130,102,2796.84814453125,508.8049621582031,15.657958984375,36.343048095703125,0.3476654589176178,-1,-1,-1
130,24,3407.069580078125,618.039794921875,23.807861328125,61.11102294921875,0.6103699207305908,-1,-1,-1
130,113,3477.509765625,521.9874267578125,16.365234375,27.37298583984375,0.2952987849712372,-1,-1,-1
130,121,3283.25,531.9921264648438,24.0185546875,63.146240234375,0.4220515489578247,-1,-1,-1
130,151,3599.2919921875,556.0510864257812,28.8486328125,64.21368408203125,0.28156954050064087,-1,-1,-1
130,5,3532.826904296875,630.6707153320312,25.6845703125,48.02850341796875,0.32181641459465027,-1,-1,-1
131,1,2116.68408203125,756.9806518554688,65.175048828125,101.7135009765625,0.7077454924583435,-1,-1,-1
131,2,2332.8720703125,587.0419311523438,25.670166015625,59.71197509765625,0.6116809248924255,-1,-1,-1
131,3,3644.72705078125,803.6781616210938,40.406494140625,109.41827392578125,0.7842968106269836,-1,-1,-1
131,7,2838.337890625,624.0716552734375,30.530517578125,61.949462890625,0.5481223464012146,-1,-1,-1
131,10,4093.02685546875,536.4493408203125,17.20703125,28.96405029296875,0.5128522515296936,-1,-1,-1
131,102,2796.667724609375,508.8014831542969,16.11181640625,37.455535888671875,0.3623560667037964,-1,-1,-1
131,24,3408.595703125,619.4782104492188,23.458740234375,60.70916748046875,0.6405141949653625,-1,-1,-1
131,113,3477.43505859375,521.66357421875,16.763427734375,30.18560791015625,0.2777062952518463,-1,-1,-1
131,121,3284.176025390625,532.1293334960938,24.5244140625,62.78045654296875,0.4442282021045685,-1,-1,-1
131,151,3598.745361328125,555.1798095703125,29.4248046875,64.46258544921875,0.2549400329589844,-1,-1,-1
131,5,3533.57666015625,630.4419555664062,25.89990234375,49.40716552734375,0.3670547604560852,-1,-1,-1
132,1,2118.26904296875,756.7616577148438,67.16455078125,101.8017578125,0.7189062833786011,-1,-1,-1
132,2,2335.171142578125,586.0894775390625,24.931396484375,60.1231689453125,0.617522656917572,-1,-1,-1
132,3,3644.725341796875,803.6238403320312,41.287353515625,109.60137939453125,0.7870586514472961,-1,-1,-1
132,7,2840.213134765625,623.5107421875,29.378173828125,62.5191650390625,0.5654596090316772,-1,-1,-1
132,10,4092.8955078125,536.7035522460938,17.2509765625,28.45916748046875,0.4958905875682831,-1,-1,-1
132,102,2797.210693359375,508.4540100097656,15.705322265625,36.376068115234375,0.3098044693470001,-1,-1,-1
132,24,3409.88623046875,619.1175537109375,24.285400390625,61.177734375,0.6518800854682922,-1,-1,-1
132,113,3477.383544921875,521.364013671875,17.03466796875,29.5859375,0.26074060797691345,-1,-1,-1
132,121,3285.54833984375,531.8668212890625,23.958984375,61.40472412109375,0.433946430683136,-1,-1,-1
132,5,3534.0986328125,630.689208984375,25.815673828125,50.2518310546875,0.3461762070655823,-1,-1,-1
133,1,2120.056396484375,756.688720703125,71.715087890625,102.47711181640625,0.6852631568908691,-1,-1,-1
133,2,2339.09033203125,585.7118530273438,24.042236328125,59.91656494140625,0.6174144148826599,-1,-1,-1
133,3,3644.4482421875,803.7523803710938,41.99609375,109.29559326171875,0.7933863997459412,-1,-1,-1
133,7,2841.67626953125,623.1463623046875,28.451416015625,63.25360107421875,0.5718966722488403,-1,-1,-1
133,10,4092.81005859375,536.939697265625,17.19482421875,27.96270751953125,0.4774947166442871,-1,-1,-1
133,102,2797.99658203125,508.2879638671875,15.236328125,32.59844970703125,0.2898997962474823,-1,-1,-1
133,24,3410.587158203125,619.7365112304688,26.84814453125,59.89697265625,0.6248319745063782,-1,-1,-1
133,121,3287.065185546875,532.6851806640625,23.4970703125,57.69122314453125,0.43920010328292847,-1,-1,-1
133,5,3534.55810546875,631.412353515625,25.948486328125,48.25262451171875,0.31993117928504944,-1,-1,-1
134,1,2122.596435546875,756.7131958007812,72.511962890625,102.5924072265625,0.6637671589851379,-1,-1,-1
134,2,2341.103759765625,585.74365234375,25.278076171875,60.607421875,0.561195433139801,-1,-1,-1
134,3,3644.434814453125,803.90625,42.548583984375,109.0965576171875,0.79936283826828,-1,-1,-1
134,7,2842.529541015625,622.1620483398438,28.162353515625,64.9991455078125,0.6499614715576172,-1,-1,-1
134,10,4092.86083984375,537.1190185546875,16.9931640625,27.56976318359375,0.4758945107460022,-1,-1,-1
134,102,2798.40478515625,508.2830505371094,15.40966796875,31.820587158203125,0.2928909957408905,-1,-1,-1
134,24,3411.170654296875,619.675048828125,28.70263671875,58.99200439453125,0.6344044208526611,-1,-1,-1
134,121,3287.951171875,535.4591064453125,23.371826171875,55.00494384765625,0.43262627720832825,-1,-1,-1
134,5,3535.099365234375,632.0780029296875,26.25146484375,46.948486328125,0.3164035975933075,-1,-1,-1
135,1,2127.51513671875,756.3198852539062,70.147216796875,103.15228271484375,0.6924994587898254,-1,-1,-1
135,2,2341.30419921875,586.2236938476562,27.083740234375,61.4578857421875,0.4646565318107605,-1,-1,-1
135,3,3644.63427734375,804.894287109375,42.845703125,108.20367431640625,0.8059207201004028,-1,-1,-1
135,7,2844.197265625,622.2884521484375,27.00634765625,64.905517578125,0.6525887250900269,-1,-1,-1
135,10,4092.576171875,537.4270629882812,17.23486328125,27.06134033203125,0.443512886762619,-1,-1,-1
135,102,2798.623291015625,508.2250061035156,15.49853515625,30.656463623046875,0.2850984036922455,-1,-1,-1
135,24,3412.71630859375,621.0112915039062,28.96630859375,57.983642578125,0.6423700451850891,-1,-1,-1
135,121,3288.8115234375,538.073486328125,23.372314453125,51.45794677734375,0.32411324977874756,-1,-1,-1
135,5,3535.684814453125,632.4247436523438,26.612548828125,48.13226318359375,0.3035866916179657,-1,-1,-1
136,1,2129.896728515625,755.6443481445312,68.145751953125,103.099853515625,0.7144158482551575,-1,-1,-1
136,2,2342.669921875,587.09716796875,27.4541015625,61.05419921875,0.5007222294807434,-1,-1,-1
136,3,3644.99267578125,805.4620971679688,43.24365234375,107.8150634765625,0.7940821051597595,-1,-1,-1
136,7,2845.385009765625,622.4506225585938,25.971435546875,64.4024658203125,0.6463847756385803,-1,-1,-1
136,10,4092.286865234375,537.6658325195312,17.458740234375,26.69329833984375,0.44404664635658264,-1,-1,-1
136,102,2798.656982421875,508.5045166015625,15.586181640625,30.30670166015625,0.2683655917644501,-1,-1,-1
136,24,3414.043212890625,621.50390625,28.4189453125,58.201171875,0.6310344934463501,-1,-1,-1
136,5,3536.1669921875,632.5050048828125,26.302734375,48.1092529296875,0.28683528304100037,-1,-1,-1
137,1,2136.05810546875,755.2008056640625,63.732421875,103.49951171875,0.7271567583084106,-1,-1,-1
137,2,2343.975341796875,587.6986694335938,28.879638671875,61.117919921875,0.4949176609516144,-1,-1,-1
137,3,3645.12255859375,805.2334594726562,43.908447265625,106.7525634765625,0.7979888319969177,-1,-1,-1
137,7,2845.6806640625,622.3186645507812,26.08251953125,63.74920654296875,0.6056128740310669,-1,-1,-1
137,10,4092.163330078125,537.5999145507812,17.559326171875,26.57281494140625,0.45346885919570923,-1,-1,-1
137,102,2798.65087890625,508.76214599609375,15.71630859375,29.72869873046875,0.26425665616989136,-1,-1,-1
137,24,3414.39306640625,620.888671875,29.240478515625,58.7686767578125,0.6042665243148804,-1,-1,-1
137,5,3536.393798828125,632.6079711914062,26.3837890625,49.76416015625,0.2867633104324341,-1,-1,-1
138,1,2140.931640625,755.2918701171875,59.00439453125,102.56768798828125,0.7442657351493835,-1,-1,-1
138,2,2345.78076171875,587.68798828125,30.684326171875,60.20465087890625,0.5023877024650574,-1,-1,-1
138,3,3645.3134765625,805.203857421875,44.11083984375,106.34320068359375,0.7859479784965515,-1,-1,-1
138,7,2847.257080078125,622.9229125976562,24.79345703125,62.02264404296875,0.629942774772644,-1,-1,-1
138,10,4092.118408203125,537.4933471679688,17.404541015625,26.5269775390625,0.460684210062027,-1,-1,-1
138,102,2798.638916015625,508.7787780761719,16.197265625,30.525970458984375,0.2975916266441345,-1,-1,-1
138,24,3414.2587890625,620.1203002929688,32.435302734375,59.93798828125,0.5468968749046326,-1,-1,-1
138,5,3536.591552734375,632.650146484375,26.443115234375,50.4384765625,0.2853280007839203,-1,-1,-1
139,1,2146.3828125,756.1245727539062,54.505859375,102.42279052734375,0.7787265181541443,-1,-1,-1
139,2,2346.61474609375,588.3475341796875,32.66455078125,59.12481689453125,0.508222222328186,-1,-1,-1
139,3,3645.0263671875,805.071044921875,45.852783203125,108.279296875,0.7704590559005737,-1,-1,-1
139,7,2848.64599609375,623.2238159179688,25.423828125,60.85205078125,0.5544913411140442,-1,-1,-1
139,10,4091.871337890625,537.5155639648438,17.532470703125,27.24481201171875,0.46909216046333313,-1,-1,-1
139,102,2798.59619140625,508.1309509277344,16.958251953125,31.864593505859375,0.3241651952266693,-1,-1,-1
139,24,3417.607177734375,619.326171875,30.597900390625,60.60223388671875,0.5130822658538818,-1,-1,-1
139,5,3536.74560546875,632.8327026367188,26.535400390625,51.63641357421875,0.26478347182273865,-1,-1,-1
140,1,2152.082763671875,757.2025756835938,49.601318359375,102.37860107421875,0.7989744544029236,-1,-1,-1
140,2,2347.603271484375,588.1280517578125,34.196533203125,59.19989013671875,0.512999951839447,-1,-1,-1
140,3,3644.2041015625,804.8111572265625,47.700439453125,109.34002685546875,0.7684317231178284,-1,-1,-1
140,7,2849.28076171875,623.0343627929688,27.478515625,61.75732421875,0.6135372519493103,-1,-1,-1
140,10,4091.594970703125,537.5331420898438,17.606201171875,27.80718994140625,0.4658248722553253,-1,-1,-1
140,102,2798.622802734375,507.88690185546875,17.437255859375,32.29425048828125,0.3091331720352173,-1,-1,-1
140,24,3422.394775390625,619.12060546875,25.527587890625,59.12530517578125,0.41156601905822754,-1,-1,-1
140,5,3536.84619140625,633.1503295898438,26.6845703125,52.2467041015625,0.2502779960632324,-1,-1,-1
140,174,2975.682373046875,525.2582397460938,21.111572265625,49.66778564453125,0.3549736440181732,-1,-1,-1
141,1,2157.426025390625,756.0166625976562,45.30126953125,103.2685546875,0.7747588157653809,-1,-1,-1
141,2,2349.911865234375,587.5640258789062,33.850341796875,59.09100341796875,0.5793527364730835,-1,-1,-1
141,3,3644.522216796875,804.4503784179688,48.102294921875,109.94677734375,0.754906177520752,-1,-1,-1
141,7,2851.3193359375,623.3561401367188,27.4736328125,61.653564453125,0.6092767119407654,-1,-1,-1
141,10,4091.181396484375,537.3101196289062,17.779541015625,27.8809814453125,0.463528037071228,-1,-1,-1
141,102,2798.838134765625,508.0035705566406,17.49853515625,31.172882080078125,0.2836787700653076,-1,-1,-1
141,24,3425.86376953125,618.4151611328125,22.98486328125,58.1434326171875,0.399542897939682,-1,-1,-1
142,1,2161.25439453125,754.028076171875,44.12841796875,103.67218017578125,0.7148600816726685,-1,-1,-1
142,2,2351.635009765625,586.9349365234375,32.601318359375,58.99761962890625,0.5587998628616333,-1,-1,-1
142,3,3645.7265625,803.7335205078125,47.49072265625,110.7401123046875,0.7479346990585327,-1,-1,-1
142,7,2852.600830078125,623.6279296875,28.44091796875,62.16839599609375,0.5426148772239685,-1,-1,-1
142,10,4090.816162109375,537.2493286132812,18.015869140625,27.91143798828125,0.45121079683303833,-1,-1,-1
142,102,2799.36962890625,507.87860107421875,17.518310546875,30.3057861328125,0.2574975788593292,-1,-1,-1
142,24,3427.684814453125,618.38818359375,22.787841796875,57.88018798828125,0.3918859660625458,-1,-1,-1
142,178,2869.802978515625,540.5602416992188,22.694091796875,47.16510009765625,0.3476901054382324,-1,-1,-1
142,5,3536.744384765625,633.4743041992188,26.760009765625,51.4427490234375,0.25672680139541626,-1,-1,-1
142,174,2977.954345703125,524.7437744140625,21.34619140625,58.63055419921875,0.3150571584701538,-1,-1,-1
143,1,2164.833251953125,754.2836303710938,43.03955078125,103.25439453125,0.7493329048156738,-1,-1,-1
143,2,2353.076904296875,587.1647338867188,33.46484375,57.95172119140625,0.5379508137702942,-1,-1,-1
143,3,3645.489013671875,802.7344360351562,49.194580078125,111.46923828125,0.7542035579681396,-1,-1,-1
143,7,2853.793701171875,623.7225952148438,28.44873046875,62.78326416015625,0.49291738867759705,-1,-1,-1
143,10,4090.622802734375,537.66552734375,18.373291015625,27.6591796875,0.42340806126594543,-1,-1,-1
143,24,3429.67822265625,617.7483520507812,22.81494140625,58.03662109375,0.3865469992160797,-1,-1,-1
143,178,2871.04541015625,541.09033203125,22.991455078125,46.9600830078125,0.3177468478679657,-1,-1,-1
143,174,2977.609130859375,527.1744995117188,22.8095703125,69.99591064453125,0.29314950108528137,-1,-1,-1
144,1,2167.333251953125,754.2701416015625,45.715087890625,103.7847900390625,0.75785231590271,-1,-1,-1
144,2,2355.64697265625,587.12255859375,32.0712890625,57.9176025390625,0.5520574450492859,-1,-1,-1
144,3,3645.21240234375,802.1488037109375,50.972900390625,112.1044921875,0.7552890777587891,-1,-1,-1
144,7,2854.618896484375,623.77197265625,29.066650390625,62.853515625,0.45331066846847534,-1,-1,-1
144,10,4090.476318359375,538.1296997070312,18.581298828125,27.57366943359375,0.3819633424282074,-1,-1,-1
144,24,3432.4814453125,617.938720703125,22.042236328125,55.91571044921875,0.3007855713367462,-1,-1,-1
144,178,2872.688232421875,542.042724609375,23.029296875,45.39794921875,0.2996515929698944,-1,-1,-1
144,174,2976.74755859375,529.8238525390625,22.97314453125,74.2940673828125,0.2997424602508545,-1,-1,-1
144,183,3050.5966796875,516.1502075195312,17.260009765625,30.4146728515625,0.3662213385105133,-1,-1,-1
145,1,2170.914794921875,754.5309448242188,45.510498046875,102.25634765625,0.7309271097183228,-1,-1,-1
145,2,2357.055419921875,586.8051147460938,31.645751953125,58.89300537109375,0.5371836423873901,-1,-1,-1
145,3,3645.6025390625,800.9055786132812,51.322998046875,112.4739990234375,0.751474916934967,-1,-1,-1
145,7,2855.087158203125,623.60009765625,29.48583984375,63.42498779296875,0.46739524602890015,-1,-1,-1
145,10,4090.46337890625,538.4739990234375,18.64013671875,27.4500732421875,0.3586428761482239,-1,-1,-1
145,24,3435.38623046875,617.2239379882812,20.679443359375,57.05914306640625,0.36836719512939453,-1,-1,-1
145,178,2873.368896484375,541.763916015625,23.458740234375,43.80517578125,0.29941126704216003,-1,-1,-1
145,174,2976.679443359375,530.9855346679688,23.35546875,75.938720703125,0.2810772955417633,-1,-1,-1
145,183,3052.632568359375,516.6590576171875,18.353515625,29.8353271484375,0.31231048703193665,-1,-1,-1
146,1,2172.888427734375,754.3020629882812,46.701171875,102.0009765625,0.7381188273429871,-1,-1,-1
146,2,2359.94970703125,586.7252197265625,29.66455078125,59.01971435546875,0.539467453956604,-1,-1,-1
146,3,3647.210693359375,800.3802490234375,50.2958984375,113.1756591796875,0.7598714232444763,-1,-1,-1
146,7,2855.998046875,622.77099609375,30.75830078125,65.13189697265625,0.4770439565181732,-1,-1,-1
146,10,4090.6728515625,538.8770751953125,18.34228515625,26.907470703125,0.312208890914917,-1,-1,-1
146,24,3436.595458984375,617.1624755859375,20.1845703125,56.0174560546875,0.38838300108909607,-1,-1,-1
146,178,2874.19580078125,541.6270141601562,23.22216796875,43.9320068359375,0.35258886218070984,-1,-1,-1
147,1,2173.872314453125,753.8753662109375,50.419189453125,102.3895263671875,0.6939442753791809,-1,-1,-1
147,2,2361.953857421875,586.2139282226562,29.994384765625,60.03680419921875,0.57564777135849,-1,-1,-1
147,3,3647.6923828125,800.4733276367188,50.6298828125,113.313232421875,0.7385278344154358,-1,-1,-1
147,7,2856.73193359375,621.8231201171875,31.071044921875,66.6614990234375,0.5179706811904907,-1,-1,-1
147,10,4090.6806640625,538.8846435546875,18.25830078125,26.69329833984375,0.36008524894714355,-1,-1,-1
147,24,3438.440673828125,617.2030639648438,20.468505859375,59.2281494140625,0.49148574471473694,-1,-1,-1
147,178,2874.751953125,541.5371704101562,23.892333984375,46.76214599609375,0.3442889451980591,-1,-1,-1
147,174,2977.75,534.557861328125,22.822509765625,73.2135009765625,0.35368669033050537,-1,-1,-1
148,1,2175.122314453125,754.642333984375,55.10400390625,101.9066162109375,0.6810555458068848,-1,-1,-1
148,2,2364.825927734375,585.9971923828125,28.7587890625,59.88043212890625,0.576094388961792,-1,-1,-1
148,3,3648.012451171875,800.8850708007812,51.119873046875,113.30145263671875,0.7212969064712524,-1,-1,-1
148,7,2857.297607421875,621.40576171875,30.93798828125,67.15289306640625,0.5289907455444336,-1,-1,-1
148,10,4090.535400390625,538.74072265625,18.294189453125,26.66851806640625,0.3798430860042572,-1,-1,-1
148,24,3439.171142578125,617.2745971679688,21.684326171875,59.935546875,0.5760236978530884,-1,-1,-1
148,178,2876.443359375,541.5191650390625,23.67041015625,47.8817138671875,0.31326526403427124,-1,-1,-1
148,188,3604.030029296875,558.990966796875,22.25732421875,59.12042236328125,0.3266284465789795,-1,-1,-1
148,174,2978.062255859375,537.83447265625,23.21728515625,69.682373046875,0.4215215742588043,-1,-1,-1
148,183,3055.696044921875,516.878662109375,20.110107421875,28.148193359375,0.2629393935203552,-1,-1,-1
149,1,2176.0966796875,753.5904541015625,61.004150390625,103.77642822265625,0.7349451780319214,-1,-1,-1
149,2,2366.82666015625,586.3590698242188,28.0810546875,58.974853515625,0.4737192988395691,-1,-1,-1
149,3,3650.8076171875,800.7929077148438,49.364013671875,112.6007080078125,0.7142435908317566,-1,-1,-1
149,7,2858.399658203125,621.1502075195312,30.211181640625,67.0023193359375,0.5817131996154785,-1,-1,-1
149,10,4090.58349609375,538.5404052734375,18.07958984375,26.6187744140625,0.3883420526981354,-1,-1,-1
149,24,3440.1142578125,617.3654174804688,23.168212890625,59.177001953125,0.518414318561554,-1,-1,-1
149,178,2877.871337890625,541.548095703125,22.95556640625,46.15411376953125,0.295490026473999,-1,-1,-1
149,174,2978.308349609375,536.418701171875,23.193115234375,70.46099853515625,0.4448624849319458,-1,-1,-1
149,183,3056.496826171875,516.76220703125,20.13134765625,28.43511962890625,0.26805153489112854,-1,-1,-1
150,1,2176.447998046875,752.8720703125,65.983154296875,105.071044921875,0.7256041169166565,-1,-1,-1
150,2,2367.929443359375,586.301513671875,28.517578125,59.034423828125,0.37079113721847534,-1,-1,-1
150,3,3652.68212890625,801.0969848632812,47.950927734375,111.18408203125,0.7166373133659363,-1,-1,-1
150,7,2859.451171875,621.1216430664062,29.400146484375,67.18011474609375,0.6045495271682739,-1,-1,-1
150,10,4090.656005859375,538.4458618164062,17.960693359375,26.697021484375,0.38504883646965027,-1,-1,-1
150,24,3440.845458984375,616.9002685546875,24.636962890625,59.08648681640625,0.6014935374259949,-1,-1,-1
150,178,2878.868408203125,541.8800048828125,23.12451171875,44.8955078125,0.2817750573158264,-1,-1,-1
150,174,2978.691162109375,536.1445922851562,23.51953125,70.3785400390625,0.4079829156398773,-1,-1,-1
150,183,3056.878173828125,517.0408325195312,20.0986328125,28.56732177734375,0.2881418764591217,-1,-1,-1
151,1,2177.213134765625,753.1068115234375,67.737060546875,105.42333984375,0.7519714832305908,-1,-1,-1
151,2,2371.367919921875,586.1199340820312,28.29052734375,58.54730224609375,0.34248700737953186,-1,-1,-1
151,3,3654.43994140625,801.0467529296875,46.915771484375,111.02587890625,0.7245866656303406,-1,-1,-1
151,7,2862.624267578125,622.66845703125,26.736328125,64.8955078125,0.540057361125946,-1,-1,-1
151,10,4090.27880859375,538.4278564453125,18.1318359375,26.702392578125,0.3993772566318512,-1,-1,-1
151,24,3441.601318359375,617.3516845703125,25.002197265625,59.16357421875,0.6299983859062195,-1,-1,-1
151,178,2880.233154296875,541.55859375,22.43115234375,46.29852294921875,0.26742982864379883,-1,-1,-1
151,174,2979.129150390625,540.8064575195312,23.320068359375,65.97784423828125,0.3949664235115051,-1,-1,-1
151,183,3056.847412109375,517.05908203125,20.25146484375,28.6561279296875,0.2943650782108307,-1,-1,-1
152,1,2178.7822265625,753.1553955078125,67.791015625,105.26959228515625,0.764829695224762,-1,-1,-1
152,2,2373.18701171875,586.6235961914062,28.263916015625,57.314208984375,0.4287671446800232,-1,-1,-1
152,3,3656.0830078125,801.0643920898438,46.02001953125,111.24212646484375,0.7086673974990845,-1,-1,-1
152,7,2865.764404296875,623.5101928710938,24.4130859375,64.6336669921875,0.6109483242034912,-1,-1,-1
152,10,4089.929931640625,538.2970581054688,18.372314453125,27.35504150390625,0.4320816695690155,-1,-1,-1
152,24,3442.3408203125,616.1165161132812,25.0380859375,61.6412353515625,0.6741253733634949,-1,-1,-1
152,174,2979.6552734375,544.6554565429688,24.696044921875,61.25762939453125,0.40790045261383057,-1,-1,-1
152,183,3056.835693359375,516.7440795898438,20.78515625,28.9019775390625,0.29908978939056396,-1,-1,-1
152,188,3606.229736328125,558.507568359375,20.407958984375,59.61474609375,0.3433331251144409,-1,-1,-1
153,1,2180.609130859375,752.8854370117188,65.409912109375,106.2020263671875,0.7553164958953857,-1,-1,-1
153,2,2376.046875,586.4326171875,28.193359375,55.694580078125,0.42963653802871704,-1,-1,-1
153,3,3656.0556640625,801.6018676757812,46.30224609375,112.371826171875,0.730994462966919,-1,-1,-1
153,7,2867.984130859375,623.1441040039062,24.4169921875,65.296142578125,0.6577326655387878,-1,-1,-1
153,10,4089.657958984375,538.21337890625,18.664794921875,27.565185546875,0.4293336570262909,-1,-1,-1
153,24,3444.3076171875,615.6600341796875,23.76123046875,61.21533203125,0.7007268667221069,-1,-1,-1
153,174,2980.17041015625,550.8093872070312,25.743896484375,55.19110107421875,0.43460363149642944,-1,-1,-1
153,183,3056.686279296875,515.7424926757812,21.57763671875,32.00543212890625,0.32538142800331116,-1,-1,-1
153,188,3606.730712890625,561.248046875,20.128662109375,56.94964599609375,0.3628902733325958,-1,-1,-1
154,1,2183.23046875,752.4576416015625,62.27490234375,104.17279052734375,0.7330830097198486,-1,-1,-1
154,2,2378.266845703125,586.8447265625,30.86572265625,54.90679931640625,0.47044065594673157,-1,-1,-1
154,3,3656.29150390625,801.9170532226562,46.4072265625,112.8104248046875,0.7381993532180786,-1,-1,-1
154,7,2869.5986328125,623.43310546875,25.281982421875,65.10601806640625,0.6985757946968079,-1,-1,-1
154,10,4089.32763671875,538.0650024414062,18.8818359375,27.9068603515625,0.4472144842147827,-1,-1,-1
154,24,3446.981689453125,614.8618774414062,22.5693359375,59.5953369140625,0.7192433476448059,-1,-1,-1
154,174,2981.04296875,546.1423950195312,27.77978515625,60.33892822265625,0.4814213514328003,-1,-1,-1
154,183,3056.69677734375,515.2340698242188,21.7353515625,33.04425048828125,0.3330990672111511,-1,-1,-1
154,188,3606.124755859375,566.2307739257812,21.232177734375,52.505859375,0.36214664578437805,-1,-1,-1
154,121,3301.3583984375,527.4815673828125,21.362548828125,54.05474853515625,0.3670906722545624,-1,-1,-1
154,178,2881.99853515625,539.7844848632812,24.186279296875,48.18597412109375,0.2698587477207184,-1,-1,-1
155,1,2192.544189453125,752.1323852539062,52.887451171875,103.23974609375,0.6977187395095825,-1,-1,-1
155,2,2380.248291015625,586.3207397460938,31.216796875,55.24261474609375,0.4681341350078583,-1,-1,-1
155,3,3655.52783203125,802.416748046875,47.230224609375,112.34967041015625,0.71647047996521,-1,-1,-1
155,7,2870.37158203125,622.8964233398438,27.220703125,65.71844482421875,0.7189523577690125,-1,-1,-1
155,10,4089.2119140625,537.9420166015625,18.9521484375,28.062744140625,0.4652201533317566,-1,-1,-1
155,24,3449.86962890625,614.8285522460938,22.00927734375,59.700927734375,0.7366362810134888,-1,-1,-1
155,174,2982.0927734375,545.197265625,29.282470703125,60.4261474609375,0.4553842544555664,-1,-1,-1
155,183,3059.66796875,513.0819091796875,19.6708984375,34.03326416015625,0.3014805316925049,-1,-1,-1
155,188,3604.982421875,564.9521484375,22.23876953125,53.7003173828125,0.3671285808086395,-1,-1,-1
155,121,3301.527587890625,527.0149536132812,21.25439453125,56.05633544921875,0.3792956471443176,-1,-1,-1
156,1,2198.823486328125,750.9195556640625,47.40380859375,102.7635498046875,0.689110517501831,-1,-1,-1
156,2,2382.489501953125,586.2091674804688,30.640625,54.43890380859375,0.4884118437767029,-1,-1,-1
156,3,3656.79052734375,802.4068603515625,46.013427734375,110.5882568359375,0.72713702917099,-1,-1,-1
156,7,2870.87451171875,622.8168334960938,29.1044921875,65.50152587890625,0.7118889689445496,-1,-1,-1
156,10,4089.199462890625,537.58154296875,18.753662109375,28.20770263671875,0.46092817187309265,-1,-1,-1
156,24,3450.54052734375,614.627197265625,23.546142578125,59.2288818359375,0.6938281059265137,-1,-1,-1
156,174,2984.06005859375,552.3558959960938,28.3427734375,52.094970703125,0.43666332960128784,-1,-1,-1
156,188,3605.93408203125,559.2354736328125,21.213134765625,58.62994384765625,0.37463104724884033,-1,-1,-1
156,121,3301.89404296875,526.9662475585938,21.348876953125,58.621337890625,0.3585474491119385,-1,-1,-1
157,1,2205.953857421875,750.8131103515625,43.306884765625,101.9041748046875,0.7695013284683228,-1,-1,-1
157,2,2385.36376953125,586.8877563476562,29.091552734375,53.31768798828125,0.4968511462211609,-1,-1,-1
157,3,3656.449462890625,802.1544189453125,46.71923828125,110.27947998046875,0.7223494648933411,-1,-1,-1
157,7,2872.642333984375,623.3638916015625,27.9541015625,64.7200927734375,0.6690277457237244,-1,-1,-1
157,10,4089.18798828125,537.1133422851562,18.51513671875,28.52447509765625,0.4526779055595398,-1,-1,-1
157,24,3450.9443359375,613.9558715820312,24.84912109375,60.71441650390625,0.580146849155426,-1,-1,-1
157,174,2985.298095703125,557.6983642578125,27.45947265625,46.76983642578125,0.41261589527130127,-1,-1,-1
157,188,3606.65673828125,547.1845703125,20.181884765625,67.68511962890625,0.4579857587814331,-1,-1,-1
157,121,3302.01220703125,527.8624877929688,21.041259765625,60.65484619140625,0.3344985842704773,-1,-1,-1
157,183,3061.477783203125,512.1767578125,19.4658203125,35.80755615234375,0.27881696820259094,-1,-1,-1
158,1,2210.574951171875,750.5299072265625,43.535400390625,102.3282470703125,0.7934914231300354,-1,-1,-1
158,2,2386.4912109375,587.1925048828125,30.05517578125,53.475341796875,0.4864211976528168,-1,-1,-1
158,3,3655.546142578125,802.0011596679688,48.03662109375,110.60382080078125,0.7369424700737,-1,-1,-1
158,7,2873.086181640625,623.9242553710938,29.66015625,64.21142578125,0.696509838104248,-1,-1,-1
158,10,4089.2001953125,536.8370971679688,18.42138671875,28.62017822265625,0.4405912458896637,-1,-1,-1
158,24,3451.183349609375,613.560546875,25.548583984375,60.5970458984375,0.49757304787635803,-1,-1,-1
158,174,2986.755126953125,560.5210571289062,24.7744140625,42.35693359375,0.4239932596683502,-1,-1,-1
158,188,3607.170654296875,553.0951538085938,20.395751953125,63.91571044921875,0.3816618323326111,-1,-1,-1
158,121,3303.25,527.3287963867188,20.19140625,60.69915771484375,0.3178417384624481,-1,-1,-1
158,183,3062.793212890625,513.8564453125,18.551025390625,33.1085205078125,0.27912992238998413,-1,-1,-1
159,1,2213.212890625,749.0257568359375,46.82373046875,103.12933349609375,0.7721163034439087,-1,-1,-1
159,2,2388.93359375,586.4437866210938,29.51904296875,54.27618408203125,0.4929310083389282,-1,-1,-1
159,3,3655.614990234375,802.8078002929688,47.920166015625,111.5765380859375,0.7281618118286133,-1,-1,-1
159,7,2875.041259765625,624.9845581054688,28.55859375,63.060791015625,0.6645616888999939,-1,-1,-1
159,10,4089.18115234375,536.79931640625,18.44140625,28.64691162109375,0.4576556384563446,-1,-1,-1
159,174,2988.261962890625,560.7079467773438,24.164306640625,41.09637451171875,0.40777134895324707,-1,-1,-1
159,188,3607.031494140625,555.592529296875,20.903564453125,62.884521484375,0.3891584575176239,-1,-1,-1
159,121,3303.49462890625,527.9623413085938,19.85009765625,60.9306640625,0.3660612106323242,-1,-1,-1
159,183,3064.990966796875,513.7682495117188,17.730224609375,33.02252197265625,0.2767365276813507,-1,-1,-1
159,202,3542.46728515625,627.4773559570312,24.078369140625,52.44647216796875,0.34540989995002747,-1,-1,-1
159,203,3492.458740234375,524.099853515625,16.915283203125,28.68621826171875,0.3518255650997162,-1,-1,-1
160,1,2214.88671875,748.6656494140625,48.69970703125,103.0084228515625,0.7884543538093567,-1,-1,-1
160,2,2390.89990234375,585.6094970703125,29.25341796875,54.0821533203125,0.4352973401546478,-1,-1,-1
160,3,3656.427734375,803.3069458007812,47.35693359375,111.6767578125,0.7128561735153198,-1,-1,-1
160,7,2875.5166015625,624.8739624023438,29.39306640625,62.8428955078125,0.668131411075592,-1,-1,-1
160,10,4089.27392578125,536.8171997070312,18.3046875,28.48956298828125,0.449122816324234,-1,-1,-1
160,174,2989.780029296875,560.3748779296875,22.35546875,39.91461181640625,0.3451090157032013,-1,-1,-1
160,188,3606.991455078125,555.6305541992188,21.145751953125,63.8895263671875,0.39089104533195496,-1,-1,-1
160,121,3303.801513671875,527.99755859375,20.004638671875,60.78662109375,0.37077587842941284,-1,-1,-1
160,183,3065.01171875,513.8204345703125,18.430908203125,32.71685791015625,0.27390363812446594,-1,-1,-1
160,202,3543.0009765625,626.4351196289062,24.06640625,52.5858154296875,0.4041023850440979,-1,-1,-1
160,203,3492.81640625,523.05322265625,16.896728515625,30.4635009765625,0.3926965594291687,-1,-1,-1
160,24,3457.0126953125,613.4086303710938,24.84619140625,60.89581298828125,0.38372528553009033,-1,-1,-1
161,1,2215.242919921875,749.922119140625,55.3173828125,101.6563720703125,0.7557903528213501,-1,-1,-1
161,2,2392.546875,584.1834716796875,28.391357421875,54.9700927734375,0.38609766960144043,-1,-1,-1
161,3,3657.140869140625,803.3339233398438,47.063720703125,111.73492431640625,0.700131893157959,-1,-1,-1
161,7,2876.826904296875,625.2791748046875,29.76953125,63.29412841796875,0.6874253153800964,-1,-1,-1
161,10,4089.43798828125,536.81005859375,18.16943359375,28.4267578125,0.45460548996925354,-1,-1,-1
161,188,3606.823486328125,547.082763671875,20.904541015625,68.7664794921875,0.44047868251800537,-1,-1,-1
161,121,3304.766845703125,527.3782958984375,20.128173828125,59.6444091796875,0.36477944254875183,-1,-1,-1
161,183,3064.784423828125,514.2111206054688,20.133544921875,32.5362548828125,0.2727031409740448,-1,-1,-1
161,202,3544.01416015625,623.6373901367188,24.339111328125,55.340576171875,0.45035821199417114,-1,-1,-1
161,203,3493.413818359375,523.6631469726562,16.657470703125,29.03460693359375,0.37398064136505127,-1,-1,-1
161,205,2999.135009765625,527.9942626953125,24.3720703125,30.05633544921875,0.3318244218826294,-1,-1,-1
161,24,3459.322265625,614.8284912109375,24.10400390625,58.62261962890625,0.4919564425945282,-1,-1,-1
162,1,2216.359375,750.1439208984375,56.572998046875,101.198486328125,0.7327818870544434,-1,-1,-1
162,2,2393.94140625,581.4423828125,29.19970703125,59.408203125,0.32307854294776917,-1,-1,-1
162,3,3658.712646484375,802.52294921875,46.60009765625,112.60003662109375,0.7138899564743042,-1,-1,-1
162,7,2878.858154296875,625.1878662109375,28.96826171875,63.89678955078125,0.6372542381286621,-1,-1,-1
162,10,4089.51171875,536.8592529296875,17.94482421875,28.3807373046875,0.43248340487480164,-1,-1,-1
162,188,3606.43408203125,544.818359375,20.987060546875,73.3721923828125,0.4503222405910492,-1,-1,-1
162,121,3305.520263671875,527.17919921875,20.177978515625,57.83319091796875,0.3746626675128937,-1,-1,-1
162,183,3065.82568359375,514.2615356445312,20.07666015625,33.37847900390625,0.32658877968788147,-1,-1,-1
162,202,3546.383544921875,622.7462158203125,22.8193359375,55.344482421875,0.44425642490386963,-1,-1,-1
162,203,3494.766845703125,524.058837890625,15.66259765625,27.00494384765625,0.3366438150405884,-1,-1,-1
162,205,3000.3974609375,527.7306518554688,23.35791015625,32.20947265625,0.33695271611213684,-1,-1,-1
162,24,3460.588623046875,615.4829711914062,23.93115234375,58.3544921875,0.5317848920822144,-1,-1,-1
162,174,2991.614501953125,550.781005859375,24.737548828125,48.2725830078125,0.34377941489219666,-1,-1,-1
163,1,2216.712646484375,750.9725952148438,62.475341796875,100.88067626953125,0.7269268035888672,-1,-1,-1
163,2,2395.764892578125,581.4702758789062,28.80615234375,60.63885498046875,0.35411301255226135,-1,-1,-1
163,3,3660.2080078125,802.4484252929688,46.767333984375,111.91888427734375,0.7273077368736267,-1,-1,-1
163,7,2880.432861328125,625.8059692382812,29.420654296875,63.11480712890625,0.4979376494884491,-1,-1,-1
163,10,4089.493408203125,536.8735961914062,17.877197265625,28.2054443359375,0.4233591854572296,-1,-1,-1
163,188,3606.125,545.3104248046875,21.24267578125,74.82391357421875,0.44971519708633423,-1,-1,-1
163,121,3306.1728515625,526.9313354492188,20.142822265625,57.637451171875,0.4001111090183258,-1,-1,-1
163,183,3068.5185546875,514.0267333984375,18.7001953125,33.23193359375,0.3163168728351593,-1,-1,-1
163,202,3546.702880859375,621.9202270507812,22.81591796875,57.15447998046875,0.4458068311214447,-1,-1,-1
163,203,3494.822265625,522.0302734375,16.025390625,31.0428466796875,0.4044662117958069,-1,-1,-1
163,205,3001.882080078125,528.3384399414062,22.02001953125,31.85211181640625,0.35171258449554443,-1,-1,-1
163,24,3461.4755859375,616.3939819335938,24.968505859375,57.9405517578125,0.5798594951629639,-1,-1,-1
163,174,2992.105224609375,552.0343627929688,25.0908203125,46.24591064453125,0.2934795022010803,-1,-1,-1
164,1,2217.719482421875,751.3521728515625,68.0830078125,100.67510986328125,0.7610081434249878,-1,-1,-1
164,2,2398.991455078125,582.55029296875,27.5322265625,55.94268798828125,0.28246209025382996,-1,-1,-1
164,3,3660.56982421875,802.7932739257812,46.937255859375,111.51702880859375,0.7350289821624756,-1,-1,-1
164,7,2883.4833984375,628.1547241210938,26.9765625,62.025634765625,0.42231860756874084,-1,-1,-1
164,10,4089.4755859375,536.689453125,17.80322265625,28.30108642578125,0.4302348792552948,-1,-1,-1
164,188,3605.549560546875,544.659912109375,21.923583984375,73.35577392578125,0.46946966648101807,-1,-1,-1
164,121,3306.46533203125,527.128173828125,20.626708984375,57.20623779296875,0.4048694372177124,-1,-1,-1
164,183,3069.58154296875,513.7594604492188,17.411865234375,32.72113037109375,0.271115243434906,-1,-1,-1
164,202,3548.079345703125,620.982666015625,22.2138671875,58.30682373046875,0.48263514041900635,-1,-1,-1
164,203,3495.407470703125,520.5671997070312,16.145751953125,29.77001953125,0.375160276889801,-1,-1,-1
164,205,3003.303466796875,528.5939331054688,21.808837890625,30.58392333984375,0.3709179759025574,-1,-1,-1
164,24,3460.93701171875,616.1471557617188,26.7177734375,59.0419921875,0.5759949088096619,-1,-1,-1
164,174,2992.202392578125,546.5140991210938,27.29052734375,52.069091796875,0.2905687391757965,-1,-1,-1
165,1,2219.190185546875,751.5358276367188,69.7958984375,100.17169189453125,0.7659621238708496,-1,-1,-1
165,2,2400.956787109375,583.258544921875,27.00146484375,54.48260498046875,0.37505218386650085,-1,-1,-1
165,3,3662.600341796875,803.691162109375,45.662353515625,110.729736328125,0.7441526651382446,-1,-1,-1
165,7,2888.14453125,627.4454956054688,24.838134765625,62.3348388671875,0.4078647494316101,-1,-1,-1
165,10,4089.343994140625,536.5160522460938,17.887939453125,28.397216796875,0.4279066324234009,-1,-1,-1
165,188,3604.7724609375,542.0325317382812,22.7509765625,74.7489013671875,0.4510832726955414,-1,-1,-1
165,121,3307.1591796875,527.5870971679688,20.95556640625,55.41253662109375,0.3676028847694397,-1,-1,-1
165,183,3070.424560546875,512.8494873046875,17.581787109375,33.16094970703125,0.26739928126335144,-1,-1,-1
165,202,3549.85693359375,621.2084350585938,20.72998046875,57.54351806640625,0.49132582545280457,-1,-1,-1
165,203,3495.777099609375,520.1493530273438,16.1748046875,32.36767578125,0.4208669066429138,-1,-1,-1
165,205,3003.364990234375,527.9141845703125,22.51708984375,29.8209228515625,0.3500988483428955,-1,-1,-1
165,24,3462.8603515625,616.3529052734375,26.28173828125,58.5880126953125,0.5748454928398132,-1,-1,-1
165,174,2992.478759765625,543.5665893554688,28.8623046875,56.40570068359375,0.28095099329948425,-1,-1,-1
165,207,2821.956298828125,503.0986022949219,15.449951171875,31.326995849609375,0.36696550250053406,-1,-1,-1
166,1,2221.503662109375,752.2249755859375,68.779052734375,99.37548828125,0.7843230366706848,-1,-1,-1
166,2,2404.057861328125,584.1234741210938,24.79736328125,52.67694091796875,0.45334839820861816,-1,-1,-1
166,3,3664.479736328125,804.1013793945312,44.957275390625,110.36358642578125,0.7676286101341248,-1,-1,-1
166,7,2889.138427734375,625.549560546875,25.036376953125,62.64569091796875,0.3753361999988556,-1,-1,-1
166,10,4089.24951171875,536.1677856445312,18.0634765625,28.74530029296875,0.43943533301353455,-1,-1,-1
166,188,3604.005126953125,540.5615844726562,23.553466796875,76.4229736328125,0.4756510257720947,-1,-1,-1
166,121,3307.722412109375,528.3082885742188,20.97705078125,55.0909423828125,0.3763369023799896,-1,-1,-1
166,202,3550.408203125,621.011962890625,20.91357421875,57.104248046875,0.48325639963150024,-1,-1,-1
166,203,3496.666015625,520.2726440429688,16.427978515625,30.22186279296875,0.37656334042549133,-1,-1,-1
166,205,3002.8291015625,527.0269165039062,23.852294921875,34.218017578125,0.40007492899894714,-1,-1,-1
166,24,3464.73779296875,617.157470703125,25.191650390625,57.27984619140625,0.5976735949516296,-1,-1,-1
166,174,2992.736083984375,540.4697875976562,29.99951171875,59.5892333984375,0.36399441957473755,-1,-1,-1
166,207,2823.72509765625,503.7713928222656,15.305419921875,30.792633056640625,0.37409594655036926,-1,-1,-1
167,1,2224.450439453125,751.96337890625,67.30908203125,99.6307373046875,0.7764276266098022,-1,-1,-1
167,2,2407.046875,583.3386840820312,23.784912109375,52.06219482421875,0.48529210686683655,-1,-1,-1
167,3,3666.03076171875,804.9931640625,44.475830078125,109.414306640625,0.7724136710166931,-1,-1,-1
167,7,2890.4931640625,623.5521240234375,25.747314453125,63.92559814453125,0.5105723738670349,-1,-1,-1
167,10,4089.343017578125,536.0406494140625,18.159912109375,28.8309326171875,0.4457350969314575,-1,-1,-1
167,188,3603.625732421875,539.227783203125,23.944091796875,77.5703125,0.48153048753738403,-1,-1,-1
167,121,3308.528564453125,529.010986328125,20.468994140625,52.71783447265625,0.3760100305080414,-1,-1,-1
167,202,3550.922119140625,620.8984375,22.167724609375,57.48974609375,0.5769827365875244,-1,-1,-1
167,203,3497.0947265625,520.1797485351562,17.171630859375,29.109375,0.3314741551876068,-1,-1,-1
167,205,3003.75537109375,527.1403198242188,24.126708984375,33.34100341796875,0.3927963078022003,-1,-1,-1
167,24,3467.479736328125,618.351318359375,23.57080078125,54.96893310546875,0.6286864280700684,-1,-1,-1
167,174,2992.7275390625,540.0164184570312,31.003173828125,59.9886474609375,0.3378846347332001,-1,-1,-1
167,207,2825.25048828125,503.55389404296875,14.91064453125,31.8111572265625,0.37013089656829834,-1,-1,-1
168,1,2230.202392578125,749.6892700195312,61.364990234375,101.2783203125,0.7386749982833862,-1,-1,-1
168,2,2408.486328125,583.0874633789062,25.97265625,52.14666748046875,0.5011298656463623,-1,-1,-1
168,3,3667.49072265625,805.0377807617188,43.841552734375,108.85137939453125,0.7649694681167603,-1,-1,-1
168,7,2894.00146484375,622.682373046875,25.17041015625,64.8980712890625,0.6073579788208008,-1,-1,-1
168,10,4089.41015625,536.107177734375,18.0615234375,28.59710693359375,0.4529065191745758,-1,-1,-1
168,188,3603.880615234375,538.9577026367188,23.609375,77.355712890625,0.44733086228370667,-1,-1,-1
168,121,3309.541015625,529.563720703125,19.66357421875,51.2144775390625,0.4208233952522278,-1,-1,-1
168,202,3551.4736328125,621.288330078125,22.58154296875,56.50885009765625,0.5621566772460938,-1,-1,-1
168,205,3004.52734375,527.1427001953125,23.921875,31.93695068359375,0.39560985565185547,-1,-1,-1
168,24,3469.820068359375,618.4295043945312,22.515380859375,54.40826416015625,0.6579813361167908,-1,-1,-1
168,174,2993.063232421875,540.302734375,30.866943359375,60.23052978515625,0.2881075441837311,-1,-1,-1
168,207,2826.823974609375,503.2337951660156,13.548828125,32.180633544921875,0.2911446988582611,-1,-1,-1
169,1,2235.99658203125,749.3712158203125,56.3046875,101.26953125,0.7353160381317139,-1,-1,-1
169,2,2409.928466796875,582.845458984375,28.0693359375,53.1651611328125,0.534798264503479,-1,-1,-1
169,3,3668.2373046875,804.565673828125,44.234130859375,108.6170654296875,0.780170738697052,-1,-1,-1
169,7,2896.400146484375,622.3440551757812,25.9287109375,65.08099365234375,0.6581966280937195,-1,-1,-1
169,10,4089.420166015625,536.1011352539062,18.114501953125,28.568603515625,0.45071518421173096,-1,-1,-1
169,188,3604.171875,538.6627807617188,23.3310546875,77.959228515625,0.4671468436717987,-1,-1,-1
169,121,3309.780029296875,530.3057250976562,19.55859375,50.27679443359375,0.4117948114871979,-1,-1,-1
169,202,3551.9990234375,621.0603637695312,22.746826171875,56.72686767578125,0.5580187439918518,-1,-1,-1
169,205,3002.733154296875,527.6130981445312,27.1689453125,46.912841796875,0.43728509545326233,-1,-1,-1
169,24,3471.219970703125,617.7183837890625,21.9970703125,54.77093505859375,0.6498839259147644,-1,-1,-1
169,174,2994.081298828125,535.5549926757812,32.039794921875,64.77459716796875,0.39540329575538635,-1,-1,-1
169,207,2827.736083984375,503.1405334472656,13.635986328125,32.466583251953125,0.32989561557769775,-1,-1,-1
169,178,2897.047119140625,539.44677734375,23.035888671875,47.35357666015625,0.30341637134552,-1,-1,-1
170,1,2242.986572265625,750.0152587890625,50.558349609375,100.9005126953125,0.7531063556671143,-1,-1,-1
170,2,2411.847412109375,583.659423828125,29.48046875,53.82342529296875,0.5715950131416321,-1,-1,-1
170,3,3669.098876953125,803.805908203125,44.253662109375,106.93212890625,0.7642165422439575,-1,-1,-1
170,7,2897.505126953125,622.9935913085938,27.082763671875,64.4893798828125,0.7151895761489868,-1,-1,-1
170,10,4089.46435546875,536.0684814453125,18.0693359375,28.57855224609375,0.44517067074775696,-1,-1,-1
170,188,3604.6064453125,538.8193359375,22.865234375,78.16705322265625,0.47124436497688293,-1,-1,-1
170,121,3310.198974609375,530.4448852539062,19.31982421875,48.82757568359375,0.3891855478286743,-1,-1,-1
170,202,3553.601318359375,620.6261596679688,21.821533203125,56.657470703125,0.5322895646095276,-1,-1,-1
170,205,3003.381103515625,528.1785888671875,27.988525390625,57.20916748046875,0.4294723570346832,-1,-1,-1
170,24,3475.12109375,617.5184326171875,18.202392578125,54.73687744140625,0.5928926467895508,-1,-1,-1
170,207,2827.992919921875,502.36871337890625,15.02392578125,32.9727783203125,0.34611499309539795,-1,-1,-1
170,178,2897.548583984375,538.8621215820312,22.917724609375,47.477294921875,0.3105837106704712,-1,-1,-1
171,1,2249.101318359375,749.704345703125,45.99951171875,101.12359619140625,0.7822880148887634,-1,-1,-1
171,2,2413.497314453125,584.9010009765625,31.27587890625,52.61328125,0.5534214973449707,-1,-1,-1
171,3,3669.841064453125,801.8992309570312,44.560791015625,107.416259765625,0.7528904676437378,-1,-1,-1
171,7,2898.739501953125,623.5333862304688,29.134765625,63.84881591796875,0.704567551612854,-1,-1,-1
171,10,4089.45263671875,536.0772094726562,18.09375,28.38427734375,0.43053823709487915,-1,-1,-1
171,188,3604.950927734375,538.9376220703125,22.5654296875,78.01287841796875,0.4679892957210541,-1,-1,-1
171,121,3310.26171875,529.9564819335938,19.4189453125,48.4835205078125,0.3536933660507202,-1,-1,-1
171,202,3555.870361328125,621.40625,20.811279296875,54.6055908203125,0.6174684762954712,-1,-1,-1
171,205,3005.69482421875,529.5069580078125,26.601806640625,52.92437744140625,0.4041502773761749,-1,-1,-1
171,24,3477.208984375,616.385986328125,17.0439453125,55.34625244140625,0.5787976384162903,-1,-1,-1
171,207,2828.330810546875,501.1255187988281,15.15771484375,35.594329833984375,0.2856962978839874,-1,-1,-1
171,178,2898.363525390625,537.8942260742188,23.138427734375,47.99554443359375,0.30716681480407715,-1,-1,-1
171,174,2995.134033203125,531.7616577148438,35.13134765625,68.94317626953125,0.3658140301704407,-1,-1,-1
172,1,2253.931884765625,748.7232666015625,42.87744140625,102.4774169921875,0.7438832521438599,-1,-1,-1
172,2,2414.545654296875,583.9410400390625,31.4677734375,53.72686767578125,0.5331153273582458,-1,-1,-1
172,3,3670.673583984375,800.8584594726562,44.73193359375,106.76434326171875,0.7451184988021851,-1,-1,-1
172,7,2899.47802734375,624.0647583007812,30.30517578125,62.229248046875,0.7251591682434082,-1,-1,-1
172,10,4089.466064453125,535.9762573242188,18.005615234375,28.50274658203125,0.4385172724723816,-1,-1,-1
172,188,3604.76611328125,538.6542358398438,22.853759765625,78.21575927734375,0.4783230721950531,-1,-1,-1
172,121,3310.730224609375,529.9664916992188,19.0458984375,49.091064453125,0.351904958486557,-1,-1,-1
172,202,3557.234375,620.96142578125,20.38037109375,56.05914306640625,0.5590347051620483,-1,-1,-1
172,205,3007.118896484375,529.3533325195312,25.951416015625,49.4901123046875,0.4060259163379669,-1,-1,-1
172,24,3478.716064453125,615.3055419921875,17.807373046875,56.088134765625,0.5867169499397278,-1,-1,-1
172,178,2898.656494140625,537.067138671875,24.01953125,48.900390625,0.2960765063762665,-1,-1,-1
172,174,2995.824462890625,538.8822021484375,31.684814453125,62.72747802734375,0.35899096727371216,-1,-1,-1
173,1,2258.44580078125,748.7263793945312,41.965576171875,102.39703369140625,0.7308017015457153,-1,-1,-1
173,2,2416.841552734375,583.9139404296875,30.429443359375,53.7158203125,0.47288841009140015,-1,-1,-1
173,3,3674.3486328125,799.533203125,41.960693359375,108.0889892578125,0.7508383393287659,-1,-1,-1
173,7,2901.064208984375,624.2075805664062,29.796630859375,61.63519287109375,0.6994353532791138,-1,-1,-1
173,10,4089.55126953125,535.9945068359375,17.87841796875,28.43505859375,0.441438227891922,-1,-1,-1
173,188,3604.818359375,538.279052734375,22.957763671875,78.25885009765625,0.48564329743385315,-1,-1,-1
173,121,3311.719482421875,530.1129760742188,18.700927734375,53.79901123046875,0.35780274868011475,-1,-1,-1
173,202,3557.93115234375,620.3497924804688,20.27294921875,55.3858642578125,0.5563594698905945,-1,-1,-1
173,205,3005.51708984375,529.626953125,28.598388671875,63.67047119140625,0.41766494512557983,-1,-1,-1
173,24,3479.45703125,614.128662109375,20.218017578125,57.43438720703125,0.5161299705505371,-1,-1,-1
173,178,2900.332763671875,536.7739868164062,22.521728515625,45.8734130859375,0.2793218493461609,-1,-1,-1
174,1,2261.4150390625,749.0986328125,42.709228515625,101.27459716796875,0.7173102498054504,-1,-1,-1
174,2,2419.506591796875,584.0784301757812,28.62646484375,53.67498779296875,0.41555362939834595,-1,-1,-1
174,3,3676.4697265625,798.6534423828125,40.43017578125,109.516357421875,0.7464891076087952,-1,-1,-1
174,7,2901.5205078125,623.6377563476562,31.560546875,62.45928955078125,0.7177269458770752,-1,-1,-1
174,10,4089.56591796875,535.9595336914062,17.71728515625,28.285400390625,0.43788135051727295,-1,-1,-1
174,188,3604.967529296875,538.22412109375,22.92578125,77.84051513671875,0.49998903274536133,-1,-1,-1
174,121,3312.6884765625,530.41455078125,18.08984375,55.54168701171875,0.3453856408596039,-1,-1,-1
174,202,3558.56884765625,620.8463134765625,21.642333984375,54.410888671875,0.5369982123374939,-1,-1,-1
174,205,3006.6982421875,529.1375122070312,27.99853515625,67.9228515625,0.3938027024269104,-1,-1,-1
174,24,3480.287109375,613.5421142578125,21.07421875,57.09521484375,0.4890374541282654,-1,-1,-1
174,178,2901.517333984375,537.1710815429688,21.681640625,42.99005126953125,0.3208509087562561,-1,-1,-1
174,207,2830.054931640625,501.54327392578125,19.237548828125,38.0379638671875,0.3071958124637604,-1,-1,-1
174,174,2998.749755859375,541.7572021484375,26.846435546875,58.82476806640625,0.38335099816322327,-1,-1,-1
175,1,2263.082275390625,749.0538940429688,44.949951171875,100.009521484375,0.7417644262313843,-1,-1,-1
175,2,2421.2880859375,584.900390625,30.206787109375,52.2784423828125,0.27944907546043396,-1,-1,-1
175,3,3680.452880859375,798.1820068359375,37.016357421875,109.69415283203125,0.7304450869560242,-1,-1,-1
175,7,2903.305419921875,622.9898681640625,31.667236328125,62.8870849609375,0.699880838394165,-1,-1,-1
175,10,4089.454345703125,535.9520263671875,17.808837890625,28.158447265625,0.4426368772983551,-1,-1,-1
175,188,3605.237060546875,538.5615234375,22.71240234375,76.07928466796875,0.49063876271247864,-1,-1,-1
175,121,3313.313232421875,529.867431640625,17.532958984375,56.65313720703125,0.3111626207828522,-1,-1,-1
175,202,3559.4677734375,621.1406860351562,22.3095703125,53.9571533203125,0.5307408571243286,-1,-1,-1
175,24,3480.7626953125,612.3495483398438,21.06591796875,57.75579833984375,0.5304438471794128,-1,-1,-1
175,178,2902.27880859375,538.2590942382812,22.144775390625,44.46795654296875,0.32568255066871643,-1,-1,-1
175,207,2830.521240234375,501.00653076171875,20.744873046875,38.30767822265625,0.34269899129867554,-1,-1,-1
175,174,2999.43359375,534.7217407226562,28.51708984375,64.17706298828125,0.416803240776062,-1,-1,-1
176,1,2265.65771484375,748.8230590820312,46.832275390625,99.92230224609375,0.7679774761199951,-1,-1,-1
176,2,2425.345947265625,584.2012329101562,28.611083984375,51.55450439453125,0.3496287167072296,-1,-1,-1
176,3,3683.77490234375,797.9452514648438,34.531005859375,108.43310546875,0.7124295234680176,-1,-1,-1
176,7,2906.77685546875,622.6691284179688,29.613525390625,62.8392333984375,0.6329557299613953,-1,-1,-1
176,10,4089.349853515625,535.8980102539062,17.881103515625,28.1005859375,0.4395194351673126,-1,-1,-1
176,188,3605.595947265625,539.6728515625,22.49072265625,73.43707275390625,0.4923703372478485,-1,-1,-1
176,121,3313.589111328125,527.7254638671875,17.0,52.6815185546875,0.32567575573921204,-1,-1,-1
176,202,3559.657470703125,620.056884765625,22.608154296875,53.9130859375,0.47412359714508057,-1,-1,-1
176,24,3482.11083984375,612.7781372070312,21.179931640625,56.7802734375,0.521870493888855,-1,-1,-1
176,178,2904.291748046875,538.8192749023438,21.741943359375,43.4747314453125,0.2711353003978729,-1,-1,-1
176,207,2831.47998046875,501.051025390625,20.623291015625,38.53851318359375,0.3262908160686493,-1,-1,-1
176,174,2999.442626953125,534.2868041992188,28.678466796875,64.51324462890625,0.36138060688972473,-1,-1,-1
176,212,3504.614501953125,522.6168212890625,13.497314453125,28.2005615234375,0.3213600516319275,-1,-1,-1
176,205,3008.516357421875,528.8821411132812,27.286376953125,66.47076416015625,0.371151328086853,-1,-1,-1
177,1,2266.738525390625,748.623779296875,52.703125,100.86737060546875,0.7531898021697998,-1,-1,-1
177,2,2427.970947265625,584.1436157226562,27.39453125,51.65557861328125,0.40836063027381897,-1,-1,-1
177,3,3685.532958984375,797.5881958007812,33.826416015625,106.59271240234375,0.6935670971870422,-1,-1,-1
177,7,2908.798583984375,622.1141967773438,28.748779296875,62.7615966796875,0.38239267468452454,-1,-1,-1
177,10,4089.07568359375,536.2510986328125,18.2353515625,27.614013671875,0.43195176124572754,-1,-1,-1
177,188,3605.88623046875,540.4591674804688,22.208740234375,71.79583740234375,0.47657594084739685,-1,-1,-1
177,121,3314.188232421875,525.72900390625,16.586181640625,51.52984619140625,0.30146223306655884,-1,-1,-1
177,202,3559.737548828125,619.4171142578125,23.695068359375,54.76434326171875,0.4205125570297241,-1,-1,-1
177,24,3483.858154296875,613.1176147460938,21.31640625,56.77899169921875,0.5105796456336975,-1,-1,-1
177,178,2905.656005859375,539.2127685546875,21.15869140625,41.299560546875,0.26521173119544983,-1,-1,-1
177,207,2832.36376953125,500.1731262207031,20.387939453125,37.750823974609375,0.2735006809234619,-1,-1,-1
177,174,3001.75927734375,532.9898681640625,26.079833984375,65.0196533203125,0.4947204291820526,-1,-1,-1
177,212,3504.83544921875,522.5079956054688,13.193115234375,28.0235595703125,0.3082680106163025,-1,-1,-1
178,1,2267.498046875,749.3304443359375,59.844970703125,100.37664794921875,0.7479299902915955,-1,-1,-1
178,2,2430.623046875,583.8992919921875,25.401123046875,52.99609375,0.45811784267425537,-1,-1,-1
178,3,3687.56689453125,797.1941528320312,32.950439453125,104.281982421875,0.6747726202011108,-1,-1,-1
178,7,2911.467529296875,621.7207641601562,28.632568359375,64.687744140625,0.47815826535224915,-1,-1,-1
178,10,4088.99609375,536.149658203125,18.3447265625,27.74835205078125,0.43598464131355286,-1,-1,-1
178,188,3606.082763671875,541.2427368164062,21.98095703125,70.550048828125,0.4539651572704315,-1,-1,-1
178,121,3314.824951171875,527.8207397460938,17.2841796875,55.211669921875,0.3727090656757355,-1,-1,-1
178,202,3559.802490234375,618.7054443359375,24.838134765625,55.9779052734375,0.3887425661087036,-1,-1,-1
178,24,3485.47412109375,614.2155151367188,21.924072265625,55.755615234375,0.49655139446258545,-1,-1,-1
178,178,2907.261474609375,537.4453125,21.22705078125,47.29669189453125,0.3527323305606842,-1,-1,-1
178,207,2832.957763671875,499.3728332519531,20.159912109375,38.262481689453125,0.29255247116088867,-1,-1,-1
178,174,3003.252197265625,532.0843505859375,25.23388671875,66.20703125,0.5106706023216248,-1,-1,-1
178,212,3505.0849609375,522.576904296875,13.79248046875,28.1690673828125,0.31553685665130615,-1,-1,-1
179,1,2268.273193359375,749.8156127929688,65.887939453125,99.57177734375,0.7179298400878906,-1,-1,-1
179,2,2434.42236328125,582.8372192382812,23.503173828125,55.5228271484375,0.5449581742286682,-1,-1,-1
179,3,3689.218017578125,796.7896728515625,32.479736328125,105.1822509765625,0.6639355421066284,-1,-1,-1
179,7,2914.121337890625,621.3287963867188,26.992919921875,63.57073974609375,0.367229163646698,-1,-1,-1
179,10,4088.779541015625,535.959228515625,18.594482421875,27.82440185546875,0.4266173541545868,-1,-1,-1
179,188,3605.98095703125,541.2123413085938,22.062255859375,70.181640625,0.45502233505249023,-1,-1,-1
179,121,3315.02978515625,527.800537109375,17.7607421875,56.530029296875,0.35946106910705566,-1,-1,-1
179,202,3559.775146484375,617.5613403320312,25.496826171875,58.47833251953125,0.34258171916007996,-1,-1,-1
179,24,3485.64892578125,614.6520385742188,24.173583984375,56.14117431640625,0.42944395542144775,-1,-1,-1
179,178,2908.62841796875,535.6141967773438,20.95654296875,49.39501953125,0.27027183771133423,-1,-1,-1
179,174,3004.3125,534.1846313476562,23.762939453125,63.97076416015625,0.4554709494113922,-1,-1,-1
179,212,3505.17919921875,522.2481079101562,16.54345703125,28.236083984375,0.32670360803604126,-1,-1,-1
180,1,2269.25830078125,750.207763671875,67.865234375,99.03955078125,0.7404264211654663,-1,-1,-1
180,2,2436.37890625,581.67041015625,23.45166015625,56.4202880859375,0.6177158951759338,-1,-1,-1
180,3,3690.0126953125,797.1416625976562,32.81103515625,106.687255859375,0.6557216644287109,-1,-1,-1
180,7,2917.444580078125,620.5810546875,24.390380859375,61.94091796875,0.3844006359577179,-1,-1,-1
180,10,4088.685302734375,535.7859497070312,18.702880859375,27.919677734375,0.43201661109924316,-1,-1,-1
180,188,3605.69091796875,540.6160888671875,22.3974609375,69.0709228515625,0.5039533376693726,-1,-1,-1
180,121,3315.331787109375,525.7683715820312,17.520751953125,54.33587646484375,0.38465049862861633,-1,-1,-1
180,24,3486.45849609375,614.3698120117188,24.507568359375,56.80120849609375,0.485736221075058,-1,-1,-1
180,178,2909.501708984375,534.53369140625,21.477294921875,51.73291015625,0.3162274658679962,-1,-1,-1
180,174,3005.125,534.7017822265625,23.043212890625,63.50177001953125,0.4592532515525818,-1,-1,-1
180,212,3505.24658203125,522.4285278320312,18.7509765625,28.67413330078125,0.3316196799278259,-1,-1,-1
181,1,2271.842529296875,750.0488891601562,67.320556640625,98.90985107421875,0.7351318597793579,-1,-1,-1
181,2,2438.907470703125,581.5972290039062,23.780517578125,56.70098876953125,0.6337871551513672,-1,-1,-1
181,3,3691.290283203125,796.7340698242188,33.13330078125,107.40692138671875,0.6591454744338989,-1,-1,-1
181,7,2921.733154296875,619.2079467773438,21.462158203125,63.70184326171875,0.5075969696044922,-1,-1,-1
181,10,4088.4755859375,535.517578125,18.89697265625,28.22674560546875,0.4404583275318146,-1,-1,-1
181,188,3605.70654296875,540.0067749023438,22.397216796875,68.443603515625,0.471171110868454,-1,-1,-1
181,121,3315.507568359375,524.98388671875,17.765869140625,52.821533203125,0.3362025022506714,-1,-1,-1
181,24,3487.7353515625,614.7553100585938,23.740478515625,56.44561767578125,0.543923020362854,-1,-1,-1
181,178,2909.908447265625,533.9212036132812,22.0458984375,52.1719970703125,0.2783934473991394,-1,-1,-1
181,174,3005.8154296875,535.9987182617188,22.5263671875,62.60491943359375,0.5087950825691223,-1,-1,-1
181,212,3505.3330078125,521.1785278320312,19.317138671875,29.69317626953125,0.306318998336792,-1,-1,-1
182,1,2274.86962890625,749.2791137695312,63.734375,98.98370361328125,0.7134196162223816,-1,-1,-1
182,2,2440.986572265625,581.714111328125,24.22021484375,58.5186767578125,0.6035372018814087,-1,-1,-1
182,3,3691.83447265625,796.9420166015625,34.005859375,106.1295166015625,0.6759604811668396,-1,-1,-1
182,7,2924.036376953125,618.895751953125,21.525146484375,64.64263916015625,0.4846572279930115,-1,-1,-1
182,10,4088.34033203125,535.3516235351562,18.93701171875,28.306396484375,0.4223109483718872,-1,-1,-1
182,188,3605.61865234375,539.5577392578125,22.544189453125,66.14654541015625,0.41854605078697205,-1,-1,-1
182,121,3315.563720703125,525.1209106445312,18.429443359375,51.70281982421875,0.2819844186306,-1,-1,-1
182,24,3489.963623046875,614.092529296875,22.39208984375,56.5601806640625,0.5513355731964111,-1,-1,-1
182,174,3006.6171875,537.888427734375,21.8330078125,60.0208740234375,0.49829742312431335,-1,-1,-1
182,212,3505.55126953125,520.7208251953125,20.012451171875,29.94976806640625,0.2619595527648926,-1,-1,-1
182,202,3565.608154296875,620.1990356445312,24.73828125,56.72894287109375,0.41943350434303284,-1,-1,-1
183,1,2277.786865234375,747.8861694335938,59.978759765625,99.74932861328125,0.7490436434745789,-1,-1,-1
183,2,2442.941162109375,582.4943237304688,25.847900390625,58.0943603515625,0.6348058581352234,-1,-1,-1
183,3,3692.066162109375,797.2088623046875,35.4130859375,105.43377685546875,0.6653068661689758,-1,-1,-1
183,7,2925.008544921875,619.6824951171875,24.453857421875,64.0389404296875,0.6304832100868225,-1,-1,-1
183,10,4088.322509765625,534.894775390625,19.103759765625,28.78582763671875,0.45185837149620056,-1,-1,-1
183,188,3605.491455078125,538.9112548828125,22.66748046875,65.531494140625,0.47240719199180603,-1,-1,-1
183,121,3315.65380859375,525.2620849609375,19.227294921875,52.01361083984375,0.31852707266807556,-1,-1,-1
183,24,3492.08203125,612.9307250976562,20.899658203125,57.3984375,0.5611051321029663,-1,-1,-1
183,174,3008.4609375,532.8466186523438,24.5146484375,65.34027099609375,0.5627568960189819,-1,-1,-1
183,212,3505.427490234375,520.7905883789062,20.091796875,29.40533447265625,0.2740175426006317,-1,-1,-1
183,202,3566.541748046875,621.1863403320312,24.664794921875,56.2393798828125,0.3690510094165802,-1,-1,-1
184,1,2282.89892578125,746.3157348632812,53.435302734375,100.2427978515625,0.7411239147186279,-1,-1,-1
184,2,2444.86474609375,581.8215942382812,26.560791015625,58.173583984375,0.6374724507331848,-1,-1,-1
184,3,3692.99658203125,797.4052734375,38.8603515625,104.94781494140625,0.6866371631622314,-1,-1,-1
184,7,2926.4814453125,619.7418823242188,26.8896484375,64.289794921875,0.6608781814575195,-1,-1,-1
184,10,4088.22607421875,534.8283081054688,19.2353515625,28.89105224609375,0.45399799942970276,-1,-1,-1
184,188,3605.556884765625,538.2896728515625,22.644287109375,65.5035400390625,0.4838758409023285,-1,-1,-1
184,121,3315.731201171875,525.4915161132812,20.052978515625,52.25732421875,0.3014999032020569,-1,-1,-1
184,24,3493.091796875,612.183349609375,20.625732421875,57.74444580078125,0.5854928493499756,-1,-1,-1
184,174,3009.57080078125,533.2068481445312,25.344482421875,65.0013427734375,0.5756298303604126,-1,-1,-1
184,202,3567.005126953125,621.2482299804688,24.751953125,56.07061767578125,0.5095710754394531,-1,-1,-1
185,1,2289.484375,745.5426635742188,46.806640625,99.79278564453125,0.7689414620399475,-1,-1,-1
185,2,2446.367431640625,580.5333251953125,27.61083984375,57.88262939453125,0.5591781139373779,-1,-1,-1
185,3,3692.94091796875,798.3663940429688,43.814453125,104.41937255859375,0.676231861114502,-1,-1,-1
185,7,2926.915771484375,620.599365234375,31.226318359375,63.29345703125,0.6305015683174133,-1,-1,-1
185,10,4088.14892578125,534.7973022460938,19.3896484375,29.06024169921875,0.4618658125400543,-1,-1,-1
185,188,3605.697265625,537.5977172851562,22.54541015625,65.97113037109375,0.4954107999801636,-1,-1,-1
185,121,3315.8212890625,525.1791381835938,21.486328125,52.80914306640625,0.2934708297252655,-1,-1,-1
185,24,3494.88671875,612.1622924804688,20.5146484375,57.581787109375,0.6413914561271667,-1,-1,-1
185,174,3011.11376953125,532.3185424804688,26.65283203125,64.9090576171875,0.6301140785217285,-1,-1,-1
185,202,3567.094970703125,620.8525390625,25.16650390625,56.9161376953125,0.5329432487487793,-1,-1,-1
186,1,2296.180419921875,745.1847534179688,42.055908203125,99.41827392578125,0.7761926651000977,-1,-1,-1
186,2,2447.05419921875,580.8589477539062,29.778564453125,56.55303955078125,0.44903990626335144,-1,-1,-1
186,3,3692.95849609375,797.7605590820312,47.18603515625,105.756591796875,0.652850329875946,-1,-1,-1
186,7,2927.724365234375,620.9461059570312,33.409423828125,62.19622802734375,0.5789112448692322,-1,-1,-1
186,10,4088.068603515625,534.8038330078125,19.400146484375,29.13067626953125,0.45199906826019287,-1,-1,-1
186,188,3605.765869140625,537.3811645507812,22.616943359375,65.97113037109375,0.4661214053630829,-1,-1,-1
186,24,3496.494873046875,610.6651000976562,21.505126953125,59.388427734375,0.650787889957428,-1,-1,-1
186,174,3012.527587890625,531.8294677734375,27.562255859375,65.4732666015625,0.5936187505722046,-1,-1,-1
186,202,3568.038818359375,620.6401977539062,24.607177734375,57.2249755859375,0.49345657229423523,-1,-1,-1
187,1,2301.582275390625,745.9004516601562,39.91064453125,98.88409423828125,0.7431825995445251,-1,-1,-1
187,2,2447.239013671875,581.6199340820312,32.80517578125,54.97296142578125,0.35322827100753784,-1,-1,-1
187,3,3692.88232421875,797.7236328125,47.39794921875,106.0076904296875,0.6109995245933533,-1,-1,-1
187,7,2926.798583984375,620.10205078125,35.803466796875,63.64227294921875,0.5594123601913452,-1,-1,-1
187,10,4088.055419921875,534.8432006835938,19.295166015625,29.09161376953125,0.4506937563419342,-1,-1,-1
187,188,3606.464599609375,538.9271240234375,22.10302734375,63.2838134765625,0.43274053931236267,-1,-1,-1
187,24,3498.8291015625,610.8640747070312,21.237060546875,58.6114501953125,0.6555691957473755,-1,-1,-1
187,174,3014.809326171875,531.8389892578125,26.101806640625,65.07391357421875,0.6054180860519409,-1,-1,-1
187,202,3568.824462890625,619.204345703125,24.917236328125,58.84808349609375,0.5504422187805176,-1,-1,-1
187,178,2916.662109375,532.1739501953125,25.213623046875,55.13568115234375,0.26380300521850586,-1,-1,-1
188,1,2304.19873046875,746.1407470703125,41.445556640625,100.3072509765625,0.741050660610199,-1,-1,-1
188,2,2452.32080078125,581.3284301757812,29.995361328125,52.2620849609375,0.40979984402656555,-1,-1,-1
188,3,3694.701171875,798.6691284179688,45.6005859375,105.0462646484375,0.6403852105140686,-1,-1,-1
188,7,2926.68212890625,619.6176147460938,37.229248046875,63.2275390625,0.5699572563171387,-1,-1,-1
188,10,4088.017578125,534.9304809570312,19.08984375,29.04205322265625,0.451956182718277,-1,-1,-1
188,188,3606.40185546875,539.7380981445312,22.156982421875,62.43572998046875,0.4137107729911804,-1,-1,-1
188,24,3500.198974609375,611.7465209960938,21.34765625,57.9796142578125,0.6425800919532776,-1,-1,-1
188,174,3016.254638671875,531.15771484375,25.45263671875,65.97412109375,0.5882091522216797,-1,-1,-1
188,202,3571.196044921875,619.5584716796875,23.267578125,57.2872314453125,0.5445711612701416,-1,-1,-1
188,178,2917.17236328125,531.726318359375,25.541015625,56.0413818359375,0.2693198621273041,-1,-1,-1
189,1,2306.491455078125,746.8468017578125,44.22802734375,102.4449462890625,0.7692957520484924,-1,-1,-1
189,2,2455.458251953125,582.5321044921875,28.6533203125,49.5115966796875,0.44978177547454834,-1,-1,-1
189,3,3695.344482421875,798.591796875,46.0966796875,104.37322998046875,0.7117415070533752,-1,-1,-1
189,7,2927.5341796875,618.9251708984375,38.480224609375,64.23370361328125,0.5474023818969727,-1,-1,-1
189,10,4087.99169921875,535.6224365234375,19.1337890625,28.386962890625,0.4391684830188751,-1,-1,-1
189,188,3607.0390625,540.5177001953125,21.52978515625,61.12109375,0.411912739276886,-1,-1,-1
189,24,3500.865234375,611.7599487304688,21.962158203125,58.86798095703125,0.6738592386245728,-1,-1,-1
189,174,3017.87890625,530.748046875,24.7900390625,65.77947998046875,0.5052422881126404,-1,-1,-1
189,202,3572.645263671875,618.9782104492188,22.879638671875,59.3629150390625,0.6269599199295044,-1,-1,-1
189,178,2917.891357421875,532.28369140625,25.118408203125,55.91827392578125,0.26815396547317505,-1,-1,-1
189,207,2846.24951171875,496.86175537109375,15.363037109375,35.15191650390625,0.3607933819293976,-1,-1,-1
190,1,2309.293701171875,746.8128662109375,46.517578125,101.52044677734375,0.7671994566917419,-1,-1,-1
190,2,2458.885498046875,583.1909790039062,25.90673828125,47.41412353515625,0.4548574686050415,-1,-1,-1
190,3,3695.294189453125,798.3832397460938,45.37060546875,103.11566162109375,0.6431332230567932,-1,-1,-1
190,7,2933.926025390625,617.721923828125,32.759765625,66.5394287109375,0.43777692317962646,-1,-1,-1
190,10,4087.959228515625,535.91650390625,19.097412109375,27.942138671875,0.4238213896751404,-1,-1,-1
190,188,3607.605224609375,542.0098266601562,20.9541015625,58.8250732421875,0.38450390100479126,-1,-1,-1
190,24,3501.93798828125,611.8966674804688,22.134765625,59.5140380859375,0.6878650188446045,-1,-1,-1
190,174,3018.619873046875,530.8777465820312,24.54052734375,65.53936767578125,0.3849708139896393,-1,-1,-1
190,202,3573.390625,617.5107421875,23.141357421875,58.92864990234375,0.5116322636604309,-1,-1,-1
190,178,2918.375732421875,532.4502563476562,24.7685546875,53.80657958984375,0.2617511749267578,-1,-1,-1
190,207,2847.46533203125,498.4334411621094,14.910888671875,31.532257080078125,0.3324155807495117,-1,-1,-1
191,1,2310.863525390625,746.9227905273438,50.73046875,100.0433349609375,0.7699393630027771,-1,-1,-1
191,2,2461.244140625,582.3289794921875,25.92529296875,49.228515625,0.4844135046005249,-1,-1,-1
191,3,3696.2392578125,797.3394775390625,44.67626953125,102.7691650390625,0.6858254671096802,-1,-1,-1
191,7,2936.43212890625,616.5634155273438,32.6171875,66.71533203125,0.39722585678100586,-1,-1,-1
191,10,4087.9609375,536.064208984375,19.10546875,27.8541259765625,0.4281057119369507,-1,-1,-1
191,188,3607.78271484375,541.86962890625,20.634765625,57.8482666015625,0.3672279417514801,-1,-1,-1
191,24,3503.181396484375,611.0695190429688,23.55126953125,60.647216796875,0.6860513687133789,-1,-1,-1
191,202,3574.085205078125,616.791259765625,23.455810546875,58.72906494140625,0.4768895208835602,-1,-1,-1
191,207,2848.970458984375,497.7619323730469,14.6640625,29.078643798828125,0.33174777030944824,-1,-1,-1
192,1,2312.68701171875,747.0956420898438,54.18115234375,99.35015869140625,0.758407711982727,-1,-1,-1
192,2,2464.59326171875,581.6863403320312,26.53173828125,51.9364013671875,0.5664728283882141,-1,-1,-1
192,3,3699.699951171875,797.4782104492188,41.71337890625,101.99957275390625,0.6749168634414673,-1,-1,-1
192,7,2941.375,616.2637329101562,28.66455078125,67.02557373046875,0.44108983874320984,-1,-1,-1
192,10,4088.06494140625,536.1345825195312,19.037109375,27.60614013671875,0.40045395493507385,-1,-1,-1
192,188,3607.5859375,542.4586181640625,20.675048828125,56.9298095703125,0.3333246409893036,-1,-1,-1
192,24,3504.22998046875,611.029541015625,24.380859375,60.58056640625,0.6549487113952637,-1,-1,-1
192,202,3574.59814453125,616.92431640625,24.095458984375,57.5523681640625,0.4634056091308594,-1,-1,-1
192,207,2849.81982421875,497.1831970214844,14.737060546875,30.046356201171875,0.3628159761428833,-1,-1,-1
193,1,2314.3076171875,747.5829467773438,55.998779296875,98.8370361328125,0.7630062103271484,-1,-1,-1
193,2,2467.98291015625,581.5169067382812,24.124267578125,52.53692626953125,0.6121634244918823,-1,-1,-1
193,3,3701.745849609375,796.54052734375,41.853515625,102.62255859375,0.6259816288948059,-1,-1,-1
193,7,2946.459228515625,616.2112426757812,24.265380859375,66.6204833984375,0.3006930649280548,-1,-1,-1
193,10,4088.114013671875,536.1358032226562,19.005615234375,27.44696044921875,0.3869111239910126,-1,-1,-1
193,188,3607.144287109375,543.153564453125,20.946044921875,56.3763427734375,0.3411043882369995,-1,-1,-1
193,24,3505.01318359375,610.1705932617188,24.85107421875,61.3272705078125,0.583193838596344,-1,-1,-1
193,202,3575.074462890625,617.2514038085938,24.69580078125,55.893310546875,0.4376785457134247,-1,-1,-1
193,207,2850.71923828125,497.03790283203125,14.8017578125,28.613037109375,0.35656049847602844,-1,-1,-1
193,174,3023.781005859375,530.6983032226562,24.737548828125,59.02392578125,0.2866489291191101,-1,-1,-1
193,178,2922.785888671875,533.9083862304688,21.167724609375,50.8326416015625,0.2728867530822754,-1,-1,-1
194,1,2315.521728515625,748.3192749023438,57.826416015625,98.02349853515625,0.7657177448272705,-1,-1,-1
194,2,2469.426513671875,581.2007446289062,23.72265625,52.85205078125,0.6143593192100525,-1,-1,-1
194,3,3703.38720703125,796.4020385742188,41.6005859375,103.35711669921875,0.6469549536705017,-1,-1,-1
194,7,2950.285888671875,616.141845703125,21.5966796875,66.85211181640625,0.4809947907924652,-1,-1,-1
194,10,4088.130126953125,536.05078125,18.965087890625,27.514404296875,0.3836387097835541,-1,-1,-1
194,188,3606.42724609375,542.0899047851562,21.460205078125,58.74041748046875,0.3171907365322113,-1,-1,-1
194,24,3505.479248046875,609.9030151367188,25.402587890625,61.80914306640625,0.5160641074180603,-1,-1,-1
194,202,3575.656494140625,616.5460815429688,24.78564453125,55.5697021484375,0.43701016902923584,-1,-1,-1
194,207,2851.317138671875,497.7247314453125,15.72705078125,26.30657958984375,0.3383654057979584,-1,-1,-1
194,174,3025.208984375,530.829833984375,24.193359375,52.96551513671875,0.2932252883911133,-1,-1,-1
194,178,2923.685302734375,534.132568359375,20.364990234375,50.63165283203125,0.2716521918773651,-1,-1,-1
195,1,2318.019775390625,748.7029418945312,56.68408203125,97.68426513671875,0.7507949471473694,-1,-1,-1
195,2,2472.24462890625,579.6734619140625,21.724609375,54.661376953125,0.6846562623977661,-1,-1,-1
195,3,3708.47998046875,796.3154907226562,39.17578125,105.75390625,0.6901573538780212,-1,-1,-1
195,7,2951.25341796875,616.4234008789062,22.93310546875,66.7681884765625,0.5623339414596558,-1,-1,-1
195,10,4088.091796875,535.8866577148438,19.00390625,27.6224365234375,0.39441391825675964,-1,-1,-1
195,188,3606.60546875,541.4636840820312,21.26611328125,59.196044921875,0.3190182149410248,-1,-1,-1
195,24,3505.9130859375,609.9348754882812,25.173095703125,61.8177490234375,0.4089658260345459,-1,-1,-1
195,202,3576.852294921875,615.6550903320312,24.207275390625,55.982177734375,0.48535478115081787,-1,-1,-1
195,207,2852.2177734375,498.3226623535156,15.986083984375,25.126312255859375,0.35553523898124695,-1,-1,-1
195,174,3026.14501953125,530.9078369140625,23.80517578125,51.445556640625,0.32214048504829407,-1,-1,-1
195,178,2923.66748046875,533.9478149414062,21.18408203125,50.9310302734375,0.2633107900619507,-1,-1,-1
196,1,2320.488037109375,748.5550537109375,54.26318359375,98.07080078125,0.75372713804245,-1,-1,-1
196,2,2475.021240234375,578.7455444335938,21.610595703125,55.7265625,0.642305850982666,-1,-1,-1
196,3,3711.96728515625,796.3837280273438,37.580078125,106.15252685546875,0.7067444324493408,-1,-1,-1
196,7,2952.147216796875,616.5753173828125,24.5888671875,66.64642333984375,0.6049118041992188,-1,-1,-1
196,10,4088.042236328125,536.0353393554688,19.025634765625,27.4820556640625,0.4013165831565857,-1,-1,-1
196,188,3606.941162109375,540.9508056640625,21.113037109375,59.7030029296875,0.3428970277309418,-1,-1,-1
196,24,3509.932861328125,608.8963012695312,25.708251953125,62.92657470703125,0.35852640867233276,-1,-1,-1
196,202,3578.05126953125,615.7351684570312,24.05517578125,55.0345458984375,0.4627786874771118,-1,-1,-1
196,207,2853.835693359375,500.0425109863281,15.220703125,21.979339599609375,0.29052531719207764,-1,-1,-1
196,174,3027.48486328125,529.96484375,22.85107421875,49.877197265625,0.33492130041122437,-1,-1,-1
196,178,2923.49169921875,533.619384765625,21.986083984375,52.06939697265625,0.25727108120918274,-1,-1,-1
197,1,2325.793701171875,748.1234741210938,49.49951171875,98.7506103515625,0.7709996700286865,-1,-1,-1
197,2,2476.835693359375,577.697265625,23.125,55.91986083984375,0.4686473309993744,-1,-1,-1
197,3,3713.839111328125,797.0499877929688,38.330810546875,106.58587646484375,0.7303466796875,-1,-1,-1
197,7,2953.865234375,616.8404541015625,26.67919921875,66.09161376953125,0.7039578557014465,-1,-1,-1
197,10,4088.06201171875,536.0731811523438,19.00439453125,27.58038330078125,0.4279159605503082,-1,-1,-1
197,188,3606.806396484375,540.9397583007812,21.394775390625,59.3861083984375,0.37586405873298645,-1,-1,-1
197,24,3510.7392578125,608.9569091796875,27.56591796875,62.17633056640625,0.3483492434024811,-1,-1,-1
197,202,3578.607177734375,615.583740234375,24.87158203125,55.6883544921875,0.4721013903617859,-1,-1,-1
197,207,2854.64794921875,500.3968200683594,14.78857421875,21.211456298828125,0.2859896421432495,-1,-1,-1
197,174,3029.19677734375,529.3443603515625,21.396240234375,52.7781982421875,0.4097525477409363,-1,-1,-1
197,178,2923.60986328125,533.551025390625,22.40869140625,52.0213623046875,0.308048814535141,-1,-1,-1
197,218,3103.748046875,512.5736083984375,18.175048828125,25.28106689453125,0.33495089411735535,-1,-1,-1
198,1,2330.522216796875,746.8403930664062,45.399658203125,100.7811279296875,0.7827229499816895,-1,-1,-1
198,2,2477.193603515625,576.9115600585938,25.934326171875,57.0936279296875,0.3268800973892212,-1,-1,-1
198,3,3716.309814453125,796.6904907226562,39.181640625,106.771240234375,0.7113379836082458,-1,-1,-1
198,7,2955.34130859375,616.7086791992188,28.975830078125,66.14361572265625,0.6986451745033264,-1,-1,-1
198,10,4088.076904296875,535.9359130859375,18.928466796875,27.80908203125,0.43569841980934143,-1,-1,-1
198,188,3606.53955078125,540.7813720703125,21.43115234375,59.3326416015625,0.3716883659362793,-1,-1,-1
198,24,3512.598876953125,608.8360595703125,26.292236328125,61.70367431640625,0.4490986764431,-1,-1,-1
198,202,3579.17529296875,616.001708984375,25.654052734375,54.04864501953125,0.4612722098827362,-1,-1,-1
198,207,2854.619384765625,500.755859375,15.08740234375,22.874267578125,0.2964077591896057,-1,-1,-1
198,174,3028.81884765625,528.9522094726562,22.171630859375,58.4124755859375,0.42802760004997253,-1,-1,-1
198,178,2923.865478515625,534.1141967773438,22.643798828125,51.210693359375,0.3075803816318512,-1,-1,-1
198,218,3105.129638671875,511.98046875,17.535400390625,26.828125,0.4218788146972656,-1,-1,-1
199,1,2334.704833984375,746.1587524414062,42.51953125,101.82684326171875,0.7583538889884949,-1,-1,-1
199,2,2480.06689453125,577.6956176757812,26.530517578125,54.23895263671875,0.34127378463745117,-1,-1,-1
199,3,3718.70458984375,797.354736328125,38.461669921875,106.41680908203125,0.725597083568573,-1,-1,-1
199,7,2956.45361328125,616.6452026367188,30.47412109375,65.0758056640625,0.6610521674156189,-1,-1,-1
199,10,4088.220947265625,536.16162109375,18.645263671875,27.69793701171875,0.4396752417087555,-1,-1,-1
199,188,3606.580810546875,540.5652465820312,21.038330078125,59.49249267578125,0.3816567659378052,-1,-1,-1
199,24,3514.138916015625,608.450927734375,25.125,61.47161865234375,0.500849723815918,-1,-1,-1
199,202,3579.9775390625,616.3900146484375,25.697509765625,52.66827392578125,0.3894199728965759,-1,-1,-1
199,207,2854.110595703125,499.4432678222656,15.778564453125,26.355438232421875,0.3283323347568512,-1,-1,-1
199,174,3031.64111328125,528.9402465820312,19.28662109375,58.66162109375,0.40943431854248047,-1,-1,-1
199,178,2923.638671875,533.9957885742188,24.6044921875,52.05853271484375,0.3041583299636841,-1,-1,-1
199,218,3106.841552734375,512.6708984375,17.927978515625,24.89837646484375,0.3041268587112427,-1,-1,-1
200,1,2339.737060546875,746.110107421875,37.755859375,102.185546875,0.7145282626152039,-1,-1,-1
200,2,2482.352783203125,578.2716064453125,26.60009765625,52.44049072265625,0.4377250373363495,-1,-1,-1
200,3,3720.12548828125,798.8501586914062,38.45556640625,105.40869140625,0.6917480826377869,-1,-1,-1
200,7,2956.927978515625,616.6874389648438,31.529296875,64.7276611328125,0.5923908948898315,-1,-1,-1
200,10,4088.07470703125,536.353271484375,18.5859375,27.9422607421875,0.45606258511543274,-1,-1,-1
200,188,3606.54833984375,540.6068725585938,20.72607421875,59.99237060546875,0.3672036826610565,-1,-1,-1
200,24,3515.554443359375,609.982421875,24.039794921875,59.31463623046875,0.5256742835044861,-1,-1,-1
200,202,3580.412841796875,616.9002685546875,25.0810546875,52.290283203125,0.3729439973831177,-1,-1,-1
200,174,3032.239990234375,529.1220092773438,19.534912109375,60.74468994140625,0.4807876646518707,-1,-1,-1
200,178,2924.11865234375,533.65966796875,24.974365234375,52.4735107421875,0.30911943316459656,-1,-1,-1
200,218,3107.76416015625,513.2758178710938,18.572265625,24.772216796875,0.3227446377277374,-1,-1,-1
201,1,2342.862060546875,746.0696411132812,36.667236328125,102.0926513671875,0.70887690782547,-1,-1,-1
201,2,2484.10986328125,578.4497680664062,26.927978515625,51.85980224609375,0.48019471764564514,-1,-1,-1
201,3,3721.203369140625,799.6570434570312,38.232666015625,103.908203125,0.7256160974502563,-1,-1,-1
201,7,2957.8017578125,616.1851196289062,31.619140625,63.9302978515625,0.5697550177574158,-1,-1,-1
201,10,4087.9892578125,536.2843627929688,18.61865234375,27.88232421875,0.4710308909416199,-1,-1,-1
201,188,3606.147216796875,540.4324951171875,20.92138671875,60.5574951171875,0.3658287227153778,-1,-1,-1
201,24,3517.883056640625,610.5762329101562,21.55322265625,58.20147705078125,0.5883254408836365,-1,-1,-1
201,202,3580.6240234375,616.7096557617188,25.308837890625,53.0335693359375,0.3817709684371948,-1,-1,-1
201,174,3033.2265625,528.28271484375,18.717529296875,60.8575439453125,0.525373101234436,-1,-1,-1
201,178,2924.76708984375,533.6766967773438,24.2529296875,51.03570556640625,0.3032623827457428,-1,-1,-1
201,218,3108.267333984375,512.7130126953125,19.455810546875,24.11663818359375,0.2952982783317566,-1,-1,-1
202,1,2345.4912109375,746.410888671875,38.689453125,101.182861328125,0.7718539237976074,-1,-1,-1
202,2,2485.934326171875,578.4160766601562,26.7236328125,51.9520263671875,0.49839892983436584,-1,-1,-1
202,3,3723.009521484375,800.0510864257812,37.9609375,101.5697021484375,0.7777373194694519,-1,-1,-1
202,7,2958.78173828125,615.5125732421875,32.16650390625,63.87225341796875,0.5293080806732178,-1,-1,-1
202,10,4088.164794921875,536.2906494140625,18.788818359375,27.81549072265625,0.5003523826599121,-1,-1,-1
202,188,3605.590087890625,540.1405639648438,21.111572265625,61.469970703125,0.34870123863220215,-1,-1,-1
202,24,3519.570556640625,607.3951416015625,19.755126953125,59.9459228515625,0.6510685682296753,-1,-1,-1
202,202,3581.375,616.1242065429688,25.182861328125,53.0037841796875,0.39582446217536926,-1,-1,-1
202,174,3033.435546875,527.993896484375,19.7783203125,62.39215087890625,0.6298792958259583,-1,-1,-1
202,178,2925.827392578125,532.8912353515625,23.8408203125,48.30975341796875,0.3258974552154541,-1,-1,-1
202,218,3109.931884765625,513.1705932617188,18.1591796875,23.5853271484375,0.2839789390563965,-1,-1,-1
203,1,2346.968017578125,745.9550170898438,41.697509765625,100.73223876953125,0.805688202381134,-1,-1,-1
203,2,2487.59423828125,578.4268188476562,30.16357421875,51.4398193359375,0.5115455389022827,-1,-1,-1
203,3,3723.995361328125,799.7651977539062,38.291015625,101.36798095703125,0.7668750286102295,-1,-1,-1
203,7,2961.22119140625,614.72216796875,31.725830078125,64.085205078125,0.42099252343177795,-1,-1,-1
203,10,4088.19970703125,536.2020263671875,18.69921875,28.06036376953125,0.48097145557403564,-1,-1,-1
203,188,3604.494873046875,540.2809448242188,21.678955078125,61.74859619140625,0.36672860383987427,-1,-1,-1
203,24,3520.2158203125,606.5317993164062,19.0244140625,60.989501953125,0.6443454027175903,-1,-1,-1
203,202,3582.15283203125,616.256591796875,24.861328125,52.8485107421875,0.4029427468776703,-1,-1,-1
203,174,3034.25732421875,527.8584594726562,20.454833984375,62.560546875,0.5989890694618225,-1,-1,-1
203,178,2927.481689453125,532.8846435546875,22.55712890625,45.5870361328125,0.281406968832016,-1,-1,-1
204,1,2348.42626953125,745.5955810546875,43.546875,100.2364501953125,0.8152561783790588,-1,-1,-1
204,2,2490.17236328125,578.3053588867188,30.134521484375,51.3363037109375,0.49905312061309814,-1,-1,-1
204,3,3725.006591796875,799.4448852539062,38.489990234375,102.0477294921875,0.7514695525169373,-1,-1,-1
204,7,2965.983154296875,614.5631103515625,29.9296875,62.1435546875,0.4199362099170685,-1,-1,-1
204,10,4087.8310546875,536.0795288085938,18.9365234375,28.63653564453125,0.47191691398620605,-1,-1,-1
204,188,3602.829833984375,541.1064453125,22.898681640625,61.543701171875,0.38617628812789917,-1,-1,-1
204,24,3520.202880859375,605.7321166992188,19.67236328125,61.92596435546875,0.6656822562217712,-1,-1,-1
204,202,3583.529296875,616.3713989257812,24.544677734375,52.79547119140625,0.3766413927078247,-1,-1,-1
204,174,3034.97607421875,527.4644165039062,20.68994140625,62.38555908203125,0.5920000076293945,-1,-1,-1
204,178,2928.90625,533.041259765625,21.4287109375,44.26324462890625,0.261788934469223,-1,-1,-1
204,218,3111.360107421875,511.6809387207031,18.3974609375,25.905364990234375,0.2532232403755188,-1,-1,-1
205,1,2349.052001953125,746.1030883789062,47.50927734375,100.4727783203125,0.8020868301391602,-1,-1,-1
205,2,2494.081787109375,579.45361328125,28.119873046875,49.88897705078125,0.56070876121521,-1,-1,-1
205,3,3725.827880859375,799.2830810546875,39.006103515625,102.298095703125,0.7455219626426697,-1,-1,-1
205,7,2968.63427734375,614.2750244140625,28.968017578125,61.11444091796875,0.38290417194366455,-1,-1,-1
205,10,4087.764404296875,536.0902099609375,19.038330078125,28.55389404296875,0.46380555629730225,-1,-1,-1
205,188,3602.1748046875,541.093017578125,23.361083984375,61.40765380859375,0.41828763484954834,-1,-1,-1
205,24,3520.67041015625,604.7532348632812,19.56103515625,62.6163330078125,0.6475743651390076,-1,-1,-1
205,202,3583.52197265625,617.232666015625,27.0341796875,51.04254150390625,0.3218115270137787,-1,-1,-1
205,174,3036.299560546875,527.7012939453125,22.04248046875,61.79931640625,0.6041366457939148,-1,-1,-1
205,178,2929.982421875,533.074951171875,20.501220703125,44.50482177734375,0.2784731686115265,-1,-1,-1
206,1,2349.6591796875,746.66796875,52.228271484375,100.08349609375,0.7688537240028381,-1,-1,-1
206,2,2497.350341796875,579.6165161132812,26.433349609375,48.70977783203125,0.5925710797309875,-1,-1,-1
206,3,3725.981201171875,798.6930541992188,39.7353515625,103.39556884765625,0.7746431827545166,-1,-1,-1
206,7,2972.85205078125,613.1641845703125,26.047119140625,60.0118408203125,0.40335431694984436,-1,-1,-1
206,10,4087.791015625,536.0342407226562,19.13671875,28.65057373046875,0.46651968359947205,-1,-1,-1
206,188,3601.660400390625,540.137939453125,23.751953125,61.76025390625,0.41945531964302063,-1,-1,-1
206,24,3522.159423828125,603.3081665039062,19.37451171875,61.6314697265625,0.6465688943862915,-1,-1,-1
206,202,3583.7353515625,617.0117797851562,28.636962890625,49.4468994140625,0.32862672209739685,-1,-1,-1
206,174,3037.312255859375,527.5536499023438,21.50732421875,62.3017578125,0.6108036041259766,-1,-1,-1
206,178,2931.109375,532.5233764648438,19.670654296875,45.0389404296875,0.28639498353004456,-1,-1,-1
207,1,2350.084228515625,747.38671875,59.56884765625,98.668212890625,0.7289721369743347,-1,-1,-1
207,2,2500.893310546875,578.0368041992188,24.52587890625,49.95867919921875,0.6320378184318542,-1,-1,-1
207,3,3725.982421875,798.6170654296875,40.45068359375,103.04449462890625,0.7675899863243103,-1,-1,-1
207,7,2975.70703125,611.9552001953125,26.234619140625,60.2716064453125,0.5247266292572021,-1,-1,-1
207,10,4087.751953125,536.1910400390625,19.22607421875,28.52447509765625,0.45493680238723755,-1,-1,-1
207,188,3600.630859375,538.0707397460938,24.401123046875,64.18865966796875,0.4184194505214691,-1,-1,-1
207,24,3522.835693359375,603.9754028320312,19.356201171875,60.70831298828125,0.6343223452568054,-1,-1,-1
207,202,3584.784912109375,616.4098510742188,28.06005859375,49.83441162109375,0.3287626802921295,-1,-1,-1
207,174,3039.0322265625,527.2750854492188,21.004638671875,63.41986083984375,0.6207291483879089,-1,-1,-1
207,178,2931.81689453125,533.177490234375,19.58544921875,44.488525390625,0.2704497277736664,-1,-1,-1
208,1,2351.654052734375,747.6914672851562,62.487548828125,98.5125732421875,0.690353512763977,-1,-1,-1
208,2,2503.345703125,577.3028564453125,23.21728515625,49.37701416015625,0.5166734457015991,-1,-1,-1
208,3,3727.25439453125,798.5364379882812,38.9150390625,102.450439453125,0.7504152655601501,-1,-1,-1
208,7,2977.5849609375,612.0726318359375,25.44287109375,59.9425048828125,0.5049153566360474,-1,-1,-1
208,10,4087.58544921875,536.6000366210938,19.22509765625,28.015869140625,0.43587663769721985,-1,-1,-1
208,188,3599.790771484375,537.683837890625,24.73876953125,64.787353515625,0.4078640639781952,-1,-1,-1
208,24,3522.493408203125,605.2125244140625,21.43212890625,61.86419677734375,0.6010783314704895,-1,-1,-1
208,202,3586.015380859375,615.8289794921875,27.210693359375,46.3272705078125,0.3372958302497864,-1,-1,-1
208,174,3040.086669921875,527.363525390625,21.111572265625,64.5216064453125,0.6254038214683533,-1,-1,-1
209,1,2353.53076171875,746.9537353515625,62.55322265625,98.864501953125,0.7462156414985657,-1,-1,-1
209,2,2503.006591796875,577.9562377929688,24.1396484375,49.7440185546875,0.38770684599876404,-1,-1,-1
209,3,3728.452392578125,798.3085327148438,37.248291015625,103.10711669921875,0.7597079873085022,-1,-1,-1
209,7,2978.548095703125,611.5477905273438,25.53125,60.9171142578125,0.51919025182724,-1,-1,-1
209,10,4087.31201171875,536.6974487304688,19.4931640625,27.8785400390625,0.422391802072525,-1,-1,-1
209,188,3598.677734375,535.8470458984375,25.55517578125,66.1329345703125,0.40171921253204346,-1,-1,-1
209,24,3522.2431640625,603.9675903320312,23.899658203125,64.43743896484375,0.6248499155044556,-1,-1,-1
209,202,3586.44873046875,614.2022705078125,27.375244140625,49.94989013671875,0.3481394052505493,-1,-1,-1
209,174,3041.453369140625,527.5806274414062,21.587646484375,64.08563232421875,0.6438105702400208,-1,-1,-1
209,178,2934.4462890625,533.4769287109375,19.06591796875,45.5567626953125,0.3001353442668915,-1,-1,-1
210,1,2355.90576171875,746.5482788085938,59.781982421875,98.91802978515625,0.7323698997497559,-1,-1,-1
210,2,2506.131103515625,577.2546997070312,22.7685546875,51.02740478515625,0.4481416642665863,-1,-1,-1
210,3,3731.1982421875,798.4566040039062,34.650390625,101.53131103515625,0.762400209903717,-1,-1,-1
210,7,2980.423583984375,611.26025390625,25.33056640625,60.7520751953125,0.45322132110595703,-1,-1,-1
210,10,4087.3359375,536.6357421875,19.498046875,27.92840576171875,0.4328182339668274,-1,-1,-1
210,188,3597.635498046875,533.6057739257812,26.11376953125,67.997314453125,0.35999438166618347,-1,-1,-1
210,24,3524.150146484375,606.3055419921875,23.097900390625,60.18670654296875,0.562318742275238,-1,-1,-1
210,202,3587.103515625,613.62548828125,26.53173828125,51.98272705078125,0.32861703634262085,-1,-1,-1
210,174,3042.115966796875,527.7401733398438,24.02001953125,66.52734375,0.5606128573417664,-1,-1,-1
210,178,2935.494873046875,533.6215209960938,19.60205078125,46.60845947265625,0.36147546768188477,-1,-1,-1
211,1,2358.2568359375,745.6510009765625,57.630859375,99.49945068359375,0.7606626152992249,-1,-1,-1
211,2,2509.5859375,575.659912109375,21.683837890625,53.2696533203125,0.4976266622543335,-1,-1,-1
211,3,3733.241943359375,798.70556640625,32.57275390625,99.72052001953125,0.7726983428001404,-1,-1,-1
211,7,2982.3095703125,611.4478759765625,25.226318359375,60.9842529296875,0.4692605137825012,-1,-1,-1
211,10,4087.635498046875,536.3694458007812,19.272216796875,28.133544921875,0.4381977915763855,-1,-1,-1
211,188,3597.93408203125,535.1419677734375,25.3056640625,64.62896728515625,0.3361288607120514,-1,-1,-1
211,24,3524.202392578125,607.2257080078125,23.7109375,59.8753662109375,0.5090030431747437,-1,-1,-1
211,202,3587.81640625,613.29541015625,25.981689453125,52.91522216796875,0.31279367208480835,-1,-1,-1
211,174,3041.648681640625,527.7391357421875,24.151611328125,65.488525390625,0.5685664415359497,-1,-1,-1
211,178,2936.24462890625,533.6131591796875,21.282958984375,47.0860595703125,0.26726555824279785,-1,-1,-1
212,1,2362.768310546875,744.6686401367188,52.732666015625,99.03521728515625,0.789492666721344,-1,-1,-1
212,2,2512.3251953125,574.6801147460938,21.4150390625,53.92034912109375,0.5029823780059814,-1,-1,-1
212,3,3734.56640625,798.61083984375,31.921630859375,98.8709716796875,0.757921040058136,-1,-1,-1
212,7,2984.103759765625,611.98681640625,26.360595703125,60.40692138671875,0.49083203077316284,-1,-1,-1
212,10,4087.752197265625,536.3231811523438,19.171142578125,28.40673828125,0.4508759379386902,-1,-1,-1
212,188,3597.567138671875,537.4247436523438,24.683349609375,59.16424560546875,0.3280755877494812,-1,-1,-1
212,24,3524.408203125,606.4933471679688,23.78515625,62.22283935546875,0.5923747420310974,-1,-1,-1
212,202,3589.03076171875,613.1857299804688,26.20947265625,51.9478759765625,0.3182745575904846,-1,-1,-1
212,174,3041.83056640625,527.2921142578125,24.45263671875,65.9837646484375,0.5300467014312744,-1,-1,-1
212,178,2936.489990234375,533.3802490234375,22.7294921875,47.32769775390625,0.2753068208694458,-1,-1,-1
213,1,2370.055908203125,744.6287231445312,45.85009765625,98.875,0.7946638464927673,-1,-1,-1
213,2,2512.2646484375,573.4237060546875,22.79638671875,54.06195068359375,0.5437110066413879,-1,-1,-1
213,3,3735.372314453125,797.9971313476562,32.01611328125,99.63946533203125,0.7509969472885132,-1,-1,-1
213,7,2985.5947265625,611.5379638671875,27.09033203125,60.7940673828125,0.5049435496330261,-1,-1,-1
213,10,4087.692626953125,536.393310546875,19.148193359375,28.29473876953125,0.44642600417137146,-1,-1,-1
213,188,3596.564208984375,539.1605834960938,25.374267578125,57.8089599609375,0.3465556800365448,-1,-1,-1
213,24,3527.844482421875,606.0913696289062,20.352294921875,59.67791748046875,0.573599100112915,-1,-1,-1
213,202,3590.298583984375,613.7808837890625,26.006103515625,50.48260498046875,0.2944796085357666,-1,-1,-1
213,174,3042.33251953125,527.4373168945312,25.06884765625,63.87493896484375,0.5036854147911072,-1,-1,-1
213,178,2936.705810546875,533.5802612304688,23.77587890625,46.970458984375,0.25860947370529175,-1,-1,-1
214,1,2377.6953125,744.269775390625,40.489013671875,97.19512939453125,0.8034058809280396,-1,-1,-1
214,2,2515.575927734375,573.2789306640625,21.490234375,53.35650634765625,0.6432319283485413,-1,-1,-1
214,3,3736.062744140625,797.2782592773438,32.41357421875,97.62249755859375,0.7419064044952393,-1,-1,-1
214,7,2986.950439453125,611.6852416992188,27.596923828125,61.124267578125,0.5623128414154053,-1,-1,-1
214,10,4087.7314453125,536.3916015625,19.0654296875,28.37957763671875,0.45301395654678345,-1,-1,-1
214,188,3595.595703125,538.8812255859375,26.231689453125,58.97918701171875,0.37091264128685,-1,-1,-1
214,24,3529.19091796875,605.2855834960938,18.938720703125,56.35076904296875,0.5707681775093079,-1,-1,-1
214,202,3591.595947265625,613.8408203125,26.03173828125,52.03973388671875,0.31702277064323425,-1,-1,-1
214,174,3042.214111328125,526.9082641601562,25.056396484375,64.288818359375,0.4955032169818878,-1,-1,-1
215,1,2383.23779296875,744.1796875,39.45068359375,96.3878173828125,0.7466757893562317,-1,-1,-1
215,2,2517.2734375,573.7279663085938,22.358154296875,52.16455078125,0.6160275340080261,-1,-1,-1
215,3,3737.064697265625,797.537109375,32.503173828125,96.5924072265625,0.7291623950004578,-1,-1,-1
215,7,2987.767822265625,611.27001953125,28.27880859375,62.03680419921875,0.5555436015129089,-1,-1,-1
215,10,4087.7783203125,536.39306640625,18.888671875,28.38818359375,0.44608357548713684,-1,-1,-1
215,188,3595.33154296875,538.0833129882812,26.072998046875,61.09503173828125,0.3800232708454132,-1,-1,-1
215,24,3530.982666015625,605.3399047851562,19.900390625,58.46392822265625,0.5452947020530701,-1,-1,-1
215,202,3593.23095703125,614.2908325195312,24.93212890625,50.44915771484375,0.2988264560699463,-1,-1,-1
215,174,3043.53076171875,528.2023315429688,25.80615234375,63.77752685546875,0.31499913334846497,-1,-1,-1
216,1,2387.155517578125,743.9290161132812,40.119140625,97.86810302734375,0.70451819896698,-1,-1,-1
216,2,2518.385498046875,573.2852172851562,25.2041015625,52.2091064453125,0.5783787965774536,-1,-1,-1
216,3,3737.8427734375,797.638671875,33.036865234375,97.79840087890625,0.7383809089660645,-1,-1,-1
216,7,2989.739990234375,610.5885009765625,28.875,61.453125,0.5556567907333374,-1,-1,-1
216,10,4087.764892578125,536.4448852539062,18.826416015625,28.42950439453125,0.4369499981403351,-1,-1,-1
216,188,3595.160400390625,536.3988647460938,25.951904296875,62.6583251953125,0.37385761737823486,-1,-1,-1
216,24,3531.981689453125,605.58251953125,21.4755859375,59.0250244140625,0.4980661869049072,-1,-1,-1
216,202,3594.58740234375,614.9248657226562,24.47900390625,49.4002685546875,0.30212879180908203,-1,-1,-1
216,223,3043.545166015625,527.7172241210938,18.009033203125,27.14678955078125,0.46442711353302,-1,-1,-1
217,1,2389.397216796875,742.5175170898438,44.273193359375,100.5465087890625,0.7161145806312561,-1,-1,-1
217,2,2520.4267578125,573.2684936523438,26.428466796875,51.2081298828125,0.5838396549224854,-1,-1,-1
217,3,3738.339599609375,796.973876953125,32.06787109375,98.420166015625,0.7536377906799316,-1,-1,-1
217,7,2991.89501953125,610.2706298828125,27.167236328125,59.52044677734375,0.5489365458488464,-1,-1,-1
217,10,4087.739013671875,536.424072265625,18.764404296875,28.3988037109375,0.42532747983932495,-1,-1,-1
217,188,3595.65625,535.6490478515625,25.1953125,61.37744140625,0.2895473539829254,-1,-1,-1
217,24,3533.893798828125,606.6954345703125,20.326416015625,55.56365966796875,0.43559110164642334,-1,-1,-1
217,202,3595.800048828125,614.8868408203125,23.377197265625,49.7579345703125,0.3079873323440552,-1,-1,-1
217,223,3043.525146484375,526.6405029296875,17.346435546875,24.244873046875,0.435155987739563,-1,-1,-1
218,1,2390.756591796875,743.2900390625,47.056640625,99.65899658203125,0.73055100440979,-1,-1,-1
218,2,2521.911865234375,572.3235473632812,27.16064453125,51.48687744140625,0.6265819668769836,-1,-1,-1
218,3,3738.8251953125,796.6818237304688,31.959228515625,98.55352783203125,0.7655795216560364,-1,-1,-1
218,7,2993.003662109375,610.1866455078125,26.913330078125,58.71563720703125,0.5688591003417969,-1,-1,-1
218,10,4087.818359375,536.5260620117188,18.5517578125,28.142578125,0.4203116297721863,-1,-1,-1
218,24,3535.21630859375,607.1819458007812,19.505126953125,53.94866943359375,0.43759578466415405,-1,-1,-1
218,202,3595.53564453125,613.0035400390625,25.13720703125,53.410400390625,0.29277220368385315,-1,-1,-1
218,223,3043.6513671875,526.9190673828125,17.8955078125,23.046142578125,0.47471192479133606,-1,-1,-1
219,1,2391.792724609375,744.095703125,50.353271484375,99.10552978515625,0.7215862274169922,-1,-1,-1
219,2,2522.961181640625,572.0953979492188,27.824462890625,51.3916015625,0.6340194344520569,-1,-1,-1
219,3,3739.922119140625,796.7001342773438,31.41943359375,98.53466796875,0.724735677242279,-1,-1,-1
219,7,2994.902587890625,609.4437255859375,27.40185546875,58.23028564453125,0.5118874907493591,-1,-1,-1
219,10,4088.324462890625,536.2791137695312,18.119873046875,28.71368408203125,0.4231361448764801,-1,-1,-1
219,24,3536.0859375,606.2996215820312,19.019775390625,55.1273193359375,0.39020609855651855,-1,-1,-1
219,202,3595.815673828125,611.8358154296875,25.51416015625,55.9124755859375,0.33445656299591064,-1,-1,-1
219,223,3043.98974609375,526.9857788085938,18.144287109375,26.30120849609375,0.4799031913280487,-1,-1,-1
220,1,2391.873291015625,744.3379516601562,56.06201171875,99.39959716796875,0.7043530941009521,-1,-1,-1
220,2,2523.937255859375,572.1466064453125,29.115966796875,51.75628662109375,0.6460956931114197,-1,-1,-1
220,3,3741.5458984375,796.8640747070312,30.697509765625,98.27410888671875,0.6609336137771606,-1,-1,-1
220,7,2996.279541015625,608.6939086914062,27.537841796875,58.9937744140625,0.40846243500709534,-1,-1,-1
220,10,4088.955078125,536.2628784179688,17.5146484375,28.9931640625,0.4161084294319153,-1,-1,-1
220,24,3537.013671875,605.2755126953125,18.603515625,55.84918212890625,0.36922958493232727,-1,-1,-1
220,202,3596.145751953125,610.7584228515625,25.15576171875,56.60504150390625,0.28160572052001953,-1,-1,-1
220,223,3043.744384765625,527.0567016601562,17.5869140625,24.4443359375,0.4658246636390686,-1,-1,-1
221,1,2391.826416015625,744.3510131835938,60.951904296875,98.46417236328125,0.7051644325256348,-1,-1,-1
221,2,2525.57421875,572.2752685546875,28.6240234375,51.7760009765625,0.5935951471328735,-1,-1,-1
221,3,3742.151611328125,796.6436157226562,31.327880859375,98.08319091796875,0.6879513263702393,-1,-1,-1
221,7,2998.83544921875,609.4027709960938,26.107666015625,56.79315185546875,0.36825647950172424,-1,-1,-1
221,10,4089.31298828125,536.2708129882812,17.162109375,29.0528564453125,0.40367233753204346,-1,-1,-1
221,24,3537.872802734375,605.1764526367188,18.536865234375,55.95709228515625,0.3230249285697937,-1,-1,-1
221,223,3043.81884765625,527.4229125976562,17.50732421875,26.6776123046875,0.38762205839157104,-1,-1,-1
222,1,2393.217041015625,745.0459594726562,61.22900390625,97.80816650390625,0.6892407536506653,-1,-1,-1
222,2,2528.365478515625,571.8348388671875,27.549072265625,51.475830078125,0.4679904878139496,-1,-1,-1
222,3,3741.9609375,796.2703247070312,32.88671875,98.10357666015625,0.722484290599823,-1,-1,-1
222,7,3003.568359375,608.7985229492188,21.958984375,59.44989013671875,0.4317161738872528,-1,-1,-1
222,10,4089.334716796875,536.2860717773438,16.950927734375,29.12408447265625,0.3730509579181671,-1,-1,-1
222,24,3538.39306640625,606.2498779296875,18.18603515625,54.5401611328125,0.29262736439704895,-1,-1,-1
222,223,3044.187255859375,526.8876342773438,18.390869140625,24.1165771484375,0.37979856133461,-1,-1,-1
222,207,2872.39794921875,494.2054748535156,16.120361328125,30.824249267578125,0.3291357457637787,-1,-1,-1
223,1,2395.022216796875,745.0658569335938,61.390380859375,98.61407470703125,0.6873807311058044,-1,-1,-1
223,2,2530.6748046875,571.8489379882812,26.10400390625,51.17724609375,0.3792828619480133,-1,-1,-1
223,3,3741.9443359375,796.004150390625,35.01611328125,98.92742919921875,0.7303853631019592,-1,-1,-1
223,7,3005.785400390625,608.7009887695312,20.71923828125,59.77996826171875,0.4304554760456085,-1,-1,-1
223,10,4089.2197265625,536.3533325195312,16.90380859375,29.133544921875,0.3957967460155487,-1,-1,-1
223,24,3538.96484375,605.5558471679688,18.726318359375,55.1416015625,0.2981809377670288,-1,-1,-1
223,223,3044.37353515625,526.2418212890625,18.16845703125,25.2901611328125,0.3495334982872009,-1,-1,-1
223,207,2873.07421875,494.5204772949219,16.441162109375,29.685455322265625,0.31194305419921875,-1,-1,-1
224,1,2397.573486328125,745.4393920898438,59.161376953125,99.08026123046875,0.6912274360656738,-1,-1,-1
224,2,2533.600830078125,571.8558959960938,26.925048828125,52.7369384765625,0.358550101518631,-1,-1,-1
224,3,3742.168212890625,795.8990478515625,36.293212890625,99.2694091796875,0.720795214176178,-1,-1,-1
224,7,3005.953857421875,608.3026123046875,22.593994140625,60.59979248046875,0.5460937023162842,-1,-1,-1
224,10,4089.23583984375,536.3201904296875,16.861328125,29.200439453125,0.39856603741645813,-1,-1,-1
224,24,3539.5703125,605.4434204101562,20.141845703125,56.27069091796875,0.3878655433654785,-1,-1,-1
224,223,3044.768310546875,525.9848022460938,19.123779296875,26.77508544921875,0.2642543315887451,-1,-1,-1
224,207,2874.586181640625,495.4766845703125,15.757080078125,27.7802734375,0.29107680916786194,-1,-1,-1
225,1,2401.6298828125,744.9256591796875,55.03759765625,99.2469482421875,0.6822178959846497,-1,-1,-1
225,2,2536.386962890625,570.1301879882812,25.50390625,53.83233642578125,0.49965643882751465,-1,-1,-1
225,3,3742.238525390625,795.9548950195312,37.809326171875,99.60791015625,0.7010769248008728,-1,-1,-1
225,7,3006.3828125,607.5946044921875,24.807373046875,60.587646484375,0.5566719174385071,-1,-1,-1
225,10,4089.17138671875,536.0448608398438,16.9296875,29.40863037109375,0.38099542260169983,-1,-1,-1
225,24,3540.41845703125,606.1250610351562,19.91162109375,56.01959228515625,0.3533863425254822,-1,-1,-1
225,207,2876.173828125,495.23101806640625,15.47607421875,27.976318359375,0.401757150888443,-1,-1,-1
226,1,2406.838623046875,744.5194702148438,52.03515625,98.6458740234375,0.7057155966758728,-1,-1,-1
226,2,2539.395751953125,569.5158081054688,23.106201171875,51.742919921875,0.5778643488883972,-1,-1,-1
226,3,3742.132080078125,795.6043090820312,39.4326171875,100.15338134765625,0.7041118741035461,-1,-1,-1
226,7,3006.957763671875,606.7242431640625,26.967529296875,61.48211669921875,0.6313852071762085,-1,-1,-1
226,10,4089.117431640625,535.82958984375,17.032958984375,29.7452392578125,0.36238622665405273,-1,-1,-1
226,24,3541.17626953125,606.13818359375,19.533935546875,55.779052734375,0.31698381900787354,-1,-1,-1
226,207,2876.820556640625,496.52154541015625,16.235107421875,26.33062744140625,0.3419363796710968,-1,-1,-1
227,1,2413.227783203125,743.98046875,47.802490234375,99.7982177734375,0.748981773853302,-1,-1,-1
227,2,2541.552001953125,568.8344116210938,21.4521484375,50.16455078125,0.6076261401176453,-1,-1,-1
227,3,3741.91552734375,795.6552124023438,41.062744140625,100.1806640625,0.7281165719032288,-1,-1,-1
227,7,3007.1953125,606.8472900390625,28.432861328125,61.0091552734375,0.6439024209976196,-1,-1,-1
227,10,4088.976806640625,535.8375244140625,17.110595703125,29.79864501953125,0.3767874836921692,-1,-1,-1
227,24,3541.9052734375,607.0277099609375,19.728271484375,55.06304931640625,0.2678734362125397,-1,-1,-1
227,207,2877.850341796875,497.3100280761719,16.315185546875,26.004180908203125,0.33743634819984436,-1,-1,-1
227,202,3600.4931640625,610.20068359375,22.994384765625,55.83770751953125,0.27535268664360046,-1,-1,-1
228,1,2419.287109375,744.8934936523438,42.109375,99.02520751953125,0.7614678144454956,-1,-1,-1
228,2,2543.79052734375,569.4104614257812,20.065185546875,50.81219482421875,0.6574435830116272,-1,-1,-1
228,3,3742.07421875,795.584228515625,42.486083984375,100.1588134765625,0.7400959134101868,-1,-1,-1
228,7,3008.083984375,607.8126220703125,29.154541015625,59.80487060546875,0.6457757353782654,-1,-1,-1
228,10,4088.7060546875,535.7845458984375,17.20166015625,29.77728271484375,0.36199235916137695,-1,-1,-1
228,24,3542.0400390625,606.7779541015625,20.5458984375,55.28240966796875,0.3044973313808441,-1,-1,-1
228,202,3599.813720703125,611.0098266601562,24.736328125,54.720703125,0.2908060848712921,-1,-1,-1
229,1,2423.7724609375,743.800048828125,40.43994140625,102.0283203125,0.7220312356948853,-1,-1,-1
229,2,2544.935791015625,568.4398193359375,21.019775390625,51.37261962890625,0.6616940498352051,-1,-1,-1
229,3,3741.67138671875,795.2808837890625,43.6591796875,100.1383056640625,0.7268941402435303,-1,-1,-1
229,7,3009.470947265625,608.0653686523438,28.10595703125,59.51898193359375,0.6663185358047485,-1,-1,-1
229,10,4088.439697265625,535.3164672851562,17.546142578125,29.75250244140625,0.32480716705322266,-1,-1,-1
229,202,3599.815185546875,610.1019897460938,26.040771484375,55.8697509765625,0.39240536093711853,-1,-1,-1
229,207,2880.540771484375,497.0341796875,14.709228515625,26.4239501953125,0.2591249942779541,-1,-1,-1
230,1,2427.120361328125,742.9962768554688,39.809814453125,102.3812255859375,0.7555848360061646,-1,-1,-1
230,2,2545.792724609375,568.23681640625,23.60400390625,51.7825927734375,0.6190934181213379,-1,-1,-1
230,3,3740.800537109375,795.0499267578125,45.06787109375,100.1209716796875,0.7093662619590759,-1,-1,-1
230,7,3010.668701171875,607.6157836914062,29.117431640625,58.8802490234375,0.6319147944450378,-1,-1,-1
230,10,4088.00146484375,534.1949462890625,17.7802734375,30.1920166015625,0.3465184271335602,-1,-1,-1
230,202,3599.986328125,609.395263671875,26.8984375,55.64801025390625,0.44570013880729675,-1,-1,-1
230,178,2952.63037109375,536.7098388671875,20.6474609375,36.8406982421875,0.3255557119846344,-1,-1,-1
231,1,2429.133544921875,742.9921875,41.478759765625,100.89874267578125,0.7974541187286377,-1,-1,-1
231,2,2547.296630859375,569.445068359375,24.9814453125,50.86798095703125,0.6039180159568787,-1,-1,-1
231,3,3740.05126953125,795.630615234375,46.03857421875,99.7210693359375,0.704973042011261,-1,-1,-1
231,7,3013.228515625,606.92431640625,28.04443359375,58.25811767578125,0.6241926550865173,-1,-1,-1
231,10,4087.95556640625,533.9418334960938,17.90576171875,30.68896484375,0.34434008598327637,-1,-1,-1
231,202,3600.09033203125,609.46923828125,27.21630859375,54.20782470703125,0.45824453234672546,-1,-1,-1
231,178,2953.380859375,536.5863037109375,20.162353515625,37.3681640625,0.31717362999916077,-1,-1,-1
231,24,3545.385986328125,604.947998046875,19.9013671875,56.0555419921875,0.2819562256336212,-1,-1,-1
232,1,2431.706787109375,743.6991577148438,42.219970703125,99.32403564453125,0.7828554511070251,-1,-1,-1
232,2,2547.995361328125,569.690185546875,26.64794921875,50.84417724609375,0.5747342705726624,-1,-1,-1
232,3,3739.337646484375,796.2484130859375,47.128173828125,99.15234375,0.7027374505996704,-1,-1,-1
232,7,3015.848388671875,606.4962158203125,26.119384765625,57.72161865234375,0.6067439913749695,-1,-1,-1
232,10,4087.876220703125,534.8966674804688,17.914306640625,29.6640625,0.31217676401138306,-1,-1,-1
232,202,3600.416748046875,608.9896240234375,27.368408203125,53.3524169921875,0.44546133279800415,-1,-1,-1
232,178,2954.96630859375,536.4542846679688,19.054443359375,38.0089111328125,0.3180769681930542,-1,-1,-1
232,251,3313.693359375,520.049560546875,12.495361328125,29.78436279296875,0.34514492750167847,-1,-1,-1
232,24,3546.2578125,605.7193603515625,19.31298828125,55.28106689453125,0.3716071546077728,-1,-1,-1
233,1,2432.6435546875,744.044677734375,46.7802734375,98.6298828125,0.7647145390510559,-1,-1,-1
233,2,2549.0908203125,568.8786010742188,28.0849609375,50.35772705078125,0.5589740872383118,-1,-1,-1
233,3,3738.533447265625,795.6572265625,48.464599609375,98.91485595703125,0.7327448129653931,-1,-1,-1
233,7,3017.88818359375,605.8328247070312,24.997802734375,56.5223388671875,0.4721662700176239,-1,-1,-1
233,10,4087.8369140625,534.740478515625,17.6845703125,29.4449462890625,0.32955121994018555,-1,-1,-1
233,202,3600.990234375,608.64404296875,27.133544921875,51.39434814453125,0.4521319270133972,-1,-1,-1
233,178,2955.79443359375,536.0067749023438,18.931640625,38.514892578125,0.3497623801231384,-1,-1,-1
233,251,3313.5693359375,519.4949340820312,12.40380859375,30.24578857421875,0.3249347507953644,-1,-1,-1
233,24,3546.657470703125,605.0908813476562,19.13720703125,55.69775390625,0.3505377471446991,-1,-1,-1
233,253,3086.445556640625,546.292724609375,18.419677734375,36.3060302734375,0.4002283215522766,-1,-1,-1
234,1,2433.82568359375,744.2176513671875,52.34716796875,98.1234130859375,0.776808500289917,-1,-1,-1
234,2,2549.736083984375,568.095458984375,29.780517578125,51.3565673828125,0.570391058921814,-1,-1,-1
234,3,3738.2626953125,795.2955322265625,49.339599609375,98.8173828125,0.731387734413147,-1,-1,-1
234,7,3018.869140625,604.9277954101562,25.292236328125,57.4482421875,0.27229177951812744,-1,-1,-1
234,10,4087.737060546875,534.0968627929688,17.541259765625,29.859375,0.3329082131385803,-1,-1,-1
234,202,3601.323974609375,607.6547241210938,27.13720703125,51.92401123046875,0.461916446685791,-1,-1,-1
234,178,2956.561767578125,534.9112548828125,18.895263671875,40.570068359375,0.36072346568107605,-1,-1,-1
234,251,3313.1474609375,519.0319213867188,12.615966796875,30.99676513671875,0.2937624752521515,-1,-1,-1
234,24,3547.247802734375,604.5289306640625,19.0380859375,56.6253662109375,0.3192668557167053,-1,-1,-1
234,253,3088.1005859375,545.2496337890625,18.221923828125,37.94720458984375,0.4059361219406128,-1,-1,-1
235,1,2433.72705078125,744.37353515625,60.656982421875,98.193115234375,0.7946437001228333,-1,-1,-1
235,2,2551.742919921875,568.1344604492188,29.448486328125,50.93170166015625,0.5786723494529724,-1,-1,-1
235,3,3738.161865234375,795.05810546875,50.275634765625,98.9991455078125,0.7241041660308838,-1,-1,-1
235,7,3021.54248046875,604.0952758789062,26.05078125,57.0611572265625,0.32258808612823486,-1,-1,-1
235,10,4087.494873046875,533.5864868164062,17.644287109375,30.2269287109375,0.35460272431373596,-1,-1,-1
235,202,3602.553466796875,606.697509765625,26.52294921875,52.1912841796875,0.471545934677124,-1,-1,-1
235,251,3312.48876953125,519.003173828125,12.935546875,30.4522705078125,0.30361270904541016,-1,-1,-1
235,24,3547.367431640625,604.1737060546875,19.520263671875,57.07403564453125,0.42303815484046936,-1,-1,-1
235,253,3091.41748046875,545.950439453125,17.478759765625,36.36407470703125,0.4702008068561554,-1,-1,-1
236,1,2433.641357421875,744.4669799804688,63.825439453125,98.7783203125,0.7723503112792969,-1,-1,-1
236,2,2553.4501953125,567.7145385742188,29.157958984375,51.36444091796875,0.5577377676963806,-1,-1,-1
236,3,3738.640380859375,794.7703857421875,51.043212890625,99.43780517578125,0.7252722978591919,-1,-1,-1
236,7,3024.535400390625,603.22412109375,24.521728515625,56.2584228515625,0.37597471475601196,-1,-1,-1
236,10,4087.38427734375,533.7151489257812,17.7109375,30.43572998046875,0.35020163655281067,-1,-1,-1
236,202,3603.521484375,604.9029541015625,26.01953125,52.6492919921875,0.4075082540512085,-1,-1,-1
236,251,3310.775634765625,519.7652587890625,14.551025390625,28.8958740234375,0.3148706555366516,-1,-1,-1
236,24,3547.224365234375,604.0755615234375,19.84716796875,56.74932861328125,0.4341832995414734,-1,-1,-1
236,253,3092.740234375,547.2767333984375,17.424072265625,34.4156494140625,0.43783020973205566,-1,-1,-1
237,1,2435.80908203125,744.5203247070312,62.51953125,98.14141845703125,0.7225438356399536,-1,-1,-1
237,2,2557.810302734375,568.59765625,25.304931640625,48.9056396484375,0.4675162136554718,-1,-1,-1
237,3,3739.122314453125,794.4161376953125,51.8466796875,100.06365966796875,0.7303463816642761,-1,-1,-1
237,7,3027.116943359375,602.5755004882812,22.744873046875,56.92529296875,0.3262353539466858,-1,-1,-1
237,10,4087.44140625,533.74267578125,17.60400390625,30.76287841796875,0.31412622332572937,-1,-1,-1
237,202,3604.451416015625,603.7601928710938,25.322021484375,53.1500244140625,0.4114125370979309,-1,-1,-1
237,251,3310.381591796875,519.717529296875,14.85400390625,28.3973388671875,0.31274253129959106,-1,-1,-1
237,24,3547.476806640625,603.738525390625,19.40576171875,56.49853515625,0.34438833594322205,-1,-1,-1
237,253,3094.69580078125,548.4667358398438,16.75390625,32.59552001953125,0.4451709985733032,-1,-1,-1
238,1,2438.828125,744.9512329101562,60.151123046875,97.6422119140625,0.7131530046463013,-1,-1,-1
238,2,2561.127197265625,570.4727172851562,24.095703125,47.192626953125,0.40666282176971436,-1,-1,-1
238,3,3738.526123046875,794.597900390625,53.642578125,100.0609130859375,0.7389655113220215,-1,-1,-1
238,7,3030.247314453125,603.2135009765625,20.603271484375,55.824462890625,0.4773707091808319,-1,-1,-1
238,10,4086.803955078125,533.1884155273438,18.153564453125,31.25213623046875,0.3081267178058624,-1,-1,-1
238,202,3605.1171875,602.826904296875,24.972900390625,53.63525390625,0.38660115003585815,-1,-1,-1
238,251,3310.23779296875,519.5300903320312,15.183837890625,28.2685546875,0.3059939444065094,-1,-1,-1
238,24,3547.823974609375,604.51611328125,19.7431640625,55.126220703125,0.41943082213401794,-1,-1,-1
238,253,3095.706298828125,548.8644409179688,16.8310546875,32.0172119140625,0.4376440644264221,-1,-1,-1
239,1,2440.47412109375,745.0762939453125,58.828125,96.9283447265625,0.7387728691101074,-1,-1,-1
239,2,2564.0078125,569.5047607421875,24.11474609375,47.31842041015625,0.4604152739048004,-1,-1,-1
239,3,3738.240966796875,794.7890014648438,54.306396484375,99.92431640625,0.7383415102958679,-1,-1,-1
239,7,3031.638671875,602.5073852539062,20.326416015625,56.29217529296875,0.5541889071464539,-1,-1,-1
239,10,4085.670654296875,533.4871826171875,19.178466796875,30.85369873046875,0.30642011761665344,-1,-1,-1
239,202,3606.040771484375,602.2387084960938,24.11962890625,53.6021728515625,0.3448736071586609,-1,-1,-1
239,251,3310.5087890625,519.2357177734375,14.856201171875,28.11077880859375,0.2704484164714813,-1,-1,-1
239,24,3547.951904296875,604.0557250976562,19.7392578125,55.3363037109375,0.4220251441001892,-1,-1,-1
239,253,3097.1044921875,549.372314453125,15.80224609375,32.80419921875,0.4417917728424072,-1,-1,-1
240,1,2446.160888671875,744.3472900390625,52.490478515625,96.96795654296875,0.7729873657226562,-1,-1,-1
240,2,2566.15283203125,569.111083984375,22.98974609375,46.72210693359375,0.47357451915740967,-1,-1,-1
240,3,3739.62158203125,795.1838989257812,53.55126953125,99.9991455078125,0.7335442900657654,-1,-1,-1
240,7,3032.73583984375,602.3178100585938,21.667236328125,57.11297607421875,0.5587537884712219,-1,-1,-1
240,10,4084.3193359375,534.2398681640625,20.4462890625,29.4923095703125,0.2567228078842163,-1,-1,-1
240,202,3608.3193359375,602.6427001953125,21.264892578125,53.2860107421875,0.36743804812431335,-1,-1,-1
240,24,3547.83984375,603.356201171875,20.214111328125,55.90673828125,0.497598797082901,-1,-1,-1
240,253,3098.903076171875,550.1636352539062,16.499755859375,31.5994873046875,0.27515721321105957,-1,-1,-1
241,1,2453.456787109375,742.6597900390625,46.176025390625,96.2655029296875,0.7551469206809998,-1,-1,-1
241,2,2569.404296875,569.0005493164062,20.340087890625,46.931884765625,0.5627042651176453,-1,-1,-1
241,3,3742.72998046875,795.2315063476562,50.847900390625,100.01513671875,0.7238435745239258,-1,-1,-1
241,7,3033.59033203125,601.8319702148438,23.53662109375,57.05682373046875,0.5246413946151733,-1,-1,-1
241,202,3610.70751953125,603.3657836914062,19.73876953125,52.24359130859375,0.33702367544174194,-1,-1,-1
241,24,3548.14501953125,603.0101928710938,21.1689453125,56.4974365234375,0.5321769118309021,-1,-1,-1
242,1,2461.442626953125,742.2903442382812,38.083984375,94.89105224609375,0.6573326587677002,-1,-1,-1
242,2,2571.6181640625,568.7277221679688,18.98388671875,46.7532958984375,0.5313944220542908,-1,-1,-1
242,3,3745.5615234375,794.8804931640625,48.187744140625,100.4873046875,0.7011224627494812,-1,-1,-1
242,7,3035.80078125,601.6249389648438,25.350830078125,57.363037109375,0.49315470457077026,-1,-1,-1
242,202,3611.92138671875,604.2039794921875,19.28271484375,50.966064453125,0.25141602754592896,-1,-1,-1
242,24,3549.061767578125,602.6756591796875,20.3408203125,56.839111328125,0.46957477927207947,-1,-1,-1
242,262,3064.6240234375,518.2591552734375,18.02685546875,28.83587646484375,0.35783034563064575,-1,-1,-1
243,1,2468.108642578125,742.1065673828125,33.141845703125,94.35650634765625,0.5562185645103455,-1,-1,-1
243,2,2573.203125,568.3181762695312,19.22802734375,47.17822265625,0.5440781712532043,-1,-1,-1
243,3,3747.571044921875,794.7474365234375,46.22412109375,100.86962890625,0.680000901222229,-1,-1,-1
243,7,3036.414794921875,600.3450317382812,26.63037109375,58.435302734375,0.5564106106758118,-1,-1,-1
243,202,3612.545166015625,604.432861328125,20.078125,51.26373291015625,0.2632937729358673,-1,-1,-1
243,24,3550.052490234375,602.6689453125,19.938232421875,56.10589599609375,0.4518702030181885,-1,-1,-1
243,262,3066.379150390625,518.6661987304688,17.349365234375,27.6104736328125,0.3084798753261566,-1,-1,-1
244,1,2473.937744140625,742.3396606445312,32.035888671875,95.58892822265625,0.6121482849121094,-1,-1,-1
244,2,2575.193603515625,567.9281005859375,20.873291015625,47.91168212890625,0.5578222274780273,-1,-1,-1
244,3,3748.67041015625,795.1859741210938,45.13916015625,100.62664794921875,0.6979023814201355,-1,-1,-1
244,7,3037.61376953125,599.8994750976562,26.615234375,59.14874267578125,0.58111971616745,-1,-1,-1
244,202,3612.227294921875,603.4877319335938,22.2685546875,52.80572509765625,0.3754635751247406,-1,-1,-1
244,24,3551.057861328125,601.3529663085938,19.197998046875,56.031982421875,0.5551336407661438,-1,-1,-1
244,262,3068.648193359375,518.0812377929688,15.769287109375,27.8052978515625,0.27135586738586426,-1,-1,-1
245,1,2476.946533203125,741.4801025390625,32.90966796875,97.97064208984375,0.6685665249824524,-1,-1,-1
245,2,2575.78515625,567.9998779296875,22.350341796875,46.51019287109375,0.5538551211357117,-1,-1,-1
245,3,3749.531005859375,794.9034423828125,44.12060546875,100.8199462890625,0.7292909622192383,-1,-1,-1
245,7,3038.274169921875,599.28076171875,27.481201171875,60.38043212890625,0.6287424564361572,-1,-1,-1
245,202,3612.27294921875,603.0327758789062,22.97509765625,53.74066162109375,0.38118165731430054,-1,-1,-1
245,24,3551.628662109375,600.6566772460938,19.36376953125,54.33721923828125,0.5900458097457886,-1,-1,-1
245,262,3070.212890625,518.41748046875,14.373779296875,27.24932861328125,0.28518441319465637,-1,-1,-1
246,1,2478.600341796875,742.1472778320312,35.40185546875,96.81640625,0.70937180519104,-1,-1,-1
246,2,2576.482666015625,567.9801635742188,24.319091796875,47.27301025390625,0.526422917842865,-1,-1,-1
246,3,3750.31787109375,794.900634765625,43.108154296875,100.84326171875,0.7292099595069885,-1,-1,-1
246,7,3040.360595703125,598.916015625,27.068115234375,59.60418701171875,0.6440701484680176,-1,-1,-1
246,202,3612.41796875,602.9110107421875,23.26708984375,54.05120849609375,0.3680482804775238,-1,-1,-1
246,24,3552.19580078125,600.0216064453125,19.433837890625,53.53436279296875,0.5840176939964294,-1,-1,-1
246,262,3071.175048828125,517.9695434570312,12.8408203125,28.10955810546875,0.35351231694221497,-1,-1,-1
247,1,2479.5830078125,742.8462524414062,41.03369140625,96.15545654296875,0.7236997485160828,-1,-1,-1
247,2,2577.246826171875,567.5031127929688,25.878173828125,47.87908935546875,0.5518368482589722,-1,-1,-1
247,3,3751.1123046875,795.2987060546875,42.111328125,100.5894775390625,0.7190287113189697,-1,-1,-1
247,7,3042.773193359375,599.6768798828125,26.330078125,58.52557373046875,0.5027303695678711,-1,-1,-1
247,202,3612.662353515625,603.3916625976562,23.616455078125,52.83154296875,0.3369170129299164,-1,-1,-1
247,24,3552.457275390625,599.9663696289062,19.43115234375,54.55108642578125,0.597209095954895,-1,-1,-1
247,262,3072.077880859375,517.6680908203125,12.58203125,28.262939453125,0.26613491773605347,-1,-1,-1
248,1,2480.8671875,740.8135986328125,45.36962890625,96.5343017578125,0.763664186000824,-1,-1,-1
248,2,2578.685791015625,567.4183959960938,26.066650390625,47.59625244140625,0.5523181557655334,-1,-1,-1
248,3,3751.3779296875,795.5774536132812,41.6962890625,100.3311767578125,0.7241516709327698,-1,-1,-1
248,7,3044.436279296875,599.6812744140625,25.562744140625,58.271240234375,0.4943133294582367,-1,-1,-1
248,202,3612.818603515625,603.0789794921875,23.78125,52.69146728515625,0.3326950967311859,-1,-1,-1
248,24,3552.583984375,600.6598510742188,19.734130859375,54.2440185546875,0.5414636135101318,-1,-1,-1
249,1,2481.58935546875,740.96337890625,50.01708984375,95.4560546875,0.7249258160591125,-1,-1,-1
249,2,2580.7666015625,566.7979736328125,26.080322265625,47.66778564453125,0.560447633266449,-1,-1,-1
249,3,3751.47607421875,795.670166015625,41.4306640625,100.23651123046875,0.7305216789245605,-1,-1,-1
249,7,3046.369873046875,599.5220947265625,24.70458984375,57.95843505859375,0.49132806062698364,-1,-1,-1
249,202,3612.916259765625,602.6771240234375,23.9130859375,53.1998291015625,0.35360226035118103,-1,-1,-1
249,24,3553.18505859375,601.0403442382812,19.040283203125,53.82476806640625,0.5001460313796997,-1,-1,-1
249,253,3113.313720703125,542.6199951171875,19.077392578125,39.848388671875,0.40785402059555054,-1,-1,-1
250,1,2482.07958984375,742.236328125,53.89404296875,94.30133056640625,0.7266662120819092,-1,-1,-1
250,2,2582.49560546875,566.06884765625,26.138427734375,48.746826171875,0.5032950043678284,-1,-1,-1
250,3,3751.634033203125,795.7886962890625,41.201904296875,100.16522216796875,0.7324299216270447,-1,-1,-1
250,7,3048.80419921875,598.1512451171875,22.916015625,59.48590087890625,0.4740793704986572,-1,-1,-1
250,202,3612.98876953125,602.3636474609375,23.97900390625,53.357177734375,0.3406645655632019,-1,-1,-1
250,24,3553.82568359375,601.3824462890625,18.458984375,51.94683837890625,0.40859463810920715,-1,-1,-1
250,253,3116.17822265625,542.5836791992188,18.470703125,38.64434814453125,0.4404410719871521,-1,-1,-1
251,1,2481.97314453125,743.1156616210938,56.843505859375,93.3463134765625,0.7308458685874939,-1,-1,-1
251,2,2584.25048828125,566.7373657226562,26.217529296875,47.5963134765625,0.29005855321884155,-1,-1,-1
251,3,3751.521484375,794.6334228515625,40.953125,101.27911376953125,0.733592689037323,-1,-1,-1
251,7,3050.808837890625,597.1280517578125,22.638916015625,60.30169677734375,0.4383809566497803,-1,-1,-1
251,202,3613.703369140625,603.1998901367188,23.129150390625,51.44256591796875,0.28023919463157654,-1,-1,-1
251,24,3554.8466796875,601.2825317382812,18.34423828125,52.6424560546875,0.4367494285106659,-1,-1,-1
251,253,3118.003173828125,542.4615478515625,18.9560546875,38.21783447265625,0.48590323328971863,-1,-1,-1
251,251,3307.6923828125,516.2952270507812,14.491943359375,32.60198974609375,0.2828235626220703,-1,-1,-1
252,1,2485.139892578125,742.2794189453125,55.242919921875,94.345703125,0.7047492861747742,-1,-1,-1
252,3,3751.55078125,794.1980590820312,40.62939453125,101.64678955078125,0.7280235290527344,-1,-1,-1
252,7,3051.638916015625,596.6543579101562,22.297607421875,60.53875732421875,0.4342246651649475,-1,-1,-1
252,202,3614.05029296875,603.6927490234375,22.659423828125,50.8770751953125,0.2531210780143738,-1,-1,-1
252,24,3556.1240234375,601.5677490234375,17.329833984375,50.74853515625,0.43659067153930664,-1,-1,-1
252,253,3119.0390625,542.251708984375,19.796875,37.20648193359375,0.48352542519569397,-1,-1,-1
252,251,3307.621337890625,515.904296875,14.566650390625,33.290771484375,0.2935428023338318,-1,-1,-1
253,1,2488.966064453125,740.4644775390625,52.661376953125,95.88470458984375,0.6582298874855042,-1,-1,-1
253,3,3751.4638671875,794.0009765625,40.50830078125,101.760009765625,0.7330615520477295,-1,-1,-1
253,7,3052.2587890625,595.4893188476562,24.773193359375,62.294677734375,0.4262997806072235,-1,-1,-1
253,202,3614.067138671875,601.8121337890625,23.279541015625,52.3863525390625,0.28871241211891174,-1,-1,-1
253,24,3556.75048828125,601.5160522460938,17.0791015625,50.58099365234375,0.4745461940765381,-1,-1,-1
253,253,3120.006103515625,542.3469848632812,19.90087890625,36.671875,0.45140504837036133,-1,-1,-1
253,251,3307.6396484375,515.59033203125,14.623779296875,34.1632080078125,0.3068585991859436,-1,-1,-1
253,2,2589.606201171875,566.05126953125,26.43212890625,46.44696044921875,0.3043300211429596,-1,-1,-1
254,1,2494.76953125,740.097412109375,46.506103515625,96.38482666015625,0.633587658405304,-1,-1,-1
254,3,3751.235595703125,793.9852294921875,40.4921875,101.8154296875,0.7208732962608337,-1,-1,-1
254,7,3053.076416015625,594.5272216796875,25.216552734375,62.74432373046875,0.39107203483581543,-1,-1,-1
254,202,3613.978759765625,600.3525390625,23.53955078125,53.63970947265625,0.27949994802474976,-1,-1,-1
254,24,3557.181884765625,601.2891845703125,17.10400390625,49.780029296875,0.4760558009147644,-1,-1,-1
254,253,3121.916015625,541.9507446289062,19.407958984375,37.8917236328125,0.4537612497806549,-1,-1,-1
254,251,3307.76953125,515.5331420898438,14.63134765625,35.0701904296875,0.2992780804634094,-1,-1,-1
254,2,2592.281982421875,565.8921508789062,25.152587890625,46.66156005859375,0.3284838795661926,-1,-1,-1
255,1,2501.4541015625,739.7507934570312,40.057373046875,97.33416748046875,0.6112527847290039,-1,-1,-1
255,3,3751.10693359375,794.0971069335938,40.24609375,101.72637939453125,0.7147921919822693,-1,-1,-1
255,7,3055.3193359375,594.3208618164062,24.79833984375,62.5491943359375,0.4673938453197479,-1,-1,-1
255,202,3613.907958984375,599.0883178710938,23.725341796875,54.5230712890625,0.2837868332862854,-1,-1,-1
255,24,3557.912109375,601.093505859375,16.73974609375,50.081298828125,0.4742507040500641,-1,-1,-1
255,253,3124.123291015625,542.287841796875,18.015380859375,37.10040283203125,0.4205178916454315,-1,-1,-1
255,251,3307.85400390625,515.7801513671875,14.65625,35.34466552734375,0.3043956458568573,-1,-1,-1
255,2,2595.96533203125,565.83447265625,21.966064453125,45.12957763671875,0.4066604971885681,-1,-1,-1
256,1,2506.715087890625,739.1951904296875,37.896728515625,98.65167236328125,0.7337196469306946,-1,-1,-1
256,3,3751.0458984375,794.201416015625,40.11669921875,101.6021728515625,0.7025906443595886,-1,-1,-1
256,7,3056.548583984375,595.334228515625,26.76953125,61.2867431640625,0.46978870034217834,-1,-1,-1
256,202,3613.944580078125,598.5299682617188,23.6962890625,53.918701171875,0.29586470127105713,-1,-1,-1
256,24,3558.594970703125,601.1842651367188,16.242431640625,49.71240234375,0.42428910732269287,-1,-1,-1
256,253,3125.656982421875,541.6109008789062,19.5205078125,39.2303466796875,0.25628647208213806,-1,-1,-1
256,251,3307.968994140625,516.1680908203125,14.748046875,34.93682861328125,0.2809648811817169,-1,-1,-1
256,2,2598.845947265625,565.7981567382812,21.20263671875,45.12762451171875,0.4256425201892853,-1,-1,-1
256,278,4074.339599609375,527.292236328125,19.938232421875,33.55780029296875,0.32358869910240173,-1,-1,-1
257,1,2510.519775390625,739.33984375,36.80419921875,98.37335205078125,0.7518681287765503,-1,-1,-1
257,3,3751.00830078125,794.4133911132812,40.013671875,101.28582763671875,0.7021846175193787,-1,-1,-1
257,7,3057.950439453125,595.9700317382812,27.998046875,60.1802978515625,0.45769017934799194,-1,-1,-1
257,202,3613.7880859375,598.2163696289062,23.809814453125,52.22113037109375,0.3099268674850464,-1,-1,-1
257,24,3558.7646484375,601.029541015625,15.760498046875,47.783447265625,0.31279388070106506,-1,-1,-1
257,251,3308.064453125,516.6312866210938,14.83349609375,34.5955810546875,0.27322885394096375,-1,-1,-1
257,2,2600.486328125,565.5975952148438,20.063720703125,43.64666748046875,0.4107078015804291,-1,-1,-1
257,278,4074.253662109375,527.1929931640625,19.8818359375,33.20086669921875,0.3258260190486908,-1,-1,-1
258,1,2513.36279296875,738.6319580078125,37.99365234375,98.9447021484375,0.7722971439361572,-1,-1,-1
258,3,3750.8505859375,794.5676879882812,39.98974609375,101.19927978515625,0.6906047463417053,-1,-1,-1
258,7,3059.15869140625,597.7599487304688,28.30126953125,57.78814697265625,0.4419706463813782,-1,-1,-1
258,202,3613.707275390625,598.258056640625,23.99658203125,50.8807373046875,0.3209843337535858,-1,-1,-1
258,251,3308.0810546875,517.27685546875,14.885986328125,33.922607421875,0.2919667959213257,-1,-1,-1
258,2,2602.53857421875,564.9575805664062,20.7001953125,44.3231201171875,0.483502060174942,-1,-1,-1
258,278,4073.906005859375,527.66943359375,18.730224609375,30.75933837890625,0.39210256934165955,-1,-1,-1
259,1,2515.531005859375,739.1183471679688,37.8515625,98.80438232421875,0.7259578108787537,-1,-1,-1
259,3,3750.70166015625,794.5744018554688,40.04541015625,101.22833251953125,0.6681395173072815,-1,-1,-1
259,7,3060.478515625,598.0564575195312,28.2138671875,57.93096923828125,0.4488375782966614,-1,-1,-1
259,202,3613.688232421875,598.1033935546875,24.365478515625,50.90277099609375,0.3281685411930084,-1,-1,-1
259,2,2603.656494140625,564.7406616210938,22.07470703125,45.0380859375,0.44849351048469543,-1,-1,-1
259,278,4073.878662109375,528.2685546875,17.95068359375,30.57958984375,0.3832738995552063,-1,-1,-1
259,24,3559.368408203125,600.1384887695312,15.854248046875,45.91546630859375,0.33213838934898376,-1,-1,-1
260,1,2519.092529296875,739.300537109375,37.7880859375,97.6171875,0.7156953811645508,-1,-1,-1
260,3,3750.38671875,794.9437866210938,40.329345703125,100.8145751953125,0.6670926809310913,-1,-1,-1
260,7,3062.754638671875,597.8850708007812,26.560546875,56.3443603515625,0.40436193346977234,-1,-1,-1
260,202,3613.718505859375,598.6588134765625,24.42431640625,49.6910400390625,0.30086663365364075,-1,-1,-1
260,2,2604.88525390625,565.456298828125,23.196044921875,44.00262451171875,0.45022010803222656,-1,-1,-1
260,278,4073.81103515625,528.35791015625,18.552001953125,28.9521484375,0.32854580879211426,-1,-1,-1
260,24,3559.64501953125,600.1065673828125,16.5947265625,45.75421142578125,0.3102611303329468,-1,-1,-1
261,1,2521.8994140625,740.10302734375,38.626708984375,95.78143310546875,0.6637717485427856,-1,-1,-1
261,3,3750.06689453125,795.2826538085938,40.618896484375,100.50152587890625,0.6730287671089172,-1,-1,-1
261,7,3064.308837890625,596.9957885742188,24.978271484375,55.4014892578125,0.4542909264564514,-1,-1,-1
261,202,3613.63623046875,598.7848510742188,24.396728515625,49.1138916015625,0.3102152347564697,-1,-1,-1
261,2,2606.395751953125,565.7827758789062,24.553955078125,43.9571533203125,0.44148579239845276,-1,-1,-1
261,278,4073.791259765625,528.60302734375,19.064453125,28.14892578125,0.360374391078949,-1,-1,-1
261,24,3559.917724609375,598.8471069335938,18.401611328125,44.63555908203125,0.3436761498451233,-1,-1,-1
261,251,3306.77197265625,517.2246704101562,15.5302734375,33.729736328125,0.25755229592323303,-1,-1,-1
262,1,2523.324462890625,740.2066650390625,43.79833984375,95.9451904296875,0.62004154920578,-1,-1,-1
262,3,3749.970703125,795.4388427734375,40.610595703125,100.3330078125,0.6640332341194153,-1,-1,-1
262,7,3068.73828125,596.6561889648438,21.68896484375,53.98419189453125,0.4475761950016022,-1,-1,-1
262,202,3613.5009765625,598.9331665039062,24.5537109375,48.22161865234375,0.2977372705936432,-1,-1,-1
262,2,2607.375,565.1776733398438,25.937255859375,43.58184814453125,0.44480615854263306,-1,-1,-1
262,278,4073.78857421875,528.394775390625,18.886474609375,28.2991943359375,0.383012980222702,-1,-1,-1
262,24,3560.13623046875,597.2869873046875,19.30126953125,46.86724853515625,0.33153659105300903,-1,-1,-1
262,251,3306.385986328125,516.6444702148438,15.6259765625,33.9058837890625,0.2520914673805237,-1,-1,-1
263,1,2523.699462890625,739.8462524414062,50.559326171875,95.69927978515625,0.6572325229644775,-1,-1,-1
263,3,3749.97998046875,795.4112548828125,40.38134765625,100.33740234375,0.6597344279289246,-1,-1,-1
263,7,3071.415771484375,596.208251953125,21.1025390625,52.41448974609375,0.3851919174194336,-1,-1,-1
263,202,3613.288818359375,598.80810546875,24.682861328125,48.4718017578125,0.31651872396469116,-1,-1,-1
263,2,2609.61279296875,565.1103515625,27.8974609375,42.9503173828125,0.3560434877872467,-1,-1,-1
263,278,4073.6904296875,528.164794921875,18.527099609375,28.5250244140625,0.4037697911262512,-1,-1,-1
263,24,3560.16162109375,596.297607421875,20.0185546875,48.37664794921875,0.34123551845550537,-1,-1,-1
264,1,2524.33251953125,740.0650634765625,55.295166015625,94.90325927734375,0.6563040614128113,-1,-1,-1
264,3,3749.86962890625,795.5762939453125,40.23876953125,100.3004150390625,0.6604105830192566,-1,-1,-1
264,7,3072.18896484375,595.4605712890625,22.00830078125,54.8916015625,0.3033177852630615,-1,-1,-1
264,202,3613.267333984375,598.6121826171875,24.677001953125,49.516845703125,0.3156830370426178,-1,-1,-1
264,2,2611.601806640625,565.3212280273438,26.62353515625,41.59814453125,0.40174004435539246,-1,-1,-1
264,278,4073.5537109375,527.9354858398438,17.557861328125,28.96417236328125,0.4102206230163574,-1,-1,-1
264,24,3560.146728515625,595.5269165039062,21.23046875,49.2913818359375,0.2970142364501953,-1,-1,-1
265,1,2524.619140625,739.4878540039062,58.819580078125,94.90142822265625,0.6921145915985107,-1,-1,-1
265,3,3750.20947265625,795.1341552734375,39.83251953125,100.76251220703125,0.6401235461235046,-1,-1,-1
265,2,2614.109619140625,564.8882446289062,24.135009765625,40.22796630859375,0.37818071246147156,-1,-1,-1
265,278,4073.380126953125,527.6762084960938,16.472412109375,29.027099609375,0.412592351436615,-1,-1,-1
265,24,3560.093017578125,595.3024291992188,21.837890625,48.92529296875,0.3135106861591339,-1,-1,-1
265,291,3585.670654296875,520.2213134765625,18.78662109375,56.38726806640625,0.3181796967983246,-1,-1,-1
266,1,2527.15966796875,737.8319091796875,57.80908203125,95.38446044921875,0.7206130623817444,-1,-1,-1
266,3,3750.524658203125,795.7089233398438,39.194580078125,100.18280029296875,0.6609168648719788,-1,-1,-1
266,2,2615.608154296875,564.8360595703125,25.07470703125,40.69140625,0.3056000769138336,-1,-1,-1
266,278,4073.21630859375,527.5506591796875,15.9306640625,29.0638427734375,0.42201048135757446,-1,-1,-1
266,24,3560.050537109375,595.2744750976562,21.832763671875,47.7115478515625,0.28839507699012756,-1,-1,-1
266,291,3585.66259765625,520.7861328125,18.750244140625,55.63568115234375,0.3205133080482483,-1,-1,-1
267,1,2532.236572265625,736.4338989257812,53.022705078125,96.68359375,0.7392211556434631,-1,-1,-1
267,3,3750.661865234375,795.6766357421875,38.767822265625,100.22869873046875,0.6641397476196289,-1,-1,-1
267,2,2618.09912109375,563.90771484375,24.4208984375,42.02117919921875,0.32022133469581604,-1,-1,-1
267,278,4072.975830078125,527.5293579101562,15.630615234375,29.34893798828125,0.4437920153141022,-1,-1,-1
267,24,3560.021484375,595.320068359375,22.186767578125,47.37408447265625,0.3128414452075958,-1,-1,-1
267,291,3585.635009765625,521.2559814453125,18.561767578125,55.22882080078125,0.32035934925079346,-1,-1,-1
267,202,3613.576904296875,597.8626098632812,24.69970703125,48.137939453125,0.2854035496711731,-1,-1,-1
268,1,2536.8896484375,735.5985107421875,48.0185546875,97.32086181640625,0.6959319710731506,-1,-1,-1
268,3,3750.57421875,795.392578125,38.744140625,100.40283203125,0.6618385910987854,-1,-1,-1
268,2,2619.607421875,561.8123779296875,24.721923828125,44.0577392578125,0.32421374320983887,-1,-1,-1
268,278,4072.766357421875,527.68115234375,15.460693359375,29.01544189453125,0.39759594202041626,-1,-1,-1
268,24,3559.971435546875,595.451904296875,22.097900390625,47.7437744140625,0.3079847991466522,-1,-1,-1
268,291,3585.61279296875,521.5059204101562,18.2880859375,54.5592041015625,0.2713582217693329,-1,-1,-1
268,202,3613.680908203125,596.556396484375,24.776611328125,49.70465087890625,0.2811702787876129,-1,-1,-1
269,1,2543.118896484375,735.5984497070312,43.172607421875,97.34515380859375,0.6148880124092102,-1,-1,-1
269,3,3750.52685546875,795.427978515625,38.652099609375,100.3189697265625,0.6545974612236023,-1,-1,-1
269,2,2621.170654296875,561.0062866210938,24.0986328125,44.9471435546875,0.34398961067199707,-1,-1,-1
269,278,4072.50244140625,527.7893676757812,15.561279296875,28.32440185546875,0.36539098620414734,-1,-1,-1
269,24,3560.0126953125,595.6804809570312,21.94091796875,48.169677734375,0.28576985001564026,-1,-1,-1
270,1,2548.380126953125,735.824462890625,38.63623046875,97.22064208984375,0.614177405834198,-1,-1,-1
270,3,3750.489013671875,795.65966796875,38.156005859375,100.0440673828125,0.6363070607185364,-1,-1,-1
270,2,2623.7412109375,560.6331787109375,22.49609375,45.5377197265625,0.33450397849082947,-1,-1,-1
270,278,4072.342041015625,527.9239501953125,15.669677734375,28.155029296875,0.35226577520370483,-1,-1,-1
270,291,3585.60302734375,521.3828735351562,18.009765625,54.05169677734375,0.2673788368701935,-1,-1,-1
271,1,2554.32861328125,735.25537109375,33.708251953125,96.804931640625,0.510376513004303,-1,-1,-1
271,3,3750.452392578125,795.95263671875,37.95361328125,99.73651123046875,0.6335709691047668,-1,-1,-1
271,2,2626.22607421875,561.0670776367188,20.65673828125,44.31591796875,0.3704470992088318,-1,-1,-1
271,278,4072.33056640625,527.8672485351562,15.821044921875,28.7677001953125,0.315095454454422,-1,-1,-1
271,291,3585.874755859375,521.3919677734375,17.650146484375,53.69500732421875,0.2602379620075226,-1,-1,-1
272,1,2559.24755859375,734.8130493164062,31.578857421875,94.8958740234375,0.6057875752449036,-1,-1,-1
272,3,3749.870361328125,796.4100952148438,38.08837890625,99.17950439453125,0.6276090145111084,-1,-1,-1
272,2,2628.7265625,560.3045654296875,19.95361328125,45.63726806640625,0.43458303809165955,-1,-1,-1
272,278,4072.084228515625,528.3930053710938,15.3125,28.5223388671875,0.32393738627433777,-1,-1,-1
272,291,3585.8701171875,520.6925659179688,17.45703125,54.1480712890625,0.2734907269477844,-1,-1,-1
272,24,3559.838134765625,593.5585327148438,23.811767578125,51.17626953125,0.25947701930999756,-1,-1,-1
273,1,2562.8076171875,734.21728515625,29.086181640625,96.1533203125,0.6220744252204895,-1,-1,-1
273,3,3749.434814453125,796.773193359375,37.7529296875,98.82269287109375,0.6166218519210815,-1,-1,-1
273,2,2629.890869140625,560.684814453125,21.680908203125,46.62103271484375,0.4611286520957947,-1,-1,-1
273,278,4071.846435546875,528.2673950195312,14.748779296875,28.95318603515625,0.38237902522087097,-1,-1,-1
273,291,3585.91943359375,520.4550170898438,17.373291015625,54.87890625,0.27547040581703186,-1,-1,-1
273,24,3559.77587890625,592.3610229492188,24.755859375,53.165283203125,0.26063400506973267,-1,-1,-1
273,7,3084.462158203125,594.3721923828125,26.18017578125,54.22698974609375,0.37163257598876953,-1,-1,-1
274,1,2566.0107421875,733.4550170898438,30.798828125,96.76324462890625,0.7316526174545288,-1,-1,-1
274,3,3749.04150390625,796.8922119140625,37.634765625,98.851806640625,0.6441956758499146,-1,-1,-1
274,2,2631.09375,559.8839721679688,22.453369140625,48.02313232421875,0.5166192650794983,-1,-1,-1
274,278,4071.123291015625,528.3763427734375,14.525390625,27.92669677734375,0.45201945304870605,-1,-1,-1
274,291,3585.57275390625,520.4493408203125,19.4892578125,58.2740478515625,0.32941973209381104,-1,-1,-1
274,24,3559.79296875,591.8193969726562,24.91796875,53.275146484375,0.2665119767189026,-1,-1,-1
274,7,3086.50537109375,594.2017822265625,25.503662109375,54.109375,0.40430518984794617,-1,-1,-1
275,1,2568.691162109375,733.0642700195312,33.304931640625,97.4307861328125,0.8034340143203735,-1,-1,-1
275,3,3748.7080078125,797.0439453125,37.60302734375,98.67669677734375,0.6516295075416565,-1,-1,-1
275,2,2633.8515625,559.8070068359375,21.376953125,47.80731201171875,0.6036107540130615,-1,-1,-1
275,278,4070.77978515625,528.1463012695312,14.421142578125,28.60833740234375,0.481408953666687,-1,-1,-1
275,291,3585.856689453125,520.3381958007812,18.160400390625,57.063720703125,0.29629361629486084,-1,-1,-1
275,24,3559.935791015625,592.4500732421875,24.744140625,51.37738037109375,0.29033878445625305,-1,-1,-1
275,7,3089.1455078125,593.9902954101562,24.04248046875,53.98504638671875,0.35066673159599304,-1,-1,-1
276,1,2569.552001953125,732.6549682617188,39.581787109375,98.2481689453125,0.7956536412239075,-1,-1,-1
276,3,3748.34326171875,796.2105102539062,38.10009765625,99.42828369140625,0.661905825138092,-1,-1,-1
276,2,2634.00830078125,559.9745483398438,24.66455078125,47.8016357421875,0.5120674967765808,-1,-1,-1
276,278,4069.88818359375,528.0420532226562,14.7998046875,30.3941650390625,0.508452296257019,-1,-1,-1
276,291,3585.99072265625,520.06005859375,17.5771484375,56.020751953125,0.2566359341144562,-1,-1,-1
276,7,3090.998779296875,593.4292602539062,23.322998046875,54.10821533203125,0.3675329089164734,-1,-1,-1
277,1,2570.51318359375,733.591064453125,41.96923828125,96.9124755859375,0.7278108596801758,-1,-1,-1
277,3,3748.020751953125,796.0372314453125,38.37451171875,99.52783203125,0.658409595489502,-1,-1,-1
277,2,2635.4248046875,560.5278930664062,26.0810546875,46.12109375,0.44757819175720215,-1,-1,-1
277,278,4069.403076171875,528.227294921875,15.150634765625,31.3829345703125,0.5291929841041565,-1,-1,-1
277,291,3586.078857421875,519.5927734375,17.33203125,55.5728759765625,0.29345571994781494,-1,-1,-1
278,1,2570.969970703125,733.7568359375,45.1455078125,95.97772216796875,0.680352509021759,-1,-1,-1
278,3,3747.48974609375,795.9480590820312,38.922607421875,99.64361572265625,0.6606464982032776,-1,-1,-1
278,2,2636.958740234375,562.2972412109375,25.984375,42.3189697265625,0.3373383581638336,-1,-1,-1
278,278,4068.571044921875,529.0266723632812,15.925048828125,30.9212646484375,0.4489550292491913,-1,-1,-1
278,291,3586.054443359375,518.144775390625,17.362060546875,56.79241943359375,0.3002912104129791,-1,-1,-1
278,7,3094.27001953125,593.6829223632812,21.430908203125,51.46905517578125,0.33564507961273193,-1,-1,-1
279,1,2571.0361328125,734.25146484375,48.8076171875,94.57098388671875,0.6109116077423096,-1,-1,-1
279,3,3747.005126953125,795.9895629882812,39.41162109375,99.59368896484375,0.6573584675788879,-1,-1,-1
279,278,4067.84521484375,529.8085327148438,16.58447265625,30.10247802734375,0.42057865858078003,-1,-1,-1
279,291,3586.01171875,517.45458984375,17.41650390625,57.26361083984375,0.3361643850803375,-1,-1,-1
279,7,3096.328857421875,593.8427734375,20.419921875,50.367431640625,0.35367634892463684,-1,-1,-1
279,253,3167.20703125,543.2617797851562,19.954833984375,32.262939453125,0.3328448235988617,-1,-1,-1
280,1,2572.608154296875,734.0033569335938,51.27734375,95.011474609375,0.6359255909919739,-1,-1,-1
280,3,3746.131103515625,796.7813110351562,39.865478515625,98.9007568359375,0.6523103713989258,-1,-1,-1
280,278,4067.17529296875,530.219970703125,16.80859375,29.93255615234375,0.40605348348617554,-1,-1,-1
280,291,3585.978271484375,516.8309326171875,17.392822265625,58.0274658203125,0.31701067090034485,-1,-1,-1
280,7,3098.243896484375,593.4746704101562,21.18115234375,50.2799072265625,0.33866170048713684,-1,-1,-1
280,253,3169.88427734375,543.7315673828125,17.8759765625,30.34991455078125,0.283176064491272,-1,-1,-1
281,1,2574.3583984375,733.3303833007812,52.00927734375,95.3841552734375,0.6295942664146423,-1,-1,-1
281,3,3745.646484375,796.2207641601562,40.587890625,99.497802734375,0.6446864008903503,-1,-1,-1
281,278,4067.091064453125,529.2673950195312,16.684814453125,30.78961181640625,0.43531090021133423,-1,-1,-1
281,291,3585.982666015625,517.0535278320312,17.43115234375,57.635498046875,0.2960399389266968,-1,-1,-1
281,7,3099.3037109375,594.01318359375,22.656005859375,49.39569091796875,0.30218029022216797,-1,-1,-1
281,253,3172.2724609375,543.668212890625,16.8203125,30.20068359375,0.2944048345088959,-1,-1,-1
281,2,2645.636474609375,559.3041381835938,24.24755859375,40.2071533203125,0.3149324655532837,-1,-1,-1
282,1,2576.528564453125,732.9631958007812,51.565673828125,95.03436279296875,0.6661769151687622,-1,-1,-1
282,3,3744.873291015625,796.805908203125,40.96630859375,98.94805908203125,0.6404423713684082,-1,-1,-1
282,278,4067.199951171875,528.228759765625,16.3486328125,31.6231689453125,0.4562245309352875,-1,-1,-1
282,291,3585.927490234375,517.3093872070312,17.446533203125,57.1719970703125,0.3259847164154053,-1,-1,-1
282,253,3173.961181640625,545.0020751953125,16.968994140625,29.2625732421875,0.3246322274208069,-1,-1,-1
282,2,2648.404296875,558.8232421875,22.452880859375,39.05963134765625,0.31008127331733704,-1,-1,-1
283,1,2581.619140625,732.3677978515625,48.6904296875,95.2701416015625,0.691532552242279,-1,-1,-1
283,3,3744.541259765625,796.8338012695312,41.071533203125,98.797607421875,0.6409854292869568,-1,-1,-1
283,278,4067.034423828125,527.5506591796875,16.042724609375,32.1478271484375,0.4731396436691284,-1,-1,-1
283,291,3585.80810546875,518.0239868164062,17.724853515625,55.9610595703125,0.32623422145843506,-1,-1,-1
283,253,3175.9013671875,543.837890625,16.819580078125,30.6397705078125,0.32241326570510864,-1,-1,-1
283,2,2651.220458984375,557.6577758789062,20.705078125,40.6370849609375,0.3859807550907135,-1,-1,-1
283,24,3565.96240234375,592.6638793945312,24.764892578125,48.298828125,0.37169885635375977,-1,-1,-1
284,1,2587.8896484375,731.9775390625,43.925537109375,94.6937255859375,0.7244614958763123,-1,-1,-1
284,3,3744.095703125,796.8321533203125,41.2919921875,98.7093505859375,0.6587371826171875,-1,-1,-1
284,278,4066.591796875,527.330078125,15.766845703125,31.2760009765625,0.46164706349372864,-1,-1,-1
284,291,3585.863525390625,518.3467407226562,17.782470703125,54.8968505859375,0.33489108085632324,-1,-1,-1
284,253,3177.81640625,542.2516479492188,15.6728515625,32.334228515625,0.349516361951828,-1,-1,-1
284,2,2654.0947265625,555.9974975585938,18.609130859375,41.37841796875,0.41911497712135315,-1,-1,-1
284,24,3565.893798828125,592.3096923828125,25.004150390625,48.771484375,0.3664582073688507,-1,-1,-1
285,1,2594.663330078125,731.8992919921875,38.91064453125,94.3365478515625,0.6468196511268616,-1,-1,-1
285,3,3743.76904296875,796.8704223632812,41.54150390625,98.49072265625,0.6574612259864807,-1,-1,-1
285,278,4065.669677734375,527.60546875,16.869140625,30.74993896484375,0.43218743801116943,-1,-1,-1
285,291,3585.811767578125,518.3750610351562,17.926513671875,53.35516357421875,0.32091325521469116,-1,-1,-1
285,2,2657.198974609375,555.6285400390625,16.962890625,42.87420654296875,0.4383542835712433,-1,-1,-1
285,24,3566.02001953125,592.0018920898438,25.13623046875,49.390869140625,0.37431517243385315,-1,-1,-1
286,1,2602.696044921875,732.2000122070312,33.237060546875,94.3009033203125,0.6430879831314087,-1,-1,-1
286,3,3743.37158203125,797.1033325195312,41.862060546875,98.14666748046875,0.6630198359489441,-1,-1,-1
286,278,4065.224853515625,528.400390625,16.98095703125,29.39727783203125,0.3988121449947357,-1,-1,-1
286,291,3585.87158203125,518.3857421875,18.042236328125,52.42999267578125,0.2991058826446533,-1,-1,-1
286,2,2659.25537109375,556.4658813476562,16.718017578125,40.78009033203125,0.32970693707466125,-1,-1,-1
286,24,3566.92529296875,591.2297973632812,24.504150390625,49.66729736328125,0.44388726353645325,-1,-1,-1
287,1,2607.639404296875,732.2705078125,30.696044921875,95.8511962890625,0.6228558421134949,-1,-1,-1
287,3,3743.540283203125,797.1787719726562,41.619140625,98.027099609375,0.6755028963088989,-1,-1,-1
287,278,4065.279541015625,528.5379638671875,16.273193359375,28.52789306640625,0.3893613815307617,-1,-1,-1
287,291,3585.90087890625,519.2313842773438,18.087158203125,51.1383056640625,0.2915506958961487,-1,-1,-1
287,2,2660.76318359375,557.3690795898438,17.4541015625,41.03009033203125,0.3469691276550293,-1,-1,-1
287,24,3567.804931640625,590.178466796875,23.759033203125,50.26171875,0.4106820523738861,-1,-1,-1
288,1,2610.006103515625,731.5862426757812,33.4208984375,95.9267578125,0.4997599124908447,-1,-1,-1
288,3,3743.732177734375,796.9468994140625,41.43212890625,98.34954833984375,0.6774972081184387,-1,-1,-1
288,278,4065.0966796875,528.51025390625,15.614013671875,28.43487548828125,0.3853170573711395,-1,-1,-1
288,291,3585.798095703125,519.3893432617188,18.41796875,51.36529541015625,0.2823786735534668,-1,-1,-1
288,2,2663.02001953125,556.9697265625,18.412109375,43.11181640625,0.3672969937324524,-1,-1,-1
288,24,3568.392578125,590.4320068359375,23.360595703125,50.09429931640625,0.45745766162872314,-1,-1,-1
289,1,2611.87109375,731.5510864257812,34.97314453125,94.6820068359375,0.6176733374595642,-1,-1,-1
289,3,3743.908203125,796.94482421875,41.203125,98.3927001953125,0.6834123730659485,-1,-1,-1
289,278,4064.81298828125,528.0321044921875,15.380859375,28.77490234375,0.3667585253715515,-1,-1,-1
289,291,3585.9091796875,519.2694091796875,18.35205078125,51.5902099609375,0.25323089957237244,-1,-1,-1
289,2,2664.6845703125,557.2377319335938,20.304931640625,44.10992431640625,0.35055479407310486,-1,-1,-1
289,24,3569.063232421875,592.0826416015625,22.4560546875,46.3204345703125,0.38986021280288696,-1,-1,-1
290,1,2612.42529296875,731.3756713867188,39.173583984375,93.75799560546875,0.6514933109283447,-1,-1,-1
290,3,3743.58740234375,796.6688232421875,41.5654296875,98.7220458984375,0.6805183291435242,-1,-1,-1
290,278,4064.182373046875,527.4986572265625,15.350830078125,28.9864501953125,0.3555212616920471,-1,-1,-1
290,2,2665.495361328125,556.4424438476562,22.74365234375,45.06634521484375,0.4038834273815155,-1,-1,-1
290,24,3569.368408203125,590.34814453125,22.232421875,46.025390625,0.33871009945869446,-1,-1,-1
291,1,2612.569580078125,731.2467651367188,46.529296875,93.02911376953125,0.6412895321846008,-1,-1,-1
291,3,3743.282958984375,796.5028076171875,41.85546875,98.917236328125,0.680311381816864,-1,-1,-1
291,278,4063.30615234375,527.7301025390625,15.73828125,28.227783203125,0.35220396518707275,-1,-1,-1
291,2,2667.384765625,556.460205078125,25.185546875,43.89935302734375,0.4337829351425171,-1,-1,-1
291,24,3570.27392578125,587.0144653320312,21.559814453125,47.5067138671875,0.42654889822006226,-1,-1,-1
292,1,2612.347412109375,731.4654541015625,52.162109375,92.90447998046875,0.6597286462783813,-1,-1,-1
292,3,3743.312255859375,796.656494140625,41.687255859375,98.90020751953125,0.68436199426651,-1,-1,-1
292,278,4062.41845703125,528.2713623046875,16.133056640625,28.75592041015625,0.38858914375305176,-1,-1,-1
292,2,2669.7080078125,556.9903564453125,25.431396484375,41.83154296875,0.44980376958847046,-1,-1,-1
292,24,3571.1083984375,585.9699096679688,20.876220703125,48.3087158203125,0.41884109377861023,-1,-1,-1
293,1,2612.60302734375,731.2110595703125,57.1298828125,93.2318115234375,0.7173256278038025,-1,-1,-1
293,3,3743.482666015625,796.6203002929688,41.35009765625,98.96942138671875,0.6854661703109741,-1,-1,-1
293,278,4061.946533203125,528.380615234375,16.380859375,29.1612548828125,0.3912650942802429,-1,-1,-1
293,2,2671.677490234375,559.0821533203125,24.097412109375,37.74334716796875,0.41981956362724304,-1,-1,-1
293,24,3572.47216796875,583.119140625,21.889404296875,50.23858642578125,0.40222251415252686,-1,-1,-1
293,7,3118.89306640625,590.5971069335938,20.3046875,50.2750244140625,0.33069026470184326,-1,-1,-1
294,1,2612.966796875,730.6322021484375,59.177490234375,93.75836181640625,0.7250840067863464,-1,-1,-1
294,3,3743.624755859375,796.5394897460938,41.152099609375,99.024169921875,0.6824360489845276,-1,-1,-1
294,278,4061.826416015625,528.379150390625,16.6005859375,28.13629150390625,0.34549400210380554,-1,-1,-1
294,2,2673.9248046875,559.8004760742188,22.865966796875,36.03924560546875,0.38185954093933105,-1,-1,-1
294,24,3572.848388671875,584.7431640625,20.293212890625,49.684326171875,0.4231622815132141,-1,-1,-1
294,7,3121.284423828125,590.853759765625,19.537109375,47.24188232421875,0.3894587457180023,-1,-1,-1
295,1,2616.258544921875,730.8572998046875,56.168212890625,92.77496337890625,0.6176379323005676,-1,-1,-1
295,3,3743.68603515625,796.6109008789062,41.015869140625,98.85662841796875,0.6911397576332092,-1,-1,-1
295,278,4061.70703125,528.8057250976562,16.5126953125,27.1278076171875,0.2885018289089203,-1,-1,-1
295,2,2675.361083984375,558.6738891601562,22.902587890625,36.38592529296875,0.3610708713531494,-1,-1,-1
295,24,3573.574462890625,582.6755981445312,20.82080078125,50.6688232421875,0.4554283618927002,-1,-1,-1
295,7,3121.121826171875,590.19873046875,21.798095703125,48.97137451171875,0.5083971619606018,-1,-1,-1
296,1,2620.957763671875,730.428955078125,52.8154296875,91.81134033203125,0.6186188459396362,-1,-1,-1
296,3,3743.853515625,796.3269653320312,40.731201171875,99.21734619140625,0.6886641383171082,-1,-1,-1
296,278,4061.562255859375,529.2630615234375,16.396728515625,26.76177978515625,0.30800220370292664,-1,-1,-1
296,2,2677.427001953125,557.2469482421875,21.957275390625,37.7681884765625,0.386087566614151,-1,-1,-1
296,24,3573.5595703125,579.700439453125,21.469482421875,53.22784423828125,0.46927669644355774,-1,-1,-1
296,7,3121.74462890625,589.9252319335938,22.74755859375,49.57611083984375,0.5435393452644348,-1,-1,-1
297,1,2626.05908203125,729.5520629882812,48.598388671875,92.614013671875,0.6526225805282593,-1,-1,-1
297,3,3743.6455078125,796.21728515625,40.88232421875,99.655029296875,0.6919556260108948,-1,-1,-1
297,278,4061.349365234375,528.95361328125,16.35546875,27.39556884765625,0.29009076952934265,-1,-1,-1
297,2,2679.92529296875,556.19775390625,20.816162109375,40.763671875,0.41536054015159607,-1,-1,-1
297,24,3573.587890625,578.2655029296875,21.64013671875,54.3863525390625,0.49074646830558777,-1,-1,-1
297,7,3122.68701171875,590.8677368164062,23.723876953125,48.1729736328125,0.5077720880508423,-1,-1,-1
298,1,2633.342041015625,728.8707275390625,41.56591796875,91.4287109375,0.6749618053436279,-1,-1,-1
298,3,3743.6826171875,795.9799194335938,40.804443359375,99.90179443359375,0.6893664598464966,-1,-1,-1
298,278,4061.118408203125,528.5087280273438,16.414794921875,27.79705810546875,0.3309914171695709,-1,-1,-1
298,2,2683.26953125,555.2238159179688,18.637451171875,41.54010009765625,0.4339662790298462,-1,-1,-1
298,24,3573.625,577.1299438476562,21.852294921875,55.73883056640625,0.4944467842578888,-1,-1,-1
298,7,3123.725830078125,589.990234375,25.4267578125,49.01080322265625,0.44442787766456604,-1,-1,-1
298,202,3617.232421875,582.838134765625,26.91064453125,50.66375732421875,0.250955730676651,-1,-1,-1
298,253,3199.67529296875,536.9651489257812,16.61083984375,36.07147216796875,0.2903320789337158,-1,-1,-1
299,1,2642.61572265625,728.5193481445312,32.23583984375,89.325927734375,0.6977235674858093,-1,-1,-1
299,3,3743.819580078125,795.9302368164062,40.526611328125,99.8580322265625,0.6868265271186829,-1,-1,-1
299,278,4060.743896484375,528.8785400390625,16.57080078125,27.13018798828125,0.2934053838253021,-1,-1,-1
299,2,2685.45947265625,554.4328002929688,18.525146484375,42.6197509765625,0.3924633860588074,-1,-1,-1
299,24,3573.783447265625,576.7696533203125,21.66845703125,55.77276611328125,0.47014835476875305,-1,-1,-1
299,7,3125.2216796875,589.381103515625,25.72216796875,49.32958984375,0.32346588373184204,-1,-1,-1
299,253,3201.1494140625,536.8114624023438,16.970947265625,36.05108642578125,0.25970661640167236,-1,-1,-1
300,1,2650.410400390625,728.3523559570312,26.61474609375,86.478515625,0.6841202974319458,-1,-1,-1
300,3,3743.7890625,796.3043212890625,40.39501953125,99.54193115234375,0.687076985836029,-1,-1,-1
300,278,4060.408203125,529.3099365234375,16.787841796875,27.23101806640625,0.30776238441467285,-1,-1,-1
300,2,2687.52197265625,555.413818359375,18.268310546875,40.878173828125,0.34687796235084534,-1,-1,-1
300,24,3573.71826171875,576.3924560546875,22.235595703125,56.114013671875,0.47245869040489197,-1,-1,-1
300,202,3617.691162109375,581.4503173828125,26.203857421875,50.31085205078125,0.25358399748802185,-1,-1,-1
301,1,2654.211669921875,728.228271484375,26.156005859375,87.8062744140625,0.6827201247215271,-1,-1,-1
301,3,3743.748779296875,796.5836181640625,40.25,99.2412109375,0.6758307814598083,-1,-1,-1
301,278,4060.022216796875,529.3521118164062,17.11376953125,27.153564453125,0.2824089229106903,-1,-1,-1
301,24,3573.83984375,576.5015869140625,22.509765625,55.74102783203125,0.4408333897590637,-1,-1,-1
301,202,3618.421875,581.4312133789062,25.462890625,49.96697998046875,0.260123610496521,-1,-1,-1
302,1,2656.706298828125,727.0531616210938,27.91357421875,89.85870361328125,0.6993982791900635,-1,-1,-1
302,3,3743.559814453125,796.5405883789062,40.35791015625,99.25335693359375,0.6765139102935791,-1,-1,-1
302,278,4059.921630859375,529.3272094726562,17.242431640625,27.63018798828125,0.3099513053894043,-1,-1,-1
302,24,3574.585693359375,576.5431518554688,21.803466796875,55.71160888671875,0.4274202883243561,-1,-1,-1
302,202,3618.83642578125,581.4616088867188,25.0791015625,49.52679443359375,0.2834165394306183,-1,-1,-1
302,2,2691.599609375,555.4335327148438,19.0078125,39.36016845703125,0.33223581314086914,-1,-1,-1
303,1,2658.23095703125,725.5301513671875,31.549072265625,90.95880126953125,0.6455767154693604,-1,-1,-1
303,3,3743.475341796875,796.1950073242188,40.3583984375,99.5545654296875,0.6791257858276367,-1,-1,-1
303,24,3575.56298828125,579.171630859375,20.408447265625,52.33001708984375,0.4139540493488312,-1,-1,-1
303,202,3619.068603515625,581.5999145507812,24.843017578125,49.4967041015625,0.26669174432754517,-1,-1,-1
304,1,2659.755126953125,724.0181274414062,35.607421875,91.292724609375,0.6003924012184143,-1,-1,-1
304,3,3743.1015625,796.059326171875,40.706787109375,99.71063232421875,0.6834896802902222,-1,-1,-1
304,24,3575.91357421875,580.0640869140625,20.1884765625,49.385986328125,0.41149091720581055,-1,-1,-1
304,202,3619.052490234375,581.6070556640625,24.82861328125,48.95953369140625,0.29022568464279175,-1,-1,-1
305,1,2659.84619140625,723.6474609375,43.299072265625,92.1964111328125,0.5848668217658997,-1,-1,-1
305,3,3742.81005859375,795.8361206054688,41.02197265625,99.98052978515625,0.6861528158187866,-1,-1,-1
305,24,3576.6279296875,578.9641723632812,20.001220703125,50.3668212890625,0.42952051758766174,-1,-1,-1
305,202,3619.1923828125,581.8892211914062,24.68505859375,48.404052734375,0.2896145284175873,-1,-1,-1
306,1,2660.899658203125,723.692138671875,47.637451171875,92.40911865234375,0.6423437595367432,-1,-1,-1
306,3,3742.285400390625,795.83642578125,41.641357421875,100.0201416015625,0.6866843104362488,-1,-1,-1
306,24,3577.1103515625,578.1287841796875,20.200927734375,50.28924560546875,0.42932364344596863,-1,-1,-1
306,202,3618.990966796875,581.9181518554688,24.8720703125,48.21636962890625,0.3007412552833557,-1,-1,-1
307,1,2661.65087890625,724.2789306640625,50.689697265625,91.5631103515625,0.638496458530426,-1,-1,-1
307,3,3741.8671875,795.8096313476562,42.087890625,100.0589599609375,0.6842951774597168,-1,-1,-1
307,24,3577.176513671875,575.9437255859375,21.1640625,53.1148681640625,0.4396282434463501,-1,-1,-1
307,202,3619.244384765625,582.115966796875,24.598388671875,48.031005859375,0.2894449532032013,-1,-1,-1
307,7,3141.3203125,585.2008056640625,19.20947265625,47.5211181640625,0.34187692403793335,-1,-1,-1
307,278,4057.976806640625,528.3624877929688,19.163818359375,28.977783203125,0.25508925318717957,-1,-1,-1
308,1,2661.0068359375,724.1431884765625,55.793212890625,92.05755615234375,0.6421965956687927,-1,-1,-1
308,3,3741.526123046875,795.660400390625,42.488037109375,100.363525390625,0.6827425956726074,-1,-1,-1
308,24,3577.21337890625,574.5515747070312,21.396484375,54.77508544921875,0.42512524127960205,-1,-1,-1
308,202,3619.683837890625,583.6263427734375,24.412353515625,46.4888916015625,0.28316521644592285,-1,-1,-1
308,317,3578.6484375,520.9103393554688,23.63525390625,108.8536376953125,0.3561685383319855,-1,-1,-1
308,7,3142.064453125,584.622314453125,19.75439453125,46.9984130859375,0.30640724301338196,-1,-1,-1
308,2,2703.01708984375,555.5439453125,23.4287109375,36.23321533203125,0.3458672761917114,-1,-1,-1
309,1,2664.559326171875,722.9192504882812,53.79638671875,92.24664306640625,0.6940693259239197,-1,-1,-1
309,3,3741.34912109375,795.7671508789062,42.72412109375,100.32537841796875,0.6851262450218201,-1,-1,-1
309,24,3577.85205078125,573.2572631835938,21.347412109375,56.0728759765625,0.40350326895713806,-1,-1,-1
309,202,3619.7314453125,584.3856201171875,24.466064453125,45.0511474609375,0.25965416431427,-1,-1,-1
309,317,3579.055908203125,520.2500610351562,23.390380859375,109.48248291015625,0.3429003357887268,-1,-1,-1
309,7,3141.93017578125,584.8639526367188,21.929443359375,49.41986083984375,0.3202793598175049,-1,-1,-1
309,2,2705.562744140625,555.6160888671875,22.47119140625,36.830322265625,0.3888344168663025,-1,-1,-1
310,1,2670.85205078125,722.8676147460938,46.70166015625,90.00982666015625,0.7179568409919739,-1,-1,-1
310,3,3741.23876953125,795.5819091796875,42.82421875,100.48175048828125,0.6770187020301819,-1,-1,-1
310,24,3578.126220703125,572.398193359375,21.608642578125,56.83050537109375,0.4036434292793274,-1,-1,-1
310,202,3620.06103515625,584.764404296875,24.23388671875,43.82818603515625,0.26446762681007385,-1,-1,-1
310,317,3579.03955078125,518.10302734375,23.488525390625,111.532958984375,0.37846311926841736,-1,-1,-1
310,7,3142.325927734375,584.1580200195312,23.637939453125,52.53863525390625,0.3999839723110199,-1,-1,-1
310,2,2707.242919921875,555.1517944335938,23.26513671875,37.613525390625,0.40888628363609314,-1,-1,-1
310,291,3584.806396484375,516.7646484375,19.29052734375,52.15277099609375,0.2623162865638733,-1,-1,-1
311,1,2675.510009765625,722.1881103515625,42.64892578125,89.25360107421875,0.7017175555229187,-1,-1,-1
311,3,3741.157958984375,795.6677856445312,42.9365234375,100.47625732421875,0.6827114224433899,-1,-1,-1
311,24,3578.4296875,573.1732788085938,21.374267578125,55.22882080078125,0.44238781929016113,-1,-1,-1
311,202,3620.349609375,584.622802734375,24.089599609375,43.9083251953125,0.28436073660850525,-1,-1,-1
311,317,3579.317626953125,518.6103515625,23.390869140625,110.22723388671875,0.4120815098285675,-1,-1,-1
311,7,3143.5341796875,584.4019165039062,22.37060546875,50.10076904296875,0.4456184506416321,-1,-1,-1
311,2,2709.018310546875,555.3576049804688,22.726806640625,37.4322509765625,0.4277363419532776,-1,-1,-1
311,291,3584.797119140625,517.2886352539062,19.62255859375,53.2998046875,0.29630246758461,-1,-1,-1
312,1,2680.75048828125,721.8005981445312,38.5625,88.55145263671875,0.6604062914848328,-1,-1,-1
312,3,3741.204833984375,795.6500854492188,42.969970703125,100.49566650390625,0.6777854561805725,-1,-1,-1
312,24,3578.877685546875,574.6306762695312,20.541015625,52.6070556640625,0.4329063892364502,-1,-1,-1
312,202,3620.16845703125,582.9003295898438,23.977294921875,45.3570556640625,0.2869985103607178,-1,-1,-1
312,317,3579.595947265625,518.1213989257812,23.14501953125,109.56402587890625,0.315703421831131,-1,-1,-1
312,7,3143.9541015625,585.4059448242188,23.220947265625,50.54144287109375,0.43700891733169556,-1,-1,-1
312,2,2711.98388671875,553.580322265625,21.002197265625,41.1387939453125,0.5137656331062317,-1,-1,-1
312,291,3584.794921875,517.1818237304688,19.868408203125,53.61334228515625,0.2746906876564026,-1,-1,-1
313,1,2687.214599609375,720.3414306640625,32.75244140625,88.666015625,0.6165764927864075,-1,-1,-1
313,3,3741.189208984375,795.6104736328125,43.0205078125,100.51849365234375,0.6730256080627441,-1,-1,-1
313,24,3579.470947265625,575.3392944335938,20.32958984375,51.771728515625,0.421246737241745,-1,-1,-1
313,202,3619.76806640625,582.1012573242188,24.197265625,45.88128662109375,0.27733123302459717,-1,-1,-1
313,317,3580.060302734375,516.2522583007812,23.0009765625,111.39971923828125,0.29933348298072815,-1,-1,-1
313,7,3144.462646484375,584.6478881835938,24.0576171875,51.204345703125,0.41157466173171997,-1,-1,-1
313,2,2713.6083984375,554.9990844726562,20.850341796875,40.12213134765625,0.3981631398200989,-1,-1,-1
313,291,3584.841796875,516.3539428710938,20.432861328125,56.26715087890625,0.29374346137046814,-1,-1,-1
314,1,2691.868408203125,718.1949462890625,29.9443359375,90.242919921875,0.5717142224311829,-1,-1,-1
314,3,3741.8466796875,795.7142333984375,42.336669921875,100.23541259765625,0.6740527749061584,-1,-1,-1
314,24,3579.669921875,575.603271484375,20.72216796875,52.4482421875,0.46210670471191406,-1,-1,-1
314,202,3619.02001953125,581.5634155273438,24.881103515625,46.7713623046875,0.2753736972808838,-1,-1,-1
314,317,3580.294189453125,516.507080078125,22.928466796875,112.6536865234375,0.27888867259025574,-1,-1,-1
314,7,3144.984375,584.01904296875,24.12158203125,51.26922607421875,0.40971335768699646,-1,-1,-1
314,2,2716.260986328125,555.59228515625,19.287109375,37.72509765625,0.2781665027141571,-1,-1,-1
314,291,3584.8251953125,516.2283935546875,20.393310546875,56.144775390625,0.2759517431259155,-1,-1,-1
315,1,2695.42578125,718.1663208007812,29.27978515625,89.96734619140625,0.5373561382293701,-1,-1,-1
315,3,3741.984619140625,795.84033203125,42.305908203125,100.063720703125,0.6778172254562378,-1,-1,-1
315,24,3580.1328125,576.4822387695312,21.087158203125,52.24072265625,0.44156140089035034,-1,-1,-1
315,202,3618.682861328125,581.392333984375,25.190673828125,46.9130859375,0.29349347949028015,-1,-1,-1
315,317,3581.0283203125,515.0963134765625,22.470458984375,113.47247314453125,0.2826530635356903,-1,-1,-1
315,7,3147.032958984375,583.3276977539062,22.31982421875,49.12432861328125,0.3945681154727936,-1,-1,-1
315,2,2718.666259765625,554.4212036132812,17.953125,38.10296630859375,0.30111151933670044,-1,-1,-1
315,291,3584.698974609375,516.0916137695312,20.31640625,56.32562255859375,0.3064185082912445,-1,-1,-1
316,1,2697.917724609375,718.2283935546875,30.005859375,92.26788330078125,0.7645111680030823,-1,-1,-1
316,3,3741.728271484375,795.8805541992188,42.64892578125,100.17242431640625,0.6820045113563538,-1,-1,-1
316,24,3580.752685546875,576.4913330078125,20.947509765625,52.44842529296875,0.3809797763824463,-1,-1,-1
316,202,3618.417236328125,581.40380859375,25.424072265625,46.8883056640625,0.30192112922668457,-1,-1,-1
316,317,3581.86572265625,514.42919921875,21.830322265625,111.9896240234375,0.2920021712779999,-1,-1,-1
316,7,3150.113525390625,584.2760620117188,19.6708984375,44.5792236328125,0.3593413233757019,-1,-1,-1
316,2,2719.92138671875,552.6721801757812,18.18505859375,39.89959716796875,0.3932695686817169,-1,-1,-1
316,291,3584.53955078125,515.9034423828125,20.102783203125,57.43597412109375,0.2889825701713562,-1,-1,-1
317,1,2701.351318359375,718.3873901367188,31.094482421875,91.84130859375,0.7309787273406982,-1,-1,-1
317,3,3741.72021484375,795.9152221679688,42.6474609375,100.14068603515625,0.6726549863815308,-1,-1,-1
317,24,3581.473876953125,571.8662719726562,21.0703125,56.8818359375,0.37949785590171814,-1,-1,-1
317,202,3617.580322265625,581.4068603515625,26.231689453125,46.46173095703125,0.25371283292770386,-1,-1,-1
317,317,3582.22119140625,515.3834228515625,21.778564453125,110.61279296875,0.33994540572166443,-1,-1,-1
317,7,3151.70263671875,584.1304321289062,17.97998046875,43.5289306640625,0.2800966799259186,-1,-1,-1
317,2,2720.72216796875,552.0693969726562,19.966064453125,41.5155029296875,0.2911090552806854,-1,-1,-1
317,291,3584.27099609375,516.2342529296875,20.39501953125,58.07122802734375,0.32282957434654236,-1,-1,-1
318,1,2703.41943359375,718.0885009765625,34.040283203125,91.47564697265625,0.7161665558815002,-1,-1,-1
318,3,3741.927978515625,795.7758178710938,42.432861328125,100.1484375,0.6723355650901794,-1,-1,-1
318,24,3581.856201171875,576.3154907226562,21.253662109375,52.61669921875,0.34308719635009766,-1,-1,-1
318,202,3616.572265625,581.4031372070312,27.18603515625,46.1923828125,0.253820538520813,-1,-1,-1
318,2,2721.669189453125,553.177978515625,21.7451171875,42.30242919921875,0.2913419306278229,-1,-1,-1
319,1,2705.50146484375,717.9517211914062,37.804443359375,90.62164306640625,0.7519490718841553,-1,-1,-1
319,3,3741.804931640625,795.7766723632812,42.6201171875,100.1353759765625,0.6760925650596619,-1,-1,-1
319,24,3581.97021484375,577.578857421875,21.396484375,50.91912841796875,0.37950998544692993,-1,-1,-1
319,2,2723.45703125,553.4058837890625,22.782958984375,41.6761474609375,0.39540785551071167,-1,-1,-1
319,339,4047.408203125,526.4113159179688,19.155029296875,28.78338623046875,0.36199599504470825,-1,-1,-1
320,1,2705.860595703125,718.2716674804688,41.1455078125,90.54412841796875,0.7166277170181274,-1,-1,-1
320,3,3741.801513671875,795.86279296875,42.810546875,99.91790771484375,0.6771560907363892,-1,-1,-1
320,24,3582.38916015625,576.4720458984375,20.9130859375,51.1124267578125,0.3900499939918518,-1,-1,-1
320,2,2725.16748046875,553.683837890625,22.4501953125,40.234619140625,0.3502093255519867,-1,-1,-1
320,339,4047.264892578125,528.256103515625,20.156982421875,28.4195556640625,0.3628987669944763,-1,-1,-1
321,1,2707.315185546875,718.4784545898438,44.791015625,89.7574462890625,0.6743659377098083,-1,-1,-1
321,3,3741.899169921875,795.7554321289062,42.740966796875,99.9388427734375,0.672079861164093,-1,-1,-1
321,24,3582.73046875,576.6327514648438,20.294677734375,50.48504638671875,0.363887220621109,-1,-1,-1
321,2,2726.674072265625,554.8690795898438,21.4638671875,38.31781005859375,0.3465777039527893,-1,-1,-1
321,339,4047.062255859375,528.7672119140625,20.03564453125,28.4110107421875,0.40529680252075195,-1,-1,-1
322,1,2707.66796875,718.4937133789062,48.791748046875,89.73699951171875,0.6372759938240051,-1,-1,-1
322,3,3741.865966796875,795.82177734375,42.87109375,99.8538818359375,0.6749022603034973,-1,-1,-1
322,24,3583.36962890625,578.2156372070312,19.6865234375,48.8472900390625,0.34267616271972656,-1,-1,-1
322,2,2728.0205078125,557.9481201171875,20.431640625,33.8978271484375,0.30542969703674316,-1,-1,-1
322,339,4046.939208984375,527.6843872070312,18.8623046875,29.0238037109375,0.4673464894294739,-1,-1,-1
323,1,2710.63916015625,717.7606811523438,49.9970703125,88.85125732421875,0.6388974785804749,-1,-1,-1
323,3,3742.606201171875,795.84130859375,42.1806640625,99.8623046875,0.6808220744132996,-1,-1,-1
323,24,3583.655029296875,577.04541015625,19.625244140625,49.14892578125,0.35668501257896423,-1,-1,-1
323,2,2728.32177734375,557.0963134765625,22.59912109375,34.12237548828125,0.3038196563720703,-1,-1,-1
323,339,4046.881103515625,525.05322265625,17.639892578125,31.9078369140625,0.5065082311630249,-1,-1,-1
323,202,3615.57275390625,581.220458984375,28.168701171875,43.41986083984375,0.27533185482025146,-1,-1,-1
324,1,2713.308349609375,717.3238525390625,50.124755859375,89.73089599609375,0.6532648801803589,-1,-1,-1
324,3,3742.93212890625,795.8321533203125,41.875732421875,99.9779052734375,0.6786744594573975,-1,-1,-1
324,24,3583.733642578125,576.0109252929688,19.745361328125,49.36859130859375,0.35895562171936035,-1,-1,-1
324,2,2729.413330078125,556.2687377929688,22.654541015625,34.52423095703125,0.3841266930103302,-1,-1,-1
324,339,4046.63232421875,523.60888671875,17.071533203125,33.66943359375,0.5165525078773499,-1,-1,-1
324,202,3615.265625,581.0413818359375,28.51953125,44.2796630859375,0.28870850801467896,-1,-1,-1
325,1,2716.250244140625,718.4479370117188,47.258544921875,87.0906982421875,0.6402236223220825,-1,-1,-1
325,3,3743.654296875,795.908447265625,41.12939453125,99.9478759765625,0.6836504340171814,-1,-1,-1
325,24,3583.860107421875,575.3518676757812,19.5751953125,48.962158203125,0.3705596625804901,-1,-1,-1
325,2,2732.704345703125,554.8390502929688,20.41259765625,35.519287109375,0.42135998606681824,-1,-1,-1
325,339,4046.48779296875,523.182861328125,16.730224609375,34.2369384765625,0.524980366230011,-1,-1,-1
326,1,2721.093505859375,719.0647583007812,41.29443359375,86.0360107421875,0.6234443783760071,-1,-1,-1
326,3,3743.460693359375,795.49560546875,41.2890625,100.6546630859375,0.6739182472229004,-1,-1,-1
326,24,3583.638427734375,575.691650390625,19.751708984375,48.2640380859375,0.42682313919067383,-1,-1,-1
326,2,2735.054931640625,554.2006225585938,18.81884765625,36.2884521484375,0.43966251611709595,-1,-1,-1
326,339,4046.674560546875,523.5647583007812,16.290283203125,32.87811279296875,0.5226835608482361,-1,-1,-1
327,1,2725.93798828125,718.4425659179688,36.96728515625,85.80364990234375,0.6652463674545288,-1,-1,-1
327,3,3743.76025390625,795.3057861328125,40.94140625,100.92974853515625,0.6772878766059875,-1,-1,-1
327,24,3583.515869140625,576.6607055664062,19.876708984375,47.0206298828125,0.4303944408893585,-1,-1,-1
327,2,2737.796875,554.3418579101562,17.92822265625,35.708251953125,0.4192765951156616,-1,-1,-1
327,339,4046.690673828125,523.8082275390625,16.197021484375,32.57293701171875,0.5181567668914795,-1,-1,-1
328,1,2732.1103515625,717.9110107421875,31.12255859375,84.4464111328125,0.6518794894218445,-1,-1,-1
328,3,3744.119140625,794.9459838867188,40.718505859375,101.25970458984375,0.6815539002418518,-1,-1,-1
328,24,3583.561279296875,577.538818359375,19.814697265625,46.73004150390625,0.399142324924469,-1,-1,-1
328,2,2739.796142578125,554.5933227539062,18.47802734375,35.46307373046875,0.36611929535865784,-1,-1,-1
328,339,4046.7001953125,524.9545288085938,16.22216796875,32.042724609375,0.4974520802497864,-1,-1,-1
329,1,2735.980224609375,715.3485717773438,28.553955078125,85.16351318359375,0.6675812005996704,-1,-1,-1
329,3,3744.57470703125,794.7911987304688,40.441162109375,101.3575439453125,0.6831573247909546,-1,-1,-1
329,24,3583.183837890625,578.1513061523438,20.512451171875,46.6754150390625,0.367630273103714,-1,-1,-1
329,2,2742.685302734375,552.7600708007812,17.604248046875,37.77618408203125,0.4600888192653656,-1,-1,-1
329,339,4046.644775390625,525.3204345703125,16.0849609375,32.03131103515625,0.5230089426040649,-1,-1,-1
329,7,3165.649169921875,579.1434326171875,19.8076171875,40.72186279296875,0.37828996777534485,-1,-1,-1
330,1,2739.189208984375,713.9798583984375,28.211669921875,86.15875244140625,0.6190814971923828,-1,-1,-1
330,3,3744.71044921875,794.9149169921875,40.2763671875,101.0330810546875,0.6845626831054688,-1,-1,-1
330,24,3583.318115234375,578.7265014648438,20.61328125,45.667724609375,0.399969220161438,-1,-1,-1
330,2,2745.366943359375,551.444580078125,15.877197265625,38.50921630859375,0.43575745820999146,-1,-1,-1
330,339,4046.62548828125,525.2066650390625,16.24951171875,32.5260009765625,0.5185685753822327,-1,-1,-1
330,7,3167.465576171875,579.875244140625,18.498291015625,40.57366943359375,0.380048543214798,-1,-1,-1
331,1,2741.821533203125,713.85107421875,30.132568359375,85.22607421875,0.6029106974601746,-1,-1,-1
331,3,3744.670166015625,795.0687255859375,40.27099609375,100.87652587890625,0.6831325888633728,-1,-1,-1
331,24,3583.480712890625,578.9490966796875,20.285400390625,46.02197265625,0.37831518054008484,-1,-1,-1
331,2,2746.140625,551.3037109375,16.284912109375,38.3489990234375,0.4504276216030121,-1,-1,-1
331,339,4046.51171875,525.03369140625,16.16650390625,32.806396484375,0.5202620625495911,-1,-1,-1
331,7,3168.34033203125,579.0355224609375,18.26611328125,45.2947998046875,0.47143951058387756,-1,-1,-1
332,1,2744.189208984375,713.8229370117188,32.13427734375,84.46429443359375,0.5088598728179932,-1,-1,-1
332,3,3744.33544921875,795.4310302734375,40.659912109375,100.56585693359375,0.6882790923118591,-1,-1,-1
332,24,3583.623779296875,579.498291015625,19.874267578125,44.99224853515625,0.34991368651390076,-1,-1,-1
332,2,2746.687255859375,552.1489868164062,17.550048828125,38.28759765625,0.38988369703292847,-1,-1,-1
332,339,4046.39306640625,525.0468139648438,16.0732421875,32.66876220703125,0.502327561378479,-1,-1,-1
332,7,3168.62841796875,577.7090454101562,18.5673828125,44.234130859375,0.3905858099460602,-1,-1,-1
333,1,2745.22802734375,713.7156982421875,35.359130859375,85.1138916015625,0.5107778310775757,-1,-1,-1
333,3,3744.105224609375,795.2806396484375,41.0439453125,100.60968017578125,0.6959565281867981,-1,-1,-1
333,24,3583.62939453125,580.4483642578125,19.77587890625,44.1551513671875,0.3385467827320099,-1,-1,-1
333,2,2747.061279296875,552.3781127929688,18.507568359375,38.13360595703125,0.3566153347492218,-1,-1,-1
333,339,4046.436279296875,525.2122192382812,15.653076171875,31.63232421875,0.49746623635292053,-1,-1,-1
333,7,3168.966552734375,576.664794921875,19.528564453125,43.95196533203125,0.44751596450805664,-1,-1,-1
334,1,2745.613525390625,714.1272583007812,40.671142578125,84.3663330078125,0.5881460905075073,-1,-1,-1
334,3,3743.72998046875,795.3286743164062,41.407470703125,100.59149169921875,0.6996163129806519,-1,-1,-1
334,24,3583.429931640625,581.4393920898438,19.933349609375,43.940673828125,0.33343812823295593,-1,-1,-1
334,339,4046.426513671875,524.7525634765625,15.4794921875,31.75030517578125,0.5058591365814209,-1,-1,-1
334,7,3169.36865234375,576.4683837890625,20.506591796875,45.5816650390625,0.47854894399642944,-1,-1,-1
334,202,3612.72607421875,579.1984252929688,28.437744140625,44.2926025390625,0.2505144476890564,-1,-1,-1
335,1,2746.0361328125,713.5472412109375,45.59814453125,84.64697265625,0.6532553434371948,-1,-1,-1
335,3,3743.594970703125,795.2290649414062,41.462646484375,100.73065185546875,0.7006416320800781,-1,-1,-1
335,24,3583.538818359375,582.255615234375,19.9765625,43.3521728515625,0.3091612756252289,-1,-1,-1
335,339,4046.4453125,524.5355834960938,15.38427734375,31.7955322265625,0.49660369753837585,-1,-1,-1
335,7,3169.90380859375,576.4381103515625,21.4013671875,46.07647705078125,0.4664205014705658,-1,-1,-1
336,1,2746.771728515625,713.2228393554688,48.619384765625,84.7060546875,0.7216296195983887,-1,-1,-1
336,3,3743.21630859375,795.262939453125,41.944580078125,100.7117919921875,0.7018187642097473,-1,-1,-1
336,24,3583.700439453125,582.500732421875,19.68408203125,43.02325439453125,0.27679792046546936,-1,-1,-1
336,339,4046.366455078125,524.2367553710938,15.2333984375,31.7767333984375,0.4866656959056854,-1,-1,-1
336,7,3170.154541015625,576.1566162109375,22.623779296875,44.3936767578125,0.37345755100250244,-1,-1,-1
336,351,3246.920654296875,531.9583740234375,18.704833984375,31.7293701171875,0.35246598720550537,-1,-1,-1
337,1,2748.09228515625,712.869140625,49.961181640625,84.965087890625,0.7100832462310791,-1,-1,-1
337,3,3742.833740234375,795.1471557617188,42.362060546875,100.76312255859375,0.7018250226974487,-1,-1,-1
337,24,3583.904296875,583.3134765625,19.539794921875,41.66961669921875,0.26576748490333557,-1,-1,-1
337,339,4046.388916015625,523.8919067382812,15.25830078125,31.7205810546875,0.49052900075912476,-1,-1,-1
337,7,3170.70458984375,575.5596923828125,22.163330078125,43.623291015625,0.4135951101779938,-1,-1,-1
337,351,3246.998046875,530.841552734375,18.630859375,32.33404541015625,0.34052735567092896,-1,-1,-1
338,1,2749.66650390625,711.7726440429688,50.103271484375,85.3096923828125,0.7333604693412781,-1,-1,-1
338,3,3742.5947265625,795.3155517578125,42.610107421875,100.5799560546875,0.7060518860816956,-1,-1,-1
338,24,3584.19140625,583.8623046875,19.2333984375,39.8583984375,0.2636086642742157,-1,-1,-1
338,339,4046.2421875,523.5286865234375,15.258544921875,31.64935302734375,0.4850975275039673,-1,-1,-1
338,7,3171.4140625,574.6810913085938,22.054443359375,46.91387939453125,0.4290422201156616,-1,-1,-1
338,351,3247.366455078125,531.8851928710938,18.48193359375,32.2269287109375,0.4031180739402771,-1,-1,-1
339,1,2754.083740234375,712.257568359375,45.609619140625,83.12078857421875,0.6750162243843079,-1,-1,-1
339,3,3742.577880859375,795.404052734375,42.660400390625,100.4871826171875,0.7030206918716431,-1,-1,-1
339,24,3584.29638671875,585.07568359375,18.54296875,38.3228759765625,0.2681640684604645,-1,-1,-1
339,339,4046.161865234375,522.9166870117188,15.37744140625,32.31817626953125,0.49818190932273865,-1,-1,-1
339,7,3172.11865234375,574.3751831054688,21.853759765625,49.0911865234375,0.45168396830558777,-1,-1,-1
339,351,3247.800048828125,533.15771484375,18.37646484375,31.22491455078125,0.37437647581100464,-1,-1,-1
340,1,2760.947021484375,711.5859375,38.124267578125,81.925048828125,0.6979184150695801,-1,-1,-1
340,3,3742.52880859375,795.3692626953125,42.71044921875,100.45599365234375,0.698043167591095,-1,-1,-1
340,339,4046.127685546875,522.6759643554688,15.411865234375,32.67388916015625,0.5049635171890259,-1,-1,-1
340,7,3172.512939453125,574.3276977539062,21.859130859375,49.14434814453125,0.45653828978538513,-1,-1,-1
340,351,3247.802734375,531.9730224609375,18.522216796875,31.9373779296875,0.38045141100883484,-1,-1,-1
341,1,2765.21044921875,711.8123168945312,34.541259765625,81.24078369140625,0.6466644406318665,-1,-1,-1
341,3,3742.984375,795.4200439453125,42.316162109375,100.3909912109375,0.6911526322364807,-1,-1,-1
341,339,4046.042724609375,522.553466796875,15.480224609375,31.8846435546875,0.47649237513542175,-1,-1,-1
341,7,3172.849853515625,574.423583984375,21.8134765625,47.24688720703125,0.39667513966560364,-1,-1,-1
341,351,3248.08056640625,530.79296875,18.412109375,32.71124267578125,0.37109366059303284,-1,-1,-1
341,2,2759.51025390625,548.1537475585938,22.97265625,40.88958740234375,0.2881551682949066,-1,-1,-1
341,24,3584.241943359375,586.39208984375,18.810302734375,36.8033447265625,0.2531110942363739,-1,-1,-1
342,1,2768.96044921875,712.2433471679688,31.413330078125,80.65887451171875,0.5801323652267456,-1,-1,-1
342,3,3743.080078125,795.3173828125,42.24267578125,100.48187255859375,0.6827707886695862,-1,-1,-1
342,339,4045.870849609375,522.1185913085938,15.587158203125,32.2421875,0.4877941608428955,-1,-1,-1
342,7,3173.121337890625,574.3751831054688,22.324462890625,48.21295166015625,0.4051342010498047,-1,-1,-1
342,351,3248.426513671875,529.7252807617188,18.52197265625,33.71551513671875,0.3871321976184845,-1,-1,-1
342,2,2761.956787109375,547.3969116210938,22.197265625,41.40509033203125,0.2722401022911072,-1,-1,-1
342,24,3584.079345703125,586.2884521484375,19.091796875,36.7467041015625,0.287502646446228,-1,-1,-1
343,1,2772.602294921875,710.1146240234375,28.69287109375,83.02764892578125,0.48631104826927185,-1,-1,-1
343,3,3743.36669921875,795.452392578125,42.013427734375,100.3709716796875,0.6854620575904846,-1,-1,-1
343,339,4045.66845703125,521.9314575195312,15.6904296875,31.850830078125,0.48534107208251953,-1,-1,-1
343,7,3173.79345703125,574.0923461914062,21.69580078125,48.199462890625,0.4196722209453583,-1,-1,-1
343,351,3248.507568359375,530.3892211914062,18.6103515625,33.54107666015625,0.41554686427116394,-1,-1,-1
343,2,2763.49755859375,542.6835327148438,22.263671875,46.38348388671875,0.33320024609565735,-1,-1,-1
343,24,3584.044921875,586.5820922851562,19.2060546875,36.59100341796875,0.27818363904953003,-1,-1,-1
344,1,2775.693603515625,708.7730102539062,28.09765625,84.4951171875,0.6271334886550903,-1,-1,-1
344,3,3743.319580078125,795.3297119140625,42.156494140625,100.51287841796875,0.6910061836242676,-1,-1,-1
344,339,4045.521484375,521.9964599609375,15.665771484375,31.490234375,0.47979944944381714,-1,-1,-1
344,7,3175.207275390625,573.6837768554688,20.666748046875,46.41534423828125,0.4438571035861969,-1,-1,-1
344,351,3248.79541015625,531.3942260742188,18.455322265625,33.01763916015625,0.39332494139671326,-1,-1,-1
344,2,2765.542724609375,539.8201904296875,21.278076171875,48.450439453125,0.38955798745155334,-1,-1,-1
344,24,3584.00634765625,587.2565307617188,19.351318359375,36.63446044921875,0.2638753056526184,-1,-1,-1
344,202,3611.979736328125,581.3472900390625,26.549072265625,41.75030517578125,0.25395143032073975,-1,-1,-1
345,1,2779.2412109375,708.2162475585938,27.43994140625,85.13653564453125,0.6563404202461243,-1,-1,-1
345,3,3743.340087890625,795.4746704101562,42.2138671875,100.3582763671875,0.687457799911499,-1,-1,-1
345,339,4045.305419921875,521.8038330078125,15.72021484375,31.373779296875,0.47187983989715576,-1,-1,-1
345,7,3176.509521484375,573.4437255859375,19.479248046875,45.874267578125,0.44588956236839294,-1,-1,-1
345,351,3249.15771484375,530.8743896484375,18.334228515625,33.42156982421875,0.42770057916641235,-1,-1,-1
345,2,2766.80322265625,539.6541748046875,21.1318359375,46.68475341796875,0.37130412459373474,-1,-1,-1
346,1,2781.55029296875,708.2860107421875,28.680419921875,85.41558837890625,0.7075321078300476,-1,-1,-1
346,3,3743.31689453125,795.3923950195312,42.3916015625,100.4736328125,0.6859694719314575,-1,-1,-1
346,339,4045.298828125,521.8538818359375,15.33154296875,31.14031982421875,0.4568626582622528,-1,-1,-1
346,7,3177.50537109375,573.2747192382812,18.53759765625,44.3514404296875,0.43925741314888,-1,-1,-1
346,351,3250.285400390625,531.3848266601562,17.994384765625,31.79583740234375,0.40101173520088196,-1,-1,-1
346,2,2767.21826171875,540.2525634765625,21.746826171875,46.5701904296875,0.37922996282577515,-1,-1,-1
346,202,3611.705078125,581.9481811523438,26.528076171875,41.36798095703125,0.2583669126033783,-1,-1,-1
347,1,2783.0341796875,707.8939208984375,31.8154296875,84.74005126953125,0.7459676861763,-1,-1,-1
347,3,3742.8818359375,795.355224609375,42.9609375,100.5347900390625,0.6757553219795227,-1,-1,-1
347,339,4045.035888671875,521.8347778320312,14.93505859375,30.96246337890625,0.4349944591522217,-1,-1,-1
347,7,3178.0654296875,573.4207763671875,18.092529296875,43.869873046875,0.4141238033771515,-1,-1,-1
347,351,3251.91650390625,531.19873046875,17.05126953125,31.4056396484375,0.3999796211719513,-1,-1,-1
347,2,2768.55078125,541.4932250976562,21.5263671875,45.43035888671875,0.4337010681629181,-1,-1,-1
348,1,2785.164306640625,707.9796752929688,33.062255859375,84.14306640625,0.7635388374328613,-1,-1,-1
348,3,3742.680419921875,795.3792114257812,43.29931640625,100.548828125,0.6806895136833191,-1,-1,-1
348,339,4044.47314453125,521.88134765625,14.935791015625,30.4910888671875,0.4292973577976227,-1,-1,-1
348,7,3178.261962890625,573.7568969726562,18.38037109375,42.68804931640625,0.3888868987560272,-1,-1,-1
348,351,3253.078857421875,531.5180053710938,17.001220703125,30.79998779296875,0.39646080136299133,-1,-1,-1
348,2,2769.33056640625,542.9177856445312,21.587158203125,45.2894287109375,0.42664584517478943,-1,-1,-1
348,202,3611.970947265625,582.3734130859375,25.810302734375,40.611083984375,0.2606763541698456,-1,-1,-1
349,1,2786.547119140625,708.0486450195312,37.07470703125,84.13165283203125,0.7115676403045654,-1,-1,-1
349,3,3741.99755859375,795.4869384765625,44.1044921875,100.44073486328125,0.6648983359336853,-1,-1,-1
349,339,4043.614013671875,522.1825561523438,16.12548828125,29.68109130859375,0.4526911675930023,-1,-1,-1
349,7,3178.65234375,573.3880004882812,18.76025390625,43.8206787109375,0.4273906350135803,-1,-1,-1
349,351,3253.793701171875,530.9082641601562,17.205810546875,30.91729736328125,0.439330130815506,-1,-1,-1
349,2,2769.574462890625,542.9789428710938,23.156494140625,45.88043212890625,0.3889499008655548,-1,-1,-1
349,202,3611.535400390625,581.9139404296875,25.74462890625,41.98614501953125,0.2788182199001312,-1,-1,-1
350,1,2786.273193359375,707.3167724609375,41.6083984375,84.8487548828125,0.7087998390197754,-1,-1,-1
350,3,3741.535888671875,795.594482421875,44.597900390625,100.38092041015625,0.6688001751899719,-1,-1,-1
350,339,4042.86181640625,522.365478515625,16.89208984375,29.3399658203125,0.47311994433403015,-1,-1,-1
350,7,3178.875,572.3897094726562,18.98388671875,46.5555419921875,0.46393656730651855,-1,-1,-1
350,351,3254.134765625,530.9998779296875,16.945556640625,31.40631103515625,0.46613436937332153,-1,-1,-1
350,2,2771.22021484375,541.6681518554688,22.728271484375,46.7762451171875,0.449191689491272,-1,-1,-1
350,202,3611.096435546875,581.7808227539062,25.728271484375,42.05047607421875,0.29072219133377075,-1,-1,-1
351,1,2787.43115234375,707.6287841796875,42.19482421875,84.0906982421875,0.7042127847671509,-1,-1,-1
351,3,3741.1484375,795.8639526367188,44.953857421875,100.11920166015625,0.6665541529655457,-1,-1,-1
351,339,4042.73779296875,521.9891967773438,17.125,30.1551513671875,0.4794626235961914,-1,-1,-1
351,7,3179.447998046875,571.7994995117188,19.16650390625,48.2083740234375,0.44721779227256775,-1,-1,-1
351,351,3254.953125,529.6840209960938,16.976318359375,31.6788330078125,0.44684791564941406,-1,-1,-1
351,2,2772.4150390625,541.995361328125,22.1015625,45.6722412109375,0.413077175617218,-1,-1,-1
351,202,3610.76123046875,582.058837890625,25.514404296875,41.29901123046875,0.28824928402900696,-1,-1,-1
352,1,2789.836669921875,707.6890869140625,40.500732421875,83.79022216796875,0.6835876107215881,-1,-1,-1
352,3,3740.934326171875,796.0045166015625,45.217041015625,99.98895263671875,0.6611990332603455,-1,-1,-1
352,339,4042.787353515625,521.784912109375,16.8359375,30.8878173828125,0.4791956841945648,-1,-1,-1
352,7,3179.900634765625,571.2909545898438,19.258056640625,48.59222412109375,0.4388825595378876,-1,-1,-1
352,351,3255.0439453125,527.52490234375,17.134033203125,33.48828125,0.44825148582458496,-1,-1,-1
352,2,2773.23095703125,543.3732299804688,22.70703125,43.99383544921875,0.35901862382888794,-1,-1,-1
352,202,3610.613525390625,582.6497802734375,24.732421875,40.20379638671875,0.3237364888191223,-1,-1,-1
353,1,2792.27099609375,706.588134765625,39.001708984375,84.14764404296875,0.6856462955474854,-1,-1,-1
353,3,3740.34521484375,796.2567138671875,45.860107421875,99.7335205078125,0.6496697068214417,-1,-1,-1
353,339,4042.467529296875,521.48046875,17.31298828125,31.25531005859375,0.48763003945350647,-1,-1,-1
353,7,3180.46875,570.7588500976562,18.866943359375,48.676513671875,0.4699583947658539,-1,-1,-1
353,351,3255.314208984375,526.40185546875,17.025146484375,35.3668212890625,0.46756479144096375,-1,-1,-1
353,2,2773.998779296875,542.0364379882812,23.579345703125,44.09320068359375,0.29266300797462463,-1,-1,-1
353,202,3610.55615234375,582.4275512695312,24.387939453125,40.2454833984375,0.32183539867401123,-1,-1,-1
354,1,2793.781494140625,704.0514526367188,39.864013671875,86.47845458984375,0.6689173579216003,-1,-1,-1
354,3,3738.822265625,795.8946533203125,47.093994140625,100.4566650390625,0.6514956951141357,-1,-1,-1
354,339,4041.98583984375,521.0964965820312,17.9091796875,31.68109130859375,0.4861067533493042,-1,-1,-1
354,7,3180.7900390625,570.5225830078125,18.686767578125,48.58984375,0.4997004270553589,-1,-1,-1
354,351,3255.554443359375,525.87353515625,17.01708984375,35.59765625,0.4444211423397064,-1,-1,-1
354,2,2774.552490234375,541.3594360351562,24.15625,44.7447509765625,0.259635865688324,-1,-1,-1
354,202,3610.8603515625,582.143798828125,23.684814453125,40.5421142578125,0.326711505651474,-1,-1,-1
355,1,2795.41015625,702.9442749023438,39.33642578125,87.31494140625,0.678342878818512,-1,-1,-1
355,3,3738.13623046875,795.8034057617188,47.615966796875,100.731201171875,0.6545453667640686,-1,-1,-1
355,339,4041.528076171875,521.0064697265625,18.41015625,31.55865478515625,0.4850356876850128,-1,-1,-1
355,7,3180.98583984375,570.3015747070312,18.432861328125,48.260498046875,0.4996078610420227,-1,-1,-1
355,351,3255.754638671875,525.4407958984375,16.812744140625,36.07611083984375,0.4508727788925171,-1,-1,-1
355,202,3611.250732421875,582.5068359375,23.00634765625,40.096435546875,0.339961975812912,-1,-1,-1
356,1,2802.315673828125,703.2091064453125,32.938720703125,85.35784912109375,0.6878330111503601,-1,-1,-1
356,3,3738.160400390625,795.8857421875,47.586669921875,100.68914794921875,0.6494638919830322,-1,-1,-1
356,339,4041.220458984375,520.9588623046875,18.30126953125,31.2808837890625,0.4948441684246063,-1,-1,-1
356,7,3181.04638671875,570.2125854492188,18.43603515625,47.67437744140625,0.4910094738006592,-1,-1,-1
356,351,3256.194580078125,525.6045532226562,16.239990234375,36.57275390625,0.4436541795730591,-1,-1,-1
356,202,3611.253662109375,583.1786499023438,23.044677734375,39.0692138671875,0.34770601987838745,-1,-1,-1
357,1,2806.655029296875,703.4501953125,28.571533203125,84.87030029296875,0.6955017447471619,-1,-1,-1
357,3,3738.12841796875,795.8955078125,47.623779296875,100.62042236328125,0.6397628784179688,-1,-1,-1
357,339,4041.029296875,521.22216796875,18.325439453125,30.91070556640625,0.49438488483428955,-1,-1,-1
357,7,3181.14404296875,570.32080078125,18.245361328125,46.97491455078125,0.4780111312866211,-1,-1,-1
357,351,3256.611572265625,525.7262573242188,15.99658203125,36.585205078125,0.42546209692955017,-1,-1,-1
357,202,3610.948974609375,583.5822143554688,22.777099609375,38.44598388671875,0.3517470955848694,-1,-1,-1
358,1,2810.647705078125,703.117431640625,24.5078125,82.91064453125,0.6850156784057617,-1,-1,-1
358,3,3738.0927734375,796.07080078125,47.6376953125,100.38494873046875,0.631829023361206,-1,-1,-1
358,339,4041.005859375,521.537353515625,18.234375,30.4339599609375,0.4733220934867859,-1,-1,-1
358,7,3181.164306640625,570.303955078125,18.504638671875,46.63433837890625,0.4594896137714386,-1,-1,-1
358,351,3256.63037109375,526.1749877929688,16.052001953125,35.76611328125,0.3746457099914551,-1,-1,-1
358,202,3610.460205078125,583.2344970703125,21.685791015625,38.96795654296875,0.3538323640823364,-1,-1,-1
359,1,2814.47216796875,703.19140625,23.138671875,82.1453857421875,0.6933535933494568,-1,-1,-1
359,3,3738.117919921875,796.3486938476562,47.62451171875,100.05950927734375,0.6176491379737854,-1,-1,-1
359,339,4040.939697265625,521.5982055664062,18.31591796875,30.441650390625,0.47809287905693054,-1,-1,-1
359,7,3181.231201171875,570.3563232421875,19.906494140625,47.016357421875,0.4103245735168457,-1,-1,-1
359,351,3256.973876953125,525.5557250976562,16.246826171875,33.9052734375,0.3459012806415558,-1,-1,-1
359,202,3610.382568359375,582.9298706054688,21.0224609375,38.37225341796875,0.35546576976776123,-1,-1,-1
360,1,2817.1171875,703.4009399414062,23.6455078125,84.16363525390625,0.6880302429199219,-1,-1,-1
360,3,3738.216796875,796.3966064453125,47.608154296875,99.77886962890625,0.5828554630279541,-1,-1,-1
360,339,4040.963134765625,521.6326293945312,18.10693359375,30.35638427734375,0.4624571204185486,-1,-1,-1
360,7,3181.275634765625,570.3899536132812,20.992431640625,46.82122802734375,0.38149574398994446,-1,-1,-1
360,351,3257.209716796875,524.2366333007812,16.722412109375,34.02581787109375,0.33405160903930664,-1,-1,-1
360,202,3610.1376953125,582.0670166015625,20.42236328125,39.20867919921875,0.34925761818885803,-1,-1,-1
361,1,2818.852294921875,702.7099609375,24.87060546875,84.89434814453125,0.7141377925872803,-1,-1,-1
361,3,3738.575927734375,796.2191162109375,47.215576171875,100.060791015625,0.6060618162155151,-1,-1,-1
361,339,4040.9755859375,521.7857055664062,18.113037109375,30.1697998046875,0.4729139506816864,-1,-1,-1
361,7,3181.23291015625,570.2745971679688,21.253173828125,45.9976806640625,0.40063348412513733,-1,-1,-1
361,351,3257.44970703125,525.184326171875,17.13916015625,33.24456787109375,0.3428332805633545,-1,-1,-1
361,202,3610.144775390625,580.953125,19.853271484375,40.3602294921875,0.36506468057632446,-1,-1,-1
362,1,2820.21240234375,702.9763793945312,25.867431640625,82.8919677734375,0.7206215262413025,-1,-1,-1
362,3,3738.951171875,796.1602172851562,46.830810546875,100.044921875,0.6006138324737549,-1,-1,-1
362,339,4040.99560546875,521.8599243164062,18.153564453125,30.116943359375,0.4573402404785156,-1,-1,-1
362,7,3181.232177734375,570.340087890625,21.400390625,44.46197509765625,0.3612762689590454,-1,-1,-1
362,351,3257.4482421875,525.5584716796875,18.17919921875,32.8819580078125,0.31826940178871155,-1,-1,-1
362,202,3609.96630859375,579.83740234375,19.3427734375,41.2305908203125,0.3571012616157532,-1,-1,-1
363,1,2821.262451171875,703.2529907226562,29.287353515625,83.00189208984375,0.7386391162872314,-1,-1,-1
363,3,3739.03125,796.2554931640625,46.800048828125,99.99298095703125,0.5964479446411133,-1,-1,-1
363,339,4041.084716796875,521.8345336914062,18.11328125,30.22943115234375,0.4767581820487976,-1,-1,-1
363,7,3181.281982421875,570.4054565429688,21.41455078125,44.3485107421875,0.3504307270050049,-1,-1,-1
363,351,3257.848876953125,526.20361328125,17.65087890625,31.8795166015625,0.3501608073711395,-1,-1,-1
363,202,3609.825927734375,579.3443603515625,18.94482421875,42.11572265625,0.36689263582229614,-1,-1,-1
364,1,2821.074462890625,703.4328002929688,33.9501953125,83.59039306640625,0.7406063079833984,-1,-1,-1
364,3,3740.40283203125,795.9036254882812,45.765380859375,100.1217041015625,0.5991821885108948,-1,-1,-1
364,339,4041.20361328125,521.5946044921875,17.940185546875,30.65350341796875,0.4899512827396393,-1,-1,-1
364,7,3181.258056640625,570.4578857421875,21.546142578125,44.55511474609375,0.3527064025402069,-1,-1,-1
364,351,3258.3818359375,527.1245727539062,16.826416015625,30.67889404296875,0.3506632447242737,-1,-1,-1
364,202,3609.4609375,579.0003051757812,18.65869140625,44.05096435546875,0.37312355637550354,-1,-1,-1
365,1,2820.691162109375,704.1329345703125,35.73974609375,82.60296630859375,0.7205847501754761,-1,-1,-1
365,3,3741.362548828125,796.029296875,45.033203125,99.96392822265625,0.598783552646637,-1,-1,-1
365,339,4041.390625,521.2135620117188,17.74609375,31.01416015625,0.5049571394920349,-1,-1,-1
365,7,3181.260986328125,570.4248046875,21.328369140625,44.20782470703125,0.3784145712852478,-1,-1,-1
365,351,3258.6826171875,527.7777709960938,16.30419921875,29.8634033203125,0.3536130487918854,-1,-1,-1
365,202,3609.46435546875,578.5884399414062,18.34912109375,44.68243408203125,0.35350319743156433,-1,-1,-1
366,1,2820.856689453125,703.9306030273438,39.299560546875,82.736572265625,0.6817061901092529,-1,-1,-1
366,3,3742.104248046875,796.0750732421875,44.41455078125,99.839599609375,0.6071627736091614,-1,-1,-1
366,339,4041.452392578125,521.208984375,17.382080078125,31.08038330078125,0.504570722579956,-1,-1,-1
366,7,3181.251953125,570.1670532226562,21.370361328125,44.34674072265625,0.4317289888858795,-1,-1,-1
366,351,3258.904296875,527.6829833984375,16.149169921875,30.1151123046875,0.38952580094337463,-1,-1,-1
366,202,3609.5009765625,578.410888671875,18.12646484375,44.6207275390625,0.3438168168067932,-1,-1,-1
367,1,2825.121826171875,702.9827880859375,36.927001953125,82.7828369140625,0.60227370262146,-1,-1,-1
367,3,3742.86279296875,795.9945678710938,43.766845703125,99.4969482421875,0.5958992838859558,-1,-1,-1
367,339,4041.463623046875,521.3171997070312,17.172607421875,30.93426513671875,0.49571511149406433,-1,-1,-1
367,7,3181.261474609375,569.7941284179688,21.26708984375,44.386474609375,0.43427783250808716,-1,-1,-1
367,351,3259.146484375,527.3402709960938,16.07958984375,29.73297119140625,0.3867603540420532,-1,-1,-1
367,202,3609.453369140625,578.5523681640625,17.28955078125,44.13836669921875,0.3382735252380371,-1,-1,-1
368,1,2828.65087890625,702.8248291015625,34.542236328125,82.79364013671875,0.614902138710022,-1,-1,-1
368,3,3743.033203125,796.094970703125,43.4853515625,99.76934814453125,0.5962151885032654,-1,-1,-1
368,339,4041.572265625,521.3056640625,16.88232421875,30.9732666015625,0.49112895131111145,-1,-1,-1
368,7,3181.218505859375,569.784912109375,21.32421875,44.9088134765625,0.43907055258750916,-1,-1,-1
368,351,3259.21728515625,527.6126098632812,16.43359375,29.64410400390625,0.3723962903022766,-1,-1,-1
368,202,3609.55810546875,579.0263061523438,16.534423828125,43.4781494140625,0.32174015045166016,-1,-1,-1
369,1,2832.5205078125,704.0040283203125,30.659912109375,82.0899658203125,0.5961567163467407,-1,-1,-1
369,3,3744.3056640625,796.110107421875,42.326171875,100.05181884765625,0.5742539167404175,-1,-1,-1
369,339,4041.649658203125,521.3675537109375,16.865234375,31.01416015625,0.4698164761066437,-1,-1,-1
369,7,3181.23388671875,569.878662109375,21.287109375,44.69378662109375,0.4167349636554718,-1,-1,-1
369,351,3259.39013671875,527.9310302734375,15.929931640625,30.676513671875,0.38343948125839233,-1,-1,-1
369,202,3609.54443359375,578.837890625,16.298583984375,43.55377197265625,0.3329651951789856,-1,-1,-1
370,1,2835.513916015625,704.4437866210938,27.502685546875,81.34747314453125,0.5952275395393372,-1,-1,-1
370,3,3744.703857421875,795.8973999023438,41.925537109375,100.17242431640625,0.5673946738243103,-1,-1,-1
370,339,4041.588623046875,521.2836303710938,16.893798828125,31.10943603515625,0.4790622889995575,-1,-1,-1
370,7,3181.21484375,569.8368530273438,21.3779296875,44.82843017578125,0.40330544114112854,-1,-1,-1
370,351,3259.9208984375,526.9999389648438,15.494873046875,31.4200439453125,0.3662717640399933,-1,-1,-1
370,202,3609.462890625,578.666259765625,16.048828125,43.714111328125,0.3359917104244232,-1,-1,-1
371,1,2836.83837890625,704.1189575195312,26.705078125,80.97869873046875,0.6007447838783264,-1,-1,-1
371,3,3745.05078125,795.8192749023438,41.609375,99.98291015625,0.5607780814170837,-1,-1,-1
371,339,4041.49951171875,521.169677734375,16.87939453125,31.25616455078125,0.46577438712120056,-1,-1,-1
371,7,3181.215576171875,569.7250366210938,21.518798828125,44.2906494140625,0.3889121413230896,-1,-1,-1
371,351,3260.10302734375,525.5598754882812,15.260986328125,32.8289794921875,0.36724036931991577,-1,-1,-1
371,202,3609.28515625,579.1480712890625,15.80224609375,43.254150390625,0.32980412244796753,-1,-1,-1
372,1,2840.941650390625,704.0078125,23.38037109375,80.61102294921875,0.6023204326629639,-1,-1,-1
372,3,3745.505126953125,795.8768310546875,41.14794921875,99.82763671875,0.557940661907196,-1,-1,-1
372,339,4041.47705078125,521.220947265625,16.841552734375,31.39483642578125,0.44634267687797546,-1,-1,-1
372,7,3181.1728515625,569.8782958984375,21.2880859375,43.2677001953125,0.3633665442466736,-1,-1,-1
372,351,3260.197509765625,526.1204833984375,15.6181640625,32.4193115234375,0.3473973274230957,-1,-1,-1
372,202,3609.13427734375,579.8709106445312,15.617431640625,42.804443359375,0.3212437033653259,-1,-1,-1
372,385,2792.22021484375,543.4268188476562,18.249755859375,39.82293701171875,0.3496842086315155,-1,-1,-1
373,1,2843.774658203125,704.044921875,21.998046875,80.09771728515625,0.5844889879226685,-1,-1,-1
373,3,3745.698974609375,795.9072875976562,40.957763671875,100.0045166015625,0.530651867389679,-1,-1,-1
373,339,4041.488037109375,521.2297973632812,16.8173828125,31.285888671875,0.4446989893913269,-1,-1,-1
373,7,3181.1201171875,570.095703125,20.8232421875,42.3885498046875,0.3722054362297058,-1,-1,-1
373,351,3260.348876953125,526.5855712890625,15.898681640625,31.68798828125,0.3152417838573456,-1,-1,-1
373,202,3608.36328125,578.8819580078125,16.4990234375,43.5755615234375,0.3221939206123352,-1,-1,-1
373,385,2793.08544921875,543.05810546875,17.924560546875,39.8367919921875,0.38362571597099304,-1,-1,-1
374,1,2845.85302734375,704.4398193359375,23.3642578125,79.5726318359375,0.6211118102073669,-1,-1,-1
374,3,3745.528564453125,795.9798583984375,41.261474609375,100.01031494140625,0.5250278115272522,-1,-1,-1
374,339,4041.28857421875,521.1244506835938,16.84326171875,31.3184814453125,0.45653897523880005,-1,-1,-1
374,7,3181.042724609375,570.2603149414062,20.154541015625,41.78466796875,0.3693889379501343,-1,-1,-1
374,351,3260.478759765625,526.6748657226562,16.497314453125,31.931640625,0.2983088791370392,-1,-1,-1
374,202,3608.29052734375,578.1820068359375,16.8232421875,43.57745361328125,0.3328564465045929,-1,-1,-1
374,385,2793.76953125,542.3512573242188,17.956787109375,40.1544189453125,0.39228659868240356,-1,-1,-1
375,1,2847.476806640625,703.7384643554688,23.337646484375,80.57110595703125,0.5625686049461365,-1,-1,-1
375,3,3745.283447265625,795.8756713867188,41.623291015625,99.9256591796875,0.5298976302146912,-1,-1,-1
375,339,4041.295654296875,521.1390380859375,17.034423828125,31.05499267578125,0.418125182390213,-1,-1,-1
375,7,3181.0224609375,570.1873168945312,19.993408203125,41.978271484375,0.3597474694252014,-1,-1,-1
375,351,3260.653564453125,527.0624389648438,16.7978515625,31.44903564453125,0.28668978810310364,-1,-1,-1
375,202,3607.51416015625,577.3219604492188,17.715087890625,44.10662841796875,0.3321187198162079,-1,-1,-1
375,385,2794.405029296875,541.8526611328125,18.189453125,38.73919677734375,0.29004254937171936,-1,-1,-1
376,1,2848.814208984375,703.81298828125,24.660400390625,80.39141845703125,0.5500673651695251,-1,-1,-1
376,3,3745.388671875,795.8140258789062,41.53369140625,99.6490478515625,0.5412975549697876,-1,-1,-1
376,339,4041.35986328125,521.6055908203125,16.875244140625,30.383544921875,0.4063158333301544,-1,-1,-1
376,7,3180.90869140625,570.1648559570312,20.277587890625,42.64776611328125,0.3853026032447815,-1,-1,-1
376,351,3261.007568359375,526.1506958007812,17.408447265625,32.442626953125,0.2544080913066864,-1,-1,-1
376,202,3607.0478515625,576.9343872070312,18.39697265625,44.45745849609375,0.3191879987716675,-1,-1,-1
376,385,2794.8974609375,542.1293334960938,18.501953125,37.76568603515625,0.279839426279068,-1,-1,-1
377,1,2849.6201171875,703.616943359375,27.2333984375,80.89520263671875,0.5479879379272461,-1,-1,-1
377,3,3745.36376953125,795.8992309570312,41.419189453125,100.08294677734375,0.5335679650306702,-1,-1,-1
377,339,4041.278564453125,521.5557250976562,16.9326171875,30.5908203125,0.4331340789794922,-1,-1,-1
377,7,3180.92041015625,570.2619018554688,20.29296875,42.61285400390625,0.40054771304130554,-1,-1,-1
377,202,3606.256103515625,576.7841186523438,19.33642578125,45.76129150390625,0.31902939081192017,-1,-1,-1
377,385,2795.855224609375,543.27880859375,18.689208984375,35.65399169921875,0.26566460728645325,-1,-1,-1
378,1,2850.713623046875,704.0043334960938,28.711181640625,80.26702880859375,0.5733996629714966,-1,-1,-1
378,3,3745.17041015625,795.9237060546875,41.54931640625,100.28363037109375,0.5395735502243042,-1,-1,-1
378,339,4041.33642578125,521.7662353515625,16.70703125,30.74578857421875,0.4369075894355774,-1,-1,-1
378,7,3180.840087890625,570.2904663085938,20.3212890625,42.658935546875,0.43083032965660095,-1,-1,-1
378,202,3605.7626953125,577.5454711914062,20.254638671875,46.6077880859375,0.33181068301200867,-1,-1,-1
379,1,2851.32275390625,704.0134887695312,30.8291015625,80.11737060546875,0.6098518967628479,-1,-1,-1
379,3,3745.016845703125,795.81005859375,41.72265625,100.40704345703125,0.542131781578064,-1,-1,-1
379,339,4041.42138671875,521.89892578125,16.570068359375,30.6326904296875,0.43615421652793884,-1,-1,-1
379,7,3180.79931640625,570.1889038085938,20.5029296875,42.898681640625,0.41287434101104736,-1,-1,-1
379,202,3605.099609375,577.3054809570312,21.254150390625,47.7564697265625,0.3329121470451355,-1,-1,-1
379,385,2796.77734375,542.9978637695312,19.35595703125,36.51556396484375,0.2740907669067383,-1,-1,-1
380,1,2852.456298828125,703.6714477539062,31.664794921875,80.3114013671875,0.5851105451583862,-1,-1,-1
380,3,3744.97900390625,795.7320556640625,41.753662109375,100.28790283203125,0.5542142391204834,-1,-1,-1
380,339,4041.38916015625,521.9210205078125,16.621826171875,30.705322265625,0.45344462990760803,-1,-1,-1
380,7,3180.76171875,570.0755004882812,20.6796875,43.12152099609375,0.4217786192893982,-1,-1,-1
380,202,3605.153076171875,576.9141235351562,21.092041015625,48.68096923828125,0.33644965291023254,-1,-1,-1
380,385,2796.9326171875,542.9476318359375,19.732666015625,37.834228515625,0.29233184456825256,-1,-1,-1
381,1,2853.703369140625,703.2957763671875,32.475830078125,80.485595703125,0.5585163831710815,-1,-1,-1
381,3,3744.442626953125,796.605712890625,42.12939453125,99.62060546875,0.5485054850578308,-1,-1,-1
381,339,4041.398193359375,521.9451904296875,16.690185546875,30.80645751953125,0.4510973393917084,-1,-1,-1
381,7,3180.85986328125,570.076904296875,20.6162109375,42.68389892578125,0.4034736752510071,-1,-1,-1
381,202,3604.7705078125,576.7933959960938,21.5263671875,48.8878173828125,0.34771403670310974,-1,-1,-1
381,385,2797.540771484375,542.8993530273438,19.533447265625,38.37646484375,0.2931450307369232,-1,-1,-1
382,1,2855.3759765625,703.2232055664062,33.65185546875,79.16864013671875,0.5186981558799744,-1,-1,-1
382,3,3744.162109375,796.9449462890625,42.384521484375,99.353515625,0.5643625259399414,-1,-1,-1
382,339,4041.428955078125,522.0338134765625,16.534912109375,30.73553466796875,0.4656071662902832,-1,-1,-1
382,7,3180.9345703125,570.0824584960938,20.73876953125,42.634033203125,0.39639177918434143,-1,-1,-1
382,202,3604.930908203125,576.1696166992188,21.471923828125,49.54010009765625,0.3744516372680664,-1,-1,-1
382,385,2798.455078125,542.9733276367188,19.020751953125,39.2510986328125,0.32639703154563904,-1,-1,-1
383,1,2857.269287109375,703.0427856445312,32.94921875,79.7294921875,0.5596544742584229,-1,-1,-1
383,3,3743.76025390625,796.9625854492188,42.826171875,99.56689453125,0.5644996166229248,-1,-1,-1
383,339,4041.45361328125,522.0261840820312,16.45068359375,30.726318359375,0.47072142362594604,-1,-1,-1
383,7,3180.96484375,570.1262817382812,20.99560546875,42.64532470703125,0.38888654112815857,-1,-1,-1
383,202,3605.9482421875,576.0784301757812,20.558837890625,49.6790771484375,0.39844176173210144,-1,-1,-1
383,385,2798.93603515625,543.73486328125,18.546875,38.68084716796875,0.31056439876556396,-1,-1,-1
384,1,2859.494140625,700.8745727539062,30.337646484375,82.08843994140625,0.6404440402984619,-1,-1,-1
384,3,3743.6767578125,797.1322631835938,42.94287109375,99.59332275390625,0.5590919852256775,-1,-1,-1
384,339,4041.442626953125,522.0801391601562,16.49658203125,30.6514892578125,0.45318442583084106,-1,-1,-1
384,7,3180.966552734375,570.3654174804688,21.125732421875,42.3988037109375,0.33742672204971313,-1,-1,-1
384,202,3607.21923828125,576.9729614257812,19.180419921875,48.65289306640625,0.39599287509918213,-1,-1,-1
384,385,2799.3916015625,544.7203369140625,17.902099609375,37.81060791015625,0.3338032364845276,-1,-1,-1
385,1,2861.3896484375,701.1327514648438,27.75244140625,80.217529296875,0.6605140566825867,-1,-1,-1
385,3,3743.624267578125,796.1422119140625,43.0947265625,100.229736328125,0.540947675704956,-1,-1,-1
385,339,4041.621337890625,522.0158081054688,16.698486328125,30.5936279296875,0.4442957639694214,-1,-1,-1
385,7,3180.990478515625,570.1829223632812,21.381103515625,42.62969970703125,0.3207651972770691,-1,-1,-1
385,202,3607.577880859375,577.8612060546875,18.091552734375,47.5694580078125,0.3732636570930481,-1,-1,-1
385,385,2799.6787109375,544.8683471679688,17.6484375,38.2291259765625,0.33335039019584656,-1,-1,-1
386,1,2863.628662109375,699.99658203125,25.85693359375,80.70587158203125,0.713577926158905,-1,-1,-1
386,3,3743.169677734375,795.6836547851562,43.602783203125,100.284423828125,0.5677022337913513,-1,-1,-1
386,339,4041.65087890625,521.8367919921875,16.513671875,30.74505615234375,0.44044092297554016,-1,-1,-1
386,7,3180.953857421875,569.5545654296875,21.9716796875,43.6798095703125,0.34239253401756287,-1,-1,-1
386,202,3607.74267578125,578.9963989257812,17.289794921875,46.23779296875,0.3583705723285675,-1,-1,-1
386,385,2800.068115234375,544.1962280273438,17.843994140625,39.37603759765625,0.3475740849971771,-1,-1,-1
387,1,2865.4296875,699.810546875,25.30615234375,81.17950439453125,0.7318937182426453,-1,-1,-1
387,3,3741.150634765625,795.9071044921875,45.204833984375,100.48126220703125,0.5694126486778259,-1,-1,-1
387,339,4041.659912109375,521.9063720703125,16.4765625,30.74603271484375,0.4407571852207184,-1,-1,-1
387,7,3180.869140625,569.2413940429688,22.5302734375,44.4268798828125,0.3575478196144104,-1,-1,-1
387,202,3607.680419921875,580.2816772460938,16.95751953125,44.3748779296875,0.33761078119277954,-1,-1,-1
387,385,2800.484375,543.7377319335938,18.002197265625,40.42608642578125,0.3565501570701599,-1,-1,-1
388,1,2868.38427734375,700.5831298828125,23.57275390625,79.3155517578125,0.7114150524139404,-1,-1,-1
388,3,3740.104736328125,796.3175659179688,46.088623046875,100.64019775390625,0.5472638607025146,-1,-1,-1
388,339,4041.722412109375,522.2032470703125,16.423828125,30.53619384765625,0.4186117351055145,-1,-1,-1
388,7,3180.870849609375,569.2872924804688,23.025390625,44.6217041015625,0.2956584095954895,-1,-1,-1
388,202,3607.23876953125,581.765625,17.236083984375,42.56500244140625,0.3150614798069,-1,-1,-1
388,385,2800.509033203125,543.8885498046875,18.966796875,40.878662109375,0.2998400330543518,-1,-1,-1
389,1,2869.782958984375,700.7113647460938,22.87548828125,78.8057861328125,0.732883632183075,-1,-1,-1
389,3,3739.101318359375,796.2381591796875,46.927490234375,101.00140380859375,0.5625104904174805,-1,-1,-1
389,339,4041.677001953125,522.46728515625,16.484375,30.3082275390625,0.3973492980003357,-1,-1,-1
389,202,3606.543212890625,582.8941650390625,17.89208984375,41.1734619140625,0.3047201335430145,-1,-1,-1
389,385,2800.67626953125,544.27978515625,19.57275390625,39.4217529296875,0.25045743584632874,-1,-1,-1
390,1,2870.462890625,700.39404296875,23.092041015625,79.63958740234375,0.7475913763046265,-1,-1,-1
390,3,3738.85595703125,796.2363891601562,47.12841796875,101.14385986328125,0.5614766478538513,-1,-1,-1
390,339,4041.701171875,522.6538696289062,16.389404296875,30.0770263671875,0.37665021419525146,-1,-1,-1
390,202,3605.8955078125,583.5414428710938,18.380615234375,40.3536376953125,0.2796209454536438,-1,-1,-1
391,1,2870.845947265625,700.4449462890625,24.76953125,79.66400146484375,0.7071316838264465,-1,-1,-1
391,3,3738.876708984375,796.1768188476562,47.051025390625,101.07135009765625,0.5709986686706543,-1,-1,-1
391,339,4041.828125,522.891845703125,16.356689453125,29.77801513671875,0.3764764666557312,-1,-1,-1
391,202,3604.6083984375,582.9037475585938,19.17138671875,40.53826904296875,0.26193851232528687,-1,-1,-1
392,1,2870.871337890625,700.3397216796875,26.295654296875,80.56658935546875,0.6904601454734802,-1,-1,-1
392,3,3738.8759765625,796.1292114257812,47.051025390625,101.197021484375,0.5677418112754822,-1,-1,-1
392,339,4041.953369140625,523.1657104492188,16.31787109375,29.5347900390625,0.37048670649528503,-1,-1,-1
393,1,2871.164794921875,700.2745361328125,27.981689453125,81.1279296875,0.6939724087715149,-1,-1,-1
393,3,3738.735107421875,796.041748046875,47.250732421875,101.439208984375,0.5783097743988037,-1,-1,-1
393,339,4041.86572265625,523.4561767578125,16.18798828125,29.25665283203125,0.4114294946193695,-1,-1,-1
393,202,3603.739013671875,580.38037109375,19.539794921875,44.44989013671875,0.27752038836479187,-1,-1,-1
394,1,2871.923828125,700.5202026367188,28.19921875,80.41546630859375,0.7062613368034363,-1,-1,-1
394,3,3738.794921875,795.8714599609375,47.18017578125,101.2811279296875,0.5935324430465698,-1,-1,-1
394,339,4042.059814453125,523.2449951171875,16.1611328125,29.43377685546875,0.4028052091598511,-1,-1,-1
394,202,3603.01416015625,578.828369140625,19.73974609375,45.31829833984375,0.28766247630119324,-1,-1,-1
395,1,2872.384521484375,700.1859130859375,29.849365234375,80.716796875,0.7104463577270508,-1,-1,-1
395,3,3740.5029296875,796.0367431640625,45.85595703125,100.349365234375,0.5992962121963501,-1,-1,-1
395,339,4042.283935546875,523.5504150390625,15.93505859375,29.10638427734375,0.3898266553878784,-1,-1,-1
395,202,3601.309814453125,578.8793334960938,21.730224609375,45.65484619140625,0.2830711603164673,-1,-1,-1
396,1,2873.15966796875,699.570068359375,30.48779296875,82.115966796875,0.7165005803108215,-1,-1,-1
396,3,3741.39404296875,796.25,45.11181640625,100.15484619140625,0.613011360168457,-1,-1,-1
396,339,4042.091552734375,522.7841186523438,16.0244140625,29.83740234375,0.41157248616218567,-1,-1,-1
396,202,3600.8427734375,579.2916259765625,22.5263671875,45.44000244140625,0.27481913566589355,-1,-1,-1
397,1,2873.46923828125,699.6690063476562,30.4423828125,82.25885009765625,0.7130476832389832,-1,-1,-1
397,3,3741.9423828125,796.2374877929688,44.576416015625,100.139404296875,0.602428674697876,-1,-1,-1
397,339,4042.21875,522.751220703125,16.13037109375,29.8485107421875,0.39749157428741455,-1,-1,-1
398,1,2874.44384765625,700.7600708007812,28.65380859375,80.72564697265625,0.7368064522743225,-1,-1,-1
398,3,3743.17822265625,796.2567749023438,43.311279296875,100.09393310546875,0.6141680479049683,-1,-1,-1
398,339,4042.00048828125,522.14599609375,16.19580078125,30.54052734375,0.43376103043556213,-1,-1,-1
399,1,2874.988525390625,701.0658569335938,28.629150390625,80.19476318359375,0.7403058409690857,-1,-1,-1
399,3,3744.91552734375,796.0557861328125,41.547119140625,100.26275634765625,0.6267443895339966,-1,-1,-1
399,339,4042.005615234375,522.0038452148438,16.369873046875,30.8328857421875,0.4305412173271179,-1,-1,-1
400,1,2874.83935546875,702.368408203125,29.942626953125,78.8819580078125,0.7841384410858154,-1,-1,-1
400,3,3746.31298828125,796.1218872070312,40.137451171875,100.199462890625,0.6347781419754028,-1,-1,-1
400,339,4042.075927734375,521.9625854492188,16.408447265625,30.961669921875,0.416243314743042,-1,-1,-1
401,1,2874.95849609375,703.6392822265625,30.871826171875,78.628662109375,0.7861406207084656,-1,-1,-1
401,3,3747.3232421875,796.3056640625,39.083251953125,100.105224609375,0.6321237087249756,-1,-1,-1
401,339,4042.185546875,521.9867553710938,16.481689453125,30.79510498046875,0.4203547537326813,-1,-1,-1
402,1,2875.0849609375,704.4857788085938,31.18017578125,78.33392333984375,0.7716299891471863,-1,-1,-1
402,3,3748.244873046875,796.3885498046875,38.1572265625,99.955810546875,0.6218113303184509,-1,-1,-1
402,339,4042.42578125,522.4224243164062,16.2978515625,30.103515625,0.3841395676136017,-1,-1,-1
403,1,2875.09375,704.5950317382812,32.213623046875,78.54620361328125,0.7609419822692871,-1,-1,-1
403,3,3748.3984375,796.4299926757812,38.07080078125,99.975341796875,0.6226493716239929,-1,-1,-1
403,339,4042.838134765625,523.0850219726562,15.9638671875,29.1693115234375,0.3894326984882355,-1,-1,-1
404,1,2875.2109375,704.6469116210938,32.807861328125,78.94830322265625,0.7745380401611328,-1,-1,-1
404,3,3748.523681640625,796.490478515625,37.90869140625,99.85040283203125,0.6273017525672913,-1,-1,-1
404,339,4043.161865234375,523.6749267578125,15.84228515625,28.34149169921875,0.39018455147743225,-1,-1,-1
405,1,2875.2822265625,704.63037109375,33.114013671875,79.53131103515625,0.7802701592445374,-1,-1,-1
405,3,3748.432373046875,796.5313110351562,38.019775390625,99.8436279296875,0.6394079923629761,-1,-1,-1
405,339,4043.073974609375,523.595458984375,15.89501953125,28.03204345703125,0.38901516795158386,-1,-1,-1
406,1,2875.244873046875,704.8335571289062,33.432861328125,79.66455078125,0.7685427665710449,-1,-1,-1
406,3,3748.411376953125,796.45458984375,38.103271484375,99.7769775390625,0.6442983150482178,-1,-1,-1
406,339,4043.23486328125,523.8770751953125,15.759765625,27.14764404296875,0.36104777455329895,-1,-1,-1
407,1,2874.961181640625,705.031982421875,33.723876953125,80.3961181640625,0.7720785737037659,-1,-1,-1
407,3,3748.23876953125,796.5689697265625,38.297119140625,99.693115234375,0.6427145004272461,-1,-1,-1
407,339,4043.518798828125,524.6546020507812,15.757568359375,26.057373046875,0.3680475056171417,-1,-1,-1
408,1,2874.465576171875,704.9962158203125,34.11962890625,81.3651123046875,0.7770798206329346,-1,-1,-1
408,3,3748.11328125,796.670654296875,38.47314453125,99.697021484375,0.6472790241241455,-1,-1,-1
408,339,4043.594482421875,525.3414916992188,15.65283203125,25.10137939453125,0.3921096920967102,-1,-1,-1
408,407,3194.281005859375,572.2312622070312,18.56884765625,44.62091064453125,0.32596418261528015,-1,-1,-1
409,1,2874.798095703125,704.9241943359375,33.393310546875,82.6248779296875,0.7871341109275818,-1,-1,-1
409,3,3747.263427734375,796.520263671875,39.3828125,99.6827392578125,0.6513499021530151,-1,-1,-1
409,339,4044.116455078125,525.5211181640625,15.46240234375,24.56256103515625,0.4076991677284241,-1,-1,-1
409,407,3194.75244140625,571.8902587890625,18.37744140625,45.326416015625,0.3913106620311737,-1,-1,-1
410,1,2874.870361328125,704.7291870117188,32.808837890625,83.19696044921875,0.7803630828857422,-1,-1,-1
410,3,3746.257568359375,796.2318725585938,40.387451171875,99.72869873046875,0.6385921239852905,-1,-1,-1
410,339,4044.5693359375,524.8184204101562,14.980224609375,24.93017578125,0.4229948818683624,-1,-1,-1
410,407,3195.13232421875,571.4667358398438,18.7001953125,46.21533203125,0.41359996795654297,-1,-1,-1
411,1,2874.576904296875,705.08349609375,32.36328125,83.9151611328125,0.7797502875328064,-1,-1,-1
411,3,3745.83837890625,796.2528076171875,40.84130859375,99.91839599609375,0.6316325664520264,-1,-1,-1
411,339,4044.750732421875,524.89453125,14.896240234375,24.74945068359375,0.4043762683868408,-1,-1,-1
411,407,3195.48681640625,571.5347900390625,18.88720703125,45.72344970703125,0.3825055956840515,-1,-1,-1
412,1,2873.841796875,705.1050415039062,32.24169921875,85.01263427734375,0.7240815162658691,-1,-1,-1
412,3,3746.197509765625,796.4027709960938,40.406005859375,100.07861328125,0.641728401184082,-1,-1,-1
412,339,4044.718994140625,525.5833129882812,15.1015625,24.248046875,0.32550087571144104,-1,-1,-1
412,407,3195.513671875,571.502685546875,19.176025390625,45.36297607421875,0.37052297592163086,-1,-1,-1
413,1,2873.328125,705.7166748046875,31.913330078125,83.8531494140625,0.7286421656608582,-1,-1,-1
413,3,3746.27685546875,796.5682983398438,40.255859375,100.093017578125,0.6423080563545227,-1,-1,-1
413,339,4044.953369140625,525.8811645507812,15.551025390625,24.1380615234375,0.31831470131874084,-1,-1,-1
413,407,3195.99072265625,570.9943237304688,19.4423828125,45.70819091796875,0.3329828977584839,-1,-1,-1
414,1,2872.828857421875,706.117431640625,31.183837890625,82.63873291015625,0.749996542930603,-1,-1,-1
414,3,3746.05029296875,796.7947998046875,40.5048828125,99.9898681640625,0.6420277953147888,-1,-1,-1
414,339,4045.42724609375,525.8203735351562,15.651611328125,24.833740234375,0.34932318329811096,-1,-1,-1
414,407,3196.087890625,570.8932495117188,19.9912109375,46.36065673828125,0.3213040828704834,-1,-1,-1
415,1,2871.965576171875,706.7478637695312,31.537109375,82.28961181640625,0.7402437329292297,-1,-1,-1
415,3,3745.375732421875,796.9668579101562,41.209716796875,99.91015625,0.6482475996017456,-1,-1,-1
415,339,4045.475341796875,525.6409912109375,15.838623046875,25.455078125,0.35604825615882874,-1,-1,-1
415,407,3196.448486328125,570.5802001953125,20.939208984375,46.92755126953125,0.3518490493297577,-1,-1,-1
416,1,2870.47802734375,707.2474365234375,32.49462890625,83.1387939453125,0.7184275984764099,-1,-1,-1
416,3,3744.7578125,796.9802856445312,41.90673828125,99.94781494140625,0.6555331945419312,-1,-1,-1
416,339,4045.52294921875,525.8071899414062,15.875732421875,25.62628173828125,0.38176557421684265,-1,-1,-1
416,407,3197.24560546875,570.2415771484375,20.971923828125,47.15216064453125,0.4243134558200836,-1,-1,-1
417,1,2869.8310546875,708.5300903320312,32.042236328125,82.84820556640625,0.7756300568580627,-1,-1,-1
417,3,3744.599365234375,796.9758911132812,41.9755859375,99.94708251953125,0.6568499207496643,-1,-1,-1
417,339,4045.4267578125,525.5438842773438,15.915283203125,25.97686767578125,0.4472380578517914,-1,-1,-1
417,407,3197.98876953125,569.7369995117188,20.533203125,48.52545166015625,0.47083979845046997,-1,-1,-1
417,414,2799.81689453125,545.3466186523438,18.051025390625,37.501953125,0.3742609918117523,-1,-1,-1
418,1,2869.178466796875,709.0062866210938,32.288330078125,80.9031982421875,0.7391853928565979,-1,-1,-1
418,3,3744.744140625,797.0213012695312,41.797119140625,99.8543701171875,0.6581650376319885,-1,-1,-1
418,339,4045.504150390625,525.508544921875,15.88427734375,25.7347412109375,0.43732085824012756,-1,-1,-1
418,407,3198.78662109375,570.044189453125,20.149658203125,47.937255859375,0.4387264549732208,-1,-1,-1
418,414,2799.54638671875,545.603759765625,18.312255859375,38.38214111328125,0.3397425711154938,-1,-1,-1
419,1,2868.4921875,709.2212524414062,32.615234375,80.67486572265625,0.7416832447052002,-1,-1,-1
419,3,3744.99853515625,796.7572631835938,41.556396484375,100.13702392578125,0.6554651856422424,-1,-1,-1
419,339,4045.684814453125,525.4365234375,15.869140625,25.6414794921875,0.47175878286361694,-1,-1,-1
419,407,3199.47021484375,570.4965209960938,20.411376953125,47.06121826171875,0.41968509554862976,-1,-1,-1
419,414,2799.229248046875,545.809326171875,18.30029296875,37.3037109375,0.31779366731643677,-1,-1,-1
420,1,2867.468505859375,709.12890625,32.96435546875,81.31732177734375,0.7544801235198975,-1,-1,-1
420,3,3745.141845703125,796.7227172851562,41.378662109375,100.18914794921875,0.6539466977119446,-1,-1,-1
420,339,4045.914794921875,525.1173095703125,15.75244140625,26.11517333984375,0.5169875621795654,-1,-1,-1
420,407,3200.30517578125,570.7271728515625,20.286865234375,45.8760986328125,0.5075622797012329,-1,-1,-1
420,414,2799.40234375,545.355224609375,17.39453125,35.9757080078125,0.3235169053077698,-1,-1,-1
421,1,2865.93701171875,709.0305786132812,34.742431640625,82.98291015625,0.7633962631225586,-1,-1,-1
421,3,3744.742431640625,796.6328125,41.890380859375,100.32208251953125,0.6517213582992554,-1,-1,-1
421,339,4046.30908203125,525.0445556640625,15.6796875,26.2584228515625,0.48898231983184814,-1,-1,-1
421,407,3201.220947265625,571.2877807617188,20.393798828125,45.2802734375,0.48114559054374695,-1,-1,-1
421,414,2799.245361328125,544.7698974609375,17.40234375,36.680419921875,0.3446219861507416,-1,-1,-1
422,1,2864.95361328125,708.7431640625,34.936767578125,83.7314453125,0.7568691372871399,-1,-1,-1
422,3,3744.258544921875,796.4340209960938,42.401611328125,100.56561279296875,0.6520687937736511,-1,-1,-1
422,339,4046.67138671875,524.8328857421875,15.63330078125,26.92816162109375,0.4791656732559204,-1,-1,-1
422,407,3201.622802734375,571.3828125,20.655029296875,45.6845703125,0.5111458897590637,-1,-1,-1
422,414,2799.24072265625,544.291015625,17.651123046875,38.83514404296875,0.3607059419155121,-1,-1,-1
423,1,2864.2939453125,708.5896606445312,34.8037109375,83.98712158203125,0.7723850011825562,-1,-1,-1
423,3,3744.15234375,796.3786010742188,42.57958984375,100.614990234375,0.6516268253326416,-1,-1,-1
423,339,4046.729736328125,525.3732299804688,15.618896484375,26.68157958984375,0.4573199152946472,-1,-1,-1
423,407,3202.124755859375,571.79638671875,20.33642578125,45.11798095703125,0.4683028757572174,-1,-1,-1
423,414,2798.85986328125,544.49560546875,17.4267578125,38.75335693359375,0.3372366726398468,-1,-1,-1
424,1,2863.00146484375,708.7752685546875,35.88671875,84.654052734375,0.7700075507164001,-1,-1,-1
424,3,3744.09619140625,796.0755004882812,42.62109375,100.97900390625,0.6481510400772095,-1,-1,-1
424,339,4046.617431640625,525.7369384765625,15.53369140625,26.5369873046875,0.482515424489975,-1,-1,-1
424,407,3203.8310546875,572.5870361328125,18.69580078125,44.7144775390625,0.4744322896003723,-1,-1,-1
424,414,2798.033203125,544.5817260742188,17.691650390625,39.51751708984375,0.3724532425403595,-1,-1,-1
425,1,2862.015625,708.8050537109375,37.026123046875,85.17510986328125,0.7535699605941772,-1,-1,-1
425,3,3743.251708984375,796.0184936523438,43.26806640625,100.82110595703125,0.6331214308738708,-1,-1,-1
425,339,4046.621337890625,525.931640625,15.376953125,26.355712890625,0.45914292335510254,-1,-1,-1
425,407,3204.287841796875,572.8889770507812,17.8984375,44.4757080078125,0.47746482491493225,-1,-1,-1
425,414,2797.2578125,544.5281372070312,18.225830078125,39.84197998046875,0.37018492817878723,-1,-1,-1
426,1,2861.2587890625,709.7433471679688,37.309326171875,84.3564453125,0.6752303838729858,-1,-1,-1
426,3,3743.60498046875,795.9568481445312,42.882080078125,100.96282958984375,0.6303763389587402,-1,-1,-1
426,339,4046.546142578125,525.8546752929688,15.583740234375,27.148193359375,0.4802923798561096,-1,-1,-1
426,407,3205.177001953125,572.961181640625,17.05859375,44.3048095703125,0.4659062325954437,-1,-1,-1
426,414,2796.2880859375,544.853515625,18.948974609375,39.31488037109375,0.36216437816619873,-1,-1,-1
427,1,2860.514892578125,710.6182250976562,37.54248046875,84.925048828125,0.663675844669342,-1,-1,-1
427,3,3743.1162109375,796.1251831054688,43.402587890625,101.488037109375,0.6226484775543213,-1,-1,-1
427,339,4046.518310546875,526.4513549804688,15.767822265625,26.7950439453125,0.49493664503097534,-1,-1,-1
427,407,3205.779052734375,573.1633911132812,16.813720703125,43.875,0.44575512409210205,-1,-1,-1
427,414,2795.434326171875,545.5294189453125,19.76611328125,38.6788330078125,0.3563366234302521,-1,-1,-1
428,1,2860.249755859375,711.3245239257812,37.524658203125,85.0833740234375,0.666498601436615,-1,-1,-1
428,3,3743.73681640625,796.0628662109375,42.788818359375,100.96990966796875,0.6102368831634521,-1,-1,-1
428,339,4046.565673828125,526.6263427734375,15.861083984375,26.76806640625,0.5056191682815552,-1,-1,-1
428,407,3206.69189453125,572.9249267578125,16.6767578125,42.75714111328125,0.3797593116760254,-1,-1,-1
428,414,2794.4638671875,545.519287109375,20.9150390625,38.86444091796875,0.35781946778297424,-1,-1,-1
429,1,2860.071044921875,711.8389892578125,37.53857421875,86.76580810546875,0.6754294633865356,-1,-1,-1
429,3,3744.521240234375,796.0794677734375,41.9736328125,100.6617431640625,0.6240042448043823,-1,-1,-1
429,339,4046.48974609375,526.58544921875,15.708740234375,26.62200927734375,0.5225298404693604,-1,-1,-1
429,407,3207.3740234375,572.27685546875,16.919677734375,43.0037841796875,0.3548072874546051,-1,-1,-1
429,414,2793.58984375,545.6181640625,21.753662109375,38.41143798828125,0.3573266863822937,-1,-1,-1
430,1,2860.10107421875,712.8073120117188,37.271240234375,88.74957275390625,0.708213746547699,-1,-1,-1
430,3,3745.475341796875,795.8765869140625,41.025634765625,100.7381591796875,0.6367626190185547,-1,-1,-1
430,339,4046.37548828125,526.5718383789062,15.67138671875,26.9736328125,0.5374714732170105,-1,-1,-1
430,407,3207.7802734375,571.8209228515625,17.564697265625,44.0772705078125,0.31066086888313293,-1,-1,-1
430,414,2793.510986328125,545.770751953125,21.6923828125,38.34991455078125,0.3645869791507721,-1,-1,-1
430,434,3586.718017578125,576.0694580078125,23.54833984375,52.58892822265625,0.3340584337711334,-1,-1,-1
430,436,3161.0849609375,507.1036376953125,18.060546875,29.6806640625,0.32055455446243286,-1,-1,-1
431,1,2859.9248046875,714.5149536132812,36.802001953125,88.19097900390625,0.6943272948265076,-1,-1,-1
431,3,3745.8720703125,795.8690185546875,40.490966796875,100.715576171875,0.6484487652778625,-1,-1,-1
431,339,4046.47607421875,526.3687133789062,15.785888671875,26.95001220703125,0.5237016677856445,-1,-1,-1
431,407,3207.7509765625,571.4752197265625,18.61279296875,47.02117919921875,0.2737436592578888,-1,-1,-1
431,414,2793.2705078125,545.5921630859375,21.399658203125,38.28753662109375,0.37163156270980835,-1,-1,-1
431,434,3586.783935546875,575.9916381835938,23.32861328125,52.22906494140625,0.3367551267147064,-1,-1,-1
431,436,3161.41796875,507.4551696777344,17.08984375,29.540618896484375,0.3648498058319092,-1,-1,-1
432,1,2859.915771484375,715.9852294921875,36.08251953125,87.124267578125,0.6836228966712952,-1,-1,-1
432,3,3746.585205078125,795.8087768554688,39.655029296875,100.6845703125,0.6545478701591492,-1,-1,-1
432,339,4046.489990234375,525.9633178710938,16.02880859375,27.45745849609375,0.5348834991455078,-1,-1,-1
432,407,3207.173095703125,571.9345092773438,20.686279296875,45.568115234375,0.29925736784935,-1,-1,-1
432,414,2793.032958984375,545.5245971679688,20.89404296875,38.7447509765625,0.38521385192871094,-1,-1,-1
432,434,3586.8212890625,576.6312255859375,23.296630859375,51.01422119140625,0.30808359384536743,-1,-1,-1
432,436,3161.564453125,506.96435546875,17.117919921875,30.8623046875,0.38932090997695923,-1,-1,-1
432,440,3098.55322265625,517.4072265625,19.94677734375,34.030517578125,0.3288552761077881,-1,-1,-1
433,1,2859.7060546875,716.3080444335938,36.24365234375,87.73095703125,0.6969905495643616,-1,-1,-1
433,3,3746.3935546875,795.7823486328125,39.904052734375,100.81005859375,0.650344729423523,-1,-1,-1
433,339,4046.4248046875,525.3721923828125,16.062744140625,28.06146240234375,0.5378881096839905,-1,-1,-1
433,407,3207.01611328125,572.3955078125,21.418212890625,44.698486328125,0.31570228934288025,-1,-1,-1
433,414,2792.9287109375,545.2044067382812,20.52197265625,39.29425048828125,0.40878036618232727,-1,-1,-1
433,434,3586.85498046875,576.6030883789062,23.437744140625,51.177978515625,0.2840130925178528,-1,-1,-1
433,436,3161.3515625,506.31146240234375,17.236083984375,31.6951904296875,0.3938758969306946,-1,-1,-1
433,440,3098.38232421875,517.749267578125,20.05126953125,34.19317626953125,0.32152634859085083,-1,-1,-1
434,1,2860.02099609375,716.5293579101562,35.602783203125,87.71002197265625,0.6967629790306091,-1,-1,-1
434,3,3746.0810546875,795.675048828125,40.33349609375,100.54864501953125,0.6376296281814575,-1,-1,-1
434,339,4046.381103515625,525.1481323242188,16.048095703125,28.412353515625,0.5306214094161987,-1,-1,-1
434,407,3206.91943359375,572.71875,21.790283203125,44.45147705078125,0.3415909707546234,-1,-1,-1
434,414,2792.5986328125,545.5785522460938,20.665771484375,39.31292724609375,0.40618807077407837,-1,-1,-1
434,434,3586.821044921875,576.158935546875,23.5205078125,51.90240478515625,0.25420209765434265,-1,-1,-1
434,436,3161.148681640625,506.1288146972656,18.184814453125,31.942779541015625,0.38731980323791504,-1,-1,-1
434,440,3097.965087890625,518.880859375,20.520751953125,33.64422607421875,0.28306832909584045,-1,-1,-1
435,1,2860.741943359375,717.43017578125,34.703125,87.550048828125,0.7104132771492004,-1,-1,-1
435,3,3744.888671875,794.8550415039062,41.84375,101.74969482421875,0.6337053775787354,-1,-1,-1
435,339,4046.521728515625,524.8336791992188,16.1064453125,29.13153076171875,0.5414922833442688,-1,-1,-1
435,407,3207.077880859375,573.1860961914062,22.1787109375,45.10040283203125,0.35976287722587585,-1,-1,-1
435,414,2792.087646484375,545.8193359375,20.4677734375,38.82733154296875,0.4112697243690491,-1,-1,-1
435,436,3161.2470703125,506.8257751464844,17.646728515625,31.176849365234375,0.395973265171051,-1,-1,-1
436,1,2860.195556640625,717.9784545898438,35.063720703125,86.86865234375,0.7171757221221924,-1,-1,-1
436,3,3744.787353515625,794.2734375,41.96728515625,102.43963623046875,0.6367686986923218,-1,-1,-1
436,339,4046.618896484375,524.5745849609375,16.301025390625,30.066162109375,0.5428332090377808,-1,-1,-1
436,407,3207.502685546875,574.015380859375,22.542724609375,45.82275390625,0.33040979504585266,-1,-1,-1
436,414,2791.819091796875,545.4475708007812,19.796875,38.6636962890625,0.4030870795249939,-1,-1,-1
436,436,3160.3193359375,507.7753601074219,18.097900390625,31.315887451171875,0.3810381293296814,-1,-1,-1
437,1,2860.122314453125,718.3110961914062,34.979736328125,86.511962890625,0.7078344225883484,-1,-1,-1
437,3,3744.836669921875,794.9974975585938,41.6044921875,101.5751953125,0.6395803093910217,-1,-1,-1
437,339,4046.71044921875,524.76318359375,16.365234375,30.06829833984375,0.5264058709144592,-1,-1,-1
437,407,3207.871337890625,573.7984619140625,22.8125,47.2769775390625,0.33501675724983215,-1,-1,-1
437,414,2791.608154296875,545.2811279296875,19.495849609375,39.57257080078125,0.3931426703929901,-1,-1,-1
437,436,3159.70751953125,507.64996337890625,18.907470703125,32.0872802734375,0.3777335286140442,-1,-1,-1
437,447,3275.77685546875,536.7310180664062,17.88037109375,31.92919921875,0.3249657154083252,-1,-1,-1
438,1,2860.200439453125,718.529052734375,34.448974609375,86.30474853515625,0.7027745246887207,-1,-1,-1
438,3,3746.24658203125,795.3687744140625,40.002685546875,101.07928466796875,0.6400166749954224,-1,-1,-1
438,339,4046.744384765625,525.08740234375,16.287353515625,30.5802001953125,0.5253540873527527,-1,-1,-1
438,407,3208.399169921875,574.0482177734375,22.449951171875,47.95849609375,0.32345032691955566,-1,-1,-1
438,414,2790.459228515625,545.54736328125,20.037109375,39.38580322265625,0.36108529567718506,-1,-1,-1
438,436,3159.2578125,507.7776184082031,19.365966796875,32.407135009765625,0.3635849952697754,-1,-1,-1
438,447,3275.59912109375,536.4293823242188,18.1298828125,32.6123046875,0.31228479743003845,-1,-1,-1
439,1,2860.343505859375,718.7245483398438,33.756591796875,86.0496826171875,0.6621463894844055,-1,-1,-1
439,3,3747.924072265625,794.5426025390625,38.59033203125,101.7896728515625,0.6323070526123047,-1,-1,-1
439,339,4046.8896484375,525.22216796875,16.411865234375,29.9771728515625,0.49651211500167847,-1,-1,-1
439,407,3209.287109375,575.062255859375,22.108642578125,46.751953125,0.2998940944671631,-1,-1,-1
439,414,2790.053955078125,545.6397705078125,19.29443359375,39.1929931640625,0.3407175540924072,-1,-1,-1
439,436,3158.745361328125,507.7777099609375,19.745361328125,32.5189208984375,0.32752472162246704,-1,-1,-1
439,447,3275.583740234375,536.4545288085938,18.177490234375,32.75531005859375,0.2966952323913574,-1,-1,-1
440,1,2860.564697265625,718.9593505859375,33.11865234375,85.6220703125,0.6456302404403687,-1,-1,-1
440,3,3749.441650390625,794.2814331054688,37.0791015625,101.89923095703125,0.6340200304985046,-1,-1,-1
440,339,4046.973388671875,525.2212524414062,16.565673828125,29.9774169921875,0.4815617799758911,-1,-1,-1
440,414,2788.825927734375,545.8882446289062,19.361328125,37.880126953125,0.30782100558280945,-1,-1,-1
440,436,3158.30322265625,507.706787109375,20.3876953125,32.474609375,0.28533440828323364,-1,-1,-1
440,447,3275.552734375,536.1836547851562,18.10302734375,32.95330810546875,0.2895604968070984,-1,-1,-1
441,1,2860.16455078125,719.28857421875,32.8701171875,85.522705078125,0.6712563633918762,-1,-1,-1
441,3,3750.494873046875,794.0996704101562,35.93115234375,101.92486572265625,0.6436829566955566,-1,-1,-1
441,339,4047.094970703125,524.99462890625,16.77783203125,29.96160888671875,0.47874242067337036,-1,-1,-1
441,414,2787.361083984375,546.0911254882812,20.162841796875,37.59466552734375,0.29937544465065,-1,-1,-1
441,436,3158.0947265625,507.65191650390625,20.560546875,32.55670166015625,0.30321958661079407,-1,-1,-1
441,447,3275.665283203125,536.2772216796875,18.021728515625,33.72149658203125,0.3331868052482605,-1,-1,-1
442,1,2859.6962890625,719.2687377929688,33.64501953125,86.52685546875,0.7175484895706177,-1,-1,-1
442,3,3751.1875,794.2711791992188,35.125244140625,101.650146484375,0.6442614793777466,-1,-1,-1
442,339,4047.1611328125,525.0057983398438,17.118896484375,30.33740234375,0.48098549246788025,-1,-1,-1
442,414,2785.926025390625,546.2698364257812,21.117919921875,37.4696044921875,0.3163996934890747,-1,-1,-1
442,436,3158.231201171875,507.7886657714844,20.05517578125,32.617340087890625,0.33964747190475464,-1,-1,-1
442,447,3275.622314453125,536.4404296875,17.9697265625,33.11004638671875,0.3172368109226227,-1,-1,-1
443,1,2859.271240234375,719.2223510742188,33.0185546875,87.28582763671875,0.6745824217796326,-1,-1,-1
443,3,3751.50830078125,794.1470336914062,34.798583984375,101.7799072265625,0.648190975189209,-1,-1,-1
443,339,4047.252197265625,524.7661743164062,17.388916015625,30.818359375,0.47584399580955505,-1,-1,-1
443,414,2784.7314453125,546.4932250976562,21.93603515625,37.7567138671875,0.31990528106689453,-1,-1,-1
443,436,3158.477783203125,507.3990783691406,18.79345703125,33.104949951171875,0.3885630965232849,-1,-1,-1
443,447,3275.580078125,536.6246948242188,18.030517578125,31.99932861328125,0.3258867859840393,-1,-1,-1
443,407,3212.060791015625,573.5945434570312,21.51318359375,47.68927001953125,0.283555805683136,-1,-1,-1
444,1,2858.950439453125,719.4786376953125,32.352294921875,87.63958740234375,0.6757768988609314,-1,-1,-1
444,3,3751.640625,794.1282958984375,34.71484375,101.91943359375,0.6454753279685974,-1,-1,-1
444,339,4047.31640625,524.5159301757812,17.58837890625,31.01300048828125,0.44908905029296875,-1,-1,-1
444,414,2784.024169921875,546.9848022460938,22.384765625,38.67388916015625,0.2659718692302704,-1,-1,-1
444,436,3158.706787109375,507.10003662109375,18.41357421875,33.32794189453125,0.4091532528400421,-1,-1,-1
444,447,3275.47216796875,536.2423095703125,18.189453125,32.4627685546875,0.3552132546901703,-1,-1,-1
445,1,2858.702392578125,719.6053466796875,32.624267578125,88.666259765625,0.7034223079681396,-1,-1,-1
445,3,3751.62548828125,793.9949340820312,34.853759765625,102.069091796875,0.6473131775856018,-1,-1,-1
445,339,4047.33984375,524.3511962890625,17.783935546875,30.68389892578125,0.4508022665977478,-1,-1,-1
445,436,3158.8857421875,507.0623474121094,18.37939453125,33.468353271484375,0.37487441301345825,-1,-1,-1
445,447,3275.4599609375,536.2085571289062,18.108642578125,32.51483154296875,0.323188453912735,-1,-1,-1
446,1,2858.48681640625,719.4708251953125,33.24169921875,89.7249755859375,0.6913121938705444,-1,-1,-1
446,3,3751.6943359375,793.9495849609375,34.941162109375,102.1724853515625,0.6529319882392883,-1,-1,-1
446,339,4047.343017578125,524.4369506835938,17.98193359375,30.3258056640625,0.4502128064632416,-1,-1,-1
446,436,3158.643310546875,507.6731262207031,18.647216796875,32.852386474609375,0.3590773344039917,-1,-1,-1
446,447,3275.484375,536.7031860351562,18.05419921875,31.51007080078125,0.28474318981170654,-1,-1,-1
447,1,2857.865966796875,719.9053955078125,33.250244140625,89.348388671875,0.6483364105224609,-1,-1,-1
447,3,3751.308837890625,794.8621826171875,34.855224609375,101.3946533203125,0.6624434590339661,-1,-1,-1
447,339,4047.33251953125,524.4344482421875,18.622314453125,31.09185791015625,0.43909353017807007,-1,-1,-1
447,436,3158.754638671875,508.8456726074219,18.248291015625,30.865814208984375,0.38598835468292236,-1,-1,-1
447,447,3275.530029296875,537.4808959960938,18.238037109375,32.54443359375,0.26981183886528015,-1,-1,-1
448,1,2856.799560546875,720.53759765625,33.612548828125,90.66558837890625,0.6596827507019043,-1,-1,-1
448,3,3751.409423828125,794.0123901367188,35.21533203125,102.21435546875,0.6625456809997559,-1,-1,-1
448,339,4047.28466796875,524.634765625,19.02734375,31.39752197265625,0.42353299260139465,-1,-1,-1
448,436,3158.721435546875,509.2725830078125,18.27978515625,30.607421875,0.3586505651473999,-1,-1,-1
449,1,2856.0595703125,720.8637084960938,33.783203125,91.6246337890625,0.6441382765769958,-1,-1,-1
449,3,3751.32177734375,794.7281494140625,34.767822265625,101.5567626953125,0.662888765335083,-1,-1,-1
449,339,4047.268310546875,524.3010864257812,19.177490234375,32.1546630859375,0.4443603456020355,-1,-1,-1
449,436,3158.96240234375,509.4854736328125,17.669677734375,30.1402587890625,0.3750213384628296,-1,-1,-1
449,407,3220.364501953125,575.6463012695312,18.491455078125,46.3126220703125,0.3245270550251007,-1,-1,-1
450,1,2855.7412109375,720.624267578125,33.533203125,91.949462890625,0.6498896479606628,-1,-1,-1
450,3,3751.332763671875,794.984619140625,34.57861328125,101.48602294921875,0.6699379682540894,-1,-1,-1
450,339,4047.2607421875,524.0347900390625,19.5244140625,31.897216796875,0.44734370708465576,-1,-1,-1
450,436,3159.066162109375,509.2252502441406,17.6962890625,30.620208740234375,0.40666142106056213,-1,-1,-1
450,407,3221.58349609375,576.662841796875,17.867919921875,45.21734619140625,0.3744070827960968,-1,-1,-1
451,1,2854.44677734375,720.4480590820312,34.0419921875,92.7716064453125,0.5728030800819397,-1,-1,-1
451,3,3751.52001953125,795.602294921875,34.5517578125,101.03460693359375,0.6621885895729065,-1,-1,-1
451,339,4047.279296875,523.7809448242188,19.6435546875,31.2861328125,0.42354023456573486,-1,-1,-1
451,436,3159.4375,509.1363220214844,17.324462890625,30.650970458984375,0.3885336220264435,-1,-1,-1
451,407,3222.362548828125,577.7393188476562,17.6015625,46.93157958984375,0.3857235014438629,-1,-1,-1
452,1,2853.060302734375,720.9873657226562,33.909423828125,93.2703857421875,0.5279175043106079,-1,-1,-1
452,3,3751.67626953125,795.6018676757812,34.524658203125,101.085205078125,0.6603478193283081,-1,-1,-1
452,339,4047.392333984375,524.0380859375,19.9462890625,32.454345703125,0.40934520959854126,-1,-1,-1
452,436,3159.379638671875,508.5769958496094,17.1279296875,31.565765380859375,0.380828320980072,-1,-1,-1
452,407,3222.453369140625,578.58544921875,17.791748046875,47.1317138671875,0.3935289680957794,-1,-1,-1
453,1,2852.0283203125,721.662109375,33.99560546875,92.59381103515625,0.5218074321746826,-1,-1,-1
453,3,3751.916259765625,794.30322265625,35.371337890625,102.3310546875,0.6659470200538635,-1,-1,-1
453,339,4047.41650390625,523.9886474609375,19.923828125,30.1712646484375,0.3855615258216858,-1,-1,-1
453,436,3159.207275390625,507.99200439453125,16.739501953125,31.95123291015625,0.3647529184818268,-1,-1,-1
453,407,3222.708251953125,578.8382568359375,17.57861328125,46.82684326171875,0.3979579508304596,-1,-1,-1
454,1,2850.01318359375,722.8915405273438,34.80126953125,90.4588623046875,0.5760550498962402,-1,-1,-1
454,3,3752.118408203125,793.7463989257812,35.936279296875,102.89276123046875,0.6649729013442993,-1,-1,-1
454,339,4047.406005859375,524.2335205078125,19.882568359375,28.42620849609375,0.38300320506095886,-1,-1,-1
454,436,3159.032470703125,508.0946960449219,16.355712890625,31.625457763671875,0.4054948389530182,-1,-1,-1
454,407,3222.866943359375,579.7019653320312,18.0439453125,46.06671142578125,0.4120842516422272,-1,-1,-1
455,1,2849.266845703125,724.213134765625,34.4775390625,89.19989013671875,0.5448247194290161,-1,-1,-1
455,3,3752.19140625,793.6710815429688,36.666015625,103.0118408203125,0.6660758852958679,-1,-1,-1
455,339,4047.380859375,524.5934448242188,20.2958984375,27.6529541015625,0.37220996618270874,-1,-1,-1
455,436,3159.1796875,507.970458984375,15.922119140625,32.0224609375,0.3856681287288666,-1,-1,-1
455,407,3222.9599609375,579.7356567382812,18.3349609375,47.110595703125,0.43438419699668884,-1,-1,-1
456,1,2848.930419921875,724.8577880859375,33.80859375,88.62811279296875,0.5579414963722229,-1,-1,-1
456,3,3752.433837890625,793.7665405273438,37.283447265625,102.85931396484375,0.6627858877182007,-1,-1,-1
456,339,4047.52587890625,524.8430786132812,20.552001953125,28.00469970703125,0.34072980284690857,-1,-1,-1
456,436,3159.132568359375,508.766357421875,15.792724609375,31.39471435546875,0.3373408019542694,-1,-1,-1
456,407,3223.290283203125,579.462158203125,18.4365234375,44.2679443359375,0.3751533329486847,-1,-1,-1
456,466,3314.562255859375,518.1255493164062,17.481201171875,36.0167236328125,0.3380681574344635,-1,-1,-1
457,1,2847.79052734375,725.8883056640625,34.3623046875,87.76556396484375,0.6155466437339783,-1,-1,-1
457,3,3752.564697265625,794.0405883789062,37.54833984375,102.69952392578125,0.6745469570159912,-1,-1,-1
457,339,4047.70654296875,524.747802734375,21.095458984375,30.09393310546875,0.3223475217819214,-1,-1,-1
457,436,3159.1083984375,509.4921875,15.2353515625,31.0816650390625,0.34812042117118835,-1,-1,-1
457,407,3223.531005859375,579.4127197265625,18.4248046875,42.27105712890625,0.3516032099723816,-1,-1,-1
457,466,3314.373046875,519.27294921875,17.0693359375,32.6800537109375,0.289461612701416,-1,-1,-1
458,1,2846.97607421875,728.1207885742188,34.65478515625,85.1212158203125,0.6308733820915222,-1,-1,-1
458,3,3752.591552734375,794.4718017578125,38.0185546875,102.41485595703125,0.6925934553146362,-1,-1,-1
458,339,4047.820068359375,524.9541015625,21.5263671875,31.8983154296875,0.2939993739128113,-1,-1,-1
458,436,3159.020263671875,510.41741943359375,15.0048828125,29.96673583984375,0.359992116689682,-1,-1,-1
458,407,3223.4541015625,579.3556518554688,18.708984375,40.75482177734375,0.3387669026851654,-1,-1,-1
458,466,3314.11767578125,518.4423217773438,17.039794921875,32.9970703125,0.25749173760414124,-1,-1,-1
459,1,2846.43310546875,728.6144409179688,34.9130859375,85.47998046875,0.6469671130180359,-1,-1,-1
459,3,3752.71826171875,794.7962036132812,38.177734375,101.9769287109375,0.7003151774406433,-1,-1,-1
459,436,3158.90234375,510.7393493652344,14.96630859375,29.994171142578125,0.3595367670059204,-1,-1,-1
459,407,3223.334228515625,579.6203002929688,18.80322265625,39.928466796875,0.3031492531299591,-1,-1,-1
459,466,3313.81396484375,519.1608276367188,17.961669921875,32.5919189453125,0.2616467773914337,-1,-1,-1
459,414,2771.902587890625,533.32275390625,21.334228515625,55.58428955078125,0.36799001693725586,-1,-1,-1
460,1,2845.56787109375,728.3726806640625,35.539794921875,87.12060546875,0.6873935461044312,-1,-1,-1
460,3,3752.6357421875,794.9156494140625,38.553955078125,102.09869384765625,0.7030619382858276,-1,-1,-1
460,436,3158.514404296875,510.6087951660156,15.279052734375,30.438995361328125,0.3797138035297394,-1,-1,-1
460,407,3223.07861328125,579.8096313476562,19.231201171875,42.75787353515625,0.3379770517349243,-1,-1,-1
460,466,3313.353759765625,520.4420166015625,19.158447265625,32.39947509765625,0.26208826899528503,-1,-1,-1
460,414,2771.489501953125,533.124755859375,21.443603515625,56.213623046875,0.3115207254886627,-1,-1,-1
461,1,2844.30224609375,728.150146484375,36.749755859375,89.40423583984375,0.697431206703186,-1,-1,-1
461,3,3752.5439453125,795.27001953125,38.869873046875,101.8338623046875,0.7098208069801331,-1,-1,-1
461,436,3158.457275390625,510.8552551269531,15.45458984375,30.110992431640625,0.40981101989746094,-1,-1,-1
461,407,3223.195068359375,580.2330322265625,19.156982421875,43.11474609375,0.33579790592193604,-1,-1,-1
461,466,3313.426025390625,520.8903198242188,19.702880859375,34.37847900390625,0.32189127802848816,-1,-1,-1
461,414,2771.78857421875,534.5661010742188,21.056884765625,54.911865234375,0.3971909284591675,-1,-1,-1
462,1,2843.203857421875,728.7108764648438,37.6826171875,90.348388671875,0.7113447189331055,-1,-1,-1
462,3,3752.355224609375,795.4026489257812,39.208984375,101.83642578125,0.7142558693885803,-1,-1,-1
462,436,3158.39306640625,510.8174743652344,15.357177734375,30.313018798828125,0.39134564995765686,-1,-1,-1
462,407,3223.1962890625,580.62939453125,18.998046875,42.076904296875,0.33309051394462585,-1,-1,-1
462,466,3313.012451171875,521.5394897460938,20.749267578125,34.06842041015625,0.2597164213657379,-1,-1,-1
462,414,2771.7509765625,536.6311645507812,20.810302734375,52.43817138671875,0.3864772617816925,-1,-1,-1
463,1,2842.53515625,728.6620483398438,38.132568359375,92.07415771484375,0.7112039923667908,-1,-1,-1
463,3,3752.17041015625,795.49365234375,39.518798828125,102.50897216796875,0.7191518545150757,-1,-1,-1
463,436,3158.096435546875,510.42486572265625,15.591796875,30.91900634765625,0.38303837180137634,-1,-1,-1
463,407,3222.87939453125,580.5221557617188,19.0146484375,45.8770751953125,0.3579493463039398,-1,-1,-1
463,414,2770.9033203125,533.1072998046875,20.49658203125,55.33251953125,0.415732741355896,-1,-1,-1
464,1,2841.939697265625,728.3466796875,38.43505859375,93.1827392578125,0.7060357928276062,-1,-1,-1
464,3,3751.86376953125,795.7955932617188,39.852783203125,103.0318603515625,0.7159008979797363,-1,-1,-1
464,436,3158.22900390625,510.1315612792969,15.454345703125,31.086334228515625,0.3472647964954376,-1,-1,-1
464,407,3222.744384765625,580.6841430664062,18.82470703125,45.6435546875,0.34914514422416687,-1,-1,-1
464,414,2769.754150390625,529.7493286132812,20.841064453125,57.9759521484375,0.3474576473236084,-1,-1,-1
465,1,2841.130859375,728.1353149414062,38.63134765625,94.18145751953125,0.7213731408119202,-1,-1,-1
465,3,3751.38427734375,796.0870361328125,40.47314453125,103.8795166015625,0.7219741344451904,-1,-1,-1
465,436,3158.16748046875,509.57916259765625,15.498779296875,32.1329345703125,0.3377138078212738,-1,-1,-1
465,407,3222.73876953125,581.1581420898438,18.647216796875,45.7880859375,0.31043240427970886,-1,-1,-1
465,414,2768.125244140625,526.99365234375,21.5625,60.92230224609375,0.29287320375442505,-1,-1,-1
466,1,2840.763916015625,728.7786254882812,38.831298828125,95.3365478515625,0.7442718744277954,-1,-1,-1
466,3,3751.731689453125,796.3145141601562,40.106689453125,103.26422119140625,0.7232315540313721,-1,-1,-1
466,436,3158.235595703125,508.980712890625,15.797607421875,32.6881103515625,0.3487103283405304,-1,-1,-1
466,407,3222.4033203125,581.23486328125,18.876220703125,48.09942626953125,0.3213294744491577,-1,-1,-1
466,414,2767.08203125,525.2796630859375,22.046630859375,63.2447509765625,0.3308965265750885,-1,-1,-1
467,1,2840.26953125,729.0626220703125,39.18798828125,96.532958984375,0.7478810548782349,-1,-1,-1
467,3,3751.244873046875,796.4885864257812,40.53662109375,103.11260986328125,0.7194937467575073,-1,-1,-1
467,436,3158.11962890625,508.7126159667969,15.988037109375,32.709197998046875,0.31274130940437317,-1,-1,-1
467,407,3222.313720703125,581.6742553710938,18.722900390625,48.29248046875,0.2548978328704834,-1,-1,-1
467,414,2766.891357421875,525.0924072265625,22.45947265625,63.16790771484375,0.3463202118873596,-1,-1,-1
468,1,2839.988525390625,729.4510498046875,39.11181640625,96.99530029296875,0.7455258965492249,-1,-1,-1
468,3,3750.096435546875,796.4653930664062,41.709716796875,103.8450927734375,0.7119876146316528,-1,-1,-1
468,436,3157.977783203125,508.4087829589844,16.0830078125,32.690521240234375,0.28658631443977356,-1,-1,-1
468,414,2766.385009765625,526.0263671875,23.157958984375,63.46820068359375,0.38060322403907776,-1,-1,-1
469,1,2840.5830078125,730.4494018554688,38.83935546875,97.61346435546875,0.7423811554908752,-1,-1,-1
469,3,3749.92431640625,796.092041015625,41.962890625,105.12921142578125,0.7064443230628967,-1,-1,-1
469,436,3157.823974609375,508.69537353515625,16.07470703125,32.26434326171875,0.2910939157009125,-1,-1,-1
469,414,2765.53125,529.4579467773438,24.07958984375,60.2086181640625,0.3020308017730713,-1,-1,-1
470,1,2841.042724609375,731.3831787109375,38.473876953125,96.69976806640625,0.7503900527954102,-1,-1,-1
470,3,3748.61279296875,796.2128295898438,43.300048828125,106.23114013671875,0.703363835811615,-1,-1,-1
470,436,3157.5859375,508.83734130859375,16.192138671875,32.25701904296875,0.32099035382270813,-1,-1,-1
470,414,2765.664306640625,531.6747436523438,23.640625,58.215576171875,0.3309405446052551,-1,-1,-1
471,1,2841.439697265625,731.95166015625,37.85205078125,96.71966552734375,0.7771535515785217,-1,-1,-1
471,3,3747.045654296875,796.5523681640625,44.820068359375,105.7166748046875,0.7056387662887573,-1,-1,-1
471,436,3157.47705078125,508.82452392578125,16.2138671875,32.2064208984375,0.3390716016292572,-1,-1,-1
471,414,2765.77294921875,532.5457153320312,23.135498046875,56.3148193359375,0.3540884852409363,-1,-1,-1
472,1,2841.76416015625,732.1767578125,37.1787109375,96.089599609375,0.7800935506820679,-1,-1,-1
472,3,3745.440185546875,796.9486083984375,46.19140625,106.01080322265625,0.711161196231842,-1,-1,-1
472,436,3157.41259765625,508.9137878417969,16.103759765625,32.001190185546875,0.3745880126953125,-1,-1,-1
472,414,2765.877685546875,535.3492431640625,22.7763671875,53.07952880859375,0.3500446379184723,-1,-1,-1
472,407,3221.8388671875,583.7501831054688,19.685791015625,52.84423828125,0.3019792437553406,-1,-1,-1
473,1,2842.184326171875,732.2540283203125,37.144775390625,97.047119140625,0.7945173382759094,-1,-1,-1
473,3,3744.499267578125,798.4102783203125,46.501220703125,103.92449951171875,0.7098414301872253,-1,-1,-1
473,436,3157.46533203125,509.0544128417969,15.972412109375,31.939239501953125,0.3637082278728485,-1,-1,-1
473,414,2765.73876953125,538.3919677734375,22.748779296875,50.09912109375,0.3354688286781311,-1,-1,-1
474,1,2842.3974609375,732.3224487304688,37.153564453125,97.87542724609375,0.7887082695960999,-1,-1,-1
474,3,3745.39599609375,799.1875,45.05126953125,102.6004638671875,0.7120006084442139,-1,-1,-1
474,436,3157.212646484375,509.19482421875,16.195068359375,32.390869140625,0.37941744923591614,-1,-1,-1
474,414,2765.565185546875,534.8511962890625,22.786376953125,54.18896484375,0.35244640707969666,-1,-1,-1
475,1,2842.56640625,732.4277954101562,36.662841796875,97.0865478515625,0.7731001377105713,-1,-1,-1
475,3,3746.632080078125,799.8331909179688,42.840087890625,101.48455810546875,0.7087048292160034,-1,-1,-1
475,436,3156.704345703125,509.4210510253906,16.78125,33.136932373046875,0.3601844906806946,-1,-1,-1
475,414,2765.734130859375,538.4873046875,22.466552734375,53.2987060546875,0.3522169291973114,-1,-1,-1
475,407,3222.205810546875,584.2039184570312,19.687255859375,55.99896240234375,0.25350043177604675,-1,-1,-1
476,1,2842.854248046875,732.8656616210938,36.3173828125,96.08056640625,0.7625056505203247,-1,-1,-1
476,3,3747.297607421875,800.282958984375,41.2353515625,101.4769287109375,0.7097039222717285,-1,-1,-1
476,436,3156.167236328125,509.314208984375,17.267578125,34.5234375,0.35953396558761597,-1,-1,-1
476,414,2765.25537109375,535.257568359375,22.616455078125,57.5899658203125,0.3440307676792145,-1,-1,-1
477,1,2843.373046875,733.0231323242188,35.361328125,94.85247802734375,0.7402859926223755,-1,-1,-1
477,3,3747.889892578125,800.619140625,39.71728515625,101.505126953125,0.6944978833198547,-1,-1,-1
477,436,3155.81396484375,509.7771911621094,17.608154296875,35.336639404296875,0.3426769971847534,-1,-1,-1
477,414,2765.275390625,535.6123046875,22.169677734375,56.53936767578125,0.32694029808044434,-1,-1,-1
478,1,2843.842529296875,733.464599609375,34.51806640625,93.649658203125,0.7299303412437439,-1,-1,-1
478,3,3748.35400390625,800.8235473632812,38.145751953125,101.783447265625,0.6947555541992188,-1,-1,-1
478,436,3155.287353515625,510.69561767578125,17.8876953125,36.1478271484375,0.3244728147983551,-1,-1,-1
478,414,2765.77880859375,539.90234375,21.477294921875,51.81378173828125,0.32910075783729553,-1,-1,-1
478,407,3221.74365234375,585.6427612304688,18.84619140625,49.61181640625,0.31497710943222046,-1,-1,-1
479,1,2843.730712890625,733.64892578125,34.598876953125,93.39849853515625,0.7507306933403015,-1,-1,-1
479,3,3748.60595703125,800.9859008789062,37.11669921875,101.7171630859375,0.7080294489860535,-1,-1,-1
479,436,3155.126708984375,511.7234191894531,18.135009765625,35.682952880859375,0.2986387610435486,-1,-1,-1
479,414,2766.16357421875,545.0881958007812,20.875,46.4766845703125,0.3102158308029175,-1,-1,-1
479,503,3577.56640625,583.0227661132812,21.833984375,57.80889892578125,0.3773416578769684,-1,-1,-1
479,407,3222.45947265625,585.54150390625,19.096435546875,53.97296142578125,0.27790576219558716,-1,-1,-1
480,1,2843.48828125,733.8104858398438,35.0498046875,93.44781494140625,0.772504985332489,-1,-1,-1
480,3,3747.948974609375,801.228271484375,37.248046875,102.09228515625,0.7208582162857056,-1,-1,-1
480,436,3155.226318359375,511.8335266113281,18.049560546875,35.533477783203125,0.36019963026046753,-1,-1,-1
480,414,2766.332275390625,547.2595825195312,20.80419921875,44.55419921875,0.38901960849761963,-1,-1,-1
480,503,3576.979248046875,581.4539794921875,22.37939453125,59.42431640625,0.44914862513542175,-1,-1,-1
480,407,3221.96923828125,586.8370361328125,18.80908203125,50.81707763671875,0.31453579664230347,-1,-1,-1
481,1,2843.1376953125,734.1522216796875,35.503662109375,93.72015380859375,0.7841014862060547,-1,-1,-1
481,3,3747.96240234375,801.4734497070312,36.95166015625,102.364013671875,0.7074678540229797,-1,-1,-1
481,436,3155.2900390625,511.6471252441406,17.849365234375,36.522613525390625,0.368495911359787,-1,-1,-1
481,414,2766.60400390625,548.3524780273438,20.917724609375,44.001220703125,0.3870484530925751,-1,-1,-1
481,503,3575.975830078125,580.75537109375,21.192626953125,57.54559326171875,0.47306644916534424,-1,-1,-1
481,407,3222.06689453125,588.1824340820312,18.723388671875,49.644775390625,0.2788674831390381,-1,-1,-1
482,1,2842.921630859375,734.0964965820312,35.444580078125,94.51702880859375,0.762040913105011,-1,-1,-1
482,3,3748.20263671875,801.7222900390625,36.010986328125,102.2484130859375,0.7014416456222534,-1,-1,-1
482,436,3155.4873046875,511.3735656738281,17.538330078125,37.001373291015625,0.34195753931999207,-1,-1,-1
482,414,2766.841064453125,547.9274291992188,21.0009765625,44.71868896484375,0.3852370083332062,-1,-1,-1
482,503,3575.2578125,580.8582153320312,20.62646484375,56.41326904296875,0.4998452663421631,-1,-1,-1
483,1,2842.512939453125,733.9937744140625,35.660400390625,95.53265380859375,0.7595160603523254,-1,-1,-1
483,3,3747.93310546875,801.84765625,35.95166015625,102.822509765625,0.7420210242271423,-1,-1,-1
483,436,3155.71044921875,510.9000549316406,17.369384765625,37.017364501953125,0.3139289319515228,-1,-1,-1
483,414,2766.7880859375,546.6923217773438,21.520751953125,45.70343017578125,0.3790459930896759,-1,-1,-1
483,503,3574.706787109375,581.025390625,20.561279296875,55.94781494140625,0.49802324175834656,-1,-1,-1
484,1,2841.789794921875,734.3221435546875,36.46728515625,95.91229248046875,0.7748526930809021,-1,-1,-1
484,3,3747.689697265625,802.2811889648438,35.980712890625,103.19622802734375,0.7632129788398743,-1,-1,-1
484,436,3155.8466796875,510.5049133300781,17.25830078125,36.840850830078125,0.3393896818161011,-1,-1,-1
484,414,2766.76708984375,545.1356201171875,22.06640625,47.7286376953125,0.41174638271331787,-1,-1,-1
484,503,3574.26513671875,580.9042358398438,20.23046875,56.5072021484375,0.5434083938598633,-1,-1,-1
485,1,2841.109375,735.1674194335938,36.688232421875,95.71807861328125,0.7843111753463745,-1,-1,-1
485,3,3747.106689453125,802.5067138671875,36.332275390625,103.577880859375,0.7403478026390076,-1,-1,-1
485,436,3156.1376953125,510.34130859375,17.1982421875,35.663330078125,0.3354347348213196,-1,-1,-1
485,414,2767.32763671875,544.74755859375,21.970703125,47.6883544921875,0.43100088834762573,-1,-1,-1
485,503,3574.7431640625,581.3086547851562,21.560302734375,60.09393310546875,0.5543738603591919,-1,-1,-1
486,1,2840.182861328125,735.9868774414062,37.01220703125,96.306396484375,0.7934628129005432,-1,-1,-1
486,3,3744.937255859375,802.8480834960938,39.010498046875,103.9200439453125,0.735689640045166,-1,-1,-1
486,436,3156.49560546875,510.3868408203125,17.114501953125,34.0572509765625,0.3381027579307556,-1,-1,-1
486,414,2767.960205078125,547.5480346679688,21.9287109375,45.5089111328125,0.4215361475944519,-1,-1,-1
486,503,3574.26953125,580.9903564453125,20.838134765625,59.5487060546875,0.5574496984481812,-1,-1,-1
487,1,2838.89111328125,736.3737182617188,37.05078125,96.59490966796875,0.785703182220459,-1,-1,-1
487,3,3743.36181640625,803.039306640625,40.725341796875,104.12969970703125,0.7423615455627441,-1,-1,-1
487,436,3156.9619140625,511.0227355957031,17.04150390625,32.507110595703125,0.30553075671195984,-1,-1,-1
487,414,2768.49755859375,548.6932373046875,22.058349609375,45.33203125,0.4448992908000946,-1,-1,-1
487,503,3574.028076171875,581.1400146484375,20.566162109375,58.414794921875,0.5417462587356567,-1,-1,-1
488,1,2838.066650390625,736.2532348632812,36.868408203125,97.50372314453125,0.768728494644165,-1,-1,-1
488,3,3742.6474609375,802.9307861328125,41.412109375,104.58526611328125,0.747226893901825,-1,-1,-1
488,436,3157.435302734375,511.8577880859375,16.7490234375,30.93988037109375,0.310219407081604,-1,-1,-1
488,414,2769.006103515625,548.4019775390625,22.063720703125,45.44482421875,0.4178958833217621,-1,-1,-1
488,503,3573.750244140625,581.0231323242188,20.460205078125,57.4971923828125,0.5514101386070251,-1,-1,-1
489,1,2836.46728515625,736.1762084960938,37.91552734375,97.93341064453125,0.7596531510353088,-1,-1,-1
489,3,3742.300537109375,802.4156494140625,41.788818359375,104.88458251953125,0.7372571229934692,-1,-1,-1
489,436,3158.019775390625,512.2482299804688,16.542724609375,30.19464111328125,0.3568071722984314,-1,-1,-1
489,414,2769.5244140625,545.8177490234375,22.340087890625,48.32415771484375,0.4730824828147888,-1,-1,-1
489,503,3573.578857421875,581.1163330078125,20.3759765625,57.1458740234375,0.5257506966590881,-1,-1,-1
490,1,2835.433837890625,736.666015625,37.95849609375,98.0496826171875,0.7478489279747009,-1,-1,-1
490,3,3742.1220703125,802.07470703125,41.88525390625,104.97564697265625,0.729530394077301,-1,-1,-1
490,436,3158.289306640625,511.8036193847656,16.543701171875,31.644073486328125,0.4239152669906616,-1,-1,-1
490,414,2770.294189453125,542.5225219726562,22.96630859375,51.81597900390625,0.5265558958053589,-1,-1,-1
490,503,3573.35888671875,581.56884765625,20.415771484375,57.39404296875,0.5299062132835388,-1,-1,-1
490,519,3303.6650390625,531.4148559570312,17.672607421875,34.6240234375,0.3468776047229767,-1,-1,-1
491,1,2834.734619140625,737.4610595703125,38.213134765625,98.1029052734375,0.7555642127990723,-1,-1,-1
491,3,3741.427734375,801.7930297851562,42.310302734375,105.261962890625,0.724090039730072,-1,-1,-1
491,436,3158.078125,511.6065673828125,16.904052734375,32.82806396484375,0.4211615324020386,-1,-1,-1
491,414,2771.211181640625,534.7244262695312,24.322265625,59.155029296875,0.5699307322502136,-1,-1,-1
491,503,3573.52197265625,582.6187744140625,23.120849609375,59.0401611328125,0.5379924178123474,-1,-1,-1
491,519,3303.923583984375,531.942626953125,17.698974609375,34.8602294921875,0.3466838598251343,-1,-1,-1
492,1,2834.191650390625,738.8155517578125,38.016357421875,96.98016357421875,0.7427900433540344,-1,-1,-1
492,3,3741.166748046875,801.3662109375,42.4267578125,105.7646484375,0.7298572063446045,-1,-1,-1
492,436,3157.834228515625,511.5711364746094,17.1728515625,33.903533935546875,0.4372764527797699,-1,-1,-1
492,414,2772.11328125,532.094482421875,25.01416015625,61.00567626953125,0.550996720790863,-1,-1,-1
492,503,3573.6279296875,583.0940551757812,24.32568359375,59.47161865234375,0.5336154699325562,-1,-1,-1
492,519,3304.403564453125,532.13330078125,17.3623046875,36.78253173828125,0.3597903251647949,-1,-1,-1
493,1,2833.125,739.1443481445312,38.489501953125,98.25079345703125,0.768310546875,-1,-1,-1
493,3,3742.495361328125,801.2363891601562,41.060302734375,106.268310546875,0.7294335961341858,-1,-1,-1
493,436,3158.141357421875,511.4990234375,16.916259765625,33.8028564453125,0.46473315358161926,-1,-1,-1
493,414,2772.850830078125,529.2575073242188,25.5703125,63.2222900390625,0.4463999569416046,-1,-1,-1
493,503,3573.560791015625,583.5706787109375,25.091064453125,59.44781494140625,0.5489834547042847,-1,-1,-1
493,519,3305.166748046875,531.6567993164062,16.8251953125,38.54010009765625,0.3726942539215088,-1,-1,-1
494,1,2832.192626953125,739.0823974609375,38.92626953125,99.591064453125,0.7508547902107239,-1,-1,-1
494,3,3743.435546875,801.13623046875,40.0283203125,106.3785400390625,0.7227433919906616,-1,-1,-1
494,436,3158.17626953125,511.25225830078125,16.919921875,35.20635986328125,0.48077937960624695,-1,-1,-1
494,414,2772.098388671875,519.6502685546875,27.682861328125,73.5843505859375,0.3799712359905243,-1,-1,-1
494,503,3573.373291015625,584.1694946289062,25.650390625,58.85821533203125,0.5532253980636597,-1,-1,-1
494,519,3305.488525390625,530.552490234375,16.7451171875,40.06646728515625,0.39094170928001404,-1,-1,-1
495,1,2831.229736328125,739.710205078125,39.59619140625,98.969482421875,0.7261379957199097,-1,-1,-1
495,3,3744.32763671875,800.9583129882812,39.06787109375,106.71856689453125,0.708655595779419,-1,-1,-1
495,436,3158.26318359375,510.91119384765625,16.709716796875,36.464111328125,0.480771005153656,-1,-1,-1
495,414,2773.903564453125,522.8193969726562,25.882080078125,69.5506591796875,0.34539395570755005,-1,-1,-1
495,503,3573.28466796875,584.03173828125,26.186279296875,58.795654296875,0.4996453523635864,-1,-1,-1
495,519,3305.9560546875,530.2059936523438,16.19287109375,40.95404052734375,0.34906768798828125,-1,-1,-1
496,1,2830.65966796875,740.5204467773438,39.841796875,97.8360595703125,0.7201088070869446,-1,-1,-1
496,3,3744.38232421875,800.6217651367188,39.245849609375,107.54730224609375,0.7050923109054565,-1,-1,-1
496,436,3158.47607421875,509.9120178222656,16.433349609375,37.966339111328125,0.4963837265968323,-1,-1,-1
496,414,2775.8525390625,526.0266723632812,23.885009765625,65.8463134765625,0.3773145377635956,-1,-1,-1
496,503,3573.220947265625,583.7500610351562,26.84619140625,58.95855712890625,0.5024446249008179,-1,-1,-1
496,519,3306.352783203125,529.8141479492188,15.977783203125,41.76239013671875,0.38647326827049255,-1,-1,-1
497,1,2830.006591796875,741.4476928710938,39.592529296875,97.08343505859375,0.7121825814247131,-1,-1,-1
497,3,3744.71826171875,800.3433837890625,39.00634765625,107.92352294921875,0.6989206075668335,-1,-1,-1
497,436,3158.857177734375,509.079833984375,16.11328125,39.04498291015625,0.49118563532829285,-1,-1,-1
497,414,2777.404296875,525.4758911132812,22.98193359375,66.39215087890625,0.39249908924102783,-1,-1,-1
497,503,3573.108154296875,583.6954345703125,27.514892578125,58.57745361328125,0.4846132695674896,-1,-1,-1
497,519,3307.36279296875,530.3281860351562,15.528564453125,41.43035888671875,0.39763569831848145,-1,-1,-1
497,525,3231.269287109375,563.4566040039062,25.4013671875,80.31549072265625,0.40748098492622375,-1,-1,-1
498,1,2829.896484375,742.1759033203125,38.291748046875,96.40460205078125,0.722438395023346,-1,-1,-1
498,3,3744.916748046875,800.2603149414062,38.90625,107.96893310546875,0.6959382891654968,-1,-1,-1
498,436,3159.194580078125,507.7994689941406,15.79052734375,40.582244873046875,0.4906729757785797,-1,-1,-1
498,414,2778.685546875,526.0521240234375,22.107666015625,66.35491943359375,0.3776549696922302,-1,-1,-1
498,503,3573.00927734375,583.6539306640625,28.1875,58.74957275390625,0.5338002443313599,-1,-1,-1
498,519,3308.302734375,530.633056640625,15.267578125,40.89837646484375,0.39931240677833557,-1,-1,-1
498,525,3231.8173828125,566.8790893554688,24.89599609375,77.07470703125,0.3937084674835205,-1,-1,-1
499,1,2828.87255859375,742.2425537109375,39.203857421875,95.8201904296875,0.7214613556861877,-1,-1,-1
499,3,3745.04931640625,800.2001953125,38.84326171875,107.91131591796875,0.6992018818855286,-1,-1,-1
499,436,3159.320556640625,507.66351318359375,15.598388671875,39.98089599609375,0.48500412702560425,-1,-1,-1
499,414,2777.9541015625,517.2443237304688,23.4677734375,75.1475830078125,0.36932364106178284,-1,-1,-1
499,503,3573.107666015625,583.803955078125,28.7001953125,59.0919189453125,0.5453188419342041,-1,-1,-1
499,519,3308.683837890625,530.66259765625,15.446044921875,41.00311279296875,0.39405953884124756,-1,-1,-1
499,525,3232.4462890625,571.0599365234375,24.389404296875,72.59381103515625,0.31351953744888306,-1,-1,-1
500,1,2828.29833984375,742.598388671875,39.7958984375,94.9058837890625,0.7098411917686462,-1,-1,-1
500,3,3745.01806640625,800.1265258789062,38.90673828125,107.85467529296875,0.7005071043968201,-1,-1,-1
500,436,3159.30078125,507.52880859375,15.535400390625,40.25494384765625,0.4824073314666748,-1,-1,-1
500,414,2778.3759765625,514.1935424804688,23.850830078125,78.60943603515625,0.3569968044757843,-1,-1,-1
500,503,3573.20458984375,583.58203125,29.908203125,59.5772705078125,0.5478835105895996,-1,-1,-1
500,519,3308.821044921875,529.803466796875,15.765869140625,41.587646484375,0.43215182423591614,-1,-1,-1
500,525,3232.962158203125,571.2742309570312,23.955810546875,72.2181396484375,0.30443936586380005,-1,-1,-1
501,1,2827.512939453125,744.3989868164062,40.015625,93.68975830078125,0.6392059922218323,-1,-1,-1
501,3,3745.908447265625,800.9349365234375,36.7578125,106.525634765625,0.6925095915794373,-1,-1,-1
501,436,3159.8671875,508.640380859375,14.61572265625,40.3065185546875,0.4819338321685791,-1,-1,-1
501,414,2779.292724609375,514.6453247070312,23.61279296875,76.650634765625,0.37456995248794556,-1,-1,-1
501,503,3573.626220703125,583.7413330078125,30.72509765625,59.8221435546875,0.5318043828010559,-1,-1,-1
501,519,3308.689697265625,527.6110229492188,16.441162109375,43.33990478515625,0.45885083079338074,-1,-1,-1
501,525,3233.67724609375,568.5934448242188,24.032958984375,74.2928466796875,0.2947491407394409,-1,-1,-1
502,1,2827.48583984375,745.5302124023438,39.72802734375,92.593994140625,0.6492615342140198,-1,-1,-1
502,3,3744.662109375,801.0589599609375,38.200439453125,106.64715576171875,0.6867448687553406,-1,-1,-1
502,436,3160.1552734375,509.16595458984375,14.132080078125,39.64752197265625,0.4681703448295593,-1,-1,-1
502,414,2780.499755859375,514.8414306640625,24.1689453125,75.4361572265625,0.2737891674041748,-1,-1,-1
502,503,3572.885009765625,583.5484619140625,31.57666015625,59.74212646484375,0.5422062277793884,-1,-1,-1
502,519,3308.65869140625,526.5813598632812,16.855712890625,44.22955322265625,0.45437049865722656,-1,-1,-1
503,1,2827.345458984375,746.1182861328125,40.205322265625,92.243896484375,0.6387307643890381,-1,-1,-1
503,3,3742.6240234375,801.2799682617188,40.4892578125,106.56903076171875,0.7121846079826355,-1,-1,-1
503,436,3160.452880859375,509.3341064453125,14.380615234375,40.51898193359375,0.4744966924190521,-1,-1,-1
503,414,2780.960693359375,524.8239135742188,24.89453125,66.271484375,0.3832414448261261,-1,-1,-1
503,503,3570.685302734375,584.0160522460938,33.7978515625,58.6715087890625,0.512195348739624,-1,-1,-1
503,519,3308.800537109375,527.0827026367188,17.3828125,43.22589111328125,0.3901684582233429,-1,-1,-1
504,1,2827.002197265625,746.3702392578125,39.99951171875,92.7374267578125,0.5532792806625366,-1,-1,-1
504,3,3740.404296875,801.3828125,42.933837890625,106.45184326171875,0.7217952013015747,-1,-1,-1
504,436,3160.523193359375,509.413818359375,14.698486328125,41.15203857421875,0.47530660033226013,-1,-1,-1
504,414,2782.581298828125,530.5278930664062,25.2763671875,63.11553955078125,0.4213433861732483,-1,-1,-1
504,503,3568.671142578125,584.5081787109375,35.94384765625,57.48834228515625,0.447684109210968,-1,-1,-1
504,519,3309.206787109375,526.9986572265625,18.306640625,41.80926513671875,0.3221866190433502,-1,-1,-1
505,1,2827.500244140625,746.2019653320312,40.561767578125,92.36865234375,0.5866343379020691,-1,-1,-1
505,3,3736.871826171875,801.4588012695312,46.645263671875,106.239501953125,0.7304887771606445,-1,-1,-1
505,436,3160.88232421875,509.6285095214844,14.701171875,41.350189208984375,0.47417354583740234,-1,-1,-1
505,414,2783.6005859375,533.8613891601562,25.39599609375,60.680908203125,0.4243921935558319,-1,-1,-1
505,503,3567.8779296875,584.5095825195312,37.3037109375,57.0013427734375,0.41229739785194397,-1,-1,-1
505,519,3309.6416015625,527.3998413085938,18.81494140625,40.917724609375,0.3215867877006531,-1,-1,-1
506,1,2827.99951171875,745.8056640625,41.44921875,92.74072265625,0.6347740888595581,-1,-1,-1
506,3,3734.6826171875,801.6196899414062,49.088134765625,106.45703125,0.7287630438804626,-1,-1,-1
506,436,3160.991943359375,509.7148742675781,14.951171875,42.260467529296875,0.48087209463119507,-1,-1,-1
506,414,2784.056640625,534.321533203125,26.157958984375,59.959228515625,0.4420992136001587,-1,-1,-1
506,503,3567.806396484375,583.5602416992188,37.41064453125,57.418701171875,0.4722435176372528,-1,-1,-1
506,519,3310.12744140625,528.627197265625,19.302978515625,40.2037353515625,0.362109899520874,-1,-1,-1
507,1,2828.91796875,745.6504516601562,41.019775390625,93.91510009765625,0.7038143277168274,-1,-1,-1
507,3,3733.07421875,801.5472412109375,50.897216796875,106.489990234375,0.7285518050193787,-1,-1,-1
507,436,3160.797119140625,509.7637634277344,15.280517578125,42.733123779296875,0.48170360922813416,-1,-1,-1
507,414,2786.69921875,539.8040771484375,24.71337890625,54.16168212890625,0.4759494960308075,-1,-1,-1
507,503,3568.15673828125,583.4470825195312,37.085205078125,56.7086181640625,0.508663535118103,-1,-1,-1
507,519,3310.608642578125,529.1992797851562,19.289306640625,40.56427001953125,0.35141950845718384,-1,-1,-1
507,533,2999.687744140625,506.18572998046875,15.556884765625,29.8427734375,0.3897899091243744,-1,-1,-1
508,1,2829.09228515625,745.7355346679688,42.06396484375,94.46209716796875,0.691737949848175,-1,-1,-1
508,3,3737.33984375,801.6637573242188,46.727294921875,106.02886962890625,0.7224050164222717,-1,-1,-1
508,436,3160.644775390625,509.5274963378906,15.679931640625,43.606903076171875,0.4779798686504364,-1,-1,-1
508,414,2789.38232421875,540.924072265625,23.429931640625,51.3614501953125,0.4892372190952301,-1,-1,-1
508,503,3568.678955078125,583.7518920898438,36.16552734375,56.54022216796875,0.4774598181247711,-1,-1,-1
508,519,3311.1259765625,529.1524658203125,18.878173828125,40.98358154296875,0.3550291061401367,-1,-1,-1
508,533,3000.77587890625,507.5233459472656,15.233154296875,28.076385498046875,0.32622531056404114,-1,-1,-1
509,1,2829.820556640625,746.2081909179688,41.873779296875,94.455322265625,0.716519832611084,-1,-1,-1
509,3,3742.8642578125,802.0244750976562,40.79541015625,104.45770263671875,0.7051331400871277,-1,-1,-1
509,436,3160.581298828125,509.5554504394531,15.867919921875,43.711456298828125,0.4561533033847809,-1,-1,-1
509,414,2791.07177734375,541.587158203125,23.4150390625,50.49859619140625,0.5552254915237427,-1,-1,-1
509,503,3568.31787109375,583.7330322265625,32.16845703125,53.13623046875,0.42374154925346375,-1,-1,-1
509,519,3312.13134765625,530.7645874023438,18.049560546875,37.83441162109375,0.27914106845855713,-1,-1,-1
509,533,3001.820556640625,509.3232116699219,14.944091796875,28.323333740234375,0.3389631509780884,-1,-1,-1
509,537,3242.468505859375,549.996826171875,23.1044921875,33.6583251953125,0.32047322392463684,-1,-1,-1
510,1,2830.909912109375,746.3605346679688,39.96875,94.99664306640625,0.7517620921134949,-1,-1,-1
510,3,3745.732177734375,802.5182495117188,37.981689453125,103.43499755859375,0.7120776772499084,-1,-1,-1
510,436,3160.57080078125,509.3195495605469,15.839111328125,43.342926025390625,0.4721931219100952,-1,-1,-1
510,414,2791.70751953125,541.3130493164062,24.0556640625,50.95550537109375,0.5326040387153625,-1,-1,-1
510,503,3568.488525390625,582.8397827148438,30.4462890625,53.15753173828125,0.436105877161026,-1,-1,-1
510,519,3312.70703125,531.4888305664062,18.064208984375,36.38665771484375,0.2930341958999634,-1,-1,-1
510,533,3002.41748046875,509.9957580566406,15.237548828125,27.206329345703125,0.2585826814174652,-1,-1,-1
510,537,3242.27490234375,550.0288696289062,23.4580078125,32.57257080078125,0.37700191140174866,-1,-1,-1
511,1,2832.05908203125,746.58984375,38.82666015625,95.5565185546875,0.7537423372268677,-1,-1,-1
511,3,3747.3193359375,803.1323852539062,36.561279296875,102.622314453125,0.7284669280052185,-1,-1,-1
511,436,3160.687255859375,509.73187255859375,15.72802734375,42.530517578125,0.461734414100647,-1,-1,-1
511,414,2793.943603515625,542.6688232421875,22.114501953125,49.01568603515625,0.5511733293533325,-1,-1,-1
511,503,3568.587646484375,582.6967163085938,28.6728515625,52.91949462890625,0.41421234607696533,-1,-1,-1
511,519,3313.3798828125,531.60595703125,17.9921875,35.72723388671875,0.32570526003837585,-1,-1,-1
511,533,3002.71728515625,508.6867980957031,15.40185546875,27.762481689453125,0.26788052916526794,-1,-1,-1
511,537,3242.947998046875,550.3671264648438,23.149658203125,32.69329833984375,0.3398234248161316,-1,-1,-1
511,539,2784.203369140625,518.1012573242188,27.674560546875,72.91650390625,0.38320210576057434,-1,-1,-1
512,1,2833.483154296875,746.60791015625,37.7021484375,96.08612060546875,0.7438541650772095,-1,-1,-1
512,3,3748.22705078125,803.3638305664062,35.910888671875,102.2960205078125,0.7404488921165466,-1,-1,-1
512,436,3160.951171875,510.010009765625,15.556640625,41.70587158203125,0.45436596870422363,-1,-1,-1
512,414,2796.5205078125,547.1752319335938,20.298828125,44.2054443359375,0.564568042755127,-1,-1,-1
512,503,3568.741943359375,582.4866333007812,28.203369140625,52.2437744140625,0.37217265367507935,-1,-1,-1
512,519,3313.883056640625,532.1357421875,17.591552734375,35.10791015625,0.31254875659942627,-1,-1,-1
512,537,3244.151611328125,551.0928344726562,22.1826171875,34.7030029296875,0.35380464792251587,-1,-1,-1
512,539,2784.38525390625,516.261474609375,27.336669921875,74.23614501953125,0.3484949469566345,-1,-1,-1
513,1,2834.609619140625,746.5073852539062,37.25439453125,96.6123046875,0.7618221044540405,-1,-1,-1
513,3,3748.172607421875,803.2102661132812,36.15673828125,102.503662109375,0.7322766184806824,-1,-1,-1
513,436,3161.55615234375,510.5037841796875,15.1435546875,40.7987060546875,0.43508976697921753,-1,-1,-1
513,414,2798.0400390625,550.0386352539062,19.80517578125,40.9425048828125,0.5082605481147766,-1,-1,-1
513,503,3568.95166015625,582.58154296875,27.6123046875,51.94207763671875,0.3627839982509613,-1,-1,-1
513,519,3314.124267578125,532.9536743164062,17.6650390625,34.83843994140625,0.2907542586326599,-1,-1,-1
513,537,3245.3408203125,550.767333984375,21.0,34.96234130859375,0.3389740288257599,-1,-1,-1
513,539,2785.415283203125,515.8967895507812,26.67333984375,73.5833740234375,0.27772724628448486,-1,-1,-1
514,1,2837.21484375,746.9133911132812,34.70751953125,96.668701171875,0.7778619527816772,-1,-1,-1
514,3,3746.8134765625,803.09326171875,37.9658203125,102.9808349609375,0.7233675718307495,-1,-1,-1
514,436,3162.12939453125,511.0367736816406,14.72314453125,39.817047119140625,0.4246557056903839,-1,-1,-1
514,414,2799.649169921875,549.7929077148438,19.426025390625,41.655029296875,0.4466448128223419,-1,-1,-1
514,503,3568.613525390625,582.3566284179688,27.951171875,51.60394287109375,0.36261457204818726,-1,-1,-1
514,519,3314.39404296875,534.2305297851562,17.860595703125,32.91949462890625,0.2504236698150635,-1,-1,-1
514,537,3246.454833984375,550.662841796875,20.080322265625,34.8419189453125,0.319782555103302,-1,-1,-1
514,539,2786.660888671875,515.3319702148438,25.670166015625,74.50970458984375,0.2918320596218109,-1,-1,-1
515,1,2838.21533203125,747.486328125,34.165771484375,96.65582275390625,0.7940401434898376,-1,-1,-1
515,3,3745.137451171875,802.8353271484375,40.418701171875,103.3668212890625,0.7170620560646057,-1,-1,-1
515,436,3162.8056640625,511.73834228515625,14.490234375,38.40948486328125,0.4024156332015991,-1,-1,-1
515,414,2799.973876953125,538.7874145507812,20.732177734375,52.3138427734375,0.4518660604953766,-1,-1,-1
515,503,3567.572265625,582.7269897460938,28.01513671875,50.42291259765625,0.3230511248111725,-1,-1,-1
515,519,3314.805419921875,534.1286010742188,17.7353515625,32.031982421875,0.2505572438240051,-1,-1,-1
515,537,3247.53173828125,550.9331665039062,19.239990234375,37.04376220703125,0.35667386651039124,-1,-1,-1
515,539,2787.6552734375,516.787109375,27.178466796875,72.8837890625,0.3581841289997101,-1,-1,-1
516,1,2839.873291015625,747.6376953125,33.083740234375,96.602783203125,0.7884505987167358,-1,-1,-1
516,3,3745.078125,802.8107299804688,41.010498046875,103.76922607421875,0.7207620739936829,-1,-1,-1
516,436,3163.47802734375,511.78533935546875,14.02880859375,37.61395263671875,0.38536369800567627,-1,-1,-1
516,414,2800.60498046875,537.8809204101562,22.358154296875,54.73565673828125,0.28524067997932434,-1,-1,-1
516,503,3566.99267578125,582.5838012695312,27.096435546875,49.606201171875,0.302093505859375,-1,-1,-1
516,537,3248.03564453125,551.1829833984375,19.05908203125,37.55816650390625,0.38141271471977234,-1,-1,-1
516,539,2788.342529296875,517.767822265625,25.46337890625,70.09454345703125,0.28847816586494446,-1,-1,-1
517,1,2841.412353515625,747.6331176757812,31.786865234375,96.43536376953125,0.8049757480621338,-1,-1,-1
517,3,3744.680908203125,802.6603393554688,42.0673828125,104.120849609375,0.7271437048912048,-1,-1,-1
517,436,3164.05810546875,512.3634033203125,13.6826171875,38.4942626953125,0.3552486300468445,-1,-1,-1
517,414,2800.99755859375,532.4961547851562,23.27197265625,60.0091552734375,0.2601635158061981,-1,-1,-1
517,503,3566.244384765625,582.9653930664062,26.275146484375,47.72088623046875,0.2763209044933319,-1,-1,-1
517,537,3248.58154296875,551.231689453125,18.77392578125,39.7618408203125,0.39857709407806396,-1,-1,-1
517,539,2788.725341796875,519.9345703125,22.508056640625,68.19342041015625,0.31818974018096924,-1,-1,-1
517,546,3010.578125,505.51824951171875,14.607666015625,28.10504150390625,0.4045698344707489,-1,-1,-1
517,519,3315.541015625,533.1103515625,18.018798828125,33.03973388671875,0.25187522172927856,-1,-1,-1
518,1,2842.548828125,747.9142456054688,31.5947265625,97.2025146484375,0.8060066103935242,-1,-1,-1
518,3,3743.472900390625,802.427734375,43.818359375,104.577392578125,0.7272651791572571,-1,-1,-1
518,436,3164.017333984375,512.9417114257812,13.714111328125,39.3948974609375,0.3548929691314697,-1,-1,-1
518,503,3565.939453125,583.5881958007812,26.530517578125,46.80120849609375,0.274756520986557,-1,-1,-1
518,537,3248.701416015625,551.2890625,18.880615234375,41.64300537109375,0.4450267255306244,-1,-1,-1
518,546,3011.159912109375,507.4100646972656,14.842529296875,26.490875244140625,0.3847167193889618,-1,-1,-1
518,548,3247.238525390625,550.18505859375,20.514404296875,83.738037109375,0.4112609624862671,-1,-1,-1
518,519,3315.814208984375,532.4259033203125,18.7783203125,33.50457763671875,0.2675745487213135,-1,-1,-1
519,1,2843.431884765625,747.7855834960938,31.302490234375,98.14825439453125,0.8058857917785645,-1,-1,-1
519,3,3741.101318359375,802.298583984375,46.787353515625,105.022705078125,0.7011287212371826,-1,-1,-1
519,436,3164.171875,513.2852783203125,13.813232421875,37.62750244140625,0.34855344891548157,-1,-1,-1
519,503,3566.05517578125,583.796875,26.4130859375,46.98626708984375,0.2784765362739563,-1,-1,-1
519,546,3012.589111328125,506.9873962402344,15.2294921875,26.220794677734375,0.45694419741630554,-1,-1,-1
519,548,3248.820556640625,550.1661376953125,19.31298828125,85.5087890625,0.48548388481140137,-1,-1,-1
519,519,3315.999755859375,531.9904174804688,19.091552734375,35.0609130859375,0.27453985810279846,-1,-1,-1
520,1,2844.47314453125,747.7332763671875,30.862060546875,98.6395263671875,0.7997955679893494,-1,-1,-1
520,3,3740.0361328125,801.8723754882812,48.839599609375,105.42413330078125,0.6940722465515137,-1,-1,-1
520,436,3163.95556640625,513.5135498046875,13.84765625,37.838134765625,0.3892119824886322,-1,-1,-1
520,546,3013.490966796875,508.2903137207031,15.064453125,24.813690185546875,0.38126522302627563,-1,-1,-1
520,548,3249.663330078125,550.6592407226562,19.19677734375,83.74725341796875,0.5727022290229797,-1,-1,-1
520,519,3316.170654296875,532.4683837890625,19.81884765625,34.4354248046875,0.2795940637588501,-1,-1,-1
521,1,2845.399658203125,747.6983032226562,30.5732421875,98.740234375,0.7944654226303101,-1,-1,-1
521,3,3738.73974609375,801.6043090820312,50.952392578125,105.51934814453125,0.683516263961792,-1,-1,-1
521,436,3163.767822265625,513.737548828125,13.83935546875,38.35906982421875,0.3715304732322693,-1,-1,-1
521,546,3015.8759765625,508.49676513671875,13.43896484375,24.7999267578125,0.3302551507949829,-1,-1,-1
521,548,3249.688720703125,550.4462280273438,19.475830078125,83.63336181640625,0.5425533652305603,-1,-1,-1
521,519,3316.219970703125,532.8470458984375,20.572509765625,35.25225830078125,0.2803286612033844,-1,-1,-1
522,1,2845.935302734375,747.88671875,30.61669921875,99.285400390625,0.7707808017730713,-1,-1,-1
522,3,3738.52685546875,801.6218872070312,51.80322265625,105.5941162109375,0.6948824524879456,-1,-1,-1
522,436,3163.724609375,513.5496826171875,13.903076171875,38.9398193359375,0.3616892397403717,-1,-1,-1
522,546,3017.16796875,508.2519836425781,14.048095703125,25.072540283203125,0.3382919430732727,-1,-1,-1
522,548,3249.6337890625,550.6071166992188,19.78857421875,84.660888671875,0.5092513561248779,-1,-1,-1
523,1,2847.18310546875,748.1139526367188,30.872802734375,99.066650390625,0.7453207969665527,-1,-1,-1
523,3,3739.821533203125,801.5037841796875,51.072509765625,105.9620361328125,0.7058362364768982,-1,-1,-1
523,436,3163.759521484375,513.2471313476562,13.978271484375,39.8302001953125,0.35899946093559265,-1,-1,-1
523,546,3017.607666015625,508.19903564453125,14.673828125,26.58428955078125,0.3053766191005707,-1,-1,-1
523,548,3249.483642578125,550.9452514648438,21.0615234375,86.80267333984375,0.5428921580314636,-1,-1,-1
524,1,2847.64404296875,748.001953125,30.792724609375,98.48638916015625,0.7206189036369324,-1,-1,-1
524,3,3741.218994140625,801.49169921875,50.176513671875,106.36376953125,0.70235276222229,-1,-1,-1
524,436,3163.866455078125,512.6920166015625,14.01708984375,40.8250732421875,0.38001900911331177,-1,-1,-1
524,546,3017.92236328125,507.9466552734375,15.278564453125,27.222900390625,0.30279740691185,-1,-1,-1
524,548,3249.5947265625,551.4147338867188,22.273193359375,89.69134521484375,0.6052457094192505,-1,-1,-1
524,553,2813.674072265625,554.673095703125,19.590576171875,37.6983642578125,0.36372390389442444,-1,-1,-1
524,554,3597.913818359375,587.8421020507812,22.785400390625,51.2049560546875,0.34309786558151245,-1,-1,-1
525,1,2847.8505859375,748.1910400390625,31.34814453125,98.24224853515625,0.7280529141426086,-1,-1,-1
525,3,3741.016845703125,801.4193725585938,50.90234375,106.66455078125,0.6832180619239807,-1,-1,-1
525,436,3163.923828125,512.265625,14.07958984375,41.24945068359375,0.3737935721874237,-1,-1,-1
525,546,3018.013671875,507.7918395996094,15.7626953125,27.681304931640625,0.3153325021266937,-1,-1,-1
525,548,3250.010009765625,551.5791015625,22.45458984375,90.0850830078125,0.5829002857208252,-1,-1,-1
525,553,2814.378173828125,553.909912109375,19.075439453125,38.10919189453125,0.3558192849159241,-1,-1,-1
525,554,3597.405029296875,588.5571899414062,23.537353515625,51.2039794921875,0.34976693987846375,-1,-1,-1
526,1,2848.080322265625,747.9478759765625,32.3857421875,97.8076171875,0.7059094309806824,-1,-1,-1
526,3,3741.5234375,800.2359008789062,51.15576171875,108.2635498046875,0.6727426052093506,-1,-1,-1
526,436,3164.0703125,511.3641662597656,14.08349609375,42.227630615234375,0.3725026547908783,-1,-1,-1
526,546,3018.136962890625,507.8410949707031,16.559814453125,28.050140380859375,0.27343037724494934,-1,-1,-1
526,548,3250.641357421875,551.9973754882812,23.002685546875,90.05133056640625,0.5619017481803894,-1,-1,-1
526,553,2815.92626953125,552.7977294921875,17.96533203125,39.2479248046875,0.36056479811668396,-1,-1,-1
526,554,3597.6904296875,587.7283325195312,24.437744140625,52.9088134765625,0.41768139600753784,-1,-1,-1
527,1,2848.1259765625,747.193603515625,33.464111328125,97.82098388671875,0.6544663310050964,-1,-1,-1
527,3,3743.59912109375,799.8677368164062,49.63427734375,109.055908203125,0.6627017259597778,-1,-1,-1
527,436,3164.49267578125,511.0124206542969,14.101806640625,42.525299072265625,0.3506740927696228,-1,-1,-1
527,548,3251.478759765625,551.8016357421875,23.760986328125,91.0560302734375,0.47399696707725525,-1,-1,-1
527,553,2816.996337890625,552.6590576171875,17.4130859375,39.1302490234375,0.35995179414749146,-1,-1,-1
527,554,3598.465576171875,587.437744140625,24.162841796875,51.8538818359375,0.38984614610671997,-1,-1,-1
527,537,3250.345458984375,553.208251953125,19.678466796875,36.82806396484375,0.4403465986251831,-1,-1,-1
528,1,2848.157958984375,747.0947265625,35.697265625,97.84112548828125,0.6513431668281555,-1,-1,-1
528,3,3745.93310546875,799.9794311523438,47.774658203125,108.82269287109375,0.714303731918335,-1,-1,-1
528,436,3164.44921875,510.9274597167969,14.560302734375,42.943328857421875,0.38538774847984314,-1,-1,-1
528,548,3252.11376953125,551.2182006835938,24.52978515625,91.54644775390625,0.517003059387207,-1,-1,-1
528,553,2816.913818359375,553.73388671875,17.79150390625,37.690185546875,0.35976874828338623,-1,-1,-1
528,554,3598.864501953125,586.5282592773438,24.459716796875,50.9320068359375,0.42499840259552,-1,-1,-1
528,537,3250.56884765625,552.8370361328125,20.2216796875,38.03582763671875,0.45490893721580505,-1,-1,-1
529,1,2848.794921875,747.2367553710938,37.43505859375,97.29949951171875,0.6324329972267151,-1,-1,-1
529,3,3747.490234375,799.91015625,47.037841796875,108.75262451171875,0.7278004288673401,-1,-1,-1
529,436,3164.66162109375,511.4414367675781,15.451904296875,42.877960205078125,0.3854793906211853,-1,-1,-1
529,548,3252.412109375,550.85400390625,25.605224609375,92.05303955078125,0.5202671885490417,-1,-1,-1
529,553,2816.74365234375,555.6436157226562,18.156005859375,36.28912353515625,0.3565797805786133,-1,-1,-1
529,554,3599.241943359375,586.4931030273438,24.525390625,47.58489990234375,0.4304223656654358,-1,-1,-1
529,537,3250.561767578125,552.6480712890625,20.597412109375,37.310302734375,0.4662741720676422,-1,-1,-1
530,1,2848.986572265625,747.1693725585938,40.796875,97.09967041015625,0.6511898636817932,-1,-1,-1
530,3,3748.6796875,800.2500610351562,45.929443359375,107.7083740234375,0.7406511306762695,-1,-1,-1
530,436,3164.580322265625,512.52392578125,16.0009765625,41.83282470703125,0.38978853821754456,-1,-1,-1
530,548,3252.5458984375,550.9718627929688,25.94140625,92.8199462890625,0.5127719640731812,-1,-1,-1
530,553,2816.68896484375,556.2316284179688,18.622802734375,34.9166259765625,0.328614205121994,-1,-1,-1
530,554,3599.95166015625,586.2667236328125,24.723876953125,45.2994384765625,0.335988849401474,-1,-1,-1
530,537,3250.617431640625,552.4283447265625,20.75048828125,37.4473876953125,0.45828279852867126,-1,-1,-1
531,1,2850.139892578125,747.65576171875,43.134765625,96.28631591796875,0.6482945084571838,-1,-1,-1
531,3,3750.391357421875,800.1649169921875,44.158447265625,107.26116943359375,0.7570856213569641,-1,-1,-1
531,436,3164.412353515625,514.109375,18.2451171875,40.3294677734375,0.3730020225048065,-1,-1,-1
531,548,3252.7099609375,550.8377685546875,26.279541015625,92.96441650390625,0.4535518288612366,-1,-1,-1
531,553,2816.6025390625,555.5782470703125,18.9287109375,36.24493408203125,0.33815470337867737,-1,-1,-1
531,554,3600.426025390625,586.0372314453125,24.764404296875,48.57958984375,0.4364641606807709,-1,-1,-1
531,537,3250.8193359375,552.1777954101562,20.497802734375,36.4256591796875,0.4265400469303131,-1,-1,-1
532,1,2851.32080078125,748.3396606445312,43.587646484375,95.49774169921875,0.6753659844398499,-1,-1,-1
532,3,3751.20947265625,800.3646850585938,43.58349609375,106.914794921875,0.750622034072876,-1,-1,-1
532,436,3164.826171875,514.3114624023438,18.70263671875,41.1494140625,0.4008121192455292,-1,-1,-1
532,548,3253.235107421875,551.2695922851562,26.770263671875,92.52581787109375,0.5458775162696838,-1,-1,-1
532,553,2816.832763671875,553.7333984375,18.913330078125,37.9599609375,0.39233842492103577,-1,-1,-1
532,554,3601.042236328125,586.275634765625,23.780517578125,48.117919921875,0.44175297021865845,-1,-1,-1
532,537,3251.3046875,552.2941284179688,21.290283203125,36.70025634765625,0.48740190267562866,-1,-1,-1
533,1,2852.21240234375,748.8804321289062,45.159423828125,94.92010498046875,0.687745988368988,-1,-1,-1
533,3,3751.820068359375,800.439697265625,43.048828125,106.81085205078125,0.7519897818565369,-1,-1,-1
533,436,3165.423828125,514.3560791015625,18.479736328125,40.76312255859375,0.40901419520378113,-1,-1,-1
533,548,3253.72802734375,551.8712158203125,27.2470703125,92.138671875,0.588058352470398,-1,-1,-1
533,553,2817.161865234375,554.4480590820312,18.67919921875,37.70269775390625,0.3842690885066986,-1,-1,-1
533,554,3601.62060546875,586.2307739257812,23.477294921875,50.89166259765625,0.4841761887073517,-1,-1,-1
533,537,3251.676513671875,552.4451293945312,21.73291015625,36.9718017578125,0.4992773234844208,-1,-1,-1
534,1,2852.133544921875,748.4590454101562,47.33447265625,95.33355712890625,0.6854737997055054,-1,-1,-1
534,3,3751.953857421875,799.899169921875,43.388671875,107.5828857421875,0.7483697533607483,-1,-1,-1
534,436,3165.8935546875,514.458984375,18.210205078125,39.7564697265625,0.4406152367591858,-1,-1,-1
534,548,3254.17138671875,552.1828002929688,27.77685546875,91.6541748046875,0.5502066612243652,-1,-1,-1
534,553,2816.986083984375,553.6943359375,18.56982421875,37.15057373046875,0.3629162907600403,-1,-1,-1
534,554,3602.092529296875,587.2581787109375,23.424560546875,50.592529296875,0.4613642990589142,-1,-1,-1
534,537,3251.9267578125,552.3696899414062,21.1806640625,34.87945556640625,0.48140692710876465,-1,-1,-1
535,1,2854.0478515625,748.3104858398438,46.345703125,95.13140869140625,0.6753999590873718,-1,-1,-1
535,3,3752.2314453125,799.642578125,43.64697265625,108.18487548828125,0.7504168152809143,-1,-1,-1
535,436,3165.880615234375,514.7138671875,18.350341796875,38.239990234375,0.4335950016975403,-1,-1,-1
535,548,3254.954833984375,552.4087524414062,27.42333984375,90.563720703125,0.5241098403930664,-1,-1,-1
535,553,2817.091796875,553.478759765625,18.29931640625,36.05279541015625,0.3358791768550873,-1,-1,-1
535,554,3602.5009765625,586.9312133789062,23.884033203125,54.975341796875,0.5347760319709778,-1,-1,-1
535,537,3252.668212890625,552.4485473632812,20.342041015625,34.919189453125,0.4677564799785614,-1,-1,-1
536,1,2856.58935546875,746.9588012695312,44.11083984375,95.9688720703125,0.6974592208862305,-1,-1,-1
536,3,3752.243896484375,799.4708251953125,43.943115234375,108.4046630859375,0.7514160871505737,-1,-1,-1
536,436,3166.15185546875,514.6527709960938,18.158935546875,38.2744140625,0.47566676139831543,-1,-1,-1
536,548,3255.48193359375,552.7107543945312,27.61376953125,89.69696044921875,0.5148448348045349,-1,-1,-1
536,553,2816.7060546875,554.2955322265625,18.46337890625,35.6688232421875,0.3083276152610779,-1,-1,-1
536,554,3604.048095703125,588.2247314453125,22.136962890625,53.55560302734375,0.44546425342559814,-1,-1,-1
536,537,3253.20458984375,552.2487182617188,19.896484375,35.1937255859375,0.4696352481842041,-1,-1,-1
537,1,2859.124267578125,746.6552124023438,41.47802734375,96.2613525390625,0.691206157207489,-1,-1,-1
537,3,3752.343505859375,799.6177978515625,44.105224609375,108.41668701171875,0.7440270781517029,-1,-1,-1
537,436,3166.408935546875,514.4706420898438,17.989013671875,39.223876953125,0.49091464281082153,-1,-1,-1
537,548,3256.05859375,552.756591796875,28.04638671875,89.3709716796875,0.470885694026947,-1,-1,-1
537,553,2815.823974609375,554.3344116210938,19.36865234375,36.09954833984375,0.2810934782028198,-1,-1,-1
537,554,3605.089111328125,589.259033203125,21.45361328125,52.7056884765625,0.42551612854003906,-1,-1,-1
537,537,3253.88525390625,552.2494506835938,19.498779296875,35.8077392578125,0.43862035870552063,-1,-1,-1
538,1,2861.01611328125,746.6329345703125,39.385986328125,95.9412841796875,0.6915594339370728,-1,-1,-1
538,3,3752.037353515625,799.7467041015625,44.53759765625,108.6405029296875,0.7296000123023987,-1,-1,-1
538,436,3166.662109375,514.363037109375,17.876220703125,38.9696044921875,0.47348281741142273,-1,-1,-1
538,548,3257.147216796875,553.1175537109375,27.92138671875,87.69818115234375,0.4857539236545563,-1,-1,-1
538,553,2813.80908203125,555.2252807617188,21.337890625,36.31097412109375,0.2636393904685974,-1,-1,-1
538,554,3606.1904296875,589.060546875,21.13671875,52.569580078125,0.4870077967643738,-1,-1,-1
538,537,3254.973388671875,552.7930908203125,21.039306640625,43.8564453125,0.4444888234138489,-1,-1,-1
539,1,2863.23974609375,747.0703125,36.760009765625,94.567138671875,0.7041380405426025,-1,-1,-1
539,3,3751.92041015625,800.00341796875,44.637451171875,108.446533203125,0.7151232361793518,-1,-1,-1
539,436,3166.7548828125,514.3384399414062,17.828369140625,38.9217529296875,0.4672347903251648,-1,-1,-1
539,548,3257.688720703125,553.5470581054688,28.146728515625,85.599609375,0.446740061044693,-1,-1,-1
539,553,2812.046630859375,556.7608032226562,23.161865234375,35.81402587890625,0.2560681402683258,-1,-1,-1
539,554,3606.4052734375,588.3838500976562,21.430908203125,53.28021240234375,0.5261583924293518,-1,-1,-1
539,537,3255.412109375,553.0759887695312,20.5224609375,39.85614013671875,0.4484085738658905,-1,-1,-1
540,1,2866.372314453125,747.2984008789062,33.671630859375,93.40142822265625,0.7302497625350952,-1,-1,-1
540,3,3750.970458984375,800.338134765625,45.67333984375,108.22796630859375,0.7066217064857483,-1,-1,-1
540,436,3166.77685546875,514.430419921875,17.829345703125,38.9854736328125,0.45615825057029724,-1,-1,-1
540,548,3257.84033203125,553.0497436523438,28.5185546875,86.7843017578125,0.4241275191307068,-1,-1,-1
540,553,2810.678955078125,556.9388427734375,24.455078125,36.17529296875,0.29718074202537537,-1,-1,-1
540,554,3607.57763671875,588.65673828125,20.448974609375,52.79736328125,0.5250829458236694,-1,-1,-1
540,537,3255.45556640625,552.8797607421875,20.162841796875,36.417724609375,0.4603109359741211,-1,-1,-1
540,546,3030.449951171875,511.0325012207031,18.676025390625,29.178375244140625,0.2664799988269806,-1,-1,-1
541,1,2869.3671875,747.1580810546875,31.248046875,92.89715576171875,0.6964939832687378,-1,-1,-1
541,3,3749.803955078125,800.4000854492188,46.877197265625,108.35333251953125,0.6939001083374023,-1,-1,-1
541,436,3166.7666015625,514.260009765625,17.852783203125,39.24432373046875,0.4453216791152954,-1,-1,-1
541,548,3258.066650390625,552.3192138671875,28.693359375,89.0263671875,0.40148210525512695,-1,-1,-1
541,553,2809.610107421875,558.7929077148438,25.412109375,35.0911865234375,0.2558664381504059,-1,-1,-1
541,554,3608.165283203125,587.79638671875,19.984130859375,52.9473876953125,0.49964845180511475,-1,-1,-1
541,537,3255.669921875,552.31591796875,19.66650390625,36.9842529296875,0.4807336628437042,-1,-1,-1
541,578,3569.616455078125,585.6812744140625,22.06640625,49.15106201171875,0.31794503331184387,-1,-1,-1
541,546,3031.0947265625,510.8556213378906,18.475830078125,29.755157470703125,0.3574947714805603,-1,-1,-1
542,1,2872.90185546875,746.9362182617188,27.873779296875,92.92901611328125,0.5423250794410706,-1,-1,-1
542,3,3748.931640625,800.0628051757812,47.868408203125,108.4354248046875,0.6788448691368103,-1,-1,-1
542,436,3166.678466796875,514.0886840820312,17.930419921875,39.39739990234375,0.454072505235672,-1,-1,-1
542,548,3258.040283203125,555.5263061523438,30.647705078125,88.92523193359375,0.3378230929374695,-1,-1,-1
542,553,2808.593994140625,557.5629272460938,26.0263671875,38.1307373046875,0.25600892305374146,-1,-1,-1
542,554,3609.2705078125,588.0829467773438,19.161865234375,51.25079345703125,0.4368206262588501,-1,-1,-1
542,537,3255.948486328125,551.88916015625,19.297119140625,38.40625,0.4482083320617676,-1,-1,-1
542,578,3570.92529296875,587.0166015625,20.858154296875,50.52508544921875,0.3025909960269928,-1,-1,-1
542,546,3031.39306640625,510.76953125,18.368896484375,29.8653564453125,0.342144638299942,-1,-1,-1
543,1,2875.0166015625,746.376220703125,26.445068359375,93.94842529296875,0.5850833654403687,-1,-1,-1
543,3,3748.163818359375,800.080078125,48.79736328125,108.326904296875,0.655764102935791,-1,-1,-1
543,436,3166.613525390625,513.9918823242188,18.031494140625,39.643310546875,0.46491849422454834,-1,-1,-1
543,548,3258.359130859375,556.2584838867188,31.005615234375,89.4822998046875,0.3633619248867035,-1,-1,-1
543,553,2807.34912109375,550.9406127929688,27.540283203125,45.9407958984375,0.2809530198574066,-1,-1,-1
543,554,3610.235107421875,588.2888793945312,18.35595703125,49.39825439453125,0.4034755229949951,-1,-1,-1
543,537,3256.190673828125,551.3278198242188,19.406982421875,38.94659423828125,0.41597622632980347,-1,-1,-1
543,578,3572.159912109375,587.99658203125,19.592529296875,48.41534423828125,0.3280601501464844,-1,-1,-1
543,546,3031.216552734375,510.9710693359375,18.532470703125,27.77679443359375,0.28343427181243896,-1,-1,-1
544,1,2876.259765625,746.4886474609375,26.2275390625,95.8848876953125,0.6870859861373901,-1,-1,-1
544,3,3747.98193359375,799.8787841796875,49.146484375,109.014404296875,0.6893211007118225,-1,-1,-1
544,436,3166.53466796875,514.0072631835938,18.093505859375,40.35888671875,0.47472086548805237,-1,-1,-1
544,548,3258.52880859375,556.7176513671875,31.680419921875,88.88714599609375,0.43586400151252747,-1,-1,-1
544,554,3610.802490234375,588.9873046875,18.059814453125,50.404541015625,0.4718640148639679,-1,-1,-1
544,537,3256.17626953125,551.0218505859375,20.12060546875,39.2415771484375,0.4407661259174347,-1,-1,-1
544,578,3572.368408203125,588.6115112304688,19.55419921875,47.7220458984375,0.3357374966144562,-1,-1,-1
544,546,3032.39990234375,511.2627868652344,17.916015625,30.037567138671875,0.3841497004032135,-1,-1,-1
544,583,3090.224365234375,529.8203125,20.412109375,34.2806396484375,0.3681145906448364,-1,-1,-1
545,1,2877.197509765625,746.33056640625,26.755126953125,96.39337158203125,0.6853705644607544,-1,-1,-1
545,3,3749.207763671875,799.8652954101562,47.922119140625,109.32611083984375,0.6874712705612183,-1,-1,-1
545,436,3165.9443359375,514.4730224609375,18.602783203125,40.3717041015625,0.46089544892311096,-1,-1,-1
545,548,3258.803955078125,557.2838134765625,31.635498046875,88.22442626953125,0.42978715896606445,-1,-1,-1
545,554,3611.262939453125,589.3810424804688,17.958251953125,50.74273681640625,0.3653600513935089,-1,-1,-1
545,537,3256.406982421875,551.3226928710938,20.642578125,38.95770263671875,0.43513646721839905,-1,-1,-1
545,578,3572.437255859375,587.6524047851562,19.415283203125,46.13555908203125,0.3220493793487549,-1,-1,-1
545,546,3032.78662109375,511.4883117675781,17.92138671875,29.594635009765625,0.3788345754146576,-1,-1,-1
545,583,3091.248046875,529.53564453125,20.156494140625,33.92791748046875,0.3660600781440735,-1,-1,-1
546,1,2878.078369140625,745.8914794921875,27.6015625,97.74859619140625,0.6819021105766296,-1,-1,-1
546,3,3749.822021484375,799.8397216796875,47.338623046875,109.48388671875,0.6913742423057556,-1,-1,-1
546,436,3166.019287109375,514.6334838867188,18.525146484375,39.91009521484375,0.4849020838737488,-1,-1,-1
546,548,3259.022216796875,557.7427978515625,31.793701171875,88.8900146484375,0.4287126362323761,-1,-1,-1
546,554,3611.434326171875,589.5316772460938,18.98876953125,47.57135009765625,0.289538711309433,-1,-1,-1
546,537,3256.183837890625,552.1157836914062,20.125732421875,38.49017333984375,0.3994543254375458,-1,-1,-1
546,578,3572.6650390625,585.82177734375,19.111328125,47.34423828125,0.347759872674942,-1,-1,-1
546,546,3032.46240234375,511.3076171875,18.427978515625,28.705322265625,0.3483320474624634,-1,-1,-1
547,1,2878.580810546875,745.6671752929688,28.4775390625,96.97393798828125,0.715670645236969,-1,-1,-1
547,3,3750.572021484375,799.95849609375,46.682861328125,109.765869140625,0.6887776255607605,-1,-1,-1
547,436,3166.136474609375,514.5991821289062,18.372802734375,39.80206298828125,0.45313483476638794,-1,-1,-1
547,548,3259.300048828125,557.8263549804688,32.219482421875,87.50665283203125,0.37394705414772034,-1,-1,-1
547,554,3612.615234375,589.0663452148438,19.73486328125,46.84393310546875,0.2880021333694458,-1,-1,-1
547,537,3256.135498046875,552.5723876953125,19.42041015625,38.2593994140625,0.38737502694129944,-1,-1,-1
547,578,3572.71875,584.552978515625,18.97119140625,49.0546875,0.4041951596736908,-1,-1,-1
547,546,3033.455322265625,511.50433349609375,17.710205078125,27.7982177734375,0.34919434785842896,-1,-1,-1
547,583,3094.45654296875,528.650390625,18.791259765625,34.5472412109375,0.32435399293899536,-1,-1,-1
548,1,2878.7353515625,745.3307495117188,30.57177734375,97.303955078125,0.723565936088562,-1,-1,-1
548,3,3751.164794921875,799.8885498046875,46.05810546875,110.104248046875,0.7248467803001404,-1,-1,-1
548,436,3165.96728515625,515.0673217773438,18.451416015625,41.316162109375,0.45439958572387695,-1,-1,-1
548,548,3259.372314453125,558.0198364257812,33.48779296875,86.81842041015625,0.3904843330383301,-1,-1,-1
548,554,3613.25244140625,588.385498046875,20.677490234375,45.44390869140625,0.32111436128616333,-1,-1,-1
548,537,3256.13134765625,552.807861328125,18.7685546875,37.60003662109375,0.39422136545181274,-1,-1,-1
548,578,3572.915771484375,583.8759155273438,19.26025390625,51.64337158203125,0.47926220297813416,-1,-1,-1
548,546,3035.04052734375,511.3089904785156,16.640869140625,28.918609619140625,0.41367053985595703,-1,-1,-1
548,583,3096.90625,528.13232421875,17.136474609375,34.70172119140625,0.2641829550266266,-1,-1,-1
549,1,2880.171875,745.3514404296875,30.7802734375,97.436767578125,0.6987758874893188,-1,-1,-1
549,3,3752.0615234375,799.912109375,45.192138671875,110.10162353515625,0.7156012058258057,-1,-1,-1
549,436,3165.9970703125,515.21533203125,18.414306640625,41.886962890625,0.4589560627937317,-1,-1,-1
549,548,3259.759521484375,558.4266357421875,33.7265625,86.4212646484375,0.37777411937713623,-1,-1,-1
549,554,3613.228271484375,587.826171875,20.6572265625,50.43817138671875,0.37208643555641174,-1,-1,-1
549,537,3256.10595703125,552.9922485351562,18.1455078125,37.52203369140625,0.39947083592414856,-1,-1,-1
549,578,3572.99609375,584.843994140625,19.86767578125,53.50048828125,0.49551457166671753,-1,-1,-1
549,546,3035.93603515625,510.9824523925781,16.552978515625,28.543853759765625,0.40206030011177063,-1,-1,-1
550,1,2881.278076171875,745.4376831054688,31.093505859375,97.1368408203125,0.6593412160873413,-1,-1,-1
550,3,3752.377197265625,799.9632568359375,44.907470703125,110.03533935546875,0.7066347599029541,-1,-1,-1
550,436,3165.928955078125,515.9326171875,18.58203125,41.45831298828125,0.46995508670806885,-1,-1,-1
550,548,3259.838623046875,558.0967407226562,33.515380859375,86.63897705078125,0.3833202123641968,-1,-1,-1
550,554,3613.479736328125,587.5238647460938,21.6357421875,47.9093017578125,0.3024258017539978,-1,-1,-1
550,537,3255.8623046875,553.0591430664062,18.254150390625,38.14019775390625,0.42119187116622925,-1,-1,-1
550,578,3573.260009765625,583.6300048828125,20.0869140625,54.7567138671875,0.5181040167808533,-1,-1,-1
550,546,3036.85791015625,510.3139343261719,16.3994140625,28.872528076171875,0.4106064736843109,-1,-1,-1
551,1,2881.729736328125,745.020751953125,31.73583984375,97.63067626953125,0.6056188941001892,-1,-1,-1
551,3,3752.577880859375,799.867431640625,44.733154296875,110.11773681640625,0.7317400574684143,-1,-1,-1
551,436,3165.651611328125,516.5933227539062,18.866455078125,40.9580078125,0.4694250226020813,-1,-1,-1
551,548,3260.150390625,558.1212158203125,32.66748046875,86.63238525390625,0.3416392207145691,-1,-1,-1
551,554,3613.384765625,587.6994018554688,22.217529296875,50.4931640625,0.2700735628604889,-1,-1,-1
551,537,3255.788330078125,553.369140625,18.271728515625,37.6151123046875,0.3959731459617615,-1,-1,-1
551,578,3573.43115234375,583.675048828125,20.219970703125,53.76116943359375,0.530908465385437,-1,-1,-1
551,546,3038.0732421875,510.043212890625,15.389892578125,28.69140625,0.40775755047798157,-1,-1,-1
551,593,2799.69775390625,558.6326293945312,18.127197265625,39.824462890625,0.3798070251941681,-1,-1,-1
552,1,2881.99462890625,745.09033203125,32.111083984375,97.13665771484375,0.606670081615448,-1,-1,-1
552,3,3752.8515625,799.8493041992188,44.49462890625,110.037109375,0.7217033505439758,-1,-1,-1
552,436,3165.438720703125,517.374267578125,19.007080078125,40.43756103515625,0.4690263867378235,-1,-1,-1
552,548,3260.2294921875,557.6451416015625,33.21923828125,86.40435791015625,0.31239765882492065,-1,-1,-1
552,537,3255.595458984375,553.7123413085938,18.454345703125,38.4619140625,0.41574597358703613,-1,-1,-1
552,578,3574.22119140625,585.9328002929688,20.594482421875,54.33990478515625,0.5384862422943115,-1,-1,-1
552,546,3038.7236328125,509.9084777832031,15.263427734375,29.305328369140625,0.4015379548072815,-1,-1,-1
552,593,2798.101806640625,559.5839233398438,17.135498046875,38.21551513671875,0.3241400122642517,-1,-1,-1
553,1,2883.162841796875,745.0186157226562,31.957275390625,98.0185546875,0.6472743153572083,-1,-1,-1
553,3,3752.89892578125,799.8388671875,44.50048828125,110.048095703125,0.7456551194190979,-1,-1,-1
553,436,3165.486328125,517.6771240234375,18.853759765625,40.31683349609375,0.4704064726829529,-1,-1,-1
553,548,3260.294921875,558.2266845703125,35.140380859375,85.85260009765625,0.31855419278144836,-1,-1,-1
553,537,3255.3896484375,553.9735107421875,18.066162109375,37.89788818359375,0.42373642325401306,-1,-1,-1
553,578,3576.146240234375,586.7867431640625,19.98095703125,54.79327392578125,0.4938434064388275,-1,-1,-1
553,546,3039.072509765625,508.6655578613281,15.51953125,31.263336181640625,0.47042784094810486,-1,-1,-1
553,593,2793.938232421875,559.063720703125,18.78173828125,38.75177001953125,0.39500629901885986,-1,-1,-1
553,554,3613.47509765625,588.3223266601562,24.353759765625,53.91790771484375,0.2902583181858063,-1,-1,-1
554,1,2885.241455078125,746.2664184570312,30.40283203125,96.54449462890625,0.6545222401618958,-1,-1,-1
554,3,3753.379638671875,799.8638305664062,43.962158203125,109.84722900390625,0.7414131164550781,-1,-1,-1
554,436,3165.700439453125,517.489501953125,18.64306640625,40.28753662109375,0.46758824586868286,-1,-1,-1
554,548,3260.606689453125,558.7730712890625,36.050537109375,85.81256103515625,0.3233926296234131,-1,-1,-1
554,537,3255.609375,554.1361694335938,17.584716796875,37.90704345703125,0.45288407802581787,-1,-1,-1
554,578,3577.202880859375,587.549560546875,20.551513671875,54.19598388671875,0.471633642911911,-1,-1,-1
554,546,3040.397216796875,509.108642578125,14.743408203125,29.94873046875,0.4108372926712036,-1,-1,-1
554,593,2791.56396484375,560.224365234375,18.6591796875,37.9757080078125,0.3787413239479065,-1,-1,-1
555,1,2886.088134765625,746.855224609375,30.181396484375,95.87078857421875,0.6945779919624329,-1,-1,-1
555,3,3753.129150390625,799.8347778320312,44.251708984375,109.9951171875,0.7530108094215393,-1,-1,-1
555,436,3166.033203125,517.1603393554688,18.470703125,40.00128173828125,0.4654805660247803,-1,-1,-1
555,548,3260.8408203125,558.9248046875,36.16162109375,85.93597412109375,0.27835074067115784,-1,-1,-1
555,537,3255.68603515625,554.707275390625,17.656982421875,37.010009765625,0.4207492768764496,-1,-1,-1
555,578,3577.71728515625,588.2348022460938,21.826904296875,53.4461669921875,0.49283432960510254,-1,-1,-1
555,546,3041.61962890625,509.7492980957031,13.52978515625,28.715484619140625,0.31991732120513916,-1,-1,-1
555,593,2788.43017578125,560.3533325195312,18.722900390625,37.65362548828125,0.2795775532722473,-1,-1,-1
556,1,2886.707763671875,747.0951538085938,30.387451171875,95.7344970703125,0.7208543419837952,-1,-1,-1
556,3,3752.707275390625,799.8176879882812,44.7099609375,110.12841796875,0.7570365071296692,-1,-1,-1
556,436,3166.08935546875,516.56201171875,18.546142578125,39.97406005859375,0.44752538204193115,-1,-1,-1
556,537,3255.677978515625,555.3475952148438,18.508056640625,36.9556884765625,0.39890506863594055,-1,-1,-1
556,578,3578.1494140625,588.9862670898438,21.8408203125,52.382568359375,0.47465434670448303,-1,-1,-1
556,546,3042.857421875,509.4280700683594,13.8359375,28.582672119140625,0.32199910283088684,-1,-1,-1
557,1,2887.40625,747.2896118164062,30.8544921875,95.51025390625,0.7212945222854614,-1,-1,-1
557,3,3751.856201171875,799.8629760742188,45.58251953125,110.44036865234375,0.7535913586616516,-1,-1,-1
557,436,3166.061767578125,516.5563354492188,18.649658203125,39.496337890625,0.4431282877922058,-1,-1,-1
557,537,3255.63818359375,554.7579956054688,18.628662109375,38.65972900390625,0.4369765520095825,-1,-1,-1
557,578,3578.44921875,588.05224609375,22.063232421875,53.5164794921875,0.45488712191581726,-1,-1,-1
557,546,3043.678955078125,509.3120422363281,13.70556640625,29.198211669921875,0.3389492630958557,-1,-1,-1
558,1,2888.403076171875,747.3221435546875,31.146240234375,95.646240234375,0.7257039546966553,-1,-1,-1
558,3,3750.45654296875,799.9188232421875,47.07080078125,110.59942626953125,0.7497464418411255,-1,-1,-1
558,436,3166.030029296875,515.8247680664062,18.799072265625,39.7117919921875,0.44158443808555603,-1,-1,-1
558,537,3255.565673828125,554.1536254882812,18.127197265625,39.29486083984375,0.41697341203689575,-1,-1,-1
558,578,3578.41064453125,587.9544067382812,23.1162109375,54.50738525390625,0.4133176803588867,-1,-1,-1
558,546,3044.31201171875,509.2711486816406,15.359619140625,29.939117431640625,0.3629434108734131,-1,-1,-1
558,606,3277.8583984375,595.3980712890625,24.292724609375,49.74652099609375,0.4068796932697296,-1,-1,-1
559,1,2889.027587890625,746.8096923828125,33.025146484375,95.85455322265625,0.7481417059898376,-1,-1,-1
559,3,3748.5732421875,799.9525146484375,49.1328125,110.6214599609375,0.7480977177619934,-1,-1,-1
559,436,3165.93115234375,515.5835571289062,19.077880859375,39.6756591796875,0.43407249450683594,-1,-1,-1
559,537,3255.369873046875,554.2357788085938,17.8671875,38.46575927734375,0.40582147240638733,-1,-1,-1
559,578,3580.798828125,588.2904052734375,21.496337890625,52.451416015625,0.4325770139694214,-1,-1,-1
559,546,3045.85009765625,509.0672607421875,17.978759765625,30.22198486328125,0.33242878317832947,-1,-1,-1
559,606,3278.952392578125,594.7784423828125,24.068115234375,50.187744140625,0.3165477216243744,-1,-1,-1
559,593,2784.885986328125,561.8425903320312,16.549560546875,38.728271484375,0.3936486840248108,-1,-1,-1
560,1,2890.0224609375,747.0025634765625,33.18798828125,95.51519775390625,0.7393411993980408,-1,-1,-1
560,3,3746.41650390625,800.0568237304688,51.399169921875,110.54986572265625,0.7246060371398926,-1,-1,-1
560,436,3165.43603515625,515.4580078125,19.7294921875,39.520263671875,0.3919491171836853,-1,-1,-1
560,537,3255.2109375,554.0949096679688,17.74169921875,38.29296875,0.4069957137107849,-1,-1,-1
560,578,3582.13818359375,589.3355102539062,20.6416015625,52.716796875,0.5264111757278442,-1,-1,-1
560,606,3279.553466796875,594.8844604492188,25.071044921875,51.146484375,0.32834601402282715,-1,-1,-1
560,593,2783.57373046875,561.49609375,16.914306640625,40.1104736328125,0.42285335063934326,-1,-1,-1
561,1,2891.873291015625,747.4161376953125,32.01611328125,95.037353515625,0.7309691309928894,-1,-1,-1
561,3,3746.117919921875,800.0961303710938,51.7421875,110.3839111328125,0.7144240140914917,-1,-1,-1
561,436,3165.65966796875,515.7798461914062,19.930908203125,39.6339111328125,0.4229104816913605,-1,-1,-1
561,537,3254.97119140625,553.87939453125,18.028076171875,38.30303955078125,0.4009677469730377,-1,-1,-1
561,578,3583.63525390625,589.1585693359375,19.767822265625,51.727783203125,0.4992481470108032,-1,-1,-1
561,606,3280.679931640625,594.7117919921875,24.512451171875,51.90020751953125,0.5428109765052795,-1,-1,-1
561,593,2780.48583984375,560.5055541992188,18.00634765625,40.740966796875,0.5066470503807068,-1,-1,-1
561,546,3047.88818359375,509.1053771972656,18.2705078125,29.398406982421875,0.3074893057346344,-1,-1,-1
562,1,2894.2275390625,747.5416259765625,30.263916015625,94.94525146484375,0.7634096741676331,-1,-1,-1
562,3,3745.6083984375,800.1994018554688,52.222412109375,109.89447021484375,0.6968230605125427,-1,-1,-1
562,436,3165.1416015625,516.4129028320312,20.75,39.06158447265625,0.38252827525138855,-1,-1,-1
562,537,3254.9189453125,553.8455810546875,17.9931640625,37.52587890625,0.37467920780181885,-1,-1,-1
562,578,3584.9990234375,588.098388671875,19.85009765625,52.98565673828125,0.4361031949520111,-1,-1,-1
562,606,3281.58544921875,595.163330078125,23.71044921875,52.41363525390625,0.5166608095169067,-1,-1,-1
562,593,2777.773681640625,560.1552734375,19.188232421875,41.65234375,0.46814578771591187,-1,-1,-1
562,546,3049.227783203125,509.6751708984375,17.615478515625,28.22808837890625,0.339866042137146,-1,-1,-1
563,1,2895.53955078125,747.7824096679688,29.46142578125,95.5828857421875,0.7444735169410706,-1,-1,-1
563,3,3746.245849609375,800.2752685546875,51.520263671875,109.61102294921875,0.6940099000930786,-1,-1,-1
563,436,3165.171875,516.9619750976562,21.267822265625,38.75372314453125,0.41135263442993164,-1,-1,-1
563,537,3255.159912109375,553.9482421875,17.863037109375,37.57421875,0.3710816502571106,-1,-1,-1
563,578,3585.75537109375,587.7703247070312,19.557861328125,54.506591796875,0.38572970032691956,-1,-1,-1
563,606,3282.425048828125,596.0635375976562,23.090087890625,50.91058349609375,0.4960125684738159,-1,-1,-1
563,593,2774.68994140625,558.9552001953125,19.933837890625,42.35955810546875,0.3211522102355957,-1,-1,-1
563,546,3050.32373046875,510.263427734375,17.15869140625,27.31591796875,0.3791695833206177,-1,-1,-1
564,1,2896.34814453125,748.12060546875,29.436767578125,95.7889404296875,0.7375205159187317,-1,-1,-1
564,3,3747.433837890625,800.2762451171875,50.35693359375,109.4085693359375,0.7065907716751099,-1,-1,-1
564,436,3165.186767578125,516.3572387695312,21.624755859375,39.3006591796875,0.44202107191085815,-1,-1,-1
564,537,3255.498291015625,553.5856323242188,18.183349609375,38.15399169921875,0.36780253052711487,-1,-1,-1
564,578,3586.37548828125,587.989013671875,19.429931640625,54.35986328125,0.33473607897758484,-1,-1,-1
564,606,3282.814208984375,595.8314819335938,23.568359375,49.9322509765625,0.5190795660018921,-1,-1,-1
564,593,2772.991943359375,559.0524291992188,19.044677734375,41.6109619140625,0.40828654170036316,-1,-1,-1
564,546,3051.9521484375,510.3957824707031,16.742431640625,27.600189208984375,0.42793697118759155,-1,-1,-1
565,1,2897.6123046875,748.3330688476562,29.3154296875,95.90777587890625,0.7458439469337463,-1,-1,-1
565,3,3748.577392578125,800.2131958007812,49.254638671875,109.2459716796875,0.7120835781097412,-1,-1,-1
565,436,3165.681640625,516.2042236328125,22.0380859375,39.423583984375,0.4643647372722626,-1,-1,-1
565,537,3255.640380859375,553.8287353515625,18.157470703125,36.55474853515625,0.3459635376930237,-1,-1,-1
565,578,3586.663818359375,588.4612426757812,19.97900390625,53.02294921875,0.30121690034866333,-1,-1,-1
565,606,3282.916748046875,596.0062255859375,24.830078125,48.30938720703125,0.4663378894329071,-1,-1,-1
565,593,2771.8603515625,559.3933715820312,18.411376953125,42.5501708984375,0.4444233477115631,-1,-1,-1
565,546,3053.072998046875,512.0161743164062,18.07861328125,24.40447998046875,0.3003147542476654,-1,-1,-1
566,1,2899.014892578125,748.7293701171875,29.929443359375,95.55755615234375,0.7353730797767639,-1,-1,-1
566,3,3749.661376953125,800.19677734375,48.1943359375,109.059326171875,0.7238260507583618,-1,-1,-1
566,436,3165.805908203125,515.7432861328125,23.01220703125,40.59490966796875,0.4701260030269623,-1,-1,-1
566,537,3256.018310546875,554.6489868164062,18.398681640625,35.963623046875,0.32122787833213806,-1,-1,-1
566,578,3586.741455078125,589.2474365234375,20.49169921875,52.47833251953125,0.3542059361934662,-1,-1,-1
566,606,3282.812744140625,595.956298828125,26.383544921875,48.560302734375,0.47099095582962036,-1,-1,-1
566,593,2769.564208984375,558.6946411132812,19.659912109375,43.2919921875,0.4832991659641266,-1,-1,-1
566,546,3054.42138671875,512.4705810546875,17.843994140625,23.7401123046875,0.3261505961418152,-1,-1,-1
567,1,2899.630615234375,748.0084838867188,31.556884765625,96.23309326171875,0.7503848671913147,-1,-1,-1
567,3,3750.2548828125,800.1640625,47.6123046875,109.1239013671875,0.7238361835479736,-1,-1,-1
567,436,3166.53515625,515.8056640625,23.63037109375,40.43572998046875,0.45606717467308044,-1,-1,-1
567,537,3256.3857421875,556.6189575195312,18.607421875,34.110595703125,0.2866867482662201,-1,-1,-1
567,578,3586.850341796875,589.2267456054688,21.2646484375,53.0972900390625,0.376212477684021,-1,-1,-1
567,606,3284.21044921875,595.8772583007812,26.414306640625,49.5772705078125,0.49097105860710144,-1,-1,-1
567,593,2766.930419921875,560.159912109375,21.056884765625,43.53759765625,0.5013058185577393,-1,-1,-1
567,546,3055.290771484375,512.7070922851562,17.767822265625,23.67181396484375,0.3198263347148895,-1,-1,-1
567,616,3114.45849609375,531.4110107421875,19.10205078125,36.9127197265625,0.34547650814056396,-1,-1,-1
567,617,3626.032958984375,586.5501708984375,19.591552734375,41.82733154296875,0.37930193543434143,-1,-1,-1
568,1,2900.976806640625,747.3546752929688,32.08984375,96.58819580078125,0.7120083570480347,-1,-1,-1
568,3,3750.56103515625,800.1849975585938,47.291259765625,109.14886474609375,0.7030020356178284,-1,-1,-1
568,436,3170.01123046875,516.2622680664062,21.36279296875,39.42279052734375,0.47765490412712097,-1,-1,-1
568,537,3257.413818359375,556.6115112304688,18.433837890625,33.92498779296875,0.28606805205345154,-1,-1,-1
568,578,3586.8681640625,589.6303100585938,21.76220703125,53.534423828125,0.430553674697876,-1,-1,-1
568,606,3284.978271484375,596.0060424804688,26.76123046875,49.71240234375,0.502131462097168,-1,-1,-1
568,593,2765.852294921875,560.67626953125,20.746826171875,43.04364013671875,0.5089762210845947,-1,-1,-1
568,546,3056.294189453125,512.1803588867188,16.819580078125,24.00689697265625,0.28809913992881775,-1,-1,-1
568,616,3115.833740234375,532.2437133789062,19.25146484375,35.87841796875,0.33817946910858154,-1,-1,-1
568,617,3626.295166015625,586.2640991210938,20.29052734375,46.32989501953125,0.4485871195793152,-1,-1,-1
568,620,3602.007080078125,524.8034057617188,20.57666015625,35.175537109375,0.33538633584976196,-1,-1,-1
569,1,2901.64892578125,746.8037719726562,34.32568359375,96.97772216796875,0.6917096972465515,-1,-1,-1
569,3,3750.57470703125,800.1012573242188,47.356689453125,109.240966796875,0.7144003510475159,-1,-1,-1
569,436,3170.420166015625,516.738525390625,21.826171875,40.04888916015625,0.45773693919181824,-1,-1,-1
569,537,3258.21337890625,556.39697265625,18.2177734375,34.72174072265625,0.2837514281272888,-1,-1,-1
569,578,3587.038330078125,589.7817993164062,22.20654296875,53.53912353515625,0.4033517837524414,-1,-1,-1
569,606,3285.667236328125,596.0458984375,27.15380859375,50.16412353515625,0.42950859665870667,-1,-1,-1
569,593,2764.45751953125,561.2174682617188,20.11572265625,45.31280517578125,0.5355188846588135,-1,-1,-1
569,546,3057.948974609375,511.7537536621094,17.863525390625,24.554962158203125,0.2856503427028656,-1,-1,-1
569,616,3116.83740234375,532.89599609375,19.549560546875,35.48663330078125,0.36328744888305664,-1,-1,-1
569,617,3626.81298828125,586.135009765625,20.04345703125,46.908935546875,0.4550277590751648,-1,-1,-1
569,620,3602.533203125,523.675537109375,20.13134765625,35.0316162109375,0.3306649327278137,-1,-1,-1
570,1,2901.67626953125,746.6083984375,37.546630859375,96.8455810546875,0.6736783385276794,-1,-1,-1
570,3,3750.492431640625,800.0093994140625,47.500244140625,109.48187255859375,0.7187387347221375,-1,-1,-1
570,436,3171.884033203125,516.8987426757812,20.564453125,39.01336669921875,0.44285720586776733,-1,-1,-1
570,537,3259.0361328125,555.4251708984375,17.95703125,35.9063720703125,0.2763957381248474,-1,-1,-1
570,578,3587.1591796875,589.7493286132812,22.95654296875,54.0196533203125,0.3574659824371338,-1,-1,-1
570,606,3287.320556640625,596.064697265625,26.37646484375,49.7427978515625,0.4194861054420471,-1,-1,-1
570,593,2762.48193359375,563.2951049804688,18.963134765625,44.3489990234375,0.4995647966861725,-1,-1,-1
570,546,3057.54345703125,512.3831787109375,17.876953125,23.884765625,0.290286123752594,-1,-1,-1
570,616,3117.646484375,532.5474853515625,20.17529296875,36.3182373046875,0.37854838371276855,-1,-1,-1
570,617,3627.159423828125,586.6405639648438,20.04931640625,48.541015625,0.4380509853363037,-1,-1,-1
570,620,3603.898681640625,523.2843017578125,19.08154296875,34.54400634765625,0.3232020437717438,-1,-1,-1
571,1,2902.11328125,746.0480346679688,41.43896484375,96.72723388671875,0.6607484221458435,-1,-1,-1
571,3,3750.154052734375,800.0243530273438,47.859375,109.62310791015625,0.7242597341537476,-1,-1,-1
571,436,3173.96533203125,517.2138671875,18.778564453125,38.59942626953125,0.4319799840450287,-1,-1,-1
571,537,3259.65185546875,554.5486450195312,18.017333984375,37.49114990234375,0.29072052240371704,-1,-1,-1
571,578,3586.87060546875,588.7739868164062,23.50927734375,55.28155517578125,0.341776967048645,-1,-1,-1
571,606,3287.8125,595.4739990234375,26.627685546875,50.81158447265625,0.38453468680381775,-1,-1,-1
571,593,2761.541259765625,562.3294677734375,18.21142578125,44.69317626953125,0.4348725378513336,-1,-1,-1
571,546,3058.847412109375,511.0101318359375,17.81884765625,26.4793701171875,0.3226960301399231,-1,-1,-1
571,616,3119.290771484375,533.0433959960938,19.162841796875,34.2239990234375,0.3421521782875061,-1,-1,-1
571,617,3627.0966796875,586.7721557617188,20.45263671875,50.36236572265625,0.46037039160728455,-1,-1,-1
571,620,3604.125244140625,523.32470703125,19.739501953125,36.45428466796875,0.3395411968231201,-1,-1,-1
572,1,2902.38525390625,745.3870239257812,43.7529296875,96.92236328125,0.6615663766860962,-1,-1,-1
572,3,3749.51806640625,800.079833984375,48.5625,109.59613037109375,0.7222099900245667,-1,-1,-1
572,436,3174.97607421875,517.7055053710938,18.27685546875,38.90875244140625,0.40551450848579407,-1,-1,-1
572,537,3260.2763671875,553.7866821289062,17.938232421875,38.6578369140625,0.3532160818576813,-1,-1,-1
572,578,3587.49169921875,588.3836059570312,23.82470703125,56.30120849609375,0.39357277750968933,-1,-1,-1
572,606,3288.0517578125,594.68408203125,26.851806640625,52.68115234375,0.323636919260025,-1,-1,-1
572,593,2760.47216796875,562.5189208984375,18.155517578125,45.3482666015625,0.476838618516922,-1,-1,-1
572,546,3059.71142578125,510.9468688964844,18.5380859375,27.438751220703125,0.3168639838695526,-1,-1,-1
572,616,3121.2958984375,532.7379760742188,18.242431640625,34.16546630859375,0.3394007980823517,-1,-1,-1
572,617,3627.71044921875,587.4268188476562,19.962890625,49.75262451171875,0.4500832259654999,-1,-1,-1
572,620,3604.10205078125,523.4389038085938,20.123779296875,36.36383056640625,0.32945647835731506,-1,-1,-1
573,1,2902.542724609375,745.5807495117188,45.129638671875,96.45428466796875,0.6872017979621887,-1,-1,-1
573,3,3747.990966796875,800.1928100585938,50.154541015625,109.3712158203125,0.7294840216636658,-1,-1,-1
573,436,3176.207763671875,517.6851806640625,16.6044921875,38.662353515625,0.349930077791214,-1,-1,-1
573,537,3261.01318359375,552.6659545898438,18.379150390625,40.781982421875,0.42987680435180664,-1,-1,-1
573,578,3588.309326171875,588.2959594726562,23.177734375,56.63824462890625,0.39125144481658936,-1,-1,-1
573,606,3288.58984375,594.2677001953125,26.466796875,52.069580078125,0.2653128206729889,-1,-1,-1
573,593,2759.93408203125,562.915283203125,18.001953125,44.57965087890625,0.3950673043727875,-1,-1,-1
573,546,3061.464111328125,510.4788818359375,18.134765625,27.8623046875,0.37513402104377747,-1,-1,-1
573,616,3122.8173828125,531.203857421875,17.55615234375,34.38153076171875,0.306179404258728,-1,-1,-1
573,617,3627.92138671875,587.176025390625,19.99267578125,51.927490234375,0.4488828480243683,-1,-1,-1
573,620,3604.2880859375,522.2459106445312,20.14697265625,37.53955078125,0.32975828647613525,-1,-1,-1
573,627,2813.849609375,519.5650024414062,20.8525390625,39.6080322265625,0.34145691990852356,-1,-1,-1
574,1,2902.557861328125,745.8521728515625,45.958984375,96.38250732421875,0.6770578622817993,-1,-1,-1
574,3,3747.175537109375,800.180419921875,51.006591796875,109.46661376953125,0.7420599460601807,-1,-1,-1
574,436,3177.568359375,517.9150390625,16.042724609375,38.75115966796875,0.4256508946418762,-1,-1,-1
574,537,3261.46044921875,551.6185302734375,18.78271484375,42.1258544921875,0.41023826599121094,-1,-1,-1
574,578,3588.866455078125,588.486083984375,22.894775390625,56.44744873046875,0.39781633019447327,-1,-1,-1
574,593,2758.650634765625,562.8338623046875,18.7861328125,43.93829345703125,0.3392096757888794,-1,-1,-1
574,546,3063.91259765625,510.03070068359375,16.915771484375,28.37152099609375,0.41989555954933167,-1,-1,-1
574,616,3123.296142578125,531.810546875,16.5390625,34.090087890625,0.25977593660354614,-1,-1,-1
574,617,3628.17041015625,586.194580078125,20.39453125,53.88897705078125,0.49061155319213867,-1,-1,-1
574,620,3604.929443359375,521.6565551757812,19.398193359375,37.42279052734375,0.32087451219558716,-1,-1,-1
574,627,2813.855224609375,519.4716186523438,21.025634765625,37.16595458984375,0.32375603914260864,-1,-1,-1
575,1,2903.211181640625,746.0087890625,45.673095703125,96.1815185546875,0.7042405605316162,-1,-1,-1
575,3,3747.04541015625,800.293212890625,51.124755859375,109.4324951171875,0.736456573009491,-1,-1,-1
575,436,3178.57958984375,518.0745239257812,16.680908203125,38.72601318359375,0.3490746319293976,-1,-1,-1
575,537,3261.669677734375,551.4144287109375,19.331298828125,42.6297607421875,0.4028763175010681,-1,-1,-1
575,578,3589.235595703125,588.4871826171875,22.5810546875,56.4925537109375,0.39762601256370544,-1,-1,-1
575,593,2756.81201171875,562.5516357421875,20.402099609375,44.9625244140625,0.2903076410293579,-1,-1,-1
575,546,3066.0478515625,509.61175537109375,15.476318359375,29.13555908203125,0.4396849572658539,-1,-1,-1
575,617,3628.12548828125,585.587158203125,21.746337890625,56.62530517578125,0.5010466575622559,-1,-1,-1
575,620,3605.751953125,521.983154296875,18.706298828125,36.35089111328125,0.31044840812683105,-1,-1,-1
575,627,2813.87841796875,518.9815673828125,21.25390625,36.97271728515625,0.3360605537891388,-1,-1,-1
576,1,2905.572509765625,745.857666015625,44.563232421875,95.500244140625,0.7083302140235901,-1,-1,-1
576,3,3746.884521484375,799.7957763671875,51.490966796875,109.58050537109375,0.7128822207450867,-1,-1,-1
576,436,3179.392822265625,519.5926513671875,17.798583984375,40.258056640625,0.31931132078170776,-1,-1,-1
576,537,3262.019775390625,552.8472900390625,20.68212890625,42.2158203125,0.37264910340309143,-1,-1,-1
576,578,3590.416259765625,588.7109985351562,22.38671875,56.39678955078125,0.40301674604415894,-1,-1,-1
576,593,2755.896728515625,560.8765869140625,21.59521484375,45.46148681640625,0.29783180356025696,-1,-1,-1
576,546,3067.8203125,509.13262939453125,16.344970703125,28.37249755859375,0.3599057197570801,-1,-1,-1
576,617,3628.106201171875,585.34130859375,22.58251953125,58.270751953125,0.4861234128475189,-1,-1,-1
576,620,3605.9814453125,522.80517578125,19.068115234375,35.7357177734375,0.30788886547088623,-1,-1,-1
576,627,2813.8369140625,519.6074829101562,21.0,37.65557861328125,0.34690895676612854,-1,-1,-1
577,1,2907.863525390625,746.2258911132812,43.310791015625,94.372314453125,0.6948896646499634,-1,-1,-1
577,3,3746.93212890625,799.645263671875,51.499267578125,109.65478515625,0.7219460010528564,-1,-1,-1
577,436,3179.923583984375,520.1339721679688,18.64697265625,40.43695068359375,0.34097179770469666,-1,-1,-1
577,537,3262.30322265625,553.6280517578125,21.7001953125,41.91607666015625,0.3438124358654022,-1,-1,-1
577,578,3591.5166015625,588.4456176757812,22.05517578125,56.50628662109375,0.4050937294960022,-1,-1,-1
577,593,2754.875244140625,560.4113159179688,22.791259765625,45.5950927734375,0.291311115026474,-1,-1,-1
577,546,3069.398681640625,509.0804443359375,16.0107421875,28.59063720703125,0.3660687208175659,-1,-1,-1
577,617,3627.893310546875,585.2373046875,23.213134765625,59.02532958984375,0.4691455662250519,-1,-1,-1
577,620,3606.2001953125,523.5411376953125,19.204833984375,35.0223388671875,0.28886768221855164,-1,-1,-1
577,627,2813.763671875,519.892578125,20.97216796875,37.9759521484375,0.33023208379745483,-1,-1,-1
578,1,2912.642333984375,745.9556274414062,37.70751953125,93.32757568359375,0.6918861865997314,-1,-1,-1
578,3,3746.971923828125,799.6854248046875,51.420166015625,109.70928955078125,0.7243354320526123,-1,-1,-1
578,436,3180.248779296875,521.323486328125,19.08935546875,39.88031005859375,0.34728866815567017,-1,-1,-1
578,537,3262.486572265625,553.5927124023438,22.255126953125,43.59112548828125,0.34625986218452454,-1,-1,-1
578,578,3592.1416015625,588.26318359375,21.414794921875,56.48040771484375,0.4032926857471466,-1,-1,-1
578,546,3070.63037109375,508.388671875,16.664794921875,28.87530517578125,0.3745335340499878,-1,-1,-1
578,617,3628.10009765625,586.042724609375,23.5029296875,58.8656005859375,0.45424315333366394,-1,-1,-1
578,620,3606.381591796875,522.86181640625,19.486083984375,34.7413330078125,0.29076892137527466,-1,-1,-1
578,627,2813.822509765625,520.2127685546875,20.977294921875,38.20709228515625,0.33780062198638916,-1,-1,-1
579,1,2914.309814453125,746.0520629882812,36.887451171875,93.5440673828125,0.6995894908905029,-1,-1,-1
579,3,3747.027099609375,799.6046752929688,51.376220703125,109.9837646484375,0.7168139815330505,-1,-1,-1
579,436,3180.429443359375,522.1793823242188,20.107177734375,39.57061767578125,0.28546464443206787,-1,-1,-1
579,537,3263.471435546875,554.9139404296875,20.99267578125,41.142822265625,0.3336103856563568,-1,-1,-1
579,578,3592.19873046875,588.7364501953125,21.117431640625,55.38397216796875,0.373430073261261,-1,-1,-1
579,546,3071.51416015625,508.82916259765625,19.208740234375,29.1376953125,0.29512643814086914,-1,-1,-1
579,617,3629.726806640625,587.3543090820312,22.54541015625,57.3858642578125,0.4295748472213745,-1,-1,-1
579,620,3606.270263671875,523.8361206054688,19.526611328125,33.62982177734375,0.2660904824733734,-1,-1,-1
579,627,2813.725341796875,520.9588623046875,20.97021484375,38.2509765625,0.3058139383792877,-1,-1,-1
579,606,3294.362060546875,594.6069946289062,25.218505859375,48.875244140625,0.283397376537323,-1,-1,-1
580,1,2915.8251953125,745.7232055664062,36.2880859375,93.2166748046875,0.7098021507263184,-1,-1,-1
580,3,3747.02734375,799.6131591796875,51.3173828125,109.948974609375,0.7258448600769043,-1,-1,-1
580,537,3264.71142578125,555.5752563476562,19.81787109375,40.27825927734375,0.35217079520225525,-1,-1,-1
580,578,3592.31201171875,588.9953002929688,20.64208984375,54.48822021484375,0.34762319922447205,-1,-1,-1
580,617,3630.4951171875,587.6887817382812,22.473388671875,57.45428466796875,0.43695127964019775,-1,-1,-1
580,627,2813.888916015625,521.2967529296875,20.9130859375,37.91839599609375,0.279920369386673,-1,-1,-1
580,606,3295.200439453125,594.5142822265625,24.8251953125,49.598388671875,0.25849610567092896,-1,-1,-1
581,1,2917.751220703125,745.6375732421875,34.951416015625,92.69464111328125,0.6903923153877258,-1,-1,-1
581,3,3747.122802734375,799.5000610351562,51.25341796875,110.0145263671875,0.71529221534729,-1,-1,-1
581,537,3265.79931640625,556.0762329101562,18.95947265625,39.10009765625,0.3357408344745636,-1,-1,-1
581,578,3593.53857421875,590.2012329101562,19.670166015625,53.19366455078125,0.3605286180973053,-1,-1,-1
581,617,3630.614013671875,587.3673095703125,22.865234375,57.92138671875,0.45453622937202454,-1,-1,-1
581,627,2813.96142578125,521.440185546875,20.768798828125,37.40838623046875,0.2870790958404541,-1,-1,-1
582,1,2920.9267578125,745.8154296875,33.04345703125,91.3214111328125,0.6431547403335571,-1,-1,-1
582,3,3747.36669921875,799.6259155273438,50.936767578125,109.97467041015625,0.689971923828125,-1,-1,-1
582,537,3266.45458984375,556.6842651367188,18.897705078125,37.96630859375,0.3640833795070648,-1,-1,-1
582,578,3594.762451171875,591.9725952148438,18.47119140625,50.94635009765625,0.34422406554222107,-1,-1,-1
582,617,3630.64111328125,588.0438232421875,22.552734375,57.89691162109375,0.4376338720321655,-1,-1,-1
582,627,2814.13427734375,521.5603637695312,20.783935546875,36.8369140625,0.2620932459831238,-1,-1,-1
582,606,3297.5224609375,594.4445190429688,23.435302734375,47.63885498046875,0.2746700644493103,-1,-1,-1
583,1,2924.806884765625,745.8290405273438,30.037353515625,90.00927734375,0.6550011038780212,-1,-1,-1
583,3,3747.4912109375,799.832275390625,50.88916015625,109.588134765625,0.6788338422775269,-1,-1,-1
583,537,3267.495361328125,557.26123046875,18.42724609375,36.8206787109375,0.39845559000968933,-1,-1,-1
583,578,3595.419677734375,593.3392333984375,17.889404296875,49.46282958984375,0.38706880807876587,-1,-1,-1
583,617,3631.110595703125,588.4727783203125,22.435791015625,57.15093994140625,0.4362207055091858,-1,-1,-1
583,606,3298.731689453125,593.6024780273438,22.8115234375,48.56463623046875,0.3232840299606323,-1,-1,-1
584,1,2928.77734375,745.3327026367188,26.357666015625,89.63177490234375,0.5334153771400452,-1,-1,-1
584,3,3747.963623046875,799.9222412109375,50.5947265625,109.41546630859375,0.6563867926597595,-1,-1,-1
584,537,3268.124755859375,558.152099609375,18.36328125,35.87847900390625,0.40945518016815186,-1,-1,-1
584,578,3595.482666015625,594.2694091796875,18.56201171875,48.33990478515625,0.3937765061855316,-1,-1,-1
584,617,3631.751708984375,588.8124389648438,22.1484375,56.69952392578125,0.371307373046875,-1,-1,-1
584,606,3301.789306640625,593.001220703125,20.3935546875,49.3736572265625,0.3152271807193756,-1,-1,-1
584,620,3608.8486328125,523.179931640625,17.43505859375,32.0211181640625,0.2660779356956482,-1,-1,-1
584,627,2814.457275390625,521.8882446289062,20.6767578125,36.38446044921875,0.25174182653427124,-1,-1,-1
585,1,2931.568603515625,744.8543090820312,25.16015625,91.6864013671875,0.5287873148918152,-1,-1,-1
585,3,3748.28271484375,799.7947387695312,50.41943359375,109.46661376953125,0.648863673210144,-1,-1,-1
585,537,3268.65625,559.1815185546875,17.893798828125,34.59619140625,0.3962567150592804,-1,-1,-1
585,578,3595.56298828125,595.0020141601562,18.8759765625,47.44232177734375,0.38680338859558105,-1,-1,-1
585,617,3632.5712890625,589.68359375,21.743896484375,54.7322998046875,0.3464147448539734,-1,-1,-1
585,606,3302.936279296875,592.9403076171875,19.58251953125,48.867431640625,0.2889319360256195,-1,-1,-1
586,1,2933.287109375,744.1798095703125,25.635009765625,92.33636474609375,0.45842164754867554,-1,-1,-1
586,3,3748.37548828125,799.7169799804688,51.156494140625,109.466796875,0.6372556686401367,-1,-1,-1
586,537,3269.123291015625,559.760009765625,18.07666015625,33.46197509765625,0.35824054479599,-1,-1,-1
586,578,3595.02294921875,594.56640625,21.98095703125,49.914794921875,0.398949533700943,-1,-1,-1
586,617,3633.282470703125,589.1668701171875,21.82568359375,53.70294189453125,0.3564596474170685,-1,-1,-1
587,1,2934.380126953125,743.6563110351562,26.60693359375,92.75360107421875,0.49164435267448425,-1,-1,-1
587,3,3748.8251953125,799.6541748046875,51.3291015625,109.48895263671875,0.6478683948516846,-1,-1,-1
587,537,3269.6103515625,559.9893798828125,18.578125,32.61712646484375,0.4096986949443817,-1,-1,-1
587,578,3594.915283203125,596.0682373046875,22.965576171875,49.68707275390625,0.39849454164505005,-1,-1,-1
587,617,3633.576416015625,588.2843017578125,21.725341796875,51.4261474609375,0.3529972434043884,-1,-1,-1
587,606,3303.713623046875,591.0380859375,21.5263671875,49.66217041015625,0.307902991771698,-1,-1,-1
588,1,2935.507568359375,743.2771606445312,28.5,93.70782470703125,0.3802294433116913,-1,-1,-1
588,3,3749.54150390625,799.89013671875,50.583740234375,109.52691650390625,0.6710736751556396,-1,-1,-1
588,537,3269.655029296875,560.5435180664062,20.0439453125,30.78021240234375,0.3389805555343628,-1,-1,-1
588,578,3594.826416015625,596.9326171875,23.547119140625,49.6221923828125,0.45691153407096863,-1,-1,-1
588,617,3633.931884765625,588.50537109375,21.726318359375,47.63836669921875,0.2993343770503998,-1,-1,-1
588,606,3305.62890625,591.3212890625,20.543212890625,49.83013916015625,0.3084971606731415,-1,-1,-1
589,1,2936.579833984375,743.1071166992188,29.999267578125,93.326171875,0.5354664921760559,-1,-1,-1
589,3,3749.94287109375,799.9744873046875,50.326904296875,109.1260986328125,0.6825755834579468,-1,-1,-1
589,537,3269.80126953125,561.2498168945312,20.683837890625,30.264892578125,0.37175673246383667,-1,-1,-1
589,578,3595.366455078125,598.0999755859375,23.25927734375,48.7470703125,0.5188234448432922,-1,-1,-1
589,617,3634.42822265625,588.3151245117188,21.8466796875,46.30511474609375,0.31931090354919434,-1,-1,-1
589,606,3306.515869140625,591.168212890625,20.71630859375,50.12744140625,0.4688441753387451,-1,-1,-1
590,1,2937.330810546875,743.437255859375,34.515380859375,92.7515869140625,0.4977845847606659,-1,-1,-1
590,3,3750.01318359375,799.5531005859375,51.052978515625,109.20819091796875,0.6844177842140198,-1,-1,-1
590,537,3270.07763671875,561.5094604492188,20.808837890625,30.52117919921875,0.3655536472797394,-1,-1,-1
590,578,3596.8876953125,597.6843872070312,22.052490234375,49.1251220703125,0.520341157913208,-1,-1,-1
590,617,3635.81494140625,588.5872192382812,20.763916015625,49.92669677734375,0.3112415075302124,-1,-1,-1
590,606,3307.6806640625,592.3450927734375,21.357177734375,49.7403564453125,0.5438730716705322,-1,-1,-1
591,1,2938.108154296875,744.0359497070312,37.290771484375,92.20245361328125,0.4842533767223358,-1,-1,-1
591,3,3750.063720703125,799.8023681640625,51.425048828125,108.8690185546875,0.686215877532959,-1,-1,-1
591,537,3270.6669921875,560.1881713867188,20.743408203125,32.90863037109375,0.35024023056030273,-1,-1,-1
591,578,3598.162841796875,597.6936645507812,20.8662109375,48.84588623046875,0.47867506742477417,-1,-1,-1
591,617,3636.51416015625,589.0098266601562,20.219970703125,50.908447265625,0.3025211691856384,-1,-1,-1
591,606,3308.713134765625,592.669921875,21.60107421875,49.945556640625,0.5062411427497864,-1,-1,-1
591,633,3192.62158203125,518.4480590820312,18.239501953125,34.56317138671875,0.34190741181373596,-1,-1,-1
592,1,2939.0703125,745.5003051757812,41.686767578125,91.07257080078125,0.5622459650039673,-1,-1,-1
592,3,3750.104736328125,799.8577880859375,51.69140625,108.888916015625,0.6924769878387451,-1,-1,-1
592,537,3270.590087890625,559.08447265625,21.465576171875,34.531982421875,0.3506839871406555,-1,-1,-1
592,578,3598.63427734375,597.7673950195312,20.285888671875,48.1044921875,0.5226181149482727,-1,-1,-1
592,617,3637.2080078125,589.2567749023438,19.744384765625,51.27069091796875,0.3197707533836365,-1,-1,-1
592,606,3309.0126953125,593.1088256835938,22.14013671875,49.42340087890625,0.4789833724498749,-1,-1,-1
592,633,3193.548095703125,518.5396728515625,17.65478515625,32.9512939453125,0.32647576928138733,-1,-1,-1
592,627,2814.247802734375,521.8099975585938,20.708251953125,37.038818359375,0.25807592272758484,-1,-1,-1
593,1,2940.030029296875,745.3605346679688,43.343505859375,90.85675048828125,0.5935966968536377,-1,-1,-1
593,3,3750.267333984375,799.4583740234375,51.77978515625,109.42535400390625,0.6983315348625183,-1,-1,-1
593,537,3270.864013671875,558.6575927734375,22.468017578125,33.9061279296875,0.32620781660079956,-1,-1,-1
593,578,3598.671875,597.8386840820312,20.109619140625,47.378662109375,0.52687007188797,-1,-1,-1
593,617,3637.569580078125,589.5642700195312,19.4794921875,51.1729736328125,0.31096455454826355,-1,-1,-1
593,606,3308.840087890625,593.8380737304688,23.0732421875,48.6044921875,0.4819454848766327,-1,-1,-1
593,633,3193.855224609375,519.4183959960938,17.595703125,32.026611328125,0.3838011920452118,-1,-1,-1
593,637,3142.0927734375,506.07830810546875,17.9716796875,51.20648193359375,0.3316633403301239,-1,-1,-1
593,627,2814.3544921875,521.8383178710938,20.628662109375,37.16552734375,0.2537819743156433,-1,-1,-1
594,1,2939.645263671875,745.5817260742188,45.08837890625,90.42486572265625,0.5639749765396118,-1,-1,-1
594,3,3750.3740234375,798.9739379882812,51.769775390625,109.44879150390625,0.6944531798362732,-1,-1,-1
594,537,3272.627197265625,556.2864990234375,20.49853515625,36.84393310546875,0.3798006474971771,-1,-1,-1
594,578,3598.97900390625,597.73779296875,19.8642578125,46.90277099609375,0.5388711094856262,-1,-1,-1
594,617,3637.78125,589.3115844726562,19.173828125,51.4927978515625,0.2944885194301605,-1,-1,-1
594,606,3308.805419921875,593.3931274414062,23.708251953125,48.65289306640625,0.47317638993263245,-1,-1,-1
594,633,3195.025390625,517.97607421875,17.20751953125,32.85809326171875,0.3800547122955322,-1,-1,-1
594,637,3142.26513671875,505.62139892578125,18.087646484375,53.8209228515625,0.3417118489742279,-1,-1,-1
594,627,2814.41748046875,521.4486083984375,20.57470703125,37.37823486328125,0.28894269466400146,-1,-1,-1
594,639,2754.006103515625,562.83740234375,25.660888671875,49.23675537109375,0.329995334148407,-1,-1,-1
595,1,2940.78173828125,745.2538452148438,44.08056640625,90.2861328125,0.5764206647872925,-1,-1,-1
595,3,3750.221435546875,798.9170532226562,52.099365234375,109.57379150390625,0.6771259903907776,-1,-1,-1
595,537,3274.3798828125,554.8561401367188,18.648193359375,38.9835205078125,0.4055519700050354,-1,-1,-1
595,578,3599.360595703125,597.9839477539062,19.5771484375,46.64215087890625,0.5259557962417603,-1,-1,-1
595,606,3310.269287109375,592.9785766601562,23.391357421875,49.3724365234375,0.5176249146461487,-1,-1,-1
595,633,3196.056640625,518.7562255859375,17.443359375,32.0460205078125,0.3785303235054016,-1,-1,-1
595,637,3142.142578125,505.3264465332031,19.877197265625,57.756317138671875,0.34400221705436707,-1,-1,-1
595,627,2814.5263671875,521.0811157226562,20.39599609375,37.49835205078125,0.2929704785346985,-1,-1,-1
595,639,2754.44189453125,563.8140258789062,26.90380859375,49.24603271484375,0.3454945385456085,-1,-1,-1
596,1,2941.543212890625,744.3302612304688,43.326904296875,90.84326171875,0.6318504214286804,-1,-1,-1
596,3,3750.1748046875,798.916015625,52.367919921875,109.1507568359375,0.6591238975524902,-1,-1,-1
596,537,3275.029052734375,554.0786743164062,18.03759765625,39.98193359375,0.43450286984443665,-1,-1,-1
596,578,3599.69775390625,598.3374633789062,19.33154296875,46.5389404296875,0.5386709570884705,-1,-1,-1
596,606,3310.634765625,592.5813598632812,24.439453125,50.6199951171875,0.5201927423477173,-1,-1,-1
596,633,3196.378662109375,518.5988159179688,17.877685546875,32.302001953125,0.3496498465538025,-1,-1,-1
596,637,3142.292236328125,504.5508117675781,22.048828125,60.196014404296875,0.35543593764305115,-1,-1,-1
596,627,2814.634521484375,521.0637817382812,20.38134765625,37.64569091796875,0.2942342758178711,-1,-1,-1
596,639,2754.67138671875,563.9992065429688,28.3056640625,49.43072509765625,0.3742385506629944,-1,-1,-1
596,617,3637.64501953125,588.80029296875,19.398681640625,52.75103759765625,0.2970699071884155,-1,-1,-1
597,1,2944.430908203125,744.88232421875,39.866943359375,90.039306640625,0.640923023223877,-1,-1,-1
597,3,3749.72509765625,798.7855224609375,53.1513671875,108.98583984375,0.6253759860992432,-1,-1,-1
597,537,3275.8330078125,553.2953491210938,17.88037109375,40.6109619140625,0.44427502155303955,-1,-1,-1
597,578,3599.74755859375,598.8790283203125,19.26318359375,47.9075927734375,0.5488486886024475,-1,-1,-1
597,606,3311.315673828125,591.2431640625,25.349853515625,52.8671875,0.4970701038837433,-1,-1,-1
597,633,3198.506591796875,517.9795532226562,16.958984375,34.41180419921875,0.3841748535633087,-1,-1,-1
597,637,3142.65234375,504.85589599609375,21.4521484375,56.8870849609375,0.30329251289367676,-1,-1,-1
597,627,2814.64306640625,521.0966186523438,20.49755859375,37.682861328125,0.2853885889053345,-1,-1,-1
597,639,2755.870361328125,563.8218994140625,28.7880859375,48.95184326171875,0.4043843150138855,-1,-1,-1
597,617,3637.642333984375,588.9010009765625,19.228759765625,52.39056396484375,0.2696017622947693,-1,-1,-1
598,1,2949.558349609375,744.8803100585938,34.786865234375,89.855712890625,0.5509535074234009,-1,-1,-1
598,3,3749.558837890625,798.885009765625,54.154052734375,108.79925537109375,0.6152615547180176,-1,-1,-1
598,537,3276.631103515625,553.3319091796875,17.778564453125,41.51239013671875,0.45505887269973755,-1,-1,-1
598,578,3599.548583984375,599.5289306640625,19.41650390625,48.25933837890625,0.5568020343780518,-1,-1,-1
598,606,3312.4638671875,591.4595336914062,25.23876953125,53.00860595703125,0.43533432483673096,-1,-1,-1
598,633,3201.00732421875,517.5194091796875,16.3681640625,32.03704833984375,0.33609044551849365,-1,-1,-1
598,637,3142.654052734375,505.537109375,21.24560546875,52.79925537109375,0.25658923387527466,-1,-1,-1
598,627,2814.4814453125,521.0709228515625,20.664794921875,37.70074462890625,0.2674982249736786,-1,-1,-1
598,639,2757.148193359375,564.28515625,27.63427734375,47.4371337890625,0.4343532919883728,-1,-1,-1
598,617,3637.661376953125,589.2218627929688,19.358642578125,52.188720703125,0.26602306962013245,-1,-1,-1
599,1,2953.195556640625,744.4116821289062,31.832275390625,90.03509521484375,0.5756577849388123,-1,-1,-1
599,3,3750.0078125,798.9558715820312,54.37451171875,108.91522216796875,0.6192770600318909,-1,-1,-1
599,537,3277.1455078125,553.2000732421875,17.73583984375,40.9456787109375,0.45597150921821594,-1,-1,-1
599,578,3599.471435546875,599.435546875,19.637939453125,48.79669189453125,0.5647103190422058,-1,-1,-1
599,606,3314.67578125,592.0506591796875,23.751953125,52.4912109375,0.43425101041793823,-1,-1,-1
599,633,3201.733642578125,517.8886108398438,16.617431640625,30.3336181640625,0.3203686475753784,-1,-1,-1
599,627,2814.69189453125,521.1246337890625,20.64453125,37.58746337890625,0.2575955092906952,-1,-1,-1
599,639,2759.643798828125,563.8156127929688,25.68359375,47.252197265625,0.4323066473007202,-1,-1,-1
599,617,3635.80859375,589.0392456054688,21.40380859375,50.76123046875,0.2795329988002777,-1,-1,-1
600,1,2957.299072265625,743.1636962890625,28.25,91.27685546875,0.6200546026229858,-1,-1,-1
600,3,3750.487060546875,798.7107543945312,54.322021484375,109.806640625,0.6159977316856384,-1,-1,-1
600,537,3277.51611328125,552.4131469726562,17.61181640625,41.30401611328125,0.5032103657722473,-1,-1,-1
600,578,3599.479248046875,598.9373168945312,19.774169921875,50.10516357421875,0.5868054628372192,-1,-1,-1
600,606,3316.314453125,590.7926025390625,22.686767578125,53.7271728515625,0.42577528953552246,-1,-1,-1
600,633,3203.303466796875,517.9542236328125,15.93701171875,29.34228515625,0.2785688042640686,-1,-1,-1
600,627,2814.54052734375,521.257568359375,20.881103515625,37.2003173828125,0.25338152050971985,-1,-1,-1
600,639,2763.02978515625,565.078857421875,23.53076171875,45.08380126953125,0.47626793384552,-1,-1,-1
600,617,3635.029052734375,588.944091796875,22.341552734375,49.14459228515625,0.29720115661621094,-1,-1,-1
601,1,2960.555419921875,742.4246826171875,26.3466796875,90.555908203125,0.495877206325531,-1,-1,-1
601,3,3750.834228515625,798.2840576171875,54.290283203125,110.5928955078125,0.600758969783783,-1,-1,-1
601,537,3278.763427734375,551.731201171875,17.2314453125,41.57830810546875,0.503663957118988,-1,-1,-1
601,578,3599.719482421875,598.9661254882812,19.811279296875,51.23394775390625,0.6144099235534668,-1,-1,-1
601,606,3317.994140625,590.4033813476562,21.6728515625,54.00372314453125,0.41053998470306396,-1,-1,-1
601,633,3205.084228515625,518.8035278320312,15.240478515625,28.553955078125,0.3081488609313965,-1,-1,-1
601,627,2814.57568359375,521.4331665039062,21.0283203125,37.22265625,0.25784361362457275,-1,-1,-1
601,639,2762.9814453125,565.7056884765625,24.64111328125,45.8714599609375,0.4843218922615051,-1,-1,-1
601,617,3637.033935546875,588.5335083007812,21.74609375,51.84521484375,0.3588792681694031,-1,-1,-1
602,1,2962.971435546875,742.7501831054688,26.918701171875,90.6702880859375,0.5574890375137329,-1,-1,-1
602,3,3750.4306640625,797.97607421875,55.032958984375,110.56903076171875,0.6114872097969055,-1,-1,-1
602,537,3279.9580078125,550.9459228515625,17.18017578125,41.52423095703125,0.5121558308601379,-1,-1,-1
602,578,3599.973876953125,599.0106811523438,19.96337890625,52.21710205078125,0.6441782116889954,-1,-1,-1
602,606,3319.11865234375,589.0279541015625,22.945556640625,55.24761962890625,0.44293954968452454,-1,-1,-1
602,633,3206.359375,518.291015625,14.852783203125,30.31719970703125,0.3078848123550415,-1,-1,-1
602,639,2764.68701171875,564.81591796875,23.953125,45.39862060546875,0.5104239583015442,-1,-1,-1
602,617,3637.996337890625,587.6718139648438,21.580078125,51.80419921875,0.4028688669204712,-1,-1,-1
603,1,2963.810302734375,743.2063598632812,28.711669921875,91.20928955078125,0.5639051198959351,-1,-1,-1
603,3,3750.2890625,798.498779296875,55.45849609375,110.50830078125,0.6311826109886169,-1,-1,-1
603,537,3280.839599609375,551.4437255859375,17.327880859375,41.1466064453125,0.5054386854171753,-1,-1,-1
603,578,3600.223388671875,599.0144653320312,20.06640625,53.31634521484375,0.6598829030990601,-1,-1,-1
603,606,3320.43212890625,588.73095703125,22.98486328125,55.56597900390625,0.43041104078292847,-1,-1,-1
603,633,3206.873046875,518.990478515625,14.5224609375,29.16094970703125,0.32143357396125793,-1,-1,-1
603,639,2766.216064453125,564.3970947265625,22.813720703125,45.61566162109375,0.5581691861152649,-1,-1,-1
603,617,3638.473876953125,586.8948364257812,21.425537109375,51.29095458984375,0.41184553503990173,-1,-1,-1
603,627,2814.390380859375,521.4398193359375,21.2255859375,37.13616943359375,0.2512911856174469,-1,-1,-1
604,1,2965.588134765625,743.4151000976562,29.98681640625,91.5062255859375,0.6433202028274536,-1,-1,-1
604,3,3750.1220703125,798.4453735351562,55.738525390625,111.4989013671875,0.6494614481925964,-1,-1,-1
604,537,3281.7412109375,553.3385620117188,16.984375,38.4169921875,0.495125949382782,-1,-1,-1
604,578,3600.3193359375,599.0202026367188,20.163818359375,53.97332763671875,0.6661112308502197,-1,-1,-1
604,606,3321.431640625,587.45068359375,23.05908203125,56.90814208984375,0.4532603919506073,-1,-1,-1
604,633,3207.268798828125,518.8179321289062,15.054931640625,29.9544677734375,0.3238079249858856,-1,-1,-1
604,639,2766.834228515625,563.6456909179688,22.535400390625,46.66943359375,0.5272997617721558,-1,-1,-1
604,617,3638.619873046875,586.5155639648438,21.541015625,51.11895751953125,0.4281892776489258,-1,-1,-1
605,1,2966.13671875,743.4962158203125,31.962890625,90.30535888671875,0.7042316198348999,-1,-1,-1
605,3,3749.844482421875,798.8499755859375,56.25830078125,111.98876953125,0.6368972659111023,-1,-1,-1
605,537,3283.131591796875,553.5757446289062,17.390625,38.39227294921875,0.4717806279659271,-1,-1,-1
605,578,3600.2646484375,598.89697265625,20.379150390625,54.17816162109375,0.6688969731330872,-1,-1,-1
605,606,3322.5986328125,587.6683349609375,22.301025390625,55.7642822265625,0.3481751084327698,-1,-1,-1
605,633,3207.188720703125,517.5509643554688,15.442626953125,31.81256103515625,0.3449223041534424,-1,-1,-1
605,639,2767.060546875,562.2512817382812,23.053955078125,49.17864990234375,0.5653610825538635,-1,-1,-1
605,617,3638.6494140625,586.0594482421875,21.695556640625,51.50067138671875,0.44152626395225525,-1,-1,-1
605,627,2814.92919921875,520.7183227539062,20.8662109375,37.63787841796875,0.279093861579895,-1,-1,-1
606,1,2967.455810546875,743.3748168945312,32.0068359375,89.4732666015625,0.6923733949661255,-1,-1,-1
606,3,3750.561767578125,799.0509033203125,55.997314453125,111.88409423828125,0.6034096479415894,-1,-1,-1
606,537,3284.4208984375,555.1080932617188,17.4296875,37.86822509765625,0.45075392723083496,-1,-1,-1
606,578,3600.20849609375,599.1941528320312,20.490966796875,53.86285400390625,0.6541376709938049,-1,-1,-1
606,606,3323.864501953125,588.3137817382812,21.652587890625,54.48760986328125,0.32528096437454224,-1,-1,-1
606,633,3207.087646484375,516.5248413085938,15.35986328125,31.592529296875,0.2785777151584625,-1,-1,-1
606,639,2768.336181640625,561.8494262695312,22.423583984375,50.249267578125,0.5665664076805115,-1,-1,-1
606,617,3638.88330078125,585.9671630859375,21.931640625,51.25408935546875,0.4339490234851837,-1,-1,-1
606,627,2814.93115234375,520.7048950195312,20.866455078125,37.5025634765625,0.2585587501525879,-1,-1,-1
607,1,2968.28369140625,744.04052734375,36.140625,88.92669677734375,0.7061299681663513,-1,-1,-1
607,3,3751.650390625,799.57177734375,55.483154296875,111.22967529296875,0.6136983036994934,-1,-1,-1
607,537,3284.9921875,555.8662719726562,17.16015625,37.22998046875,0.4673101603984833,-1,-1,-1
607,578,3600.2119140625,599.1216430664062,20.84228515625,54.16864013671875,0.6518231630325317,-1,-1,-1
607,606,3324.35107421875,588.7804565429688,21.86474609375,53.9266357421875,0.2905248999595642,-1,-1,-1
607,633,3209.4404296875,515.0162963867188,15.912353515625,32.92779541015625,0.34531211853027344,-1,-1,-1
607,639,2769.6259765625,561.968017578125,22.134521484375,49.78955078125,0.5600498914718628,-1,-1,-1
607,617,3639.1875,585.863037109375,22.006591796875,50.91290283203125,0.4396149814128876,-1,-1,-1
607,627,2814.943359375,520.6746826171875,20.93701171875,37.62017822265625,0.27850228548049927,-1,-1,-1
608,1,2969.264404296875,743.5228271484375,38.51025390625,89.27813720703125,0.7093203663825989,-1,-1,-1
608,3,3753.29541015625,799.6945190429688,54.408203125,111.00518798828125,0.6205629110336304,-1,-1,-1
608,537,3285.903076171875,556.0335693359375,16.9951171875,37.62530517578125,0.4729180932044983,-1,-1,-1
608,578,3600.28369140625,599.0755004882812,20.72021484375,54.0146484375,0.6503540873527527,-1,-1,-1
608,606,3325.068359375,589.8019409179688,22.15478515625,51.0069580078125,0.36850523948669434,-1,-1,-1
608,633,3210.780029296875,514.6800537109375,15.816650390625,32.8577880859375,0.389450341463089,-1,-1,-1
608,639,2770.810791015625,562.293701171875,21.610107421875,50.2984619140625,0.5526357889175415,-1,-1,-1
608,617,3639.54248046875,586.1328125,21.754638671875,50.21136474609375,0.4284401535987854,-1,-1,-1
608,627,2814.888427734375,520.7616577148438,20.93701171875,37.09112548828125,0.2678796947002411,-1,-1,-1
609,1,2969.840087890625,743.3838500976562,40.385009765625,89.6002197265625,0.7284879684448242,-1,-1,-1
609,3,3751.639404296875,799.2160034179688,56.418212890625,111.610595703125,0.5928172469139099,-1,-1,-1
609,537,3286.703369140625,553.8184204101562,17.222412109375,39.7032470703125,0.5369266271591187,-1,-1,-1
609,578,3600.494384765625,599.3273315429688,20.445556640625,52.97076416015625,0.631758987903595,-1,-1,-1
609,606,3325.974853515625,590.2139892578125,21.979248046875,50.6181640625,0.4026508033275604,-1,-1,-1
609,633,3211.552978515625,514.337646484375,15.52001953125,32.22918701171875,0.42083117365837097,-1,-1,-1
609,639,2772.18603515625,562.4856567382812,21.3671875,50.76104736328125,0.5449230670928955,-1,-1,-1
609,617,3639.5771484375,586.4340209960938,21.887451171875,49.4127197265625,0.4088592231273651,-1,-1,-1
609,627,2815.052001953125,520.6336059570312,20.684326171875,37.56353759765625,0.254086434841156,-1,-1,-1
610,1,2971.1083984375,743.8052368164062,40.68798828125,88.807373046875,0.76523357629776,-1,-1,-1
610,3,3754.033203125,800.3274536132812,55.6435546875,110.0074462890625,0.6475771069526672,-1,-1,-1
610,537,3287.89404296875,553.7332763671875,17.243408203125,39.678955078125,0.47459182143211365,-1,-1,-1
610,578,3601.013916015625,599.355224609375,20.51171875,53.04669189453125,0.6299557089805603,-1,-1,-1
610,606,3326.8134765625,590.3269653320312,21.56005859375,49.87225341796875,0.4047833979129791,-1,-1,-1
610,633,3212.419189453125,514.2198486328125,15.072021484375,31.79473876953125,0.45289140939712524,-1,-1,-1
610,639,2773.21044921875,562.9617309570312,20.9208984375,50.8526611328125,0.5398656725883484,-1,-1,-1
610,617,3639.64892578125,586.09814453125,22.4697265625,51.75384521484375,0.4300575852394104,-1,-1,-1
610,627,2815.35009765625,520.5280151367188,20.35546875,37.73077392578125,0.26163220405578613,-1,-1,-1
611,1,2973.740966796875,743.37548828125,39.109130859375,90.2352294921875,0.7695993185043335,-1,-1,-1
611,3,3760.621337890625,800.9658203125,50.3798828125,108.113037109375,0.6956675052642822,-1,-1,-1
611,537,3288.623779296875,554.0603637695312,16.88427734375,39.10894775390625,0.45090559124946594,-1,-1,-1
611,578,3601.76513671875,599.8849487304688,20.463623046875,52.58966064453125,0.6527357697486877,-1,-1,-1
611,606,3326.766845703125,590.0682373046875,21.962646484375,50.93658447265625,0.39288967847824097,-1,-1,-1
611,633,3213.369873046875,514.4910888671875,14.582763671875,32.247802734375,0.4454154074192047,-1,-1,-1
611,639,2773.99365234375,564.0137329101562,20.133544921875,49.63079833984375,0.4947994351387024,-1,-1,-1
611,617,3639.935791015625,586.2243041992188,22.99609375,50.6502685546875,0.4403191804885864,-1,-1,-1
612,1,2975.50146484375,742.9110107421875,37.966552734375,90.7032470703125,0.7389585375785828,-1,-1,-1
612,3,3764.572021484375,800.9542236328125,47.40234375,107.22979736328125,0.6964390873908997,-1,-1,-1
612,537,3289.164794921875,554.666259765625,17.1318359375,37.99169921875,0.45431625843048096,-1,-1,-1
612,578,3602.03271484375,600.3267211914062,20.491943359375,52.80108642578125,0.6599043607711792,-1,-1,-1
612,606,3327.71728515625,589.8004760742188,22.017333984375,49.948486328125,0.3525105118751526,-1,-1,-1
612,633,3214.018798828125,515.55126953125,14.322509765625,31.05126953125,0.42095696926116943,-1,-1,-1
612,639,2774.635009765625,564.379150390625,20.177490234375,48.3023681640625,0.41506147384643555,-1,-1,-1
612,617,3640.237548828125,586.6707153320312,23.270263671875,50.06402587890625,0.4113885462284088,-1,-1,-1
613,1,2979.687744140625,741.731201171875,33.429443359375,92.69085693359375,0.7644649744033813,-1,-1,-1
613,3,3765.878173828125,801.1567993164062,47.120361328125,105.720458984375,0.7268235087394714,-1,-1,-1
613,537,3289.20556640625,553.76123046875,17.570556640625,39.10546875,0.46650177240371704,-1,-1,-1
613,578,3602.031982421875,600.822265625,20.510009765625,53.225830078125,0.6602851152420044,-1,-1,-1
613,606,3329.086669921875,589.60498046875,21.60400390625,50.80078125,0.3986082971096039,-1,-1,-1
613,633,3214.202392578125,515.8721313476562,14.149658203125,30.698486328125,0.41715216636657715,-1,-1,-1
613,639,2774.87109375,564.419677734375,19.982421875,47.93218994140625,0.42355582118034363,-1,-1,-1
613,617,3640.443359375,586.722900390625,23.6640625,49.3050537109375,0.3409450352191925,-1,-1,-1
614,1,2982.6865234375,740.8178100585938,30.005615234375,94.30792236328125,0.7625411748886108,-1,-1,-1
614,3,3767.368408203125,801.032470703125,46.791015625,104.39508056640625,0.7193982601165771,-1,-1,-1
614,537,3289.448486328125,553.4754638671875,18.472412109375,39.537109375,0.47718897461891174,-1,-1,-1
614,578,3602.25927734375,600.9509887695312,20.691650390625,53.38787841796875,0.658076822757721,-1,-1,-1
614,606,3329.286376953125,588.8262939453125,22.4609375,51.5211181640625,0.36905166506767273,-1,-1,-1
614,633,3214.494873046875,515.4295654296875,14.178466796875,30.820556640625,0.3961886167526245,-1,-1,-1
614,639,2774.9658203125,564.6451416015625,19.6943359375,47.6043701171875,0.3993723392486572,-1,-1,-1
614,617,3640.576904296875,586.1068115234375,23.95361328125,49.28717041015625,0.3264516294002533,-1,-1,-1
615,1,2984.85791015625,740.7130126953125,28.390380859375,94.14935302734375,0.7976444363594055,-1,-1,-1
615,3,3768.40087890625,800.68408203125,47.1806640625,104.44110107421875,0.7408062815666199,-1,-1,-1
615,537,3289.66796875,553.7476196289062,19.5498046875,40.64404296875,0.4187736511230469,-1,-1,-1
615,578,3602.494140625,601.2776489257812,20.79638671875,53.50860595703125,0.654431939125061,-1,-1,-1
615,606,3329.870849609375,588.3279418945312,23.4638671875,51.81695556640625,0.39226341247558594,-1,-1,-1
615,633,3215.435791015625,514.995849609375,13.78369140625,30.7359619140625,0.3464093506336212,-1,-1,-1
615,639,2774.841796875,565.802978515625,19.40576171875,46.1871337890625,0.45073309540748596,-1,-1,-1
615,617,3640.6142578125,585.8792724609375,24.314453125,49.49285888671875,0.3269166946411133,-1,-1,-1
616,1,2987.161376953125,740.5711669921875,27.587646484375,93.282958984375,0.748323380947113,-1,-1,-1
616,3,3769.315673828125,800.2631225585938,47.462646484375,103.9580078125,0.7393568754196167,-1,-1,-1
616,537,3289.783447265625,553.9887084960938,20.641357421875,40.3004150390625,0.37278833985328674,-1,-1,-1
616,578,3602.588623046875,600.1890869140625,20.90771484375,54.8695068359375,0.664526104927063,-1,-1,-1
616,606,3330.817626953125,588.56103515625,23.876953125,51.14801025390625,0.4643571376800537,-1,-1,-1
616,633,3216.021728515625,515.1055908203125,13.87548828125,30.73553466796875,0.3094552755355835,-1,-1,-1
616,639,2774.42529296875,566.674072265625,18.37353515625,45.20672607421875,0.4726836085319519,-1,-1,-1
616,617,3640.74951171875,586.0977172851562,24.615234375,49.57861328125,0.31177809834480286,-1,-1,-1
617,1,2989.3359375,739.7958374023438,26.4384765625,93.2642822265625,0.6819997429847717,-1,-1,-1
617,3,3769.635986328125,800.0404052734375,48.14208984375,103.368408203125,0.710159182548523,-1,-1,-1
617,537,3289.822509765625,554.7178955078125,20.900634765625,39.5257568359375,0.34460002183914185,-1,-1,-1
617,578,3603.38623046875,599.2879638671875,20.36181640625,55.7598876953125,0.6474909782409668,-1,-1,-1
617,606,3331.122802734375,588.1389770507812,25.025634765625,50.85107421875,0.46324044466018677,-1,-1,-1
617,633,3216.222412109375,515.8519897460938,14.249267578125,30.43548583984375,0.3043627142906189,-1,-1,-1
617,639,2773.5048828125,567.181640625,18.12255859375,44.510498046875,0.4568989872932434,-1,-1,-1
618,1,2990.58056640625,739.5827026367188,26.66455078125,95.68634033203125,0.6632257699966431,-1,-1,-1
618,3,3771.887451171875,799.8815307617188,46.830810546875,101.3897705078125,0.7099718451499939,-1,-1,-1
618,537,3289.752197265625,554.92431640625,21.10986328125,39.56439208984375,0.33431994915008545,-1,-1,-1
618,578,3604.3642578125,599.3685302734375,20.279052734375,55.6868896484375,0.6484172344207764,-1,-1,-1
618,606,3332.03955078125,588.0884399414062,25.554443359375,51.104736328125,0.4757634997367859,-1,-1,-1
618,633,3216.3505859375,515.900146484375,14.203369140625,30.46771240234375,0.30329927802085876,-1,-1,-1
618,639,2772.01171875,567.7299194335938,19.017333984375,43.8553466796875,0.43307334184646606,-1,-1,-1
619,1,2991.677490234375,739.4786376953125,25.381591796875,94.54217529296875,0.5569401979446411,-1,-1,-1
619,3,3773.41552734375,799.6133422851562,46.0859375,100.46746826171875,0.7058134078979492,-1,-1,-1
619,537,3289.6845703125,554.7454223632812,21.187255859375,39.69873046875,0.3253113031387329,-1,-1,-1
619,578,3605.223388671875,599.6149291992188,20.539794921875,55.625244140625,0.672690212726593,-1,-1,-1
619,606,3333.3154296875,588.0849609375,25.331787109375,51.07952880859375,0.5046215057373047,-1,-1,-1
619,633,3216.455810546875,516.18115234375,14.42529296875,29.48931884765625,0.3049061596393585,-1,-1,-1
619,639,2770.220458984375,568.1331176757812,19.831298828125,43.0926513671875,0.4458695352077484,-1,-1,-1
620,1,2992.46142578125,739.7510375976562,26.4365234375,92.58038330078125,0.5557481646537781,-1,-1,-1
620,3,3776.044189453125,798.2684326171875,44.031982421875,99.8858642578125,0.690635621547699,-1,-1,-1
620,537,3289.647705078125,554.8395385742188,21.33447265625,38.75128173828125,0.2605484426021576,-1,-1,-1
620,578,3605.81640625,599.9095458984375,21.12353515625,55.646728515625,0.6730003952980042,-1,-1,-1
620,606,3334.2568359375,588.42626953125,24.6474609375,50.4163818359375,0.5108955502510071,-1,-1,-1
620,633,3216.552734375,516.3041381835938,14.503662109375,29.24383544921875,0.2761532962322235,-1,-1,-1
620,639,2770.339111328125,568.0029907226562,19.384033203125,42.52166748046875,0.3892177641391754,-1,-1,-1
621,1,2993.02490234375,739.76904296875,28.4013671875,91.89251708984375,0.5247237086296082,-1,-1,-1
621,3,3779.094482421875,798.0005493164062,41.72607421875,99.74072265625,0.696721076965332,-1,-1,-1
621,537,3289.645751953125,554.95458984375,22.185302734375,38.57659912109375,0.2524625062942505,-1,-1,-1
621,578,3606.154052734375,600.590087890625,21.580810546875,55.17236328125,0.6618112325668335,-1,-1,-1
621,606,3335.024169921875,589.0189208984375,24.178466796875,49.57183837890625,0.502295970916748,-1,-1,-1
621,633,3216.490478515625,515.8801879882812,14.403076171875,29.72564697265625,0.27741286158561707,-1,-1,-1
621,639,2768.62841796875,567.854736328125,19.74462890625,42.2584228515625,0.4298727810382843,-1,-1,-1
622,1,2993.020751953125,739.3186645507812,30.041748046875,92.57861328125,0.6175221800804138,-1,-1,-1
622,3,3780.680908203125,797.7896118164062,41.66162109375,100.5474853515625,0.7195101976394653,-1,-1,-1
622,537,3289.6162109375,554.9130859375,22.780029296875,38.61041259765625,0.2702622711658478,-1,-1,-1
622,578,3605.51025390625,601.2377319335938,22.965087890625,55.37646484375,0.644904375076294,-1,-1,-1
622,606,3336.423828125,588.923828125,23.7763671875,49.2607421875,0.5044349431991577,-1,-1,-1
622,633,3216.5654296875,515.645751953125,14.2470703125,30.19281005859375,0.26294440031051636,-1,-1,-1
622,639,2767.334716796875,567.9982299804688,20.33154296875,42.75433349609375,0.44498032331466675,-1,-1,-1
623,1,2993.466064453125,738.6243896484375,30.662109375,93.38116455078125,0.5691847801208496,-1,-1,-1
623,3,3783.517333984375,798.6336059570312,39.870361328125,100.27587890625,0.7356365323066711,-1,-1,-1
623,537,3289.611572265625,554.783203125,22.87744140625,38.8660888671875,0.2603588104248047,-1,-1,-1
623,578,3606.330322265625,601.3673095703125,23.278076171875,54.7379150390625,0.6528012156486511,-1,-1,-1
623,606,3336.88525390625,588.76806640625,24.007080078125,49.4808349609375,0.4806540906429291,-1,-1,-1
623,639,2766.450439453125,567.5879516601562,20.53955078125,42.97369384765625,0.4325249195098877,-1,-1,-1
624,1,2994.04296875,737.6690673828125,30.71630859375,94.45654296875,0.6425997018814087,-1,-1,-1
624,3,3784.010986328125,798.786865234375,39.6650390625,99.6175537109375,0.7310596704483032,-1,-1,-1
624,578,3606.881591796875,601.1327514648438,23.71875,54.38958740234375,0.660923182964325,-1,-1,-1
624,606,3338.478759765625,589.0161743164062,23.15234375,48.93792724609375,0.4750034809112549,-1,-1,-1
624,639,2764.68896484375,568.0759887695312,21.180908203125,43.7598876953125,0.4477272033691406,-1,-1,-1
625,1,2995.173828125,737.253662109375,29.30029296875,95.3265380859375,0.6231054663658142,-1,-1,-1
625,3,3785.628662109375,799.032958984375,38.825439453125,100.45513916015625,0.7549523711204529,-1,-1,-1
625,578,3607.4833984375,600.9658203125,23.38623046875,54.21771240234375,0.6683546304702759,-1,-1,-1
625,606,3340.6591796875,589.3150024414062,22.3876953125,49.67376708984375,0.4821561276912689,-1,-1,-1
625,639,2762.272216796875,568.391845703125,22.038818359375,44.23187255859375,0.45981094241142273,-1,-1,-1
626,1,2995.942138671875,737.7022705078125,28.92626953125,95.2979736328125,0.6811972260475159,-1,-1,-1
626,3,3786.962646484375,799.3463745117188,38.06103515625,100.729248046875,0.7676005363464355,-1,-1,-1
626,578,3608.11083984375,601.0451049804688,22.705810546875,54.29400634765625,0.6640157699584961,-1,-1,-1
626,606,3341.22412109375,589.3994140625,22.637939453125,50.60321044921875,0.4569929242134094,-1,-1,-1
626,639,2760.356201171875,568.9490966796875,22.0654296875,43.66357421875,0.4512482285499573,-1,-1,-1
627,1,2996.738525390625,739.2567749023438,28.83056640625,94.146728515625,0.7080995440483093,-1,-1,-1
627,3,3788.29150390625,799.5938110351562,37.28662109375,100.7960205078125,0.7608571648597717,-1,-1,-1
627,578,3608.435546875,601.7935791015625,22.735595703125,53.6248779296875,0.6383907794952393,-1,-1,-1
627,606,3342.76318359375,589.254638671875,22.038330078125,50.7073974609375,0.2954479455947876,-1,-1,-1
627,639,2759.158447265625,568.5980834960938,21.6142578125,41.570556640625,0.46036624908447266,-1,-1,-1
628,1,2997.28662109375,739.39501953125,29.864013671875,94.05035400390625,0.7215874791145325,-1,-1,-1
628,3,3789.606689453125,799.4075927734375,37.17431640625,102.5069580078125,0.7566066980361938,-1,-1,-1
628,578,3608.85302734375,601.8928833007812,22.532958984375,53.524169921875,0.6686570644378662,-1,-1,-1
628,606,3343.368896484375,589.0250244140625,21.8408203125,52.11114501953125,0.2676587700843811,-1,-1,-1
628,639,2756.83740234375,569.6091918945312,23.47412109375,41.5859375,0.4060438275337219,-1,-1,-1
629,1,2997.418701171875,739.1921997070312,32.603759765625,94.14306640625,0.7462080717086792,-1,-1,-1
629,3,3790.47314453125,799.5418090820312,37.429443359375,102.14349365234375,0.7559254765510559,-1,-1,-1
629,578,3609.410400390625,602.3552856445312,21.594970703125,52.85406494140625,0.665876030921936,-1,-1,-1
629,639,2755.732666015625,569.2511596679688,24.527099609375,42.78436279296875,0.365567147731781,-1,-1,-1
629,668,3121.27197265625,503.9734802246094,20.956787109375,28.308258056640625,0.3913528621196747,-1,-1,-1
630,1,2996.911865234375,739.0015258789062,35.033203125,94.9869384765625,0.7646284103393555,-1,-1,-1
630,3,3791.996826171875,799.9824829101562,37.146728515625,101.812255859375,0.7605066895484924,-1,-1,-1
630,578,3610.388916015625,602.47314453125,20.969970703125,53.11981201171875,0.6480042338371277,-1,-1,-1
630,639,2753.60498046875,568.3680419921875,27.44677734375,45.09112548828125,0.27642539143562317,-1,-1,-1
630,668,3120.87841796875,503.52996826171875,20.461181640625,28.89129638671875,0.41746199131011963,-1,-1,-1
630,606,3343.521728515625,589.2218017578125,22.17333984375,53.06268310546875,0.27223262190818787,-1,-1,-1
631,1,2997.123046875,738.7504272460938,36.730224609375,95.86358642578125,0.769495964050293,-1,-1,-1
631,3,3792.502685546875,800.2175903320312,39.125732421875,102.273193359375,0.7536100745201111,-1,-1,-1
631,578,3611.726806640625,601.8273315429688,20.438232421875,53.34600830078125,0.6523252725601196,-1,-1,-1
631,668,3119.4306640625,504.556884765625,20.333984375,28.40057373046875,0.3831372857093811,-1,-1,-1
632,1,2997.337158203125,738.32275390625,37.98681640625,97.61480712890625,0.7889974117279053,-1,-1,-1
632,3,3792.632080078125,800.3408813476562,40.90283203125,102.77825927734375,0.7475532293319702,-1,-1,-1
632,578,3612.6123046875,601.61376953125,19.881591796875,51.9844970703125,0.6470061540603638,-1,-1,-1
632,668,3118.553955078125,505.03021240234375,19.451904296875,28.4676513671875,0.3735460340976715,-1,-1,-1
633,1,2997.463134765625,738.641845703125,38.488525390625,97.8529052734375,0.7768222093582153,-1,-1,-1
633,3,3793.0244140625,800.0848388671875,42.210693359375,104.112060546875,0.735783040523529,-1,-1,-1
633,578,3613.447998046875,601.8509521484375,20.31640625,50.22247314453125,0.5904549956321716,-1,-1,-1
633,668,3117.24267578125,505.34747314453125,19.304443359375,27.97344970703125,0.3508012592792511,-1,-1,-1
633,639,2747.7734375,566.6844482421875,23.951171875,49.22357177734375,0.37428367137908936,-1,-1,-1
634,1,2996.4716796875,738.8880004882812,40.06298828125,96.90899658203125,0.7677417397499084,-1,-1,-1
634,3,3793.6181640625,799.7427978515625,43.03662109375,104.92828369140625,0.7277294993400574,-1,-1,-1
634,578,3613.483154296875,600.6629028320312,21.837646484375,52.3114013671875,0.5690793991088867,-1,-1,-1
634,668,3116.975341796875,505.6378479003906,18.542236328125,25.989898681640625,0.31781426072120667,-1,-1,-1
634,639,2747.064208984375,566.7711791992188,20.78857421875,49.879150390625,0.4487275183200836,-1,-1,-1
635,1,2995.89404296875,738.92041015625,41.17431640625,96.580810546875,0.7785006761550903,-1,-1,-1
635,3,3794.16259765625,799.7217407226562,43.859619140625,105.2275390625,0.7290136218070984,-1,-1,-1
635,578,3614.078369140625,598.9223022460938,22.359375,55.25616455078125,0.4837402403354645,-1,-1,-1
635,639,2746.638427734375,567.8375244140625,18.435791015625,48.282958984375,0.5239816308021545,-1,-1,-1
636,1,2995.6005859375,738.9190673828125,41.547607421875,96.7799072265625,0.780422031879425,-1,-1,-1
636,3,3794.142333984375,800.2771606445312,44.07568359375,104.4822998046875,0.7246122360229492,-1,-1,-1
636,578,3614.602294921875,598.6492919921875,22.62548828125,55.012939453125,0.397290974855423,-1,-1,-1
636,639,2746.2216796875,568.466552734375,16.725830078125,47.20654296875,0.576829731464386,-1,-1,-1
637,1,2995.336669921875,739.0719604492188,41.8671875,96.890869140625,0.7734977006912231,-1,-1,-1
637,3,3794.318603515625,801.15576171875,44.1904296875,103.68780517578125,0.7398357391357422,-1,-1,-1
637,578,3614.88916015625,597.9037475585938,23.324462890625,56.85333251953125,0.3073251247406006,-1,-1,-1
637,639,2744.608154296875,569.0585327148438,17.508056640625,45.709228515625,0.5654326677322388,-1,-1,-1
638,1,2995.741943359375,739.044677734375,41.27783203125,98.50799560546875,0.7903804183006287,-1,-1,-1
638,3,3794.807861328125,801.265869140625,44.71044921875,103.501953125,0.7492150068283081,-1,-1,-1
638,578,3614.583251953125,597.8682250976562,24.184814453125,58.5535888671875,0.3144124448299408,-1,-1,-1
638,639,2742.025146484375,569.2042236328125,19.4072265625,45.6834716796875,0.5964906811714172,-1,-1,-1
639,1,2995.56396484375,739.794921875,40.85888671875,98.96795654296875,0.7955330610275269,-1,-1,-1
639,3,3794.65673828125,801.6310424804688,46.08935546875,103.54669189453125,0.756463885307312,-1,-1,-1
639,578,3614.8720703125,598.1838989257812,23.94140625,56.90130615234375,0.3473682403564453,-1,-1,-1
639,639,2740.242431640625,569.767333984375,20.65966796875,46.4149169921875,0.5391085743904114,-1,-1,-1
640,1,2995.525390625,741.2767333984375,40.04541015625,98.61260986328125,0.7829535603523254,-1,-1,-1
640,3,3794.817138671875,801.8305053710938,46.93408203125,103.36669921875,0.7411174178123474,-1,-1,-1
640,578,3614.946044921875,599.8980712890625,23.90771484375,55.2672119140625,0.33437204360961914,-1,-1,-1
640,639,2738.68408203125,569.3846435546875,21.437744140625,49.08929443359375,0.5770373940467834,-1,-1,-1
641,1,2994.787109375,742.822265625,39.25048828125,97.52813720703125,0.7638357877731323,-1,-1,-1
641,3,3795.285888671875,802.0025634765625,46.980712890625,103.05621337890625,0.7522509694099426,-1,-1,-1
641,578,3614.98046875,601.2413940429688,23.603515625,52.94476318359375,0.34154850244522095,-1,-1,-1
641,639,2737.015625,569.6555786132812,22.553466796875,49.19287109375,0.5922664403915405,-1,-1,-1
642,1,2994.449462890625,743.7691650390625,37.601318359375,96.91253662109375,0.7436361908912659,-1,-1,-1
642,3,3795.69873046875,802.2299194335938,47.31689453125,103.45709228515625,0.7618436813354492,-1,-1,-1
642,578,3614.9365234375,601.0947265625,23.44873046875,53.189453125,0.3215682804584503,-1,-1,-1
642,639,2733.846435546875,570.42578125,22.5107421875,47.28790283203125,0.5033003687858582,-1,-1,-1
642,690,3213.93701171875,514.5857543945312,14.047119140625,35.434814453125,0.33716654777526855,-1,-1,-1
643,1,2994.29150390625,743.94091796875,36.372802734375,97.03631591796875,0.7276540398597717,-1,-1,-1
643,3,3795.809814453125,802.2590942382812,48.188720703125,104.4146728515625,0.7406618595123291,-1,-1,-1
643,578,3614.926025390625,600.5346069335938,23.444580078125,53.922607421875,0.3256227374076843,-1,-1,-1
643,639,2731.2001953125,570.927734375,24.044921875,47.037841796875,0.4178711473941803,-1,-1,-1
643,690,3213.83056640625,514.001953125,13.9775390625,36.15032958984375,0.36575907468795776,-1,-1,-1
644,1,2994.0615234375,744.887939453125,34.989501953125,96.44091796875,0.7112421989440918,-1,-1,-1
644,3,3795.67822265625,802.0830688476562,49.17333984375,105.2239990234375,0.7298120260238647,-1,-1,-1
644,578,3614.919921875,600.8392333984375,23.583251953125,53.41259765625,0.2909897267818451,-1,-1,-1
644,639,2729.041015625,571.1537475585938,24.012939453125,46.6103515625,0.4019703269004822,-1,-1,-1
644,690,3213.048583984375,514.4271850585938,14.728515625,36.4453125,0.3426535725593567,-1,-1,-1
645,1,2994.008544921875,745.728271484375,33.279052734375,95.9461669921875,0.710043728351593,-1,-1,-1
645,3,3795.353759765625,802.20751953125,49.86962890625,105.69549560546875,0.723678708076477,-1,-1,-1
645,578,3614.900146484375,600.28759765625,23.67822265625,54.0927734375,0.3057842552661896,-1,-1,-1
645,639,2728.83935546875,571.3240966796875,24.059814453125,47.36077880859375,0.39802902936935425,-1,-1,-1
645,690,3212.288818359375,514.8594970703125,15.338623046875,36.335205078125,0.33765214681625366,-1,-1,-1
645,668,3105.05517578125,509.80792236328125,17.2158203125,27.15203857421875,0.339712530374527,-1,-1,-1
646,1,2993.4931640625,745.9951782226562,32.473388671875,95.74261474609375,0.7083763480186462,-1,-1,-1
646,3,3795.396240234375,802.3021850585938,50.00927734375,106.8179931640625,0.7267563939094543,-1,-1,-1
646,578,3614.916015625,598.9411010742188,23.822998046875,55.430419921875,0.32199326157569885,-1,-1,-1
646,639,2727.864013671875,571.1381225585938,23.37353515625,47.51373291015625,0.421347051858902,-1,-1,-1
646,690,3211.693603515625,514.2300415039062,15.70751953125,36.6868896484375,0.3480253517627716,-1,-1,-1
646,668,3104.58251953125,509.283447265625,16.545166015625,27.61358642578125,0.349964439868927,-1,-1,-1
647,1,2992.734130859375,746.5159301757812,32.469970703125,95.2000732421875,0.7151080369949341,-1,-1,-1
647,3,3796.206298828125,802.53271484375,49.27490234375,106.62396240234375,0.7285324931144714,-1,-1,-1
647,578,3614.953125,597.2031860351562,24.027099609375,57.00384521484375,0.30338653922080994,-1,-1,-1
647,639,2726.09423828125,570.6082153320312,23.189208984375,48.93157958984375,0.46195462346076965,-1,-1,-1
647,690,3211.48974609375,513.603759765625,15.50244140625,36.9244384765625,0.36930596828460693,-1,-1,-1
647,668,3104.058349609375,507.6459045410156,16.009521484375,29.002838134765625,0.39453989267349243,-1,-1,-1
648,1,2991.7607421875,746.9149169921875,32.651611328125,95.19219970703125,0.7093423008918762,-1,-1,-1
648,3,3797.0654296875,802.6323852539062,48.446533203125,107.208251953125,0.7129647135734558,-1,-1,-1
648,578,3614.99853515625,596.2197265625,24.154052734375,57.606689453125,0.2628439664840698,-1,-1,-1
648,639,2724.684326171875,570.3790283203125,21.49951171875,47.2166748046875,0.4479980766773224,-1,-1,-1
648,690,3211.157958984375,514.24560546875,15.478271484375,36.35418701171875,0.3445742726325989,-1,-1,-1
648,668,3104.07763671875,507.1845397949219,16.04638671875,29.212615966796875,0.371461421251297,-1,-1,-1
649,1,2990.44189453125,747.2351684570312,33.843994140625,95.27423095703125,0.7099058032035828,-1,-1,-1
649,3,3797.634521484375,802.8956909179688,47.82373046875,107.72235107421875,0.7422816157341003,-1,-1,-1
649,578,3614.98828125,595.2843627929688,24.751220703125,59.01220703125,0.26636016368865967,-1,-1,-1
649,639,2722.18408203125,570.5302124023438,22.7216796875,48.2418212890625,0.44626209139823914,-1,-1,-1
649,690,3210.526611328125,515.0195922851562,15.944580078125,37.15496826171875,0.3139766752719879,-1,-1,-1
649,668,3104.29248046875,506.8360290527344,16.144775390625,29.912139892578125,0.39078274369239807,-1,-1,-1
650,1,2988.79638671875,746.6495361328125,35.72412109375,96.8388671875,0.707082986831665,-1,-1,-1
650,3,3799.673095703125,803.0098266601562,45.51513671875,107.6279296875,0.7696391344070435,-1,-1,-1
650,578,3615.0205078125,594.7514038085938,24.839111328125,58.5499267578125,0.28021371364593506,-1,-1,-1
650,639,2720.057373046875,570.738525390625,22.56591796875,46.75079345703125,0.3915897011756897,-1,-1,-1
650,690,3209.872314453125,515.821533203125,16.521484375,37.05865478515625,0.29652392864227295,-1,-1,-1
650,668,3104.227783203125,506.8191833496094,16.32470703125,30.075836181640625,0.394910603761673,-1,-1,-1
651,1,2987.11181640625,746.4999389648438,37.2861328125,97.67279052734375,0.705242395401001,-1,-1,-1
651,3,3801.865234375,803.3849487304688,42.825439453125,107.230224609375,0.770832359790802,-1,-1,-1
651,639,2718.994140625,570.4676513671875,21.422119140625,48.226806640625,0.3901437222957611,-1,-1,-1
651,690,3206.8896484375,516.7559204101562,18.22998046875,37.86590576171875,0.3095848262310028,-1,-1,-1
651,668,3104.166748046875,507.0050048828125,16.48388671875,29.99322509765625,0.38260260224342346,-1,-1,-1
652,1,2986.192626953125,746.291015625,37.62060546875,97.9818115234375,0.7187912464141846,-1,-1,-1
652,3,3802.296875,803.794189453125,41.74267578125,106.81298828125,0.7756929397583008,-1,-1,-1
652,639,2717.259033203125,573.265869140625,20.68798828125,46.93505859375,0.3987062871456146,-1,-1,-1
652,690,3205.42041015625,517.5279541015625,17.7470703125,38.736572265625,0.2924405336380005,-1,-1,-1
652,668,3104.1884765625,507.4222106933594,16.646728515625,29.648223876953125,0.3619605600833893,-1,-1,-1
653,1,2985.34765625,746.4232788085938,37.51025390625,97.67034912109375,0.725918173789978,-1,-1,-1
653,3,3801.68505859375,804.050048828125,41.41064453125,106.5989990234375,0.7663180828094482,-1,-1,-1
653,639,2716.773193359375,574.1405029296875,19.7216796875,49.09527587890625,0.49117979407310486,-1,-1,-1
653,690,3204.78369140625,517.7039184570312,18.0537109375,38.7786865234375,0.2650437653064728,-1,-1,-1
653,668,3104.396728515625,507.9035339355469,16.550537109375,29.212738037109375,0.36216363310813904,-1,-1,-1
654,1,2984.679443359375,746.8870849609375,38.106201171875,96.89239501953125,0.7324939966201782,-1,-1,-1
654,3,3800.724609375,804.3604736328125,42.024658203125,106.94390869140625,0.7790468335151672,-1,-1,-1
654,639,2715.69482421875,574.2010498046875,19.472900390625,50.640380859375,0.5000468492507935,-1,-1,-1
654,668,3104.434814453125,508.0843811035156,16.437255859375,28.930816650390625,0.3795291781425476,-1,-1,-1
655,1,2983.947998046875,747.5282592773438,38.45068359375,96.96234130859375,0.7388477325439453,-1,-1,-1
655,3,3800.450439453125,804.66943359375,41.2119140625,106.3504638671875,0.7774755954742432,-1,-1,-1
655,639,2714.1962890625,574.3024291992188,19.8095703125,50.9892578125,0.48228779435157776,-1,-1,-1
655,668,3104.141845703125,507.7984619140625,16.620849609375,29.07073974609375,0.366525262594223,-1,-1,-1
655,703,3341.66064453125,593.9180297851562,19.13232421875,49.83477783203125,0.3485695421695709,-1,-1,-1
655,578,3617.200439453125,594.5840454101562,27.3642578125,59.08563232421875,0.2639788091182709,-1,-1,-1
656,1,2983.146240234375,748.4937133789062,38.059326171875,96.21673583984375,0.7458921074867249,-1,-1,-1
656,3,3799.146484375,804.7212524414062,41.13671875,107.06207275390625,0.7549024820327759,-1,-1,-1
656,639,2713.178955078125,574.2162475585938,20.24951171875,50.84722900390625,0.4556211531162262,-1,-1,-1
656,668,3103.25390625,508.2066345214844,16.96630859375,28.664642333984375,0.32231616973876953,-1,-1,-1
656,703,3341.649169921875,594.5927124023438,18.657958984375,49.05853271484375,0.3790234625339508,-1,-1,-1
656,578,3617.4755859375,594.3470458984375,27.783935546875,59.86883544921875,0.2881031334400177,-1,-1,-1
657,1,2982.14208984375,749.07373046875,39.026123046875,96.62921142578125,0.7503963112831116,-1,-1,-1
657,3,3797.916259765625,805.2421264648438,41.35595703125,106.70306396484375,0.7538643479347229,-1,-1,-1
657,639,2711.4677734375,573.9105834960938,20.70068359375,52.365478515625,0.484195351600647,-1,-1,-1
657,668,3102.40966796875,508.73065185546875,17.4140625,28.2738037109375,0.3304271101951599,-1,-1,-1
657,703,3341.587890625,594.9818725585938,18.1806640625,49.98846435546875,0.4319404363632202,-1,-1,-1
657,578,3617.639892578125,594.4227905273438,27.8125,59.94134521484375,0.30363690853118896,-1,-1,-1
658,1,2981.513916015625,749.4644165039062,39.135498046875,97.68035888671875,0.7560541033744812,-1,-1,-1
658,3,3789.66845703125,804.9793701171875,49.2529296875,108.430908203125,0.7507325410842896,-1,-1,-1
658,639,2710.55126953125,573.1316528320312,20.16357421875,53.36334228515625,0.4918942451477051,-1,-1,-1
658,668,3099.98046875,508.9289245605469,19.365234375,27.686859130859375,0.29773038625717163,-1,-1,-1
658,703,3341.10791015625,595.1245727539062,17.735107421875,49.3372802734375,0.395926833152771,-1,-1,-1
658,578,3617.757568359375,595.384033203125,27.732421875,59.38861083984375,0.3399227559566498,-1,-1,-1
659,1,2981.33837890625,749.6968383789062,39.114013671875,97.9915771484375,0.7527133822441101,-1,-1,-1
659,3,3784.919189453125,805.39697265625,53.46240234375,108.795166015625,0.7301401495933533,-1,-1,-1
659,639,2709.312744140625,572.56298828125,20.678955078125,53.584716796875,0.4940822720527649,-1,-1,-1
659,668,3100.536376953125,508.66326904296875,18.820556640625,27.460205078125,0.29519331455230713,-1,-1,-1
659,703,3340.642822265625,594.7633056640625,16.852783203125,49.517333984375,0.42308005690574646,-1,-1,-1
659,578,3617.920166015625,596.4260864257812,27.4697265625,58.96954345703125,0.37349480390548706,-1,-1,-1
660,1,2981.158447265625,749.980224609375,39.159423828125,99.51666259765625,0.7581592798233032,-1,-1,-1
660,3,3781.384765625,804.8849487304688,56.1884765625,109.5845947265625,0.7337497472763062,-1,-1,-1
660,639,2708.02490234375,573.0618896484375,20.78173828125,52.9521484375,0.45499518513679504,-1,-1,-1
660,668,3100.83251953125,508.36712646484375,18.560546875,27.296875,0.2930227518081665,-1,-1,-1
660,703,3339.621826171875,594.1710815429688,17.6171875,50.5145263671875,0.44174519181251526,-1,-1,-1
660,578,3618.0625,596.24560546875,27.35107421875,59.53839111328125,0.36209291219711304,-1,-1,-1
661,1,2981.429443359375,750.3848876953125,39.015869140625,100.36712646484375,0.7654414772987366,-1,-1,-1
661,3,3778.73193359375,805.9910888671875,58.12548828125,108.33416748046875,0.7386311292648315,-1,-1,-1
661,639,2707.2900390625,573.1553955078125,19.70458984375,52.83843994140625,0.5276038646697998,-1,-1,-1
661,668,3099.258056640625,508.16094970703125,19.69873046875,27.985107421875,0.3255593180656433,-1,-1,-1
661,703,3339.250732421875,594.7508544921875,17.763916015625,49.7791748046875,0.38264065980911255,-1,-1,-1
661,578,3618.310791015625,596.2371826171875,27.14892578125,59.23199462890625,0.3992917239665985,-1,-1,-1
662,1,2981.387451171875,751.564697265625,39.00537109375,100.6593017578125,0.7526438236236572,-1,-1,-1
662,3,3777.2646484375,806.838134765625,58.943359375,107.23199462890625,0.7453570365905762,-1,-1,-1
662,639,2706.91943359375,573.3062133789062,18.8515625,52.32720947265625,0.5277467370033264,-1,-1,-1
662,668,3098.646240234375,508.3516540527344,19.6806640625,28.802093505859375,0.3464321494102478,-1,-1,-1
662,703,3339.369140625,595.0137939453125,17.45361328125,49.6397705078125,0.4004582166671753,-1,-1,-1
662,578,3618.600341796875,595.6351928710938,26.639892578125,59.6124267578125,0.4063701629638672,-1,-1,-1
663,1,2981.64794921875,753.0542602539062,38.26123046875,100.1861572265625,0.7157960534095764,-1,-1,-1
663,3,3776.412109375,807.6558837890625,58.523193359375,106.01092529296875,0.7346763610839844,-1,-1,-1
663,639,2706.280029296875,573.0384521484375,18.438232421875,52.36041259765625,0.5456165075302124,-1,-1,-1
663,668,3098.45361328125,508.4599609375,19.004638671875,29.418701171875,0.396159291267395,-1,-1,-1
663,703,3338.813720703125,595.0440063476562,17.198974609375,50.202392578125,0.4138734042644501,-1,-1,-1
663,578,3619.218994140625,595.1517333984375,26.025634765625,59.72161865234375,0.4390494227409363,-1,-1,-1
664,1,2981.08056640625,754.1134033203125,39.0634765625,100.38360595703125,0.7452152371406555,-1,-1,-1
664,3,3776.396728515625,809.1102905273438,57.16943359375,104.83050537109375,0.7174305319786072,-1,-1,-1
664,639,2704.7841796875,573.1249389648438,19.861328125,52.962158203125,0.5236212611198425,-1,-1,-1
664,668,3098.33203125,508.52264404296875,17.30615234375,29.6539306640625,0.4535253345966339,-1,-1,-1
664,703,3337.24267578125,594.6713256835938,18.19677734375,49.69854736328125,0.351886123418808,-1,-1,-1
664,578,3619.517333984375,594.0277099609375,25.718505859375,60.252685546875,0.4517429769039154,-1,-1,-1
665,1,2980.295654296875,755.3314819335938,39.966064453125,100.3045654296875,0.7510902285575867,-1,-1,-1
665,3,3775.9912109375,810.6678466796875,56.20654296875,103.73431396484375,0.6928738951683044,-1,-1,-1
665,639,2702.822509765625,573.3704223632812,21.341552734375,53.19879150390625,0.4891292154788971,-1,-1,-1
665,668,3098.3681640625,508.71905517578125,17.089599609375,30.31427001953125,0.4715711176395416,-1,-1,-1
665,703,3336.019287109375,594.4910278320312,19.183837890625,51.21319580078125,0.4472714364528656,-1,-1,-1
665,578,3619.779052734375,593.5518798828125,25.65478515625,60.36993408203125,0.42862221598625183,-1,-1,-1
665,712,4047.55859375,525.618408203125,22.809326171875,34.07684326171875,0.3140995502471924,-1,-1,-1
666,1,2980.795166015625,756.0663452148438,39.46435546875,100.5560302734375,0.7328084707260132,-1,-1,-1
666,3,3775.112548828125,813.1240234375,55.214111328125,100.87255859375,0.6428675055503845,-1,-1,-1
666,639,2700.476318359375,573.448486328125,23.322998046875,53.4556884765625,0.43345701694488525,-1,-1,-1
666,668,3098.4072265625,508.89556884765625,17.462890625,30.4930419921875,0.43390917778015137,-1,-1,-1
666,703,3334.8095703125,594.7363891601562,20.2109375,53.40264892578125,0.4480235278606415,-1,-1,-1
666,578,3619.974609375,592.4224243164062,25.72607421875,61.3408203125,0.4323183596134186,-1,-1,-1
666,712,4047.48193359375,525.5298461914062,22.8076171875,34.22662353515625,0.3221585154533386,-1,-1,-1
667,1,2981.052001953125,756.6582641601562,39.139892578125,100.45513916015625,0.74598628282547,-1,-1,-1
667,3,3774.825439453125,814.6947631835938,54.0419921875,98.9737548828125,0.6459271311759949,-1,-1,-1
667,639,2699.5830078125,573.5758056640625,24.04150390625,53.26837158203125,0.37941983342170715,-1,-1,-1
667,668,3097.359375,509.6772766113281,17.29541015625,28.731109619140625,0.3596560060977936,-1,-1,-1
667,703,3333.24462890625,595.0657348632812,21.429931640625,53.6005859375,0.38886788487434387,-1,-1,-1
667,578,3620.31787109375,592.304443359375,25.724609375,61.2811279296875,0.4352806806564331,-1,-1,-1
667,712,4047.404052734375,525.4874267578125,22.508544921875,33.6885986328125,0.3353331983089447,-1,-1,-1
668,1,2980.854248046875,756.7086791992188,39.53173828125,100.74627685546875,0.7412719130516052,-1,-1,-1
668,3,3774.836181640625,814.3245849609375,52.981201171875,99.45684814453125,0.6585798263549805,-1,-1,-1
668,639,2698.471435546875,572.8301391601562,24.8515625,53.6796875,0.34746813774108887,-1,-1,-1
668,668,3096.78759765625,509.57037353515625,16.0087890625,27.36968994140625,0.3722723722457886,-1,-1,-1
668,703,3330.985595703125,595.5106811523438,23.3095703125,55.91534423828125,0.47316768765449524,-1,-1,-1
668,578,3620.77685546875,592.93017578125,25.49072265625,60.6617431640625,0.4791722595691681,-1,-1,-1
668,712,4047.3701171875,525.3954467773438,22.32958984375,33.3985595703125,0.348813533782959,-1,-1,-1
669,1,2980.842041015625,756.9324951171875,39.784912109375,100.2552490234375,0.721077561378479,-1,-1,-1
669,3,3775.12158203125,812.503173828125,51.42822265625,101.9566650390625,0.6409170627593994,-1,-1,-1
669,639,2697.9072265625,572.4659423828125,25.008544921875,52.8177490234375,0.2621879577636719,-1,-1,-1
669,668,3096.45263671875,508.8008117675781,16.0771484375,27.915191650390625,0.37799641489982605,-1,-1,-1
669,703,3329.129638671875,596.1091918945312,23.287109375,56.18267822265625,0.39734870195388794,-1,-1,-1
669,578,3621.398681640625,593.22119140625,25.208984375,60.2369384765625,0.49472787976264954,-1,-1,-1
669,712,4047.38818359375,525.5459594726562,22.137939453125,33.208984375,0.33529409766197205,-1,-1,-1
670,1,2981.2265625,757.6334838867188,39.3984375,98.66351318359375,0.7078582048416138,-1,-1,-1
670,3,3775.290283203125,813.312744140625,49.732421875,101.7003173828125,0.6524957418441772,-1,-1,-1
670,668,3095.639892578125,508.8863830566406,16.18310546875,27.635406494140625,0.3345749080181122,-1,-1,-1
670,703,3328.468505859375,596.6133422851562,23.768798828125,55.88922119140625,0.4106488525867462,-1,-1,-1
670,578,3621.80712890625,593.0983276367188,24.89794921875,60.11712646484375,0.47815707325935364,-1,-1,-1
670,712,4047.391357421875,525.7457885742188,21.74169921875,32.2264404296875,0.3340064585208893,-1,-1,-1
671,1,2982.08544921875,758.263427734375,38.511474609375,97.4312744140625,0.7022711038589478,-1,-1,-1
671,3,3775.1591796875,812.6773681640625,49.183837890625,102.47320556640625,0.6530033946037292,-1,-1,-1
671,668,3095.58154296875,509.6716613769531,16.55322265625,26.551055908203125,0.27085769176483154,-1,-1,-1
671,703,3327.975341796875,597.1133422851562,22.693603515625,56.00262451171875,0.41032761335372925,-1,-1,-1
671,578,3622.1181640625,592.4808959960938,24.773681640625,60.2452392578125,0.48310956358909607,-1,-1,-1
671,712,4047.386962890625,525.8130493164062,21.411376953125,31.82855224609375,0.3361564874649048,-1,-1,-1
672,1,2982.7607421875,758.4337768554688,38.266357421875,96.65350341796875,0.7073070406913757,-1,-1,-1
672,3,3774.82470703125,811.8736572265625,48.26123046875,103.5093994140625,0.6932979822158813,-1,-1,-1
672,703,3328.000732421875,598.179443359375,21.90283203125,55.303955078125,0.3861681818962097,-1,-1,-1
672,578,3622.1240234375,592.2185668945312,24.86181640625,60.2252197265625,0.4805276691913605,-1,-1,-1
672,712,4047.383056640625,525.6217651367188,20.637939453125,32.10308837890625,0.37230995297431946,-1,-1,-1
672,720,3653.871826171875,588.9453735351562,22.758056640625,56.62298583984375,0.3167629539966583,-1,-1,-1
673,1,2982.604736328125,758.3536376953125,39.096923828125,97.75396728515625,0.7591068148612976,-1,-1,-1
673,3,3774.431884765625,811.1886596679688,47.523681640625,103.94134521484375,0.6995622515678406,-1,-1,-1
673,703,3327.89892578125,598.9385986328125,21.072021484375,54.84527587890625,0.39504507184028625,-1,-1,-1
673,578,3621.956298828125,592.3917236328125,25.0498046875,60.311279296875,0.49739426374435425,-1,-1,-1
673,712,4047.36376953125,525.4530639648438,20.221435546875,32.62109375,0.394749253988266,-1,-1,-1
673,720,3654.1376953125,589.6091918945312,22.491455078125,56.02587890625,0.3066811263561249,-1,-1,-1
673,722,3289.005615234375,559.6765747070312,20.3642578125,39.974609375,0.30996590852737427,-1,-1,-1
673,639,2693.224609375,576.057861328125,24.267578125,51.75262451171875,0.29247647523880005,-1,-1,-1
674,1,2982.60107421875,758.1954345703125,39.372314453125,98.5853271484375,0.7646462917327881,-1,-1,-1
674,3,3774.04052734375,812.1815185546875,46.747314453125,103.31378173828125,0.7686302661895752,-1,-1,-1
674,703,3327.4287109375,599.6666870117188,20.819580078125,54.431640625,0.32595759630203247,-1,-1,-1
674,578,3621.86474609375,592.4074096679688,25.26123046875,60.5616455078125,0.5041131377220154,-1,-1,-1
674,712,4047.358642578125,525.1788330078125,19.8935546875,32.74725341796875,0.39813825488090515,-1,-1,-1
674,720,3653.791748046875,589.6251831054688,22.593994140625,56.6724853515625,0.32517558336257935,-1,-1,-1
674,722,3288.767578125,559.0314331054688,19.775390625,40.3797607421875,0.33124977350234985,-1,-1,-1
674,639,2692.93359375,576.6871948242188,23.8203125,52.24383544921875,0.3053759038448334,-1,-1,-1
675,1,2982.7646484375,758.3446655273438,38.908203125,98.19342041015625,0.7166415452957153,-1,-1,-1
675,3,3774.155517578125,812.2492065429688,45.84814453125,103.38116455078125,0.7791733741760254,-1,-1,-1
675,703,3325.88232421875,600.8831787109375,20.626953125,52.258544921875,0.2690955698490143,-1,-1,-1
675,578,3621.497802734375,592.6085815429688,25.75,59.90899658203125,0.46775272488594055,-1,-1,-1
675,712,4047.323486328125,525.1570434570312,19.672119140625,32.5489501953125,0.4045727849006653,-1,-1,-1
675,720,3652.736572265625,590.2164916992188,23.66015625,56.58831787109375,0.3261469304561615,-1,-1,-1
675,722,3288.417236328125,559.1483764648438,18.98193359375,40.77154541015625,0.3664316236972809,-1,-1,-1
675,639,2692.50048828125,577.2734375,23.491943359375,54.00152587890625,0.42045632004737854,-1,-1,-1
676,1,2982.843505859375,758.6429443359375,38.834716796875,98.7593994140625,0.7100316882133484,-1,-1,-1
676,3,3774.00830078125,812.4994506835938,45.443359375,103.184814453125,0.7646546363830566,-1,-1,-1
676,703,3325.486572265625,602.2137451171875,20.13427734375,50.25360107421875,0.2969415783882141,-1,-1,-1
676,578,3621.13671875,592.93310546875,26.02294921875,59.40118408203125,0.4528779685497284,-1,-1,-1
676,712,4047.30810546875,525.1396484375,19.59326171875,32.5059814453125,0.40451526641845703,-1,-1,-1
676,720,3652.41015625,590.5127563476562,24.081298828125,56.6292724609375,0.3248804807662964,-1,-1,-1
676,722,3288.091552734375,558.9208984375,17.921142578125,41.37176513671875,0.36009231209754944,-1,-1,-1
676,639,2692.098388671875,577.8820190429688,22.616455078125,54.6490478515625,0.4976971745491028,-1,-1,-1
677,1,2983.129150390625,758.9583740234375,38.644287109375,99.40142822265625,0.7061494588851929,-1,-1,-1
677,3,3774.08154296875,812.1187744140625,45.7158203125,103.6142578125,0.7270402908325195,-1,-1,-1
677,703,3324.7626953125,602.3429565429688,19.64453125,50.1920166015625,0.37831252813339233,-1,-1,-1
677,578,3620.96142578125,593.20654296875,26.121826171875,59.09381103515625,0.45699721574783325,-1,-1,-1
677,712,4047.2666015625,525.0068969726562,19.669677734375,32.8568115234375,0.40679502487182617,-1,-1,-1
677,720,3652.040283203125,590.906005859375,24.619140625,56.31292724609375,0.3272002637386322,-1,-1,-1
677,722,3287.87890625,558.740478515625,18.3955078125,42.1890869140625,0.37542086839675903,-1,-1,-1
677,639,2691.383544921875,578.4681396484375,21.7939453125,54.30548095703125,0.5564644932746887,-1,-1,-1
678,1,2983.177001953125,758.9494018554688,38.877685546875,100.89495849609375,0.7022119164466858,-1,-1,-1
678,3,3773.314453125,811.0807495117188,46.966552734375,104.47259521484375,0.5900340676307678,-1,-1,-1
678,703,3323.339111328125,602.5886840820312,20.056884765625,49.53424072265625,0.4099019169807434,-1,-1,-1
678,578,3621.008544921875,593.46240234375,26.03564453125,57.89373779296875,0.4455520510673523,-1,-1,-1
678,712,4047.24462890625,524.9959106445312,19.7255859375,32.747314453125,0.40768498182296753,-1,-1,-1
678,720,3651.54443359375,591.716552734375,25.06689453125,55.45306396484375,0.3076091408729553,-1,-1,-1
678,722,3287.490234375,558.926025390625,18.142822265625,41.97869873046875,0.36738014221191406,-1,-1,-1
678,639,2691.185302734375,577.4373168945312,21.09130859375,55.8359375,0.5771675705909729,-1,-1,-1
679,1,2983.15966796875,759.0682373046875,39.25830078125,101.99737548828125,0.7146234512329102,-1,-1,-1
679,3,3772.873046875,811.6713256835938,47.403564453125,103.86346435546875,0.5554925799369812,-1,-1,-1
679,703,3321.232177734375,602.5365600585938,21.091064453125,50.318603515625,0.48451998829841614,-1,-1,-1
679,578,3621.384765625,593.7691650390625,25.70263671875,56.11151123046875,0.4541587829589844,-1,-1,-1
679,712,4047.251953125,524.9642333984375,19.765625,32.80316162109375,0.4078230559825897,-1,-1,-1
679,720,3652.265869140625,591.7630004882812,24.3330078125,55.19091796875,0.31240278482437134,-1,-1,-1
679,722,3287.2734375,559.4947509765625,18.370849609375,41.03546142578125,0.3475562632083893,-1,-1,-1
679,639,2690.656982421875,577.2722778320312,19.375732421875,55.328857421875,0.6014127135276794,-1,-1,-1
680,1,2982.99169921875,760.0026245117188,39.51123046875,103.5272216796875,0.7334921956062317,-1,-1,-1
680,3,3773.05908203125,811.0934448242188,46.3828125,104.55767822265625,0.6156618595123291,-1,-1,-1
680,703,3319.619873046875,603.1592407226562,21.221435546875,50.75714111328125,0.5184258222579956,-1,-1,-1
680,578,3621.70166015625,593.8984985351562,25.25390625,54.67901611328125,0.46342796087265015,-1,-1,-1
680,712,4047.236328125,524.908935546875,19.779052734375,32.938720703125,0.4119286835193634,-1,-1,-1
680,720,3653.29833984375,591.6869506835938,23.2734375,54.88330078125,0.2975377142429352,-1,-1,-1
680,722,3286.8466796875,560.5823974609375,17.837158203125,38.99761962890625,0.33999261260032654,-1,-1,-1
680,639,2689.497314453125,577.046630859375,19.15869140625,55.39520263671875,0.6050547361373901,-1,-1,-1
681,1,2982.984619140625,761.4242553710938,39.3408203125,102.76708984375,0.7226084470748901,-1,-1,-1
681,3,3773.8505859375,809.7830200195312,45.446044921875,106.071533203125,0.6105985641479492,-1,-1,-1
681,703,3318.256591796875,603.7012939453125,21.799560546875,50.67083740234375,0.5189787745475769,-1,-1,-1
681,578,3621.845458984375,594.3195190429688,24.696044921875,52.478515625,0.4227728545665741,-1,-1,-1
681,712,4047.242919921875,524.8995361328125,19.736572265625,33.249755859375,0.4127330780029297,-1,-1,-1
681,722,3286.437744140625,560.8436889648438,17.776611328125,38.706298828125,0.34072956442832947,-1,-1,-1
681,639,2687.73046875,576.3007202148438,20.599853515625,56.62542724609375,0.6013540625572205,-1,-1,-1
681,731,3639.7333984375,521.9854736328125,21.35107421875,35.6632080078125,0.33131998777389526,-1,-1,-1
682,1,2982.697265625,762.9920654296875,39.833740234375,101.57025146484375,0.7354593276977539,-1,-1,-1
682,3,3772.08984375,809.5242919921875,48.54052734375,106.4345703125,0.6668333411216736,-1,-1,-1
682,703,3316.521240234375,604.8617553710938,22.186767578125,49.90771484375,0.4630489647388458,-1,-1,-1
682,578,3621.843994140625,593.8211059570312,24.3740234375,52.6146240234375,0.3984453082084656,-1,-1,-1
682,712,4047.27294921875,524.8755493164062,19.7509765625,33.204833984375,0.4112139344215393,-1,-1,-1
682,722,3285.50927734375,560.5574340820312,18.306884765625,39.07171630859375,0.2576853632926941,-1,-1,-1
682,639,2687.076904296875,576.58056640625,20.863037109375,55.34869384765625,0.5771859288215637,-1,-1,-1
682,731,3639.937744140625,522.8394775390625,20.97998046875,35.87457275390625,0.31794288754463196,-1,-1,-1
683,1,2983.20263671875,764.0322875976562,39.221435546875,100.71502685546875,0.7162975668907166,-1,-1,-1
683,3,3770.711181640625,808.98388671875,49.03173828125,107.044189453125,0.605213463306427,-1,-1,-1
683,703,3315.0458984375,605.390869140625,23.2216796875,46.93450927734375,0.42101219296455383,-1,-1,-1
683,578,3622.015380859375,592.5703125,24.17431640625,54.41363525390625,0.45292946696281433,-1,-1,-1
683,712,4047.293701171875,525.0167846679688,19.6962890625,32.94879150390625,0.4084934890270233,-1,-1,-1
683,722,3285.4189453125,560.8998413085938,18.446044921875,39.3427734375,0.30495649576187134,-1,-1,-1
683,639,2686.119384765625,578.1380615234375,21.518310546875,54.2435302734375,0.5708534717559814,-1,-1,-1
683,731,3639.860107421875,522.8782348632812,20.982421875,35.65802001953125,0.32166972756385803,-1,-1,-1
684,1,2982.8984375,764.982421875,39.10986328125,100.80657958984375,0.7267513871192932,-1,-1,-1
684,3,3770.314208984375,808.3223876953125,42.3603515625,106.53875732421875,0.6191484928131104,-1,-1,-1
684,703,3313.02685546875,604.5531005859375,24.097412109375,49.3492431640625,0.5043594837188721,-1,-1,-1
684,578,3622.170654296875,591.6981201171875,24.172607421875,56.7451171875,0.5021402835845947,-1,-1,-1
684,712,4047.2978515625,525.0853271484375,19.7412109375,32.90106201171875,0.40337198972702026,-1,-1,-1
684,722,3283.87646484375,561.4088134765625,19.53564453125,39.47930908203125,0.3051368296146393,-1,-1,-1
684,639,2685.596435546875,578.662109375,21.680419921875,53.98358154296875,0.5690791606903076,-1,-1,-1
684,731,3639.376953125,522.7236938476562,21.188720703125,35.70843505859375,0.3286305069923401,-1,-1,-1
685,1,2983.02880859375,765.55615234375,38.83642578125,100.872314453125,0.7161939740180969,-1,-1,-1
685,3,3770.91455078125,806.9075317382812,35.43994140625,107.368896484375,0.49201270937919617,-1,-1,-1
685,703,3312.262939453125,604.4279174804688,23.426025390625,50.0379638671875,0.45479655265808105,-1,-1,-1
685,578,3622.004638671875,592.6214599609375,24.281494140625,55.803466796875,0.510076105594635,-1,-1,-1
685,712,4047.323974609375,525.506103515625,19.610595703125,32.509765625,0.3904658854007721,-1,-1,-1
685,722,3282.96435546875,562.5520629882812,19.827392578125,38.12420654296875,0.3158486783504486,-1,-1,-1
685,639,2685.036865234375,579.8246459960938,21.827880859375,53.62640380859375,0.553583562374115,-1,-1,-1
685,731,3639.061767578125,522.8992919921875,20.775390625,34.99334716796875,0.3203202784061432,-1,-1,-1
685,720,3656.324462890625,590.5946655273438,21.100830078125,57.18438720703125,0.26923027634620667,-1,-1,-1
686,1,2983.474853515625,765.9033813476562,38.450927734375,100.6798095703125,0.7534489035606384,-1,-1,-1
686,3,3769.114501953125,806.8504638671875,35.24462890625,106.88623046875,0.6497698426246643,-1,-1,-1
686,703,3311.734375,604.3319091796875,22.77197265625,50.0819091796875,0.42349973320961,-1,-1,-1
686,578,3621.894287109375,592.019775390625,24.469482421875,56.8812255859375,0.533022940158844,-1,-1,-1
686,712,4047.3017578125,525.5145874023438,19.73876953125,32.235595703125,0.38842952251434326,-1,-1,-1
686,722,3281.8876953125,563.2810668945312,20.833251953125,37.29296875,0.31621673703193665,-1,-1,-1
686,639,2683.63037109375,579.4265747070312,22.9072265625,54.01470947265625,0.5462377667427063,-1,-1,-1
686,731,3638.516357421875,522.9158935546875,19.981201171875,33.859130859375,0.32269731163978577,-1,-1,-1
686,720,3655.68994140625,590.4742431640625,21.423095703125,57.50054931640625,0.30556029081344604,-1,-1,-1
687,1,2984.046142578125,766.6234741210938,37.759033203125,100.15203857421875,0.7460612058639526,-1,-1,-1
687,3,3767.740234375,808.0543823242188,34.613037109375,105.26104736328125,0.6581571698188782,-1,-1,-1
687,703,3311.176513671875,604.1503295898438,22.8056640625,50.53326416015625,0.3496517837047577,-1,-1,-1
687,578,3622.125732421875,591.7195434570312,24.546630859375,57.60028076171875,0.5438975691795349,-1,-1,-1
687,712,4047.313232421875,525.7174682617188,19.977783203125,31.93475341796875,0.362301766872406,-1,-1,-1
687,722,3280.976318359375,563.465087890625,20.4697265625,37.14703369140625,0.31581777334213257,-1,-1,-1
687,639,2682.95068359375,580.5865478515625,22.6142578125,52.776611328125,0.532210648059845,-1,-1,-1
687,731,3637.869140625,523.99609375,19.000244140625,31.83349609375,0.26444536447525024,-1,-1,-1
687,720,3655.425537109375,591.3865966796875,21.206298828125,56.525146484375,0.29769977927207947,-1,-1,-1
688,1,2984.261474609375,767.2044067382812,37.775634765625,99.76611328125,0.7491531372070312,-1,-1,-1
688,3,3764.8623046875,808.7084350585938,36.425537109375,104.72247314453125,0.608232855796814,-1,-1,-1
688,703,3309.451904296875,603.841064453125,22.19970703125,51.4822998046875,0.3835812211036682,-1,-1,-1
688,578,3622.200927734375,591.3109130859375,24.7900390625,58.38665771484375,0.5299611687660217,-1,-1,-1
688,712,4047.33154296875,525.988037109375,20.415771484375,31.777587890625,0.34535136818885803,-1,-1,-1
688,722,3280.63916015625,563.80810546875,18.527099609375,38.21697998046875,0.31981250643730164,-1,-1,-1
688,639,2681.905517578125,581.3532104492188,22.46044921875,51.99945068359375,0.5166431069374084,-1,-1,-1
688,731,3637.662109375,524.4671630859375,18.8134765625,31.312744140625,0.25989681482315063,-1,-1,-1
688,720,3654.107666015625,592.3026123046875,21.601318359375,55.4444580078125,0.2901107966899872,-1,-1,-1
689,1,2984.62353515625,767.473388671875,37.440673828125,99.10235595703125,0.7174655199050903,-1,-1,-1
689,3,3763.90380859375,808.166015625,35.2109375,104.60009765625,0.6143690347671509,-1,-1,-1
689,703,3307.793701171875,602.1185913085938,22.294921875,50.911865234375,0.3458947539329529,-1,-1,-1
689,578,3622.312255859375,591.2119140625,24.8583984375,58.25323486328125,0.520663857460022,-1,-1,-1
689,712,4047.35205078125,526.5884399414062,20.875244140625,31.5859375,0.34362825751304626,-1,-1,-1
689,722,3280.013671875,563.4976806640625,17.94970703125,38.72607421875,0.3659568428993225,-1,-1,-1
689,639,2679.921630859375,582.8580322265625,22.960205078125,52.37628173828125,0.4974140226840973,-1,-1,-1
689,731,3636.943603515625,523.7595825195312,18.647216796875,31.04339599609375,0.2677258849143982,-1,-1,-1
690,1,2985.504150390625,767.5996704101562,36.7060546875,98.6868896484375,0.6810359954833984,-1,-1,-1
690,3,3762.2021484375,807.5927734375,33.661865234375,105.0592041015625,0.45012977719306946,-1,-1,-1
690,703,3307.052734375,602.1033935546875,20.74755859375,50.62811279296875,0.3026629388332367,-1,-1,-1
690,578,3622.466552734375,591.338623046875,24.71630859375,58.3297119140625,0.5246654748916626,-1,-1,-1
690,712,4047.36767578125,526.7779541015625,21.258056640625,31.3701171875,0.3287633955478668,-1,-1,-1
690,722,3279.137939453125,563.74365234375,18.852783203125,38.17205810546875,0.30631181597709656,-1,-1,-1
690,639,2678.952392578125,583.2977294921875,22.813232421875,52.18603515625,0.45803892612457275,-1,-1,-1
691,1,2985.364501953125,768.229248046875,37.3427734375,98.1180419921875,0.641599714756012,-1,-1,-1
691,3,3759.38232421875,807.1962890625,33.1611328125,103.83673095703125,0.5031353831291199,-1,-1,-1
691,578,3622.70068359375,590.9368896484375,24.638671875,59.93572998046875,0.5280482172966003,-1,-1,-1
691,712,4047.370849609375,526.7469482421875,21.49560546875,31.59991455078125,0.34563344717025757,-1,-1,-1
691,722,3278.97900390625,564.653076171875,17.974853515625,37.62371826171875,0.3106399476528168,-1,-1,-1
691,639,2676.180908203125,584.216552734375,24.97705078125,51.61419677734375,0.4039022624492645,-1,-1,-1
692,1,2985.918701171875,768.8397827148438,37.699951171875,97.94287109375,0.6331851482391357,-1,-1,-1
692,3,3758.481201171875,806.9174194335938,32.219482421875,103.24810791015625,0.42273107171058655,-1,-1,-1
692,578,3622.933349609375,590.5714111328125,25.16064453125,61.302734375,0.5150372982025146,-1,-1,-1
692,712,4047.3544921875,526.638916015625,21.68994140625,31.9388427734375,0.3637588918209076,-1,-1,-1
692,722,3278.382080078125,565.0319213867188,17.65185546875,36.80718994140625,0.34047576785087585,-1,-1,-1
692,639,2674.189208984375,584.3663330078125,26.489501953125,51.29534912109375,0.373020738363266,-1,-1,-1
692,731,3634.753662109375,524.1044921875,19.324951171875,30.10125732421875,0.2581229507923126,-1,-1,-1
693,1,2986.21923828125,768.444091796875,37.9541015625,97.99462890625,0.6541252732276917,-1,-1,-1
693,3,3756.810546875,807.514892578125,33.049072265625,105.34124755859375,0.5509868860244751,-1,-1,-1
693,578,3622.986083984375,590.9844360351562,25.8681640625,61.515625,0.5036775469779968,-1,-1,-1
693,712,4047.326416015625,526.4067993164062,21.8056640625,32.41015625,0.36685019731521606,-1,-1,-1
693,722,3277.404052734375,564.3943481445312,17.77783203125,37.90374755859375,0.3845255672931671,-1,-1,-1
693,639,2672.465087890625,584.2251586914062,27.661865234375,51.43597412109375,0.388902872800827,-1,-1,-1
693,703,3303.005859375,604.0667724609375,22.32275390625,52.6861572265625,0.28429991006851196,-1,-1,-1
694,1,2987.634521484375,769.8438110351562,36.9326171875,96.93194580078125,0.6661785244941711,-1,-1,-1
694,3,3754.76318359375,806.3961791992188,33.322509765625,107.789306640625,0.5516489744186401,-1,-1,-1
694,578,3622.936279296875,590.5479125976562,26.853515625,62.29425048828125,0.5049678683280945,-1,-1,-1
694,712,4047.33984375,526.3577880859375,21.8662109375,32.2586669921875,0.3564513623714447,-1,-1,-1
694,722,3276.727783203125,564.2577514648438,17.885498046875,39.27264404296875,0.33819496631622314,-1,-1,-1
694,639,2671.30126953125,583.5532836914062,27.57470703125,52.65313720703125,0.398984432220459,-1,-1,-1
694,703,3302.431396484375,605.8975830078125,22.601318359375,53.5662841796875,0.2973930239677429,-1,-1,-1
695,1,2990.0634765625,771.025634765625,35.636474609375,96.97113037109375,0.681839644908905,-1,-1,-1
695,3,3752.390380859375,806.5885620117188,34.3974609375,107.46942138671875,0.6070827841758728,-1,-1,-1
695,578,3622.798828125,590.0205688476562,26.654296875,61.993408203125,0.493399053812027,-1,-1,-1
695,712,4047.31298828125,526.449462890625,22.16015625,32.05194091796875,0.35862740874290466,-1,-1,-1
695,722,3275.54150390625,564.4494018554688,18.857177734375,39.40423583984375,0.32846736907958984,-1,-1,-1
695,639,2669.927734375,583.034912109375,28.336669921875,52.97906494140625,0.3390200138092041,-1,-1,-1
695,703,3301.395263671875,606.6079711914062,21.15673828125,52.0142822265625,0.2720312774181366,-1,-1,-1
696,1,2990.984130859375,770.6563110351562,37.297119140625,99.06787109375,0.7334515452384949,-1,-1,-1
696,3,3749.16943359375,806.79833984375,36.662353515625,107.40283203125,0.5616560578346252,-1,-1,-1
696,578,3622.697998046875,589.79443359375,26.498779296875,62.020263671875,0.498806357383728,-1,-1,-1
696,712,4047.322021484375,526.8809814453125,22.618896484375,31.53326416015625,0.3329477310180664,-1,-1,-1
696,722,3275.057373046875,564.2434692382812,19.673828125,40.5543212890625,0.2800047695636749,-1,-1,-1
696,639,2668.77734375,580.8851318359375,26.539794921875,57.97650146484375,0.4106523096561432,-1,-1,-1
696,703,3299.62158203125,606.8573608398438,21.47607421875,53.20220947265625,0.27766162157058716,-1,-1,-1
696,720,3649.62353515625,597.8902587890625,24.171142578125,53.20489501953125,0.27610933780670166,-1,-1,-1
697,1,2991.653076171875,772.192138671875,39.00341796875,98.19561767578125,0.7350072264671326,-1,-1,-1
697,3,3745.558837890625,804.3008422851562,39.860107421875,109.68853759765625,0.5711575150489807,-1,-1,-1
697,578,3622.07373046875,589.5927124023438,27.157470703125,62.1710205078125,0.48449429869651794,-1,-1,-1
697,712,4047.329833984375,527.0617065429688,22.643798828125,31.44781494140625,0.3432903587818146,-1,-1,-1
697,722,3274.96875,563.947509765625,19.25634765625,40.35003662109375,0.3046927750110626,-1,-1,-1
697,639,2667.8427734375,579.8257446289062,25.618896484375,60.30853271484375,0.40652185678482056,-1,-1,-1
697,703,3297.161376953125,607.43017578125,23.53125,52.747314453125,0.2685488760471344,-1,-1,-1
698,1,2992.74365234375,772.6326293945312,39.810302734375,98.23486328125,0.7257189154624939,-1,-1,-1
698,3,3744.083984375,804.7128295898438,39.287353515625,109.041015625,0.5710577964782715,-1,-1,-1
698,578,3621.63232421875,589.6454467773438,27.26953125,61.073974609375,0.4520459771156311,-1,-1,-1
698,712,4047.30810546875,526.925537109375,22.76611328125,31.36737060546875,0.338077574968338,-1,-1,-1
698,722,3274.223388671875,564.7634887695312,19.825927734375,39.89556884765625,0.31244704127311707,-1,-1,-1
698,639,2666.773193359375,579.2853393554688,24.271240234375,61.47088623046875,0.4441852867603302,-1,-1,-1
698,703,3296.57861328125,607.989501953125,23.706787109375,51.910888671875,0.30646127462387085,-1,-1,-1
699,1,2993.274169921875,772.6680908203125,40.879638671875,98.027587890625,0.729677140712738,-1,-1,-1
699,3,3741.7568359375,805.0870971679688,40.06982421875,108.19049072265625,0.5625583529472351,-1,-1,-1
699,578,3621.2607421875,588.7391357421875,27.156005859375,61.56689453125,0.4036121964454651,-1,-1,-1
699,712,4047.21630859375,527.7164306640625,22.74267578125,30.41717529296875,0.3383914530277252,-1,-1,-1
699,722,3273.011474609375,565.60107421875,20.950439453125,38.5670166015625,0.31357893347740173,-1,-1,-1
699,639,2665.26513671875,579.7730712890625,24.100830078125,61.47674560546875,0.4880291521549225,-1,-1,-1
699,703,3296.161865234375,608.1051025390625,23.623046875,52.03875732421875,0.36198553442955017,-1,-1,-1
699,746,3068.692138671875,510.66839599609375,11.89306640625,31.97430419921875,0.37777143716812134,-1,-1,-1
699,720,3649.374755859375,598.58203125,24.281982421875,52.60516357421875,0.28520023822784424,-1,-1,-1
700,1,2994.43310546875,772.4105834960938,40.37451171875,98.49176025390625,0.7572097778320312,-1,-1,-1
700,3,3737.823974609375,806.9202880859375,42.052978515625,106.522216796875,0.5512917041778564,-1,-1,-1
700,578,3621.0478515625,588.63037109375,27.18017578125,60.79815673828125,0.41215842962265015,-1,-1,-1
700,712,4047.183349609375,527.8848266601562,22.80908203125,30.1170654296875,0.33870795369148254,-1,-1,-1
700,722,3272.014404296875,566.412353515625,22.51220703125,37.8983154296875,0.31553903222084045,-1,-1,-1
700,639,2663.50732421875,580.2702026367188,24.503173828125,60.753173828125,0.44177931547164917,-1,-1,-1
700,703,3295.3134765625,608.004150390625,23.902587890625,52.11724853515625,0.3092028498649597,-1,-1,-1
700,746,3067.075927734375,510.4521179199219,13.14697265625,33.414703369140625,0.4322105944156647,-1,-1,-1
700,720,3649.301025390625,599.5150756835938,24.513671875,52.22515869140625,0.2977718710899353,-1,-1,-1
701,1,2995.8212890625,772.0326538085938,40.279541015625,99.03167724609375,0.7802464962005615,-1,-1,-1
701,3,3735.7646484375,808.0669555664062,43.2158203125,105.17095947265625,0.5401946306228638,-1,-1,-1
701,578,3620.30078125,588.6957397460938,26.26416015625,58.98773193359375,0.34622710943222046,-1,-1,-1
701,712,4047.168212890625,528.0947265625,22.796875,29.7833251953125,0.32880014181137085,-1,-1,-1
701,722,3270.954833984375,565.7535400390625,20.759765625,38.1934814453125,0.33194854855537415,-1,-1,-1
701,639,2663.45263671875,582.6099243164062,23.92578125,57.61151123046875,0.6056755781173706,-1,-1,-1
701,703,3295.028076171875,607.9508056640625,23.961181640625,52.7408447265625,0.34833475947380066,-1,-1,-1
701,746,3065.412353515625,510.3619384765625,14.200439453125,33.62774658203125,0.4300871789455414,-1,-1,-1
701,720,3649.954833984375,599.3262939453125,24.047607421875,52.50140380859375,0.33189812302589417,-1,-1,-1
701,751,3124.1640625,510.05828857421875,25.014892578125,61.7144775390625,0.3439558446407318,-1,-1,-1
702,1,2996.65234375,771.7304077148438,41.33349609375,99.224609375,0.7905762791633606,-1,-1,-1
702,3,3733.879150390625,808.2832641601562,44.081298828125,105.14794921875,0.562102735042572,-1,-1,-1
702,578,3619.841064453125,588.2528686523438,25.99658203125,58.278076171875,0.34089037775993347,-1,-1,-1
702,712,4047.218505859375,528.2974853515625,22.840087890625,29.633544921875,0.3202262222766876,-1,-1,-1
702,722,3270.342529296875,565.5857543945312,20.908935546875,39.64251708984375,0.3484874665737152,-1,-1,-1
702,639,2662.711181640625,583.522216796875,23.75634765625,57.578369140625,0.6522198915481567,-1,-1,-1
702,746,3064.523681640625,511.0342102050781,14.62841796875,33.329376220703125,0.42502889037132263,-1,-1,-1
702,720,3650.47998046875,600.519287109375,23.498779296875,50.324462890625,0.2830420136451721,-1,-1,-1
702,751,3123.818603515625,509.74334716796875,25.385986328125,62.43780517578125,0.3732203543186188,-1,-1,-1
703,1,2997.65966796875,771.7496948242188,41.982177734375,99.66162109375,0.7833807468414307,-1,-1,-1
703,3,3733.171630859375,808.1900634765625,43.866943359375,105.30328369140625,0.5917894840240479,-1,-1,-1
703,578,3619.4384765625,588.0520629882812,26.02685546875,57.9693603515625,0.33352386951446533,-1,-1,-1
703,712,4047.230224609375,528.05419921875,22.72021484375,29.45159912109375,0.34309515357017517,-1,-1,-1
703,722,3269.554443359375,565.297119140625,21.0791015625,39.99212646484375,0.3399277627468109,-1,-1,-1
703,639,2660.931884765625,583.4067993164062,25.150634765625,57.92840576171875,0.6288970708847046,-1,-1,-1
703,746,3063.178466796875,511.1237487792969,15.440185546875,33.842315673828125,0.4384564161300659,-1,-1,-1
703,720,3650.87353515625,602.479248046875,23.078857421875,49.09991455078125,0.2622237503528595,-1,-1,-1
703,751,3123.011962890625,511.2992248535156,25.278564453125,57.494720458984375,0.32866743206977844,-1,-1,-1
704,1,2999.626953125,772.2352905273438,40.934814453125,99.4261474609375,0.7933570146560669,-1,-1,-1
704,3,3732.361328125,808.8068237304688,43.338134765625,104.8526611328125,0.5855686068534851,-1,-1,-1
704,578,3619.043701171875,587.744873046875,25.930419921875,53.3106689453125,0.3093035817146301,-1,-1,-1
704,712,4047.231689453125,527.7949829101562,22.652587890625,29.5455322265625,0.3341119587421417,-1,-1,-1
704,722,3268.1201171875,565.0200805664062,20.27490234375,38.4688720703125,0.30961722135543823,-1,-1,-1
704,639,2658.920166015625,583.64208984375,26.06494140625,57.40118408203125,0.6026575565338135,-1,-1,-1
704,746,3061.671630859375,511.5535583496094,16.33203125,33.508331298828125,0.3931182026863098,-1,-1,-1
704,751,3121.72021484375,512.8768310546875,27.142822265625,56.834228515625,0.3109605610370636,-1,-1,-1
705,1,3001.2734375,772.28564453125,40.02392578125,99.79718017578125,0.8187516927719116,-1,-1,-1
705,3,3731.052978515625,807.3743896484375,42.5244140625,105.0958251953125,0.6086702942848206,-1,-1,-1
705,578,3618.930419921875,587.1798095703125,26.067138671875,54.4588623046875,0.3132897913455963,-1,-1,-1
705,712,4047.18896484375,527.5916137695312,22.6611328125,29.82440185546875,0.3476245701313019,-1,-1,-1
705,722,3267.109619140625,564.470703125,20.51123046875,40.2403564453125,0.30628645420074463,-1,-1,-1
705,639,2657.6767578125,583.7693481445312,27.367919921875,56.24859619140625,0.6113547682762146,-1,-1,-1
705,746,3060.78662109375,511.7183837890625,16.8837890625,33.08929443359375,0.4125981032848358,-1,-1,-1
705,751,3120.672119140625,510.85430908203125,29.348876953125,61.0526123046875,0.274649053812027,-1,-1,-1
705,703,3288.410400390625,608.1604614257812,25.3779296875,53.05645751953125,0.2649723291397095,-1,-1,-1
706,1,3002.75830078125,772.0558471679688,39.30517578125,100.83404541015625,0.8114048838615417,-1,-1,-1
706,3,3728.12744140625,806.6251831054688,41.98583984375,105.537353515625,0.5927398204803467,-1,-1,-1
706,578,3619.07177734375,586.4893188476562,26.135009765625,54.82733154296875,0.32104867696762085,-1,-1,-1
706,712,4047.152099609375,527.5249633789062,22.6142578125,30.29327392578125,0.3474690020084381,-1,-1,-1
706,722,3265.787841796875,564.730712890625,20.468017578125,39.89764404296875,0.30224835872650146,-1,-1,-1
706,639,2656.90234375,583.8912963867188,27.175537109375,56.6600341796875,0.6195237636566162,-1,-1,-1
706,746,3060.22412109375,511.72705078125,16.723876953125,31.699951171875,0.41592827439308167,-1,-1,-1
706,751,3118.75830078125,511.0923767089844,29.409912109375,63.064727783203125,0.44028133153915405,-1,-1,-1
706,703,3287.732421875,608.4607543945312,25.71728515625,52.771484375,0.3078846037387848,-1,-1,-1
707,1,3004.335693359375,772.4480590820312,38.576171875,101.164794921875,0.8075827956199646,-1,-1,-1
707,3,3726.083984375,806.652587890625,40.783203125,105.79693603515625,0.6883324980735779,-1,-1,-1
707,578,3619.264892578125,586.10205078125,25.921142578125,55.1458740234375,0.35777974128723145,-1,-1,-1
707,712,4047.141357421875,527.356201171875,22.5244140625,30.59375,0.3551780581474304,-1,-1,-1
707,722,3264.687255859375,564.9685668945312,20.76806640625,38.50958251953125,0.2779707610607147,-1,-1,-1
707,639,2655.48193359375,584.2145385742188,28.030517578125,56.33074951171875,0.5975606441497803,-1,-1,-1
707,746,3057.66015625,512.2794799804688,17.662109375,29.45343017578125,0.36114755272865295,-1,-1,-1
707,751,3117.434326171875,511.73089599609375,29.6162109375,63.6768798828125,0.4081265330314636,-1,-1,-1
707,703,3287.544189453125,608.3899536132812,25.578125,54.443603515625,0.40454602241516113,-1,-1,-1
708,1,3005.981201171875,772.8822631835938,37.582763671875,101.67364501953125,0.7912909388542175,-1,-1,-1
708,3,3724.660888671875,805.871826171875,39.74609375,106.15777587890625,0.666594922542572,-1,-1,-1
708,578,3618.74755859375,585.5770263671875,26.0908203125,54.84765625,0.3428744375705719,-1,-1,-1
708,712,4047.118896484375,527.2994995117188,22.50927734375,30.690185546875,0.35662344098091125,-1,-1,-1
708,722,3263.749755859375,565.5189819335938,21.600341796875,37.7425537109375,0.2979642450809479,-1,-1,-1
708,639,2653.913818359375,584.5503540039062,28.82421875,56.15679931640625,0.643305242061615,-1,-1,-1
708,746,3058.471435546875,511.79193115234375,17.31103515625,31.191162109375,0.3447416424751282,-1,-1,-1
708,751,3117.625732421875,512.1648559570312,27.837646484375,63.93621826171875,0.3867560923099518,-1,-1,-1
708,703,3287.496337890625,608.6464233398438,25.26806640625,54.2725830078125,0.37946102023124695,-1,-1,-1
709,1,3007.666259765625,773.2339477539062,37.96435546875,102.01824951171875,0.7592725157737732,-1,-1,-1
709,3,3723.328125,806.4090576171875,38.23779296875,104.1810302734375,0.585595428943634,-1,-1,-1
709,578,3618.12939453125,585.7485961914062,26.6494140625,54.70556640625,0.2883494794368744,-1,-1,-1
709,712,4047.117919921875,527.5029296875,22.63134765625,30.578125,0.3563254773616791,-1,-1,-1
709,722,3263.66357421875,567.0929565429688,23.628173828125,36.18896484375,0.28794944286346436,-1,-1,-1
709,639,2652.82763671875,584.5735473632812,28.35546875,55.98468017578125,0.6183965802192688,-1,-1,-1
709,746,3056.825927734375,512.1161499023438,16.8603515625,30.40576171875,0.29578354954719543,-1,-1,-1
709,751,3116.720458984375,513.923828125,27.333984375,63.6494140625,0.3499147891998291,-1,-1,-1
709,703,3286.81787109375,608.9559326171875,25.267822265625,54.58648681640625,0.4520653188228607,-1,-1,-1
710,1,3008.42333984375,773.8809204101562,38.181396484375,102.60137939453125,0.686614453792572,-1,-1,-1
710,3,3721.23583984375,806.6165161132812,36.157958984375,103.7723388671875,0.3925437331199646,-1,-1,-1
710,712,4047.03857421875,527.3243408203125,22.657470703125,30.49267578125,0.3489096164703369,-1,-1,-1
710,722,3263.67822265625,567.9508056640625,22.406005859375,35.029541015625,0.2590996325016022,-1,-1,-1
710,639,2652.113525390625,585.36279296875,26.8818359375,54.7840576171875,0.5565744638442993,-1,-1,-1
710,746,3055.957275390625,512.7807006835938,15.7978515625,29.0162353515625,0.29276302456855774,-1,-1,-1
710,751,3116.995361328125,515.034423828125,26.671630859375,62.3045654296875,0.3397666811943054,-1,-1,-1
710,703,3285.61474609375,609.3469848632812,25.70166015625,54.78515625,0.47495436668395996,-1,-1,-1
711,1,3009.041259765625,773.8115234375,39.174560546875,100.4322509765625,0.5973485112190247,-1,-1,-1
711,3,3719.594482421875,807.299072265625,35.683837890625,102.1343994140625,0.3870449960231781,-1,-1,-1
711,712,4047.020263671875,527.3064575195312,22.650390625,30.35943603515625,0.34711793065071106,-1,-1,-1
711,722,3262.142578125,567.1710815429688,21.597900390625,36.7393798828125,0.2637999355792999,-1,-1,-1
711,639,2651.05859375,587.41015625,24.683349609375,52.748046875,0.4712733030319214,-1,-1,-1
711,746,3055.48681640625,511.6426696777344,14.528076171875,30.162139892578125,0.3248816132545471,-1,-1,-1
711,751,3116.962646484375,514.2508544921875,28.44970703125,62.71783447265625,0.31511324644088745,-1,-1,-1
711,703,3285.491943359375,610.21630859375,24.853515625,53.67376708984375,0.44451284408569336,-1,-1,-1
712,1,3009.93017578125,773.6956787109375,40.474609375,100.834228515625,0.6280884742736816,-1,-1,-1
712,3,3716.447265625,807.6585693359375,37.846435546875,101.91278076171875,0.4378878176212311,-1,-1,-1
712,712,4047.0185546875,527.2957763671875,22.73291015625,30.35748291015625,0.3451422452926636,-1,-1,-1
712,722,3261.392578125,567.93994140625,19.95361328125,35.73565673828125,0.3136362135410309,-1,-1,-1
712,639,2649.52978515625,587.9860229492188,23.459716796875,52.4444580078125,0.47082680463790894,-1,-1,-1
712,746,3055.337890625,511.28875732421875,12.8232421875,30.4052734375,0.30493050813674927,-1,-1,-1
712,751,3118.9140625,513.9976196289062,27.79248046875,60.9306640625,0.31330978870391846,-1,-1,-1
712,703,3285.619384765625,610.4883422851562,23.697509765625,53.90997314453125,0.496020644903183,-1,-1,-1
713,1,3011.061767578125,773.5616455078125,41.137451171875,100.43096923828125,0.6431137919425964,-1,-1,-1
713,3,3712.62890625,805.0335083007812,41.16796875,103.10125732421875,0.4226169288158417,-1,-1,-1
713,712,4047.090087890625,526.9404296875,22.526123046875,30.4205322265625,0.35694122314453125,-1,-1,-1
713,722,3261.091064453125,568.5737915039062,18.379638671875,35.8785400390625,0.38551923632621765,-1,-1,-1
713,639,2648.42919921875,587.63916015625,23.0751953125,51.95831298828125,0.4192890226840973,-1,-1,-1
713,746,3054.064208984375,510.6603698730469,13.017333984375,30.710418701171875,0.3744356632232666,-1,-1,-1
713,703,3286.01904296875,610.6949462890625,21.738037109375,54.4820556640625,0.4057970643043518,-1,-1,-1
714,1,3011.840576171875,773.5942993164062,41.491455078125,100.59979248046875,0.6538995504379272,-1,-1,-1
714,3,3711.752197265625,803.375,41.529296875,103.95513916015625,0.4024331569671631,-1,-1,-1
714,712,4047.095947265625,527.0098876953125,22.532470703125,29.9337158203125,0.33690881729125977,-1,-1,-1
714,722,3260.833251953125,568.599365234375,17.097900390625,36.15704345703125,0.35780787467956543,-1,-1,-1
714,639,2646.72900390625,587.0240478515625,23.86865234375,52.4130859375,0.3432365953922272,-1,-1,-1
714,746,3053.650634765625,509.91937255859375,12.9580078125,31.43145751953125,0.39315566420555115,-1,-1,-1
714,703,3285.930908203125,610.9657592773438,20.462646484375,55.59930419921875,0.4767085611820221,-1,-1,-1
715,1,3012.831298828125,774.1373291015625,41.4072265625,100.9000244140625,0.6946171522140503,-1,-1,-1
715,3,3711.998779296875,802.5435180664062,39.5380859375,104.04510498046875,0.3742094337940216,-1,-1,-1
715,712,4047.091064453125,527.0392456054688,22.642578125,29.82147216796875,0.3389926254749298,-1,-1,-1
715,722,3260.4482421875,568.8245239257812,16.673095703125,36.27447509765625,0.35516083240509033,-1,-1,-1
715,639,2643.91259765625,586.4227905273438,26.12158203125,53.03607177734375,0.31950411200523376,-1,-1,-1
715,746,3053.11181640625,509.7901916503906,12.796875,31.957244873046875,0.403684139251709,-1,-1,-1
715,703,3284.962158203125,611.1907348632812,20.15283203125,55.6373291015625,0.5435253977775574,-1,-1,-1
716,1,3015.1572265625,774.6765747070312,39.98779296875,101.495849609375,0.6831386685371399,-1,-1,-1
716,3,3712.01025390625,802.4732666015625,38.42236328125,103.96820068359375,0.4183366894721985,-1,-1,-1
716,712,4047.14453125,526.6903686523438,22.654052734375,30.037353515625,0.33440008759498596,-1,-1,-1
716,722,3260.06201171875,568.85400390625,16.034912109375,35.83319091796875,0.3547057509422302,-1,-1,-1
716,639,2643.8193359375,586.2286987304688,25.864990234375,52.96240234375,0.29177480936050415,-1,-1,-1
716,746,3050.847900390625,510.86602783203125,14.305908203125,32.1527099609375,0.41094890236854553,-1,-1,-1
716,703,3284.9619140625,611.3745727539062,19.458740234375,55.43145751953125,0.5403165817260742,-1,-1,-1
717,1,3016.73291015625,774.9484252929688,39.368896484375,101.39630126953125,0.7155507802963257,-1,-1,-1
717,3,3710.28662109375,802.6802978515625,38.697265625,105.10784912109375,0.395040363073349,-1,-1,-1
717,712,4047.208251953125,526.4313354492188,22.628173828125,30.34246826171875,0.33738452196121216,-1,-1,-1
717,722,3259.728515625,569.0552368164062,16.00537109375,36.4815673828125,0.37472039461135864,-1,-1,-1
717,746,3049.07080078125,511.6175231933594,15.782958984375,32.767242431640625,0.4157787263393402,-1,-1,-1
717,703,3284.86181640625,611.4915161132812,19.504638671875,56.25372314453125,0.550143301486969,-1,-1,-1
718,1,3017.64453125,775.2162475585938,38.347900390625,101.92730712890625,0.7568098306655884,-1,-1,-1
718,3,3706.447998046875,803.116943359375,43.008056640625,106.34722900390625,0.5280926823616028,-1,-1,-1
718,712,4047.21630859375,526.0078125,22.79638671875,30.98236083984375,0.3408223092556,-1,-1,-1
718,722,3258.95654296875,568.671142578125,15.9833984375,36.998046875,0.38299375772476196,-1,-1,-1
718,746,3048.542236328125,510.7872009277344,16.0146484375,32.923736572265625,0.396626740694046,-1,-1,-1
718,703,3284.955322265625,611.2665405273438,18.752197265625,56.799072265625,0.5593014359474182,-1,-1,-1
718,578,3614.23876953125,585.9285278320312,21.744384765625,44.45904541015625,0.3892522156238556,-1,-1,-1
718,639,2639.112060546875,585.5148315429688,27.22216796875,55.48797607421875,0.28028181195259094,-1,-1,-1
719,1,3018.919677734375,775.9133911132812,37.373291015625,100.886474609375,0.733625590801239,-1,-1,-1
719,3,3704.382568359375,803.6030883789062,44.996337890625,106.0267333984375,0.559287428855896,-1,-1,-1
719,712,4047.25390625,525.6065063476562,22.86962890625,31.57293701171875,0.3504926860332489,-1,-1,-1
719,722,3257.2548828125,568.1922607421875,17.022216796875,38.000244140625,0.44237464666366577,-1,-1,-1
719,746,3047.43408203125,510.5417785644531,16.682861328125,33.389434814453125,0.40089571475982666,-1,-1,-1
719,703,3284.813232421875,610.8098754882812,18.10693359375,57.44146728515625,0.5763323903083801,-1,-1,-1
719,578,3613.33544921875,584.1895141601562,20.5654296875,45.8477783203125,0.4326116442680359,-1,-1,-1
719,639,2637.6474609375,585.46923828125,27.898193359375,57.14007568359375,0.33508923649787903,-1,-1,-1
720,1,3020.043701171875,776.1581420898438,36.643798828125,100.232666015625,0.7772267460823059,-1,-1,-1
720,3,3702.137939453125,804.628662109375,46.78564453125,104.70501708984375,0.6282479763031006,-1,-1,-1
720,712,4047.311279296875,525.8551635742188,23.146728515625,31.64654541015625,0.32751044631004333,-1,-1,-1
720,722,3256.413330078125,567.7030029296875,17.588623046875,38.58612060546875,0.4218866229057312,-1,-1,-1
720,746,3046.385498046875,510.1094055175781,17.548828125,32.315887451171875,0.33604490756988525,-1,-1,-1
720,703,3285.07568359375,610.7149047851562,17.27734375,57.5364990234375,0.551101803779602,-1,-1,-1
720,578,3612.995849609375,582.598388671875,19.499267578125,46.942138671875,0.4331305921077728,-1,-1,-1
720,639,2635.275146484375,585.6063842773438,29.6943359375,57.6634521484375,0.3858920633792877,-1,-1,-1
721,1,3021.029541015625,776.113037109375,36.388916015625,100.55596923828125,0.7586852312088013,-1,-1,-1
721,3,3699.52685546875,804.092529296875,47.892578125,104.3017578125,0.6465186476707458,-1,-1,-1
721,712,4047.322509765625,525.77880859375,23.30224609375,32.0765380859375,0.33383357524871826,-1,-1,-1
721,722,3255.6123046875,567.8247680664062,18.121337890625,38.9683837890625,0.4197111427783966,-1,-1,-1
721,746,3045.94189453125,509.11724853515625,17.96728515625,33.02490234375,0.34959346055984497,-1,-1,-1
721,703,3284.801513671875,610.8564453125,17.47119140625,57.00445556640625,0.5719872117042542,-1,-1,-1
721,578,3613.38037109375,582.1883544921875,19.778564453125,47.61639404296875,0.43723395466804504,-1,-1,-1
721,639,2633.9453125,585.9439086914062,30.406982421875,57.75762939453125,0.4664294123649597,-1,-1,-1
722,1,3021.721923828125,776.427001953125,36.68115234375,100.72698974609375,0.7448155879974365,-1,-1,-1
722,3,3697.927978515625,804.5262451171875,48.462646484375,104.13177490234375,0.7029616236686707,-1,-1,-1
722,712,4047.33740234375,525.6102905273438,23.511474609375,32.5206298828125,0.33327624201774597,-1,-1,-1
722,722,3254.246337890625,567.770263671875,19.060791015625,41.22735595703125,0.44100135564804077,-1,-1,-1
722,746,3044.748046875,508.9918518066406,15.74951171875,32.817047119140625,0.3154752850532532,-1,-1,-1
722,703,3284.127685546875,610.8447875976562,18.408447265625,56.1494140625,0.5989804863929749,-1,-1,-1
722,578,3613.437744140625,582.27294921875,19.666748046875,47.73907470703125,0.494490385055542,-1,-1,-1
722,639,2632.977783203125,585.992919921875,30.2578125,58.19110107421875,0.5701950788497925,-1,-1,-1
723,1,3022.55859375,777.2849731445312,35.9287109375,100.47479248046875,0.7623991966247559,-1,-1,-1
723,3,3697.138916015625,803.0794677734375,46.9072265625,104.4224853515625,0.7047513723373413,-1,-1,-1
723,712,4047.37744140625,525.533203125,23.60009765625,32.85174560546875,0.3250771164894104,-1,-1,-1
723,722,3253.864990234375,567.7198486328125,18.722412109375,41.45062255859375,0.4328346252441406,-1,-1,-1
723,746,3043.915283203125,509.127197265625,14.703125,34.03948974609375,0.2861526906490326,-1,-1,-1
723,703,3283.248046875,610.7214965820312,19.365478515625,57.6292724609375,0.6305148601531982,-1,-1,-1
723,578,3613.33154296875,583.4706420898438,19.451171875,46.3868408203125,0.5050323605537415,-1,-1,-1
723,639,2632.061279296875,586.474365234375,31.2392578125,57.62847900390625,0.5374815464019775,-1,-1,-1
724,1,3023.83251953125,777.602783203125,34.999755859375,100.485107421875,0.7336191534996033,-1,-1,-1
724,3,3695.8291015625,801.3002319335938,46.446533203125,107.59521484375,0.6206197142601013,-1,-1,-1
724,712,4047.38818359375,525.3607788085938,23.591552734375,33.10760498046875,0.3158416748046875,-1,-1,-1
724,722,3253.7529296875,568.2593994140625,18.2919921875,41.5699462890625,0.4852522611618042,-1,-1,-1
724,746,3043.4072265625,509.1924743652344,13.247802734375,32.720794677734375,0.3570455312728882,-1,-1,-1
724,703,3281.74462890625,610.306396484375,20.540771484375,59.9986572265625,0.6264768242835999,-1,-1,-1
724,578,3613.050048828125,584.0220336914062,19.003173828125,45.08154296875,0.5385844111442566,-1,-1,-1
724,639,2631.597412109375,586.8579711914062,31.92626953125,57.4388427734375,0.5298658013343811,-1,-1,-1
725,1,3025.509521484375,777.5721435546875,34.135009765625,100.73016357421875,0.7477953433990479,-1,-1,-1
725,3,3695.158447265625,800.0068359375,45.467041015625,108.91864013671875,0.6257371306419373,-1,-1,-1
725,712,4047.41259765625,524.9730834960938,23.466796875,33.38409423828125,0.3156426250934601,-1,-1,-1
725,722,3253.572021484375,568.3554077148438,17.78271484375,41.6513671875,0.4774773120880127,-1,-1,-1
725,746,3042.565185546875,509.8153381347656,12.29931640625,30.764862060546875,0.36189258098602295,-1,-1,-1
725,703,3281.434326171875,610.4022827148438,20.143798828125,60.8692626953125,0.5827559232711792,-1,-1,-1
725,578,3612.51953125,584.0004272460938,18.360107421875,45.16680908203125,0.5576739311218262,-1,-1,-1
725,639,2631.22265625,587.3347778320312,32.298095703125,57.0169677734375,0.5554559230804443,-1,-1,-1
726,1,3027.332763671875,777.4092407226562,32.709716796875,100.755859375,0.7480310797691345,-1,-1,-1
726,3,3695.64892578125,799.8992919921875,42.3310546875,108.95068359375,0.5705791711807251,-1,-1,-1
726,712,4047.46826171875,524.8604125976562,23.41259765625,33.492919921875,0.30641433596611023,-1,-1,-1
726,722,3252.93212890625,568.4102172851562,17.695068359375,41.82928466796875,0.4749809801578522,-1,-1,-1
726,746,3041.322509765625,510.444580078125,12.348876953125,29.81524658203125,0.3639417588710785,-1,-1,-1
726,703,3281.5146484375,610.521484375,19.68701171875,61.35906982421875,0.5443781614303589,-1,-1,-1
726,578,3610.733154296875,583.2840576171875,18.95068359375,47.1981201171875,0.5401415824890137,-1,-1,-1
726,639,2630.831787109375,587.9461059570312,32.4873046875,56.3719482421875,0.5460140109062195,-1,-1,-1
727,1,3028.558349609375,777.6862182617188,31.7890625,100.22039794921875,0.7412843108177185,-1,-1,-1
727,3,3696.805908203125,799.7535400390625,38.501708984375,109.02288818359375,0.5486522316932678,-1,-1,-1
727,712,4047.471435546875,525.001220703125,23.474609375,33.117431640625,0.2896754741668701,-1,-1,-1
727,722,3251.781982421875,568.453369140625,18.145751953125,42.52093505859375,0.47597736120224,-1,-1,-1
727,746,3039.551513671875,510.8060607910156,13.676025390625,28.970916748046875,0.34321358799934387,-1,-1,-1
727,703,3281.043212890625,610.8073120117188,20.404296875,61.577392578125,0.6075949668884277,-1,-1,-1
727,578,3610.074951171875,584.2089233398438,19.587646484375,47.15667724609375,0.5292208790779114,-1,-1,-1
727,639,2631.0673828125,587.753662109375,30.501220703125,56.110595703125,0.6147190928459167,-1,-1,-1
728,1,3030.5,777.1195068359375,31.842041015625,100.63665771484375,0.7941850423812866,-1,-1,-1
728,3,3697.271484375,800.7123413085938,34.4267578125,107.3284912109375,0.6028850674629211,-1,-1,-1
728,712,4047.533203125,525.0902099609375,23.329833984375,32.836181640625,0.2713540494441986,-1,-1,-1
728,722,3251.130615234375,568.8795776367188,17.983154296875,41.9481201171875,0.46422335505485535,-1,-1,-1
728,746,3038.361328125,511.1522216796875,14.024658203125,29.75970458984375,0.36756187677383423,-1,-1,-1
728,703,3280.766845703125,610.7205810546875,20.46337890625,62.47076416015625,0.5873875617980957,-1,-1,-1
728,578,3608.077880859375,582.517333984375,21.283447265625,49.036376953125,0.575840413570404,-1,-1,-1
728,639,2631.283203125,587.942626953125,26.603759765625,55.769775390625,0.6583874225616455,-1,-1,-1
729,1,3032.351806640625,777.0689697265625,33.040283203125,100.76873779296875,0.7869324088096619,-1,-1,-1
729,3,3695.113525390625,801.0332641601562,33.5791015625,106.15032958984375,0.5700592994689941,-1,-1,-1
729,712,4047.522705078125,525.060546875,23.16796875,32.432861328125,0.2666139602661133,-1,-1,-1
729,722,3250.569580078125,569.0523681640625,17.68017578125,41.83782958984375,0.49715548753738403,-1,-1,-1
729,746,3036.75,511.61358642578125,14.78955078125,28.44061279296875,0.3564542233943939,-1,-1,-1
729,703,3280.479248046875,610.719970703125,20.45849609375,62.49371337890625,0.5936877131462097,-1,-1,-1
729,578,3607.07666015625,580.417724609375,22.093017578125,50.1165771484375,0.5726639628410339,-1,-1,-1
729,639,2631.3681640625,588.2305297851562,25.519287109375,55.30364990234375,0.6279299855232239,-1,-1,-1
730,1,3033.643798828125,776.841796875,34.8544921875,101.39495849609375,0.774914562702179,-1,-1,-1
730,3,3691.734375,799.8116455078125,34.39990234375,108.06805419921875,0.5732210874557495,-1,-1,-1
730,712,4047.521240234375,525.1377563476562,22.976806640625,32.18023681640625,0.2509807348251343,-1,-1,-1
730,722,3249.603515625,569.0093383789062,17.969482421875,41.8751220703125,0.4996544122695923,-1,-1,-1
730,746,3035.55908203125,512.2611694335938,15.342529296875,27.29913330078125,0.31985393166542053,-1,-1,-1
730,703,3280.9697265625,611.0006103515625,20.212158203125,61.75396728515625,0.6141747832298279,-1,-1,-1
730,578,3606.503173828125,579.8543090820312,21.888427734375,50.31005859375,0.5741682648658752,-1,-1,-1
730,639,2631.410888671875,588.2959594726562,25.527099609375,55.32843017578125,0.5539811253547668,-1,-1,-1
731,1,3035.17138671875,776.607666015625,34.706787109375,101.89959716796875,0.7611420154571533,-1,-1,-1
731,3,3687.962646484375,798.7219848632812,36.26611328125,112.3841552734375,0.5918947458267212,-1,-1,-1
731,722,3248.800048828125,569.1195678710938,18.3955078125,42.614501953125,0.5229650735855103,-1,-1,-1
731,746,3033.087890625,512.3875732421875,17.012451171875,28.4764404296875,0.3371706008911133,-1,-1,-1
731,703,3281.1337890625,611.3233642578125,20.422119140625,60.67120361328125,0.6465270519256592,-1,-1,-1
731,578,3605.241943359375,579.8936157226562,22.363037109375,49.083251953125,0.5702747702598572,-1,-1,-1
731,639,2631.287353515625,588.0239868164062,25.617431640625,55.62371826171875,0.5815743207931519,-1,-1,-1
731,780,3639.151611328125,536.9100952148438,20.094970703125,41.30389404296875,0.3467727303504944,-1,-1,-1
732,1,3036.34326171875,776.6908569335938,38.782470703125,101.93975830078125,0.7097962498664856,-1,-1,-1
732,3,3685.46044921875,797.9534912109375,38.551025390625,111.990966796875,0.614400327205658,-1,-1,-1
732,722,3248.56591796875,569.0478515625,18.449951171875,43.26141357421875,0.5035809874534607,-1,-1,-1
732,746,3032.159912109375,512.3088989257812,17.451416015625,29.33966064453125,0.34161219000816345,-1,-1,-1
732,703,3280.466064453125,610.9829711914062,21.609375,60.90325927734375,0.6530877351760864,-1,-1,-1
732,578,3604.15283203125,580.8984985351562,21.907470703125,47.68353271484375,0.49685466289520264,-1,-1,-1
732,639,2631.25146484375,587.4212036132812,25.8515625,56.24993896484375,0.590339183807373,-1,-1,-1
732,780,3639.042724609375,536.5469360351562,18.614013671875,41.38104248046875,0.32000425457954407,-1,-1,-1
733,1,3037.672119140625,776.4218139648438,40.814697265625,101.9713134765625,0.7032153010368347,-1,-1,-1
733,3,3683.56494140625,797.992431640625,38.29541015625,112.63726806640625,0.6335605978965759,-1,-1,-1
733,722,3248.26025390625,569.0149536132812,18.492919921875,44.201416015625,0.4988856315612793,-1,-1,-1
733,703,3279.64892578125,610.6175537109375,22.76611328125,61.4444580078125,0.6652032136917114,-1,-1,-1
733,578,3603.1318359375,579.2738037109375,20.645751953125,49.49285888671875,0.4744589030742645,-1,-1,-1
733,639,2630.784912109375,587.2722778320312,26.218994140625,56.43115234375,0.5893734693527222,-1,-1,-1
733,780,3639.019287109375,536.5499267578125,17.52294921875,41.22674560546875,0.32701438665390015,-1,-1,-1
734,1,3038.580078125,776.3471069335938,42.8212890625,102.5791015625,0.6710988283157349,-1,-1,-1
734,3,3682.370361328125,798.472412109375,38.765625,112.0498046875,0.6282978653907776,-1,-1,-1
734,722,3248.13134765625,568.9976806640625,18.593017578125,45.1461181640625,0.5014834403991699,-1,-1,-1
734,703,3279.400390625,610.4155883789062,23.447265625,61.582763671875,0.6908988356590271,-1,-1,-1
734,578,3601.63232421875,578.4586181640625,20.340087890625,50.675048828125,0.4854152798652649,-1,-1,-1
734,639,2630.56640625,586.9863891601562,26.306640625,56.67291259765625,0.6006456017494202,-1,-1,-1
734,780,3638.474365234375,537.9360961914062,17.565673828125,40.4847412109375,0.33215245604515076,-1,-1,-1
734,784,3646.0751953125,594.4880981445312,17.919189453125,58.6563720703125,0.3518637418746948,-1,-1,-1
735,1,3039.41650390625,776.7708129882812,44.9560546875,102.922607421875,0.6244287490844727,-1,-1,-1
735,3,3681.4912109375,798.6990356445312,38.560546875,110.9014892578125,0.6386351585388184,-1,-1,-1
735,722,3248.083740234375,569.263427734375,18.77001953125,45.70526123046875,0.5181884169578552,-1,-1,-1
735,703,3279.55908203125,610.6444702148438,23.747314453125,61.04852294921875,0.6802180409431458,-1,-1,-1
735,578,3600.86767578125,579.048583984375,20.003662109375,50.42657470703125,0.48160725831985474,-1,-1,-1
735,639,2630.49169921875,586.7720336914062,26.150634765625,56.73974609375,0.600287139415741,-1,-1,-1
735,780,3638.374755859375,540.0784912109375,18.011474609375,40.6343994140625,0.3418140709400177,-1,-1,-1
735,784,3644.4189453125,594.162841796875,18.341796875,57.2188720703125,0.2888188660144806,-1,-1,-1
736,1,3040.682373046875,777.9365844726562,44.560546875,101.94342041015625,0.6481339931488037,-1,-1,-1
736,3,3680.804443359375,799.0535278320312,38.481201171875,110.38092041015625,0.6431916356086731,-1,-1,-1
736,722,3248.243408203125,569.213134765625,18.67333984375,46.03839111328125,0.5145488381385803,-1,-1,-1
736,703,3279.747802734375,610.7638549804688,24.01513671875,60.9403076171875,0.6662018895149231,-1,-1,-1
736,578,3600.5009765625,578.8511352539062,19.56591796875,50.4815673828125,0.460649698972702,-1,-1,-1
736,639,2630.255615234375,586.7509765625,26.09765625,56.95965576171875,0.5952681303024292,-1,-1,-1
736,780,3638.345458984375,541.0852661132812,18.186767578125,40.11090087890625,0.3214501142501831,-1,-1,-1
736,784,3642.43603515625,594.3616943359375,19.39453125,56.83526611328125,0.2706863284111023,-1,-1,-1
737,1,3040.609375,778.1944580078125,44.88671875,103.28497314453125,0.6722036600112915,-1,-1,-1
737,3,3680.29248046875,800.3037719726562,37.972900390625,108.8541259765625,0.6508777141571045,-1,-1,-1
737,722,3248.343505859375,569.22802734375,18.761962890625,46.76025390625,0.5201578736305237,-1,-1,-1
737,703,3280.00146484375,610.780029296875,23.975341796875,60.7054443359375,0.6509795784950256,-1,-1,-1
737,578,3600.21484375,577.6566772460938,19.384521484375,51.5703125,0.4331255853176117,-1,-1,-1
737,639,2630.111572265625,586.8306884765625,26.03857421875,56.89501953125,0.5840544104576111,-1,-1,-1
737,780,3638.10595703125,541.0670776367188,18.341552734375,39.52508544921875,0.31547948718070984,-1,-1,-1
737,784,3640.8603515625,594.8580322265625,20.380859375,56.3634033203125,0.2872653305530548,-1,-1,-1
738,1,3041.168212890625,778.2250366210938,44.14794921875,103.79443359375,0.7193866968154907,-1,-1,-1
738,3,3679.339599609375,801.59912109375,38.10888671875,107.184814453125,0.6428710222244263,-1,-1,-1
738,722,3248.517333984375,569.0598754882812,18.627685546875,47.05352783203125,0.5161166191101074,-1,-1,-1
738,703,3281.2392578125,611.124267578125,23.045166015625,60.21893310546875,0.6403295993804932,-1,-1,-1
738,578,3600.05908203125,578.241455078125,19.09326171875,50.682373046875,0.5149372816085815,-1,-1,-1
738,639,2630.10888671875,586.76171875,25.95849609375,56.999267578125,0.5849435925483704,-1,-1,-1
738,784,3640.861328125,594.2805786132812,20.545166015625,55.96063232421875,0.328381210565567,-1,-1,-1
739,1,3042.82861328125,778.6231079101562,42.89453125,102.44854736328125,0.7115579843521118,-1,-1,-1
739,3,3676.885986328125,802.7237548828125,39.5595703125,106.044677734375,0.6474962830543518,-1,-1,-1
739,722,3248.6533203125,568.9133911132812,18.547119140625,46.74334716796875,0.45849525928497314,-1,-1,-1
739,703,3282.8818359375,611.3843994140625,21.828369140625,60.21966552734375,0.6317014098167419,-1,-1,-1
739,578,3599.779541015625,579.6976318359375,19.312744140625,49.0059814453125,0.47777843475341797,-1,-1,-1
739,639,2630.184814453125,586.70751953125,25.898681640625,57.02911376953125,0.5738758444786072,-1,-1,-1
739,784,3641.064697265625,594.7235107421875,20.753173828125,56.035888671875,0.3983648419380188,-1,-1,-1
740,1,3047.44189453125,778.8316040039062,38.89794921875,101.22735595703125,0.7070046067237854,-1,-1,-1
740,3,3673.596435546875,803.2434692382812,41.376220703125,104.97711181640625,0.6414585709571838,-1,-1,-1
740,722,3248.737548828125,569.1029663085938,18.505126953125,47.9501953125,0.4955832064151764,-1,-1,-1
740,703,3283.929931640625,611.8150634765625,21.53369140625,60.083251953125,0.6186143159866333,-1,-1,-1
740,578,3598.607177734375,581.6836547851562,20.2919921875,47.58392333984375,0.4194038510322571,-1,-1,-1
740,639,2630.36865234375,586.820068359375,25.73779296875,56.9605712890625,0.5657029151916504,-1,-1,-1
740,784,3639.763916015625,595.2571411132812,21.85302734375,54.8671875,0.38212084770202637,-1,-1,-1
741,1,3050.08544921875,778.8026733398438,37.239990234375,101.08349609375,0.7542428374290466,-1,-1,-1
741,3,3669.96044921875,804.3154296875,44.56982421875,104.19921875,0.7182176113128662,-1,-1,-1
741,722,3248.6884765625,569.8259887695312,18.31787109375,46.93682861328125,0.49917125701904297,-1,-1,-1
741,703,3284.11767578125,612.67431640625,21.520263671875,59.0093994140625,0.6382047533988953,-1,-1,-1
741,578,3597.01220703125,580.5012817382812,21.772216796875,48.2445068359375,0.40062567591667175,-1,-1,-1
741,639,2630.605224609375,586.7191162109375,25.6630859375,56.79010009765625,0.5910452008247375,-1,-1,-1
741,784,3638.543212890625,595.6190185546875,24.099365234375,55.940185546875,0.4423070549964905,-1,-1,-1
742,1,3051.3828125,778.8709716796875,36.391845703125,101.50836181640625,0.78449547290802,-1,-1,-1
742,3,3667.7265625,804.4424438476562,45.840576171875,103.2176513671875,0.7326560020446777,-1,-1,-1
742,722,3248.81494140625,570.3911743164062,17.99755859375,45.98089599609375,0.5238742232322693,-1,-1,-1
742,703,3285.158203125,613.3795166015625,21.111328125,58.1016845703125,0.6451241970062256,-1,-1,-1
742,578,3596.50634765625,581.9005737304688,21.972412109375,46.62139892578125,0.41208139061927795,-1,-1,-1
742,639,2630.80419921875,586.8675537109375,25.550537109375,56.35687255859375,0.5842605829238892,-1,-1,-1
742,784,3638.31640625,597.5823974609375,24.178955078125,54.1392822265625,0.420226126909256,-1,-1,-1
743,1,3053.0068359375,779.145751953125,35.88916015625,101.2918701171875,0.7993428707122803,-1,-1,-1
743,3,3666.489013671875,803.8799438476562,46.12548828125,103.21343994140625,0.690674901008606,-1,-1,-1
743,722,3248.99462890625,570.5924072265625,17.762939453125,46.04217529296875,0.5463991165161133,-1,-1,-1
743,703,3285.99609375,613.7666625976562,20.765380859375,57.95648193359375,0.6417904496192932,-1,-1,-1
743,578,3596.108154296875,583.322021484375,22.333984375,44.02239990234375,0.37076419591903687,-1,-1,-1
743,639,2631.0205078125,586.9273071289062,25.3974609375,56.035888671875,0.5828226804733276,-1,-1,-1
743,784,3638.07861328125,599.12939453125,23.9501953125,52.8348388671875,0.39569103717803955,-1,-1,-1
744,1,3054.578369140625,778.623046875,37.911865234375,102.4495849609375,0.8071970343589783,-1,-1,-1
744,3,3665.494384765625,804.5030517578125,45.88134765625,103.03857421875,0.7002286911010742,-1,-1,-1
744,722,3249.335205078125,570.6123657226562,17.577880859375,46.039306640625,0.56059730052948,-1,-1,-1
744,703,3286.800048828125,614.3261108398438,21.0244140625,57.4937744140625,0.5979030728340149,-1,-1,-1
744,578,3594.4384765625,583.5257568359375,23.7568359375,43.17138671875,0.3163045048713684,-1,-1,-1
744,639,2631.03369140625,587.2464599609375,25.172607421875,55.688720703125,0.5938310623168945,-1,-1,-1
744,784,3637.8857421875,598.9117431640625,23.427978515625,52.9625244140625,0.4509446620941162,-1,-1,-1
745,1,3056.409423828125,779.2470703125,39.187255859375,102.19256591796875,0.7876027226448059,-1,-1,-1
745,3,3664.143798828125,804.0635986328125,46.052734375,104.46630859375,0.693966805934906,-1,-1,-1
745,722,3249.6953125,570.3015747070312,17.63134765625,46.6907958984375,0.5653435587882996,-1,-1,-1
745,703,3287.767333984375,614.8056640625,22.168701171875,57.47076416015625,0.5420501232147217,-1,-1,-1
745,578,3592.22900390625,579.2720947265625,26.076171875,48.39874267578125,0.2985502779483795,-1,-1,-1
745,639,2631.147705078125,587.3734741210938,24.930419921875,55.66741943359375,0.588466465473175,-1,-1,-1
745,784,3637.8046875,599.0891723632812,23.200927734375,53.2679443359375,0.45744603872299194,-1,-1,-1
746,1,3057.759033203125,779.1867065429688,40.58544921875,102.03448486328125,0.7806164026260376,-1,-1,-1
746,3,3663.91845703125,803.5753784179688,44.6181640625,104.45770263671875,0.6266226768493652,-1,-1,-1
746,722,3249.83544921875,569.809326171875,18.01953125,47.753173828125,0.5684893727302551,-1,-1,-1
746,703,3288.264892578125,614.8576049804688,22.889404296875,57.38623046875,0.5018347501754761,-1,-1,-1
746,578,3590.694580078125,578.7182006835938,24.3935546875,46.654296875,0.2962113916873932,-1,-1,-1
746,639,2631.046875,587.3406982421875,25.073486328125,55.7305908203125,0.5684479475021362,-1,-1,-1
746,784,3637.535888671875,600.6754760742188,22.335693359375,51.943603515625,0.4945048987865448,-1,-1,-1
747,1,3059.129150390625,780.6929931640625,41.098876953125,100.53045654296875,0.7548406720161438,-1,-1,-1
747,3,3663.997802734375,802.86669921875,43.51513671875,105.4027099609375,0.6146398186683655,-1,-1,-1
747,722,3249.98486328125,569.66650390625,18.374755859375,48.3780517578125,0.5671968460083008,-1,-1,-1
747,703,3288.514892578125,613.8809814453125,23.239990234375,58.5303955078125,0.5288769602775574,-1,-1,-1
747,639,2631.2490234375,587.2045288085938,25.0224609375,56.14898681640625,0.5789210796356201,-1,-1,-1
747,784,3636.974365234375,601.9428100585938,22.77197265625,50.54608154296875,0.43841755390167236,-1,-1,-1
748,1,3060.490478515625,781.6117553710938,41.47412109375,100.083251953125,0.7652011513710022,-1,-1,-1
748,3,3665.180908203125,803.2027587890625,41.31787109375,105.53619384765625,0.619390070438385,-1,-1,-1
748,722,3250.155029296875,569.6351928710938,18.85791015625,48.24896240234375,0.5469995141029358,-1,-1,-1
748,703,3288.760986328125,613.6510009765625,23.36767578125,58.652587890625,0.43313658237457275,-1,-1,-1
748,639,2631.684326171875,587.2511596679688,24.573974609375,56.05853271484375,0.6097132563591003,-1,-1,-1
748,784,3636.972900390625,601.5989379882812,22.7197265625,50.42486572265625,0.3780478835105896,-1,-1,-1
748,802,3626.832763671875,539.3076171875,22.033447265625,42.684326171875,0.337192565202713,-1,-1,-1
748,578,3589.062744140625,577.7393188476562,21.462646484375,43.0916748046875,0.274051308631897,-1,-1,-1
749,1,3061.27197265625,782.0447387695312,41.59521484375,100.552978515625,0.7483829855918884,-1,-1,-1
749,3,3662.898681640625,803.3089599609375,42.3876953125,105.82073974609375,0.5878949165344238,-1,-1,-1
749,722,3250.645263671875,569.36865234375,19.083740234375,47.96575927734375,0.5657166838645935,-1,-1,-1
749,703,3288.920166015625,613.6830444335938,23.477294921875,58.31451416015625,0.4121949374675751,-1,-1,-1
749,639,2632.045166015625,587.2538452148438,24.226318359375,56.03643798828125,0.603539764881134,-1,-1,-1
749,784,3637.004150390625,601.1065063476562,21.48193359375,49.10906982421875,0.3740764260292053,-1,-1,-1
749,802,3625.7275390625,539.8882446289062,23.16357421875,42.7774658203125,0.30160456895828247,-1,-1,-1
749,578,3587.63134765625,577.3690795898438,21.47412109375,43.0556640625,0.28105419874191284,-1,-1,-1
750,1,3061.709716796875,782.802490234375,41.145263671875,99.1029052734375,0.7469906210899353,-1,-1,-1
750,3,3661.7734375,802.753662109375,42.249267578125,106.59661865234375,0.5238423347473145,-1,-1,-1
750,722,3251.401611328125,569.14306640625,18.78173828125,48.08233642578125,0.579022228717804,-1,-1,-1
750,703,3289.058349609375,613.8881225585938,23.952880859375,58.262939453125,0.35178467631340027,-1,-1,-1
750,639,2632.739013671875,587.0165405273438,23.88623046875,56.2733154296875,0.5947833061218262,-1,-1,-1
750,784,3636.76123046875,601.24267578125,21.0478515625,49.07275390625,0.3927980363368988,-1,-1,-1
