1,1,4300.25390625,718.2736206054688,37.88232421875,80.689453125,0.8046929836273193,-1,-1,-1
1,2,5104.5263671875,794.5335693359375,52.85107421875,99.48529052734375,0.7314388155937195,-1,-1,-1
1,3,3879.5966796875,603.2724609375,21.605224609375,51.7401123046875,0.5484159588813782,-1,-1,-1
1,4,3478.776123046875,608.960205078125,20.7685546875,48.8607177734375,0.41419845819473267,-1,-1,-1
1,5,3011.3056640625,515.0040283203125,19.986083984375,41.98345947265625,0.30310070514678955,-1,-1,-1
1,6,3695.36767578125,517.930908203125,20.983642578125,41.43499755859375,0.3004213869571686,-1,-1,-1
1,7,4202.15234375,574.7806396484375,30.70263671875,50.54071044921875,0.2984094023704529,-1,-1,-1
1,8,4303.9365234375,540.4720458984375,19.11572265625,38.04315185546875,0.2888515889644623,-1,-1,-1
1,9,4148.6650390625,538.3140258789062,17.923828125,34.4794921875,0.2825082838535309,-1,-1,-1
1,10,3621.2900390625,616.4091186523438,25.31787109375,55.3564453125,0.2543894648551941,-1,-1,-1
2,1,4299.908203125,718.7138671875,38.205078125,79.33172607421875,0.8008774518966675,-1,-1,-1
2,2,5104.04052734375,794.483154296875,53.447265625,99.5306396484375,0.7389708161354065,-1,-1,-1
2,3,3880.86474609375,602.0103149414062,20.920166015625,52.7783203125,0.5030422806739807,-1,-1,-1
2,4,3478.853515625,609.0848388671875,21.2529296875,48.3946533203125,0.4375077784061432,-1,-1,-1
2,5,3010.987548828125,515.6441650390625,20.832275390625,41.60125732421875,0.2981325387954712,-1,-1,-1
2,6,3695.331787109375,517.515869140625,20.90185546875,41.8533935546875,0.2906542718410492,-1,-1,-1
2,7,4201.50830078125,575.6277465820312,30.1015625,50.13275146484375,0.3595776855945587,-1,-1,-1
2,8,4304.0283203125,540.4857177734375,19.052734375,37.99493408203125,0.29552367329597473,-1,-1,-1
2,9,4148.8359375,538.0407104492188,17.6728515625,34.688720703125,0.2893957197666168,-1,-1,-1
3,1,4300.01123046875,718.5450439453125,38.11669921875,80.3775634765625,0.814479649066925,-1,-1,-1
3,2,5103.2490234375,794.451904296875,54.5380859375,99.7200927734375,0.7470196485519409,-1,-1,-1
3,3,3881.51904296875,601.7252807617188,20.62646484375,55.72882080078125,0.6510066390037537,-1,-1,-1
3,4,3478.80126953125,609.0022583007812,21.114501953125,48.23992919921875,0.47682955861091614,-1,-1,-1
3,5,3010.792724609375,515.8427124023438,21.03076171875,41.5599365234375,0.29152005910873413,-1,-1,-1
3,6,3695.356689453125,516.9031372070312,21.005859375,42.09942626953125,0.315940797328949,-1,-1,-1
3,7,4200.9033203125,575.4730834960938,30.5556640625,50.469970703125,0.364553302526474,-1,-1,-1
3,8,4304.01220703125,540.3931274414062,19.10107421875,38.0093994140625,0.2944606840610504,-1,-1,-1
3,9,4148.96240234375,537.7437744140625,17.5068359375,35.062744140625,0.2971610128879547,-1,-1,-1
3,10,3625.48779296875,614.37939453125,24.937744140625,54.7598876953125,0.3365486264228821,-1,-1,-1
4,1,4300.19384765625,718.174560546875,38.0107421875,80.97796630859375,0.8124642968177795,-1,-1,-1
4,2,5102.701171875,794.2793579101562,55.263671875,99.6624755859375,0.7473769187927246,-1,-1,-1
4,3,3882.23046875,601.2646484375,20.65478515625,57.7816162109375,0.627619206905365,-1,-1,-1
4,4,3478.867919921875,608.7247314453125,21.20849609375,48.41552734375,0.48491227626800537,-1,-1,-1
4,5,3010.76171875,516.1038818359375,21.302490234375,41.330810546875,0.29274800419807434,-1,-1,-1
4,6,3695.335693359375,516.6849975585938,21.193359375,43.50579833984375,0.32136693596839905,-1,-1,-1
4,7,4200.6220703125,574.8906860351562,30.39599609375,51.23681640625,0.36869755387306213,-1,-1,-1
4,8,4304.015625,540.3511962890625,19.09814453125,38.00433349609375,0.3021179735660553,-1,-1,-1
4,9,4149.21728515625,537.5548095703125,17.32177734375,35.38336181640625,0.30686742067337036,-1,-1,-1
4,10,3627.071044921875,612.0888671875,23.781494140625,56.2764892578125,0.4229932427406311,-1,-1,-1
5,1,4300.48291015625,718.1364135742188,37.9521484375,80.86334228515625,0.8043307065963745,-1,-1,-1
5,2,5104.0771484375,794.2595825195312,53.6103515625,99.4671630859375,0.7590585350990295,-1,-1,-1
5,3,3882.844970703125,601.3369750976562,20.702392578125,57.0772705078125,0.5834932923316956,-1,-1,-1
5,4,3479.62353515625,608.0958862304688,20.81103515625,49.380615234375,0.4867475926876068,-1,-1,-1
5,5,3010.854248046875,516.1319580078125,21.274658203125,41.51611328125,0.30772721767425537,-1,-1,-1
5,6,3695.254638671875,516.2990112304688,20.90185546875,43.8760986328125,0.3380395770072937,-1,-1,-1
5,7,4201.76416015625,574.091552734375,29.13623046875,49.25140380859375,0.3661094605922699,-1,-1,-1
5,8,4303.96630859375,540.4132690429688,19.0927734375,38.0223388671875,0.3044370412826538,-1,-1,-1
5,9,4149.28369140625,537.494873046875,17.1982421875,35.5362548828125,0.305499404668808,-1,-1,-1
5,10,3627.540283203125,610.780029296875,24.579345703125,56.85650634765625,0.3857651650905609,-1,-1,-1
6,1,4301.22314453125,718.2742309570312,37.13818359375,80.546142578125,0.8049986958503723,-1,-1,-1
6,2,5099.4208984375,794.40771484375,58.2880859375,99.486083984375,0.7361359596252441,-1,-1,-1
6,3,3883.16162109375,602.8402099609375,20.56982421875,56.4400634765625,0.5852538347244263,-1,-1,-1
6,4,3480.8837890625,607.9671020507812,20.53515625,49.34588623046875,0.4723784923553467,-1,-1,-1
6,5,3010.8623046875,516.07421875,21.13232421875,41.75140380859375,0.29599234461784363,-1,-1,-1
6,6,3695.105712890625,516.30224609375,21.1796875,45.6065673828125,0.3508893549442291,-1,-1,-1
6,7,4203.9599609375,573.4880981445312,25.796875,47.66094970703125,0.3756023347377777,-1,-1,-1
6,8,4304.001953125,540.400390625,19.04345703125,38.30889892578125,0.2969774007797241,-1,-1,-1
6,9,4149.45068359375,537.6318969726562,17.08935546875,35.5789794921875,0.29875293374061584,-1,-1,-1
6,10,3628.833740234375,610.2683715820312,24.22021484375,57.84649658203125,0.4661336839199066,-1,-1,-1
7,1,4302.1904296875,718.2305297851562,36.37548828125,80.22723388671875,0.812868595123291,-1,-1,-1
7,2,5083.40625,794.4347534179688,74.7412109375,99.164794921875,0.760106086730957,-1,-1,-1
7,3,3883.735107421875,605.8233032226562,19.843994140625,54.34112548828125,0.5233850479125977,-1,-1,-1
7,4,3481.78857421875,608.1023559570312,20.338134765625,48.61553955078125,0.4592989683151245,-1,-1,-1
7,5,3010.850341796875,516.23095703125,21.06689453125,41.69256591796875,0.2965380549430847,-1,-1,-1
7,6,3695.185791015625,515.9434204101562,21.2099609375,46.1768798828125,0.33523353934288025,-1,-1,-1
7,7,4205.8671875,573.217041015625,23.6865234375,47.2774658203125,0.3474918007850647,-1,-1,-1
7,8,4304.09912109375,540.3145751953125,18.94677734375,38.70257568359375,0.29400283098220825,-1,-1,-1
7,9,4149.40087890625,537.9138793945312,17.244140625,35.33148193359375,0.28446847200393677,-1,-1,-1
7,10,3631.390380859375,610.1030883789062,22.015380859375,56.3021240234375,0.4330281913280487,-1,-1,-1
8,1,4302.62841796875,717.905517578125,36.66650390625,80.235595703125,0.8236930966377258,-1,-1,-1
8,2,5086.4931640625,795.052001953125,71.671875,98.9415283203125,0.7423684597015381,-1,-1,-1
8,3,3884.10888671875,607.4930419921875,20.03271484375,53.5792236328125,0.5162562131881714,-1,-1,-1
8,4,3482.6103515625,607.89208984375,19.76611328125,48.646484375,0.5002281665802002,-1,-1,-1
8,5,3010.826904296875,516.2294921875,21.092041015625,41.47479248046875,0.2963643968105316,-1,-1,-1
8,6,3695.065185546875,515.5072631835938,20.8935546875,47.9937744140625,0.34392261505126953,-1,-1,-1
8,7,4208.26220703125,573.309814453125,21.10205078125,47.46197509765625,0.3063715994358063,-1,-1,-1
8,8,4304.1572265625,540.2899169921875,18.8818359375,38.72479248046875,0.2906612455844879,-1,-1,-1
8,9,4149.26904296875,538.2091674804688,17.8388671875,35.0504150390625,0.26915812492370605,-1,-1,-1
8,10,3632.788818359375,609.7650146484375,21.3779296875,56.69439697265625,0.4193466007709503,-1,-1,-1
8,12,3830.61767578125,564.6027221679688,22.099609375,51.4805908203125,0.42689934372901917,-1,-1,-1
9,1,4302.90869140625,717.7103881835938,36.970703125,80.41046142578125,0.8342094421386719,-1,-1,-1
9,2,5100.35009765625,795.6138305664062,57.84228515625,99.2738037109375,0.7671749591827393,-1,-1,-1
9,3,3884.17041015625,607.8173217773438,20.877197265625,53.37823486328125,0.5163242220878601,-1,-1,-1
9,4,3482.681884765625,607.4501953125,19.9658203125,49.0455322265625,0.5186818838119507,-1,-1,-1
9,5,3010.820068359375,516.3173217773438,21.080322265625,41.288330078125,0.29800325632095337,-1,-1,-1
9,6,3694.84521484375,515.6848754882812,20.282958984375,48.41192626953125,0.37373441457748413,-1,-1,-1
9,7,4209.1025390625,573.0736694335938,20.57421875,49.4111328125,0.30038538575172424,-1,-1,-1
9,8,4304.212890625,540.1896362304688,18.78564453125,38.80072021484375,0.2927205562591553,-1,-1,-1
9,9,4149.1123046875,538.4173583984375,18.275390625,34.76727294921875,0.2684830129146576,-1,-1,-1
9,10,3634.03076171875,609.6392211914062,20.488037109375,56.30419921875,0.3894183933734894,-1,-1,-1
9,12,3830.37109375,564.5222778320312,20.875,51.95050048828125,0.47226962447166443,-1,-1,-1
10,1,4303.765625,717.687255859375,36.3896484375,80.44342041015625,0.8404218554496765,-1,-1,-1
10,2,5107.126953125,796.0161743164062,50.61181640625,99.1981201171875,0.75743168592453,-1,-1,-1
10,3,3884.347900390625,607.6196899414062,21.82275390625,53.29583740234375,0.36645185947418213,-1,-1,-1
10,4,3482.846923828125,607.19482421875,20.490478515625,48.74652099609375,0.4804791212081909,-1,-1,-1
10,5,3010.93603515625,516.3206787109375,20.907958984375,41.198974609375,0.2959538996219635,-1,-1,-1
10,6,3694.7333984375,515.8588256835938,20.06787109375,47.8450927734375,0.3517604172229767,-1,-1,-1
10,7,4208.97705078125,572.9331665039062,20.0517578125,49.25048828125,0.35068997740745544,-1,-1,-1
10,8,4304.1962890625,540.244384765625,18.7587890625,38.86187744140625,0.29470136761665344,-1,-1,-1
10,9,4149.3212890625,538.36962890625,18.35009765625,34.58489990234375,0.2765233814716339,-1,-1,-1
10,10,3635.8291015625,611.2471923828125,18.6982421875,51.07757568359375,0.25901278853416443,-1,-1,-1
10,12,3828.177734375,563.9992065429688,19.15625,51.13525390625,0.46021997928619385,-1,-1,-1
11,1,4304.47265625,717.73095703125,35.7451171875,80.2613525390625,0.8459365367889404,-1,-1,-1
11,2,5110.53125,796.3749389648438,47.00634765625,99.08160400390625,0.750758707523346,-1,-1,-1
11,3,3884.564208984375,606.876953125,23.528076171875,54.28759765625,0.30936765670776367,-1,-1,-1
11,4,3483.683349609375,607.1107177734375,20.7216796875,48.5794677734375,0.45768800377845764,-1,-1,-1
11,5,3011.15087890625,516.3275146484375,20.630615234375,41.28533935546875,0.31953856348991394,-1,-1,-1
11,6,3694.591552734375,515.8965454101562,19.955810546875,47.85955810546875,0.3627997636795044,-1,-1,-1
11,7,4208.73779296875,573.058837890625,19.3408203125,48.14691162109375,0.35035842657089233,-1,-1,-1
11,8,4304.15966796875,540.2662353515625,18.775390625,38.93914794921875,0.3014408349990845,-1,-1,-1
11,9,4149.44384765625,538.1712646484375,18.56298828125,34.50799560546875,0.28264370560646057,-1,-1,-1
11,10,3637.368408203125,610.9376831054688,17.35009765625,51.8292236328125,0.29474180936813354,-1,-1,-1
11,12,3825.74169921875,563.4151000976562,20.716796875,52.38909912109375,0.5207131505012512,-1,-1,-1
12,1,4304.8427734375,717.7435302734375,35.34228515625,80.2177734375,0.8466270565986633,-1,-1,-1
12,2,5111.876953125,796.5510864257812,45.392578125,99.960205078125,0.7301751375198364,-1,-1,-1
12,3,3884.728271484375,607.2472534179688,23.916259765625,53.81488037109375,0.25659987330436707,-1,-1,-1
12,4,3484.307373046875,606.8370361328125,20.81884765625,49.09130859375,0.48412129282951355,-1,-1,-1
12,5,3011.046142578125,516.2631225585938,20.751708984375,41.60589599609375,0.3050117790699005,-1,-1,-1
12,6,3694.508056640625,515.8980102539062,19.8125,47.56256103515625,0.3559301793575287,-1,-1,-1
12,7,4208.51904296875,573.4371948242188,19.3662109375,47.23162841796875,0.3352545499801636,-1,-1,-1
12,8,4304.13427734375,540.3555908203125,18.7763671875,38.77239990234375,0.29962795972824097,-1,-1,-1
12,9,4149.6220703125,538.02490234375,18.4677734375,34.45196533203125,0.2724834084510803,-1,-1,-1
12,10,3638.280517578125,609.8760375976562,17.2060546875,53.01263427734375,0.3446703553199768,-1,-1,-1
12,12,3823.226806640625,563.8394165039062,23.39306640625,51.85528564453125,0.4632353186607361,-1,-1,-1
13,1,4305.1298828125,718.0860595703125,34.9521484375,79.9322509765625,0.8508725762367249,-1,-1,-1
13,2,5111.69384765625,796.5911865234375,45.193359375,100.1845703125,0.7166298627853394,-1,-1,-1
13,4,3485.005126953125,606.385009765625,21.31201171875,49.87982177734375,0.4956784248352051,-1,-1,-1
13,5,3011.156982421875,516.3240356445312,20.615234375,41.3477783203125,0.305352121591568,-1,-1,-1
13,6,3694.36767578125,515.4954223632812,19.59716796875,47.9835205078125,0.3643435537815094,-1,-1,-1
13,7,4207.96533203125,573.8995361328125,19.81103515625,46.32220458984375,0.3573722541332245,-1,-1,-1
13,8,4304.134765625,540.52978515625,18.75,38.52911376953125,0.304735392332077,-1,-1,-1
13,9,4149.7578125,537.9761962890625,18.45751953125,34.49468994140625,0.2733721137046814,-1,-1,-1
13,12,3821.568603515625,563.7718505859375,24.169677734375,51.353271484375,0.4372049570083618,-1,-1,-1
14,1,4305.8349609375,718.0769653320312,34.10888671875,79.9578857421875,0.854131817817688,-1,-1,-1
14,2,5111.71484375,796.565185546875,44.5625,101.22454833984375,0.7229751348495483,-1,-1,-1
14,4,3485.77587890625,605.896728515625,20.961669921875,50.27374267578125,0.5087334513664246,-1,-1,-1
14,5,3010.982177734375,516.4215698242188,20.73193359375,41.5020751953125,0.3193090558052063,-1,-1,-1
14,6,3694.265625,515.2784423828125,19.40478515625,47.98828125,0.34773391485214233,-1,-1,-1
14,7,4207.63720703125,574.8539428710938,19.41259765625,44.478759765625,0.35713398456573486,-1,-1,-1
14,8,4304.2392578125,540.4180908203125,18.7529296875,38.74945068359375,0.3047037720680237,-1,-1,-1
14,9,4149.99853515625,537.6622924804688,18.10302734375,34.7647705078125,0.28164616227149963,-1,-1,-1
14,12,3820.380126953125,563.62060546875,24.11865234375,51.82269287109375,0.38598790764808655,-1,-1,-1
14,10,3639.66552734375,608.1387329101562,17.751220703125,53.04638671875,0.29189544916152954,-1,-1,-1
15,1,4306.58544921875,718.1583251953125,33.2275390625,79.63409423828125,0.8403879404067993,-1,-1,-1
15,2,5111.65185546875,796.90087890625,43.85205078125,101.84796142578125,0.7031445503234863,-1,-1,-1
15,4,3486.60791015625,605.7715454101562,20.7822265625,50.0401611328125,0.46670329570770264,-1,-1,-1
15,5,3010.989013671875,516.5906982421875,20.6220703125,40.9366455078125,0.29146313667297363,-1,-1,-1
15,6,3694.2138671875,514.181640625,19.2568359375,49.5008544921875,0.3273259401321411,-1,-1,-1
15,7,4206.7841796875,575.603759765625,19.54052734375,43.78594970703125,0.35828664898872375,-1,-1,-1
15,8,4304.2880859375,540.4688720703125,18.7119140625,38.50689697265625,0.29914799332618713,-1,-1,-1
15,9,4150.0283203125,537.5625,18.15771484375,34.87957763671875,0.27682462334632874,-1,-1,-1
15,12,3818.677978515625,564.3416748046875,24.669921875,50.326904296875,0.3291092813014984,-1,-1,-1
15,10,3639.97119140625,607.1487426757812,19.943603515625,52.94769287109375,0.4055681526660919,-1,-1,-1
16,1,4307.2509765625,718.4512329101562,32.41650390625,78.79931640625,0.8331890106201172,-1,-1,-1
16,2,5111.40673828125,797.6151123046875,43.80029296875,101.82611083984375,0.7084591388702393,-1,-1,-1
16,4,3485.168701171875,602.6396484375,24.142822265625,54.7650146484375,0.4924897849559784,-1,-1,-1
16,5,3010.991455078125,516.669189453125,20.54345703125,40.65472412109375,0.2748974561691284,-1,-1,-1
16,6,3694.31494140625,513.5463256835938,19.545654296875,50.86370849609375,0.3059316873550415,-1,-1,-1
16,7,4206.21435546875,576.6109008789062,19.87158203125,42.8306884765625,0.327606201171875,-1,-1,-1
16,8,4304.314453125,540.5934448242188,18.69384765625,38.423095703125,0.2878192067146301,-1,-1,-1
16,9,4149.96240234375,537.6056518554688,18.400390625,35.625244140625,0.27440425753593445,-1,-1,-1
16,12,3816.856689453125,566.0733642578125,25.718017578125,47.98492431640625,0.305482417345047,-1,-1,-1
16,10,3640.3544921875,606.3898315429688,21.51708984375,52.6666259765625,0.30864864587783813,-1,-1,-1
17,1,4307.61572265625,718.4474487304688,32.0625,78.51751708984375,0.8325696587562561,-1,-1,-1
17,2,5111.12890625,797.8898315429688,43.46044921875,102.206298828125,0.7373616695404053,-1,-1,-1
17,4,3484.91357421875,601.5880126953125,25.068359375,55.994384765625,0.5049240589141846,-1,-1,-1
17,5,3011.007568359375,516.693603515625,20.435302734375,40.59600830078125,0.2681637108325958,-1,-1,-1
17,6,3694.355712890625,513.1321411132812,19.656494140625,51.8028564453125,0.3091033399105072,-1,-1,-1
17,7,4205.5712890625,576.8572998046875,20.1953125,42.8592529296875,0.32742810249328613,-1,-1,-1
17,8,4304.2392578125,540.5089721679688,18.72998046875,38.4832763671875,0.28851887583732605,-1,-1,-1
17,9,4149.88330078125,537.6818237304688,18.4921875,36.12408447265625,0.2829870581626892,-1,-1,-1
17,12,3814.432861328125,567.645263671875,28.220458984375,45.164306640625,0.29023227095603943,-1,-1,-1
17,10,3640.654052734375,606.7021484375,21.927490234375,51.9171142578125,0.3174428939819336,-1,-1,-1
18,1,4307.62646484375,717.9344482421875,32.05126953125,78.889892578125,0.8165427446365356,-1,-1,-1
18,2,5109.89697265625,798.279296875,43.353515625,102.71966552734375,0.7430634498596191,-1,-1,-1
18,4,3485.548583984375,600.8696899414062,24.6796875,56.6151123046875,0.5665392279624939,-1,-1,-1
18,6,3694.260986328125,513.772705078125,19.78076171875,50.847900390625,0.3011071979999542,-1,-1,-1
18,7,4205.32861328125,577.1533203125,19.87890625,41.57025146484375,0.3036482036113739,-1,-1,-1
18,8,4304.21728515625,540.5911254882812,18.77001953125,38.68780517578125,0.2889024615287781,-1,-1,-1
18,9,4149.56201171875,537.609130859375,18.96435546875,37.02105712890625,0.2684071958065033,-1,-1,-1
18,12,3812.708251953125,567.9410400390625,29.5595703125,45.27154541015625,0.29113927483558655,-1,-1,-1
18,10,3640.849609375,608.0325317382812,22.1640625,50.21533203125,0.4220363199710846,-1,-1,-1
18,3,3889.491455078125,608.7373657226562,26.241943359375,52.79705810546875,0.30030351877212524,-1,-1,-1
19,1,4307.58251953125,717.3711547851562,32.12158203125,79.4349365234375,0.7966228127479553,-1,-1,-1
19,2,5108.41015625,798.3771362304688,43.509765625,102.9324951171875,0.7402260899543762,-1,-1,-1
19,4,3486.641357421875,600.587646484375,23.475341796875,55.8221435546875,0.5743393301963806,-1,-1,-1
19,6,3694.248046875,514.3338623046875,19.90625,49.46002197265625,0.29525870084762573,-1,-1,-1
19,7,4204.90380859375,577.7726440429688,19.5966796875,41.33209228515625,0.29101648926734924,-1,-1,-1
19,8,4304.2080078125,540.502685546875,18.7333984375,38.7093505859375,0.2784927189350128,-1,-1,-1
19,9,4149.26171875,537.6525268554688,19.2763671875,34.87225341796875,0.26065605878829956,-1,-1,-1
19,12,3810.996826171875,568.9348754882812,31.6181640625,45.07080078125,0.29259568452835083,-1,-1,-1
19,10,3641.5908203125,609.7326049804688,22.428955078125,48.3787841796875,0.37864652276039124,-1,-1,-1
19,3,3890.275146484375,609.6276245117188,25.893798828125,52.50543212890625,0.3134516775608063,-1,-1,-1
20,1,4306.84033203125,716.83349609375,32.73974609375,79.25457763671875,0.7729238867759705,-1,-1,-1
20,2,5106.00244140625,798.4337158203125,45.177734375,103.4093017578125,0.7578267455101013,-1,-1,-1
20,4,3487.973388671875,600.4873657226562,22.0869140625,55.37579345703125,0.584036111831665,-1,-1,-1
20,6,3694.25537109375,514.2398071289062,20.1982421875,49.41107177734375,0.3042988181114197,-1,-1,-1
20,7,4204.416015625,578.2164916992188,19.73193359375,44.36285400390625,0.3321341574192047,-1,-1,-1
20,8,4304.2216796875,540.495849609375,18.8173828125,38.8768310546875,0.28860846161842346,-1,-1,-1
20,9,4148.75,537.5138549804688,19.50341796875,35.6873779296875,0.2742527425289154,-1,-1,-1
20,12,3811.180908203125,568.608642578125,30.513671875,45.68084716796875,0.26019996404647827,-1,-1,-1
20,10,3642.8984375,609.0921020507812,22.244873046875,48.7786865234375,0.41133934259414673,-1,-1,-1
20,3,3891.297607421875,610.1454467773438,25.3115234375,51.63092041015625,0.36096441745758057,-1,-1,-1
21,1,4306.36865234375,716.4713745117188,33.09375,78.9437255859375,0.7716652750968933,-1,-1,-1
21,2,5103.4052734375,798.7089233398438,47.212890625,103.45672607421875,0.7561044096946716,-1,-1,-1
21,4,3489.450439453125,601.3477783203125,20.441650390625,54.62432861328125,0.54735267162323,-1,-1,-1
21,6,3694.15966796875,513.81884765625,20.069091796875,49.92572021484375,0.30268868803977966,-1,-1,-1
21,7,4203.822265625,578.7174682617188,19.72265625,42.83074951171875,0.3153843581676483,-1,-1,-1
21,8,4304.1640625,540.625732421875,18.86669921875,38.92462158203125,0.27525562047958374,-1,-1,-1
21,9,4148.0986328125,537.2061767578125,19.82373046875,37.30816650390625,0.26080256700515747,-1,-1,-1
21,10,3643.647705078125,607.6502075195312,22.175537109375,50.094970703125,0.3953036665916443,-1,-1,-1
21,3,3893.388916015625,609.9063720703125,23.683837890625,50.752197265625,0.37222838401794434,-1,-1,-1
22,1,4305.63525390625,716.6314086914062,33.8154296875,78.36688232421875,0.7531985640525818,-1,-1,-1
22,2,5098.93359375,798.9920043945312,50.96728515625,103.72406005859375,0.7519748210906982,-1,-1,-1
22,4,3490.366455078125,600.7188720703125,19.463623046875,54.7440185546875,0.57120281457901,-1,-1,-1
22,6,3694.02783203125,513.1864624023438,19.643310546875,50.9251708984375,0.31190991401672363,-1,-1,-1
22,7,4203.3173828125,578.6669921875,19.99853515625,42.64227294921875,0.3315356373786926,-1,-1,-1
22,8,4304.02294921875,540.64990234375,19.044921875,38.0333251953125,0.2769322097301483,-1,-1,-1
22,9,4147.48095703125,537.1041870117188,19.97900390625,37.48699951171875,0.2630918323993683,-1,-1,-1
22,10,3644.177001953125,606.34130859375,22.92529296875,51.299560546875,0.2991560697555542,-1,-1,-1
22,3,3894.630615234375,609.2525634765625,22.597900390625,51.21441650390625,0.3511612117290497,-1,-1,-1
23,1,4304.6318359375,716.58642578125,34.7353515625,78.13885498046875,0.7545266151428223,-1,-1,-1
23,2,5096.583984375,799.2732543945312,52.7275390625,103.47491455078125,0.7633966207504272,-1,-1,-1
23,4,3490.746826171875,600.5426635742188,19.192626953125,54.303955078125,0.5979101061820984,-1,-1,-1
23,6,3693.90966796875,512.6122436523438,19.31298828125,51.408447265625,0.29864346981048584,-1,-1,-1
23,7,4203.30419921875,578.6359252929688,19.9560546875,42.96044921875,0.35369062423706055,-1,-1,-1
23,8,4304.0556640625,540.7068481445312,18.98486328125,37.34967041015625,0.26329684257507324,-1,-1,-1
23,9,4147.08154296875,537.0031127929688,19.890625,36.49822998046875,0.27791112661361694,-1,-1,-1
23,10,3645.3955078125,604.6721801757812,22.645263671875,53.343505859375,0.3850299119949341,-1,-1,-1
23,3,3894.513671875,609.2239990234375,23.22265625,52.2037353515625,0.35049909353256226,-1,-1,-1
24,1,4303.5615234375,716.3116455078125,35.15625,78.38543701171875,0.7284616231918335,-1,-1,-1
24,2,5095.8046875,799.7611083984375,53.140625,102.9820556640625,0.7493305802345276,-1,-1,-1
24,4,3491.125732421875,600.1931762695312,19.08447265625,54.89593505859375,0.6291504502296448,-1,-1,-1
24,6,3693.924560546875,512.4114990234375,18.672607421875,51.14923095703125,0.3086761236190796,-1,-1,-1
24,7,4203.44775390625,578.5988159179688,19.83349609375,43.23883056640625,0.35284045338630676,-1,-1,-1
24,8,4303.8974609375,540.935546875,19.064453125,36.66424560546875,0.2683568000793457,-1,-1,-1
24,9,4146.7822265625,536.980712890625,19.84423828125,35.92022705078125,0.2681253254413605,-1,-1,-1
24,10,3646.125,603.4955444335938,22.18115234375,54.02398681640625,0.33788520097732544,-1,-1,-1
24,3,3896.0830078125,609.4029541015625,22.26708984375,51.99237060546875,0.39665067195892334,-1,-1,-1
25,1,4302.73486328125,715.95361328125,34.9189453125,78.9630126953125,0.7122636437416077,-1,-1,-1
25,2,5094.71240234375,800.3323974609375,53.6201171875,102.1048583984375,0.7405397295951843,-1,-1,-1
25,4,3491.3623046875,600.1812744140625,19.155029296875,54.59539794921875,0.6090396046638489,-1,-1,-1
25,6,3694.002197265625,512.3847045898438,18.66357421875,51.625,0.36418938636779785,-1,-1,-1
25,7,4204.22509765625,578.5916137695312,19.2021484375,43.704345703125,0.35628893971443176,-1,-1,-1
25,8,4303.64990234375,541.4461059570312,19.11328125,36.42938232421875,0.2843935191631317,-1,-1,-1
25,9,4146.5107421875,537.0537719726562,19.7861328125,35.00067138671875,0.28224119544029236,-1,-1,-1
25,10,3646.72802734375,603.2249145507812,21.821533203125,52.76220703125,0.28920766711235046,-1,-1,-1
25,3,3898.74658203125,608.8931274414062,20.60009765625,52.2939453125,0.3978804647922516,-1,-1,-1
26,1,4301.6083984375,715.6731567382812,35.2470703125,79.56494140625,0.7036246657371521,-1,-1,-1
26,2,5094.447265625,800.3018188476562,53.27978515625,102.23370361328125,0.737701952457428,-1,-1,-1
26,4,3491.481689453125,599.9898071289062,19.370361328125,55.8272705078125,0.6129898428916931,-1,-1,-1
26,6,3693.93310546875,512.4686279296875,18.562255859375,51.7568359375,0.3290991485118866,-1,-1,-1
26,7,4205.7861328125,578.6904907226562,18.01513671875,43.416015625,0.33633774518966675,-1,-1,-1
26,8,4303.56005859375,541.5462036132812,19.12353515625,37.01513671875,0.3135991394519806,-1,-1,-1
26,9,4146.4560546875,537.4774780273438,19.568359375,35.2308349609375,0.2672886252403259,-1,-1,-1
26,10,3646.361328125,602.4373779296875,22.57080078125,53.57708740234375,0.3079070746898651,-1,-1,-1
26,3,3900.62890625,608.7106323242188,20.875244140625,52.59442138671875,0.438937246799469,-1,-1,-1
27,1,4300.9189453125,715.3230590820312,34.86669921875,80.05120849609375,0.6956951022148132,-1,-1,-1
27,2,5093.70556640625,800.5399780273438,53.466796875,101.7613525390625,0.7295467257499695,-1,-1,-1
27,4,3491.546142578125,599.9056396484375,19.480712890625,55.2647705078125,0.5578640103340149,-1,-1,-1
27,6,3693.89453125,512.8140258789062,18.166259765625,48.69451904296875,0.37484532594680786,-1,-1,-1
27,7,4206.0302734375,578.1541137695312,17.83447265625,45.3472900390625,0.3837934136390686,-1,-1,-1
27,8,4303.39990234375,541.6323852539062,19.06005859375,36.90972900390625,0.2904077470302582,-1,-1,-1
27,9,4146.33203125,537.6197509765625,19.5830078125,34.9320068359375,0.28585919737815857,-1,-1,-1
27,10,3646.98583984375,601.67431640625,22.173828125,54.07232666015625,0.3185717761516571,-1,-1,-1
27,3,3902.870361328125,608.6588134765625,20.159423828125,52.6507568359375,0.48595908284187317,-1,-1,-1
27,5,3011.146240234375,516.54931640625,20.351806640625,40.69610595703125,0.26503047347068787,-1,-1,-1
28,1,4300.71533203125,714.8132934570312,33.55419921875,80.32391357421875,0.6777498126029968,-1,-1,-1
28,2,5092.29345703125,800.86328125,53.78173828125,100.38458251953125,0.7388292551040649,-1,-1,-1
28,4,3491.525390625,600.1510009765625,19.9462890625,55.3115234375,0.5914657711982727,-1,-1,-1
28,6,3694.017333984375,513.2108764648438,17.823486328125,44.73919677734375,0.3363904654979706,-1,-1,-1
28,7,4206.3779296875,577.9315795898438,17.75537109375,44.96978759765625,0.3245875835418701,-1,-1,-1
28,8,4303.2333984375,542.0272216796875,19.0498046875,36.46844482421875,0.2776797115802765,-1,-1,-1
28,10,3648.255615234375,601.09130859375,21.692626953125,54.25347900390625,0.29514142870903015,-1,-1,-1
28,3,3904.865478515625,609.0030517578125,19.223388671875,52.47412109375,0.49878227710723877,-1,-1,-1
29,1,4300.134765625,714.6795043945312,33.314453125,80.1937255859375,0.7180203795433044,-1,-1,-1
29,2,5091.15087890625,801.0203857421875,54.62841796875,99.3055419921875,0.76437908411026,-1,-1,-1
29,4,3491.368408203125,600.40380859375,20.766845703125,55.80902099609375,0.6273010969161987,-1,-1,-1
29,6,3693.8095703125,512.8607177734375,17.805908203125,45.5706787109375,0.3275003433227539,-1,-1,-1
29,7,4206.08544921875,577.8115234375,18.48486328125,46.082763671875,0.34541022777557373,-1,-1,-1
29,8,4302.98828125,542.2559204101562,19.1669921875,36.20489501953125,0.2504029870033264,-1,-1,-1
29,10,3648.635009765625,601.2637329101562,21.832275390625,54.39947509765625,0.280268132686615,-1,-1,-1
29,3,3905.093017578125,609.743896484375,20.063232421875,51.5626220703125,0.49367257952690125,-1,-1,-1
30,1,4300.12841796875,715.2777099609375,33.08349609375,79.79296875,0.7108277082443237,-1,-1,-1
30,2,5087.88623046875,801.0205078125,57.68603515625,99.0849609375,0.7540072202682495,-1,-1,-1
30,4,3491.479248046875,600.7299194335938,21.076904296875,55.958740234375,0.6250466108322144,-1,-1,-1
30,6,3693.724609375,513.4979248046875,17.81591796875,43.83465576171875,0.32858023047447205,-1,-1,-1
30,7,4204.9794921875,578.2639770507812,19.82470703125,48.26953125,0.4258134365081787,-1,-1,-1
30,8,4303.02490234375,542.2186889648438,19.2470703125,35.8731689453125,0.2565182149410248,-1,-1,-1
30,10,3649.46533203125,601.239013671875,21.2333984375,53.81549072265625,0.2733987271785736,-1,-1,-1
30,3,3905.8056640625,610.1322021484375,20.42138671875,51.5518798828125,0.545102596282959,-1,-1,-1
30,5,3011.240478515625,516.3612670898438,20.340087890625,40.8974609375,0.26114422082901,-1,-1,-1
31,1,4299.7568359375,715.4840087890625,33.130859375,79.93023681640625,0.6869637966156006,-1,-1,-1
31,2,5084.7744140625,801.6119384765625,60.02685546875,98.20928955078125,0.7432429790496826,-1,-1,-1
31,4,3491.976318359375,600.471923828125,20.877685546875,55.373291015625,0.6072545051574707,-1,-1,-1
31,6,3693.664306640625,513.434814453125,17.907958984375,43.697265625,0.31520113348960876,-1,-1,-1
31,7,4205.30859375,578.7971801757812,20.46044921875,48.60736083984375,0.37444067001342773,-1,-1,-1
31,3,3907.102294921875,610.1554565429688,19.825927734375,51.12506103515625,0.5705937743186951,-1,-1,-1
32,1,4299.59521484375,716.0729370117188,32.6962890625,79.6202392578125,0.6812246441841125,-1,-1,-1
32,2,5081.02587890625,801.8206787109375,62.89599609375,97.82159423828125,0.7765882015228271,-1,-1,-1
32,4,3493.911865234375,600.052001953125,20.0244140625,55.67071533203125,0.6065050959587097,-1,-1,-1
32,6,3693.718994140625,513.9398803710938,17.981201171875,43.67041015625,0.3501141667366028,-1,-1,-1
32,7,4205.72265625,579.5675659179688,20.62255859375,48.1131591796875,0.3267418146133423,-1,-1,-1
32,3,3907.834228515625,609.523681640625,19.13916015625,52.05615234375,0.583297610282898,-1,-1,-1
32,5,3011.106689453125,516.3904418945312,20.542236328125,40.18438720703125,0.27650830149650574,-1,-1,-1
33,1,4299.44580078125,717.5095825195312,32.0615234375,78.1168212890625,0.6846190094947815,-1,-1,-1
33,2,5077.1845703125,801.7517700195312,65.50341796875,97.39154052734375,0.7893096804618835,-1,-1,-1
33,4,3495.534423828125,599.8516235351562,19.2548828125,55.5677490234375,0.6180486679077148,-1,-1,-1
33,6,3693.925048828125,515.1610717773438,17.83984375,43.22705078125,0.38390541076660156,-1,-1,-1
33,7,4206.20166015625,579.912841796875,20.61669921875,47.583251953125,0.3219813108444214,-1,-1,-1
33,3,3908.5615234375,608.9882202148438,19.494384765625,52.972900390625,0.6298376321792603,-1,-1,-1
33,5,3011.018310546875,516.3119506835938,20.68115234375,40.41455078125,0.2586324214935303,-1,-1,-1
34,1,4298.091796875,718.2243041992188,32.2587890625,78.367431640625,0.6707249283790588,-1,-1,-1
34,2,5074.74951171875,801.7415161132812,66.384765625,98.1231689453125,0.7878486514091492,-1,-1,-1
34,4,3496.22314453125,599.64501953125,19.248779296875,56.10638427734375,0.6607691049575806,-1,-1,-1
34,6,3693.6298828125,515.033447265625,18.130126953125,43.647705078125,0.3872053027153015,-1,-1,-1
34,7,4206.66162109375,581.0424194335938,20.49169921875,46.8626708984375,0.3704765737056732,-1,-1,-1
34,3,3909.271484375,608.7107543945312,19.1708984375,53.308837890625,0.6378595232963562,-1,-1,-1
34,5,3010.843505859375,516.0372924804688,20.96533203125,40.66839599609375,0.29439789056777954,-1,-1,-1
34,10,3651.3564453125,602.7909545898438,20.704833984375,45.73004150390625,0.29401054978370667,-1,-1,-1
35,1,4297.1123046875,717.905517578125,32.34912109375,79.58282470703125,0.710823655128479,-1,-1,-1
35,2,5072.35595703125,801.7372436523438,67.26953125,97.490478515625,0.7979671955108643,-1,-1,-1
35,4,3496.2861328125,598.9641723632812,20.677734375,56.9945068359375,0.6485188603401184,-1,-1,-1
35,6,3693.051513671875,514.3429565429688,18.779052734375,44.72637939453125,0.371577650308609,-1,-1,-1
35,7,4207.1171875,581.415771484375,20.47998046875,46.3123779296875,0.3877773880958557,-1,-1,-1
35,3,3909.59521484375,608.8040771484375,19.985107421875,53.3460693359375,0.620354950428009,-1,-1,-1
35,5,3010.812255859375,515.8014526367188,21.00341796875,40.88885498046875,0.3149276077747345,-1,-1,-1
35,42,3775.843994140625,576.3504638671875,20.94482421875,40.42431640625,0.35890328884124756,-1,-1,-1
35,10,3651.556396484375,601.9318237304688,20.873779296875,45.40301513671875,0.39505839347839355,-1,-1,-1
36,1,4296.45361328125,718.4954223632812,32.06591796875,79.4779052734375,0.6854784488677979,-1,-1,-1
36,2,5074.451171875,802.1194458007812,63.87255859375,96.543212890625,0.7442570924758911,-1,-1,-1
36,4,3497.21435546875,598.6790161132812,20.738525390625,57.29547119140625,0.7014806270599365,-1,-1,-1
36,6,3692.347900390625,513.6139526367188,19.710693359375,44.8436279296875,0.3176952600479126,-1,-1,-1
36,7,4207.16455078125,581.552978515625,21.19921875,45.49383544921875,0.3432460427284241,-1,-1,-1
36,3,3910.14501953125,608.8485717773438,21.389404296875,53.199462890625,0.6025575995445251,-1,-1,-1
36,5,3010.81201171875,515.6236572265625,21.062255859375,41.193359375,0.31121012568473816,-1,-1,-1
36,42,3774.885986328125,577.2138671875,19.2099609375,41.38043212890625,0.36268556118011475,-1,-1,-1
36,10,3652.1982421875,601.7251586914062,20.68212890625,48.50146484375,0.44012683629989624,-1,-1,-1
37,1,4295.4453125,718.23974609375,32.50341796875,79.54296875,0.6959997415542603,-1,-1,-1
37,2,5073.28369140625,802.3837890625,63.76513671875,95.86859130859375,0.7518290281295776,-1,-1,-1
37,4,3497.722412109375,598.3140869140625,21.13671875,57.7095947265625,0.7071332931518555,-1,-1,-1
37,6,3692.4384765625,513.9338989257812,20.03759765625,43.814697265625,0.29280123114585876,-1,-1,-1
37,7,4207.50732421875,581.3387451171875,22.23291015625,45.64923095703125,0.3031589984893799,-1,-1,-1
37,3,3910.496337890625,608.9320068359375,22.3642578125,53.328857421875,0.5671312808990479,-1,-1,-1
37,5,3010.806640625,515.6331787109375,21.047119140625,41.0462646484375,0.2925802171230316,-1,-1,-1
37,42,3771.718994140625,577.4657592773438,20.644775390625,43.2440185546875,0.37643471360206604,-1,-1,-1
37,10,3653.072265625,601.7352294921875,19.923095703125,49.06353759765625,0.43198826909065247,-1,-1,-1
38,1,4293.33642578125,716.5054931640625,33.1904296875,80.20526123046875,0.6708927154541016,-1,-1,-1
38,2,5072.68359375,802.3440551757812,62.591796875,95.93780517578125,0.7422623634338379,-1,-1,-1
38,4,3497.710693359375,598.2540893554688,21.34130859375,57.9434814453125,0.6654657125473022,-1,-1,-1
38,6,3692.363525390625,514.822998046875,20.520263671875,42.36724853515625,0.2797571122646332,-1,-1,-1
38,7,4208.19775390625,581.0227661132812,22.7177734375,46.662353515625,0.2807771563529968,-1,-1,-1
38,3,3911.101318359375,609.5811157226562,22.66552734375,52.3651123046875,0.46343356370925903,-1,-1,-1
38,5,3010.821044921875,515.4658813476562,21.065185546875,41.0947265625,0.31283941864967346,-1,-1,-1
38,42,3768.9306640625,580.8800048828125,21.525390625,43.15411376953125,0.3590872287750244,-1,-1,-1
38,10,3653.546630859375,602.2506103515625,19.928466796875,49.60430908203125,0.4723489284515381,-1,-1,-1
39,1,4292.33056640625,715.0200805664062,33.0625,80.82763671875,0.6159676909446716,-1,-1,-1
39,2,5071.59423828125,801.2037353515625,62.53173828125,97.2171630859375,0.7600600123405457,-1,-1,-1
39,4,3497.7802734375,598.0247802734375,21.719482421875,57.860107421875,0.6659578680992126,-1,-1,-1
39,6,3692.236328125,515.1922607421875,20.787353515625,41.912109375,0.27993592619895935,-1,-1,-1
39,3,3912.142822265625,611.8324584960938,21.271240234375,50.46270751953125,0.4599428176879883,-1,-1,-1
39,5,3010.82373046875,515.5167236328125,21.062744140625,40.89642333984375,0.2969121038913727,-1,-1,-1
39,42,3766.623046875,582.1968383789062,21.57177734375,44.85546875,0.3326830267906189,-1,-1,-1
39,10,3654.56640625,602.8301391601562,19.657470703125,49.06494140625,0.44256260991096497,-1,-1,-1
40,1,4289.78955078125,714.214111328125,34.4677734375,81.58770751953125,0.6085777878761292,-1,-1,-1
40,2,5070.23193359375,800.5595092773438,62.8505859375,97.52410888671875,0.7708874940872192,-1,-1,-1
40,4,3497.878173828125,597.8005981445312,22.081298828125,57.4102783203125,0.6723279356956482,-1,-1,-1
40,6,3692.2724609375,515.23291015625,20.767822265625,41.50238037109375,0.2541709244251251,-1,-1,-1
40,3,3913.096923828125,612.15625,20.195556640625,50.39752197265625,0.46125897765159607,-1,-1,-1
40,5,3010.921142578125,515.524169921875,20.954345703125,40.69622802734375,0.28735047578811646,-1,-1,-1
40,42,3763.622802734375,582.92724609375,22.23046875,44.73883056640625,0.37884625792503357,-1,-1,-1
40,10,3655.195068359375,601.507080078125,19.995361328125,51.67193603515625,0.5394896864891052,-1,-1,-1
41,1,4287.81689453125,713.94287109375,34.9970703125,81.7830810546875,0.6177542805671692,-1,-1,-1
41,2,5069.36962890625,800.0575561523438,61.51025390625,97.7559814453125,0.7871833443641663,-1,-1,-1
41,4,3498.54931640625,597.5724487304688,21.751953125,56.63299560546875,0.6595398187637329,-1,-1,-1
41,3,3914.041015625,610.8343505859375,20.742919921875,52.178955078125,0.4713340997695923,-1,-1,-1
41,5,3011.0009765625,515.5616455078125,20.86376953125,40.57806396484375,0.2936198115348816,-1,-1,-1
41,42,3760.71240234375,585.1142578125,23.46240234375,42.760498046875,0.3434748351573944,-1,-1,-1
41,10,3655.819091796875,600.6854248046875,20.2587890625,53.10174560546875,0.5306832790374756,-1,-1,-1
42,1,4287.04345703125,713.4309692382812,33.92919921875,82.1622314453125,0.6075628995895386,-1,-1,-1
42,2,5067.7939453125,799.2378540039062,59.09423828125,97.115966796875,0.7736904621124268,-1,-1,-1
42,4,3498.546875,597.7610473632812,21.9248046875,55.4627685546875,0.665208637714386,-1,-1,-1
42,3,3915.30224609375,610.3932495117188,20.52685546875,51.945556640625,0.4780670404434204,-1,-1,-1
42,5,3010.95556640625,515.4469604492188,20.954345703125,40.7020263671875,0.2883693277835846,-1,-1,-1
42,42,3757.62939453125,586.176513671875,25.354736328125,41.40081787109375,0.3245513141155243,-1,-1,-1
42,10,3656.59814453125,600.8649291992188,21.536865234375,52.06524658203125,0.5286308526992798,-1,-1,-1
43,1,4286.4970703125,712.7920532226562,31.9482421875,81.83868408203125,0.6077160835266113,-1,-1,-1
43,2,5066.72119140625,798.7736206054688,56.251953125,97.02105712890625,0.7664174437522888,-1,-1,-1
43,4,3499.1669921875,597.4854125976562,21.598388671875,51.77581787109375,0.6325035095214844,-1,-1,-1
43,3,3916.354736328125,610.5432739257812,20.7548828125,51.0540771484375,0.478666752576828,-1,-1,-1
43,5,3011.015869140625,515.4551391601562,20.858154296875,40.708740234375,0.3052802085876465,-1,-1,-1
43,42,3754.4208984375,585.570556640625,27.344482421875,40.86871337890625,0.2824914753437042,-1,-1,-1
43,10,3656.607666015625,602.4147338867188,22.641357421875,52.3438720703125,0.5207602977752686,-1,-1,-1
43,57,3797.7548828125,557.0935668945312,16.802978515625,37.012451171875,0.4847894310951233,-1,-1,-1
44,1,4285.9033203125,712.6582641601562,30.43212890625,81.58740234375,0.6201989054679871,-1,-1,-1
44,2,5064.01513671875,798.8301391601562,55.19091796875,95.75616455078125,0.7450627088546753,-1,-1,-1
44,4,3499.57958984375,597.2703857421875,21.3818359375,50.8712158203125,0.6565906405448914,-1,-1,-1
44,3,3917.134765625,610.28955078125,21.3349609375,50.99652099609375,0.47631677985191345,-1,-1,-1
44,5,3011.1181640625,515.4360961914062,20.718994140625,40.5906982421875,0.315127968788147,-1,-1,-1
44,42,3751.407958984375,584.516845703125,30.498291015625,44.5570068359375,0.27598726749420166,-1,-1,-1
44,10,3656.904296875,604.0372314453125,23.08251953125,50.85943603515625,0.48292943835258484,-1,-1,-1
44,57,3796.46240234375,555.2578735351562,16.602294921875,37.10711669921875,0.4962577521800995,-1,-1,-1
45,1,4284.607421875,712.2879028320312,31.130859375,82.25677490234375,0.6365522742271423,-1,-1,-1
45,2,5061.05078125,798.7401123046875,56.431640625,96.06549072265625,0.714417576789856,-1,-1,-1
45,4,3499.757080078125,597.098388671875,21.415771484375,50.380859375,0.6434927582740784,-1,-1,-1
45,3,3917.819580078125,609.7960205078125,21.154541015625,51.53143310546875,0.4399530589580536,-1,-1,-1
45,5,3011.1943359375,515.4585571289062,20.661865234375,40.45294189453125,0.3065616190433502,-1,-1,-1
45,42,3748.8984375,582.75439453125,31.09912109375,47.631103515625,0.25492289662361145,-1,-1,-1
45,10,3657.329345703125,603.3514404296875,23.083984375,51.45562744140625,0.5101262331008911,-1,-1,-1
45,57,3794.467529296875,554.295166015625,16.78466796875,39.08599853515625,0.47173622250556946,-1,-1,-1
46,1,4283.74365234375,711.9764404296875,31.88916015625,82.55145263671875,0.6458142399787903,-1,-1,-1
46,2,5057.4658203125,798.082275390625,58.80517578125,96.89984130859375,0.69510817527771,-1,-1,-1
46,4,3499.79736328125,597.0702514648438,21.308349609375,50.27294921875,0.6492699384689331,-1,-1,-1
46,3,3918.21875,609.0800170898438,20.92578125,51.73345947265625,0.4473695158958435,-1,-1,-1
46,5,3011.36865234375,515.38818359375,20.4658203125,40.48028564453125,0.31150326132774353,-1,-1,-1
46,10,3657.812744140625,602.4584350585938,22.504150390625,52.79083251953125,0.5463674068450928,-1,-1,-1
46,57,3792.420166015625,554.0330200195312,17.202880859375,39.8302001953125,0.47253310680389404,-1,-1,-1
47,1,4282.5498046875,711.6077880859375,31.955078125,82.759521484375,0.6817057132720947,-1,-1,-1
47,2,5054.3486328125,797.6881713867188,60.7939453125,97.93194580078125,0.7018482685089111,-1,-1,-1
47,4,3499.79296875,597.0731811523438,21.189208984375,48.75518798828125,0.6219635009765625,-1,-1,-1
47,3,3918.845947265625,609.0430908203125,20.66748046875,51.59979248046875,0.44457173347473145,-1,-1,-1
47,5,3011.521484375,515.3539428710938,20.31396484375,40.430419921875,0.31227168440818787,-1,-1,-1
47,10,3658.367431640625,602.0214233398438,22.072265625,53.8975830078125,0.555019199848175,-1,-1,-1
47,57,3790.979248046875,554.5215454101562,17.610107421875,40.1357421875,0.46884486079216003,-1,-1,-1
47,42,3747.307861328125,579.976318359375,25.2275390625,48.91705322265625,0.333699107170105,-1,-1,-1
48,1,4281.49462890625,710.8485107421875,32.078125,82.80426025390625,0.7319549322128296,-1,-1,-1
48,2,5050.5029296875,797.177001953125,64.4638671875,99.22930908203125,0.6688286662101746,-1,-1,-1
48,4,3499.728759765625,596.9905395507812,21.1748046875,48.11663818359375,0.6135247945785522,-1,-1,-1
48,3,3919.103759765625,608.4494018554688,21.47509765625,51.68499755859375,0.46571874618530273,-1,-1,-1
48,5,3011.587890625,515.3462524414062,20.274169921875,40.35528564453125,0.31221064925193787,-1,-1,-1
48,10,3659.29052734375,602.0431518554688,21.3515625,54.27789306640625,0.5344897508621216,-1,-1,-1
48,57,3789.419921875,557.6705322265625,18.074462890625,37.1683349609375,0.4488844871520996,-1,-1,-1
48,42,3747.0693359375,578.2144165039062,20.40625,49.57940673828125,0.4560709595680237,-1,-1,-1
49,1,4279.07861328125,710.2301025390625,33.580078125,83.14312744140625,0.7601785659790039,-1,-1,-1
49,2,5046.77880859375,797.232421875,67.52001953125,101.30035400390625,0.7050071358680725,-1,-1,-1
49,4,3499.47802734375,597.0415649414062,21.19873046875,48.93670654296875,0.6239311099052429,-1,-1,-1
49,3,3919.4794921875,607.9447631835938,21.872314453125,52.017578125,0.467673659324646,-1,-1,-1
49,5,3011.591552734375,515.3720092773438,20.270263671875,40.3125,0.30611133575439453,-1,-1,-1
49,10,3660.11279296875,601.3388671875,20.781982421875,54.48187255859375,0.5714501142501831,-1,-1,-1
49,57,3787.766357421875,559.930419921875,19.1083984375,37.28839111328125,0.3435680568218231,-1,-1,-1
49,42,3746.13671875,576.6621704101562,18.807861328125,48.39605712890625,0.37193629145622253,-1,-1,-1
50,1,4276.078125,709.7644653320312,35.82421875,83.20587158203125,0.7404853105545044,-1,-1,-1
50,2,5044.46435546875,797.8380737304688,69.16064453125,99.48968505859375,0.7121308445930481,-1,-1,-1
50,4,3499.3896484375,596.9064331054688,21.1259765625,50.178955078125,0.6068348288536072,-1,-1,-1
50,3,3919.607421875,607.56005859375,21.663330078125,52.14691162109375,0.4412977993488312,-1,-1,-1
50,5,3011.56103515625,515.3515625,20.340087890625,40.61785888671875,0.28016242384910583,-1,-1,-1
50,10,3660.735107421875,601.4222412109375,20.311279296875,54.38433837890625,0.5637810826301575,-1,-1,-1
50,57,3786.16162109375,561.1819458007812,20.292724609375,36.4647216796875,0.26794928312301636,-1,-1,-1
50,42,3743.771484375,575.4364624023438,19.683837890625,49.750732421875,0.46452292799949646,-1,-1,-1
51,1,4274.453125,709.4922485351562,36.09521484375,82.7025146484375,0.727223813533783,-1,-1,-1
51,2,5040.66455078125,798.4984741210938,72.5009765625,96.8345947265625,0.7157484889030457,-1,-1,-1
51,4,3499.27294921875,596.7890625,20.978759765625,52.8978271484375,0.6235302686691284,-1,-1,-1
51,3,3919.932373046875,607.392333984375,20.35400390625,51.59332275390625,0.4317377805709839,-1,-1,-1
51,5,3011.592041015625,515.3244018554688,20.323486328125,40.68817138671875,0.3014138638973236,-1,-1,-1
51,10,3661.4404296875,601.754150390625,20.045166015625,53.05023193359375,0.5116197466850281,-1,-1,-1
51,42,3739.62158203125,574.8720703125,21.80419921875,51.78668212890625,0.48866453766822815,-1,-1,-1
52,1,4273.3642578125,708.9909057617188,36.59423828125,83.43353271484375,0.74418705701828,-1,-1,-1
52,2,5038.16796875,798.38525390625,74.48095703125,96.62628173828125,0.7745620608329773,-1,-1,-1
52,4,3499.317626953125,596.7234497070312,20.7451171875,53.92669677734375,0.6126726269721985,-1,-1,-1
52,3,3920.32763671875,607.2811279296875,19.465087890625,51.27191162109375,0.44662362337112427,-1,-1,-1
52,5,3011.59716796875,515.35986328125,20.320556640625,40.59967041015625,0.30769363045692444,-1,-1,-1
52,10,3661.679931640625,601.8367919921875,20.074462890625,53.00457763671875,0.48732098937034607,-1,-1,-1
52,42,3737.302490234375,575.0694580078125,21.16064453125,51.9801025390625,0.512604296207428,-1,-1,-1
52,65,4290.6318359375,538.3995971679688,21.18798828125,40.534912109375,0.3268069624900818,-1,-1,-1
53,1,4272.6865234375,708.747802734375,36.23046875,83.7991943359375,0.7354207634925842,-1,-1,-1
53,2,5036.33935546875,799.19091796875,75.373046875,95.858154296875,0.7875958681106567,-1,-1,-1
53,4,3499.25244140625,596.6177368164062,20.67626953125,52.4119873046875,0.6114326119422913,-1,-1,-1
53,3,3920.541748046875,607.4935302734375,18.830322265625,50.83563232421875,0.4660782516002655,-1,-1,-1
53,5,3011.5400390625,515.3890991210938,20.33349609375,40.620849609375,0.3151383697986603,-1,-1,-1
53,10,3661.969482421875,602.2531127929688,19.781494140625,52.565185546875,0.4817720353603363,-1,-1,-1
53,42,3735.3857421875,577.2762451171875,20.545166015625,48.42523193359375,0.5297936797142029,-1,-1,-1
53,65,4290.501953125,538.3319091796875,20.93408203125,42.27764892578125,0.3700219690799713,-1,-1,-1
54,1,4272.6357421875,709.2109375,34.97412109375,83.23236083984375,0.7362233996391296,-1,-1,-1
54,2,5034.06298828125,799.8965454101562,76.00048828125,95.88494873046875,0.820402979850769,-1,-1,-1
54,4,3499.343994140625,596.3654174804688,20.65380859375,50.93115234375,0.5889165997505188,-1,-1,-1
54,3,3920.59423828125,605.48583984375,21.489501953125,53.01934814453125,0.5056502819061279,-1,-1,-1
54,5,3011.656982421875,515.5324096679688,20.251220703125,40.5657958984375,0.32639187574386597,-1,-1,-1
54,10,3662.513671875,603.078125,19.261962890625,51.69488525390625,0.3969736695289612,-1,-1,-1
54,42,3734.295166015625,579.2705688476562,19.62353515625,45.72137451171875,0.3956034481525421,-1,-1,-1
54,65,4290.3203125,538.492431640625,20.8603515625,43.055419921875,0.3408588767051697,-1,-1,-1
55,1,4272.96240234375,708.7423706054688,32.95654296875,82.99560546875,0.7199059128761292,-1,-1,-1
55,2,5032.181640625,800.2448120117188,76.89990234375,96.88092041015625,0.8263422250747681,-1,-1,-1
55,4,3499.33837890625,596.15625,20.616455078125,50.15985107421875,0.5845944881439209,-1,-1,-1
55,3,3921.053466796875,604.762451171875,21.990234375,51.94708251953125,0.5275102257728577,-1,-1,-1
55,5,3011.666748046875,515.6010131835938,20.26025390625,40.4617919921875,0.3280724287033081,-1,-1,-1
55,10,3662.370361328125,603.2535400390625,19.745849609375,52.4271240234375,0.3960004150867462,-1,-1,-1
55,42,3731.2236328125,580.2281494140625,21.6142578125,43.0418701171875,0.34021347761154175,-1,-1,-1
55,65,4290.171875,538.3848876953125,20.37841796875,43.37738037109375,0.32363003492355347,-1,-1,-1
56,1,4272.32373046875,709.1786499023438,31.8076171875,82.10943603515625,0.7133285403251648,-1,-1,-1
56,2,5030.97900390625,800.5133056640625,76.3203125,98.03125,0.8384670615196228,-1,-1,-1
56,4,3499.384033203125,595.9835205078125,20.490966796875,49.9735107421875,0.5929203033447266,-1,-1,-1
56,3,3921.817138671875,603.9638671875,21.771240234375,52.43389892578125,0.55087810754776,-1,-1,-1
56,5,3011.641357421875,515.65087890625,20.28662109375,40.344482421875,0.32194623351097107,-1,-1,-1
56,10,3662.497802734375,604.2904052734375,18.711669921875,51.1650390625,0.4344070553779602,-1,-1,-1
56,65,4289.6640625,538.9990234375,18.783203125,42.2103271484375,0.3771016001701355,-1,-1,-1
57,1,4271.65234375,708.748291015625,30.35107421875,83.01251220703125,0.682439923286438,-1,-1,-1
57,2,5029.09228515625,801.0128173828125,77.52880859375,98.482421875,0.835676372051239,-1,-1,-1
57,4,3499.4072265625,595.947509765625,20.4091796875,49.48193359375,0.5778427720069885,-1,-1,-1
57,3,3922.459228515625,602.6968383789062,21.323974609375,53.84222412109375,0.5796247720718384,-1,-1,-1
57,5,3011.55810546875,515.6447143554688,20.356201171875,40.34844970703125,0.3312797546386719,-1,-1,-1
57,10,3662.200927734375,603.8330688476562,19.547119140625,53.07366943359375,0.4980175793170929,-1,-1,-1
57,65,4289.2470703125,540.7823486328125,17.52001953125,39.8511962890625,0.43836840987205505,-1,-1,-1
57,42,3722.13037109375,583.0936889648438,25.137939453125,44.76910400390625,0.36862054467201233,-1,-1,-1
58,1,4270.27685546875,709.2891235351562,28.88134765625,82.61260986328125,0.6211465001106262,-1,-1,-1
58,2,5028.13525390625,801.059326171875,77.0244140625,99.06591796875,0.8180526494979858,-1,-1,-1
58,4,3499.45361328125,595.8768920898438,20.194091796875,48.699951171875,0.5684154629707336,-1,-1,-1
58,3,3922.966552734375,601.245361328125,20.801025390625,55.2220458984375,0.5864402651786804,-1,-1,-1
58,5,3011.593017578125,515.7330932617188,20.22998046875,39.97711181640625,0.3252978026866913,-1,-1,-1
58,10,3662.382080078125,605.0782470703125,18.81591796875,52.62188720703125,0.5224564075469971,-1,-1,-1
58,65,4289.08251953125,540.8489379882812,16.41748046875,36.7960205078125,0.3292863965034485,-1,-1,-1
58,42,3718.178955078125,583.3136596679688,27.1650390625,45.81903076171875,0.47794273495674133,-1,-1,-1
59,1,4269.22509765625,710.4727783203125,27.98974609375,81.3084716796875,0.3702240586280823,-1,-1,-1
59,2,5027.37353515625,801.147216796875,74.35205078125,99.65380859375,0.7674192786216736,-1,-1,-1
59,4,3499.45458984375,595.7676391601562,19.95263671875,47.9046630859375,0.5189197063446045,-1,-1,-1
59,3,3923.45703125,600.2858276367188,20.2236328125,55.6180419921875,0.5543097853660583,-1,-1,-1
59,5,3011.60791015625,515.821533203125,20.205078125,39.65106201171875,0.2920926809310913,-1,-1,-1
59,10,3662.47802734375,605.8184814453125,18.302734375,52.06622314453125,0.48662206530570984,-1,-1,-1
59,65,4288.9013671875,540.68017578125,16.58056640625,37.0556640625,0.2600632309913635,-1,-1,-1
59,42,3715.23291015625,583.7638549804688,28.417236328125,45.1251220703125,0.45858097076416016,-1,-1,-1
60,1,4268.16455078125,710.5841064453125,27.97509765625,80.502197265625,0.37038862705230713,-1,-1,-1
60,2,5027.02392578125,801.5180053710938,68.15771484375,99.61932373046875,0.6409637928009033,-1,-1,-1
60,4,3499.488525390625,595.794921875,19.926025390625,47.284912109375,0.5128854513168335,-1,-1,-1
60,3,3923.728759765625,599.43359375,19.95751953125,56.21441650390625,0.5535181164741516,-1,-1,-1
60,5,3011.53857421875,515.9306030273438,20.249267578125,39.33734130859375,0.2826038897037506,-1,-1,-1
60,10,3662.613525390625,606.3229370117188,17.920166015625,51.7705078125,0.4843004047870636,-1,-1,-1
60,65,4288.7587890625,539.2261352539062,16.294921875,37.67132568359375,0.2625844180583954,-1,-1,-1
60,42,3713.79638671875,584.2667236328125,28.706298828125,45.21875,0.48735183477401733,-1,-1,-1
61,1,4266.5205078125,709.688232421875,28.55322265625,81.15704345703125,0.35267484188079834,-1,-1,-1
61,2,5026.87060546875,801.157958984375,63.43603515625,99.766845703125,0.4914828836917877,-1,-1,-1
61,4,3499.45361328125,595.7926635742188,19.930419921875,46.92266845703125,0.5122137665748596,-1,-1,-1
61,3,3924.072265625,599.1920776367188,19.727783203125,56.60107421875,0.5699728727340698,-1,-1,-1
61,5,3011.52099609375,516.0026245117188,20.271484375,39.40826416015625,0.2992391586303711,-1,-1,-1
61,10,3662.69921875,606.8053588867188,17.89306640625,51.4581298828125,0.4906105399131775,-1,-1,-1
61,65,4287.884765625,540.4927368164062,16.3662109375,36.212158203125,0.2782691419124603,-1,-1,-1
61,42,3712.179931640625,584.05517578125,29.51904296875,44.4962158203125,0.3732646405696869,-1,-1,-1
62,1,4264.7001953125,709.3234252929688,29.45263671875,82.24993896484375,0.2968783676624298,-1,-1,-1
62,2,5024.45703125,800.92236328125,62.12890625,100.24365234375,0.5846587419509888,-1,-1,-1
62,4,3499.407470703125,595.6885375976562,20.00927734375,47.05426025390625,0.5141355991363525,-1,-1,-1
62,3,3924.53271484375,598.9678344726562,19.502197265625,55.7352294921875,0.5556120872497559,-1,-1,-1
62,5,3011.501220703125,515.899658203125,20.33203125,39.4390869140625,0.26776590943336487,-1,-1,-1
62,10,3662.797119140625,607.0847778320312,18.066162109375,51.36395263671875,0.48679491877555847,-1,-1,-1
62,42,3710.412841796875,583.23291015625,28.536865234375,44.67584228515625,0.40378308296203613,-1,-1,-1
63,1,4263.6337890625,707.2463989257812,26.35595703125,84.68267822265625,0.3525897264480591,-1,-1,-1
63,2,5023.25634765625,800.0404052734375,60.7822265625,100.519775390625,0.690422534942627,-1,-1,-1
63,4,3499.40380859375,595.4824829101562,19.795166015625,47.64337158203125,0.5449683666229248,-1,-1,-1
63,3,3925.356201171875,599.13671875,19.10302734375,55.14715576171875,0.54582679271698,-1,-1,-1
63,5,3011.4140625,515.9814453125,20.42431640625,39.2056884765625,0.2670377790927887,-1,-1,-1
63,10,3662.77392578125,607.4635620117188,18.458740234375,51.1627197265625,0.470309317111969,-1,-1,-1
63,42,3709.703369140625,584.0157470703125,26.6015625,43.81964111328125,0.31978723406791687,-1,-1,-1
63,83,3768.4365234375,556.6459350585938,17.637451171875,37.053466796875,0.38760554790496826,-1,-1,-1
64,1,4263.40283203125,706.3824462890625,24.8095703125,85.37188720703125,0.2650332748889923,-1,-1,-1
64,2,5022.09521484375,799.3475952148438,57.54541015625,99.94970703125,0.7016212344169617,-1,-1,-1
64,4,3499.339599609375,595.2115478515625,19.947021484375,48.31884765625,0.5597114562988281,-1,-1,-1
64,3,3925.73095703125,599.3631591796875,19.272216796875,55.76336669921875,0.5672552585601807,-1,-1,-1
64,5,3011.38623046875,515.8734130859375,20.413330078125,39.4002685546875,0.2966211140155792,-1,-1,-1
64,10,3662.3466796875,606.7059936523438,19.674072265625,52.88275146484375,0.4679775536060333,-1,-1,-1
64,83,3767.35791015625,555.256591796875,16.857177734375,38.47705078125,0.436559796333313,-1,-1,-1
65,1,4262.859375,706.2891235351562,24.2509765625,85.1480712890625,0.5187392830848694,-1,-1,-1
65,2,5020.61767578125,799.3555297851562,55.107421875,97.283203125,0.7208441495895386,-1,-1,-1
65,4,3499.1630859375,594.9503784179688,20.041015625,48.67999267578125,0.6018595695495605,-1,-1,-1
65,3,3925.919677734375,599.6294555664062,19.4228515625,56.0340576171875,0.5872350335121155,-1,-1,-1
65,5,3011.424560546875,515.8031616210938,20.361328125,39.55999755859375,0.3092135488986969,-1,-1,-1
65,10,3661.84716796875,607.6712646484375,20.583251953125,53.0250244140625,0.470426082611084,-1,-1,-1
65,83,3765.99853515625,556.3074951171875,16.683837890625,37.04638671875,0.36333245038986206,-1,-1,-1
65,86,4229.7861328125,595.9205322265625,20.10009765625,46.8214111328125,0.3186790347099304,-1,-1,-1
66,1,4259.23876953125,706.6773071289062,27.67041015625,84.126953125,0.6977152228355408,-1,-1,-1
66,2,5017.83056640625,799.3035888671875,54.216796875,96.0279541015625,0.765318751335144,-1,-1,-1
66,4,3498.908203125,594.5272827148438,20.04541015625,49.6002197265625,0.5957900285720825,-1,-1,-1
66,3,3926.128662109375,600.0543823242188,19.61572265625,56.175537109375,0.5974299311637878,-1,-1,-1
66,5,3011.324462890625,515.5767822265625,20.32373046875,39.97515869140625,0.3304676115512848,-1,-1,-1
66,10,3661.35009765625,608.5215454101562,21.279296875,53.29083251953125,0.5014173984527588,-1,-1,-1
66,83,3764.169677734375,556.531005859375,16.912353515625,37.82696533203125,0.3820313513278961,-1,-1,-1
66,86,4229.87060546875,595.4030151367188,20.8515625,48.47186279296875,0.41585126519203186,-1,-1,-1
67,1,4256.27294921875,706.6273193359375,30.1435546875,84.71881103515625,0.6256993412971497,-1,-1,-1
67,2,5013.4931640625,799.0535278320312,55.30859375,98.3604736328125,0.7372297048568726,-1,-1,-1
67,4,3498.440673828125,593.9072875976562,20.0703125,50.71490478515625,0.5891669988632202,-1,-1,-1
67,3,3926.38427734375,599.6100463867188,19.70556640625,56.742431640625,0.6139500141143799,-1,-1,-1
67,5,3011.251953125,515.3347778320312,20.15283203125,40.58624267578125,0.34212353825569153,-1,-1,-1
67,10,3661.181396484375,608.9712524414062,21.7060546875,54.13623046875,0.5318787693977356,-1,-1,-1
67,83,3763.190673828125,556.5361938476562,16.918701171875,37.7882080078125,0.3185215890407562,-1,-1,-1
67,86,4230.9404296875,595.6297607421875,20.46630859375,48.95269775390625,0.5319043397903442,-1,-1,-1
68,1,4252.60986328125,706.7785034179688,32.78955078125,83.7052001953125,0.63065105676651,-1,-1,-1
68,2,5009.833984375,799.5006713867188,55.14501953125,97.29315185546875,0.7411700487136841,-1,-1,-1
68,4,3497.962646484375,593.3746337890625,19.68798828125,51.53619384765625,0.5852700471878052,-1,-1,-1
68,3,3926.6962890625,599.3079223632812,20.107421875,56.81988525390625,0.6068262457847595,-1,-1,-1
68,5,3011.2353515625,515.2340698242188,20.055908203125,40.750732421875,0.3276865780353546,-1,-1,-1
68,10,3660.741943359375,609.177490234375,22.488525390625,55.12713623046875,0.5331844091415405,-1,-1,-1
68,83,3762.091064453125,557.6658935546875,17.5322265625,36.03912353515625,0.28439441323280334,-1,-1,-1
68,86,4232.525390625,596.195068359375,19.1103515625,49.17828369140625,0.5014451742172241,-1,-1,-1
69,1,4247.1591796875,706.3920288085938,37.33203125,84.15643310546875,0.6423689126968384,-1,-1,-1
69,2,5007.689453125,800.3051147460938,55.1640625,96.60662841796875,0.7298690676689148,-1,-1,-1
69,4,3497.833251953125,593.2048950195312,19.56103515625,51.7626953125,0.61538165807724,-1,-1,-1
69,3,3926.93115234375,599.2542114257812,20.5341796875,56.86865234375,0.6230226159095764,-1,-1,-1
69,5,3011.205810546875,515.0465087890625,20.017333984375,41.1588134765625,0.33615171909332275,-1,-1,-1
69,10,3660.59228515625,609.381103515625,23.210205078125,56.6295166015625,0.5810520052909851,-1,-1,-1
69,86,4233.4609375,596.1217041015625,18.271484375,49.63055419921875,0.5227595567703247,-1,-1,-1
70,1,4244.025390625,706.666015625,39.9814453125,84.18109130859375,0.6718313694000244,-1,-1,-1
70,2,5004.97705078125,800.553466796875,56.5751953125,96.34033203125,0.7266417145729065,-1,-1,-1
70,4,3497.783447265625,593.16650390625,19.560546875,50.96051025390625,0.5999146103858948,-1,-1,-1
70,3,3927.403564453125,599.7781982421875,21.01513671875,56.0078125,0.6068913340568542,-1,-1,-1
70,5,3011.17041015625,514.6798095703125,20.0595703125,41.808837890625,0.35885360836982727,-1,-1,-1
70,10,3660.4560546875,609.3356323242188,23.929443359375,56.31353759765625,0.597812831401825,-1,-1,-1
70,86,4232.9384765625,596.203125,19.81494140625,50.18060302734375,0.5745977163314819,-1,-1,-1
71,1,4242.01708984375,707.5001220703125,41.79931640625,83.2677001953125,0.6665734052658081,-1,-1,-1
71,2,5000.150390625,800.3114624023438,59.17529296875,96.32720947265625,0.7463694214820862,-1,-1,-1
71,4,3497.3369140625,592.9913330078125,20.0712890625,50.59222412109375,0.5993203520774841,-1,-1,-1
71,3,3928.01123046875,599.7601318359375,21.249267578125,56.4580078125,0.6292529106140137,-1,-1,-1
71,5,3011.1904296875,514.6070556640625,20.060302734375,42.0133056640625,0.35893499851226807,-1,-1,-1
71,10,3660.363037109375,609.1903076171875,24.735595703125,57.23101806640625,0.6173856854438782,-1,-1,-1
71,86,4234.0654296875,596.2847900390625,19.57373046875,50.90081787109375,0.5539759993553162,-1,-1,-1
71,65,4278.08203125,540.5730590820312,20.88427734375,36.17010498046875,0.281688392162323,-1,-1,-1
72,1,4242.40185546875,707.4681396484375,40.78564453125,82.0203857421875,0.584686815738678,-1,-1,-1
72,2,4996.84130859375,800.0770874023438,60.47802734375,96.32879638671875,0.767976701259613,-1,-1,-1
72,4,3496.65625,592.4540405273438,20.04345703125,50.81854248046875,0.6034345626831055,-1,-1,-1
72,3,3928.31298828125,599.4794311523438,21.03271484375,57.1937255859375,0.6650080680847168,-1,-1,-1
72,5,3011.2958984375,514.5755004882812,19.98779296875,42.18170166015625,0.3667505085468292,-1,-1,-1
72,10,3660.123779296875,609.2850952148438,25.010986328125,56.218994140625,0.5881500840187073,-1,-1,-1
72,86,4235.18310546875,596.1105346679688,19.287109375,51.5079345703125,0.495290070772171,-1,-1,-1
72,83,3755.68115234375,555.4503173828125,15.36962890625,35.112060546875,0.4080275893211365,-1,-1,-1
73,1,4243.50830078125,707.8845825195312,36.9248046875,80.23577880859375,0.547614336013794,-1,-1,-1
73,2,4995.59814453125,800.1394653320312,60.61572265625,96.82440185546875,0.7632194757461548,-1,-1,-1
73,4,3496.38330078125,592.1422119140625,19.860595703125,51.1060791015625,0.6172938942909241,-1,-1,-1
73,3,3928.37353515625,599.0142822265625,21.386962890625,57.287841796875,0.6649492979049683,-1,-1,-1
73,5,3011.303955078125,514.6172485351562,20.02001953125,42.64801025390625,0.38642749190330505,-1,-1,-1
73,10,3660.026611328125,609.4271240234375,25.079833984375,54.763427734375,0.5420312881469727,-1,-1,-1
73,86,4235.45751953125,596.0599975585938,19.5419921875,52.00396728515625,0.5442216396331787,-1,-1,-1
73,83,3753.777099609375,555.5291137695312,16.453125,35.78125,0.42761528491973877,-1,-1,-1
74,1,4243.8095703125,708.0046997070312,33.755859375,79.1990966796875,0.5394522547721863,-1,-1,-1
74,2,4995.17626953125,799.568359375,59.22607421875,97.32183837890625,0.6982048153877258,-1,-1,-1
74,4,3496.019775390625,592.0880737304688,19.456787109375,50.2000732421875,0.6076831817626953,-1,-1,-1
74,3,3928.785888671875,598.2080078125,21.5927734375,57.07135009765625,0.6470832228660583,-1,-1,-1
74,5,3011.330322265625,514.6473388671875,20.020263671875,42.65789794921875,0.3702889680862427,-1,-1,-1
74,10,3660.1611328125,609.7498779296875,24.864013671875,53.73577880859375,0.5748715996742249,-1,-1,-1
74,86,4235.85302734375,596.0117797851562,20.04248046875,52.137939453125,0.5111716985702515,-1,-1,-1
74,83,3751.97314453125,557.2264404296875,16.948974609375,33.957275390625,0.37503522634506226,-1,-1,-1
75,1,4243.60205078125,709.6586303710938,31.08349609375,77.3995361328125,0.3026112914085388,-1,-1,-1
75,2,4995.0244140625,799.10595703125,55.92822265625,96.39056396484375,0.44424912333488464,-1,-1,-1
75,4,3495.083251953125,592.2324829101562,19.71923828125,49.63861083984375,0.6190939545631409,-1,-1,-1
75,3,3929.150634765625,597.5919189453125,21.883544921875,57.4564208984375,0.6446191072463989,-1,-1,-1
75,5,3011.25927734375,514.7239379882812,20.08544921875,42.4822998046875,0.3503286838531494,-1,-1,-1
75,10,3661.027099609375,611.059326171875,21.804443359375,49.743408203125,0.48747146129608154,-1,-1,-1
75,86,4235.95703125,596.0969848632812,21.48828125,52.58367919921875,0.47841307520866394,-1,-1,-1
75,83,3750.771728515625,558.5549926757812,17.71728515625,31.483154296875,0.32458412647247314,-1,-1,-1
76,1,4241.8369140625,709.423583984375,30.53466796875,77.658935546875,0.37163692712783813,-1,-1,-1
76,2,4995.47314453125,798.9157104492188,52.14892578125,96.5318603515625,0.6858142018318176,-1,-1,-1
76,4,3494.00634765625,592.1913452148438,20.10302734375,49.866455078125,0.6242039203643799,-1,-1,-1
76,3,3929.484375,597.4750366210938,21.52734375,56.912841796875,0.6494612693786621,-1,-1,-1
76,5,3011.244384765625,514.6404418945312,20.139404296875,42.761962890625,0.32480287551879883,-1,-1,-1
76,10,3660.212646484375,608.9893798828125,23.883544921875,54.83160400390625,0.5074201822280884,-1,-1,-1
76,86,4235.35107421875,595.8548583984375,23.875,53.70965576171875,0.458795428276062,-1,-1,-1
76,83,3749.51416015625,558.6255493164062,18.640625,31.03509521484375,0.28712645173072815,-1,-1,-1
77,2,4994.71142578125,798.7791748046875,51.40771484375,98.175048828125,0.7031041383743286,-1,-1,-1
77,4,3493.076171875,591.8588256835938,20.2392578125,50.31231689453125,0.6093994379043579,-1,-1,-1
77,3,3929.53466796875,597.7219848632812,21.480712890625,56.3319091796875,0.6242862343788147,-1,-1,-1
77,5,3011.265380859375,514.6129760742188,20.14013671875,42.93145751953125,0.32511594891548157,-1,-1,-1
77,10,3660.617919921875,607.201171875,25.7861328125,55.8321533203125,0.46488890051841736,-1,-1,-1
77,86,4237.09716796875,595.3590087890625,24.1142578125,53.72705078125,0.36977633833885193,-1,-1,-1
77,83,3748.79345703125,555.6939697265625,17.0703125,33.98736572265625,0.3096441328525543,-1,-1,-1
78,2,4993.20458984375,799.1890869140625,50.978515625,97.5323486328125,0.7537988424301147,-1,-1,-1
78,4,3492.04833984375,591.2758178710938,20.565673828125,50.93292236328125,0.6076141595840454,-1,-1,-1
78,3,3929.774658203125,598.2958374023438,21.682861328125,54.99591064453125,0.5907860994338989,-1,-1,-1
78,5,3011.258544921875,514.5801391601562,20.18310546875,42.98974609375,0.3441357910633087,-1,-1,-1
78,10,3660.65966796875,599.94140625,25.98291015625,62.79327392578125,0.5574911236763,-1,-1,-1
78,86,4238.13916015625,596.0625,24.1484375,54.0206298828125,0.41150063276290894,-1,-1,-1
78,83,3748.11865234375,554.8966674804688,16.109375,33.4005126953125,0.29476818442344666,-1,-1,-1
78,1,4235.35693359375,707.778076171875,30.98291015625,80.72100830078125,0.29452410340309143,-1,-1,-1
79,2,4991.3701171875,798.9790649414062,52.06884765625,97.25067138671875,0.7707644104957581,-1,-1,-1
79,4,3491.599365234375,590.429931640625,20.833740234375,51.9368896484375,0.5876908898353577,-1,-1,-1
79,3,3930.09619140625,598.5574340820312,21.76025390625,54.3558349609375,0.581265926361084,-1,-1,-1
79,5,3011.258056640625,514.5358276367188,20.218994140625,43.17230224609375,0.3558497726917267,-1,-1,-1
79,10,3660.157470703125,600.2813720703125,26.87109375,63.723388671875,0.45627301931381226,-1,-1,-1
79,86,4238.36328125,596.32080078125,24.244140625,54.67486572265625,0.4878942668437958,-1,-1,-1
79,83,3747.419677734375,555.6511840820312,15.740478515625,31.2587890625,0.30480581521987915,-1,-1,-1
79,1,4233.4189453125,706.763671875,31.31298828125,82.69781494140625,0.4699506461620331,-1,-1,-1
80,2,4988.02099609375,798.5439453125,54.9423828125,97.44964599609375,0.7761169672012329,-1,-1,-1
80,4,3491.44873046875,589.9365844726562,20.749755859375,52.10418701171875,0.5718316435813904,-1,-1,-1
80,3,3930.314697265625,598.5241088867188,22.108154296875,54.15570068359375,0.5750898718833923,-1,-1,-1
80,5,3011.009765625,514.6439208984375,20.471435546875,42.91339111328125,0.3251052796840668,-1,-1,-1
80,10,3659.166015625,590.207763671875,28.262939453125,75.64599609375,0.49401557445526123,-1,-1,-1
80,86,4238.8974609375,595.865478515625,23.716796875,56.06365966796875,0.4806763529777527,-1,-1,-1
80,83,3746.37255859375,554.5678100585938,16.084716796875,31.9368896484375,0.39825886487960815,-1,-1,-1
80,1,4232.23388671875,706.337646484375,29.87841796875,84.2838134765625,0.5807164907455444,-1,-1,-1
81,2,4982.89501953125,798.5226440429688,60.6630859375,97.55902099609375,0.7145589590072632,-1,-1,-1
81,4,3491.18115234375,590.119873046875,20.3134765625,50.80743408203125,0.5560688376426697,-1,-1,-1
81,3,3930.355224609375,598.4505615234375,22.325439453125,54.22027587890625,0.5762113928794861,-1,-1,-1
81,5,3011.054443359375,514.6923217773438,20.380859375,42.977783203125,0.31356292963027954,-1,-1,-1
81,10,3658.4443359375,577.6048583984375,30.215576171875,88.77239990234375,0.623799741268158,-1,-1,-1
81,86,4239.42333984375,595.685302734375,24.45703125,56.177490234375,0.46184778213500977,-1,-1,-1
81,83,3744.608154296875,552.7681884765625,17.61181640625,34.07916259765625,0.4673749506473541,-1,-1,-1
81,1,4230.88525390625,706.1559448242188,30.3056640625,84.477783203125,0.6644924879074097,-1,-1,-1
82,2,4979.3984375,798.8403930664062,65.23828125,98.11273193359375,0.7505731582641602,-1,-1,-1
82,4,3491.026123046875,590.0653076171875,19.773681640625,49.77850341796875,0.5130370259284973,-1,-1,-1
82,3,3930.527587890625,598.431640625,22.137939453125,53.85260009765625,0.5597580075263977,-1,-1,-1
82,5,3010.723388671875,514.7412109375,20.656005859375,43.27166748046875,0.309048056602478,-1,-1,-1
82,10,3657.51513671875,573.1904296875,29.74365234375,92.42877197265625,0.5822657346725464,-1,-1,-1
82,86,4239.9404296875,596.3367919921875,25.30419921875,54.75299072265625,0.4027573764324188,-1,-1,-1
82,83,3742.850341796875,551.5633544921875,18.56396484375,33.73126220703125,0.4479614198207855,-1,-1,-1
82,1,4230.06201171875,706.2432861328125,30.04736328125,82.8787841796875,0.70358806848526,-1,-1,-1
83,2,4974.328125,798.6325073242188,71.0380859375,99.18524169921875,0.7755746245384216,-1,-1,-1
83,4,3490.75244140625,589.0548706054688,19.542236328125,49.68511962890625,0.5145009160041809,-1,-1,-1
83,3,3930.764892578125,598.472900390625,21.948486328125,53.26617431640625,0.5849336385726929,-1,-1,-1
83,5,3010.64111328125,514.7767333984375,20.76171875,43.31414794921875,0.31273984909057617,-1,-1,-1
83,10,3656.95263671875,572.9522705078125,27.732421875,93.54876708984375,0.6577085852622986,-1,-1,-1
83,86,4240.3896484375,597.427001953125,25.5908203125,51.08892822265625,0.35881277918815613,-1,-1,-1
83,83,3740.7646484375,549.1326293945312,19.414306640625,33.8671875,0.4467000961303711,-1,-1,-1
83,1,4227.20703125,706.9421997070312,32.4833984375,81.69891357421875,0.738236129283905,-1,-1,-1
84,2,4970.513671875,799.56201171875,77.75732421875,97.86944580078125,0.7807385325431824,-1,-1,-1
84,4,3490.712646484375,588.924072265625,19.3427734375,49.15277099609375,0.4985217750072479,-1,-1,-1
84,3,3931.00537109375,598.4305419921875,21.801025390625,51.95855712890625,0.5781229138374329,-1,-1,-1
84,5,3010.2763671875,514.729248046875,21.112060546875,43.53619384765625,0.33335578441619873,-1,-1,-1
84,10,3657.13232421875,573.5679321289062,25.306884765625,92.60748291015625,0.5341362953186035,-1,-1,-1
84,86,4241.3359375,598.85302734375,24.76806640625,48.7669677734375,0.36536380648612976,-1,-1,-1
84,83,3739.190185546875,548.4947509765625,19.2421875,35.22088623046875,0.4723987281322479,-1,-1,-1
84,1,4222.8828125,706.8125610351562,35.29638671875,81.2745361328125,0.6658728718757629,-1,-1,-1
85,2,4966.3076171875,800.21826171875,83.84716796875,97.1822509765625,0.8142578601837158,-1,-1,-1
85,4,3490.4931640625,588.7518310546875,19.342041015625,49.86883544921875,0.4821353852748871,-1,-1,-1
85,3,3931.32275390625,597.7864990234375,21.612548828125,53.095458984375,0.6292127966880798,-1,-1,-1
85,5,3010.12255859375,514.6739501953125,21.161865234375,43.79327392578125,0.3263641893863678,-1,-1,-1
85,10,3656.21728515625,574.3333740234375,25.4521484375,93.77142333984375,0.5616869330406189,-1,-1,-1
85,86,4242.63134765625,599.214599609375,24.38037109375,48.1031494140625,0.3923906087875366,-1,-1,-1
85,83,3737.429931640625,548.6149291992188,19.605224609375,36.5821533203125,0.48798224329948425,-1,-1,-1
85,1,4218.2373046875,705.8052368164062,39.1689453125,82.00897216796875,0.687756359577179,-1,-1,-1
86,2,4962.28173828125,799.9993286132812,87.3466796875,97.42559814453125,0.7866593599319458,-1,-1,-1
86,4,3489.75732421875,588.3541870117188,19.83642578125,50.498291015625,0.4564186632633209,-1,-1,-1
86,3,3932.0146484375,597.7033081054688,20.840576171875,53.6103515625,0.6084851026535034,-1,-1,-1
86,5,3009.984375,514.6885986328125,21.3037109375,43.82489013671875,0.3239259123802185,-1,-1,-1
86,10,3655.355224609375,574.3361206054688,25.692138671875,94.76763916015625,0.5748573541641235,-1,-1,-1
86,86,4243.8515625,598.9622802734375,23.85546875,51.18060302734375,0.3833293616771698,-1,-1,-1
86,83,3736.097412109375,549.068115234375,19.261474609375,35.5098876953125,0.4208895266056061,-1,-1,-1
86,1,4216.5146484375,705.4389038085938,40.0126953125,82.37255859375,0.6673199534416199,-1,-1,-1
87,2,4959.90087890625,800.5745849609375,90.837890625,98.19281005859375,0.7926230430603027,-1,-1,-1
87,4,3489.385498046875,587.5791015625,20.134033203125,51.82879638671875,0.41715481877326965,-1,-1,-1
87,3,3932.35302734375,597.5724487304688,20.471923828125,53.0792236328125,0.5739465951919556,-1,-1,-1
87,5,3010.11328125,514.6521606445312,21.1552734375,43.75262451171875,0.32692477107048035,-1,-1,-1
87,10,3655.200439453125,572.3591918945312,25.40234375,96.44512939453125,0.5450718402862549,-1,-1,-1
87,86,4244.84326171875,598.718505859375,23.59765625,52.37261962890625,0.34798216819763184,-1,-1,-1
87,83,3735.207275390625,548.4806518554688,18.925048828125,36.5419921875,0.42809468507766724,-1,-1,-1
87,1,4215.1591796875,706.2931518554688,41.236328125,82.05499267578125,0.6603264808654785,-1,-1,-1
88,2,4958.53173828125,801.1156616210938,93.12548828125,98.70947265625,0.7775552868843079,-1,-1,-1
88,4,3489.0009765625,587.19970703125,20.419921875,52.23486328125,0.3813204765319824,-1,-1,-1
88,3,3932.439208984375,597.6092529296875,20.333740234375,51.64581298828125,0.5454157590866089,-1,-1,-1
88,5,3010.119384765625,514.74560546875,21.12255859375,43.76171875,0.3331811726093292,-1,-1,-1
88,10,3654.884033203125,570.0633544921875,24.935302734375,99.0611572265625,0.4840039908885956,-1,-1,-1
88,86,4245.35400390625,599.2339477539062,23.568359375,54.00531005859375,0.35023263096809387,-1,-1,-1
88,83,3734.603759765625,549.04052734375,18.707275390625,36.23089599609375,0.4225267469882965,-1,-1,-1
88,1,4214.119140625,707.2133178710938,41.2783203125,80.78704833984375,0.6100367307662964,-1,-1,-1
89,2,4956.4951171875,801.9862060546875,95.41064453125,99.74774169921875,0.7676361203193665,-1,-1,-1
89,4,3488.556884765625,587.1591796875,20.691650390625,51.44683837890625,0.34124594926834106,-1,-1,-1
89,3,3932.24853515625,597.4353637695312,20.544921875,51.42889404296875,0.5213326215744019,-1,-1,-1
89,5,3010.10205078125,514.85302734375,21.137939453125,43.2052001953125,0.3058585822582245,-1,-1,-1
89,10,3654.322021484375,569.3743896484375,24.908203125,100.5172119140625,0.5476030111312866,-1,-1,-1
89,86,4246.958984375,598.3421020507812,24.18212890625,55.30072021484375,0.36603376269340515,-1,-1,-1
89,83,3734.092041015625,549.6506958007812,18.641845703125,34.0831298828125,0.3689241111278534,-1,-1,-1
89,1,4214.3037109375,707.6599731445312,39.10009765625,79.53448486328125,0.5874673128128052,-1,-1,-1
89,111,3884.63525390625,531.8910522460938,15.93798828125,34.548583984375,0.33830177783966064,-1,-1,-1
90,2,4953.048828125,802.2893676757812,98.9638671875,100.0029296875,0.7496920228004456,-1,-1,-1
90,4,3488.181640625,586.8545532226562,20.963134765625,50.880615234375,0.31866684556007385,-1,-1,-1
90,3,3932.47900390625,597.1629638671875,20.358642578125,51.15625,0.5085585117340088,-1,-1,-1
90,5,3010.042724609375,514.8910522460938,21.1884765625,43.021728515625,0.2986937165260315,-1,-1,-1
90,10,3653.493896484375,580.0556640625,24.498046875,90.418212890625,0.5495021939277649,-1,-1,-1
90,86,4248.11376953125,598.3976440429688,24.78564453125,55.02117919921875,0.3627097010612488,-1,-1,-1
90,83,3733.452880859375,550.1607055664062,18.84765625,32.3096923828125,0.27106133103370667,-1,-1,-1
90,1,4214.69580078125,708.9988403320312,35.69482421875,77.5181884765625,0.5271317958831787,-1,-1,-1
90,111,3884.5625,531.21337890625,15.44384765625,34.71722412109375,0.3435411751270294,-1,-1,-1
91,2,4953.27978515625,802.4596557617188,97.3271484375,100.6529541015625,0.7481446266174316,-1,-1,-1
91,4,3487.72998046875,586.6781005859375,21.32421875,50.87451171875,0.31600069999694824,-1,-1,-1
91,3,3932.616943359375,596.9451293945312,20.2509765625,49.687744140625,0.49037352204322815,-1,-1,-1
91,5,3010.086181640625,514.91357421875,21.104248046875,43.03802490234375,0.28464794158935547,-1,-1,-1
91,10,3652.177734375,598.7205200195312,24.75537109375,70.97320556640625,0.4859035611152649,-1,-1,-1
91,86,4249.5673828125,599.1617431640625,25.296875,54.472412109375,0.30341967940330505,-1,-1,-1
91,1,4215.03271484375,710.2044067382812,31.5361328125,75.81402587890625,0.4695397913455963,-1,-1,-1
91,111,3884.41796875,530.9260864257812,15.169677734375,33.9473876953125,0.3231958746910095,-1,-1,-1
92,2,4952.734375,801.4026489257812,95.04443359375,102.53509521484375,0.7538986802101135,-1,-1,-1
92,4,3487.70654296875,585.159423828125,21.187255859375,48.7403564453125,0.28000813722610474,-1,-1,-1
92,3,3933.01904296875,596.964599609375,19.93896484375,48.61846923828125,0.46896469593048096,-1,-1,-1
92,5,3010.1240234375,514.6060180664062,21.15966796875,43.096435546875,0.28508439660072327,-1,-1,-1
92,10,3651.607177734375,607.9361572265625,24.371826171875,61.6561279296875,0.34428519010543823,-1,-1,-1
92,86,4251.33740234375,598.9222412109375,24.74365234375,54.30633544921875,0.2898087203502655,-1,-1,-1
92,1,4214.53271484375,709.919921875,29.05859375,77.13677978515625,0.3829439580440521,-1,-1,-1
92,111,3884.2734375,530.874267578125,15.2646484375,34.635986328125,0.3120218515396118,-1,-1,-1
93,2,4953.00732421875,800.7867431640625,88.84912109375,102.01800537109375,0.7288740277290344,-1,-1,-1
93,3,3933.021484375,596.9389038085938,19.95849609375,48.1907958984375,0.4303451478481293,-1,-1,-1
93,5,3010.146484375,514.5364379882812,21.15966796875,43.3260498046875,0.27056998014450073,-1,-1,-1
93,10,3649.856689453125,595.9835815429688,25.339599609375,73.916015625,0.300129234790802,-1,-1,-1
93,111,3884.2734375,531.7211303710938,15.19091796875,33.64837646484375,0.2790634334087372,-1,-1,-1
94,2,4952.09521484375,800.2600708007812,81.67822265625,101.10614013671875,0.7762981653213501,-1,-1,-1
94,3,3933.287841796875,596.9144287109375,19.74560546875,47.45928955078125,0.3906407654285431,-1,-1,-1
94,5,3010.14453125,514.5411987304688,21.172607421875,43.5277099609375,0.26631200313568115,-1,-1,-1
94,1,4209.5419921875,704.8738403320312,27.044921875,82.20184326171875,0.30323144793510437,-1,-1,-1
95,2,4952.5458984375,799.511474609375,75.11279296875,100.721923828125,0.7496274709701538,-1,-1,-1
95,3,3933.84912109375,597.0302124023438,19.096435546875,46.48992919921875,0.43664950132369995,-1,-1,-1
95,5,3010.303955078125,514.5333251953125,20.967041015625,43.4178466796875,0.2695814073085785,-1,-1,-1
95,1,4208.59814453125,703.4105224609375,25.478515625,83.16265869140625,0.49293220043182373,-1,-1,-1
95,86,4254.38818359375,598.7953491210938,22.4384765625,54.30389404296875,0.2630254626274109,-1,-1,-1
96,2,4951.54345703125,798.8466796875,68.65234375,101.53802490234375,0.766238808631897,-1,-1,-1
96,3,3934.72021484375,597.2166137695312,18.07666015625,45.7242431640625,0.4405708312988281,-1,-1,-1
96,5,3010.4912109375,514.5391235351562,20.61474609375,43.54437255859375,0.2631235420703888,-1,-1,-1
96,1,4208.20068359375,703.5741577148438,23.97705078125,84.6673583984375,0.589579164981842,-1,-1,-1
96,86,4254.974609375,598.2725830078125,22.17041015625,54.56719970703125,0.2629934549331665,-1,-1,-1
96,111,3884.2666015625,533.28515625,15.094482421875,30.8125,0.2749690115451813,-1,-1,-1
97,2,4950.39794921875,799.1582641601562,59.736328125,100.6705322265625,0.7514975666999817,-1,-1,-1
97,3,3935.6640625,597.338134765625,17.279296875,45.0028076171875,0.44761961698532104,-1,-1,-1
97,5,3010.656494140625,514.5145263671875,20.34814453125,43.66961669921875,0.2789299190044403,-1,-1,-1
97,1,4207.17236328125,703.885009765625,23.74365234375,84.7264404296875,0.6183800101280212,-1,-1,-1
97,86,4255.23974609375,597.451904296875,22.41650390625,56.01202392578125,0.2898629903793335,-1,-1,-1
97,111,3884.217041015625,533.050537109375,15.242919921875,31.30999755859375,0.32485106587409973,-1,-1,-1
97,83,3718.281982421875,545.604736328125,22.350341796875,35.68145751953125,0.3967086672782898,-1,-1,-1
98,2,4947.1923828125,799.7886352539062,55.63818359375,100.10296630859375,0.7473686933517456,-1,-1,-1
98,3,3936.182373046875,597.1705932617188,17.0224609375,44.58233642578125,0.44276323914527893,-1,-1,-1
98,5,3010.536376953125,514.6069946289062,20.5078125,43.78436279296875,0.26791316270828247,-1,-1,-1
98,1,4204.91064453125,704.0582885742188,23.44189453125,82.76995849609375,0.6222468614578247,-1,-1,-1
98,86,4255.59619140625,597.0451049804688,22.31689453125,56.11273193359375,0.29295045137405396,-1,-1,-1
98,111,3884.18896484375,532.1988525390625,15.166015625,32.34857177734375,0.34481748938560486,-1,-1,-1
98,83,3716.72900390625,545.5919189453125,22.650146484375,37.19232177734375,0.4167359173297882,-1,-1,-1
99,2,4943.95458984375,799.6806030273438,53.33984375,99.80633544921875,0.7341623902320862,-1,-1,-1
99,3,3936.376708984375,596.8927612304688,17.02734375,44.66046142578125,0.4584466814994812,-1,-1,-1
99,5,3010.49609375,514.5360107421875,20.599609375,43.8800048828125,0.2624721825122833,-1,-1,-1
99,1,4202.3203125,704.3826293945312,24.35595703125,80.59552001953125,0.6270583271980286,-1,-1,-1
99,86,4256.365234375,597.3419189453125,21.64111328125,55.33953857421875,0.2797835171222687,-1,-1,-1
99,111,3883.87890625,531.7191162109375,15.24267578125,32.329833984375,0.3847660422325134,-1,-1,-1
99,83,3716.45166015625,545.7669677734375,21.74169921875,35.472412109375,0.448401540517807,-1,-1,-1
100,2,4938.75146484375,799.4526977539062,54.83349609375,99.4598388671875,0.764694333076477,-1,-1,-1
100,3,3936.36328125,596.3609619140625,17.466796875,45.412353515625,0.49160465598106384,-1,-1,-1
100,5,3010.39111328125,514.458984375,20.828125,43.7286376953125,0.25266820192337036,-1,-1,-1
100,1,4193.11279296875,705.115966796875,32.98193359375,80.75555419921875,0.6134500503540039,-1,-1,-1
100,86,4256.9111328125,597.6055908203125,21.22998046875,55.9110107421875,0.3667904734611511,-1,-1,-1
100,111,3883.65185546875,530.8561401367188,15.346923828125,33.98760986328125,0.43424129486083984,-1,-1,-1
100,83,3715.91357421875,545.5150756835938,21.331298828125,34.967041015625,0.4916974902153015,-1,-1,-1
101,2,4932.73974609375,799.312255859375,57.40576171875,98.2972412109375,0.7627445459365845,-1,-1,-1
101,3,3936.229736328125,595.2635498046875,17.87109375,46.82940673828125,0.5182648301124573,-1,-1,-1
101,5,3010.3505859375,514.5074462890625,20.980224609375,43.41961669921875,0.2630377411842346,-1,-1,-1
101,1,4190.88623046875,706.34033203125,35.03076171875,79.52838134765625,0.6035376787185669,-1,-1,-1
101,86,4257.3486328125,597.5562133789062,21.17041015625,57.009521484375,0.47549861669540405,-1,-1,-1
101,111,3883.1240234375,529.869873046875,15.68896484375,35.54541015625,0.4919978082180023,-1,-1,-1
101,83,3715.083740234375,545.3767700195312,21.32373046875,34.2432861328125,0.502528727054596,-1,-1,-1
101,10,3645.63037109375,617.8801879882812,24.824951171875,54.0894775390625,0.34034913778305054,-1,-1,-1
102,2,4929.5322265625,799.2781982421875,57.53955078125,98.33807373046875,0.7649717330932617,-1,-1,-1
102,3,3936.11083984375,594.6134033203125,18.182861328125,47.30584716796875,0.5157488584518433,-1,-1,-1
102,5,3010.314697265625,514.3742065429688,21.0830078125,43.69195556640625,0.2826155722141266,-1,-1,-1
102,1,4188.689453125,707.5526733398438,37.068359375,78.90478515625,0.6062875390052795,-1,-1,-1
102,86,4257.44580078125,597.7420654296875,21.66796875,57.7613525390625,0.5489246249198914,-1,-1,-1
102,111,3882.403564453125,528.5818481445312,16.164794921875,36.9635009765625,0.5335311889648438,-1,-1,-1
102,83,3714.177490234375,545.2576904296875,21.881103515625,35.0389404296875,0.49881431460380554,-1,-1,-1
102,10,3645.169189453125,619.79833984375,24.75048828125,53.83746337890625,0.39535051584243774,-1,-1,-1
103,2,4927.4931640625,799.1895141601562,57.76318359375,99.479736328125,0.7504658102989197,-1,-1,-1
103,3,3936.43603515625,592.5252685546875,18.14111328125,49.30511474609375,0.5356009006500244,-1,-1,-1
103,5,3010.31396484375,514.5535888671875,21.3359375,43.226318359375,0.2748999297618866,-1,-1,-1
103,1,4186.79443359375,708.5690307617188,39.3466796875,78.6072998046875,0.5745821595191956,-1,-1,-1
103,86,4257.50390625,598.3267211914062,22.12548828125,57.65179443359375,0.5458801984786987,-1,-1,-1
103,111,3882.01123046875,528.3804931640625,16.354248046875,36.6864013671875,0.5168316960334778,-1,-1,-1
103,83,3714.25390625,545.2025756835938,21.5263671875,34.7801513671875,0.5064898729324341,-1,-1,-1
103,10,3644.81787109375,620.296142578125,24.125244140625,53.01568603515625,0.4259319007396698,-1,-1,-1
104,2,4925.58203125,799.3237915039062,58.720703125,99.29345703125,0.7331799864768982,-1,-1,-1
104,3,3936.451171875,591.1834106445312,18.7646484375,51.40399169921875,0.5618888139724731,-1,-1,-1
104,5,3010.24462890625,514.7282104492188,21.537109375,43.08221435546875,0.2717980742454529,-1,-1,-1
104,1,4183.81640625,709.7567138671875,42.4619140625,79.3631591796875,0.6345716118812561,-1,-1,-1
104,86,4256.884765625,597.6635131835938,23.1748046875,58.11749267578125,0.563732385635376,-1,-1,-1
104,111,3881.50732421875,528.7603149414062,16.829345703125,36.04461669921875,0.5097624659538269,-1,-1,-1
104,83,3714.3427734375,545.2176513671875,21.2978515625,34.8394775390625,0.48910805583000183,-1,-1,-1
104,10,3644.662841796875,619.553955078125,23.102294921875,55.1246337890625,0.4717608094215393,-1,-1,-1
104,116,3477.05908203125,581.6656494140625,24.79833984375,49.68231201171875,0.3363971412181854,-1,-1,-1
105,2,4922.6357421875,799.236572265625,60.49658203125,99.2369384765625,0.7248448729515076,-1,-1,-1
105,3,3936.60546875,590.3885498046875,19.154541015625,52.76605224609375,0.5655593276023865,-1,-1,-1
105,5,3010.367919921875,514.7330932617188,21.448486328125,42.84503173828125,0.2957344651222229,-1,-1,-1
105,1,4182.9423828125,711.1280517578125,41.90185546875,78.2894287109375,0.5484035611152649,-1,-1,-1
105,86,4257.056640625,597.8140258789062,23.85888671875,57.7034912109375,0.5712752342224121,-1,-1,-1
105,111,3881.3671875,529.0648193359375,16.951416015625,35.5528564453125,0.49295899271965027,-1,-1,-1
105,83,3714.08447265625,544.7708740234375,21.461181640625,35.651611328125,0.4803386926651001,-1,-1,-1
105,10,3644.09912109375,618.9995727539062,22.214599609375,55.56146240234375,0.4608771800994873,-1,-1,-1
105,116,3477.16943359375,581.2896118164062,23.843994140625,50.27215576171875,0.4179742932319641,-1,-1,-1
106,2,4921.3876953125,797.7706909179688,59.3916015625,99.84515380859375,0.7582664489746094,-1,-1,-1
106,3,3936.6171875,589.9241333007812,19.611328125,53.71917724609375,0.5649786591529846,-1,-1,-1
106,5,3010.367431640625,514.6229858398438,21.406494140625,42.93011474609375,0.31133779883384705,-1,-1,-1
106,1,4180.6845703125,711.1553344726562,42.921875,78.4873046875,0.6573103070259094,-1,-1,-1
106,86,4258.31494140625,597.7718505859375,23.79833984375,57.77490234375,0.5635199546813965,-1,-1,-1
106,111,3881.290771484375,528.17822265625,17.00146484375,36.09466552734375,0.5284579396247864,-1,-1,-1
106,83,3713.796630859375,544.3179931640625,21.69677734375,35.80255126953125,0.5014028549194336,-1,-1,-1
106,10,3643.25537109375,618.8804321289062,22.17822265625,54.69622802734375,0.47483736276626587,-1,-1,-1
106,116,3477.213623046875,580.6744384765625,23.24169921875,50.51678466796875,0.4485425651073456,-1,-1,-1
107,2,4921.37939453125,797.52099609375,55.8955078125,98.49969482421875,0.7596754431724548,-1,-1,-1
107,3,3937.1767578125,589.851318359375,18.918701171875,53.79241943359375,0.5352576375007629,-1,-1,-1
107,5,3010.269775390625,514.6211547851562,21.42333984375,43.10540771484375,0.33085599541664124,-1,-1,-1
107,1,4179.310546875,710.8193969726562,40.4423828125,78.99603271484375,0.5844839215278625,-1,-1,-1
107,86,4258.806640625,596.3650512695312,24.76220703125,58.8631591796875,0.5531818866729736,-1,-1,-1
107,111,3881.3115234375,528.5060424804688,16.967041015625,35.85955810546875,0.5301187038421631,-1,-1,-1
107,83,3713.321533203125,544.0206298828125,22.057861328125,35.11865234375,0.5178707838058472,-1,-1,-1
107,10,3642.216796875,619.2608642578125,22.36181640625,54.05792236328125,0.47063469886779785,-1,-1,-1
107,116,3476.965576171875,580.5072021484375,22.599365234375,49.87396240234375,0.44924548268318176,-1,-1,-1
108,2,4921.75537109375,797.4215087890625,53.55517578125,98.94097900390625,0.7455074191093445,-1,-1,-1
108,3,3937.62353515625,590.0907592773438,19.075927734375,53.2369384765625,0.4830951988697052,-1,-1,-1
108,5,3010.259765625,514.7020874023438,21.193115234375,42.87310791015625,0.3192483186721802,-1,-1,-1
108,1,4177.9951171875,709.1965942382812,37.9365234375,80.93878173828125,0.5340970158576965,-1,-1,-1
108,86,4259.916015625,595.9769897460938,24.7529296875,59.0380859375,0.4738677740097046,-1,-1,-1
108,111,3881.4384765625,528.9578247070312,16.675537109375,35.50396728515625,0.5260471105575562,-1,-1,-1
108,83,3713.312255859375,544.336669921875,21.69873046875,33.51495361328125,0.5090498328208923,-1,-1,-1
108,10,3641.044189453125,619.9514770507812,22.623046875,54.47320556640625,0.4551680088043213,-1,-1,-1
108,116,3476.828369140625,580.9199829101562,21.65869140625,49.20855712890625,0.4029757082462311,-1,-1,-1
109,2,4922.09619140625,796.8984375,51.642578125,100.00103759765625,0.7582718729972839,-1,-1,-1
109,3,3938.040283203125,590.2471923828125,19.306640625,52.72723388671875,0.47456681728363037,-1,-1,-1
109,5,3010.24072265625,514.7974243164062,21.045166015625,42.7054443359375,0.31451112031936646,-1,-1,-1
109,1,4177.7783203125,707.6909790039062,33.04345703125,82.67401123046875,0.4745830297470093,-1,-1,-1
109,86,4260.994140625,595.6780395507812,24.37939453125,59.1007080078125,0.38632214069366455,-1,-1,-1
109,111,3881.122314453125,528.9774780273438,16.572509765625,35.082763671875,0.5344599485397339,-1,-1,-1
109,83,3713.300048828125,544.9266357421875,21.061767578125,33.27276611328125,0.49537232518196106,-1,-1,-1
109,10,3640.58984375,620.4995727539062,22.3125,54.31329345703125,0.405894935131073,-1,-1,-1
109,116,3476.44482421875,581.2786254882812,20.57470703125,48.25634765625,0.39298105239868164,-1,-1,-1
110,2,4921.21435546875,796.6105346679688,50.60986328125,100.62567138671875,0.7570839524269104,-1,-1,-1
110,3,3938.349365234375,590.0525512695312,19.559326171875,52.45050048828125,0.49182647466659546,-1,-1,-1
110,5,3010.2734375,514.772216796875,20.98095703125,42.48248291015625,0.31246885657310486,-1,-1,-1
110,1,4177.39013671875,707.1860961914062,29.82421875,83.8936767578125,0.5414748787879944,-1,-1,-1
110,86,4261.93408203125,595.5030517578125,23.95068359375,58.8282470703125,0.2625028192996979,-1,-1,-1
110,111,3880.966796875,529.1566162109375,16.602783203125,34.39288330078125,0.5258031487464905,-1,-1,-1
110,83,3713.430908203125,545.0971069335938,20.22509765625,32.590576171875,0.48620322346687317,-1,-1,-1
110,10,3640.313720703125,621.22216796875,23.730224609375,56.36199951171875,0.42338818311691284,-1,-1,-1
110,116,3475.410888671875,581.4963989257812,20.570556640625,47.4471435546875,0.39698168635368347,-1,-1,-1
111,2,4919.06640625,796.8223876953125,51.59619140625,99.32550048828125,0.7317617535591125,-1,-1,-1
111,3,3938.634033203125,589.7922973632812,19.8681640625,51.994873046875,0.5050252079963684,-1,-1,-1
111,5,3010.234619140625,514.8057250976562,20.941162109375,42.59478759765625,0.31226781010627747,-1,-1,-1
111,1,4175.9130859375,706.9638061523438,29.58544921875,83.48651123046875,0.5821593403816223,-1,-1,-1
111,111,3880.896240234375,528.55126953125,16.664794921875,34.16162109375,0.5386767983436584,-1,-1,-1
111,83,3713.232666015625,545.2443237304688,20.409423828125,33.4217529296875,0.4879097044467926,-1,-1,-1
111,10,3640.04248046875,621.5660400390625,23.2529296875,56.0213623046875,0.5062152743339539,-1,-1,-1
111,116,3476.256591796875,581.2023315429688,19.001708984375,47.04412841796875,0.4116742014884949,-1,-1,-1
112,2,4916.36572265625,796.942626953125,53.3984375,98.59771728515625,0.7528299689292908,-1,-1,-1
112,3,3938.921142578125,589.6535034179688,19.857177734375,51.60931396484375,0.5056082010269165,-1,-1,-1
112,5,3010.11572265625,514.9251708984375,21.317626953125,42.77032470703125,0.31340304017066956,-1,-1,-1
112,1,4172.345703125,705.9524536132812,32.33544921875,85.8414306640625,0.647726833820343,-1,-1,-1
112,111,3880.852294921875,528.4957885742188,16.750732421875,33.4683837890625,0.5334588289260864,-1,-1,-1
112,83,3713.019287109375,545.6590576171875,20.328125,32.08447265625,0.4733010530471802,-1,-1,-1
112,10,3639.4267578125,622.2742309570312,22.6796875,54.8026123046875,0.5462478995323181,-1,-1,-1
112,116,3476.26806640625,580.773681640625,18.565673828125,47.82354736328125,0.4484580159187317,-1,-1,-1
113,2,4912.82568359375,797.2119750976562,56.9755859375,99.15887451171875,0.7654111981391907,-1,-1,-1
113,3,3939.083251953125,589.3524780273438,20.098388671875,51.48956298828125,0.5145431160926819,-1,-1,-1
113,5,3010.046142578125,514.8750610351562,21.488525390625,42.78448486328125,0.32059359550476074,-1,-1,-1
113,1,4171.5205078125,704.9542846679688,31.16796875,86.04779052734375,0.6397451758384705,-1,-1,-1
113,111,3880.85986328125,528.3524169921875,16.594970703125,32.70294189453125,0.5319222211837769,-1,-1,-1
113,83,3712.3017578125,545.6672973632812,21.1865234375,33.5196533203125,0.4654190242290497,-1,-1,-1
113,10,3638.45947265625,622.9623413085938,23.1513671875,55.5128173828125,0.5177668333053589,-1,-1,-1
113,116,3475.833251953125,580.30078125,18.771240234375,49.4798583984375,0.43959641456604004,-1,-1,-1
114,2,4909.21923828125,797.7655639648438,59.0361328125,98.2332763671875,0.7957614660263062,-1,-1,-1
114,3,3939.10546875,588.9692993164062,20.14892578125,51.7794189453125,0.5287901759147644,-1,-1,-1
114,5,3010.0,514.8677368164062,21.5478515625,42.9970703125,0.32435140013694763,-1,-1,-1
114,1,4166.5087890625,704.7003173828125,34.7841796875,85.07562255859375,0.7006478309631348,-1,-1,-1
114,111,3880.743896484375,527.7142944335938,16.739501953125,33.2725830078125,0.5550220608711243,-1,-1,-1
114,83,3712.212158203125,545.9925537109375,21.28564453125,33.48394775390625,0.4709164500236511,-1,-1,-1
114,10,3636.5791015625,623.6927490234375,23.6455078125,55.3187255859375,0.5757768154144287,-1,-1,-1
114,116,3475.132568359375,579.628662109375,19.367431640625,50.78509521484375,0.42659974098205566,-1,-1,-1
115,2,4903.880859375,797.0355834960938,62.9072265625,98.54656982421875,0.7834973931312561,-1,-1,-1
115,3,3939.212890625,588.549072265625,20.260986328125,51.86041259765625,0.5121523141860962,-1,-1,-1
115,5,3009.93408203125,514.936767578125,21.5771484375,43.03521728515625,0.3033544719219208,-1,-1,-1
115,1,4162.62548828125,705.2045288085938,36.7861328125,84.05841064453125,0.6652223467826843,-1,-1,-1
115,111,3880.69921875,527.1870727539062,16.798583984375,35.08966064453125,0.5573445558547974,-1,-1,-1
115,83,3712.574462890625,545.3002319335938,20.5849609375,33.10125732421875,0.4924720227718353,-1,-1,-1
115,10,3634.958984375,623.8239135742188,25.010986328125,55.7088623046875,0.5465868711471558,-1,-1,-1
115,116,3475.052734375,579.9786376953125,19.32080078125,49.66693115234375,0.44689351320266724,-1,-1,-1
115,86,4263.3603515625,596.53955078125,24.2041015625,58.259521484375,0.2532201111316681,-1,-1,-1
116,2,4899.10888671875,796.59423828125,65.60498046875,100.65972900390625,0.7681397795677185,-1,-1,-1
116,3,3939.19921875,587.8652954101562,21.253173828125,52.2730712890625,0.4725949764251709,-1,-1,-1
116,5,3009.8916015625,514.9344482421875,21.536865234375,43.16009521484375,0.319542795419693,-1,-1,-1
116,1,4159.94677734375,706.6357421875,38.79931640625,83.0902099609375,0.6532054543495178,-1,-1,-1
116,111,3880.591064453125,526.6329956054688,17.330322265625,37.41876220703125,0.5688296556472778,-1,-1,-1
116,83,3711.805419921875,545.1121826171875,19.87255859375,34.219482421875,0.4684372842311859,-1,-1,-1
116,10,3633.819580078125,624.0127563476562,24.739501953125,55.3760986328125,0.5089383125305176,-1,-1,-1
116,116,3474.82080078125,580.0608520507812,19.704833984375,49.31866455078125,0.5007996559143066,-1,-1,-1
116,86,4263.3095703125,596.5250854492188,24.21240234375,58.29736328125,0.2531265914440155,-1,-1,-1
117,2,4896.064453125,796.5275268554688,66.16259765625,99.96697998046875,0.771451473236084,-1,-1,-1
117,3,3939.185302734375,587.2552490234375,21.9755859375,52.01141357421875,0.44730597734451294,-1,-1,-1
117,5,3009.82373046875,515.1076049804688,21.4833984375,43.19091796875,0.3189392685890198,-1,-1,-1
117,1,4155.0576171875,708.9373779296875,42.42333984375,81.72601318359375,0.6399009227752686,-1,-1,-1
117,111,3880.6240234375,526.4075927734375,17.902587890625,38.85546875,0.5775486826896667,-1,-1,-1
117,83,3710.634033203125,544.6207885742188,19.513427734375,34.34490966796875,0.4621044099330902,-1,-1,-1
117,10,3632.531982421875,623.9014282226562,24.771728515625,54.951171875,0.4815514385700226,-1,-1,-1
117,116,3474.294189453125,580.3040161132812,19.935546875,49.10430908203125,0.5011065006256104,-1,-1,-1
117,86,4263.2373046875,596.4059448242188,24.294921875,58.54705810546875,0.28207701444625854,-1,-1,-1
118,2,4893.90380859375,797.0404663085938,66.13427734375,99.354248046875,0.7837504744529724,-1,-1,-1
118,3,3939.334716796875,587.2153930664062,22.05029296875,51.3389892578125,0.36094042658805847,-1,-1,-1
118,5,3009.81298828125,515.0536499023438,21.512451171875,43.279296875,0.3090827763080597,-1,-1,-1
118,1,4151.72900390625,711.05712890625,44.01025390625,79.2203369140625,0.6331895589828491,-1,-1,-1
118,111,3880.540283203125,526.1453857421875,18.43994140625,40.28558349609375,0.5819194316864014,-1,-1,-1
118,83,3710.152587890625,544.4300537109375,18.888427734375,34.80010986328125,0.4694593846797943,-1,-1,-1
118,10,3631.471923828125,623.775390625,25.443359375,56.647705078125,0.48092085123062134,-1,-1,-1
118,116,3473.645751953125,580.664306640625,20.219970703125,48.9698486328125,0.4806006848812103,-1,-1,-1
118,86,4263.94091796875,597.16748046875,23.6298828125,57.2874755859375,0.26117420196533203,-1,-1,-1
119,2,4890.41064453125,797.2786254882812,67.96142578125,100.05548095703125,0.7959570288658142,-1,-1,-1
119,3,3939.345703125,586.504150390625,22.32763671875,52.26019287109375,0.3585296869277954,-1,-1,-1
119,5,3009.729736328125,515.1659545898438,21.647705078125,43.25384521484375,0.3122286796569824,-1,-1,-1
119,1,4147.755859375,712.0958862304688,46.7197265625,78.07781982421875,0.6191191077232361,-1,-1,-1
119,111,3880.598876953125,525.5554809570312,18.630126953125,41.1959228515625,0.6027141809463501,-1,-1,-1
119,83,3708.940673828125,544.461181640625,19.726806640625,35.142578125,0.48310577869415283,-1,-1,-1
119,10,3629.9658203125,623.1206665039062,26.939697265625,58.46575927734375,0.5897056460380554,-1,-1,-1
119,116,3473.566162109375,580.5747680664062,20.228759765625,49.01812744140625,0.456230103969574,-1,-1,-1
119,86,4264.30712890625,597.124755859375,23.36962890625,53.311279296875,0.29871198534965515,-1,-1,-1
120,2,4888.31201171875,797.0387573242188,68.68994140625,102.19708251953125,0.8008900284767151,-1,-1,-1
120,3,3939.37060546875,586.3262329101562,22.9462890625,52.0166015625,0.3375369906425476,-1,-1,-1
120,5,3009.75146484375,515.0870361328125,21.67578125,43.53125,0.3106703758239746,-1,-1,-1
120,1,4147.4052734375,711.8004150390625,44.79248046875,76.93017578125,0.5581400990486145,-1,-1,-1
120,111,3880.84814453125,526.2418823242188,18.574462890625,40.56451416015625,0.5855740308761597,-1,-1,-1
120,83,3707.2587890625,544.107421875,20.837158203125,36.204833984375,0.47531434893608093,-1,-1,-1
120,10,3628.93896484375,623.4235229492188,26.255859375,56.9293212890625,0.46771615743637085,-1,-1,-1
120,116,3473.660888671875,579.7191162109375,19.8935546875,49.57208251953125,0.39895984530448914,-1,-1,-1
120,86,4264.4453125,596.6232299804688,23.64111328125,51.67138671875,0.3174968361854553,-1,-1,-1
121,2,4887.19970703125,797.2031860351562,67.7275390625,102.41546630859375,0.7990507483482361,-1,-1,-1
121,3,3939.4033203125,586.2620849609375,23.376953125,52.1370849609375,0.27172133326530457,-1,-1,-1
121,5,3009.76806640625,515.0687255859375,21.585205078125,43.553466796875,0.3134380280971527,-1,-1,-1
121,1,4148.12890625,711.5233154296875,39.8701171875,75.27197265625,0.4179252088069916,-1,-1,-1
121,111,3881.52880859375,527.2737426757812,18.161376953125,38.77410888671875,0.5530399680137634,-1,-1,-1
121,83,3707.108154296875,543.9315795898438,20.80419921875,36.6064453125,0.42777377367019653,-1,-1,-1
121,10,3628.42822265625,623.4881591796875,24.599609375,57.107666015625,0.40608569979667664,-1,-1,-1
121,116,3473.841796875,579.2145385742188,19.487060546875,49.39630126953125,0.38638243079185486,-1,-1,-1
121,86,4264.5068359375,596.6483154296875,23.80712890625,49.85186767578125,0.25086456537246704,-1,-1,-1
122,2,4886.67431640625,797.8529663085938,66.2607421875,101.3507080078125,0.7859845757484436,-1,-1,-1
122,5,3009.77587890625,514.9866333007812,21.564697265625,43.79278564453125,0.31541597843170166,-1,-1,-1
122,1,4148.72265625,710.8724975585938,34.5908203125,74.59881591796875,0.4325213134288788,-1,-1,-1
122,111,3882.328857421875,528.0819702148438,17.611572265625,37.87786865234375,0.5330068469047546,-1,-1,-1
122,83,3706.91748046875,544.9125366210938,20.2685546875,35.44580078125,0.3860533535480499,-1,-1,-1
122,10,3627.6044921875,623.126953125,23.32861328125,57.7239990234375,0.30074799060821533,-1,-1,-1
122,116,3473.907958984375,578.7646484375,18.9833984375,49.89654541015625,0.40140238404273987,-1,-1,-1
123,2,4888.01611328125,797.7694091796875,63.68408203125,101.52777099609375,0.7872822284698486,-1,-1,-1
123,5,3009.778076171875,515.0503540039062,21.507080078125,43.77056884765625,0.30456629395484924,-1,-1,-1
123,1,4149.1591796875,709.560791015625,31.7509765625,76.201416015625,0.5520755052566528,-1,-1,-1
123,111,3882.908935546875,527.9797973632812,17.197509765625,38.3814697265625,0.538301408290863,-1,-1,-1
123,83,3706.126953125,544.9537353515625,20.466552734375,36.27685546875,0.3724318742752075,-1,-1,-1
123,116,3473.731201171875,578.2681884765625,19.09423828125,52.07269287109375,0.41674190759658813,-1,-1,-1
124,2,4889.78515625,797.9821166992188,60.6064453125,102.04559326171875,0.7794464826583862,-1,-1,-1
124,5,3009.816650390625,515.0407104492188,21.451171875,43.76031494140625,0.28704553842544556,-1,-1,-1
124,1,4148.39404296875,709.4727783203125,30.87890625,76.41326904296875,0.6160508394241333,-1,-1,-1
124,111,3883.6162109375,527.7567749023438,16.555908203125,38.927734375,0.5304818749427795,-1,-1,-1
124,83,3705.254638671875,544.9461059570312,20.80810546875,35.9271240234375,0.3255908191204071,-1,-1,-1
124,116,3473.71044921875,579.2454833984375,18.70458984375,50.1478271484375,0.38929858803749084,-1,-1,-1
124,10,3624.8623046875,623.2389526367188,23.195556640625,57.77313232421875,0.33022668957710266,-1,-1,-1
125,2,4890.75634765625,797.67529296875,57.6142578125,102.75042724609375,0.7681435346603394,-1,-1,-1
125,5,3009.82568359375,515.185302734375,21.241943359375,43.718017578125,0.2872498035430908,-1,-1,-1
125,1,4147.90771484375,709.0470581054688,30.0244140625,78.23236083984375,0.6088555455207825,-1,-1,-1
125,111,3884.000244140625,527.30126953125,16.23291015625,39.56634521484375,0.535276472568512,-1,-1,-1
125,83,3705.802490234375,545.0101928710938,20.231689453125,34.98773193359375,0.30300742387771606,-1,-1,-1
125,116,3473.518310546875,579.3836059570312,18.616455078125,50.473876953125,0.3840464949607849,-1,-1,-1
125,10,3624.115478515625,623.3438110351562,23.350830078125,58.70684814453125,0.33357253670692444,-1,-1,-1
126,2,4890.62451171875,797.6904907226562,54.55078125,102.6126708984375,0.7909992337226868,-1,-1,-1
126,5,3009.799072265625,515.25048828125,21.156005859375,43.65924072265625,0.28411704301834106,-1,-1,-1
126,1,4147.908203125,709.2156982421875,27.17138671875,79.0706787109375,0.5887405276298523,-1,-1,-1
126,111,3883.8134765625,527.7181396484375,16.45751953125,39.26910400390625,0.5035403370857239,-1,-1,-1
126,116,3473.044189453125,579.6046142578125,18.687255859375,52.86566162109375,0.4322633445262909,-1,-1,-1
126,10,3623.01171875,624.33984375,23.2470703125,58.7269287109375,0.2767546474933624,-1,-1,-1
127,2,4890.3515625,797.5523681640625,52.61474609375,102.0811767578125,0.7648299932479858,-1,-1,-1
127,5,3009.8701171875,515.2151489257812,21.10498046875,43.65692138671875,0.28997716307640076,-1,-1,-1
127,1,4146.90234375,708.4447631835938,24.5146484375,81.05364990234375,0.5810822248458862,-1,-1,-1
127,111,3883.510009765625,527.6175537109375,16.855712890625,39.19586181640625,0.49750012159347534,-1,-1,-1
127,116,3473.81787109375,581.7103881835938,17.830078125,53.427978515625,0.4371335208415985,-1,-1,-1
127,10,3622.114013671875,625.1583862304688,23.493896484375,57.99176025390625,0.3258293569087982,-1,-1,-1
127,83,3704.841796875,544.858642578125,20.848876953125,35.37847900390625,0.25238800048828125,-1,-1,-1
128,2,4889.89990234375,798.0680541992188,52.40625,99.80023193359375,0.717707097530365,-1,-1,-1
128,5,3010.018798828125,515.1834106445312,20.95361328125,43.65765380859375,0.2802775800228119,-1,-1,-1
128,1,4145.173828125,708.2522583007812,24.41748046875,81.16290283203125,0.3957592248916626,-1,-1,-1
128,111,3883.918212890625,528.0342407226562,16.69921875,39.02325439453125,0.4799745976924896,-1,-1,-1
128,116,3473.662841796875,583.2108764648438,18.000244140625,53.3004150390625,0.4175773561000824,-1,-1,-1
128,10,3619.649169921875,626.5748291015625,25.6796875,57.119873046875,0.2812928855419159,-1,-1,-1
129,2,4888.12939453125,797.9679565429688,52.1142578125,98.5775146484375,0.7397745251655579,-1,-1,-1
129,5,3010.042236328125,515.0289306640625,21.058837890625,43.9044189453125,0.29620733857154846,-1,-1,-1
129,1,4142.4775390625,708.5001220703125,26.205078125,79.66827392578125,0.5057392120361328,-1,-1,-1
129,111,3884.467529296875,528.6017456054688,16.65087890625,38.36785888671875,0.46841174364089966,-1,-1,-1
129,116,3473.2626953125,581.0731811523438,18.42578125,54.3604736328125,0.4406869411468506,-1,-1,-1
129,10,3618.015869140625,626.5023803710938,27.18701171875,57.5283203125,0.30104780197143555,-1,-1,-1
130,2,4886.14599609375,797.6416015625,51.11181640625,97.81390380859375,0.7645221948623657,-1,-1,-1
130,5,3010.07177734375,514.9473876953125,21.0107421875,43.89501953125,0.2921768128871918,-1,-1,-1
130,1,4140.4697265625,708.2037353515625,26.99365234375,78.606689453125,0.48923367261886597,-1,-1,-1
130,111,3884.779296875,529.1439819335938,16.692138671875,37.43853759765625,0.44058138132095337,-1,-1,-1
130,116,3473.083251953125,580.2904052734375,18.452392578125,55.8345947265625,0.4391261637210846,-1,-1,-1
131,2,4884.21533203125,797.2037963867188,48.93603515625,100.640625,0.7972620725631714,-1,-1,-1
131,5,3010.028076171875,515.0115966796875,21.0166015625,43.6859130859375,0.2974761128425598,-1,-1,-1
131,1,4138.3056640625,708.9132690429688,27.60986328125,77.87451171875,0.47181105613708496,-1,-1,-1
131,111,3884.904541015625,529.2633666992188,16.73193359375,37.0091552734375,0.4555693566799164,-1,-1,-1
131,116,3473.17041015625,579.9749145507812,18.258544921875,56.12689208984375,0.4189615547657013,-1,-1,-1
131,10,3613.888916015625,626.6471557617188,26.998046875,59.009033203125,0.30917179584503174,-1,-1,-1
132,2,4880.47607421875,797.4403686523438,49.876953125,101.05230712890625,0.7890915274620056,-1,-1,-1
132,5,3010.090576171875,515.0252075195312,20.900634765625,43.56640625,0.298348605632782,-1,-1,-1
132,1,4137.05078125,710.276123046875,27.74267578125,77.182373046875,0.5625863075256348,-1,-1,-1
132,111,3884.948486328125,529.251220703125,16.85498046875,36.66796875,0.4606757164001465,-1,-1,-1
132,116,3473.025634765625,578.4214477539062,18.1982421875,58.58026123046875,0.4237523376941681,-1,-1,-1
132,10,3613.18701171875,626.6456298828125,25.931396484375,58.838134765625,0.4693872332572937,-1,-1,-1
133,2,4877.28466796875,798.1177978515625,50.91748046875,101.4422607421875,0.7583974003791809,-1,-1,-1
133,5,3010.310302734375,515.0812377929688,20.6435546875,43.31329345703125,0.30216288566589355,-1,-1,-1
133,1,4135.9921875,711.7240600585938,27.3740234375,76.61920166015625,0.42534351348876953,-1,-1,-1
133,111,3884.93994140625,529.6022338867188,16.90966796875,35.65509033203125,0.45376497507095337,-1,-1,-1
133,116,3472.868896484375,577.089111328125,18.287841796875,60.364990234375,0.38159409165382385,-1,-1,-1
133,10,3613.02294921875,625.696044921875,25.30322265625,59.84820556640625,0.5775551795959473,-1,-1,-1
134,2,4871.68408203125,798.1489868164062,54.2060546875,100.45831298828125,0.740060567855835,-1,-1,-1
134,5,3010.41552734375,515.0311889648438,20.55908203125,43.33978271484375,0.2959631383419037,-1,-1,-1
134,1,4135.09130859375,712.2655029296875,26.93701171875,75.8731689453125,0.403439462184906,-1,-1,-1
134,111,3884.97998046875,529.6375122070312,17.312255859375,35.51513671875,0.43272122740745544,-1,-1,-1
134,116,3472.769287109375,577.0677490234375,18.302001953125,60.34027099609375,0.3821909725666046,-1,-1,-1
134,10,3612.45556640625,625.0382080078125,23.720703125,60.9669189453125,0.6248289346694946,-1,-1,-1
135,2,4867.73486328125,798.1671142578125,56.4169921875,100.40728759765625,0.7359871864318848,-1,-1,-1
135,5,3010.508056640625,515.1293334960938,20.462158203125,43.22222900390625,0.27969232201576233,-1,-1,-1
135,111,3885.013916015625,529.8197021484375,17.532470703125,35.11602783203125,0.3915211260318756,-1,-1,-1
135,116,3472.83984375,577.9320678710938,18.035400390625,58.91400146484375,0.36746877431869507,-1,-1,-1
135,10,3611.814208984375,624.4412841796875,22.41015625,61.77685546875,0.5974705815315247,-1,-1,-1
136,2,4864.80029296875,798.2159423828125,58.8115234375,100.32037353515625,0.7589807510375977,-1,-1,-1
136,5,3010.499755859375,515.0751342773438,20.554931640625,43.4376220703125,0.27493196725845337,-1,-1,-1
136,111,3885.07421875,529.8410034179688,17.4677734375,35.11199951171875,0.3898535370826721,-1,-1,-1
136,116,3473.037353515625,579.2556762695312,17.60986328125,56.9481201171875,0.3695063591003418,-1,-1,-1
136,10,3610.99072265625,624.0859375,19.589111328125,60.863525390625,0.5436246395111084,-1,-1,-1
136,1,4131.86767578125,710.7473754882812,27.5166015625,78.9739990234375,0.3494153320789337,-1,-1,-1
137,2,4863.84619140625,798.646484375,58.6708984375,101.16900634765625,0.7841938734054565,-1,-1,-1
137,5,3010.51220703125,515.0847778320312,20.511962890625,43.24542236328125,0.2754403352737427,-1,-1,-1
137,111,3885.156005859375,529.7340087890625,17.514404296875,35.11920166015625,0.35431337356567383,-1,-1,-1
137,116,3473.15576171875,579.9644775390625,17.34912109375,55.68359375,0.32275545597076416,-1,-1,-1
137,10,3609.35595703125,623.8800659179688,18.95556640625,62.26531982421875,0.5468108057975769,-1,-1,-1
138,2,4862.6123046875,798.9052734375,58.84814453125,101.67144775390625,0.8138993382453918,-1,-1,-1
138,5,3010.494140625,515.1142578125,20.4775390625,43.22174072265625,0.28238245844841003,-1,-1,-1
138,111,3885.202392578125,529.7761840820312,17.83056640625,34.9161376953125,0.31779325008392334,-1,-1,-1
138,116,3473.129150390625,579.6967163085938,17.385009765625,56.0238037109375,0.385033518075943,-1,-1,-1
138,10,3607.55810546875,623.01220703125,19.790283203125,61.8292236328125,0.4706975519657135,-1,-1,-1
138,3,3939.20751953125,586.0127563476562,24.63427734375,49.16387939453125,0.4296325445175171,-1,-1,-1
138,1,4127.07568359375,708.1526489257812,26.65234375,82.87103271484375,0.42568403482437134,-1,-1,-1
139,2,4861.31591796875,799.2635498046875,59.08984375,101.35455322265625,0.8139586448669434,-1,-1,-1
139,5,3010.4599609375,515.2034912109375,20.557373046875,43.1590576171875,0.29090964794158936,-1,-1,-1
139,111,3885.2392578125,530.4561157226562,18.47412109375,34.40765380859375,0.3157401978969574,-1,-1,-1
139,116,3473.038330078125,577.8721313476562,17.5517578125,58.02740478515625,0.4102708697319031,-1,-1,-1
139,10,3605.728759765625,622.2310791015625,21.072998046875,64.56439208984375,0.57682865858078,-1,-1,-1
139,3,3939.215087890625,586.0782470703125,24.680908203125,49.9959716796875,0.4509144127368927,-1,-1,-1
139,1,4126.0869140625,707.8895874023438,26.7548828125,84.85369873046875,0.6135695576667786,-1,-1,-1
140,2,4861.85595703125,799.2861328125,56.92724609375,100.68304443359375,0.7570945620536804,-1,-1,-1
140,5,3010.391845703125,515.35693359375,20.845703125,42.8992919921875,0.30962303280830383,-1,-1,-1
140,111,3885.243896484375,530.46240234375,18.936767578125,34.6754150390625,0.3460487425327301,-1,-1,-1
140,116,3472.933349609375,575.5060424804688,17.732177734375,60.44757080078125,0.4140169620513916,-1,-1,-1
140,10,3603.673095703125,621.522216796875,21.6318359375,66.08380126953125,0.4696664810180664,-1,-1,-1
140,3,3939.19873046875,585.1682739257812,24.68994140625,51.21514892578125,0.4432971775531769,-1,-1,-1
140,1,4124.859375,707.9317626953125,26.90771484375,84.54937744140625,0.5980093479156494,-1,-1,-1
141,2,4863.30126953125,799.53271484375,53.97900390625,100.1905517578125,0.7657925486564636,-1,-1,-1
141,5,3010.389404296875,515.4314575195312,20.9296875,42.7454833984375,0.30353811383247375,-1,-1,-1
141,111,3885.279541015625,530.1876831054688,19.447021484375,35.43408203125,0.3295731544494629,-1,-1,-1
141,116,3472.699462890625,570.7377319335938,18.086181640625,65.79327392578125,0.4729955792427063,-1,-1,-1
141,10,3601.510498046875,621.9302368164062,22.013671875,68.039306640625,0.5774020552635193,-1,-1,-1
141,3,3939.15771484375,584.3700561523438,24.66357421875,52.2301025390625,0.44320160150527954,-1,-1,-1
141,1,4122.69873046875,707.56640625,28.05615234375,84.99102783203125,0.6949623227119446,-1,-1,-1
142,2,4864.07568359375,799.45703125,51.47119140625,99.3436279296875,0.7717033624649048,-1,-1,-1
142,5,3010.37255859375,515.4869995117188,20.969970703125,42.693359375,0.30970680713653564,-1,-1,-1
142,111,3885.313232421875,529.6710205078125,19.636962890625,35.3448486328125,0.31987208127975464,-1,-1,-1
142,116,3472.597412109375,571.0154418945312,18.354248046875,65.81390380859375,0.4220007359981537,-1,-1,-1
142,10,3600.298583984375,623.5889282226562,21.087646484375,67.5032958984375,0.47787195444107056,-1,-1,-1
142,3,3939.1357421875,583.5338745117188,24.7216796875,52.95196533203125,0.42280447483062744,-1,-1,-1
142,1,4121.02587890625,708.1076049804688,28.41455078125,83.88800048828125,0.6782671213150024,-1,-1,-1
143,2,4864.30859375,799.4794921875,49.71923828125,98.97113037109375,0.7532651424407959,-1,-1,-1
143,5,3010.3017578125,515.5829467773438,21.0322265625,42.49810791015625,0.3196459710597992,-1,-1,-1
143,111,3885.40869140625,530.384033203125,19.87890625,33.58319091796875,0.26018279790878296,-1,-1,-1
143,116,3472.53662109375,570.512451171875,18.4296875,66.58062744140625,0.35868918895721436,-1,-1,-1
143,10,3596.872802734375,625.7274169921875,23.78125,66.19049072265625,0.4663112759590149,-1,-1,-1
143,3,3939.127197265625,583.0607299804688,24.768310546875,52.9443359375,0.3958137333393097,-1,-1,-1
143,1,4120.021484375,707.6547241210938,28.720703125,84.2825927734375,0.7267687320709229,-1,-1,-1
143,155,4045.54638671875,532.09375,19.123046875,27.785400390625,0.37170708179473877,-1,-1,-1
143,83,3695.154052734375,545.385498046875,19.951904296875,35.0211181640625,0.27567028999328613,-1,-1,-1
144,2,4863.2900390625,799.8419799804688,49.45166015625,98.8529052734375,0.754607081413269,-1,-1,-1
144,5,3010.34423828125,515.6151733398438,20.990234375,42.1390380859375,0.3111668825149536,-1,-1,-1
144,116,3472.425048828125,568.5863647460938,18.615234375,69.0185546875,0.37704652547836304,-1,-1,-1
144,10,3594.42919921875,627.9608154296875,25.509033203125,64.75146484375,0.28056013584136963,-1,-1,-1
144,3,3939.090576171875,582.9522705078125,24.88232421875,51.955810546875,0.38378170132637024,-1,-1,-1
144,1,4117.9169921875,707.389404296875,30.5341796875,83.5726318359375,0.72144615650177,-1,-1,-1
144,155,4045.4521484375,532.4915161132812,18.593505859375,27.5654296875,0.3784295916557312,-1,-1,-1
144,83,3694.9306640625,545.00634765625,19.96923828125,35.0238037109375,0.27955392003059387,-1,-1,-1
145,2,4860.76806640625,799.9420166015625,50.71484375,99.33319091796875,0.7752646803855896,-1,-1,-1
145,5,3010.28173828125,515.6112060546875,21.0361328125,42.1767578125,0.31784701347351074,-1,-1,-1
145,116,3472.357421875,566.4313354492188,18.68408203125,71.25396728515625,0.40932339429855347,-1,-1,-1
145,10,3592.1376953125,628.9610595703125,27.44384765625,65.923095703125,0.3195951581001282,-1,-1,-1
145,3,3939.072021484375,583.0554809570312,24.865966796875,51.36846923828125,0.3973095417022705,-1,-1,-1
145,1,4114.90673828125,706.8406372070312,32.17333984375,83.89508056640625,0.7503672242164612,-1,-1,-1
145,155,4045.21435546875,532.5069580078125,18.321044921875,27.6907958984375,0.3717194199562073,-1,-1,-1
145,83,3694.77587890625,544.8633422851562,20.0615234375,34.9261474609375,0.28776174783706665,-1,-1,-1
146,2,4858.1064453125,799.7398071289062,52.64501953125,101.414794921875,0.7668623924255371,-1,-1,-1
146,5,3010.18115234375,515.5488891601562,21.057861328125,42.401611328125,0.32463693618774414,-1,-1,-1
146,116,3472.383544921875,565.447265625,18.586181640625,72.16387939453125,0.44761696457862854,-1,-1,-1
146,10,3590.646728515625,629.864501953125,28.65625,65.646240234375,0.35977402329444885,-1,-1,-1
146,3,3939.045654296875,583.1448974609375,24.9189453125,51.8616943359375,0.40549930930137634,-1,-1,-1
146,1,4111.67333984375,707.1906127929688,33.76953125,83.23638916015625,0.7301729321479797,-1,-1,-1
146,155,4044.91748046875,532.0581665039062,18.548583984375,28.25274658203125,0.3877328932285309,-1,-1,-1
146,83,3694.718994140625,544.9987182617188,20.334716796875,36.193359375,0.3050122857093811,-1,-1,-1
147,2,4856.89404296875,799.64111328125,53.19189453125,101.8660888671875,0.7556193470954895,-1,-1,-1
147,5,3010.134521484375,515.59619140625,21.015380859375,42.39935302734375,0.33085155487060547,-1,-1,-1
147,116,3472.340576171875,563.623779296875,18.658447265625,73.784912109375,0.47548332810401917,-1,-1,-1
147,10,3586.854736328125,628.3843383789062,28.25634765625,67.63665771484375,0.387665331363678,-1,-1,-1
147,3,3939.068603515625,583.1221923828125,24.69921875,52.49957275390625,0.4065587818622589,-1,-1,-1
147,1,4109.25439453125,707.5307006835938,35.74951171875,83.6041259765625,0.7236620783805847,-1,-1,-1
147,155,4044.381591796875,531.8419799804688,19.00390625,28.59271240234375,0.4116572439670563,-1,-1,-1
147,83,3694.622314453125,544.973876953125,21.180908203125,36.5235595703125,0.27540701627731323,-1,-1,-1
148,2,4854.841796875,799.3544921875,54.6181640625,102.617431640625,0.7389378547668457,-1,-1,-1
148,5,3010.041015625,515.6490478515625,21.1201171875,42.17950439453125,0.3200087249279022,-1,-1,-1
148,116,3472.612548828125,569.2496948242188,18.227783203125,67.9337158203125,0.4648703634738922,-1,-1,-1
148,10,3584.2900390625,629.0166625976562,28.773193359375,67.654052734375,0.40336209535598755,-1,-1,-1
148,3,3939.08642578125,583.3466796875,24.642578125,52.12139892578125,0.4004681408405304,-1,-1,-1
148,1,4107.8935546875,707.9617919921875,36.3525390625,83.30450439453125,0.7034508585929871,-1,-1,-1
148,155,4044.377685546875,531.8637084960938,19.207275390625,28.64599609375,0.36193519830703735,-1,-1,-1
149,2,4852.38818359375,799.1134643554688,55.4033203125,103.5758056640625,0.7341465353965759,-1,-1,-1
149,5,3009.99462890625,515.62744140625,21.13330078125,42.3267822265625,0.32019227743148804,-1,-1,-1
149,116,3472.640380859375,570.5565795898438,18.008056640625,66.58038330078125,0.45092812180519104,-1,-1,-1
149,10,3584.606201171875,628.6060180664062,26.648681640625,67.92913818359375,0.3737682104110718,-1,-1,-1
149,3,3939.11962890625,583.5200805664062,24.616455078125,51.87353515625,0.37652066349983215,-1,-1,-1
149,1,4106.6494140625,709.3748168945312,37.37744140625,82.18603515625,0.6811363101005554,-1,-1,-1
149,155,4044.116455078125,531.9577026367188,19.315185546875,28.6064453125,0.3156226575374603,-1,-1,-1
149,83,3694.438232421875,544.5487060546875,21.46240234375,37.0321044921875,0.2777964174747467,-1,-1,-1
150,2,4847.98486328125,798.6868896484375,58.3408203125,105.15545654296875,0.7225805521011353,-1,-1,-1
150,5,3009.91064453125,515.66162109375,21.18701171875,42.46160888671875,0.3052592873573303,-1,-1,-1
150,116,3472.574951171875,572.4849243164062,18.013916015625,64.40960693359375,0.43036243319511414,-1,-1,-1
150,3,3939.13427734375,583.6691284179688,24.984619140625,51.1009521484375,0.3208358585834503,-1,-1,-1
150,1,4106.00244140625,710.9083862304688,36.8330078125,80.277099609375,0.6645904779434204,-1,-1,-1
150,155,4044.427978515625,531.606201171875,18.59228515625,27.69085693359375,0.2606213092803955,-1,-1,-1
151,2,4846.0712890625,798.2716674804688,59.25439453125,105.414306640625,0.7303240299224854,-1,-1,-1
151,5,3009.9482421875,515.9365234375,20.907470703125,41.9573974609375,0.2809545695781708,-1,-1,-1
151,116,3472.525390625,574.5989379882812,18.0615234375,62.43377685546875,0.41811397671699524,-1,-1,-1
151,1,4103.81494140625,712.1197509765625,36.8232421875,78.88995361328125,0.6041192412376404,-1,-1,-1
151,155,4045.205078125,531.273193359375,17.346923828125,26.8660888671875,0.27325060963630676,-1,-1,-1
152,2,4845.0556640625,797.9977416992188,58.50244140625,104.15435791015625,0.7213144302368164,-1,-1,-1
152,5,3010.023193359375,515.9689331054688,20.74267578125,41.887451171875,0.2766924500465393,-1,-1,-1
152,116,3472.265380859375,575.4052124023438,18.477783203125,61.75335693359375,0.455135315656662,-1,-1,-1
152,1,4101.39990234375,712.0460205078125,35.33935546875,78.29559326171875,0.5492746829986572,-1,-1,-1
152,155,4045.765869140625,530.7640380859375,16.64794921875,27.57891845703125,0.28330954909324646,-1,-1,-1
152,10,3580.80126953125,630.1563720703125,21.158447265625,66.778076171875,0.32215413451194763,-1,-1,-1
152,83,3694.32421875,543.6486206054688,21.892578125,36.62823486328125,0.2568909525871277,-1,-1,-1
153,2,4844.03369140625,798.0496826171875,57.8076171875,103.4293212890625,0.7334996461868286,-1,-1,-1
153,5,3010.152099609375,516.0244140625,20.53125,41.68121337890625,0.26915213465690613,-1,-1,-1
153,116,3472.15234375,577.1287841796875,18.689453125,59.91748046875,0.4349640905857086,-1,-1,-1
153,1,4097.162109375,711.3971557617188,35.4287109375,80.56134033203125,0.4427260160446167,-1,-1,-1
153,155,4046.203369140625,530.1650390625,16.114990234375,28.4381103515625,0.27513161301612854,-1,-1,-1
153,10,3580.139892578125,630.10205078125,20.728759765625,67.22894287109375,0.26142582297325134,-1,-1,-1
153,83,3694.51318359375,543.666015625,22.121826171875,36.60107421875,0.2587154507637024,-1,-1,-1
154,2,4843.95068359375,798.0468139648438,56.451171875,103.488525390625,0.7235390543937683,-1,-1,-1
154,5,3010.197509765625,515.802978515625,20.525146484375,41.8892822265625,0.2856946289539337,-1,-1,-1
154,116,3471.97509765625,577.6205444335938,18.911376953125,59.33502197265625,0.45246729254722595,-1,-1,-1
154,1,4094.853271484375,710.7908325195312,35.540771484375,80.85247802734375,0.6603242754936218,-1,-1,-1
154,155,4046.43896484375,530.6471557617188,16.19140625,28.23822021484375,0.2660841643810272,-1,-1,-1
154,10,3577.64306640625,629.9366455078125,22.251220703125,67.2042236328125,0.4800378084182739,-1,-1,-1
154,83,3694.79248046875,543.7247314453125,22.021240234375,36.6817626953125,0.27751225233078003,-1,-1,-1
155,2,4844.234375,798.0065307617188,54.75341796875,104.2098388671875,0.6974665522575378,-1,-1,-1
155,116,3471.989990234375,580.0044555664062,18.908447265625,56.92431640625,0.4021710753440857,-1,-1,-1
155,1,4093.730712890625,710.174072265625,33.451904296875,80.5264892578125,0.6993815302848816,-1,-1,-1
155,10,3575.0595703125,631.0751953125,23.019287109375,64.64556884765625,0.5433721542358398,-1,-1,-1
155,157,3943.41796875,587.5490112304688,26.58544921875,49.93682861328125,0.3358052670955658,-1,-1,-1
156,2,4842.8779296875,798.77001953125,55.09423828125,103.52947998046875,0.702176570892334,-1,-1,-1
156,116,3471.964599609375,581.4920654296875,18.90673828125,55.393798828125,0.380508154630661,-1,-1,-1
156,1,4094.358154296875,709.8496704101562,30.819091796875,80.8206787109375,0.7383973002433777,-1,-1,-1
156,10,3572.9599609375,634.1212768554688,22.713623046875,60.6632080078125,0.47560301423072815,-1,-1,-1
156,157,3944.356689453125,586.9456176757812,25.5869140625,44.9151611328125,0.3475605845451355,-1,-1,-1
157,2,4843.671875,798.6200561523438,52.06591796875,104.77593994140625,0.7337222695350647,-1,-1,-1
157,116,3472.142822265625,585.8530883789062,18.041748046875,50.38580322265625,0.37662366032600403,-1,-1,-1
157,1,4093.90869140625,709.8821411132812,30.21875,82.09063720703125,0.7799123525619507,-1,-1,-1
157,10,3570.909423828125,635.9557495117188,23.2353515625,58.4085693359375,0.42507582902908325,-1,-1,-1
157,157,3944.871826171875,586.1693115234375,26.033935546875,43.83905029296875,0.3409914970397949,-1,-1,-1
158,2,4843.4892578125,798.4862060546875,50.70458984375,105.169677734375,0.7696099281311035,-1,-1,-1
158,116,3471.86474609375,582.6033935546875,18.8310546875,54.41009521484375,0.4152536988258362,-1,-1,-1
158,1,4089.828369140625,709.382568359375,33.500732421875,82.8785400390625,0.7423111796379089,-1,-1,-1
158,10,3566.33984375,637.1879272460938,27.062255859375,59.33465576171875,0.34463492035865784,-1,-1,-1
158,157,3945.956787109375,587.2401123046875,25.912353515625,42.66864013671875,0.37910690903663635,-1,-1,-1
158,161,3897.84326171875,533.68310546875,18.603271484375,27.09735107421875,0.342527836561203,-1,-1,-1
159,2,4843.53662109375,798.512939453125,48.93408203125,105.01776123046875,0.7796509861946106,-1,-1,-1
159,116,3471.6015625,579.8463134765625,19.302001953125,58.06390380859375,0.4166189730167389,-1,-1,-1
159,1,4085.90185546875,708.890869140625,35.59765625,82.15032958984375,0.7647929787635803,-1,-1,-1
159,10,3564.5283203125,637.9420776367188,27.14208984375,60.50360107421875,0.34724077582359314,-1,-1,-1
159,157,3947.793701171875,587.5796508789062,25.350830078125,41.54718017578125,0.4372534155845642,-1,-1,-1
159,161,3900.39501953125,533.3645629882812,17.693359375,28.17657470703125,0.34539493918418884,-1,-1,-1
159,5,3010.453369140625,515.146728515625,20.697509765625,42.17144775390625,0.272792249917984,-1,-1,-1
160,2,4844.33251953125,798.5322875976562,46.82861328125,105.0311279296875,0.7694565057754517,-1,-1,-1
160,116,3471.384521484375,575.9811401367188,19.624755859375,62.90570068359375,0.45565328001976013,-1,-1,-1
160,1,4082.98681640625,708.8038940429688,36.03955078125,81.8480224609375,0.7565793395042419,-1,-1,-1
160,10,3562.155517578125,637.8264770507812,28.4794921875,61.08343505859375,0.346297949552536,-1,-1,-1
160,157,3947.590087890625,589.5182495117188,26.6708984375,39.0179443359375,0.42247310280799866,-1,-1,-1
160,161,3902.90576171875,535.0586547851562,15.726318359375,25.908203125,0.36611682176589966,-1,-1,-1
160,5,3010.412353515625,515.2449340820312,20.908447265625,41.8082275390625,0.273473858833313,-1,-1,-1
161,2,4845.92822265625,798.8268432617188,43.41552734375,104.90240478515625,0.768065869808197,-1,-1,-1
161,116,3471.254638671875,573.2518310546875,19.8642578125,66.61993408203125,0.47503069043159485,-1,-1,-1
161,1,4081.10302734375,710.0679321289062,36.73388671875,80.90667724609375,0.7468442320823669,-1,-1,-1
161,10,3559.385986328125,637.5177612304688,27.982177734375,60.32293701171875,0.4074419438838959,-1,-1,-1
161,157,3948.116943359375,590.1495361328125,28.14990234375,38.7432861328125,0.41168874502182007,-1,-1,-1
161,161,3904.034423828125,532.519287109375,17.599365234375,27.5064697265625,0.4549234211444855,-1,-1,-1
161,5,3010.351318359375,515.1525268554688,20.951171875,42.055908203125,0.2866060137748718,-1,-1,-1
162,2,4846.50146484375,799.3245849609375,41.29052734375,104.51873779296875,0.7493339776992798,-1,-1,-1
162,116,3471.227783203125,575.57568359375,20.014404296875,64.70440673828125,0.4383084177970886,-1,-1,-1
162,1,4079.55126953125,711.5269165039062,37.29345703125,80.17987060546875,0.6764128804206848,-1,-1,-1
162,10,3558.429931640625,637.7164306640625,26.3125,58.68817138671875,0.4336360692977905,-1,-1,-1
162,157,3948.88818359375,590.6973876953125,30.477294921875,39.65447998046875,0.3966929018497467,-1,-1,-1
162,161,3905.551513671875,531.0962524414062,17.135498046875,27.778564453125,0.4550917148590088,-1,-1,-1
162,5,3010.126953125,515.3638305664062,21.18603515625,41.79022216796875,0.286793053150177,-1,-1,-1
163,2,4843.763671875,799.4310302734375,42.41015625,104.01483154296875,0.7325544357299805,-1,-1,-1
163,116,3471.1005859375,577.0109252929688,20.20849609375,63.46453857421875,0.39640745520591736,-1,-1,-1
163,1,4079.063232421875,713.4324951171875,37.879150390625,78.3057861328125,0.6829493045806885,-1,-1,-1
163,10,3558.0068359375,638.224853515625,24.98583984375,56.631591796875,0.4086642265319824,-1,-1,-1
163,157,3949.89404296875,591.6783447265625,33.007568359375,38.99609375,0.38699761033058167,-1,-1,-1
163,161,3906.646728515625,531.6580200195312,18.224609375,28.7933349609375,0.4038449823856354,-1,-1,-1
163,5,3010.005126953125,515.5487060546875,21.38623046875,41.6424560546875,0.2580738067626953,-1,-1,-1
164,2,4840.58935546875,799.2788696289062,44.09814453125,103.8184814453125,0.7374626398086548,-1,-1,-1
164,116,3470.959716796875,575.6993408203125,20.37451171875,64.95672607421875,0.3877486288547516,-1,-1,-1
164,1,4077.420654296875,715.098388671875,38.812744140625,77.72259521484375,0.6579154133796692,-1,-1,-1
164,10,3557.25634765625,638.432373046875,23.09228515625,56.7884521484375,0.44321051239967346,-1,-1,-1
164,157,3952.88427734375,591.82275390625,33.14697265625,38.60736083984375,0.42388319969177246,-1,-1,-1
164,161,3908.349853515625,530.6531372070312,17.6279296875,29.1043701171875,0.41553831100463867,-1,-1,-1
164,5,3010.0068359375,515.490478515625,21.348876953125,41.67889404296875,0.2511585056781769,-1,-1,-1
165,2,4838.50927734375,799.1768798828125,45.03955078125,103.929443359375,0.7228671908378601,-1,-1,-1
165,116,3470.855712890625,575.7047729492188,20.552734375,65.13616943359375,0.35668471455574036,-1,-1,-1
165,1,4076.39599609375,715.5941162109375,39.35498046875,76.4705810546875,0.6366543173789978,-1,-1,-1
165,10,3555.95654296875,638.478271484375,20.416259765625,57.467041015625,0.3388991355895996,-1,-1,-1
165,157,3956.962158203125,591.6061401367188,31.62109375,37.50128173828125,0.42989617586135864,-1,-1,-1
165,161,3910.21875,531.65234375,17.96044921875,29.24993896484375,0.314613938331604,-1,-1,-1
166,2,4835.48681640625,798.8597412109375,47.10595703125,104.37066650390625,0.7351638674736023,-1,-1,-1
166,116,3470.73779296875,571.64453125,20.77880859375,69.5439453125,0.3564164638519287,-1,-1,-1
166,1,4075.456787109375,715.4342041015625,39.600341796875,76.58380126953125,0.6508892178535461,-1,-1,-1
166,10,3553.55322265625,638.7882690429688,20.238037109375,58.68609619140625,0.337154746055603,-1,-1,-1
166,157,3962.038330078125,590.2805786132812,28.596923828125,37.9554443359375,0.42134472727775574,-1,-1,-1
166,161,3911.3291015625,531.4771728515625,18.038330078125,30.29632568359375,0.3312322199344635,-1,-1,-1
166,5,3010.10546875,515.4959716796875,21.298583984375,41.443359375,0.25957995653152466,-1,-1,-1
167,2,4834.11083984375,798.55712890625,47.16845703125,104.213134765625,0.7458680868148804,-1,-1,-1
167,116,3470.721435546875,571.2022094726562,20.841064453125,70.0762939453125,0.34212416410446167,-1,-1,-1
167,1,4072.235107421875,715.3030395507812,40.884033203125,76.73565673828125,0.6744632124900818,-1,-1,-1
167,10,3550.097412109375,638.8424072265625,22.76611328125,59.7906494140625,0.4850289225578308,-1,-1,-1
167,161,3912.04345703125,531.97607421875,17.959716796875,30.65484619140625,0.2931467294692993,-1,-1,-1
167,5,3010.248779296875,515.5164184570312,21.282470703125,41.32440185546875,0.2674703001976013,-1,-1,-1
168,2,4831.671875,798.261962890625,48.83349609375,103.70867919921875,0.7429423928260803,-1,-1,-1
168,116,3470.873291015625,568.947509765625,20.678955078125,72.73907470703125,0.36806127429008484,-1,-1,-1
168,1,4068.8212890625,713.9366455078125,41.17041015625,78.14801025390625,0.686971127986908,-1,-1,-1
168,10,3546.415771484375,638.2722778320312,26.0361328125,61.39276123046875,0.5033057332038879,-1,-1,-1
169,2,4830.56884765625,798.326171875,48.83056640625,102.94879150390625,0.7378333210945129,-1,-1,-1
169,116,3471.19482421875,581.3797607421875,20.053955078125,59.78814697265625,0.3591882288455963,-1,-1,-1
169,1,4068.279541015625,713.4175415039062,40.295166015625,78.15386962890625,0.6639748811721802,-1,-1,-1
169,10,3543.36962890625,638.1600952148438,28.577880859375,62.05889892578125,0.4948348104953766,-1,-1,-1
169,168,3686.178955078125,547.3085327148438,30.65185546875,49.59808349609375,0.35307610034942627,-1,-1,-1
169,157,3972.16064453125,590.6732177734375,25.973876953125,35.72198486328125,0.33441638946533203,-1,-1,-1
170,2,4832.59423828125,797.9183349609375,45.85888671875,102.24609375,0.7339882254600525,-1,-1,-1
170,116,3471.502197265625,586.8474731445312,19.823974609375,53.74658203125,0.37727782130241394,-1,-1,-1
170,1,4068.735595703125,712.7103271484375,38.068603515625,78.739990234375,0.6815618872642517,-1,-1,-1
170,10,3541.24853515625,637.9048461914062,30.009521484375,62.41009521484375,0.44594916701316833,-1,-1,-1
170,168,3686.32177734375,549.7719116210938,31.728759765625,48.84991455078125,0.3589257299900055,-1,-1,-1
170,157,3973.71484375,590.847412109375,26.753173828125,36.3157958984375,0.3223714828491211,-1,-1,-1
171,2,4834.732421875,797.7237548828125,43.2109375,102.04931640625,0.7561475038528442,-1,-1,-1
171,116,3471.5302734375,588.7599487304688,19.758544921875,51.4940185546875,0.3740176856517792,-1,-1,-1
171,1,4069.8974609375,711.663818359375,35.5576171875,81.0389404296875,0.7006027102470398,-1,-1,-1
171,10,3539.404296875,638.7708740234375,30.416259765625,61.9033203125,0.3596131503582001,-1,-1,-1
171,168,3689.849853515625,550.7520141601562,28.947998046875,48.32159423828125,0.4226975440979004,-1,-1,-1
172,2,4836.07763671875,797.7034912109375,41.005859375,101.90557861328125,0.7553688883781433,-1,-1,-1
172,116,3471.780517578125,589.2349853515625,19.815185546875,50.12457275390625,0.40115779638290405,-1,-1,-1
172,1,4070.820556640625,711.1201171875,33.634033203125,82.7305908203125,0.691351056098938,-1,-1,-1
172,10,3538.55078125,639.53369140625,29.101318359375,59.6468505859375,0.3105745017528534,-1,-1,-1
172,168,3692.382568359375,552.3443603515625,26.731689453125,47.2978515625,0.3167371451854706,-1,-1,-1
172,157,3977.191162109375,591.4813842773438,32.138427734375,36.88427734375,0.29791057109832764,-1,-1,-1
173,2,4837.82568359375,797.7943115234375,38.78515625,101.17205810546875,0.7263894081115723,-1,-1,-1
173,116,3471.756591796875,589.48046875,19.9130859375,49.1201171875,0.35740894079208374,-1,-1,-1
173,1,4071.685302734375,711.3168334960938,31.904052734375,82.39691162109375,0.6482061743736267,-1,-1,-1
173,10,3536.576171875,640.19091796875,30.51953125,62.2374267578125,0.2737768590450287,-1,-1,-1
173,157,3982.698486328125,593.7142333984375,31.482421875,34.71124267578125,0.37285903096199036,-1,-1,-1
174,2,4838.69775390625,797.7901611328125,37.62548828125,101.26531982421875,0.7056261301040649,-1,-1,-1
174,116,3471.87646484375,589.6842041015625,20.017333984375,48.47137451171875,0.36027130484580994,-1,-1,-1
174,1,4072.13623046875,711.442138671875,29.38134765625,82.46954345703125,0.5972662568092346,-1,-1,-1
174,10,3535.146484375,639.3269653320312,30.96484375,64.04217529296875,0.2709107995033264,-1,-1,-1
174,157,3989.44482421875,593.8643188476562,29.233154296875,34.6214599609375,0.283016562461853,-1,-1,-1
174,161,3923.591064453125,533.1365966796875,19.412109375,28.6024169921875,0.3124273717403412,-1,-1,-1
175,2,4838.58642578125,797.7722778320312,37.30224609375,101.27960205078125,0.6824330687522888,-1,-1,-1
175,116,3472.16455078125,589.9732666015625,19.98095703125,47.7022705078125,0.351361483335495,-1,-1,-1
175,1,4071.395263671875,711.3779296875,28.458740234375,82.45538330078125,0.5533491373062134,-1,-1,-1
176,2,4839.16064453125,797.7074584960938,36.35498046875,101.2071533203125,0.6643624305725098,-1,-1,-1
176,116,3472.342529296875,590.1364135742188,19.8984375,47.94793701171875,0.36421167850494385,-1,-1,-1
176,1,4069.3115234375,712.921142578125,29.76708984375,81.12078857421875,0.5718317627906799,-1,-1,-1
176,161,3928.702880859375,533.6141357421875,18.017822265625,28.7938232421875,0.40383315086364746,-1,-1,-1
177,2,4839.49853515625,797.642578125,35.74609375,101.23504638671875,0.6669769883155823,-1,-1,-1
177,116,3472.548583984375,590.788330078125,19.756103515625,46.97406005859375,0.3593272268772125,-1,-1,-1
177,1,4067.3193359375,715.4363403320312,30.78955078125,79.2996826171875,0.5851323008537292,-1,-1,-1
177,161,3931.76171875,534.8403930664062,16.36279296875,28.60113525390625,0.39890074729919434,-1,-1,-1
177,5,3009.368408203125,514.75830078125,21.86572265625,43.0469970703125,0.271566241979599,-1,-1,-1
177,10,3532.95556640625,638.2889404296875,27.24365234375,64.75726318359375,0.331807404756546,-1,-1,-1
177,157,4003.654541015625,592.3841552734375,25.948486328125,35.2059326171875,0.35352811217308044,-1,-1,-1
178,2,4839.7333984375,797.5592651367188,35.54833984375,101.25860595703125,0.6550073027610779,-1,-1,-1
178,116,3473.240966796875,591.0450439453125,19.0830078125,46.5406494140625,0.36062654852867126,-1,-1,-1
178,1,4066.316162109375,718.0546875,31.320068359375,78.10675048828125,0.6904363036155701,-1,-1,-1
178,161,3934.092529296875,535.3386840820312,15.79931640625,28.799560546875,0.363196462392807,-1,-1,-1
178,178,3613.349365234375,507.4528503417969,25.00146484375,55.928619384765625,0.34522661566734314,-1,-1,-1
178,5,3009.325439453125,514.683837890625,22.08740234375,43.05450439453125,0.27134257555007935,-1,-1,-1
178,10,3532.212890625,637.0303955078125,26.8291015625,67.0133056640625,0.4432303309440613,-1,-1,-1
178,157,4009.58349609375,593.2894897460938,24.913818359375,34.286376953125,0.4278433322906494,-1,-1,-1
179,2,4839.37109375,797.4918823242188,35.986328125,101.39080810546875,0.6747490763664246,-1,-1,-1
179,116,3474.09912109375,590.1412353515625,18.18017578125,48.49993896484375,0.36375337839126587,-1,-1,-1
179,1,4065.57421875,719.046142578125,31.6181640625,77.78875732421875,0.7536904811859131,-1,-1,-1
179,161,3936.15380859375,535.7176513671875,14.736328125,27.5501708984375,0.33803126215934753,-1,-1,-1
179,178,3613.44482421875,508.0505065917969,24.659912109375,55.138702392578125,0.34614047408103943,-1,-1,-1
179,5,3009.3955078125,514.5713500976562,22.22216796875,42.887451171875,0.26055747270584106,-1,-1,-1
179,10,3531.59814453125,636.6392211914062,26.540283203125,67.66693115234375,0.4375700354576111,-1,-1,-1
179,157,4012.772705078125,593.1884155273438,27.241943359375,34.924072265625,0.5021802186965942,-1,-1,-1
180,2,4838.59033203125,797.2586059570312,36.96044921875,101.8060302734375,0.6922473907470703,-1,-1,-1
180,116,3475.1572265625,590.6651611328125,17.369140625,49.4833984375,0.37980917096138,-1,-1,-1
180,1,4065.050048828125,719.5135498046875,32.022216796875,77.206787109375,0.766372561454773,-1,-1,-1
180,161,3937.962158203125,535.1365966796875,16.3681640625,27.75811767578125,0.3444693982601166,-1,-1,-1
180,178,3613.800048828125,508.9685974121094,23.647705078125,54.062774658203125,0.34292182326316833,-1,-1,-1
180,10,3530.439208984375,635.8553466796875,27.548828125,68.0081787109375,0.46281424164772034,-1,-1,-1
180,157,4017.552490234375,591.9490966796875,26.856201171875,36.80902099609375,0.4007872939109802,-1,-1,-1
181,2,4838.3935546875,797.0303955078125,37.42724609375,102.2891845703125,0.7218603491783142,-1,-1,-1
181,116,3475.879638671875,591.984375,17.337646484375,49.157958984375,0.41072073578834534,-1,-1,-1
181,1,4065.005859375,720.021484375,32.45166015625,76.7459716796875,0.7692549824714661,-1,-1,-1
181,178,3613.982421875,508.8801574707031,22.732177734375,54.082916259765625,0.31250327825546265,-1,-1,-1
181,10,3529.79150390625,636.4356689453125,27.538818359375,66.03350830078125,0.3092135488986969,-1,-1,-1
181,182,3711.554443359375,554.6980590820312,25.33251953125,48.28802490234375,0.3686024248600006,-1,-1,-1
182,2,4836.330078125,796.9622802734375,39.53955078125,102.76141357421875,0.7188315987586975,-1,-1,-1
182,116,3476.565673828125,594.8783569335938,18.36279296875,47.30853271484375,0.3873085677623749,-1,-1,-1
182,1,4065.50537109375,719.8479614257812,31.87451171875,76.88714599609375,0.7457819581031799,-1,-1,-1
182,178,3613.977294921875,508.2621154785156,22.354248046875,54.401336669921875,0.37329086661338806,-1,-1,-1
182,10,3529.0615234375,637.32421875,27.360107421875,63.88360595703125,0.251801460981369,-1,-1,-1
182,182,3712.74169921875,554.6392822265625,25.3291015625,48.24017333984375,0.3896239995956421,-1,-1,-1
182,157,4028.74560546875,591.9363403320312,23.854248046875,38.3193359375,0.3089663088321686,-1,-1,-1
183,2,4831.322265625,796.921875,44.814453125,103.4161376953125,0.7464003562927246,-1,-1,-1
183,116,3477.019775390625,595.521728515625,20.350830078125,47.00994873046875,0.44032707810401917,-1,-1,-1
183,1,4066.321044921875,720.1282348632812,31.116943359375,75.76263427734375,0.6987606287002563,-1,-1,-1
183,178,3614.16259765625,508.5514221191406,22.093017578125,53.753570556640625,0.3723052740097046,-1,-1,-1
183,10,3528.0859375,640.0899047851562,27.39501953125,61.78045654296875,0.26945051550865173,-1,-1,-1
183,182,3714.455810546875,555.224609375,25.50048828125,46.6622314453125,0.3449627161026001,-1,-1,-1
183,157,4033.382080078125,593.513916015625,23.4169921875,37.68658447265625,0.3240770101547241,-1,-1,-1
184,2,4828.4267578125,796.9652099609375,48.31884765625,103.9549560546875,0.7365871667861938,-1,-1,-1
184,116,3477.67578125,595.1464233398438,21.912353515625,47.431884765625,0.4022674858570099,-1,-1,-1
184,1,4067.0966796875,720.008056640625,30.8134765625,75.35394287109375,0.655105471611023,-1,-1,-1
184,178,3614.320556640625,509.1776428222656,22.213623046875,53.193084716796875,0.3376348614692688,-1,-1,-1
184,182,3716.540283203125,554.32666015625,25.542724609375,44.96148681640625,0.31699538230895996,-1,-1,-1
184,157,4037.25244140625,595.0944213867188,25.387451171875,37.07171630859375,0.3600877821445465,-1,-1,-1
185,2,4825.712890625,797.0198974609375,51.58154296875,103.44171142578125,0.7409129738807678,-1,-1,-1
185,116,3478.06884765625,596.86669921875,23.322265625,45.226806640625,0.3409574329853058,-1,-1,-1
185,1,4067.414306640625,719.584228515625,31.137451171875,74.87567138671875,0.6780234575271606,-1,-1,-1
185,178,3614.339599609375,510.0823059082031,22.2021484375,52.394439697265625,0.32052868604660034,-1,-1,-1
185,182,3718.988525390625,554.46728515625,26.400634765625,47.35552978515625,0.3051716089248657,-1,-1,-1
185,185,3811.7021484375,509.05108642578125,18.5283203125,32.4893798828125,0.33076339960098267,-1,-1,-1
185,5,3009.495849609375,514.6921997070312,21.93408203125,43.063232421875,0.25839295983314514,-1,-1,-1
186,2,4826.42333984375,797.1495971679688,51.33740234375,103.28094482421875,0.7519814372062683,-1,-1,-1
186,116,3479.563232421875,598.861083984375,23.0341796875,42.7569580078125,0.3709604740142822,-1,-1,-1
186,1,4067.47802734375,718.6410522460938,31.576171875,74.79937744140625,0.6360625624656677,-1,-1,-1
186,178,3614.351318359375,509.5979309082031,22.645751953125,52.758697509765625,0.3438437581062317,-1,-1,-1
186,182,3719.372314453125,554.5880126953125,29.365234375,48.459228515625,0.2556667625904083,-1,-1,-1
186,185,3812.25927734375,505.3244934082031,18.99072265625,36.144317626953125,0.31492936611175537,-1,-1,-1
186,5,3009.493408203125,514.5330810546875,21.998779296875,43.22088623046875,0.2633386254310608,-1,-1,-1
186,10,3524.82861328125,641.4486694335938,26.079345703125,60.617919921875,0.3075386583805084,-1,-1,-1
187,2,4826.185546875,797.0010986328125,52.1689453125,102.60614013671875,0.7676272988319397,-1,-1,-1
187,116,3480.288818359375,600.4200439453125,23.475341796875,40.60845947265625,0.39552822709083557,-1,-1,-1
187,1,4067.356689453125,718.6073608398438,32.684326171875,75.0706787109375,0.6541941165924072,-1,-1,-1
187,178,3614.2861328125,509.7093505859375,22.72265625,52.33001708984375,0.386209636926651,-1,-1,-1
187,185,3813.041015625,507.18878173828125,19.184814453125,34.3927001953125,0.3210373520851135,-1,-1,-1
187,5,3009.490966796875,514.4740600585938,22.0517578125,43.192626953125,0.27656981348991394,-1,-1,-1
187,187,3467.8916015625,514.4005126953125,20.241943359375,61.14910888671875,0.3509770929813385,-1,-1,-1
187,10,3523.34716796875,642.2518310546875,25.63671875,63.5009765625,0.4231313467025757,-1,-1,-1
187,157,4047.9375,592.3197631835938,31.1220703125,42.14923095703125,0.31184256076812744,-1,-1,-1
188,2,4826.0625,796.9979248046875,52.6455078125,101.48193359375,0.7686328291893005,-1,-1,-1
188,116,3481.892822265625,601.8846435546875,23.447509765625,38.81707763671875,0.3560349643230438,-1,-1,-1
188,1,4067.1943359375,718.6253051757812,35.91845703125,75.6634521484375,0.606859028339386,-1,-1,-1
188,178,3614.10986328125,509.8737487792969,22.243408203125,51.695159912109375,0.35055750608444214,-1,-1,-1
188,185,3813.22216796875,506.0814514160156,20.335693359375,34.525848388671875,0.28340744972229004,-1,-1,-1
188,5,3009.48046875,514.4563598632812,22.06591796875,43.2197265625,0.27100226283073425,-1,-1,-1
188,187,3467.742919921875,515.0652465820312,20.540283203125,60.5628662109375,0.36526331305503845,-1,-1,-1
188,10,3522.827880859375,643.0615844726562,24.75048828125,64.11468505859375,0.33309251070022583,-1,-1,-1
188,157,4054.55224609375,593.6581420898438,29.3310546875,39.0223388671875,0.351315975189209,-1,-1,-1
188,161,3954.598876953125,536.0296630859375,16.29296875,29.6077880859375,0.2865525186061859,-1,-1,-1
188,182,3728.94775390625,558.2539672851562,28.21435546875,43.920654296875,0.37164580821990967,-1,-1,-1
189,2,4825.91357421875,797.0678100585938,53.53173828125,101.84381103515625,0.7817380428314209,-1,-1,-1
189,116,3482.234619140625,603.470458984375,24.21923828125,37.42584228515625,0.40366461873054504,-1,-1,-1
189,1,4066.578125,718.9735717773438,40.2861328125,75.23345947265625,0.6416104435920715,-1,-1,-1
189,178,3614.129150390625,510.55841064453125,22.142578125,50.74420166015625,0.33255767822265625,-1,-1,-1
189,185,3813.994384765625,501.5522766113281,20.869140625,38.486053466796875,0.2830956280231476,-1,-1,-1
189,5,3009.49658203125,514.5037231445312,22.003662109375,43.09075927734375,0.25677475333213806,-1,-1,-1
189,187,3467.619384765625,515.6355590820312,20.555908203125,60.34429931640625,0.35486283898353577,-1,-1,-1
189,10,3521.9541015625,643.9576416015625,24.99169921875,64.0517578125,0.34408146142959595,-1,-1,-1
189,157,4062.64208984375,593.7840576171875,26.435791015625,36.61346435546875,0.38340863585472107,-1,-1,-1
189,182,3732.282470703125,560.2645874023438,28.7939453125,38.44903564453125,0.37175673246383667,-1,-1,-1
190,2,4827.63525390625,796.7012939453125,52.87939453125,102.3055419921875,0.7900369763374329,-1,-1,-1
190,116,3483.46923828125,605.12109375,23.83740234375,35.56036376953125,0.38482826948165894,-1,-1,-1
190,1,4066.0859375,719.828369140625,43.95166015625,77.32080078125,0.6203961372375488,-1,-1,-1
190,178,3614.148681640625,509.9234924316406,21.91162109375,51.286712646484375,0.3254617154598236,-1,-1,-1
190,185,3814.386962890625,499.169189453125,21.07763671875,41.08636474609375,0.2796657383441925,-1,-1,-1
190,187,3467.05810546875,516.634521484375,20.516845703125,59.53692626953125,0.35671019554138184,-1,-1,-1
190,10,3520.680419921875,644.43505859375,26.025634765625,64.18035888671875,0.3662721514701843,-1,-1,-1
190,157,4070.337158203125,592.6859130859375,25.973876953125,40.2498779296875,0.4317595660686493,-1,-1,-1
190,182,3735.40673828125,559.1253051757812,28.181640625,39.81903076171875,0.4239389896392822,-1,-1,-1
190,161,3958.89404296875,536.19140625,16.335693359375,27.9140625,0.34913021326065063,-1,-1,-1
191,2,4829.314453125,796.60888671875,52.123046875,102.40325927734375,0.8115551471710205,-1,-1,-1
191,116,3484.61669921875,603.4200439453125,24.3203125,37.51031494140625,0.3898414969444275,-1,-1,-1
191,1,4064.865478515625,722.4010620117188,47.843017578125,75.52435302734375,0.6837955117225647,-1,-1,-1
191,178,3614.17626953125,509.56964111328125,21.769775390625,51.28753662109375,0.3156054615974426,-1,-1,-1
191,187,3466.99169921875,516.0852661132812,19.845458984375,60.2034912109375,0.3366968631744385,-1,-1,-1
191,10,3519.439208984375,644.7120971679688,26.769775390625,63.7520751953125,0.3917856216430664,-1,-1,-1
191,182,3738.908935546875,558.6747436523438,26.9658203125,40.34405517578125,0.43028396368026733,-1,-1,-1
191,161,3961.462158203125,535.5840454101562,16.717041015625,28.740478515625,0.30582454800605774,-1,-1,-1
192,2,4830.7333984375,796.5486450195312,51.96630859375,102.1732177734375,0.8061367273330688,-1,-1,-1
192,116,3485.050537109375,602.6430053710938,25.524658203125,38.707763671875,0.3711664378643036,-1,-1,-1
192,1,4064.35107421875,725.03466796875,50.337890625,73.6636962890625,0.6835500597953796,-1,-1,-1
192,178,3614.245361328125,509.7809753417969,21.6318359375,50.952911376953125,0.2910704016685486,-1,-1,-1
192,187,3467.19970703125,516.910400390625,19.112060546875,59.084228515625,0.3032834231853485,-1,-1,-1
192,10,3519.490966796875,645.89013671875,25.870361328125,63.19482421875,0.2707255780696869,-1,-1,-1
192,182,3741.6669921875,558.190673828125,25.844482421875,37.38525390625,0.3554096221923828,-1,-1,-1
192,161,3963.250732421875,535.350830078125,16.7451171875,29.0670166015625,0.29687198996543884,-1,-1,-1
192,157,4079.44873046875,591.4314575195312,26.994140625,38.2987060546875,0.2839432656764984,-1,-1,-1
193,2,4830.978515625,796.5509033203125,53.83056640625,103.26190185546875,0.7921175360679626,-1,-1,-1
193,116,3486.815673828125,603.1869506835938,24.398681640625,36.80108642578125,0.39672157168388367,-1,-1,-1
193,1,4064.700927734375,725.571044921875,51.144775390625,72.56597900390625,0.7001634836196899,-1,-1,-1
193,178,3614.4072265625,510.0951232910156,21.970458984375,50.823760986328125,0.2592346668243408,-1,-1,-1
193,187,3467.567626953125,517.0216674804688,18.6640625,59.22210693359375,0.3281649649143219,-1,-1,-1
193,10,3519.298095703125,646.8250122070312,25.208740234375,61.9583740234375,0.3294968605041504,-1,-1,-1
193,182,3744.39794921875,558.3409423828125,26.581298828125,37.48870849609375,0.3951704204082489,-1,-1,-1
193,161,3965.078857421875,535.6640625,16.95166015625,29.78558349609375,0.2619416415691376,-1,-1,-1
193,157,4086.467041015625,592.6668090820312,26.004150390625,38.022705078125,0.46357908844947815,-1,-1,-1
194,2,4832.35205078125,796.6582641601562,55.52001953125,102.6055908203125,0.7742180228233337,-1,-1,-1
194,116,3489.3525390625,602.5602416992188,23.515869140625,36.38043212890625,0.38634201884269714,-1,-1,-1
194,1,4063.875732421875,726.3121948242188,56.104248046875,72.4324951171875,0.7475864887237549,-1,-1,-1
194,178,3614.441162109375,510.70208740234375,22.3076171875,50.3834228515625,0.26675060391426086,-1,-1,-1
194,187,3467.97216796875,517.8078002929688,18.44482421875,58.2955322265625,0.31755295395851135,-1,-1,-1
194,10,3519.166259765625,647.41064453125,24.974609375,62.26153564453125,0.2826787829399109,-1,-1,-1
194,182,3746.49609375,558.4606323242188,26.036865234375,38.07440185546875,0.3771826922893524,-1,-1,-1
194,157,4093.740966796875,593.1238403320312,23.377197265625,38.2149658203125,0.5501593351364136,-1,-1,-1
194,185,3819.46728515625,501.3005676269531,18.9814453125,39.712066650390625,0.33616238832473755,-1,-1,-1
195,2,4832.3857421875,796.7636108398438,58.1298828125,101.5577392578125,0.7750778794288635,-1,-1,-1
195,116,3491.35205078125,602.63037109375,23.5576171875,36.7784423828125,0.4142634868621826,-1,-1,-1
195,1,4064.209716796875,727.4889526367188,59.154541015625,70.80706787109375,0.7642988562583923,-1,-1,-1
195,178,3614.42041015625,511.0601501464844,22.788330078125,50.244903564453125,0.2784770131111145,-1,-1,-1
195,187,3467.937744140625,517.1995239257812,18.76123046875,58.31158447265625,0.3184281289577484,-1,-1,-1
195,10,3519.01904296875,648.4299926757812,23.25146484375,62.31329345703125,0.2522633373737335,-1,-1,-1
195,182,3749.577392578125,559.3431396484375,30.378173828125,40.06982421875,0.35415926575660706,-1,-1,-1
195,157,4100.3623046875,592.26611328125,22.447265625,39.347412109375,0.47715336084365845,-1,-1,-1
195,185,3820.981201171875,501.2384948730469,18.726806640625,39.527313232421875,0.3891107439994812,-1,-1,-1
196,2,4833.40087890625,796.4212036132812,59.95361328125,101.30535888671875,0.7639874219894409,-1,-1,-1
196,116,3493.9150390625,601.5704345703125,24.66650390625,37.20587158203125,0.324968546628952,-1,-1,-1
196,1,4065.130859375,727.9953002929688,60.884765625,70.01324462890625,0.7680233716964722,-1,-1,-1
196,178,3614.35400390625,511.7586669921875,22.90625,49.98651123046875,0.2952969968318939,-1,-1,-1
196,187,3467.94140625,516.5390625,19.3876953125,57.875732421875,0.2935044467449188,-1,-1,-1
196,182,3751.5869140625,559.57666015625,30.908935546875,39.38507080078125,0.31523263454437256,-1,-1,-1
196,185,3821.834228515625,500.4668273925781,19.62548828125,41.049957275390625,0.3721565306186676,-1,-1,-1
197,2,4834.953125,796.3353271484375,60.8642578125,100.7664794921875,0.7749062180519104,-1,-1,-1
197,1,4067.193603515625,729.2020263671875,63.008544921875,69.1773681640625,0.7819878458976746,-1,-1,-1
197,178,3614.298095703125,512.5573120117188,22.7763671875,49.41802978515625,0.30676427483558655,-1,-1,-1
197,187,3467.692138671875,514.2305908203125,19.93310546875,59.07745361328125,0.2804439067840576,-1,-1,-1
197,182,3752.52294921875,559.0824584960938,32.072998046875,40.185791015625,0.35759270191192627,-1,-1,-1
197,185,3822.775390625,501.68963623046875,19.667724609375,40.0797119140625,0.4149271249771118,-1,-1,-1
197,157,4113.6552734375,594.8646850585938,19.17138671875,42.120361328125,0.4098719358444214,-1,-1,-1
198,2,4835.5029296875,796.6441650390625,62.06884765625,100.2462158203125,0.7663732171058655,-1,-1,-1
198,1,4071.945068359375,728.33251953125,62.419189453125,69.3001708984375,0.766547679901123,-1,-1,-1
198,178,3614.199951171875,513.1387939453125,22.91796875,48.79254150390625,0.3126358687877655,-1,-1,-1
198,187,3467.426025390625,513.6007690429688,20.457275390625,59.96417236328125,0.29466432332992554,-1,-1,-1
198,182,3754.903076171875,558.4555053710938,30.294677734375,38.4075927734375,0.34240809082984924,-1,-1,-1
198,185,3823.45166015625,503.815673828125,19.82470703125,38.0906982421875,0.36943069100379944,-1,-1,-1
198,196,4262.64208984375,581.1017456054688,28.67578125,45.88385009765625,0.37589651346206665,-1,-1,-1
198,157,4119.4892578125,596.388427734375,21.27392578125,40.0462646484375,0.440003365278244,-1,-1,-1
198,10,3514.57568359375,649.482177734375,26.52880859375,64.75006103515625,0.3282964825630188,-1,-1,-1
199,2,4835.38916015625,796.940185546875,65.44140625,102.1700439453125,0.773568868637085,-1,-1,-1
199,1,4076.671875,727.202880859375,61.3125,70.568115234375,0.6807757019996643,-1,-1,-1
199,178,3614.16455078125,513.8588256835938,23.428466796875,48.004150390625,0.32627028226852417,-1,-1,-1
199,187,3467.024169921875,510.7161865234375,21.1396484375,64.822509765625,0.2998262345790863,-1,-1,-1
199,182,3757.232666015625,555.2944946289062,31.8662109375,42.5726318359375,0.32740479707717896,-1,-1,-1
199,185,3824.92919921875,505.56427001953125,18.999267578125,34.66845703125,0.33863553404808044,-1,-1,-1
199,196,4262.501953125,580.6696166992188,26.53515625,46.68975830078125,0.43415412306785583,-1,-1,-1
199,157,4122.56982421875,596.1507568359375,22.35302734375,40.4881591796875,0.518792450428009,-1,-1,-1
199,10,3512.278076171875,649.4347534179688,28.286376953125,65.7935791015625,0.3208034336566925,-1,-1,-1
200,2,4835.353515625,797.1375732421875,68.30029296875,103.53363037109375,0.723300039768219,-1,-1,-1
200,1,4084.93896484375,726.9613647460938,57.10888671875,71.73876953125,0.777633786201477,-1,-1,-1
200,178,3614.16455078125,515.181640625,23.351806640625,46.442138671875,0.31440794467926025,-1,-1,-1
200,185,3825.013671875,506.4454040527344,20.08837890625,32.667083740234375,0.36108025908470154,-1,-1,-1
200,196,4262.8076171875,581.700439453125,23.6015625,43.4425048828125,0.43246006965637207,-1,-1,-1
200,157,4125.21435546875,594.3663940429688,27.67529296875,42.3673095703125,0.3699329197406769,-1,-1,-1
200,10,3511.621337890625,644.4503784179688,28.5517578125,71.02508544921875,0.35255932807922363,-1,-1,-1
201,2,4834.505859375,797.944091796875,70.8251953125,103.82562255859375,0.698604166507721,-1,-1,-1
201,1,4093.041015625,726.491455078125,54.04541015625,71.979248046875,0.7914276123046875,-1,-1,-1
201,178,3614.095458984375,516.76611328125,22.58935546875,44.6474609375,0.350227415561676,-1,-1,-1
201,185,3827.098388671875,506.230712890625,18.7509765625,30.8203125,0.29124271869659424,-1,-1,-1
201,196,4261.365234375,581.9923095703125,23.47705078125,45.1856689453125,0.5337232351303101,-1,-1,-1
201,157,4131.8154296875,595.96142578125,28.27685546875,39.55889892578125,0.2805026173591614,-1,-1,-1
201,10,3511.595703125,627.9318237304688,28.30712890625,87.83074951171875,0.38207074999809265,-1,-1,-1
202,2,4835.2314453125,798.9483642578125,70.42822265625,103.508056640625,0.6924928426742554,-1,-1,-1
202,1,4100.5634765625,727.4098510742188,52.93701171875,71.22503662109375,0.7190207242965698,-1,-1,-1
202,178,3614.0,518.1668701171875,22.48095703125,42.9859619140625,0.3808048367500305,-1,-1,-1
202,196,4259.84912109375,582.6105346679688,23.38134765625,45.363037109375,0.5047470331192017,-1,-1,-1
202,157,4137.765625,595.5978393554688,29.7529296875,40.90936279296875,0.441657155752182,-1,-1,-1
202,10,3511.64208984375,615.7155151367188,27.93017578125,100.3619384765625,0.34903690218925476,-1,-1,-1
203,2,4836.10595703125,799.6263427734375,69.611328125,102.69903564453125,0.7151790261268616,-1,-1,-1
203,1,4104.74560546875,727.9259643554688,53.609375,70.466064453125,0.6684631705284119,-1,-1,-1
203,178,3613.9990234375,518.2683715820312,22.8779296875,42.49005126953125,0.3412317931652069,-1,-1,-1
203,196,4259.13525390625,583.43017578125,22.37158203125,43.95806884765625,0.45018482208251953,-1,-1,-1
203,157,4146.50390625,596.2206420898438,26.2470703125,40.4322509765625,0.5635056495666504,-1,-1,-1
203,10,3512.492431640625,611.4244995117188,26.8603515625,104.6246337890625,0.37758034467697144,-1,-1,-1
204,2,4840.16552734375,800.7340698242188,65.91162109375,101.30413818359375,0.7171624898910522,-1,-1,-1
204,1,4108.3271484375,726.2686157226562,54.529296875,69.57318115234375,0.582772433757782,-1,-1,-1
204,178,3614.02001953125,517.337158203125,22.82373046875,42.908203125,0.3529171049594879,-1,-1,-1
204,196,4254.4130859375,583.7273559570312,26.4375,44.4561767578125,0.43495896458625793,-1,-1,-1
204,157,4153.81591796875,595.7696533203125,22.158203125,41.88885498046875,0.580451488494873,-1,-1,-1
204,10,3512.3603515625,609.8585205078125,26.950439453125,106.23016357421875,0.35743531584739685,-1,-1,-1
205,2,4846.52783203125,801.7030639648438,59.388671875,99.6817626953125,0.7070059180259705,-1,-1,-1
205,1,4110.9111328125,725.6758422851562,55.29296875,70.17303466796875,0.6533192992210388,-1,-1,-1
205,178,3614.04443359375,518.5872192382812,23.166015625,41.21307373046875,0.30931487679481506,-1,-1,-1
205,196,4254.3330078125,583.8643798828125,25.55224609375,43.55322265625,0.3780513107776642,-1,-1,-1
205,10,3511.9560546875,610.3432006835938,27.550537109375,105.132080078125,0.4358634948730469,-1,-1,-1
206,2,4852.4267578125,802.7991333007812,54.126953125,97.78289794921875,0.6883310675621033,-1,-1,-1
206,1,4116.14404296875,725.1965942382812,53.83837890625,70.04693603515625,0.7310988903045654,-1,-1,-1
206,178,3614.0625,519.3043212890625,23.239990234375,40.11273193359375,0.32955479621887207,-1,-1,-1
206,196,4255.34375,583.50634765625,23.61083984375,43.36126708984375,0.42002052068710327,-1,-1,-1
206,10,3511.85791015625,610.8563232421875,27.90625,106.03924560546875,0.43238410353660583,-1,-1,-1
206,157,4163.68017578125,597.2823486328125,22.8681640625,42.0601806640625,0.3922294080257416,-1,-1,-1
207,2,4847.5693359375,803.1301879882812,60.25634765625,98.759765625,0.6620727777481079,-1,-1,-1
207,1,4120.82080078125,724.232177734375,54.88671875,70.74273681640625,0.7449667453765869,-1,-1,-1
207,178,3614.083251953125,519.838134765625,23.999755859375,39.256103515625,0.29155001044273376,-1,-1,-1
207,196,4255.361328125,583.5635375976562,22.38818359375,42.59423828125,0.4052061140537262,-1,-1,-1
207,10,3511.319091796875,608.4334106445312,29.683349609375,110.1431884765625,0.4760006368160248,-1,-1,-1
207,157,4168.40283203125,596.864501953125,21.96142578125,43.37261962890625,0.4922560453414917,-1,-1,-1
208,2,4846.1455078125,803.3633422851562,63.4228515625,98.83245849609375,0.6615705490112305,-1,-1,-1
208,1,4128.91015625,723.2334594726562,50.7880859375,71.27691650390625,0.7349268198013306,-1,-1,-1
208,178,3614.0908203125,519.4482421875,24.47216796875,39.55609130859375,0.3251880407333374,-1,-1,-1
208,196,4255.17919921875,582.708740234375,21.4013671875,43.180419921875,0.4677760899066925,-1,-1,-1
208,10,3511.422119140625,620.8118286132812,30.3193359375,99.1143798828125,0.5127170085906982,-1,-1,-1
208,157,4174.25244140625,596.455810546875,22.87109375,42.9935302734375,0.5370836853981018,-1,-1,-1
208,187,3467.18994140625,515.9855346679688,20.94091796875,58.89483642578125,0.3238234519958496,-1,-1,-1
209,2,4845.4892578125,802.6998901367188,65.11279296875,100.24951171875,0.6706477999687195,-1,-1,-1
209,1,4140.64501953125,724.0119018554688,42.00732421875,72.84063720703125,0.5959978699684143,-1,-1,-1
209,178,3614.166015625,519.5731811523438,24.415771484375,39.2796630859375,0.29856568574905396,-1,-1,-1
209,196,4255.8759765625,582.2279052734375,20.25537109375,42.62841796875,0.44296541810035706,-1,-1,-1
209,10,3511.2333984375,632.6209716796875,30.0556640625,86.8966064453125,0.43815869092941284,-1,-1,-1
209,157,4177.59814453125,596.6697387695312,23.37255859375,39.90972900390625,0.39627042412757874,-1,-1,-1
209,187,3467.195068359375,516.375,20.6484375,58.7911376953125,0.2652311325073242,-1,-1,-1
210,2,4847.00830078125,802.4044189453125,64.9091796875,101.54071044921875,0.7224084138870239,-1,-1,-1
210,1,4150.7509765625,723.5626220703125,37.38037109375,75.9896240234375,0.7153858542442322,-1,-1,-1
210,178,3614.09814453125,521.0040893554688,24.230712890625,37.55462646484375,0.3155001103878021,-1,-1,-1
210,196,4255.75146484375,582.2666015625,20.052734375,43.43829345703125,0.45287489891052246,-1,-1,-1
210,10,3510.33349609375,636.6665649414062,31.87548828125,86.24658203125,0.5090204477310181,-1,-1,-1
210,157,4182.16064453125,595.2963256835938,23.91259765625,39.97113037109375,0.4427246153354645,-1,-1,-1
210,187,3466.913818359375,516.3357543945312,20.51611328125,59.115966796875,0.27713724970817566,-1,-1,-1
211,2,4849.14453125,801.9239501953125,64.091796875,101.71588134765625,0.7323899269104004,-1,-1,-1
211,1,4157.619140625,723.4631958007812,35.14794921875,77.1220703125,0.6010195016860962,-1,-1,-1
211,178,3613.98486328125,522.3967895507812,23.76513671875,35.85198974609375,0.27576324343681335,-1,-1,-1
211,196,4253.12109375,581.9923095703125,21.9716796875,44.584716796875,0.49918022751808167,-1,-1,-1
211,10,3510.15234375,645.5355224609375,30.89892578125,76.16131591796875,0.39120227098464966,-1,-1,-1
211,157,4183.9921875,593.8711547851562,26.22802734375,42.44549560546875,0.3278442919254303,-1,-1,-1
211,187,3466.8935546875,514.2266845703125,20.433349609375,61.34814453125,0.2692255973815918,-1,-1,-1
212,2,4853.03759765625,801.7457885742188,61.2744140625,102.39208984375,0.7635594606399536,-1,-1,-1
212,1,4162.92431640625,723.950927734375,34.2099609375,76.0955810546875,0.7531405687332153,-1,-1,-1
212,178,3613.91845703125,523.5446166992188,23.40576171875,34.27569580078125,0.2857168912887573,-1,-1,-1
212,196,4251.455078125,582.0576782226562,22.470703125,44.9228515625,0.47132009267807007,-1,-1,-1
212,10,3509.900390625,649.5938720703125,30.015380859375,75.07208251953125,0.41815170645713806,-1,-1,-1
212,157,4189.06201171875,597.3344116210938,27.33642578125,37.65179443359375,0.41424626111984253,-1,-1,-1
212,187,3466.492919921875,511.3232421875,20.988037109375,63.90472412109375,0.2705807387828827,-1,-1,-1
213,2,4857.8056640625,801.5635986328125,57.42333984375,103.22808837890625,0.7674809098243713,-1,-1,-1
213,1,4164.80908203125,724.2626342773438,35.96484375,76.60205078125,0.7913258075714111,-1,-1,-1
213,178,3613.845458984375,524.4437255859375,23.5498046875,32.64111328125,0.29383161664009094,-1,-1,-1
213,196,4250.12646484375,583.6407470703125,22.4208984375,39.2515869140625,0.38683968782424927,-1,-1,-1
213,10,3509.58154296875,650.8160400390625,30.5126953125,72.90716552734375,0.4086718261241913,-1,-1,-1
213,157,4193.2548828125,598.2652587890625,28.6474609375,36.70819091796875,0.3743583858013153,-1,-1,-1
213,187,3466.415283203125,509.473388671875,21.4697265625,65.67742919921875,0.2709449827671051,-1,-1,-1
214,2,4860.68310546875,801.5023193359375,55.0107421875,103.941162109375,0.7617062926292419,-1,-1,-1
214,1,4166.83349609375,722.8397216796875,39.43212890625,79.6739501953125,0.7528558969497681,-1,-1,-1
214,178,3613.843505859375,524.7618408203125,23.38818359375,32.1630859375,0.2845763862133026,-1,-1,-1
214,196,4249.2578125,584.0006713867188,21.4404296875,38.1357421875,0.4028784930706024,-1,-1,-1
214,10,3509.4052734375,653.0751953125,29.919189453125,71.71722412109375,0.46374884247779846,-1,-1,-1
214,157,4198.0400390625,597.9457397460938,27.0673828125,38.234130859375,0.4370337724685669,-1,-1,-1
214,187,3466.548583984375,509.1566162109375,21.758056640625,66.26947021484375,0.27890172600746155,-1,-1,-1
214,224,4012.947265625,543.1055297851562,19.670654296875,29.96392822265625,0.396914541721344,-1,-1,-1
215,2,4863.40087890625,801.4154052734375,52.7060546875,104.223388671875,0.7538273334503174,-1,-1,-1
215,1,4167.8828125,722.4356689453125,44.47802734375,81.00799560546875,0.6178615689277649,-1,-1,-1
215,178,3613.748291015625,525.9677734375,22.2021484375,30.68902587890625,0.2625162899494171,-1,-1,-1
215,196,4248.51171875,585.4509887695312,20.34765625,35.39166259765625,0.3323517441749573,-1,-1,-1
215,10,3509.5947265625,654.8131713867188,29.76025390625,71.68939208984375,0.42910659313201904,-1,-1,-1
215,157,4202.03125,597.5818481445312,26.1259765625,38.7818603515625,0.4024798274040222,-1,-1,-1
215,187,3466.604248046875,508.3078918457031,21.62109375,66.79489135742188,0.2662293612957001,-1,-1,-1
215,224,4015.1123046875,542.6334228515625,20.102294921875,30.5518798828125,0.27936458587646484,-1,-1,-1
216,2,4866.7509765625,801.2354736328125,49.6298828125,103.76409912109375,0.7048231959342957,-1,-1,-1
216,1,4170.93115234375,722.5982055664062,48.3212890625,80.140625,0.7008196711540222,-1,-1,-1
216,196,4246.771484375,586.2402954101562,21.10986328125,34.73736572265625,0.33264458179473877,-1,-1,-1
216,10,3509.36279296875,655.5242309570312,30.01123046875,71.42828369140625,0.437127947807312,-1,-1,-1
216,157,4205.2998046875,596.83837890625,24.8828125,37.4703369140625,0.5038506388664246,-1,-1,-1
216,187,3466.37841796875,507.1844787597656,21.740478515625,67.93350219726562,0.31071215867996216,-1,-1,-1
216,224,4018.483642578125,541.2968139648438,18.79541015625,32.06707763671875,0.26721128821372986,-1,-1,-1
216,228,3544.35107421875,609.6209106445312,24.341552734375,51.3238525390625,0.4402468204498291,-1,-1,-1
217,2,4869.66748046875,801.2042236328125,46.72802734375,103.21356201171875,0.6943216919898987,-1,-1,-1
217,1,4174.38134765625,723.4698486328125,52.06787109375,79.41070556640625,0.5824316143989563,-1,-1,-1
217,196,4244.48193359375,586.310791015625,22.822265625,34.62139892578125,0.272997111082077,-1,-1,-1
217,10,3509.396728515625,656.0494384765625,30.066650390625,71.5400390625,0.32082679867744446,-1,-1,-1
217,157,4208.63671875,596.9274291992188,22.9482421875,35.10467529296875,0.41037681698799133,-1,-1,-1
217,187,3466.239013671875,505.3355407714844,22.110107421875,70.77371215820312,0.3544457256793976,-1,-1,-1
217,224,4020.369384765625,540.36083984375,18.3095703125,33.7247314453125,0.34289538860321045,-1,-1,-1
217,228,3545.84765625,609.4989013671875,25.60107421875,51.92205810546875,0.4655478596687317,-1,-1,-1
217,178,3613.791259765625,525.4589233398438,23.505126953125,32.67962646484375,0.2932114601135254,-1,-1,-1
218,2,4873.54150390625,800.7960815429688,43.3271484375,103.72674560546875,0.6928712129592896,-1,-1,-1
218,1,4182.2607421875,723.9069213867188,49.21533203125,75.29083251953125,0.5367971658706665,-1,-1,-1
218,10,3510.445556640625,656.6715087890625,29.0703125,70.41729736328125,0.28328049182891846,-1,-1,-1
218,157,4210.7080078125,596.7373657226562,23.5908203125,35.6072998046875,0.30638808012008667,-1,-1,-1
218,187,3466.396240234375,505.947021484375,21.95458984375,69.9193115234375,0.27537134289741516,-1,-1,-1
218,228,3548.930419921875,608.9525756835938,25.185302734375,50.35028076171875,0.4633646011352539,-1,-1,-1
218,178,3613.685791015625,526.8607177734375,23.269287109375,31.74127197265625,0.27657946944236755,-1,-1,-1
219,2,4875.69873046875,800.405029296875,41.537109375,104.560546875,0.7242335081100464,-1,-1,-1
219,1,4190.916015625,725.2047729492188,44.69189453125,76.26171875,0.5626459121704102,-1,-1,-1
219,10,3511.091064453125,656.7019653320312,29.018310546875,70.40460205078125,0.34279870986938477,-1,-1,-1
219,187,3466.40966796875,504.9609680175781,21.536376953125,71.40188598632812,0.3352881669998169,-1,-1,-1
219,228,3551.1767578125,608.9851684570312,26.37060546875,53.92608642578125,0.5449889302253723,-1,-1,-1
219,178,3613.817626953125,527.9127197265625,22.970458984375,30.451904296875,0.2641039788722992,-1,-1,-1
220,2,4877.86279296875,799.82958984375,39.59716796875,105.03216552734375,0.7258201241493225,-1,-1,-1
220,1,4199.27734375,726.1005859375,40.072265625,77.03948974609375,0.5063255429267883,-1,-1,-1
220,10,3511.7763671875,657.0801391601562,27.935546875,69.79925537109375,0.29724687337875366,-1,-1,-1
220,228,3555.12646484375,608.7260131835938,26.445556640625,56.27056884765625,0.44572892785072327,-1,-1,-1
220,178,3613.723876953125,529.0528564453125,22.096923828125,29.04290771484375,0.2557663023471832,-1,-1,-1
221,2,4880.6767578125,799.20361328125,37.13671875,105.80572509765625,0.7527973055839539,-1,-1,-1
221,1,4208.07421875,724.0911865234375,36.6748046875,81.010009765625,0.6844545602798462,-1,-1,-1
221,10,3512.7548828125,657.5062255859375,26.45458984375,68.85870361328125,0.2917693853378296,-1,-1,-1
221,178,3613.583984375,529.538818359375,21.28369140625,29.0010986328125,0.282203733921051,-1,-1,-1
222,2,4882.53173828125,798.92431640625,35.6572265625,106.25042724609375,0.7428517937660217,-1,-1,-1
222,1,4214.8994140625,723.8399047851562,35.6845703125,82.21337890625,0.6714626550674438,-1,-1,-1
222,10,3513.349853515625,657.3496704101562,25.62939453125,68.39453125,0.33788585662841797,-1,-1,-1
222,178,3613.574951171875,529.6048583984375,20.20068359375,28.88482666015625,0.2744097411632538,-1,-1,-1
222,228,3563.716064453125,609.52880859375,25.678955078125,51.06072998046875,0.315656840801239,-1,-1,-1
223,2,4883.13623046875,798.7426147460938,35.1416015625,106.4373779296875,0.7353036999702454,-1,-1,-1
223,1,4221.05908203125,722.9884643554688,34.72216796875,82.46240234375,0.6440258622169495,-1,-1,-1
223,10,3513.92529296875,657.0574951171875,24.559326171875,68.815673828125,0.311082661151886,-1,-1,-1
223,228,3568.654541015625,611.8360595703125,22.722900390625,45.6824951171875,0.42851465940475464,-1,-1,-1
224,2,4882.89208984375,798.3968505859375,35.896484375,106.74810791015625,0.7515352368354797,-1,-1,-1
224,1,4224.6572265625,722.4632568359375,36.22021484375,83.16571044921875,0.6730315089225769,-1,-1,-1
224,10,3514.327880859375,656.5885009765625,23.92529296875,67.87347412109375,0.30551841855049133,-1,-1,-1
224,228,3572.35693359375,613.5079956054688,21.97607421875,43.87353515625,0.4434623420238495,-1,-1,-1
224,178,3613.10205078125,529.4213256835938,17.281982421875,29.20526123046875,0.29277920722961426,-1,-1,-1
225,2,4882.853515625,798.3154296875,36.24609375,106.9237060546875,0.7516921162605286,-1,-1,-1
225,1,4228.66064453125,720.9468994140625,37.6708984375,84.394287109375,0.6720244884490967,-1,-1,-1
225,10,3514.802001953125,657.176513671875,23.470703125,67.1424560546875,0.4133557379245758,-1,-1,-1
225,228,3574.712890625,611.8967895507812,24.743896484375,49.3184814453125,0.5546119213104248,-1,-1,-1
225,233,4217.80322265625,583.8408203125,31.8564453125,43.04730224609375,0.35582178831100464,-1,-1,-1
225,178,3612.920654296875,529.2868041992188,15.76708984375,30.72735595703125,0.2799893915653229,-1,-1,-1
225,187,3466.95166015625,503.64288330078125,20.88720703125,76.79986572265625,0.2903043031692505,-1,-1,-1
226,2,4881.36474609375,798.3609619140625,38.0576171875,106.9560546875,0.7622718214988708,-1,-1,-1
226,1,4233.576171875,721.7494506835938,39.29345703125,83.86968994140625,0.7214621901512146,-1,-1,-1
226,10,3515.154296875,657.6613159179688,23.61328125,68.090087890625,0.48292383551597595,-1,-1,-1
226,228,3576.556884765625,612.2017211914062,26.760498046875,52.95758056640625,0.6582873463630676,-1,-1,-1
226,233,4216.6484375,580.5527954101562,32.03955078125,46.3868408203125,0.34946325421333313,-1,-1,-1
226,178,3612.86767578125,529.5203247070312,14.924560546875,29.77972412109375,0.26975324749946594,-1,-1,-1
227,2,4880.408203125,798.2938232421875,39.41455078125,106.9541015625,0.763791561126709,-1,-1,-1
227,1,4238.26708984375,721.5106811523438,40.77880859375,84.89276123046875,0.6165897846221924,-1,-1,-1
227,10,3514.951904296875,659.3330078125,24.6298828125,67.51611328125,0.4812489449977875,-1,-1,-1
227,228,3577.732666015625,613.3447265625,30.65283203125,52.75408935546875,0.5736914277076721,-1,-1,-1
227,233,4215.9775390625,577.2509155273438,32.9169921875,50.49951171875,0.3943723440170288,-1,-1,-1
227,178,3612.91943359375,528.40380859375,15.7958984375,30.8314208984375,0.2948360741138458,-1,-1,-1
227,239,4045.01611328125,542.2095336914062,15.200927734375,31.5078125,0.45441755652427673,-1,-1,-1
227,187,3466.80126953125,505.22662353515625,20.674560546875,78.1923828125,0.3525162637233734,-1,-1,-1
228,2,4878.76416015625,798.3411865234375,41.4541015625,106.87481689453125,0.7667802572250366,-1,-1,-1
228,1,4243.07275390625,721.6499633789062,40.51806640625,84.5206298828125,0.7104763388633728,-1,-1,-1
228,10,3512.429931640625,659.7162475585938,29.714599609375,69.1356201171875,0.5174418091773987,-1,-1,-1
228,228,3579.26953125,613.8060913085938,35.889404296875,53.310302734375,0.5248845219612122,-1,-1,-1
228,233,4215.79345703125,576.4085083007812,33.228515625,50.651611328125,0.4046069085597992,-1,-1,-1
228,178,3612.8125,528.0587768554688,15.291259765625,28.918212890625,0.2972610294818878,-1,-1,-1
228,239,4046.746826171875,543.028564453125,16.920166015625,31.07135009765625,0.36911308765411377,-1,-1,-1
228,187,3466.86865234375,506.1107482910156,20.20556640625,78.18264770507812,0.3845447301864624,-1,-1,-1
229,2,4876.6650390625,798.4014892578125,43.63916015625,106.9197998046875,0.7651840448379517,-1,-1,-1
229,1,4247.19091796875,723.0568237304688,40.900390625,83.74517822265625,0.7659854292869568,-1,-1,-1
229,10,3511.569091796875,661.0135498046875,31.708984375,70.0965576171875,0.5032550692558289,-1,-1,-1
229,228,3584.95263671875,615.4639892578125,36.527587890625,54.41021728515625,0.5934895277023315,-1,-1,-1
229,233,4215.87646484375,576.0170288085938,32.5546875,50.7254638671875,0.4120267331600189,-1,-1,-1
229,178,3612.51611328125,528.187255859375,15.01904296875,27.71588134765625,0.32314738631248474,-1,-1,-1
229,187,3467.50732421875,506.0796813964844,19.542724609375,78.10848999023438,0.3705700933933258,-1,-1,-1
230,2,4875.20703125,798.449462890625,45.29833984375,106.73858642578125,0.7613586783409119,-1,-1,-1
230,1,4253.548828125,724.9874877929688,36.8515625,81.19732666015625,0.7549143433570862,-1,-1,-1
230,10,3512.027099609375,662.2728271484375,32.314453125,70.41558837890625,0.3138200044631958,-1,-1,-1
230,228,3591.388427734375,616.0941772460938,32.226806640625,55.0509033203125,0.5564483404159546,-1,-1,-1
230,233,4215.92919921875,575.5604858398438,32.32763671875,51.0643310546875,0.3778468668460846,-1,-1,-1
230,178,3612.408935546875,528.6005249023438,15.135009765625,26.97637939453125,0.3051128387451172,-1,-1,-1
230,187,3468.078125,504.70794677734375,19.1298828125,79.280029296875,0.3312889635562897,-1,-1,-1
231,2,4872.84521484375,798.3611450195312,47.8837890625,106.76177978515625,0.7435790300369263,-1,-1,-1
231,1,4259.025390625,726.3912963867188,33.3759765625,78.480224609375,0.6589840650558472,-1,-1,-1
231,228,3596.82861328125,616.8336791992188,29.208740234375,54.151611328125,0.5230239033699036,-1,-1,-1
231,233,4215.740234375,575.9243774414062,32.23876953125,49.71697998046875,0.35708439350128174,-1,-1,-1
231,178,3612.301025390625,528.4411010742188,15.03466796875,27.22052001953125,0.3178362548351288,-1,-1,-1
231,187,3468.553955078125,503.86224365234375,18.908203125,80.36065673828125,0.30538177490234375,-1,-1,-1
232,2,4868.2392578125,798.24560546875,53.60302734375,106.1124267578125,0.6912134289741516,-1,-1,-1
232,1,4263.3818359375,723.4010009765625,33.45703125,82.437255859375,0.7272684574127197,-1,-1,-1
232,228,3601.12548828125,619.3099975585938,26.75146484375,51.16217041015625,0.5859764218330383,-1,-1,-1
232,233,4215.0537109375,576.228515625,33.03369140625,47.0526123046875,0.3532126843929291,-1,-1,-1
232,178,3612.40234375,528.0315551757812,15.08349609375,27.023681640625,0.314019113779068,-1,-1,-1
232,187,3468.8134765625,505.2437744140625,18.485595703125,79.04779052734375,0.33977416157722473,-1,-1,-1
233,2,4863.4521484375,798.1376953125,58.80615234375,106.7529296875,0.6997835040092468,-1,-1,-1
233,1,4267.6669921875,721.1351318359375,33.5849609375,86.600830078125,0.7696158289909363,-1,-1,-1
233,228,3604.935546875,618.0465698242188,24.6630859375,53.33392333984375,0.6464301347732544,-1,-1,-1
233,233,4215.1845703125,576.0227661132812,32.91357421875,46.5517578125,0.32952359318733215,-1,-1,-1
233,178,3612.701904296875,528.5153198242188,15.034423828125,26.39239501953125,0.28975141048431396,-1,-1,-1
233,10,3518.5751953125,662.4078369140625,26.294677734375,68.7923583984375,0.31203341484069824,-1,-1,-1
234,2,4861.51953125,797.9823608398438,60.42138671875,107.4669189453125,0.7048987150192261,-1,-1,-1
234,1,4271.03125,719.4558715820312,34.25537109375,87.726318359375,0.7527747750282288,-1,-1,-1
234,228,3609.713134765625,616.88623046875,23.5576171875,54.59002685546875,0.5360413193702698,-1,-1,-1
234,233,4214.638671875,575.2199096679688,32.439453125,48.124755859375,0.322591096162796,-1,-1,-1
234,178,3612.78173828125,529.1776733398438,14.9033203125,25.66064453125,0.27695292234420776,-1,-1,-1
234,187,3469.7724609375,526.976318359375,18.173828125,58.05389404296875,0.3481334447860718,-1,-1,-1
235,2,4860.42724609375,797.8922119140625,61.28271484375,107.71826171875,0.6831971406936646,-1,-1,-1
235,1,4275.3525390625,718.8276977539062,34.12451171875,85.87335205078125,0.7825456857681274,-1,-1,-1
235,228,3613.352783203125,615.5897216796875,23.2998046875,55.08074951171875,0.40183576941490173,-1,-1,-1
235,178,3612.63720703125,529.087646484375,15.157958984375,25.9443359375,0.269848495721817,-1,-1,-1
235,187,3469.946533203125,538.3330688476562,18.161865234375,46.60858154296875,0.3132587969303131,-1,-1,-1
236,2,4859.99267578125,798.0590209960938,61.5537109375,107.00531005859375,0.6233338713645935,-1,-1,-1
236,1,4278.52490234375,718.0452880859375,34.98876953125,85.4305419921875,0.7974277138710022,-1,-1,-1
236,178,3612.8984375,529.5043334960938,15.045166015625,24.2320556640625,0.2675975561141968,-1,-1,-1
236,187,3469.85498046875,540.2337646484375,18.35888671875,45.28125,0.3399925231933594,-1,-1,-1
237,2,4871.18310546875,798.0499267578125,50.6591796875,105.4130859375,0.6360445022583008,-1,-1,-1
237,1,4281.13427734375,718.3152465820312,35.62744140625,82.7130126953125,0.74802166223526,-1,-1,-1
237,178,3612.977294921875,529.5341796875,15.032958984375,24.046875,0.2679404616355896,-1,-1,-1
237,187,3469.8203125,537.3765869140625,18.518310546875,46.8570556640625,0.3373582065105438,-1,-1,-1
237,228,3619.915283203125,616.1742553710938,26.067626953125,56.894287109375,0.4620985984802246,-1,-1,-1
238,2,4882.06884765625,797.8213500976562,40.6943359375,104.26776123046875,0.650071382522583,-1,-1,-1
238,1,4283.77685546875,718.1753540039062,36.19287109375,80.9525146484375,0.6749623417854309,-1,-1,-1
238,178,3612.98095703125,529.7564697265625,14.982666015625,23.68829345703125,0.28465327620506287,-1,-1,-1
238,187,3469.86376953125,535.4205322265625,18.522705078125,47.56719970703125,0.31854113936424255,-1,-1,-1
238,263,4206.3564453125,575.3099975585938,28.5283203125,43.80426025390625,0.3501143753528595,-1,-1,-1
238,228,3623.027099609375,616.7200927734375,26.62451171875,55.95013427734375,0.4882301390171051,-1,-1,-1
239,2,4885.7939453125,797.86376953125,37.2490234375,103.849853515625,0.6554257273674011,-1,-1,-1
239,1,4287.74365234375,719.5178833007812,35.67822265625,79.6031494140625,0.6466454267501831,-1,-1,-1
239,178,3612.984375,530.2445068359375,14.9296875,23.76080322265625,0.2517460286617279,-1,-1,-1
239,187,3470.716552734375,538.6922607421875,17.7509765625,43.690185546875,0.26806116104125977,-1,-1,-1
239,228,3627.549072265625,618.1887817382812,25.485107421875,56.25640869140625,0.6114692091941833,-1,-1,-1
240,2,4869.51953125,797.5709838867188,53.6533203125,104.93121337890625,0.6523884534835815,-1,-1,-1
240,1,4291.875,720.44921875,35.4462890625,79.98004150390625,0.6746657490730286,-1,-1,-1
240,187,3470.784423828125,538.2008666992188,18.207763671875,43.38702392578125,0.27392658591270447,-1,-1,-1
240,228,3631.252197265625,619.7565307617188,24.446044921875,52.6011962890625,0.6434736251831055,-1,-1,-1
240,263,4202.2607421875,575.2867431640625,32.3564453125,42.78369140625,0.30654042959213257,-1,-1,-1
241,2,4878.021484375,797.9376220703125,45.931640625,103.56298828125,0.6297000050544739,-1,-1,-1
241,1,4295.1953125,720.4995727539062,36.25439453125,79.4967041015625,0.6293110847473145,-1,-1,-1
241,187,3470.815185546875,536.256103515625,18.38232421875,45.63983154296875,0.2569881081581116,-1,-1,-1
241,228,3634.9052734375,621.037353515625,21.620361328125,51.17852783203125,0.584200918674469,-1,-1,-1
241,263,4199.16015625,574.4556884765625,34.4658203125,43.2420654296875,0.26836785674095154,-1,-1,-1
242,2,4883.7451171875,798.0144653320312,41.36572265625,102.9647216796875,0.6374019384384155,-1,-1,-1
242,1,4298.57861328125,719.43896484375,36.00048828125,79.96478271484375,0.6624905467033386,-1,-1,-1
242,187,3470.785888671875,531.6351318359375,19.146484375,51.13409423828125,0.2874622046947479,-1,-1,-1
242,228,3639.670654296875,620.9872436523438,18.396240234375,50.3983154296875,0.5182393789291382,-1,-1,-1
242,267,3907.298828125,564.40380859375,16.50830078125,37.4405517578125,0.4136870503425598,-1,-1,-1
243,2,4887.072265625,798.1853637695312,39.39501953125,102.0860595703125,0.6651443839073181,-1,-1,-1
243,1,4303.0302734375,719.5114135742188,35.15625,77.6483154296875,0.6834317445755005,-1,-1,-1
243,187,3472.134033203125,529.1036987304688,18.310546875,53.55340576171875,0.28584033250808716,-1,-1,-1
243,228,3641.592529296875,620.0842895507812,20.362548828125,51.16534423828125,0.4642418622970581,-1,-1,-1
243,178,3612.816162109375,527.5330810546875,13.99267578125,26.62139892578125,0.2709422707557678,-1,-1,-1
244,2,4888.35986328125,798.256103515625,39.3603515625,101.816162109375,0.7024326920509338,-1,-1,-1
244,1,4306.51171875,719.2153930664062,35.06787109375,75.73614501953125,0.6723766922950745,-1,-1,-1
244,228,3642.340087890625,619.2373046875,21.639404296875,53.16961669921875,0.45600709319114685,-1,-1,-1
244,268,4854.8251953125,795.5556030273438,70.8896484375,105.55645751953125,0.47640350461006165,-1,-1,-1
244,178,3612.41748046875,525.8547973632812,14.56640625,28.77557373046875,0.27037540078163147,-1,-1,-1
244,10,3528.578125,663.7491455078125,22.998046875,73.42486572265625,0.33181968331336975,-1,-1,-1
245,2,4889.07666015625,798.37109375,39.3623046875,101.32659912109375,0.6980462074279785,-1,-1,-1
245,1,4309.63671875,718.549560546875,34.5146484375,76.16741943359375,0.692295491695404,-1,-1,-1
245,228,3645.15673828125,618.0285034179688,21.781005859375,55.52825927734375,0.4644700586795807,-1,-1,-1
245,268,4853.0478515625,795.5616455078125,73.17822265625,105.31365966796875,0.4881241023540497,-1,-1,-1
245,10,3529.095703125,663.8641357421875,24.558349609375,73.52703857421875,0.38897642493247986,-1,-1,-1
246,2,4889.6318359375,798.2264404296875,39.49267578125,101.437744140625,0.7134712934494019,-1,-1,-1
246,1,4313.03564453125,717.4263916015625,34.69775390625,76.69293212890625,0.6689513325691223,-1,-1,-1
246,228,3647.44921875,617.9902954101562,24.054931640625,57.41357421875,0.5075156688690186,-1,-1,-1
246,268,4853.42626953125,795.3966064453125,73.80029296875,105.6380615234375,0.48091650009155273,-1,-1,-1
246,10,3529.814208984375,664.4691772460938,26.05615234375,73.324951171875,0.41490036249160767,-1,-1,-1
246,187,3474.09375,534.2225952148438,18.41796875,49.73016357421875,0.3288547694683075,-1,-1,-1
247,2,4889.4404296875,798.328369140625,40.7939453125,101.790283203125,0.7106638550758362,-1,-1,-1
247,1,4315.06201171875,716.8355102539062,37.56689453125,77.27008056640625,0.6404803991317749,-1,-1,-1
247,228,3650.89892578125,618.8033447265625,24.59228515625,58.28021240234375,0.6150809526443481,-1,-1,-1
247,268,4851.32568359375,795.4729614257812,77.3232421875,103.86444091796875,0.2567923069000244,-1,-1,-1
247,10,3530.546142578125,664.83447265625,27.0400390625,73.2532958984375,0.417577862739563,-1,-1,-1
248,2,4888.91357421875,798.3493041992188,42.85205078125,102.43548583984375,0.6914446353912354,-1,-1,-1
248,1,4318.8232421875,716.5501098632812,36.67529296875,76.838134765625,0.6096571683883667,-1,-1,-1
248,228,3654.26611328125,620.92236328125,25.124755859375,55.744384765625,0.6238420605659485,-1,-1,-1
248,268,4849.69140625,795.5037841796875,80.16259765625,104.03424072265625,0.2612804174423218,-1,-1,-1
248,10,3531.14453125,664.24658203125,26.12109375,74.0108642578125,0.3081161379814148,-1,-1,-1
248,187,3475.5048828125,536.80517578125,17.2353515625,46.06451416015625,0.2517273724079132,-1,-1,-1
249,2,4888.33251953125,798.4108276367188,45.61376953125,102.65533447265625,0.7020950317382812,-1,-1,-1
249,1,4322.90087890625,717.9987182617188,36.13916015625,74.7825927734375,0.5916529297828674,-1,-1,-1
249,228,3657.547607421875,623.2756958007812,24.803466796875,52.85028076171875,0.6180610060691833,-1,-1,-1
249,268,4849.0146484375,795.3519287109375,82.37890625,104.77276611328125,0.25384828448295593,-1,-1,-1
249,10,3532.498291015625,664.334228515625,25.2734375,73.61260986328125,0.26776695251464844,-1,-1,-1
249,187,3476.3154296875,538.5286865234375,16.784423828125,43.87939453125,0.2670430839061737,-1,-1,-1
250,2,4888.40673828125,798.70751953125,47.7265625,102.651611328125,0.6984877586364746,-1,-1,-1
250,1,4326.4111328125,718.290283203125,35.24951171875,75.60272216796875,0.6245367527008057,-1,-1,-1
250,228,3659.957763671875,623.6099853515625,23.7841796875,52.42706298828125,0.6321531534194946,-1,-1,-1
250,10,3533.25244140625,664.236083984375,25.388916015625,74.0794677734375,0.3277706205844879,-1,-1,-1
250,187,3476.68798828125,544.5352783203125,16.779296875,37.755859375,0.2769421339035034,-1,-1,-1
251,2,4889.337890625,798.0537109375,48.43603515625,103.03582763671875,0.6896309852600098,-1,-1,-1
251,1,4330.62158203125,718.8955688476562,33.62646484375,74.0206298828125,0.5910666584968567,-1,-1,-1
251,228,3663.112060546875,624.3069458007812,20.8662109375,51.367919921875,0.620822012424469,-1,-1,-1
252,2,4889.2802734375,797.4974975585938,50.8798828125,103.55548095703125,0.6822080016136169,-1,-1,-1
252,1,4334.0234375,717.7714233398438,32.6435546875,73.8177490234375,0.6100807785987854,-1,-1,-1
252,228,3664.28125,624.336669921875,20.30419921875,54.30499267578125,0.5980740189552307,-1,-1,-1
252,277,4182.09033203125,577.7808227539062,20.47412109375,35.0599365234375,0.4002250134944916,-1,-1,-1
253,2,4889.83349609375,797.189697265625,53.1533203125,104.4622802734375,0.7080186009407043,-1,-1,-1
253,1,4337.166015625,715.5559692382812,30.45751953125,75.43072509765625,0.548317015171051,-1,-1,-1
253,228,3667.243408203125,624.667724609375,18.674560546875,53.3525390625,0.5801027417182922,-1,-1,-1
253,277,4180.7958984375,576.8616333007812,19.84716796875,36.2437744140625,0.5052438378334045,-1,-1,-1
254,2,4890.0810546875,797.3546752929688,55.00830078125,105.07025146484375,0.7373664379119873,-1,-1,-1
254,1,4339.35693359375,713.8153686523438,30.3408203125,77.24249267578125,0.5821322798728943,-1,-1,-1
254,228,3668.694091796875,624.4003295898438,20.00537109375,54.35601806640625,0.5267651081085205,-1,-1,-1
254,277,4180.330078125,575.07568359375,18.98046875,37.99859619140625,0.5227745175361633,-1,-1,-1
255,2,4889.3671875,798.6690063476562,59.5830078125,104.8448486328125,0.741553008556366,-1,-1,-1
255,1,4341.40283203125,711.761474609375,30.9462890625,80.0189208984375,0.6538926362991333,-1,-1,-1
255,228,3669.3203125,623.4631958007812,21.485595703125,55.71368408203125,0.5568376183509827,-1,-1,-1
255,277,4179.9873046875,571.4525146484375,18.701171875,42.36798095703125,0.6206812262535095,-1,-1,-1
255,10,3534.8779296875,666.4490356445312,24.28125,73.2802734375,0.2950355112552643,-1,-1,-1
256,2,4888.15283203125,798.9657592773438,63.2705078125,104.84906005859375,0.7384158372879028,-1,-1,-1
256,1,4343.4541015625,711.4619140625,33.03857421875,79.57232666015625,0.6594349145889282,-1,-1,-1
256,228,3669.489013671875,623.1743774414062,23.05126953125,56.1458740234375,0.5110962986946106,-1,-1,-1
256,277,4178.814453125,565.6741943359375,19.79248046875,48.52874755859375,0.6580770611763,-1,-1,-1
256,10,3534.93994140625,666.5068359375,24.8515625,73.571044921875,0.39141297340393066,-1,-1,-1
257,2,4889.34423828125,799.0772705078125,63.734375,105.33135986328125,0.741923451423645,-1,-1,-1
257,1,4344.6015625,709.5889892578125,34.99365234375,81.09881591796875,0.7189200520515442,-1,-1,-1
257,228,3669.61328125,622.8548583984375,24.196533203125,56.13079833984375,0.4362947940826416,-1,-1,-1
257,277,4177.93408203125,562.47802734375,20.45263671875,51.0263671875,0.5707340240478516,-1,-1,-1
257,10,3535.0234375,667.7312622070312,24.658203125,73.8978271484375,0.3559725284576416,-1,-1,-1
258,2,4890.185546875,799.6229248046875,64.93603515625,105.29443359375,0.7223790287971497,-1,-1,-1
258,1,4347.4794921875,709.1380004882812,34.5185546875,79.86590576171875,0.6573060154914856,-1,-1,-1
258,228,3669.64990234375,622.5014038085938,24.678466796875,56.241455078125,0.38087427616119385,-1,-1,-1
258,277,4177.2470703125,561.1922607421875,20.5302734375,51.12054443359375,0.5307484865188599,-1,-1,-1
258,10,3535.10009765625,669.0753784179688,24.093994140625,73.7159423828125,0.3196521997451782,-1,-1,-1
259,2,4890.2275390625,800.0763549804688,66.45751953125,104.40582275390625,0.7340621948242188,-1,-1,-1
259,1,4349.7626953125,708.9602661132812,36.4677734375,80.3656005859375,0.7174868583679199,-1,-1,-1
259,228,3671.64501953125,622.6859130859375,26.046142578125,55.88568115234375,0.3499849736690521,-1,-1,-1
259,277,4177.212890625,562.8624267578125,20.0712890625,48.03857421875,0.562627375125885,-1,-1,-1
259,10,3534.984130859375,669.7902221679688,23.517578125,73.837158203125,0.2644293010234833,-1,-1,-1
260,2,4888.83349609375,800.5682373046875,69.24853515625,103.8109130859375,0.7689953446388245,-1,-1,-1
260,1,4351.3486328125,709.89599609375,38.310546875,79.31182861328125,0.7568395137786865,-1,-1,-1
260,228,3672.811767578125,623.267822265625,26.255615234375,55.384765625,0.4804188013076782,-1,-1,-1
260,277,4177.11669921875,563.5851440429688,19.66064453125,46.31854248046875,0.5590417981147766,-1,-1,-1
261,2,4886.19189453125,800.798583984375,72.5283203125,103.539794921875,0.7619848251342773,-1,-1,-1
261,1,4354.3076171875,710.710693359375,38.65380859375,78.31219482421875,0.7907500863075256,-1,-1,-1
261,228,3673.823974609375,623.4218139648438,25.715087890625,55.3031005859375,0.4761124551296234,-1,-1,-1
261,277,4177.037109375,565.3432006835938,19.38623046875,45.42242431640625,0.5071500539779663,-1,-1,-1
262,2,4886.76318359375,801.2246704101562,73.232421875,103.0322265625,0.7188812494277954,-1,-1,-1
262,1,4358.4345703125,711.121826171875,37.28662109375,77.9195556640625,0.7315571904182434,-1,-1,-1
262,228,3674.73876953125,623.3356323242188,24.943603515625,55.3751220703125,0.47755396366119385,-1,-1,-1
262,277,4176.64453125,567.132568359375,19.42236328125,43.29156494140625,0.4364894926548004,-1,-1,-1
263,2,4886.8779296875,801.1776733398438,74.43798828125,102.1278076171875,0.6902897953987122,-1,-1,-1
263,1,4362.25390625,710.590087890625,35.38623046875,78.3271484375,0.6325237154960632,-1,-1,-1
263,228,3674.45703125,624.0219116210938,25.08642578125,54.6751708984375,0.4731466472148895,-1,-1,-1
263,277,4176.25048828125,568.1781616210938,19.59814453125,41.9520263671875,0.4693616032600403,-1,-1,-1
264,2,4888.02783203125,801.3958740234375,74.67724609375,101.95751953125,0.6802424192428589,-1,-1,-1
264,1,4365.91650390625,710.5111083984375,33.57666015625,77.24603271484375,0.5491350293159485,-1,-1,-1
264,228,3674.578125,623.6603393554688,24.93798828125,54.954345703125,0.5324805378913879,-1,-1,-1
264,277,4175.62646484375,570.2645874023438,20.01220703125,40.43896484375,0.539291501045227,-1,-1,-1
264,300,3959.02587890625,563.6470947265625,29.83642578125,37.17779541015625,0.3459187150001526,-1,-1,-1
265,2,4881.45068359375,801.4674682617188,82.74658203125,102.14410400390625,0.7201281189918518,-1,-1,-1
265,1,4367.47705078125,709.8345947265625,34.91064453125,77.0772705078125,0.5941298007965088,-1,-1,-1
265,228,3674.908447265625,623.4974365234375,24.554443359375,54.89862060546875,0.5650947093963623,-1,-1,-1
265,277,4175.2998046875,572.5819702148438,19.869140625,37.4940185546875,0.5322888493537903,-1,-1,-1
265,300,3961.481689453125,562.477294921875,26.66259765625,38.51763916015625,0.3866392970085144,-1,-1,-1
266,2,4878.83203125,801.7060546875,87.009765625,101.81201171875,0.6706506013870239,-1,-1,-1
266,1,4370.1025390625,707.7781982421875,35.9951171875,78.679443359375,0.669593334197998,-1,-1,-1
266,228,3675.3837890625,623.6810302734375,23.93798828125,54.6370849609375,0.6064110398292542,-1,-1,-1
266,277,4175.6123046875,573.5181884765625,19.744140625,35.64044189453125,0.5324766635894775,-1,-1,-1
266,300,3965.929931640625,561.1173706054688,25.4287109375,41.8753662109375,0.38903969526290894,-1,-1,-1
267,2,4874.2119140625,800.1143798828125,92.8974609375,102.8509521484375,0.512876033782959,-1,-1,-1
267,1,4371.7080078125,706.017822265625,38.2841796875,80.0579833984375,0.7315506339073181,-1,-1,-1
267,228,3675.695556640625,623.7254028320312,23.545166015625,54.5020751953125,0.6205018162727356,-1,-1,-1
267,277,4175.96240234375,573.6760864257812,19.56640625,34.90130615234375,0.5517183542251587,-1,-1,-1
267,300,3967.540283203125,560.297119140625,24.668212890625,43.3173828125,0.4086432456970215,-1,-1,-1
268,2,4871.46044921875,799.5068359375,96.87744140625,103.75982666015625,0.5235852003097534,-1,-1,-1
268,1,4373.94921875,704.8013916015625,39.1376953125,80.50091552734375,0.7181495428085327,-1,-1,-1
268,228,3675.858642578125,623.44482421875,23.3759765625,55.08453369140625,0.6406568288803101,-1,-1,-1
268,277,4175.26708984375,567.6936645507812,20.150390625,41.5228271484375,0.5569849014282227,-1,-1,-1
268,300,3968.90283203125,559.4765014648438,24.564697265625,43.792236328125,0.4019562304019928,-1,-1,-1
268,306,3916.78759765625,514.5460205078125,14.57763671875,28.2197265625,0.36049744486808777,-1,-1,-1
268,307,4163.05078125,545.1578979492188,32.4189453125,66.191650390625,0.3633745610713959,-1,-1,-1
269,2,4869.42626953125,800.1129760742188,101.30029296875,104.12933349609375,0.5159403681755066,-1,-1,-1
269,1,4377.2060546875,705.1295776367188,38.55419921875,79.79815673828125,0.7165326476097107,-1,-1,-1
269,228,3675.862060546875,623.1922607421875,23.33984375,55.54656982421875,0.6408616304397583,-1,-1,-1
269,277,4174.43212890625,561.72998046875,21.0087890625,48.32598876953125,0.5347013473510742,-1,-1,-1
269,300,3969.3681640625,559.3017578125,25.744873046875,41.8216552734375,0.3817902207374573,-1,-1,-1
269,306,3918.34716796875,515.283447265625,13.205078125,26.420654296875,0.36895808577537537,-1,-1,-1
270,2,4871.12158203125,800.0308227539062,101.09619140625,103.58966064453125,0.51744145154953,-1,-1,-1
270,1,4380.9775390625,705.8336181640625,37.09619140625,79.61944580078125,0.6918485760688782,-1,-1,-1
270,228,3675.83984375,623.17041015625,23.346435546875,55.50872802734375,0.6475231647491455,-1,-1,-1
270,277,4173.45654296875,557.6749267578125,21.54736328125,53.31768798828125,0.5168195962905884,-1,-1,-1
270,300,3969.417724609375,560.0709838867188,26.857666015625,39.4136962890625,0.3712116479873657,-1,-1,-1
270,306,3919.4775390625,517.4317626953125,13.08642578125,24.587890625,0.3690882921218872,-1,-1,-1
270,10,3535.9365234375,672.2236938476562,22.453857421875,73.254638671875,0.330038458108902,-1,-1,-1
271,2,4897.7939453125,800.799560546875,75.4033203125,101.91741943359375,0.5412366986274719,-1,-1,-1
271,1,4384.57177734375,707.4652709960938,35.8291015625,78.650634765625,0.637998104095459,-1,-1,-1
271,228,3675.974853515625,623.2152099609375,23.253173828125,55.2926025390625,0.6328294277191162,-1,-1,-1
271,277,4173.4765625,553.1866455078125,21.39990234375,58.104736328125,0.5004020929336548,-1,-1,-1
271,300,3969.655029296875,560.0370483398438,26.649658203125,39.900390625,0.3905423581600189,-1,-1,-1
271,306,3920.77197265625,518.9854125976562,12.62255859375,22.3333740234375,0.34742411971092224,-1,-1,-1
271,10,3536.237060546875,672.4514770507812,22.504150390625,72.83984375,0.3407571017742157,-1,-1,-1
272,2,4910.6943359375,801.53515625,63.3974609375,101.68927001953125,0.5526003837585449,-1,-1,-1
272,1,4386.77294921875,708.7979736328125,35.4697265625,77.48974609375,0.5855283141136169,-1,-1,-1
272,228,3676.2275390625,623.4646606445312,22.884033203125,54.6275634765625,0.6081897616386414,-1,-1,-1
272,277,4173.28955078125,546.7553100585938,21.94091796875,66.03887939453125,0.5346222519874573,-1,-1,-1
272,300,3970.203125,559.9151611328125,26.086181640625,39.1162109375,0.3682367205619812,-1,-1,-1
272,306,3921.84619140625,517.3570556640625,12.13916015625,22.75299072265625,0.29014742374420166,-1,-1,-1
272,10,3536.58056640625,672.9002075195312,22.979736328125,72.700439453125,0.367168664932251,-1,-1,-1
273,2,4915.2958984375,801.6754760742188,60.02734375,101.2593994140625,0.6289520859718323,-1,-1,-1
273,1,4390.0830078125,709.1322631835938,33.38818359375,75.61993408203125,0.5535651445388794,-1,-1,-1
273,228,3675.954833984375,623.6249389648438,23.14990234375,54.44805908203125,0.607410728931427,-1,-1,-1
273,277,4174.2255859375,544.6370849609375,21.537109375,68.4637451171875,0.605964183807373,-1,-1,-1
273,300,3971.1259765625,559.4072875976562,25.31689453125,40.10638427734375,0.3800486624240875,-1,-1,-1
273,306,3923.052734375,516.984375,12.83349609375,23.750732421875,0.2853460907936096,-1,-1,-1
273,10,3537.120849609375,673.4475708007812,23.12255859375,72.2171630859375,0.32921427488327026,-1,-1,-1
274,2,4916.96240234375,801.9595947265625,59.67333984375,100.5538330078125,0.621917188167572,-1,-1,-1
274,1,4390.9716796875,709.605712890625,33.5009765625,74.1806640625,0.4379999339580536,-1,-1,-1
274,228,3675.878173828125,623.744384765625,23.144287109375,54.0609130859375,0.5981259346008301,-1,-1,-1
274,277,4175.1044921875,544.646728515625,20.26708984375,67.70294189453125,0.4815903902053833,-1,-1,-1
274,300,3971.547607421875,558.5552978515625,24.789794921875,41.83526611328125,0.3724616467952728,-1,-1,-1
275,2,4917.271484375,801.7059326171875,60.85107421875,100.13665771484375,0.6058818101882935,-1,-1,-1
275,1,4392.06640625,707.6950073242188,34.123046875,76.62371826171875,0.5587766170501709,-1,-1,-1
275,228,3675.3203125,623.7228393554688,23.696044921875,54.08184814453125,0.5919318199157715,-1,-1,-1
275,277,4175.11181640625,545.9832153320312,20.82470703125,67.1669921875,0.5180673599243164,-1,-1,-1
275,300,3971.9765625,557.1294555664062,24.0205078125,44.31365966796875,0.4455527067184448,-1,-1,-1
275,10,3537.6435546875,673.7819213867188,23.458984375,73.17425537109375,0.252432644367218,-1,-1,-1
276,2,4917.89599609375,801.7721557617188,61.8896484375,99.08233642578125,0.6033072471618652,-1,-1,-1
276,1,4393.146484375,706.6669311523438,34.9140625,77.57550048828125,0.6363422274589539,-1,-1,-1
276,228,3674.131103515625,623.7291259765625,24.8740234375,54.11175537109375,0.5789055228233337,-1,-1,-1
276,277,4175.0791015625,546.3786010742188,22.15673828125,67.46630859375,0.5131893754005432,-1,-1,-1
276,300,3972.659912109375,556.646484375,23.12744140625,44.66644287109375,0.41443705558776855,-1,-1,-1
276,10,3537.73779296875,673.5567016601562,23.822998046875,74.15087890625,0.3018791079521179,-1,-1,-1
277,2,4893.3193359375,801.1181030273438,88.70263671875,99.86456298828125,0.5629332065582275,-1,-1,-1
277,1,4395.0224609375,706.4449462890625,36.00927734375,77.44384765625,0.649957537651062,-1,-1,-1
277,228,3673.36572265625,623.4452514648438,25.592041015625,54.3533935546875,0.5528534054756165,-1,-1,-1
277,277,4175.30029296875,551.4118041992188,22.13818359375,62.3592529296875,0.47688227891921997,-1,-1,-1
277,300,3973.27978515625,555.7263793945312,22.01708984375,45.026611328125,0.44039228558540344,-1,-1,-1
277,10,3538.081787109375,673.6278076171875,23.395751953125,74.5679931640625,0.2695160508155823,-1,-1,-1
278,2,4887.51171875,800.6183471679688,96.02294921875,98.8592529296875,0.5836800932884216,-1,-1,-1
278,1,4397.33251953125,704.626220703125,35.81103515625,78.1123046875,0.6995673179626465,-1,-1,-1
278,228,3672.927978515625,623.4019775390625,26.010009765625,54.38372802734375,0.5431471467018127,-1,-1,-1
278,277,4175.58154296875,564.990234375,19.9111328125,49.46600341796875,0.389560729265213,-1,-1,-1
278,300,3973.507568359375,555.8751220703125,21.006591796875,42.559814453125,0.39010387659072876,-1,-1,-1
278,10,3538.20068359375,673.7756958007812,22.854736328125,74.47235107421875,0.2821691334247589,-1,-1,-1
279,2,4909.3466796875,800.3052978515625,76.271484375,96.59307861328125,0.5401570796966553,-1,-1,-1
279,1,4399.04150390625,703.9343872070312,35.43359375,77.798583984375,0.6940211653709412,-1,-1,-1
279,228,3672.587646484375,623.777587890625,26.33740234375,53.62451171875,0.5007169246673584,-1,-1,-1
279,277,4175.91357421875,570.567626953125,18.2744140625,44.1114501953125,0.4173736572265625,-1,-1,-1
279,300,3973.31787109375,556.1845092773438,20.35888671875,41.951171875,0.3726120889186859,-1,-1,-1
280,2,4920.0791015625,800.0779418945312,68.09130859375,94.50225830078125,0.6084121465682983,-1,-1,-1
280,1,4400.56396484375,703.7471313476562,35.31591796875,77.56011962890625,0.7234947681427002,-1,-1,-1
280,228,3672.22216796875,624.4752807617188,26.46533203125,52.671630859375,0.4208444356918335,-1,-1,-1
280,277,4175.90234375,574.4105224609375,17.18359375,38.07513427734375,0.3645549416542053,-1,-1,-1
280,300,3973.16650390625,555.8046264648438,19.94921875,41.770751953125,0.3488176465034485,-1,-1,-1
281,2,4923.98974609375,799.8414916992188,65.82568359375,93.05340576171875,0.6141163110733032,-1,-1,-1
281,1,4401.77392578125,704.3464965820312,35.88427734375,76.523681640625,0.7166352272033691,-1,-1,-1
281,228,3671.521240234375,624.4766845703125,27.069580078125,52.06414794921875,0.3801995515823364,-1,-1,-1
281,277,4176.0341796875,575.2742309570312,17.51953125,38.20123291015625,0.4217447340488434,-1,-1,-1
281,300,3972.920166015625,555.6679077148438,19.9384765625,42.57135009765625,0.40138840675354004,-1,-1,-1
282,2,4924.787109375,799.4915771484375,66.96875,97.2265625,0.6259630918502808,-1,-1,-1
282,1,4403.27734375,704.4808349609375,36.29150390625,76.40557861328125,0.7260968685150146,-1,-1,-1
282,228,3669.41650390625,623.3515014648438,25.64892578125,52.34368896484375,0.48164451122283936,-1,-1,-1
282,277,4176.2900390625,575.2238159179688,18.4384765625,38.5946044921875,0.4170351028442383,-1,-1,-1
282,300,3972.70068359375,556.2269287109375,20.1611328125,42.35748291015625,0.4380292594432831,-1,-1,-1
282,10,3538.863525390625,673.6288452148438,23.12646484375,76.7919921875,0.34778130054473877,-1,-1,-1
283,2,4928.154296875,799.2594604492188,65.19677734375,98.3372802734375,0.6576232314109802,-1,-1,-1
283,1,4404.18798828125,704.6942138671875,36.15234375,76.17706298828125,0.6998704671859741,-1,-1,-1
283,228,3668.6171875,622.7722778320312,24.562744140625,52.20599365234375,0.5111896991729736,-1,-1,-1
283,277,4176.44189453125,575.4977416992188,18.943359375,38.47247314453125,0.46290847659111023,-1,-1,-1
283,300,3972.472900390625,556.2977294921875,20.2001953125,42.3062744140625,0.43339812755584717,-1,-1,-1
283,10,3538.996826171875,673.673583984375,23.406494140625,77.26141357421875,0.3712252378463745,-1,-1,-1
284,2,4930.93701171875,799.2520141601562,64.12158203125,98.8756103515625,0.6485897302627563,-1,-1,-1
284,1,4404.7744140625,704.4393310546875,36.09619140625,76.18695068359375,0.6869074702262878,-1,-1,-1
284,228,3668.255859375,622.806884765625,24.17041015625,52.60394287109375,0.5533758997917175,-1,-1,-1
284,277,4176.4130859375,575.7445678710938,19.14794921875,38.54656982421875,0.433546245098114,-1,-1,-1
284,300,3972.031982421875,555.2620239257812,19.9619140625,44.95928955078125,0.4541636109352112,-1,-1,-1
284,10,3539.845458984375,673.9144897460938,22.6181640625,76.5570068359375,0.33181554079055786,-1,-1,-1
285,2,4933.53564453125,799.1401977539062,63.30322265625,100.31353759765625,0.665998101234436,-1,-1,-1
285,1,4405.0,704.4613647460938,36.0234375,76.1251220703125,0.669355034828186,-1,-1,-1
285,228,3668.0263671875,622.7409057617188,23.2373046875,53.2630615234375,0.6186461448669434,-1,-1,-1
285,277,4176.25244140625,575.1001586914062,19.62890625,39.3089599609375,0.4497765898704529,-1,-1,-1
285,300,3971.647216796875,553.892822265625,20.1044921875,47.6326904296875,0.4727003276348114,-1,-1,-1
285,10,3540.3701171875,674.0784912109375,22.2001953125,75.88153076171875,0.2972862124443054,-1,-1,-1
286,2,4935.45458984375,799.4144287109375,63.85107421875,99.519775390625,0.6873644590377808,-1,-1,-1
286,1,4404.57763671875,704.5691528320312,36.162109375,75.854248046875,0.697529137134552,-1,-1,-1
286,228,3667.759033203125,622.5223388671875,22.2783203125,54.1138916015625,0.6312881708145142,-1,-1,-1
286,277,4176.1298828125,574.0065307617188,19.65625,40.96588134765625,0.5038937926292419,-1,-1,-1
286,300,3971.227783203125,552.9326782226562,20.187744140625,48.491455078125,0.4351949989795685,-1,-1,-1
286,10,3540.028564453125,676.5194702148438,23.308837890625,73.951904296875,0.2839927077293396,-1,-1,-1
287,2,4937.06396484375,799.8080444335938,65.90087890625,98.6832275390625,0.6839458346366882,-1,-1,-1
287,1,4404.01123046875,704.1676025390625,36.0224609375,76.482421875,0.7076546549797058,-1,-1,-1
287,228,3667.310302734375,622.8028564453125,19.97802734375,52.5087890625,0.6214199662208557,-1,-1,-1
287,277,4175.85693359375,573.7769775390625,19.900390625,41.4808349609375,0.4787788689136505,-1,-1,-1
287,300,3970.961181640625,552.88525390625,20.353759765625,48.05560302734375,0.4456765651702881,-1,-1,-1
287,10,3539.791015625,677.7083740234375,23.8642578125,73.451416015625,0.2993525564670563,-1,-1,-1
288,2,4938.6064453125,800.0336303710938,66.23876953125,98.61236572265625,0.6991551518440247,-1,-1,-1
288,1,4403.84228515625,702.95947265625,35.2841796875,77.0869140625,0.6745198369026184,-1,-1,-1
288,228,3667.119140625,622.7078857421875,19.32958984375,53.21240234375,0.5977164506912231,-1,-1,-1
288,277,4175.5244140625,574.5750122070312,19.68798828125,41.08306884765625,0.44257840514183044,-1,-1,-1
288,300,3970.3154296875,553.0228881835938,20.587158203125,47.59326171875,0.4278773069381714,-1,-1,-1
288,10,3540.052734375,677.5589599609375,23.80517578125,73.8953857421875,0.27862784266471863,-1,-1,-1
289,2,4939.43701171875,800.1287231445312,66.55615234375,98.42474365234375,0.6968693733215332,-1,-1,-1
289,1,4403.04638671875,703.1646728515625,35.63232421875,76.2716064453125,0.536425769329071,-1,-1,-1
289,228,3666.58837890625,622.9066162109375,18.96142578125,52.45654296875,0.6204413771629333,-1,-1,-1
289,277,4174.7421875,574.4854125976562,20.73486328125,41.884765625,0.4730294644832611,-1,-1,-1
289,300,3969.779052734375,553.594970703125,21.33154296875,47.6142578125,0.45359253883361816,-1,-1,-1
290,2,4939.8134765625,800.4912719726562,66.3466796875,98.44329833984375,0.7055087685585022,-1,-1,-1
290,1,4402.185546875,702.138671875,35.64404296875,77.02154541015625,0.6497509479522705,-1,-1,-1
290,228,3665.8154296875,622.7388305664062,18.7626953125,53.728271484375,0.6822715401649475,-1,-1,-1
290,277,4174.48046875,574.4409790039062,20.6572265625,42.27337646484375,0.4754981994628906,-1,-1,-1
290,300,3969.675537109375,554.1539916992188,21.611083984375,47.37017822265625,0.4281492233276367,-1,-1,-1
291,2,4939.9873046875,800.8331298828125,67.4306640625,97.53070068359375,0.7019907832145691,-1,-1,-1
291,1,4401.15283203125,701.4000854492188,35.89697265625,77.193115234375,0.6313989758491516,-1,-1,-1
291,228,3664.6767578125,622.6935424804688,19.135009765625,52.9588623046875,0.6730849742889404,-1,-1,-1
291,277,4174.52978515625,573.72802734375,20.33154296875,43.9334716796875,0.497028112411499,-1,-1,-1
291,300,3969.506591796875,554.7014770507812,21.900146484375,46.96893310546875,0.3782466650009155,-1,-1,-1
292,2,4936.7109375,800.8366088867188,72.56640625,97.53741455078125,0.6952536106109619,-1,-1,-1
292,1,4400.57373046875,700.4873657226562,35.06396484375,77.34173583984375,0.6421188116073608,-1,-1,-1
292,228,3664.059326171875,622.8914184570312,19.093017578125,50.173828125,0.6175302863121033,-1,-1,-1
292,277,4174.3935546875,574.307373046875,20.0048828125,43.676025390625,0.49580395221710205,-1,-1,-1
292,300,3968.59814453125,555.0408325195312,22.843994140625,46.74102783203125,0.3202173113822937,-1,-1,-1
293,2,4935.15185546875,801.59130859375,75.5615234375,95.12139892578125,0.7067529559135437,-1,-1,-1
293,1,4399.962890625,700.7252197265625,33.96044921875,75.9959716796875,0.5201711654663086,-1,-1,-1
293,228,3663.517578125,623.0626220703125,18.81396484375,49.50640869140625,0.627639889717102,-1,-1,-1
293,277,4174.2490234375,575.3206176757812,19.46044921875,42.90789794921875,0.46298184990882874,-1,-1,-1
293,300,3968.17236328125,555.4270629882812,23.78369140625,46.4586181640625,0.25168684124946594,-1,-1,-1
294,2,4935.66845703125,802.2876586914062,76.37548828125,93.4019775390625,0.7105444073677063,-1,-1,-1
294,1,4398.62890625,698.5847778320312,32.7158203125,76.568359375,0.5415016412734985,-1,-1,-1
294,228,3662.93994140625,623.28955078125,19.01318359375,49.6304931640625,0.6600961089134216,-1,-1,-1
294,277,4174.337890625,576.0357666015625,18.84033203125,41.38165283203125,0.43330293893814087,-1,-1,-1
295,2,4941.59423828125,801.51708984375,73.6298828125,94.18243408203125,0.6899040341377258,-1,-1,-1
295,1,4398.0625,697.4129028320312,31.4755859375,75.44940185546875,0.5602519512176514,-1,-1,-1
295,228,3661.7177734375,623.24169921875,20.249267578125,50.16107177734375,0.6875001192092896,-1,-1,-1
295,277,4174.28857421875,576.594970703125,18.59375,40.92364501953125,0.4242943525314331,-1,-1,-1
296,2,4946.1279296875,801.2592163085938,72.03125,95.381103515625,0.7057387232780457,-1,-1,-1
296,1,4397.04296875,696.3653564453125,31.33251953125,74.74560546875,0.544303834438324,-1,-1,-1
296,228,3661.1416015625,623.0347290039062,20.80126953125,50.17340087890625,0.6569778919219971,-1,-1,-1
296,277,4173.96875,576.6580200195312,18.8359375,41.123779296875,0.451720654964447,-1,-1,-1
297,2,4948.38427734375,800.9940185546875,71.27685546875,96.14361572265625,0.6788929104804993,-1,-1,-1
297,1,4395.0693359375,696.3634643554688,32.36572265625,73.99652099609375,0.5225895643234253,-1,-1,-1
297,228,3660.381591796875,623.5496215820312,21.246826171875,50.26715087890625,0.6594935059547424,-1,-1,-1
297,277,4173.787109375,576.6742553710938,18.697265625,40.95196533203125,0.40862011909484863,-1,-1,-1
298,2,4952.01025390625,800.5330810546875,68.86865234375,96.77813720703125,0.6569532155990601,-1,-1,-1
298,1,4394.48486328125,696.3429565429688,32.6162109375,73.01947021484375,0.4420989453792572,-1,-1,-1
298,228,3658.95458984375,623.84033203125,21.998291015625,50.46575927734375,0.6533706784248352,-1,-1,-1
298,277,4174.46728515625,576.3827514648438,17.4560546875,41.5106201171875,0.43713653087615967,-1,-1,-1
298,10,3542.588134765625,680.9033203125,25.3671875,69.32305908203125,0.2663007080554962,-1,-1,-1
299,2,4956.8505859375,800.0418090820312,65.09228515625,97.68341064453125,0.6779926419258118,-1,-1,-1
299,1,4393.64111328125,696.5809326171875,32.40673828125,71.97088623046875,0.48762062191963196,-1,-1,-1
299,228,3658.263671875,624.2062377929688,21.99560546875,51.05352783203125,0.6530029773712158,-1,-1,-1
299,277,4174.46044921875,577.3389892578125,16.54248046875,40.587646484375,0.42003899812698364,-1,-1,-1
299,10,3542.83935546875,683.1632080078125,26.131103515625,67.154296875,0.2594771385192871,-1,-1,-1
300,2,4960.58203125,799.7916870117188,61.837890625,98.35296630859375,0.7012996077537537,-1,-1,-1
300,1,4391.7509765625,697.923583984375,33.2607421875,70.34063720703125,0.5059433579444885,-1,-1,-1
300,228,3656.52685546875,624.6253051757812,23.66552734375,51.8421630859375,0.6053004860877991,-1,-1,-1
300,277,4174.8662109375,578.8021850585938,15.8203125,39.92724609375,0.40860554575920105,-1,-1,-1
301,2,4962.93212890625,799.8338012695312,59.888671875,98.9686279296875,0.7047374248504639,-1,-1,-1
301,1,4389.28564453125,700.220703125,35.10400390625,68.0880126953125,0.49253877997398376,-1,-1,-1
301,228,3656.22412109375,625.2821655273438,22.76708984375,52.603271484375,0.6018000841140747,-1,-1,-1
301,277,4174.90966796875,580.2217407226562,15.5087890625,38.505615234375,0.39518070220947266,-1,-1,-1
302,2,4964.28271484375,799.79248046875,59.0078125,98.7000732421875,0.6961820721626282,-1,-1,-1
302,1,4386.81884765625,703.0657348632812,37.13916015625,64.7288818359375,0.39558395743370056,-1,-1,-1
302,228,3655.809326171875,626.0452270507812,22.404541015625,52.07489013671875,0.5715817213058472,-1,-1,-1
302,277,4175.3203125,581.1439819335938,15.3056640625,38.2484130859375,0.37042030692100525,-1,-1,-1
303,2,4965.66259765625,799.7711181640625,58.11865234375,99.2342529296875,0.6927355527877808,-1,-1,-1
303,1,4384.02734375,704.4920654296875,39.24267578125,62.9375,0.5259162187576294,-1,-1,-1
303,228,3655.781005859375,626.59716796875,22.399169921875,52.04071044921875,0.5941826701164246,-1,-1,-1
303,277,4175.4560546875,580.9882202148438,15.57470703125,39.06524658203125,0.41334056854248047,-1,-1,-1
303,10,3540.8798828125,688.2705688476562,33.922119140625,65.8251953125,0.33875763416290283,-1,-1,-1
304,2,4966.04345703125,799.7461547851562,58.2353515625,99.85833740234375,0.7000423669815063,-1,-1,-1
304,1,4379.28759765625,705.9547119140625,43.62890625,61.44891357421875,0.36544761061668396,-1,-1,-1
304,228,3655.749755859375,626.7652587890625,21.78173828125,52.3543701171875,0.5726093649864197,-1,-1,-1
304,277,4175.61376953125,581.00341796875,16.21337890625,38.221923828125,0.38955119252204895,-1,-1,-1
304,10,3541.69677734375,690.3383178710938,33.93359375,63.7662353515625,0.2685595452785492,-1,-1,-1
305,2,4966.1787109375,799.765869140625,58.27783203125,99.0633544921875,0.720702588558197,-1,-1,-1
305,1,4374.603515625,705.9730834960938,47.984375,61.396484375,0.34248143434524536,-1,-1,-1
305,228,3655.885498046875,626.8053588867188,21.004150390625,52.6475830078125,0.544266402721405,-1,-1,-1
305,277,4175.60791015625,581.4158935546875,16.46826171875,37.20794677734375,0.39064472913742065,-1,-1,-1
306,2,4966.3369140625,799.8197631835938,58.392578125,98.03033447265625,0.7105028033256531,-1,-1,-1
306,1,4371.56103515625,706.5765991210938,50.33935546875,61.17333984375,0.32056429982185364,-1,-1,-1
306,228,3655.91064453125,626.5994262695312,20.618896484375,51.1240234375,0.5190186500549316,-1,-1,-1
306,277,4175.6240234375,582.9339599609375,16.90576171875,35.83642578125,0.33727604150772095,-1,-1,-1
307,2,4966.81591796875,799.82470703125,57.966796875,97.136962890625,0.7195925116539001,-1,-1,-1
307,1,4367.857421875,706.6450805664062,51.4697265625,60.1983642578125,0.30698448419570923,-1,-1,-1
307,228,3656.033203125,626.529052734375,20.36376953125,48.963623046875,0.4870738089084625,-1,-1,-1
307,277,4175.66162109375,583.3125610351562,17.27685546875,37.3914794921875,0.31681039929389954,-1,-1,-1
308,2,4966.80029296875,799.8661499023438,58.4150390625,97.677001953125,0.7302046418190002,-1,-1,-1
308,1,4364.34765625,706.1824951171875,53.251953125,61.81304931640625,0.45842695236206055,-1,-1,-1
308,228,3655.673828125,626.3038940429688,20.490234375,48.93890380859375,0.5006767511367798,-1,-1,-1
308,277,4175.92138671875,583.6271362304688,16.78662109375,37.16168212890625,0.36342865228652954,-1,-1,-1
309,2,4966.72119140625,800.0078125,58.94091796875,97.31158447265625,0.7345412969589233,-1,-1,-1
309,1,4360.267578125,706.5701293945312,55.12109375,61.553466796875,0.5063057541847229,-1,-1,-1
309,228,3655.414794921875,626.4628295898438,20.919677734375,48.17401123046875,0.5388399958610535,-1,-1,-1
309,277,4176.419921875,586.11474609375,17.01611328125,38.12823486328125,0.3390940725803375,-1,-1,-1
310,2,4967.7626953125,799.954345703125,58.33740234375,96.34051513671875,0.7268187999725342,-1,-1,-1
310,1,4355.98046875,706.7777709960938,57.26708984375,62.1873779296875,0.34649574756622314,-1,-1,-1
310,228,3656.7861328125,627.8192138671875,19.239990234375,46.60137939453125,0.5564596056938171,-1,-1,-1
310,277,4175.53076171875,588.0380859375,17.43994140625,38.16339111328125,0.30348852276802063,-1,-1,-1
311,2,4968.16552734375,799.9375610351562,58.37646484375,96.1700439453125,0.7260912656784058,-1,-1,-1
311,1,4354.2333984375,706.8121948242188,52.55322265625,61.5701904296875,0.3084524869918823,-1,-1,-1
311,228,3657.613037109375,628.6570434570312,18.075927734375,44.873779296875,0.5519345998764038,-1,-1,-1
311,277,4175.35400390625,589.8029174804688,16.42431640625,37.0521240234375,0.29151850938796997,-1,-1,-1
312,2,4968.07958984375,799.9345092773438,58.888671875,97.115234375,0.7424697875976562,-1,-1,-1
312,1,4351.92431640625,704.6656494140625,50.41015625,64.36419677734375,0.2843846082687378,-1,-1,-1
312,228,3657.577880859375,631.4401245117188,19.189453125,42.1959228515625,0.558941662311554,-1,-1,-1
312,277,4175.56640625,591.3905029296875,16.224609375,35.875,0.31135714054107666,-1,-1,-1
313,2,4967.07177734375,799.9765014648438,60.5380859375,97.16790771484375,0.7397081255912781,-1,-1,-1
313,228,3657.751953125,632.6838989257812,20.815673828125,41.203369140625,0.58626389503479,-1,-1,-1
313,277,4175.642578125,591.3712158203125,16.1103515625,35.87548828125,0.32153916358947754,-1,-1,-1
314,2,4964.10009765625,800.0917358398438,65.2060546875,97.35772705078125,0.7574999928474426,-1,-1,-1
314,228,3658.234375,633.885498046875,21.236083984375,39.543212890625,0.5618848204612732,-1,-1,-1
314,277,4175.728515625,591.5820922851562,16.67578125,35.52960205078125,0.29742228984832764,-1,-1,-1
314,337,3561.542236328125,698.2797241210938,38.79931640625,62.44464111328125,0.4352247416973114,-1,-1,-1
314,1,4352.482421875,700.10546875,38.86669921875,65.80517578125,0.3393719494342804,-1,-1,-1
315,2,4958.51513671875,800.534423828125,71.84716796875,97.88262939453125,0.7517759799957275,-1,-1,-1
315,228,3658.589111328125,633.6343994140625,22.7431640625,41.56097412109375,0.5768026113510132,-1,-1,-1
315,277,4176.2822265625,592.2821655273438,16.51904296875,35.0540771484375,0.3705950081348419,-1,-1,-1
315,337,3562.19775390625,698.0226440429688,39.400634765625,63.47637939453125,0.5888755917549133,-1,-1,-1
315,339,4448.5517578125,595.1497192382812,25.07958984375,41.6666259765625,0.44957754015922546,-1,-1,-1
315,1,4352.4677734375,699.8250122070312,34.46826171875,64.031005859375,0.45651862025260925,-1,-1,-1
316,2,4952.494140625,800.722412109375,78.3759765625,99.0482177734375,0.7537515759468079,-1,-1,-1
316,228,3659.187744140625,633.490478515625,23.46728515625,46.98052978515625,0.6119232773780823,-1,-1,-1
316,277,4177.306640625,594.1607055664062,16.49755859375,33.25335693359375,0.35016104578971863,-1,-1,-1
316,337,3563.533447265625,697.9588012695312,40.76904296875,64.81903076171875,0.5477156043052673,-1,-1,-1
316,339,4451.07763671875,593.9832153320312,25.97900390625,43.633056640625,0.4420074224472046,-1,-1,-1
316,1,4350.9443359375,699.3425903320312,33.4765625,63.145751953125,0.30218470096588135,-1,-1,-1
317,2,4955.36083984375,800.9259033203125,75.73681640625,100.94744873046875,0.7373916506767273,-1,-1,-1
317,228,3659.195068359375,633.6478271484375,24.48095703125,49.82769775390625,0.6533761620521545,-1,-1,-1
317,277,4176.908203125,593.5180053710938,18.23486328125,35.44873046875,0.36190029978752136,-1,-1,-1
317,337,3566.068359375,700.0984497070312,40.8994140625,63.5587158203125,0.5627896189689636,-1,-1,-1
317,339,4453.0849609375,593.5270385742188,28.03173828125,45.45538330078125,0.25197210907936096,-1,-1,-1
317,1,4347.80078125,700.8667602539062,34.34130859375,66.05029296875,0.4811455011367798,-1,-1,-1
318,2,4964.3759765625,801.0394287109375,66.76611328125,102.51861572265625,0.7466798424720764,-1,-1,-1
318,228,3660.20263671875,633.3245239257812,24.1259765625,52.044921875,0.6951637864112854,-1,-1,-1
318,277,4176.78955078125,594.7919311523438,19.13525390625,34.97308349609375,0.3480319678783417,-1,-1,-1
318,337,3571.1484375,701.5807495117188,37.688232421875,63.23583984375,0.5526604056358337,-1,-1,-1
318,1,4341.50341796875,703.354736328125,40.13134765625,65.2537841796875,0.5267223715782166,-1,-1,-1
319,2,4970.11767578125,801.1197509765625,61.19775390625,103.0360107421875,0.7692707180976868,-1,-1,-1
319,228,3660.353515625,634.3294067382812,26.009033203125,52.83184814453125,0.7253707051277161,-1,-1,-1
319,277,4176.70166015625,595.7042236328125,19.52490234375,34.5374755859375,0.28058192133903503,-1,-1,-1
319,337,3577.449462890625,702.2776489257812,33.635498046875,62.8648681640625,0.426777184009552,-1,-1,-1
319,1,4334.63916015625,705.123779296875,45.91748046875,65.28033447265625,0.5126027464866638,-1,-1,-1
319,345,3976.17724609375,571.3209838867188,20.602783203125,33.24822998046875,0.3030321002006531,-1,-1,-1
320,2,4972.9111328125,801.2161254882812,58.671875,103.2093505859375,0.7826501727104187,-1,-1,-1
320,228,3661.048583984375,635.2371215820312,26.604736328125,53.8931884765625,0.7593193650245667,-1,-1,-1
320,277,4177.08935546875,596.1128540039062,19.45458984375,34.78851318359375,0.35227489471435547,-1,-1,-1
320,337,3581.300537109375,702.860107421875,30.842041015625,63.93853759765625,0.34149885177612305,-1,-1,-1
320,1,4329.7001953125,705.8067626953125,49.2119140625,64.70062255859375,0.5908271670341492,-1,-1,-1
320,345,3975.501953125,570.62158203125,21.466552734375,34.5316162109375,0.32100802659988403,-1,-1,-1
321,2,4974.0166015625,801.618408203125,58.19091796875,103.05352783203125,0.7982335686683655,-1,-1,-1
321,228,3662.0615234375,635.361083984375,26.95849609375,54.62017822265625,0.6752285957336426,-1,-1,-1
321,277,4177.3779296875,596.392333984375,19.45361328125,34.9818115234375,0.31288665533065796,-1,-1,-1
321,337,3584.710205078125,702.3258666992188,29.916259765625,66.0172119140625,0.36480772495269775,-1,-1,-1
321,1,4327.2421875,706.2024536132812,46.68310546875,62.522216796875,0.4596017897129059,-1,-1,-1
321,345,3975.319091796875,570.4852905273438,21.525634765625,34.77166748046875,0.29899945855140686,-1,-1,-1
322,2,4976.47802734375,802.0161743164062,56.0673828125,102.357666015625,0.7829481959342957,-1,-1,-1
322,228,3663.7158203125,637.0440673828125,27.1552734375,53.71466064453125,0.6654353141784668,-1,-1,-1
322,277,4177.47119140625,597.3675537109375,19.92041015625,33.87274169921875,0.2776152491569519,-1,-1,-1
322,337,3586.789306640625,703.859619140625,32.535888671875,68.45367431640625,0.44840720295906067,-1,-1,-1
322,1,4325.20166015625,707.3189697265625,44.2265625,60.25555419921875,0.5727434754371643,-1,-1,-1
322,345,3974.630126953125,570.6807250976562,21.95703125,34.73492431640625,0.25309261679649353,-1,-1,-1
323,2,4971.58935546875,801.7325439453125,61.345703125,102.7205810546875,0.7898716926574707,-1,-1,-1
323,228,3664.9658203125,638.7181396484375,26.771240234375,52.535888671875,0.6182529926300049,-1,-1,-1
323,277,4177.22705078125,597.502685546875,20.32373046875,34.1016845703125,0.277417927980423,-1,-1,-1
323,337,3588.02587890625,705.27001953125,36.163818359375,72.88726806640625,0.6347348093986511,-1,-1,-1
323,1,4324.458984375,708.4131469726562,41.11962890625,59.58892822265625,0.5652612447738647,-1,-1,-1
324,2,4965.82080078125,799.5675659179688,67.62646484375,104.5926513671875,0.7832794189453125,-1,-1,-1
324,228,3664.970458984375,639.9810791015625,27.826904296875,49.68499755859375,0.5489469766616821,-1,-1,-1
324,277,4177.31982421875,596.9022216796875,20.33447265625,36.547607421875,0.36448007822036743,-1,-1,-1
324,337,3590.1787109375,704.8214111328125,38.705078125,77.3370361328125,0.768005907535553,-1,-1,-1
324,1,4321.62939453125,707.93310546875,42.06689453125,62.72454833984375,0.6801830530166626,-1,-1,-1
325,2,4964.98046875,798.71142578125,68.533203125,105.48309326171875,0.743137538433075,-1,-1,-1
325,228,3665.865966796875,641.1384887695312,27.4287109375,50.7325439453125,0.577018141746521,-1,-1,-1
325,277,4177.68408203125,597.21337890625,19.77587890625,36.70782470703125,0.3359169363975525,-1,-1,-1
325,337,3593.80224609375,704.4841918945312,39.155517578125,81.5111083984375,0.748810887336731,-1,-1,-1
325,1,4318.11181640625,708.2576904296875,44.162109375,63.6624755859375,0.6296401023864746,-1,-1,-1
325,361,3498.473876953125,540.5460815429688,18.9814453125,43.638671875,0.37239155173301697,-1,-1,-1
326,2,4976.98046875,800.6424560546875,58.17724609375,103.02972412109375,0.758806586265564,-1,-1,-1
326,228,3666.809814453125,641.5956420898438,26.891845703125,53.4859619140625,0.570375919342041,-1,-1,-1
326,277,4177.65869140625,597.2715454101562,19.88916015625,40.04736328125,0.3899902105331421,-1,-1,-1
326,337,3601.2939453125,706.8665161132812,35.633544921875,82.1192626953125,0.7004101872444153,-1,-1,-1
326,1,4316.14453125,709.22314453125,45.4365234375,64.80999755859375,0.5511248111724854,-1,-1,-1
326,361,3497.77783203125,539.91552734375,18.643798828125,45.42193603515625,0.33034175634384155,-1,-1,-1
327,2,4987.19677734375,801.5564575195312,49.20068359375,102.03839111328125,0.7694517970085144,-1,-1,-1
327,228,3667.33203125,641.9525756835938,27.24755859375,55.02667236328125,0.465884804725647,-1,-1,-1
327,277,4176.86962890625,597.3590698242188,20.91162109375,41.07720947265625,0.37300345301628113,-1,-1,-1
327,337,3606.05322265625,710.520263671875,34.15576171875,77.63446044921875,0.7153656482696533,-1,-1,-1
327,1,4315.7421875,709.1034545898438,44.064453125,65.20166015625,0.5500624775886536,-1,-1,-1
327,361,3497.1806640625,533.6201782226562,18.359375,51.89959716796875,0.4027295410633087,-1,-1,-1
328,2,4991.798828125,802.0980224609375,45.2490234375,102.442626953125,0.7517260909080505,-1,-1,-1
328,228,3667.986083984375,642.4703369140625,26.686767578125,54.65264892578125,0.3173139691352844,-1,-1,-1
328,277,4177.0029296875,599.3974609375,20.9423828125,40.44085693359375,0.3640740215778351,-1,-1,-1
328,337,3610.8349609375,713.4151000976562,32.929931640625,74.60858154296875,0.5501112937927246,-1,-1,-1
328,1,4315.55908203125,709.3533325195312,42.84521484375,66.51806640625,0.5455156564712524,-1,-1,-1
328,361,3496.7548828125,531.534423828125,18.648193359375,52.63201904296875,0.2942803204059601,-1,-1,-1
329,2,4985.18310546875,802.4793090820312,51.7744140625,102.51580810546875,0.7079136371612549,-1,-1,-1
329,228,3670.335693359375,643.7028198242188,27.0595703125,53.88720703125,0.279729425907135,-1,-1,-1
329,277,4177.09521484375,600.680908203125,20.6865234375,38.9476318359375,0.35899946093559265,-1,-1,-1
329,337,3615.919921875,715.3643798828125,31.8193359375,73.43768310546875,0.5106374621391296,-1,-1,-1
329,1,4316.73388671875,710.62841796875,39.66259765625,66.92889404296875,0.5319344997406006,-1,-1,-1
329,361,3495.4912109375,531.9635009765625,18.865966796875,51.70684814453125,0.3149353265762329,-1,-1,-1
330,2,4989.44140625,802.9019775390625,47.70654296875,103.47906494140625,0.719613254070282,-1,-1,-1
330,228,3671.737548828125,645.1414794921875,26.54638671875,52.1632080078125,0.3254967927932739,-1,-1,-1
330,277,4177.03662109375,601.6505737304688,20.62939453125,37.978515625,0.3693111836910248,-1,-1,-1
330,337,3619.51513671875,714.7696533203125,33.671875,74.8724365234375,0.6253466010093689,-1,-1,-1
330,1,4316.986328125,711.0911865234375,38.10693359375,67.339599609375,0.6259616017341614,-1,-1,-1
331,2,4986.19287109375,803.3018188476562,50.98876953125,104.20880126953125,0.6649791598320007,-1,-1,-1
331,228,3673.197509765625,647.2886962890625,25.347900390625,49.44464111328125,0.34927043318748474,-1,-1,-1
331,277,4177.47021484375,602.6509399414062,20.126953125,37.16998291015625,0.35864508152008057,-1,-1,-1
331,337,3622.731689453125,715.1478881835938,33.360595703125,74.456787109375,0.6359809637069702,-1,-1,-1
331,1,4316.13720703125,712.5305786132812,37.33203125,65.73358154296875,0.5754081010818481,-1,-1,-1
331,361,3493.253173828125,528.4754638671875,19.192626953125,58.7864990234375,0.3896114230155945,-1,-1,-1
332,2,4988.14501953125,803.250732421875,49.71044921875,105.81048583984375,0.708928644657135,-1,-1,-1
332,228,3674.59814453125,648.8231201171875,24.140869140625,47.1497802734375,0.3803543746471405,-1,-1,-1
332,277,4177.5478515625,602.753173828125,19.90087890625,39.06866455078125,0.3969424068927765,-1,-1,-1
332,337,3622.41943359375,714.4322509765625,39.591064453125,76.05059814453125,0.7659819722175598,-1,-1,-1
332,1,4314.9375,714.0742797851562,37.13671875,64.05718994140625,0.5994662642478943,-1,-1,-1
332,378,4498.42919921875,607.0270385742188,24.09326171875,35.20849609375,0.3578343093395233,-1,-1,-1
332,361,3491.931640625,532.0203857421875,19.34716796875,55.63262939453125,0.3342033326625824,-1,-1,-1
332,345,3972.601806640625,570.8545532226562,15.24853515625,38.68524169921875,0.3600349426269531,-1,-1,-1
333,2,4992.982421875,803.0738525390625,45.8623046875,108.53729248046875,0.7077606320381165,-1,-1,-1
333,228,3675.5263671875,650.741943359375,23.313232421875,45.64471435546875,0.38797640800476074,-1,-1,-1
333,277,4177.27392578125,602.9423828125,20.35205078125,41.5277099609375,0.4325559735298157,-1,-1,-1
333,337,3626.31982421875,716.0394287109375,41.056884765625,77.661376953125,0.6930710077285767,-1,-1,-1
333,1,4313.28759765625,715.0234985351562,37.6923828125,63.52093505859375,0.6502178907394409,-1,-1,-1
333,378,4499.93310546875,606.2489624023438,23.64697265625,35.77740478515625,0.3612418472766876,-1,-1,-1
333,361,3491.072509765625,531.6401977539062,19.331787109375,55.97454833984375,0.34639260172843933,-1,-1,-1
333,381,3011.228271484375,514.6973876953125,19.79150390625,40.262939453125,0.3168328106403351,-1,-1,-1
333,382,3714.875732421875,535.1014404296875,18.023681640625,40.12835693359375,0.33001241087913513,-1,-1,-1
333,345,3971.99755859375,571.1656494140625,15.157470703125,37.8677978515625,0.36405569314956665,-1,-1,-1
334,2,4997.22509765625,803.2816162109375,43.07666015625,109.9764404296875,0.6898135542869568,-1,-1,-1
334,228,3676.1396484375,651.1558227539062,22.9189453125,45.3355712890625,0.4169052839279175,-1,-1,-1
334,277,4177.375,602.4459228515625,20.451171875,42.009521484375,0.36577776074409485,-1,-1,-1
334,337,3628.64404296875,717.4214477539062,42.513916015625,75.02862548828125,0.6098600625991821,-1,-1,-1
334,1,4311.59912109375,716.2719116210938,35.978515625,63.30401611328125,0.6776154041290283,-1,-1,-1
334,378,4500.37451171875,605.423828125,25.42236328125,38.92230224609375,0.31454625725746155,-1,-1,-1
334,381,3011.22265625,514.6685791015625,19.8857421875,40.40460205078125,0.311923623085022,-1,-1,-1
334,382,3714.96484375,535.3668212890625,16.8466796875,40.173828125,0.3338775634765625,-1,-1,-1
334,345,3971.327880859375,572.0844116210938,15.71923828125,37.283447265625,0.37028276920318604,-1,-1,-1
335,2,4995.15576171875,803.5853271484375,46.98583984375,108.61773681640625,0.6815081238746643,-1,-1,-1
335,228,3677.166748046875,651.3380737304688,22.215087890625,46.1439208984375,0.43268251419067383,-1,-1,-1
335,277,4176.7041015625,605.9853515625,21.15625,40.3824462890625,0.4052548408508301,-1,-1,-1
335,337,3631.227294921875,717.2710571289062,43.556884765625,77.87469482421875,0.5707338452339172,-1,-1,-1
335,1,4308.5185546875,717.8330688476562,35.73095703125,64.02655029296875,0.6644284725189209,-1,-1,-1
335,378,4502.18505859375,604.7446899414062,25.8876953125,40.9456787109375,0.3581906855106354,-1,-1,-1
335,381,3011.17578125,514.693115234375,20.01708984375,40.35882568359375,0.32678714394569397,-1,-1,-1
335,382,3714.134765625,536.2650146484375,16.443603515625,38.46966552734375,0.3155722916126251,-1,-1,-1
335,345,3970.154296875,573.9501953125,16.27587890625,36.356689453125,0.3582259714603424,-1,-1,-1
336,2,4993.3681640625,803.699462890625,49.07568359375,108.0345458984375,0.6724764108657837,-1,-1,-1
336,228,3678.655517578125,651.4526977539062,21.22021484375,48.28594970703125,0.49589526653289795,-1,-1,-1
336,277,4176.2119140625,606.316162109375,22.01904296875,42.385986328125,0.4109460115432739,-1,-1,-1
336,337,3635.14794921875,718.3680419921875,44.826416015625,79.92657470703125,0.6306172609329224,-1,-1,-1
336,1,4304.34033203125,719.5599365234375,38.6787109375,65.16485595703125,0.6879466772079468,-1,-1,-1
336,378,4504.29443359375,605.7969970703125,27.2958984375,43.6534423828125,0.3538481593132019,-1,-1,-1
336,381,3011.039306640625,514.5628051757812,20.1103515625,41.2200927734375,0.30947452783584595,-1,-1,-1
336,382,3712.1396484375,536.9561157226562,17.897705078125,39.6533203125,0.33023935556411743,-1,-1,-1
336,345,3969.3486328125,575.7949829101562,16.87451171875,36.09967041015625,0.3083997964859009,-1,-1,-1
336,361,3487.427001953125,537.7025756835938,20.536865234375,50.5516357421875,0.29144787788391113,-1,-1,-1
337,2,4992.37646484375,803.8740844726562,50.02880859375,107.82855224609375,0.6709920167922974,-1,-1,-1
337,228,3680.316162109375,651.9825439453125,20.691162109375,48.1624755859375,0.47132742404937744,-1,-1,-1
337,277,4176.15966796875,609.0015258789062,22.77001953125,42.07696533203125,0.4512784779071808,-1,-1,-1
337,337,3640.521240234375,720.6301879882812,42.799560546875,79.91729736328125,0.628872275352478,-1,-1,-1
337,1,4300.939453125,720.9379272460938,42.24951171875,68.5914306640625,0.7318814396858215,-1,-1,-1
337,378,4505.61279296875,607.5270385742188,27.88623046875,45.22503662109375,0.41288241744041443,-1,-1,-1
337,381,3010.990478515625,514.6202392578125,20.143310546875,41.3858642578125,0.3108381927013397,-1,-1,-1
337,382,3711.92333984375,539.4568481445312,18.01318359375,36.84259033203125,0.3058443069458008,-1,-1,-1
337,345,3968.542236328125,575.2443237304688,17.469482421875,37.2730712890625,0.3816347122192383,-1,-1,-1
337,361,3487.079833984375,544.0690307617188,20.089111328125,44.97918701171875,0.29473477602005005,-1,-1,-1
338,2,4995.83984375,803.8616333007812,46.3935546875,107.87933349609375,0.6586529612541199,-1,-1,-1
338,228,3681.630859375,651.7964477539062,20.399169921875,50.4383544921875,0.4132971167564392,-1,-1,-1
338,277,4176.02587890625,610.5370483398438,23.09814453125,41.25616455078125,0.44557610154151917,-1,-1,-1
338,337,3650.034423828125,721.3079833984375,37.347900390625,80.29376220703125,0.5933534502983093,-1,-1,-1
338,1,4300.62060546875,722.4168090820312,42.84033203125,70.2691650390625,0.7327484488487244,-1,-1,-1
338,378,4507.63330078125,607.9483642578125,28.16943359375,47.28173828125,0.46482518315315247,-1,-1,-1
338,381,3010.927734375,514.6228637695312,20.205810546875,41.7904052734375,0.3286517858505249,-1,-1,-1
338,345,3968.281005859375,575.32958984375,17.60693359375,36.698974609375,0.37607139348983765,-1,-1,-1
338,361,3486.222900390625,547.47412109375,19.82421875,40.89447021484375,0.2950727641582489,-1,-1,-1
339,2,4999.173828125,804.084228515625,42.9970703125,107.5401611328125,0.6524991989135742,-1,-1,-1
339,228,3682.475830078125,651.8251953125,21.63134765625,55.8709716796875,0.4887288808822632,-1,-1,-1
339,277,4175.97216796875,611.1486206054688,22.693359375,39.7156982421875,0.4754892587661743,-1,-1,-1
339,337,3659.0400390625,723.4981079101562,33.182861328125,76.19207763671875,0.32255861163139343,-1,-1,-1
339,1,4299.99853515625,724.8345336914062,43.66748046875,70.32952880859375,0.5754629373550415,-1,-1,-1
339,378,4509.60888671875,609.9403076171875,28.49169921875,43.4935302734375,0.38037195801734924,-1,-1,-1
339,381,3010.891845703125,514.869140625,20.11767578125,40.96435546875,0.29362598061561584,-1,-1,-1
339,345,3966.9921875,575.3009033203125,18.06494140625,34.62127685546875,0.38914886116981506,-1,-1,-1
340,2,5001.50830078125,804.2763061523438,40.7431640625,107.2349853515625,0.64104163646698,-1,-1,-1
340,228,3682.721923828125,652.9212646484375,23.1689453125,57.36676025390625,0.4448482394218445,-1,-1,-1
340,277,4175.76025390625,610.8268432617188,22.3017578125,41.6976318359375,0.4742460250854492,-1,-1,-1
340,1,4300.62548828125,726.8379516601562,43.51025390625,70.19921875,0.46281883120536804,-1,-1,-1
340,378,4510.55859375,611.3040161132812,29.78125,42.03070068359375,0.27303704619407654,-1,-1,-1
340,345,3966.344482421875,575.1443481445312,17.326171875,33.42816162109375,0.403550922870636,-1,-1,-1
341,2,5001.6796875,804.3140869140625,40.79541015625,107.0980224609375,0.6373876333236694,-1,-1,-1
341,228,3682.662109375,654.9566650390625,24.4912109375,51.8580322265625,0.34238898754119873,-1,-1,-1
341,277,4175.34375,610.7301635742188,22.34912109375,41.8123779296875,0.4547167718410492,-1,-1,-1
341,1,4301.0224609375,726.6472778320312,43.77734375,74.86993408203125,0.7135234475135803,-1,-1,-1
341,378,4511.087890625,612.6182250976562,30.875,40.396728515625,0.3314754068851471,-1,-1,-1
341,345,3965.990234375,574.9063720703125,16.661376953125,33.61773681640625,0.4639861583709717,-1,-1,-1
341,361,3483.12744140625,556.3955688476562,19.73974609375,35.1666259765625,0.3842766284942627,-1,-1,-1
341,381,3010.85595703125,515.0300903320312,19.910888671875,40.19891357421875,0.278885155916214,-1,-1,-1
342,2,5004.32958984375,804.6712646484375,39.28369140625,107.9696044921875,0.6386198997497559,-1,-1,-1
342,228,3680.363525390625,655.68896484375,28.20556640625,59.709228515625,0.44502097368240356,-1,-1,-1
342,277,4174.8525390625,610.9570922851562,22.08837890625,42.52655029296875,0.46966323256492615,-1,-1,-1
342,1,4302.291015625,728.498779296875,42.35205078125,76.0625,0.729008674621582,-1,-1,-1
342,378,4511.8935546875,613.0487670898438,30.63134765625,40.4744873046875,0.32231348752975464,-1,-1,-1
342,345,3965.71435546875,574.7837524414062,15.9111328125,34.65093994140625,0.4812650680541992,-1,-1,-1
342,361,3481.2431640625,559.3436279296875,19.75244140625,33.1715087890625,0.36389797925949097,-1,-1,-1
342,381,3010.928466796875,515.1632690429688,19.805419921875,39.70501708984375,0.2635743319988251,-1,-1,-1
342,337,3671.666015625,728.528076171875,34.682373046875,80.0712890625,0.40108436346054077,-1,-1,-1
343,2,5005.13525390625,805.0414428710938,38.90234375,108.0361328125,0.6413877010345459,-1,-1,-1
343,228,3680.0224609375,656.4765625,29.775390625,66.20587158203125,0.4551410377025604,-1,-1,-1
343,277,4174.3720703125,610.7719116210938,22.10302734375,43.22906494140625,0.4837041199207306,-1,-1,-1
343,1,4302.87548828125,731.3751831054688,41.38720703125,75.335693359375,0.7482842206954956,-1,-1,-1
343,378,4512.81103515625,612.856201171875,30.5791015625,42.86981201171875,0.3696969151496887,-1,-1,-1
343,345,3965.184326171875,574.6686401367188,14.869873046875,33.767822265625,0.4847707152366638,-1,-1,-1
343,361,3480.373779296875,560.8795776367188,19.8916015625,33.04107666015625,0.42412498593330383,-1,-1,-1
343,381,3010.911865234375,515.1663208007812,19.886474609375,40.0863037109375,0.2870601713657379,-1,-1,-1
343,337,3674.89306640625,728.6969604492188,37.078857421875,81.78729248046875,0.46877601742744446,-1,-1,-1
344,2,5005.8984375,805.1378173828125,38.46142578125,108.116943359375,0.6403377652168274,-1,-1,-1
344,228,3683.7333984375,656.6605224609375,27.03662109375,64.236083984375,0.43062660098075867,-1,-1,-1
344,277,4173.6455078125,613.2657470703125,21.8115234375,43.4534912109375,0.4995863139629364,-1,-1,-1
344,1,4304.57421875,733.0927124023438,38.38671875,75.46112060546875,0.7534143924713135,-1,-1,-1
344,378,4514.94091796875,612.943359375,29.00732421875,42.8143310546875,0.27410194277763367,-1,-1,-1
344,345,3964.408447265625,575.1239013671875,14.95556640625,32.707763671875,0.45587673783302307,-1,-1,-1
344,361,3478.834228515625,562.9776611328125,19.956298828125,32.09759521484375,0.3457811772823334,-1,-1,-1
344,381,3010.822265625,515.3873291015625,20.14306640625,39.5740966796875,0.25686001777648926,-1,-1,-1
344,337,3680.636962890625,730.2948608398438,36.5498046875,79.06585693359375,0.2861500680446625,-1,-1,-1
345,2,5006.1689453125,805.4387817382812,38.47021484375,107.76190185546875,0.6296906471252441,-1,-1,-1
345,277,4171.822265625,613.0902099609375,22.60595703125,45.2423095703125,0.498927503824234,-1,-1,-1
345,1,4305.744140625,733.5869140625,36.85595703125,75.33001708984375,0.7219235897064209,-1,-1,-1
345,378,4516.10595703125,612.790283203125,28.71240234375,47.35137939453125,0.33295896649360657,-1,-1,-1
345,345,3963.5888671875,577.5350341796875,15.137939453125,31.72918701171875,0.46674343943595886,-1,-1,-1
345,361,3477.001220703125,562.500244140625,19.43701171875,35.50164794921875,0.34082546830177307,-1,-1,-1
345,381,3010.7412109375,515.5404663085938,20.309814453125,39.55096435546875,0.27938607335090637,-1,-1,-1
345,337,3685.887939453125,681.5537109375,31.754150390625,125.07440185546875,0.6679378747940063,-1,-1,-1
346,2,5006.17578125,805.7079467773438,38.853515625,107.585205078125,0.6240983009338379,-1,-1,-1
346,277,4171.2861328125,616.4146728515625,21.95654296875,42.3507080078125,0.45284444093704224,-1,-1,-1
346,1,4305.77490234375,733.2345581054688,37.01953125,76.24713134765625,0.7745057940483093,-1,-1,-1
346,378,4518.17431640625,612.4817504882812,25.80322265625,46.69146728515625,0.34527501463890076,-1,-1,-1
346,345,3963.282470703125,580.414306640625,15.311279296875,30.74560546875,0.4906136393547058,-1,-1,-1
346,361,3475.306640625,562.5059204101562,18.772705078125,36.78961181640625,0.3342031240463257,-1,-1,-1
346,381,3010.748779296875,515.5201416015625,20.3583984375,39.63372802734375,0.2723090648651123,-1,-1,-1
346,337,3688.132568359375,665.503662109375,29.98876953125,139.0032958984375,0.5599272847175598,-1,-1,-1
347,2,5006.1142578125,806.0380249023438,39.09130859375,107.0517578125,0.6193845868110657,-1,-1,-1
347,277,4171.2236328125,618.104248046875,21.1103515625,40.13287353515625,0.3969126343727112,-1,-1,-1
347,1,4306.31298828125,734.3497924804688,36.47705078125,78.77667236328125,0.7297043204307556,-1,-1,-1
347,378,4519.93115234375,611.7980346679688,24.18896484375,47.584228515625,0.3423023521900177,-1,-1,-1
347,345,3962.021484375,578.4231567382812,16.18896484375,34.48480224609375,0.4873862862586975,-1,-1,-1
347,361,3474.552490234375,562.9757080078125,18.588134765625,36.1796875,0.3605174124240875,-1,-1,-1
347,228,3688.29052734375,657.7930908203125,25.955322265625,60.57061767578125,0.3416184186935425,-1,-1,-1
348,2,5005.26220703125,806.0781860351562,40.0439453125,107.1754150390625,0.6170957088470459,-1,-1,-1
348,277,4170.6044921875,618.4616088867188,20.1142578125,38.608154296875,0.37180083990097046,-1,-1,-1
348,1,4305.52880859375,737.0439453125,37.5986328125,82.00225830078125,0.7248671650886536,-1,-1,-1
348,378,4520.56884765625,611.64404296875,23.47998046875,46.4476318359375,0.32780635356903076,-1,-1,-1
348,345,3960.4423828125,578.287109375,17.652587890625,34.42218017578125,0.42777517437934875,-1,-1,-1
348,228,3689.06396484375,660.0381469726562,24.97607421875,61.26983642578125,0.27800634503364563,-1,-1,-1
349,2,5003.49755859375,806.0081787109375,41.9140625,107.20745849609375,0.6233602166175842,-1,-1,-1
349,277,4169.88134765625,618.0025634765625,20.5390625,41.39239501953125,0.46100756525993347,-1,-1,-1
349,1,4305.30322265625,740.634033203125,38.9912109375,81.0089111328125,0.7013179063796997,-1,-1,-1
349,378,4520.24462890625,612.2467651367188,24.57568359375,46.269287109375,0.35654139518737793,-1,-1,-1
349,345,3960.018798828125,577.7513427734375,18.040771484375,33.66644287109375,0.4523774981498718,-1,-1,-1
349,228,3689.29931640625,663.7197875976562,24.49072265625,61.352294921875,0.43642592430114746,-1,-1,-1
349,381,3010.612060546875,515.7919921875,20.6142578125,39.84747314453125,0.257645845413208,-1,-1,-1
349,361,3472.30859375,564.633544921875,18.711669921875,36.01025390625,0.28127777576446533,-1,-1,-1
350,2,5001.4794921875,805.93798828125,43.96533203125,107.20770263671875,0.6282681822776794,-1,-1,-1
350,277,4168.93896484375,618.3788452148438,20.3525390625,42.5574951171875,0.4691392779350281,-1,-1,-1
350,1,4304.94970703125,744.3970336914062,39.421875,79.5919189453125,0.7065739631652832,-1,-1,-1
350,378,4520.09375,614.322998046875,25.91796875,44.66864013671875,0.3197805881500244,-1,-1,-1
350,345,3958.546875,578.1304931640625,18.840087890625,35.46844482421875,0.5047061443328857,-1,-1,-1
350,228,3691.681640625,664.509033203125,22.782958984375,63.68865966796875,0.47242501378059387,-1,-1,-1
350,399,3714.341064453125,733.7178955078125,32.63134765625,81.69366455078125,0.5676442980766296,-1,-1,-1
351,2,4999.80859375,805.9593505859375,45.5380859375,106.97369384765625,0.6310221552848816,-1,-1,-1
351,277,4167.24169921875,620.8548583984375,20.6826171875,41.2880859375,0.4145558774471283,-1,-1,-1
351,1,4304.6982421875,746.6154174804688,39.814453125,79.02008056640625,0.6791860461235046,-1,-1,-1
351,378,4520.35888671875,615.1607666015625,26.36474609375,44.38165283203125,0.3100073039531708,-1,-1,-1
351,345,3958.053955078125,577.4821166992188,17.79150390625,38.28179931640625,0.5170681476593018,-1,-1,-1
351,228,3693.8623046875,666.7182006835938,21.35888671875,63.8939208984375,0.5589209794998169,-1,-1,-1
351,399,3715.05224609375,734.1654052734375,38.864501953125,85.32586669921875,0.6125476360321045,-1,-1,-1
352,2,5003.21875,806.121337890625,42.1474609375,106.9302978515625,0.6468088626861572,-1,-1,-1
352,277,4166.1005859375,622.19482421875,21.2314453125,39.7169189453125,0.310100257396698,-1,-1,-1
352,1,4304.99267578125,747.013427734375,41.44580078125,83.0146484375,0.6564480662345886,-1,-1,-1
352,378,4521.2060546875,615.6986083984375,26.08935546875,43.59466552734375,0.25307735800743103,-1,-1,-1
352,345,3957.385986328125,578.7252197265625,17.327880859375,37.1422119140625,0.4609067142009735,-1,-1,-1
352,228,3695.172119140625,668.009765625,21.461181640625,62.21942138671875,0.5230619311332703,-1,-1,-1
352,399,3720.138916015625,733.4893188476562,39.498779296875,86.92950439453125,0.5751442909240723,-1,-1,-1
353,2,5005.12890625,806.0662231445312,40.2001953125,106.9442138671875,0.6393176913261414,-1,-1,-1
353,277,4165.34912109375,622.52294921875,21.51904296875,42.4947509765625,0.3800683319568634,-1,-1,-1
353,1,4306.25927734375,746.9566650390625,41.84912109375,87.03717041015625,0.7101963758468628,-1,-1,-1
353,378,4522.0703125,615.8915405273438,26.326171875,43.71563720703125,0.3293044865131378,-1,-1,-1
353,345,3955.653076171875,581.3522338867188,17.71533203125,33.10565185546875,0.43103528022766113,-1,-1,-1
353,228,3695.749755859375,668.6812744140625,22.278564453125,61.53662109375,0.4636658728122711,-1,-1,-1
353,399,3726.235107421875,734.4165649414062,39.897705078125,89.599365234375,0.5965564250946045,-1,-1,-1
354,2,5005.943359375,805.9507446289062,39.44091796875,107.01885986328125,0.6281620264053345,-1,-1,-1
354,277,4164.0,624.4742431640625,22.2392578125,42.07867431640625,0.3313260078430176,-1,-1,-1
354,1,4307.19287109375,748.2198486328125,43.3525390625,88.8297119140625,0.6902152299880981,-1,-1,-1
354,378,4523.06005859375,615.8157958984375,26.44970703125,43.8721923828125,0.32857149839401245,-1,-1,-1
354,345,3954.578857421875,582.534912109375,17.09326171875,34.1861572265625,0.4410278797149658,-1,-1,-1
354,228,3695.1435546875,668.9740600585938,22.95751953125,60.67181396484375,0.3669917583465576,-1,-1,-1
354,399,3733.809814453125,736.6110229492188,36.519287109375,89.9482421875,0.5581388473510742,-1,-1,-1
355,2,5006.4765625,805.9605712890625,38.96484375,106.9375,0.6253864765167236,-1,-1,-1
355,277,4163.7451171875,625.0844116210938,22.35400390625,42.29010009765625,0.34393155574798584,-1,-1,-1
355,1,4307.89208984375,750.7581787109375,43.86328125,88.40972900390625,0.5958986282348633,-1,-1,-1
355,378,4524.00439453125,615.1880493164062,26.466796875,45.35491943359375,0.3338717520236969,-1,-1,-1
355,345,3953.4404296875,584.2732543945312,16.879150390625,32.8123779296875,0.3729265034198761,-1,-1,-1
355,228,3694.65185546875,670.2200927734375,23.397705078125,62.51593017578125,0.4124709963798523,-1,-1,-1
355,399,3742.609619140625,738.0059814453125,30.340576171875,90.22283935546875,0.5390419960021973,-1,-1,-1
356,2,5005.64990234375,806.2350463867188,39.73193359375,106.45440673828125,0.5848271250724792,-1,-1,-1
356,277,4162.5400390625,624.8170166015625,23.3740234375,43.81878662109375,0.2651439905166626,-1,-1,-1
356,1,4308.60107421875,750.44384765625,47.85205078125,89.551025390625,0.5072377920150757,-1,-1,-1
356,378,4524.51025390625,614.7957153320312,26.35595703125,47.97412109375,0.3644558787345886,-1,-1,-1
356,345,3952.2666015625,585.3489379882812,17.116943359375,32.90032958984375,0.31691044569015503,-1,-1,-1
356,228,3695.105224609375,671.1956787109375,23.177734375,67.03729248046875,0.4336879849433899,-1,-1,-1
356,399,3747.57666015625,739.179443359375,27.50537109375,89.299072265625,0.4961918294429779,-1,-1,-1
357,2,5005.27099609375,806.3617553710938,40.16943359375,106.20904541015625,0.5753727555274963,-1,-1,-1
357,1,4308.32373046875,749.9146118164062,51.30615234375,89.10595703125,0.4094269573688507,-1,-1,-1
357,378,4524.5166015625,615.1314086914062,26.8056640625,49.92327880859375,0.3919999301433563,-1,-1,-1
357,345,3950.5029296875,585.1035766601562,18.599609375,33.62255859375,0.2739580571651459,-1,-1,-1
357,228,3696.644287109375,672.9837036132812,23.09619140625,70.0301513671875,0.4750208556652069,-1,-1,-1
357,399,3751.536865234375,740.1410522460938,28.562744140625,92.871337890625,0.4794169068336487,-1,-1,-1
358,2,5004.3310546875,806.6015625,41.09423828125,106.051513671875,0.5805107355117798,-1,-1,-1
358,1,4309.48095703125,747.471923828125,53.25244140625,90.813232421875,0.40852776169776917,-1,-1,-1
358,378,4524.361328125,615.6760864257812,26.89501953125,51.32366943359375,0.438157320022583,-1,-1,-1
358,228,3698.172119140625,675.5028686523438,22.86962890625,70.2113037109375,0.4863193929195404,-1,-1,-1
358,399,3756.38232421875,743.4611206054688,29.472900390625,91.4810791015625,0.378059983253479,-1,-1,-1
358,403,3692.816650390625,529.1482543945312,20.637451171875,49.74969482421875,0.3452308475971222,-1,-1,-1
358,404,4263.00732421875,548.9215698242188,15.73583984375,32.78961181640625,0.3446074426174164,-1,-1,-1
359,2,5002.83349609375,806.6475219726562,42.61376953125,106.072998046875,0.6219480633735657,-1,-1,-1
359,1,4311.9130859375,745.2352905273438,51.10791015625,93.0491943359375,0.5252323150634766,-1,-1,-1
359,378,4524.62646484375,616.9255981445312,26.87744140625,47.61468505859375,0.4114435017108917,-1,-1,-1
359,228,3699.341064453125,677.560791015625,23.03515625,69.7982177734375,0.4990961253643036,-1,-1,-1
359,399,3761.0458984375,743.2608642578125,32.29296875,90.8291015625,0.4224764406681061,-1,-1,-1
359,403,3693.264404296875,531.1033935546875,20.46826171875,47.71240234375,0.338577538728714,-1,-1,-1
359,404,4262.2880859375,549.193603515625,16.22119140625,33.93017578125,0.4087492525577545,-1,-1,-1
359,277,4156.76513671875,626.470458984375,23.1982421875,49.4876708984375,0.38022729754447937,-1,-1,-1
360,2,5001.029296875,806.5772094726562,44.3076171875,106.34796142578125,0.6421189308166504,-1,-1,-1
360,1,4312.7744140625,744.8519287109375,52.9404296875,93.7261962890625,0.4823267161846161,-1,-1,-1
360,378,4524.78125,618.5982666015625,26.890625,44.68463134765625,0.38157474994659424,-1,-1,-1
360,228,3699.541748046875,678.4842529296875,25.201904296875,69.9388427734375,0.5733400583267212,-1,-1,-1
360,399,3763.615966796875,742.6243896484375,35.814208984375,88.53106689453125,0.5783650875091553,-1,-1,-1
360,403,3693.432373046875,532.2184448242188,20.36279296875,46.441162109375,0.3457389175891876,-1,-1,-1
360,404,4261.26171875,548.6302490234375,16.61279296875,31.10430908203125,0.3048350214958191,-1,-1,-1
360,277,4155.7802734375,625.6190185546875,23.029296875,51.7657470703125,0.4627605080604553,-1,-1,-1
361,2,4997.51220703125,806.4891357421875,47.697265625,106.47509765625,0.6479499936103821,-1,-1,-1
361,1,4313.38671875,745.0889282226562,49.8447265625,94.2198486328125,0.41235196590423584,-1,-1,-1
361,378,4525.33203125,620.2767944335938,25.7900390625,43.34930419921875,0.44164347648620605,-1,-1,-1
361,228,3699.672607421875,678.970947265625,26.35107421875,69.17901611328125,0.5992094278335571,-1,-1,-1
361,399,3765.188720703125,741.8228149414062,37.394287109375,89.9158935546875,0.638813853263855,-1,-1,-1
361,403,3693.595947265625,534.2434692382812,19.146240234375,44.31097412109375,0.4403182566165924,-1,-1,-1
361,404,4260.26220703125,547.0057983398438,16.97998046875,32.65850830078125,0.3466774523258209,-1,-1,-1
361,277,4154.7880859375,626.6878051757812,22.2861328125,54.396484375,0.4969361424446106,-1,-1,-1
362,2,4994.77734375,806.38330078125,50.32568359375,106.76141357421875,0.668853223323822,-1,-1,-1
362,1,4310.6279296875,744.4227905273438,55.21435546875,94.94952392578125,0.48098883032798767,-1,-1,-1
362,378,4525.42724609375,622.029296875,25.24609375,41.4520263671875,0.4354759454727173,-1,-1,-1
362,228,3700.40087890625,679.2018432617188,26.23876953125,70.27032470703125,0.6336244344711304,-1,-1,-1
362,399,3766.90234375,740.7824096679688,36.76806640625,91.42340087890625,0.655931293964386,-1,-1,-1
362,403,3693.566162109375,533.70751953125,18.997314453125,45.03619384765625,0.42778652906417847,-1,-1,-1
362,404,4257.76025390625,545.9765014648438,18.53125,33.70703125,0.3121567964553833,-1,-1,-1
362,277,4153.7099609375,627.9058227539062,21.33203125,54.4344482421875,0.545954704284668,-1,-1,-1
363,2,4992.73046875,806.2880249023438,52.4443359375,106.8111572265625,0.6768012642860413,-1,-1,-1
363,1,4309.51025390625,745.6228637695312,58.1513671875,97.115478515625,0.31405845284461975,-1,-1,-1
363,378,4524.9951171875,623.0467529296875,25.1357421875,40.2493896484375,0.3907618522644043,-1,-1,-1
363,228,3700.828369140625,679.6558227539062,26.875732421875,71.91412353515625,0.6002725958824158,-1,-1,-1
363,399,3771.494873046875,740.4063110351562,32.780517578125,90.89947509765625,0.6547557711601257,-1,-1,-1
363,403,3693.05224609375,537.602294921875,18.912841796875,39.763916015625,0.3090668022632599,-1,-1,-1
363,404,4256.6826171875,547.575439453125,19.30322265625,32.08306884765625,0.2963239550590515,-1,-1,-1
363,277,4152.83935546875,628.6871337890625,20.07373046875,54.07867431640625,0.5540754199028015,-1,-1,-1
363,410,3446.43115234375,573.7933959960938,19.44580078125,33.11187744140625,0.386050283908844,-1,-1,-1
364,2,4990.70068359375,806.193115234375,54.42333984375,106.95318603515625,0.6998428702354431,-1,-1,-1
364,1,4304.4794921875,747.66162109375,63.81787109375,97.732177734375,0.48094895482063293,-1,-1,-1
364,378,4524.52978515625,622.857421875,25.2548828125,41.57940673828125,0.3983723521232605,-1,-1,-1
364,228,3701.84716796875,679.8650512695312,27.06982421875,75.3873291015625,0.6374304890632629,-1,-1,-1
364,399,3773.72509765625,740.1549682617188,32.96728515625,91.52471923828125,0.5902132987976074,-1,-1,-1
364,403,3692.690185546875,536.2429809570312,19.209228515625,40.28253173828125,0.32781001925468445,-1,-1,-1
364,404,4256.01708984375,549.1500854492188,18.7265625,30.84930419921875,0.30992022156715393,-1,-1,-1
364,277,4150.91162109375,629.6701049804688,20.0810546875,53.6640625,0.5442888736724854,-1,-1,-1
364,410,3444.58935546875,572.6310424804688,20.857421875,34.4530029296875,0.41841235756874084,-1,-1,-1
365,2,4990.9794921875,806.3602294921875,53.271484375,106.58892822265625,0.7114769220352173,-1,-1,-1
365,1,4308.5029296875,754.833740234375,58.9541015625,93.9608154296875,0.3135523498058319,-1,-1,-1
365,378,4523.94482421875,622.2040405273438,25.1474609375,45.8226318359375,0.4449857473373413,-1,-1,-1
365,228,3702.14013671875,681.0340576171875,27.4013671875,77.80963134765625,0.6277912259101868,-1,-1,-1
365,399,3777.7333984375,739.890380859375,31.439453125,93.43017578125,0.554896354675293,-1,-1,-1
365,403,3692.57763671875,534.1022338867188,19.254150390625,42.9227294921875,0.375405877828598,-1,-1,-1
365,404,4255.52392578125,549.7660522460938,18.736328125,30.93597412109375,0.2947663962841034,-1,-1,-1
365,277,4148.48779296875,630.8809814453125,21.42431640625,53.2154541015625,0.5448845624923706,-1,-1,-1
365,410,3441.932861328125,573.1363525390625,20.698974609375,39.4564208984375,0.47764256596565247,-1,-1,-1
365,381,3010.7744140625,515.7188110351562,19.939208984375,39.6075439453125,0.27814677357673645,-1,-1,-1
365,345,3939.256591796875,586.23046875,19.7841796875,37.63134765625,0.32351210713386536,-1,-1,-1
366,2,4991.46630859375,806.4026489257812,52.43408203125,106.47088623046875,0.7127948999404907,-1,-1,-1
366,378,4523.40869140625,620.7448120117188,25.12890625,49.153564453125,0.4409943222999573,-1,-1,-1
366,228,3704.6787109375,682.6016235351562,25.837890625,74.260498046875,0.632522463798523,-1,-1,-1
366,399,3785.068603515625,740.1324462890625,26.046630859375,94.2822265625,0.44216492772102356,-1,-1,-1
366,403,3692.55615234375,534.6535034179688,18.940185546875,42.92572021484375,0.43575718998908997,-1,-1,-1
366,404,4253.76220703125,549.1897583007812,18.3388671875,31.2083740234375,0.297359436750412,-1,-1,-1
366,277,4147.490234375,633.4808349609375,21.89892578125,51.3192138671875,0.545104444026947,-1,-1,-1
366,410,3439.88525390625,573.315673828125,21.33349609375,39.89154052734375,0.4795205593109131,-1,-1,-1
366,381,3010.744384765625,515.75390625,19.974853515625,39.6649169921875,0.26140761375427246,-1,-1,-1
366,345,3938.484375,585.4696044921875,19.25341796875,37.620361328125,0.3925192058086395,-1,-1,-1
367,2,4991.86865234375,806.4242553710938,51.85888671875,106.27606201171875,0.7086883783340454,-1,-1,-1
367,378,4522.57275390625,620.0646362304688,25.7197265625,51.34576416015625,0.4481672942638397,-1,-1,-1
367,228,3706.0439453125,684.4159545898438,25.757568359375,68.36944580078125,0.6186783909797668,-1,-1,-1
367,399,3790.136474609375,739.8514404296875,23.702880859375,93.69195556640625,0.47838619351387024,-1,-1,-1
367,403,3692.361328125,535.8764038085938,19.0771484375,42.792236328125,0.4762343466281891,-1,-1,-1
367,404,4251.76806640625,548.9710693359375,18.5751953125,31.2977294921875,0.3002110719680786,-1,-1,-1
367,277,4146.27490234375,633.2416381835938,22.6748046875,54.21966552734375,0.6091709733009338,-1,-1,-1
367,410,3438.454345703125,572.397216796875,20.60400390625,40.92144775390625,0.48592662811279297,-1,-1,-1
367,381,3010.70751953125,515.7054443359375,20.007080078125,39.7781982421875,0.2538502514362335,-1,-1,-1
367,345,3937.64453125,585.6883544921875,18.4765625,35.87628173828125,0.4383333921432495,-1,-1,-1
368,2,4991.8525390625,806.505126953125,51.7841796875,106.19873046875,0.7083244323730469,-1,-1,-1
368,378,4521.64404296875,620.7220458984375,26.57958984375,50.83868408203125,0.45271798968315125,-1,-1,-1
368,228,3707.147705078125,686.9920654296875,27.31689453125,66.69195556640625,0.6817970871925354,-1,-1,-1
368,399,3791.899658203125,738.1246337890625,25.218994140625,95.25994873046875,0.6577081680297852,-1,-1,-1
368,403,3692.13623046875,534.743896484375,19.52392578125,44.43121337890625,0.48797836899757385,-1,-1,-1
368,404,4251.060546875,548.6535034179688,18.57763671875,30.9647216796875,0.3316572904586792,-1,-1,-1
368,277,4144.958984375,634.969970703125,23.26171875,52.482177734375,0.5683259963989258,-1,-1,-1
368,410,3437.264892578125,573.8267822265625,19.357177734375,38.1400146484375,0.4374394416809082,-1,-1,-1
368,381,3010.730224609375,515.6322631835938,19.9912109375,39.54730224609375,0.27365314960479736,-1,-1,-1
368,345,3937.479248046875,585.9176635742188,17.11181640625,35.7020263671875,0.49923452734947205,-1,-1,-1
368,1,4318.8271484375,767.8544311523438,51.84423828125,91.763671875,0.4810391962528229,-1,-1,-1
369,2,4991.67529296875,806.5924682617188,51.97265625,106.18157958984375,0.7159835696220398,-1,-1,-1
369,378,4520.93505859375,621.7399291992188,26.90576171875,52.087890625,0.46090927720069885,-1,-1,-1
369,228,3708.88720703125,690.7845458984375,27.34375,62.16448974609375,0.7018791437149048,-1,-1,-1
369,399,3795.06787109375,737.7039184570312,25.2587890625,95.05426025390625,0.6583945751190186,-1,-1,-1
369,403,3690.786376953125,533.390869140625,20.481201171875,45.81842041015625,0.4190983176231384,-1,-1,-1
369,404,4250.19189453125,548.7626342773438,18.47802734375,31.27655029296875,0.32764244079589844,-1,-1,-1
369,277,4143.09130859375,639.2894897460938,24.4990234375,51.7874755859375,0.582963764667511,-1,-1,-1
369,410,3435.692626953125,575.7279052734375,19.51708984375,38.12957763671875,0.4059969484806061,-1,-1,-1
369,381,3010.66357421875,515.6493530273438,20.0478515625,39.66009521484375,0.26433664560317993,-1,-1,-1
369,345,3935.65576171875,586.4461059570312,17.04345703125,33.96185302734375,0.525692343711853,-1,-1,-1
369,1,4319.83935546875,772.1281127929688,47.89111328125,94.74066162109375,0.5594448447227478,-1,-1,-1
370,2,4991.29150390625,806.768310546875,52.96630859375,105.85772705078125,0.7196656465530396,-1,-1,-1
370,378,4520.33740234375,622.7353515625,27.53662109375,51.657470703125,0.39558112621307373,-1,-1,-1
370,228,3710.10986328125,695.2592163085938,26.957275390625,61.4947509765625,0.6948120594024658,-1,-1,-1
370,399,3797.960693359375,739.032470703125,27.4853515625,93.437744140625,0.6871989369392395,-1,-1,-1
370,403,3689.2197265625,532.9937744140625,22.040771484375,46.45892333984375,0.4019623100757599,-1,-1,-1
370,404,4249.4638671875,548.9656372070312,18.40380859375,31.20245361328125,0.33153101801872253,-1,-1,-1
370,277,4142.23095703125,639.2291259765625,25.1826171875,53.14068603515625,0.5773519277572632,-1,-1,-1
370,410,3432.67578125,576.6548461914062,21.662841796875,37.90875244140625,0.26596972346305847,-1,-1,-1
370,381,3010.689453125,515.6074829101562,20.025634765625,39.758056640625,0.2769107520580292,-1,-1,-1
370,345,3934.031982421875,588.4273071289062,17.923095703125,36.5010986328125,0.4735395312309265,-1,-1,-1
370,1,4321.361328125,774.892333984375,45.33740234375,96.1475830078125,0.6790320873260498,-1,-1,-1
371,2,4990.38134765625,806.4622192382812,54.36865234375,106.55084228515625,0.7120206952095032,-1,-1,-1
371,378,4519.763671875,623.4782104492188,28.0947265625,50.635009765625,0.4117170572280884,-1,-1,-1
371,228,3711.6962890625,700.1845092773438,25.82568359375,61.6954345703125,0.7429044842720032,-1,-1,-1
371,399,3801.33740234375,740.5252075195312,27.81591796875,90.7930908203125,0.6116995811462402,-1,-1,-1
371,403,3688.3427734375,534.6006469726562,22.999267578125,45.408935546875,0.4210386872291565,-1,-1,-1
371,404,4248.5068359375,549.322265625,18.76806640625,31.49969482421875,0.25370025634765625,-1,-1,-1
371,277,4141.5302734375,640.3787231445312,24.51171875,52.8809814453125,0.5400784015655518,-1,-1,-1
371,381,3010.671142578125,515.5711669921875,20.096435546875,39.9599609375,0.2829502820968628,-1,-1,-1
371,345,3931.918701171875,589.7177124023438,18.95947265625,37.255615234375,0.5039598345756531,-1,-1,-1
371,1,4312.79296875,779.5265502929688,53.73388671875,97.14996337890625,0.6050534844398499,-1,-1,-1
372,2,4988.296875,806.2535400390625,56.4921875,106.82098388671875,0.718093991279602,-1,-1,-1
372,378,4518.76123046875,623.55615234375,28.5498046875,53.71173095703125,0.4887767732143402,-1,-1,-1
372,228,3712.6767578125,700.8250122070312,27.308349609375,64.41796875,0.7388530373573303,-1,-1,-1
372,399,3803.179931640625,742.7181396484375,29.06201171875,88.71600341796875,0.5500126481056213,-1,-1,-1
372,403,3687.3291015625,533.2207641601562,23.896240234375,46.34210205078125,0.40770021080970764,-1,-1,-1
372,277,4140.36083984375,641.22119140625,23.9052734375,52.1771240234375,0.5585274696350098,-1,-1,-1
372,381,3010.64794921875,515.560302734375,20.134033203125,40.2305908203125,0.2874611020088196,-1,-1,-1
372,345,3929.680419921875,588.8236694335938,19.89208984375,41.00970458984375,0.49039387702941895,-1,-1,-1
372,1,4311.048828125,784.5668334960938,57.67138671875,97.66357421875,0.6483491063117981,-1,-1,-1
373,2,4986.39013671875,806.1497192382812,58.41455078125,107.056640625,0.7354636788368225,-1,-1,-1
373,378,4517.5205078125,623.75634765625,29.783203125,56.2027587890625,0.5049881935119629,-1,-1,-1
373,228,3712.913330078125,699.6651000976562,31.327880859375,71.80352783203125,0.7272847294807434,-1,-1,-1
373,399,3805.2119140625,743.76953125,31.964599609375,89.85369873046875,0.5744379162788391,-1,-1,-1
373,403,3686.62646484375,532.0325317382812,24.396728515625,48.04693603515625,0.44344836473464966,-1,-1,-1
373,277,4138.26171875,644.6354370117188,24.7353515625,47.34234619140625,0.4621956944465637,-1,-1,-1
373,381,3010.644287109375,515.5059204101562,20.19580078125,40.44097900390625,0.30283859372138977,-1,-1,-1
373,345,3928.734375,589.859375,19.88916015625,42.5450439453125,0.5011669397354126,-1,-1,-1
373,1,4314.23388671875,786.804931640625,56.8818359375,99.15081787109375,0.7407488822937012,-1,-1,-1
373,410,3425.233154296875,578.0465087890625,21.566162109375,39.37396240234375,0.3201964199542999,-1,-1,-1
374,2,4985.2998046875,806.0914916992188,59.50341796875,107.23809814453125,0.7381324172019958,-1,-1,-1
374,378,4516.1494140625,624.0738525390625,31.15673828125,51.56158447265625,0.40466639399528503,-1,-1,-1
374,228,3712.909912109375,700.1854858398438,33.987548828125,76.25994873046875,0.662735104560852,-1,-1,-1
374,399,3810.2783203125,746.1287231445312,29.154052734375,90.2161865234375,0.6946278810501099,-1,-1,-1
374,403,3686.87744140625,528.8601684570312,23.966064453125,51.060546875,0.426423043012619,-1,-1,-1
374,277,4136.08447265625,644.3472290039062,27.0,51.76153564453125,0.5244700908660889,-1,-1,-1
374,381,3010.63525390625,515.4612426757812,20.22412109375,40.61578369140625,0.30380550026893616,-1,-1,-1
374,345,3927.554443359375,591.3977661132812,19.31005859375,42.27227783203125,0.47975969314575195,-1,-1,-1
374,1,4316.3310546875,788.4299926757812,55.69873046875,98.3822021484375,0.7639439702033997,-1,-1,-1
374,410,3423.124267578125,577.6521606445312,22.40283203125,42.029052734375,0.31398099660873413,-1,-1,-1
375,2,4984.0546875,806.097900390625,60.70703125,107.27142333984375,0.7473803758621216,-1,-1,-1
375,378,4515.5146484375,624.2525024414062,30.9208984375,48.3291015625,0.36808842420578003,-1,-1,-1
375,228,3716.89697265625,702.4252319335938,34.824951171875,76.46624755859375,0.5488195419311523,-1,-1,-1
375,399,3815.322509765625,750.2149047851562,28.5732421875,88.48980712890625,0.7482213377952576,-1,-1,-1
375,403,3686.75390625,527.2496948242188,23.78125,52.75543212890625,0.4031014144420624,-1,-1,-1
375,277,4134.189453125,646.541259765625,28.26904296875,52.9951171875,0.5387176871299744,-1,-1,-1
375,381,3010.608642578125,515.446533203125,20.266357421875,40.7266845703125,0.30145710706710815,-1,-1,-1
375,345,3927.095947265625,593.4481201171875,18.291015625,39.6890869140625,0.4110454022884369,-1,-1,-1
375,1,4319.74365234375,788.2293701171875,51.9619140625,98.0350341796875,0.7287006974220276,-1,-1,-1
375,410,3422.9013671875,575.6820068359375,20.345458984375,45.9964599609375,0.38346654176712036,-1,-1,-1
376,2,4982.90087890625,806.056884765625,61.73193359375,107.4091796875,0.7417436242103577,-1,-1,-1
376,378,4514.6650390625,623.9714965820312,30.32861328125,49.25457763671875,0.4112115204334259,-1,-1,-1
376,228,3721.16845703125,705.4475708007812,33.130615234375,73.911376953125,0.6355093121528625,-1,-1,-1
376,399,3819.29345703125,753.4575805664062,29.1787109375,83.02423095703125,0.7852794528007507,-1,-1,-1
376,403,3686.471923828125,526.8601684570312,24.001953125,53.4608154296875,0.4014243483543396,-1,-1,-1
376,277,4132.53125,647.20751953125,28.47021484375,53.55560302734375,0.5320248603820801,-1,-1,-1
376,381,3010.640869140625,515.4788208007812,20.285400390625,40.760986328125,0.29002252221107483,-1,-1,-1
376,345,3927.136962890625,594.2323608398438,17.835693359375,38.0938720703125,0.3927212655544281,-1,-1,-1
376,1,4322.18603515625,787.3986206054688,50.0615234375,98.1873779296875,0.6998826861381531,-1,-1,-1
376,410,3421.85693359375,574.5087890625,19.303466796875,50.7447509765625,0.4731411039829254,-1,-1,-1
377,2,4982.34228515625,806.0809936523438,62.28662109375,107.39508056640625,0.7413422465324402,-1,-1,-1
377,378,4512.54345703125,623.6422729492188,32.04052734375,53.04022216796875,0.40715405344963074,-1,-1,-1
377,228,3725.223876953125,706.6416625976562,30.6103515625,74.40533447265625,0.6338784694671631,-1,-1,-1
377,399,3820.753662109375,754.6988525390625,33.51904296875,83.25689697265625,0.7312934994697571,-1,-1,-1
377,403,3686.008544921875,527.0364990234375,24.351318359375,53.3729248046875,0.36167195439338684,-1,-1,-1
377,277,4130.5947265625,651.279541015625,29.36572265625,50.92681884765625,0.43397408723831177,-1,-1,-1
377,381,3010.665771484375,515.5626831054688,20.277587890625,40.7747802734375,0.302010178565979,-1,-1,-1
377,345,3925.927734375,594.7693481445312,17.567138671875,39.1500244140625,0.4063241183757782,-1,-1,-1
377,1,4325.94140625,786.6837158203125,46.5,98.45892333984375,0.73419588804245,-1,-1,-1
377,410,3420.045654296875,573.764404296875,19.503173828125,47.95941162109375,0.4170304834842682,-1,-1,-1
378,2,4982.29638671875,806.1155395507812,62.33203125,107.3267822265625,0.7362897396087646,-1,-1,-1
378,378,4510.87744140625,623.9204711914062,33.32861328125,55.00897216796875,0.4206613004207611,-1,-1,-1
378,228,3728.363037109375,707.5174560546875,28.75634765625,74.31280517578125,0.5820415019989014,-1,-1,-1
378,399,3823.345458984375,755.9779663085938,35.967041015625,85.140380859375,0.6683376431465149,-1,-1,-1
378,403,3685.65087890625,526.3637084960938,24.63232421875,53.64501953125,0.3405906856060028,-1,-1,-1
378,277,4129.34716796875,653.45068359375,29.90380859375,49.08074951171875,0.42386916279792786,-1,-1,-1
378,381,3010.64111328125,515.43115234375,20.330810546875,40.90740966796875,0.31083929538726807,-1,-1,-1
378,345,3924.230712890625,595.4186401367188,18.523681640625,38.7418212890625,0.38071829080581665,-1,-1,-1
378,1,4329.92236328125,785.1068115234375,44.38720703125,98.68829345703125,0.7209261059761047,-1,-1,-1
378,410,3417.068115234375,575.6624145507812,21.3310546875,49.1005859375,0.4980408847332001,-1,-1,-1
379,2,4982.486328125,806.1045532226562,62.16259765625,107.30316162109375,0.7314081192016602,-1,-1,-1
379,378,4509.42626953125,627.0960083007812,33.43310546875,50.5567626953125,0.2619839906692505,-1,-1,-1
379,228,3730.21435546875,708.6214599609375,29.344482421875,73.9281005859375,0.5884714126586914,-1,-1,-1
379,399,3825.687744140625,756.8609619140625,35.8642578125,83.4920654296875,0.6379026174545288,-1,-1,-1
379,403,3684.51220703125,528.0676879882812,24.118408203125,51.9056396484375,0.2951149344444275,-1,-1,-1
379,277,4129.060546875,655.2075805664062,29.0986328125,46.97808837890625,0.36940616369247437,-1,-1,-1
379,381,3010.623046875,515.5043334960938,20.337646484375,40.74664306640625,0.295281320810318,-1,-1,-1
379,345,3921.43310546875,594.0797119140625,21.223388671875,41.84832763671875,0.38436102867126465,-1,-1,-1
379,1,4333.2236328125,784.7562866210938,42.2685546875,96.46044921875,0.7016781568527222,-1,-1,-1
379,410,3415.509521484375,578.5811157226562,21.321044921875,43.34149169921875,0.4312860071659088,-1,-1,-1
379,404,4236.990234375,550.0715942382812,21.45703125,31.81829833984375,0.31951242685317993,-1,-1,-1
380,2,4982.68701171875,805.9166870117188,61.88916015625,107.4495849609375,0.7198237180709839,-1,-1,-1
380,228,3731.690673828125,710.5637817382812,30.7822265625,73.6396484375,0.6528979539871216,-1,-1,-1
380,399,3826.499755859375,756.914306640625,38.307861328125,85.29937744140625,0.5875086784362793,-1,-1,-1
380,403,3683.72265625,531.5681762695312,23.52490234375,49.39312744140625,0.28163012862205505,-1,-1,-1
380,277,4129.08544921875,655.9041137695312,28.28955078125,47.05963134765625,0.3766913115978241,-1,-1,-1
380,381,3010.4990234375,515.3309326171875,20.468994140625,40.880859375,0.27934709191322327,-1,-1,-1
380,345,3918.93310546875,593.9688720703125,23.50341796875,42.1488037109375,0.258929044008255,-1,-1,-1
380,1,4335.49951171875,785.429443359375,40.81005859375,96.80743408203125,0.6639074683189392,-1,-1,-1
380,410,3412.062255859375,581.3621826171875,20.79248046875,41.6727294921875,0.4808662533760071,-1,-1,-1
380,404,4236.40185546875,551.0436401367188,19.623046875,32.052978515625,0.41178473830223083,-1,-1,-1
381,2,4982.9716796875,805.59765625,61.5263671875,107.8123779296875,0.7285460829734802,-1,-1,-1
381,228,3735.259521484375,711.3672485351562,29.07568359375,75.3997802734375,0.7243772149085999,-1,-1,-1
381,399,3828.978271484375,756.8203125,36.8515625,86.380615234375,0.6151001453399658,-1,-1,-1
381,403,3683.8515625,531.436767578125,23.129638671875,50.22015380859375,0.27630361914634705,-1,-1,-1
381,277,4129.11865234375,656.82568359375,28.4853515625,46.39068603515625,0.3787248134613037,-1,-1,-1
381,381,3010.486572265625,515.2574462890625,20.455810546875,40.90936279296875,0.2632864713668823,-1,-1,-1
381,1,4335.5849609375,785.9735107421875,42.91552734375,99.05810546875,0.6863095164299011,-1,-1,-1
381,410,3410.06640625,583.835205078125,20.023193359375,40.9306640625,0.4293472170829773,-1,-1,-1
381,404,4235.7939453125,552.4172973632812,17.2685546875,31.91162109375,0.49900996685028076,-1,-1,-1
382,2,4983.46533203125,805.2234497070312,60.8525390625,108.21649169921875,0.7278556227684021,-1,-1,-1
382,228,3738.142822265625,711.13525390625,27.5703125,79.650390625,0.7203241586685181,-1,-1,-1
382,399,3830.2138671875,756.6541748046875,37.269287109375,86.98583984375,0.5419303178787231,-1,-1,-1
382,403,3683.629638671875,532.9856567382812,22.63720703125,48.92041015625,0.25864431262016296,-1,-1,-1
382,277,4128.85107421875,657.6139526367188,28.6279296875,51.30975341796875,0.44264277815818787,-1,-1,-1
382,381,3010.390380859375,515.1790161132812,20.612548828125,41.09259033203125,0.2766183018684387,-1,-1,-1
382,1,4333.9140625,786.4815673828125,47.712890625,100.4674072265625,0.7291969656944275,-1,-1,-1
382,410,3407.789794921875,584.9650268554688,20.74755859375,41.1253662109375,0.3638181686401367,-1,-1,-1
382,404,4235.62353515625,550.6770629882812,16.21875,34.7020263671875,0.5383175015449524,-1,-1,-1
382,345,3917.6376953125,596.3585815429688,24.17138671875,41.759765625,0.3138386607170105,-1,-1,-1
383,2,4984.82470703125,805.0084228515625,59.6787109375,108.5361328125,0.7358224391937256,-1,-1,-1
383,228,3741.44970703125,711.84033203125,26.486083984375,81.21966552734375,0.7429273724555969,-1,-1,-1
383,399,3831.882080078125,757.3285522460938,35.289794921875,86.8482666015625,0.5364408493041992,-1,-1,-1
383,403,3683.449462890625,532.7312622070312,22.34521484375,49.81878662109375,0.2581823766231537,-1,-1,-1
383,277,4128.6416015625,657.7920532226562,29.3193359375,56.09515380859375,0.391976535320282,-1,-1,-1
383,381,3010.37646484375,515.1924438476562,20.623046875,40.99859619140625,0.26197752356529236,-1,-1,-1
383,1,4330.6279296875,787.7623291015625,52.32666015625,99.99908447265625,0.7069281339645386,-1,-1,-1
383,410,3404.74072265625,586.6238403320312,23.369873046875,40.4293212890625,0.2634151577949524,-1,-1,-1
383,404,4235.60205078125,552.8069458007812,15.90625,33.43695068359375,0.48349860310554504,-1,-1,-1
384,2,4985.818359375,804.6738891601562,58.90234375,108.91424560546875,0.7281780242919922,-1,-1,-1
384,228,3743.42578125,712.7133178710938,27.530517578125,83.5068359375,0.7106555700302124,-1,-1,-1
384,399,3833.98974609375,756.6636962890625,32.160888671875,87.016845703125,0.5293284058570862,-1,-1,-1
384,277,4128.40673828125,659.5792846679688,29.98291015625,58.31591796875,0.4795528054237366,-1,-1,-1
384,381,3010.46875,515.1357421875,20.248779296875,40.74481201171875,0.26022869348526,-1,-1,-1
384,1,4327.728515625,788.5789794921875,54.99853515625,99.0357666015625,0.7126839756965637,-1,-1,-1
384,404,4234.2099609375,556.6823120117188,15.7421875,29.02947998046875,0.3967149257659912,-1,-1,-1
384,378,4505.80908203125,629.365478515625,33.3349609375,49.06536865234375,0.28787416219711304,-1,-1,-1
385,2,4987.185546875,804.5695190429688,57.7119140625,109.15185546875,0.72904372215271,-1,-1,-1
385,228,3745.4765625,714.052734375,28.54736328125,82.63861083984375,0.6634918451309204,-1,-1,-1
385,399,3834.85302734375,756.7885131835938,30.739013671875,86.560791015625,0.5354395508766174,-1,-1,-1
385,277,4128.3291015625,660.5895385742188,29.744140625,60.3070068359375,0.4936116933822632,-1,-1,-1
385,381,3010.4599609375,515.1503295898438,20.18310546875,40.74755859375,0.2689635455608368,-1,-1,-1
385,1,4328.44921875,789.4441528320312,53.40380859375,97.6513671875,0.7098055481910706,-1,-1,-1
385,404,4233.77734375,558.3156127929688,15.6103515625,27.52850341796875,0.3922324478626251,-1,-1,-1
385,378,4505.9296875,629.0006713867188,33.5859375,48.5025634765625,0.3129930794239044,-1,-1,-1
386,2,4988.76416015625,804.3612670898438,56.20556640625,109.614013671875,0.734225332736969,-1,-1,-1
386,228,3746.281494140625,714.447509765625,30.2041015625,84.90155029296875,0.6906530261039734,-1,-1,-1
386,399,3835.938232421875,755.9050903320312,30.45068359375,88.61920166015625,0.6604778170585632,-1,-1,-1
386,277,4128.2119140625,662.7885131835938,30.01318359375,57.867431640625,0.4806266129016876,-1,-1,-1
386,381,3010.51611328125,515.0250854492188,20.08740234375,41.13629150390625,0.2901570498943329,-1,-1,-1
386,1,4331.302734375,788.3399047851562,50.0732421875,99.62811279296875,0.7536260485649109,-1,-1,-1
386,404,4233.11669921875,554.163330078125,15.6845703125,29.66058349609375,0.45800894498825073,-1,-1,-1
386,378,4505.91943359375,628.1319580078125,34.751953125,49.0250244140625,0.3313036262989044,-1,-1,-1
386,345,3912.60302734375,596.309326171875,23.950927734375,43.44512939453125,0.2693421244621277,-1,-1,-1
386,403,3681.423828125,537.4391479492188,20.995361328125,45.1119384765625,0.26493534445762634,-1,-1,-1
386,410,3397.192138671875,582.4800415039062,26.77392578125,46.58746337890625,0.32206347584724426,-1,-1,-1
387,2,4990.14892578125,804.4915161132812,54.91845703125,109.8367919921875,0.7461094856262207,-1,-1,-1
387,228,3748.388671875,716.814697265625,31.076904296875,86.38720703125,0.6101766228675842,-1,-1,-1
387,399,3838.083984375,756.5657958984375,28.802734375,88.1368408203125,0.7245080471038818,-1,-1,-1
387,277,4128.12060546875,664.6600341796875,29.2255859375,57.0419921875,0.4982163906097412,-1,-1,-1
387,381,3010.688720703125,514.748779296875,19.9716796875,41.78790283203125,0.30479368567466736,-1,-1,-1
387,1,4333.796875,789.96044921875,46.38623046875,98.39422607421875,0.7278690934181213,-1,-1,-1
387,404,4231.921875,551.85107421875,16.021484375,30.64398193359375,0.42666471004486084,-1,-1,-1
387,378,4505.65673828125,627.2999877929688,36.017578125,52.2958984375,0.3919144868850708,-1,-1,-1
387,345,3912.155029296875,596.7640991210938,23.67919921875,43.7769775390625,0.34406086802482605,-1,-1,-1
387,403,3681.444580078125,538.3023071289062,20.31005859375,43.90423583984375,0.2746511697769165,-1,-1,-1
387,410,3395.24609375,581.8455810546875,26.661376953125,48.35772705078125,0.5072027444839478,-1,-1,-1
388,2,4990.58251953125,804.5592651367188,54.43603515625,109.833740234375,0.7452983260154724,-1,-1,-1
388,228,3750.077880859375,718.9923095703125,31.20654296875,84.6722412109375,0.6801939010620117,-1,-1,-1
388,399,3839.381591796875,759.1389770507812,29.63720703125,86.55047607421875,0.6682175397872925,-1,-1,-1
388,277,4128.283203125,665.703369140625,28.76171875,56.83770751953125,0.5028186440467834,-1,-1,-1
388,381,3010.834228515625,514.6566772460938,19.82470703125,42.34466552734375,0.29465678334236145,-1,-1,-1
388,1,4333.173828125,791.1072387695312,47.65234375,100.11273193359375,0.7705786228179932,-1,-1,-1
388,404,4230.0498046875,552.5118408203125,17.181640625,29.5731201171875,0.41819679737091064,-1,-1,-1
388,378,4506.0751953125,626.66796875,36.47216796875,54.91119384765625,0.4465273916721344,-1,-1,-1
388,345,3911.989990234375,597.47509765625,23.02880859375,45.607666015625,0.41432344913482666,-1,-1,-1
388,403,3681.16796875,538.2735595703125,20.928955078125,43.88543701171875,0.3077614903450012,-1,-1,-1
388,410,3392.28076171875,586.0138549804688,24.254150390625,47.70806884765625,0.5848745107650757,-1,-1,-1
389,2,4990.9384765625,804.8215942382812,54.0029296875,110.01397705078125,0.7605057954788208,-1,-1,-1
389,228,3751.122314453125,720.1744384765625,31.377197265625,83.76019287109375,0.7141078114509583,-1,-1,-1
389,399,3840.040283203125,759.5459594726562,30.286865234375,88.354736328125,0.695186197757721,-1,-1,-1
389,277,4128.63671875,664.9888916015625,28.35791015625,61.6007080078125,0.5926452875137329,-1,-1,-1
389,381,3010.822265625,514.5367431640625,19.779541015625,42.56146240234375,0.2897997796535492,-1,-1,-1
389,1,4332.00830078125,793.8568115234375,48.37646484375,98.5631103515625,0.7508832812309265,-1,-1,-1
389,404,4228.025390625,551.8367919921875,17.11572265625,31.387939453125,0.4178485572338104,-1,-1,-1
389,378,4506.4091796875,627.30224609375,36.65380859375,56.17266845703125,0.4186703562736511,-1,-1,-1
389,345,3911.88232421875,597.7647705078125,21.409423828125,45.53411865234375,0.492092490196228,-1,-1,-1
389,403,3680.92333984375,539.9122314453125,20.87255859375,42.002685546875,0.3118002116680145,-1,-1,-1
389,410,3389.85400390625,588.637939453125,23.430419921875,46.0721435546875,0.5488958358764648,-1,-1,-1
390,2,4991.08837890625,804.9432983398438,53.71240234375,109.354736328125,0.7439619302749634,-1,-1,-1
390,228,3752.359375,722.5797729492188,30.91455078125,81.20294189453125,0.7222703099250793,-1,-1,-1
390,399,3841.413330078125,760.22509765625,31.174560546875,90.272216796875,0.6987283229827881,-1,-1,-1
390,277,4129.1943359375,667.5729370117188,28.19140625,63.067626953125,0.5868486762046814,-1,-1,-1
390,381,3010.8583984375,514.5999145507812,19.7802734375,42.6046142578125,0.2963307201862335,-1,-1,-1
390,1,4330.53955078125,797.855712890625,48.64208984375,96.61480712890625,0.7618685960769653,-1,-1,-1
390,404,4226.50048828125,554.4537353515625,17.1328125,28.95599365234375,0.3795086145401001,-1,-1,-1
390,378,4506.587890625,627.392822265625,37.0595703125,58.20196533203125,0.38823631405830383,-1,-1,-1
390,345,3911.792724609375,597.5634155273438,20.061767578125,44.5726318359375,0.5583639144897461,-1,-1,-1
390,403,3680.978271484375,540.5091552734375,20.828125,41.1458740234375,0.29743555188179016,-1,-1,-1
390,410,3387.926025390625,589.7327270507812,23.325927734375,45.19635009765625,0.4920276999473572,-1,-1,-1
391,2,4990.72998046875,805.046875,54.14794921875,109.62353515625,0.7613640427589417,-1,-1,-1
391,228,3753.251220703125,723.6630249023438,30.462158203125,80.1536865234375,0.7775341868400574,-1,-1,-1
391,399,3841.11474609375,763.0741577148438,34.59619140625,91.5462646484375,0.7560978531837463,-1,-1,-1
391,277,4129.62939453125,667.878662109375,28.26318359375,66.14483642578125,0.6297436952590942,-1,-1,-1
391,381,3010.681640625,514.510009765625,20.020751953125,42.84454345703125,0.29063183069229126,-1,-1,-1
391,1,4328.45263671875,800.6014404296875,51.10009765625,94.2486572265625,0.7779723405838013,-1,-1,-1
391,404,4225.1494140625,557.1160888671875,16.58984375,26.0611572265625,0.3452030420303345,-1,-1,-1
391,378,4507.01611328125,626.7153930664062,36.8125,62.7142333984375,0.5359872579574585,-1,-1,-1
391,345,3911.711181640625,597.7848510742188,18.949462890625,47.46197509765625,0.6114338040351868,-1,-1,-1
391,403,3680.571044921875,540.6638793945312,21.073974609375,41.0672607421875,0.3105870485305786,-1,-1,-1
391,410,3384.815673828125,591.7598266601562,20.997314453125,43.38848876953125,0.3766133785247803,-1,-1,-1
392,2,4990.02197265625,805.220458984375,54.7763671875,109.58984375,0.7646327018737793,-1,-1,-1
392,228,3754.5537109375,724.34716796875,29.542724609375,80.72955322265625,0.7942511439323425,-1,-1,-1
392,399,3842.95166015625,766.2413940429688,34.064453125,90.9820556640625,0.7534626126289368,-1,-1,-1
392,277,4130.67822265625,671.4180297851562,26.947265625,66.7490234375,0.6025959253311157,-1,-1,-1
392,381,3010.760986328125,514.5037231445312,19.85302734375,42.614501953125,0.2861476242542267,-1,-1,-1
392,1,4326.77294921875,801.955078125,51.5849609375,93.183837890625,0.7741616368293762,-1,-1,-1
392,404,4224.32958984375,557.9434204101562,16.43701171875,25.80792236328125,0.3348526358604431,-1,-1,-1
392,378,4507.68212890625,626.8787841796875,36.24755859375,64.47491455078125,0.5536728501319885,-1,-1,-1
392,345,3911.1572265625,601.3509521484375,18.032470703125,43.59307861328125,0.4271408021450043,-1,-1,-1
392,403,3680.60986328125,541.0532836914062,21.02734375,40.3612060546875,0.2889947295188904,-1,-1,-1
392,410,3383.175048828125,592.0811157226562,19.86376953125,43.02056884765625,0.4304601550102234,-1,-1,-1
393,2,4988.99560546875,805.4176025390625,55.43017578125,109.2681884765625,0.765972912311554,-1,-1,-1
393,228,3755.880615234375,724.9094848632812,29.17724609375,81.02191162109375,0.7928416728973389,-1,-1,-1
393,399,3841.636474609375,767.55322265625,36.114990234375,92.446533203125,0.7843155264854431,-1,-1,-1
393,277,4130.890625,676.9163208007812,26.25390625,64.300537109375,0.5871954560279846,-1,-1,-1
393,381,3010.890625,514.743408203125,19.578125,42.377197265625,0.2950238883495331,-1,-1,-1
393,1,4324.900390625,802.2723388671875,51.9189453125,92.906982421875,0.7778735160827637,-1,-1,-1
393,404,4223.16455078125,559.0384521484375,16.7119140625,24.70220947265625,0.303472101688385,-1,-1,-1
393,378,4508.06982421875,628.0753173828125,35.849609375,63.7069091796875,0.5216369032859802,-1,-1,-1
393,345,3910.623291015625,601.75732421875,17.160400390625,42.71075439453125,0.4669068455696106,-1,-1,-1
393,403,3680.391845703125,541.7468872070312,20.96923828125,39.34295654296875,0.2925281822681427,-1,-1,-1
393,410,3381.15185546875,592.465087890625,20.202880859375,45.75042724609375,0.3719917833805084,-1,-1,-1
394,2,4988.47900390625,805.7382202148438,55.6630859375,108.64849853515625,0.7532435059547424,-1,-1,-1
394,228,3756.93603515625,724.7899780273438,30.309326171875,81.2613525390625,0.7736217975616455,-1,-1,-1
394,399,3842.689697265625,769.1729736328125,34.05615234375,94.6558837890625,0.7989214658737183,-1,-1,-1
394,277,4129.89892578125,681.1288452148438,27.4853515625,61.602783203125,0.5391638278961182,-1,-1,-1
394,381,3011.118896484375,514.8316650390625,19.200439453125,42.1424560546875,0.29634901881217957,-1,-1,-1
394,1,4323.92626953125,802.3588256835938,51.2080078125,92.62744140625,0.7831286787986755,-1,-1,-1
394,404,4222.591796875,559.4801635742188,16.90966796875,25.0111083984375,0.25844860076904297,-1,-1,-1
394,378,4509.01513671875,629.894775390625,34.685546875,61.78692626953125,0.464589923620224,-1,-1,-1
394,345,3910.410888671875,601.993896484375,16.79296875,41.350341796875,0.46719563007354736,-1,-1,-1
395,2,4988.15087890625,806.3549194335938,55.75244140625,108.083251953125,0.7484589219093323,-1,-1,-1
395,228,3757.796875,724.9337158203125,33.712646484375,83.1220703125,0.7808964252471924,-1,-1,-1
395,399,3843.54931640625,770.978515625,33.354736328125,97.24176025390625,0.8260759711265564,-1,-1,-1
395,277,4129.21044921875,682.3438720703125,29.283203125,60.8328857421875,0.5487611889839172,-1,-1,-1
395,381,3011.11181640625,515.0521850585938,18.685791015625,41.6646728515625,0.28547337651252747,-1,-1,-1
395,1,4323.146484375,801.8444213867188,49.68310546875,93.17205810546875,0.7939364314079285,-1,-1,-1
395,378,4509.849609375,631.4683837890625,34.60009765625,62.56195068359375,0.4640157222747803,-1,-1,-1
395,345,3909.037353515625,602.3235473632812,17.126953125,41.20953369140625,0.33233726024627686,-1,-1,-1
395,410,3375.1826171875,589.4756469726562,20.9638671875,51.712890625,0.37471023201942444,-1,-1,-1
396,2,4988.5927734375,806.693603515625,55.00634765625,107.7108154296875,0.745688259601593,-1,-1,-1
396,228,3758.64794921875,725.384521484375,33.79248046875,83.1512451171875,0.7775996327400208,-1,-1,-1
396,399,3843.573974609375,772.2996826171875,33.776123046875,98.66845703125,0.8150733113288879,-1,-1,-1
396,277,4127.96044921875,681.4256591796875,30.3466796875,61.73187255859375,0.5955004692077637,-1,-1,-1
396,381,3011.064697265625,515.0703125,18.5009765625,41.70025634765625,0.2852296233177185,-1,-1,-1
396,1,4323.134765625,801.0556640625,47.18994140625,94.63818359375,0.7995253801345825,-1,-1,-1
396,378,4513.26953125,633.2719116210938,32.16357421875,55.82275390625,0.4341980814933777,-1,-1,-1
396,345,3907.43994140625,601.8501586914062,18.32177734375,41.6763916015625,0.35755130648612976,-1,-1,-1
396,410,3372.385498046875,590.9686279296875,20.67578125,51.96051025390625,0.5065110921859741,-1,-1,-1
397,2,4987.85595703125,807.035888671875,55.29345703125,106.9051513671875,0.721810519695282,-1,-1,-1
397,228,3759.543701171875,727.4696044921875,33.14306640625,82.0845947265625,0.7738465666770935,-1,-1,-1
397,399,3843.884033203125,773.0537109375,35.9091796875,99.716552734375,0.8256206512451172,-1,-1,-1
397,277,4127.16650390625,683.9541625976562,29.98193359375,62.5643310546875,0.6314088106155396,-1,-1,-1
397,381,3010.88427734375,515.0994262695312,18.556396484375,41.06854248046875,0.2801409065723419,-1,-1,-1
397,1,4321.4990234375,799.3155517578125,47.07373046875,93.274169921875,0.7539904117584229,-1,-1,-1
397,378,4515.62744140625,634.9710083007812,31.1044921875,52.17681884765625,0.41597288846969604,-1,-1,-1
397,345,3905.8876953125,602.4114379882812,19.59765625,41.52606201171875,0.4197178781032562,-1,-1,-1
397,410,3370.29296875,592.4268188476562,20.204345703125,51.25830078125,0.4161268472671509,-1,-1,-1
398,2,4986.69677734375,807.1580810546875,55.6484375,106.34027099609375,0.7062628269195557,-1,-1,-1
398,228,3759.62841796875,729.6400756835938,33.616943359375,80.9112548828125,0.7650246620178223,-1,-1,-1
398,399,3844.189453125,773.3778076171875,36.7724609375,99.21612548828125,0.827946662902832,-1,-1,-1
398,277,4126.3359375,685.02294921875,30.04052734375,63.6513671875,0.6528094410896301,-1,-1,-1
398,381,3010.70263671875,514.9925537109375,18.666748046875,41.543212890625,0.282697856426239,-1,-1,-1
398,1,4319.11376953125,798.0974731445312,49.10107421875,94.8094482421875,0.7303506731987,-1,-1,-1
398,378,4517.1982421875,636.228515625,30.95703125,51.565185546875,0.47936633229255676,-1,-1,-1
398,345,3904.28564453125,602.4879760742188,20.945068359375,46.295166015625,0.4614473879337311,-1,-1,-1
398,410,3369.37255859375,594.4813842773438,18.619140625,50.11322021484375,0.41663068532943726,-1,-1,-1
399,2,4984.619140625,807.5034790039062,57.1611328125,106.042724609375,0.7265308499336243,-1,-1,-1
399,228,3760.201904296875,732.18310546875,33.048095703125,78.97625732421875,0.7349209189414978,-1,-1,-1
399,399,3844.47900390625,773.573974609375,36.76611328125,98.81134033203125,0.8344172239303589,-1,-1,-1
399,277,4125.47802734375,686.55908203125,29.9267578125,66.61383056640625,0.653293251991272,-1,-1,-1
399,381,3010.530517578125,515.0162353515625,19.025634765625,40.984619140625,0.2674681544303894,-1,-1,-1
399,1,4319.83056640625,797.3133544921875,47.36572265625,96.37078857421875,0.7362409234046936,-1,-1,-1
399,378,4518.78125,637.8789672851562,31.189453125,52.37384033203125,0.519818127155304,-1,-1,-1
399,345,3903.38427734375,603.00244140625,21.1083984375,48.59136962890625,0.4936000108718872,-1,-1,-1
399,410,3367.168701171875,596.72265625,17.9345703125,47.5518798828125,0.45805346965789795,-1,-1,-1
400,2,4983.77294921875,807.8825073242188,57.484375,105.56707763671875,0.7342457175254822,-1,-1,-1
400,228,3760.219970703125,733.4082641601562,32.83154296875,78.4339599609375,0.7079498767852783,-1,-1,-1
400,399,3844.451171875,773.4490966796875,36.545654296875,99.42578125,0.8351446390151978,-1,-1,-1
400,277,4125.16943359375,689.5037841796875,29.970703125,68.7197265625,0.6305961012840271,-1,-1,-1
400,1,4316.0986328125,797.6231689453125,50.3525390625,97.16827392578125,0.7124660015106201,-1,-1,-1
400,378,4518.75048828125,639.0238647460938,32.95751953125,52.10174560546875,0.48300230503082275,-1,-1,-1
400,345,3902.42919921875,603.1002807617188,20.562255859375,46.9271240234375,0.49406376481056213,-1,-1,-1
400,410,3365.822265625,597.7592163085938,17.626953125,43.916015625,0.3009905219078064,-1,-1,-1
401,2,4982.3623046875,808.4635620117188,58.09130859375,104.91070556640625,0.7360839247703552,-1,-1,-1
401,228,3759.87109375,733.4342651367188,32.932861328125,78.8028564453125,0.7074217796325684,-1,-1,-1
401,399,3844.483154296875,773.0344848632812,36.1337890625,101.204345703125,0.8416821360588074,-1,-1,-1
401,277,4125.173828125,690.2506713867188,31.60888671875,69.46343994140625,0.6487752199172974,-1,-1,-1
401,1,4308.490234375,797.5773315429688,56.93310546875,97.502685546875,0.6784461736679077,-1,-1,-1
401,378,4521.31494140625,639.5938110351562,33.3291015625,51.84747314453125,0.5188104510307312,-1,-1,-1
401,345,3900.908203125,604.682373046875,19.696044921875,43.8275146484375,0.4054563343524933,-1,-1,-1
401,410,3363.807861328125,597.9262084960938,18.593017578125,43.01239013671875,0.4562987983226776,-1,-1,-1
402,2,4982.26171875,809.0646362304688,57.654296875,104.0755615234375,0.720133900642395,-1,-1,-1
402,228,3758.567626953125,733.1881103515625,34.276611328125,79.79522705078125,0.7158243656158447,-1,-1,-1
402,399,3844.296875,774.0545654296875,35.705322265625,102.25592041015625,0.8393095135688782,-1,-1,-1
402,277,4126.19970703125,691.388427734375,30.28564453125,69.15277099609375,0.6767936944961548,-1,-1,-1
402,1,4301.65625,797.1742553710938,62.65185546875,97.233642578125,0.6993779540061951,-1,-1,-1
402,378,4522.2451171875,640.0136108398438,34.36181640625,51.343994140625,0.5130025744438171,-1,-1,-1
402,345,3899.64208984375,607.671630859375,20.51025390625,41.395263671875,0.40934160351753235,-1,-1,-1
402,410,3361.263916015625,598.3897705078125,19.906982421875,43.91522216796875,0.4719800353050232,-1,-1,-1
403,2,4980.36865234375,809.8005981445312,59.01806640625,103.42401123046875,0.734969973564148,-1,-1,-1
403,228,3757.24462890625,733.010498046875,34.7060546875,80.70733642578125,0.7227120399475098,-1,-1,-1
403,399,3843.904541015625,775.986572265625,35.801513671875,102.71234130859375,0.8370136618614197,-1,-1,-1
403,277,4127.54345703125,694.6929931640625,29.736328125,69.481689453125,0.6236835718154907,-1,-1,-1
403,1,4299.576171875,796.4922485351562,64.05517578125,96.27008056640625,0.722005307674408,-1,-1,-1
403,378,4524.0810546875,639.3458251953125,34.5361328125,52.69537353515625,0.5188953280448914,-1,-1,-1
403,345,3898.898193359375,608.591552734375,19.63525390625,41.53094482421875,0.4448886215686798,-1,-1,-1
403,410,3359.000244140625,597.9620971679688,19.853271484375,43.29010009765625,0.4351195991039276,-1,-1,-1
404,2,4978.515625,810.1133422851562,60.27490234375,103.37353515625,0.7319082021713257,-1,-1,-1
404,228,3755.579833984375,733.1006469726562,33.4736328125,81.10052490234375,0.6445450186729431,-1,-1,-1
404,399,3843.361328125,777.8308715820312,34.0791015625,103.83953857421875,0.8263927102088928,-1,-1,-1
404,277,4126.8515625,699.2674560546875,30.80224609375,71.45526123046875,0.5963144302368164,-1,-1,-1
404,1,4302.76025390625,795.3522338867188,58.77001953125,96.45196533203125,0.7562369704246521,-1,-1,-1
404,378,4526.0068359375,639.954345703125,34.2333984375,52.28387451171875,0.44956737756729126,-1,-1,-1
404,345,3897.70849609375,610.0971069335938,19.621826171875,40.8763427734375,0.3590801954269409,-1,-1,-1
404,410,3353.87109375,597.7299194335938,21.801025390625,45.5242919921875,0.4433124363422394,-1,-1,-1
405,2,4977.416015625,810.33056640625,60.798828125,103.01708984375,0.7273022532463074,-1,-1,-1
405,228,3754.0546875,732.7517700195312,33.383544921875,81.69085693359375,0.6818012595176697,-1,-1,-1
405,399,3843.66796875,780.9589233398438,31.7822265625,100.9644775390625,0.8014139533042908,-1,-1,-1
405,277,4124.9833984375,703.6036987304688,33.61474609375,72.331787109375,0.6173973679542542,-1,-1,-1
405,1,4307.357421875,793.1543579101562,53.27490234375,99.59051513671875,0.7576231360435486,-1,-1,-1
405,378,4527.3212890625,641.745849609375,36.02294921875,52.47747802734375,0.3448443114757538,-1,-1,-1
405,345,3896.414306640625,610.1314086914062,19.958740234375,40.35687255859375,0.372690349817276,-1,-1,-1
405,410,3350.652099609375,597.8817749023438,23.68896484375,47.00726318359375,0.43555283546447754,-1,-1,-1
405,404,4209.27197265625,562.6219482421875,16.23828125,27.40032958984375,0.26006945967674255,-1,-1,-1
406,2,4977.18603515625,810.4766845703125,60.66748046875,102.188232421875,0.7284924983978271,-1,-1,-1
406,228,3751.95947265625,732.2694702148438,34.701416015625,82.98980712890625,0.7123100757598877,-1,-1,-1
406,399,3843.616455078125,784.0228271484375,30.587646484375,98.9190673828125,0.7949249744415283,-1,-1,-1
406,277,4123.65478515625,708.303955078125,36.05712890625,70.58160400390625,0.599325954914093,-1,-1,-1
406,1,4311.6357421875,791.8688354492188,48.85595703125,101.50982666015625,0.770950973033905,-1,-1,-1
406,378,4529.2685546875,643.2920532226562,35.982421875,49.3621826171875,0.2660979628562927,-1,-1,-1
406,345,3895.10986328125,609.7667236328125,20.890380859375,42.43572998046875,0.4057711958885193,-1,-1,-1
406,410,3348.53125,597.8667602539062,24.9462890625,49.134033203125,0.3726131319999695,-1,-1,-1
406,446,3984.404052734375,521.0321044921875,16.131591796875,27.9932861328125,0.3301713168621063,-1,-1,-1
406,404,4208.751953125,563.084716796875,15.91650390625,26.202392578125,0.267404705286026,-1,-1,-1
407,2,4977.431640625,810.96630859375,59.962890625,101.196533203125,0.7379778027534485,-1,-1,-1
407,228,3751.12109375,731.8946533203125,33.537841796875,81.66815185546875,0.6929923892021179,-1,-1,-1
407,399,3843.47998046875,786.7489624023438,29.9052734375,98.2261962890625,0.7807489037513733,-1,-1,-1
407,277,4122.48046875,711.2902221679688,38.318359375,66.88531494140625,0.5940036773681641,-1,-1,-1
407,1,4315.1640625,792.2681884765625,45.3603515625,100.94757080078125,0.7773759365081787,-1,-1,-1
407,378,4531.2587890625,643.026123046875,35.60546875,51.0657958984375,0.2930624485015869,-1,-1,-1
407,345,3894.13525390625,609.1475219726562,21.457275390625,45.44390869140625,0.431686669588089,-1,-1,-1
407,410,3344.5263671875,597.4061279296875,25.65673828125,52.82989501953125,0.3124581277370453,-1,-1,-1
407,446,3984.474609375,521.2531127929688,15.7158203125,27.42779541015625,0.33919236063957214,-1,-1,-1
407,404,4208.2080078125,562.2388916015625,16.05078125,26.71392822265625,0.32561415433883667,-1,-1,-1
408,2,4977.83447265625,811.3534545898438,58.80224609375,100.97137451171875,0.7455494403839111,-1,-1,-1
408,228,3750.398193359375,733.8253173828125,32.85791015625,79.6868896484375,0.6507624387741089,-1,-1,-1
408,399,3842.338623046875,786.7662963867188,30.496826171875,99.9913330078125,0.7753981351852417,-1,-1,-1
408,277,4121.76904296875,714.6381225585938,39.51953125,63.4700927734375,0.47737568616867065,-1,-1,-1
408,1,4319.208984375,792.328369140625,41.27978515625,100.53875732421875,0.7954539656639099,-1,-1,-1
408,378,4532.3876953125,642.3870239257812,39.67333984375,54.03076171875,0.29121851921081543,-1,-1,-1
408,345,3893.0205078125,609.4305419921875,22.137939453125,46.00653076171875,0.35839250683784485,-1,-1,-1
408,410,3342.75,597.6744384765625,24.41845703125,53.58258056640625,0.5638508200645447,-1,-1,-1
408,446,3985.247314453125,521.1190185546875,15.272216796875,27.63568115234375,0.35610654950141907,-1,-1,-1
408,404,4207.67626953125,561.9780883789062,15.92578125,26.7803955078125,0.38996604084968567,-1,-1,-1
409,2,4977.490234375,812.3441772460938,58.63818359375,100.25750732421875,0.762075662612915,-1,-1,-1
409,228,3750.592529296875,734.1029052734375,31.17626953125,79.04522705078125,0.6647958159446716,-1,-1,-1
409,399,3841.5244140625,787.1218872070312,30.69384765625,100.55279541015625,0.7734004259109497,-1,-1,-1
409,277,4121.439453125,716.2786865234375,40.173828125,62.402099609375,0.4798930883407593,-1,-1,-1
409,1,4320.001953125,793.2052001953125,41.54833984375,99.98974609375,0.808325469493866,-1,-1,-1
409,378,4536.77490234375,642.8734130859375,37.7080078125,53.7432861328125,0.3314816653728485,-1,-1,-1
409,345,3891.7587890625,609.9945068359375,23.06591796875,48.73004150390625,0.3116382360458374,-1,-1,-1
409,410,3342.102294921875,597.3504028320312,22.49609375,54.59539794921875,0.5910112261772156,-1,-1,-1
409,446,3985.97900390625,521.1158447265625,15.0615234375,27.5791015625,0.35706183314323425,-1,-1,-1
409,404,4206.81103515625,563.01123046875,15.60986328125,24.62908935546875,0.3094535768032074,-1,-1,-1
410,2,4977.27490234375,812.6227416992188,58.51123046875,100.32025146484375,0.768008291721344,-1,-1,-1
410,228,3751.116455078125,733.7361450195312,29.013671875,81.01416015625,0.6814202070236206,-1,-1,-1
410,399,3840.83203125,786.6671142578125,31.36181640625,102.2354736328125,0.7940987944602966,-1,-1,-1
410,277,4121.2275390625,720.1653442382812,41.06396484375,60.9871826171875,0.5119757652282715,-1,-1,-1
410,1,4316.96923828125,794.5973510742188,47.26611328125,96.5689697265625,0.7803561687469482,-1,-1,-1
410,378,4539.42822265625,642.1729125976562,36.74169921875,62.123291015625,0.5065579414367676,-1,-1,-1
410,345,3890.17236328125,611.4266967773438,24.6923828125,47.84521484375,0.26900383830070496,-1,-1,-1
410,410,3340.6474609375,597.8901977539062,20.050537109375,52.1800537109375,0.5749643445014954,-1,-1,-1
410,446,3986.454345703125,520.6738891601562,15.051513671875,28.85015869140625,0.3453674018383026,-1,-1,-1
410,404,4205.8837890625,563.34033203125,15.89013671875,24.37750244140625,0.33206573128700256,-1,-1,-1
411,2,4976.39892578125,813.26171875,59.1318359375,100.0316162109375,0.7815501689910889,-1,-1,-1
411,228,3750.776611328125,733.1067504882812,28.161865234375,82.392333984375,0.6912140846252441,-1,-1,-1
411,399,3840.02685546875,786.5440063476562,32.332275390625,103.16668701171875,0.8007458448410034,-1,-1,-1
411,277,4120.6474609375,721.66259765625,44.3076171875,60.7630615234375,0.6039313673973083,-1,-1,-1
411,1,4311.34521484375,795.4086303710938,55.83203125,94.015380859375,0.7100925445556641,-1,-1,-1
411,378,4541.783203125,642.2794799804688,35.67626953125,63.7362060546875,0.49437999725341797,-1,-1,-1
411,345,3889.113525390625,611.3347778320312,25.52587890625,52.4971923828125,0.2977930009365082,-1,-1,-1
411,410,3338.02783203125,597.307373046875,19.919189453125,48.53173828125,0.45818087458610535,-1,-1,-1
411,446,3986.852294921875,520.1895141601562,14.956787109375,29.82666015625,0.35698214173316956,-1,-1,-1
411,404,4205.25634765625,563.0280151367188,16.04931640625,24.2718505859375,0.34813833236694336,-1,-1,-1
412,2,4976.263671875,813.164794921875,58.91552734375,100.45330810546875,0.7775769233703613,-1,-1,-1
412,228,3750.267333984375,732.4829711914062,27.871826171875,84.1234130859375,0.7025866508483887,-1,-1,-1
412,399,3839.086181640625,786.6356201171875,33.73046875,104.6273193359375,0.8202497363090515,-1,-1,-1
412,277,4120.22412109375,723.5916137695312,45.52294921875,60.74078369140625,0.6332142949104309,-1,-1,-1
412,1,4303.43017578125,795.5040893554688,67.74755859375,93.702392578125,0.6729370951652527,-1,-1,-1
412,378,4545.21142578125,644.3666381835938,34.13330078125,60.8802490234375,0.491412490606308,-1,-1,-1
412,410,3336.250244140625,598.2614135742188,20.60986328125,48.197509765625,0.5346014499664307,-1,-1,-1
412,446,3986.470703125,520.1134643554688,15.3212890625,29.94940185546875,0.3843436539173126,-1,-1,-1
412,404,4203.517578125,562.0285034179688,17.56884765625,26.31292724609375,0.37296679615974426,-1,-1,-1
412,451,3667.376708984375,550.982421875,18.9677734375,36.63580322265625,0.34209144115448,-1,-1,-1
413,2,4976.62890625,812.7564086914062,58.16845703125,101.00494384765625,0.7721988558769226,-1,-1,-1
413,228,3749.811279296875,731.40673828125,27.35009765625,86.24920654296875,0.6995808482170105,-1,-1,-1
413,399,3838.392578125,786.8417358398438,34.895751953125,105.81903076171875,0.8217027187347412,-1,-1,-1
413,277,4119.41064453125,725.2301025390625,48.26953125,62.49127197265625,0.641683042049408,-1,-1,-1
413,1,4300.216796875,796.2813720703125,74.75,92.10711669921875,0.6647481918334961,-1,-1,-1
413,378,4549.40869140625,646.3959350585938,33.18994140625,55.650390625,0.47038084268569946,-1,-1,-1
413,410,3333.8369140625,597.6719360351562,22.2236328125,53.8704833984375,0.6300004124641418,-1,-1,-1
413,446,3986.733642578125,520.6144409179688,15.228515625,28.89453125,0.39147475361824036,-1,-1,-1
413,404,4201.662109375,563.4478149414062,18.55908203125,26.32525634765625,0.31956931948661804,-1,-1,-1
413,451,3667.22607421875,551.05859375,18.55908203125,37.46533203125,0.33398693799972534,-1,-1,-1
413,345,3885.52685546875,614.473388671875,25.8330078125,55.08038330078125,0.32894402742385864,-1,-1,-1
414,2,4977.21630859375,812.3572998046875,56.56005859375,101.583251953125,0.7764347195625305,-1,-1,-1
414,228,3749.7138671875,731.1028442382812,26.52685546875,87.4080810546875,0.6915952563285828,-1,-1,-1
414,399,3837.988037109375,787.762939453125,36.98828125,105.7423095703125,0.835641086101532,-1,-1,-1
414,277,4118.77587890625,726.0311279296875,50.46435546875,63.12677001953125,0.6417657136917114,-1,-1,-1
414,1,4301.1015625,796.63623046875,76.91015625,90.76837158203125,0.6601995825767517,-1,-1,-1
414,378,4552.3955078125,647.9618530273438,31.9052734375,51.219482421875,0.4675469696521759,-1,-1,-1
414,410,3332.330810546875,597.630126953125,21.04443359375,51.98040771484375,0.6032004952430725,-1,-1,-1
414,446,3986.874267578125,521.5418090820312,15.23876953125,28.01580810546875,0.350172221660614,-1,-1,-1
414,404,4200.4140625,563.8651123046875,18.32666015625,27.0482177734375,0.3462694585323334,-1,-1,-1
414,451,3667.0771484375,550.7880249023438,18.591064453125,38.794677734375,0.3382089138031006,-1,-1,-1
414,345,3884.8828125,616.5888671875,25.728271484375,54.19708251953125,0.37105458974838257,-1,-1,-1
415,2,4977.4150390625,811.8572998046875,55.16455078125,102.206787109375,0.7824609279632568,-1,-1,-1
415,228,3749.4169921875,731.42431640625,26.073974609375,87.9320068359375,0.6825677156448364,-1,-1,-1
415,399,3837.7900390625,789.4945068359375,38.5478515625,107.20245361328125,0.8493718504905701,-1,-1,-1
415,277,4118.626953125,726.703369140625,53.4580078125,63.44677734375,0.6663767695426941,-1,-1,-1
415,1,4305.14990234375,796.1143188476562,67.1298828125,91.40277099609375,0.682602047920227,-1,-1,-1
415,378,4555.3974609375,649.4320678710938,31.484375,50.26934814453125,0.40859073400497437,-1,-1,-1
415,410,3330.431396484375,597.1871337890625,20.432861328125,52.614501953125,0.5810022354125977,-1,-1,-1
415,446,3986.945068359375,522.3630981445312,15.86376953125,26.91357421875,0.3655593991279602,-1,-1,-1
415,404,4199.8212890625,563.734375,18.37353515625,27.82421875,0.3451192080974579,-1,-1,-1
415,451,3666.8076171875,551.3109130859375,17.987548828125,37.5323486328125,0.30041465163230896,-1,-1,-1
415,345,3884.69873046875,617.1914672851562,24.67333984375,53.50341796875,0.4401700794696808,-1,-1,-1
416,2,4976.421875,811.8775024414062,54.8173828125,102.22967529296875,0.7760736346244812,-1,-1,-1
416,228,3748.869873046875,731.6259155273438,25.914306640625,87.38848876953125,0.6746877431869507,-1,-1,-1
416,399,3837.624267578125,792.0288696289062,40.863525390625,105.80767822265625,0.8429938554763794,-1,-1,-1
416,277,4124.32568359375,726.913818359375,51.4736328125,65.11669921875,0.6562163829803467,-1,-1,-1
416,1,4308.986328125,795.4207153320312,60.8388671875,92.47320556640625,0.7150169610977173,-1,-1,-1
416,378,4557.83203125,650.1453857421875,33.44970703125,55.716064453125,0.39866626262664795,-1,-1,-1
416,410,3328.8857421875,598.1671752929688,20.45654296875,55.416748046875,0.6214971542358398,-1,-1,-1
416,446,3987.044189453125,522.4790649414062,16.407958984375,26.67462158203125,0.35522860288619995,-1,-1,-1
416,404,4199.47509765625,563.646728515625,18.84765625,27.85479736328125,0.3415229916572571,-1,-1,-1
416,451,3666.73388671875,550.9260864257812,17.830078125,38.25225830078125,0.3123781085014343,-1,-1,-1
416,345,3884.645751953125,617.4637451171875,23.1533203125,53.302734375,0.5064504146575928,-1,-1,-1
417,2,4976.521484375,811.9404296875,53.42578125,102.12249755859375,0.7448906302452087,-1,-1,-1
417,228,3748.533447265625,731.6559448242188,25.646240234375,86.5677490234375,0.6853344440460205,-1,-1,-1
417,399,3837.794189453125,794.03369140625,42.12060546875,104.67779541015625,0.8372255563735962,-1,-1,-1
417,277,4122.888671875,727.1076049804688,58.07763671875,67.77435302734375,0.5342733263969421,-1,-1,-1
417,1,4311.27099609375,794.284912109375,57.19921875,93.33477783203125,0.7448762655258179,-1,-1,-1
417,378,4559.1376953125,650.3480834960938,35.66015625,55.70074462890625,0.37815794348716736,-1,-1,-1
417,410,3325.104248046875,599.7425537109375,22.31201171875,55.34521484375,0.4920668601989746,-1,-1,-1
417,446,3987.303466796875,522.2848510742188,17.074462890625,27.09649658203125,0.3844860792160034,-1,-1,-1
417,404,4199.09521484375,563.8155517578125,19.56884765625,28.93115234375,0.32262203097343445,-1,-1,-1
417,451,3666.592529296875,551.1262817382812,17.633056640625,37.12603759765625,0.28640756011009216,-1,-1,-1
417,345,3884.507568359375,617.337158203125,22.824951171875,52.85400390625,0.47859978675842285,-1,-1,-1
418,2,4975.84521484375,811.4453125,52.59912109375,102.0526123046875,0.7240729928016663,-1,-1,-1
418,228,3748.1904296875,731.8827514648438,25.4794921875,86.41510009765625,0.7080846428871155,-1,-1,-1
418,399,3837.72216796875,796.2960815429688,43.017578125,107.70361328125,0.8103969097137451,-1,-1,-1
418,277,4134.390625,728.0615234375,52.11328125,67.8065185546875,0.4206215441226959,-1,-1,-1
418,1,4313.88330078125,791.4905395507812,53.46240234375,95.7073974609375,0.7750890254974365,-1,-1,-1
418,378,4561.7763671875,649.0820922851562,37.10205078125,61.137451171875,0.4329194724559784,-1,-1,-1
418,410,3322.7900390625,599.2036743164062,23.093505859375,57.59564208984375,0.5638325214385986,-1,-1,-1
418,446,3987.98876953125,522.12890625,16.863525390625,28.07586669921875,0.3812548816204071,-1,-1,-1
418,404,4198.5986328125,563.9092407226562,20.73681640625,30.1182861328125,0.3321731984615326,-1,-1,-1
418,451,3666.402099609375,551.5889892578125,17.64111328125,36.06878662109375,0.2685280740261078,-1,-1,-1
418,345,3884.461181640625,617.5757446289062,21.657470703125,51.69305419921875,0.5003595352172852,-1,-1,-1
419,2,4974.66064453125,811.7116088867188,52.62255859375,102.36358642578125,0.7337229251861572,-1,-1,-1
419,228,3747.316650390625,732.3802490234375,26.220947265625,85.15869140625,0.7017641663551331,-1,-1,-1
419,399,3837.59375,798.3177490234375,44.06884765625,110.39111328125,0.831643283367157,-1,-1,-1
419,277,4136.5595703125,727.5023193359375,55.6005859375,70.14984130859375,0.4383798837661743,-1,-1,-1
419,1,4315.36083984375,789.0344848632812,50.015625,92.04522705078125,0.7480800747871399,-1,-1,-1
419,378,4566.9306640625,648.6668090820312,35.27099609375,62.98046875,0.46206969022750854,-1,-1,-1
419,410,3321.4736328125,599.4514770507812,23.04052734375,58.0050048828125,0.6054211854934692,-1,-1,-1
419,446,3988.180419921875,522.1367797851562,16.7578125,28.1353759765625,0.3666774034500122,-1,-1,-1
419,404,4198.5537109375,563.6563720703125,21.578125,30.1324462890625,0.33529025316238403,-1,-1,-1
419,345,3883.638427734375,617.4984130859375,20.834228515625,52.96734619140625,0.5513219237327576,-1,-1,-1
420,2,4973.814453125,811.3892822265625,52.33740234375,103.11004638671875,0.7440118193626404,-1,-1,-1
420,228,3746.3837890625,732.169677734375,26.201904296875,84.926025390625,0.72438645362854,-1,-1,-1
420,399,3837.22705078125,800.0853271484375,44.80517578125,111.13006591796875,0.8257721662521362,-1,-1,-1
420,277,4140.40673828125,728.8765258789062,58.83349609375,69.3021240234375,0.562186598777771,-1,-1,-1
420,1,4316.6083984375,786.9306030273438,49.20263671875,92.29693603515625,0.7550100684165955,-1,-1,-1
420,378,4568.279296875,649.6638793945312,36.61767578125,61.66778564453125,0.522962749004364,-1,-1,-1
420,410,3319.117431640625,599.8251342773438,24.299072265625,58.2200927734375,0.5649638175964355,-1,-1,-1
420,446,3988.704345703125,522.6526489257812,16.190673828125,27.7525634765625,0.38832393288612366,-1,-1,-1
420,404,4198.81396484375,564.3364868164062,21.451171875,31.3023681640625,0.3524499535560608,-1,-1,-1
420,345,3881.220703125,618.0650634765625,20.54443359375,53.59783935546875,0.6128718852996826,-1,-1,-1
420,451,3665.85546875,552.4820556640625,18.322998046875,34.548583984375,0.26920410990715027,-1,-1,-1
421,2,4971.96142578125,810.945068359375,52.85205078125,103.727294921875,0.7554686069488525,-1,-1,-1
421,228,3744.34814453125,731.8400268554688,26.677734375,86.031982421875,0.7167381644248962,-1,-1,-1
421,399,3837.060791015625,801.1477661132812,44.665771484375,111.14971923828125,0.8340084552764893,-1,-1,-1
421,277,4145.470703125,730.4537963867188,57.86962890625,68.6448974609375,0.4891715347766876,-1,-1,-1
421,1,4317.26611328125,785.7667846679688,49.9521484375,90.95819091796875,0.7100031971931458,-1,-1,-1
421,378,4568.57080078125,651.0723266601562,39.3994140625,61.62750244140625,0.5144237875938416,-1,-1,-1
421,410,3316.4228515625,602.1640625,25.06494140625,55.9044189453125,0.5402042269706726,-1,-1,-1
421,446,3989.43359375,522.7928466796875,15.7060546875,27.747314453125,0.3654704988002777,-1,-1,-1
421,404,4198.935546875,565.6189575195312,20.650390625,32.04058837890625,0.31462401151657104,-1,-1,-1
421,345,3879.94091796875,619.7061157226562,20.134033203125,51.7109375,0.6443833112716675,-1,-1,-1
421,451,3665.846923828125,552.8755493164062,18.64111328125,33.72430419921875,0.27579551935195923,-1,-1,-1
422,2,4969.38720703125,810.1566772460938,53.83642578125,104.3045654296875,0.7830508947372437,-1,-1,-1
422,228,3741.8466796875,731.9661865234375,28.022705078125,85.787353515625,0.7355248332023621,-1,-1,-1
422,399,3837.43310546875,801.5535888671875,43.76123046875,110.58612060546875,0.8559376001358032,-1,-1,-1
422,277,4156.0830078125,729.9221801757812,53.45654296875,67.55712890625,0.5644692778587341,-1,-1,-1
422,1,4317.60009765625,785.5963134765625,50.953125,90.1282958984375,0.6736549139022827,-1,-1,-1
422,378,4571.09814453125,651.4837646484375,40.73828125,61.7337646484375,0.5050270557403564,-1,-1,-1
422,410,3313.62451171875,603.4411010742188,25.937255859375,54.36566162109375,0.5017484426498413,-1,-1,-1
422,446,3989.615478515625,522.7907104492188,15.831787109375,28.37713623046875,0.36666733026504517,-1,-1,-1
422,404,4199.0888671875,565.7615356445312,20.060546875,32.24163818359375,0.3274376392364502,-1,-1,-1
422,345,3878.833984375,620.3248901367188,20.612548828125,50.52813720703125,0.6236178278923035,-1,-1,-1
422,451,3665.964111328125,552.4260864257812,18.522705078125,33.07135009765625,0.2630440294742584,-1,-1,-1
423,2,4967.0771484375,808.921875,54.6376953125,105.58367919921875,0.7927675247192383,-1,-1,-1
423,228,3739.667236328125,731.7984619140625,29.761474609375,85.81842041015625,0.7407675981521606,-1,-1,-1
423,399,3837.794921875,801.5410766601562,42.506103515625,110.31121826171875,0.8633177876472473,-1,-1,-1
423,277,4158.88427734375,728.5989379882812,56.73193359375,73.47186279296875,0.548811674118042,-1,-1,-1
423,1,4321.22607421875,784.4971923828125,48.76611328125,89.2152099609375,0.682485044002533,-1,-1,-1
423,378,4573.6142578125,650.9798583984375,41.27001953125,60.5367431640625,0.36217713356018066,-1,-1,-1
423,410,3312.84228515625,603.8844604492188,25.680419921875,51.14453125,0.4736546277999878,-1,-1,-1
423,446,3990.44677734375,524.0823974609375,15.19482421875,27.8238525390625,0.3614634871482849,-1,-1,-1
423,404,4199.41552734375,565.960693359375,20.20458984375,32.43194580078125,0.32111915946006775,-1,-1,-1
423,345,3876.886962890625,619.61767578125,22.411865234375,52.04339599609375,0.6193026304244995,-1,-1,-1
423,451,3666.320068359375,552.0001220703125,18.550048828125,33.25433349609375,0.25611063838005066,-1,-1,-1
424,2,4965.03564453125,808.2682495117188,55.31982421875,106.11370849609375,0.800268292427063,-1,-1,-1
424,228,3737.9287109375,731.723388671875,30.01806640625,86.5814208984375,0.759234607219696,-1,-1,-1
424,399,3838.080810546875,801.2008666992188,41.466796875,110.2281494140625,0.867067277431488,-1,-1,-1
424,277,4158.95654296875,729.63330078125,61.7255859375,75.55316162109375,0.6757580041885376,-1,-1,-1
424,1,4322.85302734375,782.2588500976562,53.35791015625,90.4195556640625,0.6796620488166809,-1,-1,-1
424,378,4577.39404296875,653.3734130859375,40.4921875,58.7030029296875,0.3775898516178131,-1,-1,-1
424,410,3310.69091796875,605.1760864257812,25.863525390625,49.64251708984375,0.5434021353721619,-1,-1,-1
424,446,3990.8134765625,525.0146484375,14.98193359375,27.58685302734375,0.383562833070755,-1,-1,-1
424,404,4199.62060546875,566.4695434570312,21.61572265625,32.57342529296875,0.3307291269302368,-1,-1,-1
424,345,3876.260498046875,621.761962890625,22.743896484375,49.3712158203125,0.6034952402114868,-1,-1,-1
425,2,4963.25,808.3212890625,56.1357421875,106.29888916015625,0.7968806624412537,-1,-1,-1
425,228,3736.374267578125,731.3431396484375,30.208740234375,87.42926025390625,0.7662211656570435,-1,-1,-1
425,399,3838.24755859375,801.2334594726562,40.579833984375,110.27813720703125,0.8649627566337585,-1,-1,-1
425,277,4159.86376953125,730.7195434570312,66.41455078125,79.6995849609375,0.7357387542724609,-1,-1,-1
425,1,4324.48291015625,778.115478515625,55.73046875,94.62298583984375,0.7052828073501587,-1,-1,-1
425,378,4578.21875,654.3876953125,43.12158203125,60.09722900390625,0.39235955476760864,-1,-1,-1
425,410,3307.900390625,606.0513916015625,27.816650390625,50.41302490234375,0.5201166868209839,-1,-1,-1
425,446,3990.931640625,526.0838623046875,15.538818359375,26.68402099609375,0.3767780661582947,-1,-1,-1
425,404,4200.52197265625,565.8659057617188,21.28759765625,31.0384521484375,0.30353790521621704,-1,-1,-1
425,345,3875.959716796875,622.9527587890625,22.791748046875,47.2318115234375,0.595992386341095,-1,-1,-1
425,460,2999.548828125,519.012451171875,20.580078125,36.94525146484375,0.3053010404109955,-1,-1,-1
425,451,3666.729248046875,552.6302490234375,20.8681640625,33.71240234375,0.27198973298072815,-1,-1,-1
426,2,4961.8662109375,808.171630859375,56.73046875,106.8980712890625,0.8178144097328186,-1,-1,-1
426,228,3735.470703125,731.77734375,29.9287109375,87.70440673828125,0.7618125081062317,-1,-1,-1
426,399,3837.744384765625,801.3357543945312,39.92236328125,109.5289306640625,0.8537411689758301,-1,-1,-1
426,277,4175.357421875,732.4151611328125,55.421875,82.94158935546875,0.6633543372154236,-1,-1,-1
426,1,4325.92529296875,775.6630859375,56.04443359375,93.99273681640625,0.694885790348053,-1,-1,-1
426,378,4581.49853515625,655.2681884765625,41.287109375,61.060546875,0.4548686742782593,-1,-1,-1
426,410,3306.4619140625,605.8213500976562,29.01806640625,50.75030517578125,0.4825277030467987,-1,-1,-1
426,446,3991.083251953125,526.400634765625,15.74853515625,26.8594970703125,0.42449456453323364,-1,-1,-1
426,404,4201.3212890625,565.4674072265625,21.6181640625,31.92852783203125,0.32087045907974243,-1,-1,-1
426,345,3875.8662109375,623.0487670898438,22.28466796875,47.1748046875,0.6349523067474365,-1,-1,-1
426,460,2999.561279296875,518.9921264648438,20.546630859375,36.7835693359375,0.3038721978664398,-1,-1,-1
427,2,4961.2578125,808.1880493164062,56.18798828125,107.2034912109375,0.818579912185669,-1,-1,-1
427,228,3734.51220703125,732.0549926757812,30.25927734375,87.7774658203125,0.7711327075958252,-1,-1,-1
427,399,3836.856689453125,801.192626953125,40.173095703125,109.44293212890625,0.8414457440376282,-1,-1,-1
427,277,4190.857421875,733.03369140625,45.85009765625,87.30255126953125,0.6637246012687683,-1,-1,-1
427,1,4327.529296875,773.9177856445312,56.68212890625,92.1563720703125,0.6724746823310852,-1,-1,-1
427,378,4583.802734375,655.727783203125,39.853515625,64.8548583984375,0.5469617247581482,-1,-1,-1
427,410,3305.95556640625,605.9006958007812,28.576904296875,51.59039306640625,0.5137323141098022,-1,-1,-1
427,446,3991.240234375,526.7379150390625,15.624267578125,26.70458984375,0.43711239099502563,-1,-1,-1
427,404,4202.3779296875,565.8402709960938,20.7353515625,30.5133056640625,0.2627178728580475,-1,-1,-1
427,345,3875.70849609375,623.385498046875,22.0234375,46.684814453125,0.6045490503311157,-1,-1,-1
427,460,2999.467529296875,518.8873291015625,20.725830078125,37.04412841796875,0.30835241079330444,-1,-1,-1
427,466,3666.65283203125,552.9114990234375,23.545166015625,60.99237060546875,0.35996583104133606,-1,-1,-1
428,2,4960.9384765625,808.3119506835938,54.97802734375,107.10003662109375,0.8083164691925049,-1,-1,-1
428,228,3734.52490234375,732.0364990234375,28.820068359375,86.59759521484375,0.7322235703468323,-1,-1,-1
428,399,3836.0439453125,801.4494018554688,38.872314453125,109.32403564453125,0.820868194103241,-1,-1,-1
428,277,4203.978515625,734.7804565429688,35.626953125,86.99365234375,0.6189979314804077,-1,-1,-1
428,1,4329.1572265625,771.552490234375,57.0224609375,91.73004150390625,0.613906741142273,-1,-1,-1
428,378,4591.087890625,653.2674560546875,35.95068359375,65.15423583984375,0.447806179523468,-1,-1,-1
428,410,3305.994140625,605.3377685546875,28.308837890625,53.13623046875,0.49406248331069946,-1,-1,-1
428,446,3991.36572265625,526.720458984375,15.616943359375,26.779052734375,0.40066462755203247,-1,-1,-1
428,404,4202.716796875,568.1275024414062,21.4140625,30.25762939453125,0.2831955850124359,-1,-1,-1
428,345,3875.412109375,622.5496215820312,21.522705078125,47.60894775390625,0.5973144173622131,-1,-1,-1
428,460,2999.49853515625,519.0162963867188,20.738037109375,36.82257080078125,0.2777225375175476,-1,-1,-1
428,466,3667.165283203125,558.8963012695312,23.973876953125,64.72259521484375,0.3670031428337097,-1,-1,-1
429,2,4960.9482421875,808.4890747070312,53.79150390625,107.29498291015625,0.8369266390800476,-1,-1,-1
429,228,3734.909423828125,732.5897216796875,26.87109375,85.49407958984375,0.7270631790161133,-1,-1,-1
429,399,3835.25830078125,801.2992553710938,37.818603515625,108.406494140625,0.8133384585380554,-1,-1,-1
429,277,4207.36669921875,735.5783081054688,35.06494140625,86.780517578125,0.5429626703262329,-1,-1,-1
429,1,4330.6572265625,770.6223754882812,56.2109375,88.39404296875,0.6302545666694641,-1,-1,-1
429,378,4596.3583984375,652.2572631835938,33.9033203125,65.15667724609375,0.5147059559822083,-1,-1,-1
429,410,3306.539306640625,604.5307006835938,27.606689453125,54.07440185546875,0.4910004436969757,-1,-1,-1
429,446,3991.24951171875,526.3402099609375,15.67578125,26.5955810546875,0.3882729113101959,-1,-1,-1
429,404,4204.0361328125,569.44189453125,20.62255859375,30.3270263671875,0.3583669662475586,-1,-1,-1
429,345,3874.486572265625,621.6671142578125,22.169189453125,48.88592529296875,0.5905097723007202,-1,-1,-1
429,460,2999.407958984375,519.3406982421875,21.0322265625,36.5291748046875,0.267400324344635,-1,-1,-1
429,466,3666.86083984375,561.1658325195312,21.158203125,64.78985595703125,0.5224364399909973,-1,-1,-1
430,2,4961.01513671875,808.531005859375,52.5419921875,107.3370361328125,0.8364982008934021,-1,-1,-1
430,228,3734.650146484375,732.065673828125,25.1923828125,86.42474365234375,0.69666588306427,-1,-1,-1
430,399,3833.351806640625,801.1157836914062,38.820068359375,108.1405029296875,0.7919794917106628,-1,-1,-1
430,277,4212.494140625,736.673095703125,33.3193359375,85.0457763671875,0.5665688514709473,-1,-1,-1
430,1,4332.662109375,770.2034912109375,54.2158203125,87.4569091796875,0.6521139740943909,-1,-1,-1
430,378,4599.89306640625,652.4863891601562,32.19873046875,69.67071533203125,0.5625100135803223,-1,-1,-1
430,410,3306.361572265625,603.7550659179688,27.695556640625,55.15936279296875,0.49646133184432983,-1,-1,-1
430,446,3991.446533203125,525.9485473632812,15.70361328125,26.25439453125,0.3933342397212982,-1,-1,-1
430,404,4205.578125,569.4163818359375,20.07666015625,31.9034423828125,0.38532111048698425,-1,-1,-1
430,345,3874.048095703125,621.0140380859375,21.721435546875,50.56298828125,0.6083270907402039,-1,-1,-1
430,460,2999.3017578125,519.6030883789062,21.410888671875,36.41082763671875,0.26639267802238464,-1,-1,-1
430,466,3665.7353515625,563.0223388671875,19.424560546875,64.4677734375,0.4999755620956421,-1,-1,-1
431,2,4960.8662109375,808.3904418945312,52.00341796875,107.82257080078125,0.8169081211090088,-1,-1,-1
431,228,3734.958251953125,732.449462890625,23.505126953125,85.42852783203125,0.663790225982666,-1,-1,-1
431,399,3831.18115234375,801.2569580078125,40.445556640625,108.71197509765625,0.7790027260780334,-1,-1,-1
431,277,4216.0595703125,734.7373657226562,34.55322265625,85.28021240234375,0.7136082649230957,-1,-1,-1
431,1,4334.5185546875,770.9428100585938,52.6083984375,86.40179443359375,0.6427528858184814,-1,-1,-1
431,378,4603.4521484375,653.604736328125,30.76318359375,69.74261474609375,0.5692148208618164,-1,-1,-1
431,410,3307.1708984375,603.7335815429688,26.434814453125,54.61248779296875,0.5217035412788391,-1,-1,-1
431,446,3991.69775390625,525.744873046875,15.98828125,26.3553466796875,0.4213672876358032,-1,-1,-1
431,404,4206.89501953125,570.0664672851562,19.87060546875,32.2734375,0.40010392665863037,-1,-1,-1
431,345,3874.01025390625,620.0728759765625,21.736083984375,51.3328857421875,0.5919702053070068,-1,-1,-1
431,460,2999.407470703125,519.3051147460938,21.47607421875,36.60260009765625,0.26582539081573486,-1,-1,-1
431,466,3663.0654296875,562.4235229492188,21.348876953125,73.78619384765625,0.5685171484947205,-1,-1,-1
432,2,4960.310546875,808.338623046875,52.126953125,108.07763671875,0.810017466545105,-1,-1,-1
432,228,3734.9013671875,732.1668701171875,22.380126953125,85.51715087890625,0.6871978640556335,-1,-1,-1
432,399,3828.947998046875,801.1729125976562,41.517822265625,108.6787109375,0.7581705451011658,-1,-1,-1
432,277,4221.6767578125,734.6423950195312,32.90185546875,80.74267578125,0.7624427080154419,-1,-1,-1
432,1,4336.3017578125,772.4281005859375,51.0146484375,83.74725341796875,0.6874896883964539,-1,-1,-1
432,378,4606.42431640625,655.0809936523438,30.33203125,69.252685546875,0.5721465945243835,-1,-1,-1
432,410,3306.513427734375,603.1559448242188,27.78271484375,55.1676025390625,0.49303025007247925,-1,-1,-1
432,446,3991.923095703125,525.4193115234375,16.09375,27.15020751953125,0.4271903932094574,-1,-1,-1
432,404,4207.3251953125,571.6140747070312,22.375,31.3211669921875,0.34316909313201904,-1,-1,-1
432,345,3872.970703125,619.9058227539062,22.603759765625,52.20819091796875,0.6013723015785217,-1,-1,-1
432,460,2999.466064453125,519.1205444335938,21.406982421875,36.81024169921875,0.27297335863113403,-1,-1,-1
432,466,3661.031494140625,562.2913818359375,22.419677734375,75.8572998046875,0.5253410935401917,-1,-1,-1
433,2,4959.703125,808.89111328125,52.34912109375,107.39453125,0.7595296502113342,-1,-1,-1
433,228,3733.101806640625,731.334228515625,23.66650390625,87.6995849609375,0.690200686454773,-1,-1,-1
433,399,3826.277099609375,801.1791381835938,43.5048828125,108.8035888671875,0.6937798857688904,-1,-1,-1
433,277,4225.2314453125,735.4644775390625,35.29638671875,79.43377685546875,0.7181899547576904,-1,-1,-1
433,1,4337.39013671875,774.1622924804688,50.49609375,79.2860107421875,0.6817251443862915,-1,-1,-1
433,378,4608.3798828125,658.0204467773438,30.6875,67.60845947265625,0.5374839305877686,-1,-1,-1
433,410,3307.4404296875,603.9353637695312,26.563232421875,52.88751220703125,0.48030713200569153,-1,-1,-1
433,446,3991.7568359375,526.5182495117188,16.012451171875,26.84808349609375,0.39761847257614136,-1,-1,-1
433,404,4207.359375,574.3291015625,24.53662109375,28.3594970703125,0.26970750093460083,-1,-1,-1
433,345,3872.71728515625,619.9301147460938,22.204833984375,52.7103271484375,0.6103984117507935,-1,-1,-1
433,460,2999.7451171875,519.16455078125,21.1240234375,36.845947265625,0.257138729095459,-1,-1,-1
433,466,3658.707275390625,564.237548828125,23.65478515625,74.33135986328125,0.4585947096347809,-1,-1,-1
434,2,4958.15283203125,809.2378540039062,53.46240234375,106.89935302734375,0.7481203675270081,-1,-1,-1
434,228,3731.017333984375,731.0492553710938,24.955322265625,89.130859375,0.7264186143875122,-1,-1,-1
434,399,3824.214599609375,801.8317260742188,44.255126953125,108.707763671875,0.7043817639350891,-1,-1,-1
434,277,4229.0380859375,733.7192993164062,38.296875,83.68695068359375,0.6605704426765442,-1,-1,-1
434,1,4338.92138671875,775.3286743164062,56.06103515625,75.468017578125,0.6999065279960632,-1,-1,-1
434,378,4609.71533203125,660.605712890625,31.09228515625,64.57220458984375,0.4710540771484375,-1,-1,-1
434,410,3308.35498046875,606.344482421875,25.133056640625,48.76336669921875,0.43579787015914917,-1,-1,-1
434,446,3992.297119140625,525.192138671875,16.29833984375,29.8690185546875,0.436453253030777,-1,-1,-1
434,345,3872.228271484375,619.9708862304688,21.902587890625,53.54412841796875,0.632577121257782,-1,-1,-1
434,466,3657.375,567.91162109375,24.19677734375,72.448486328125,0.4008769392967224,-1,-1,-1
435,2,4956.70068359375,809.6906127929688,54.68310546875,106.38037109375,0.7542161345481873,-1,-1,-1
435,228,3728.7939453125,730.266845703125,26.36181640625,90.5299072265625,0.7293965816497803,-1,-1,-1
435,399,3821.838134765625,800.705322265625,45.912353515625,109.963623046875,0.6991775035858154,-1,-1,-1
435,277,4231.3935546875,732.4307250976562,41.24365234375,84.3189697265625,0.6775295734405518,-1,-1,-1
435,1,4340.77734375,775.0515747070312,65.296875,74.1815185546875,0.6047364473342896,-1,-1,-1
435,378,4611.818359375,664.4917602539062,32.01708984375,59.72344970703125,0.4112204313278198,-1,-1,-1
435,410,3309.04296875,607.5122680664062,24.894287109375,45.91204833984375,0.4936906099319458,-1,-1,-1
435,446,3992.429443359375,525.0921020507812,16.995849609375,30.54681396484375,0.43221527338027954,-1,-1,-1
435,345,3872.260986328125,621.6826782226562,20.723388671875,52.70513916015625,0.6143307685852051,-1,-1,-1
435,466,3653.33154296875,576.4027099609375,26.222900390625,66.5032958984375,0.35445600748062134,-1,-1,-1
436,2,4955.34765625,810.2131958007812,55.66015625,105.66607666015625,0.7414928078651428,-1,-1,-1
436,228,3727.130859375,730.539306640625,27.592041015625,90.1815185546875,0.7351211905479431,-1,-1,-1
436,399,3820.765869140625,800.2119140625,46.6884765625,110.98919677734375,0.6409992575645447,-1,-1,-1
436,277,4238.05615234375,731.509033203125,40.8525390625,85.5601806640625,0.7367250919342041,-1,-1,-1
436,1,4341.63525390625,772.515869140625,56.59521484375,75.8428955078125,0.6613904237747192,-1,-1,-1
436,378,4612.14013671875,665.7216186523438,37.9169921875,64.45245361328125,0.5389004349708557,-1,-1,-1
436,410,3308.795166015625,608.2640380859375,25.55517578125,45.25927734375,0.47946974635124207,-1,-1,-1
436,446,3992.60205078125,528.0059204101562,17.593994140625,29.16082763671875,0.39320409297943115,-1,-1,-1
436,345,3872.08251953125,622.5106201171875,19.855224609375,52.18023681640625,0.6608413457870483,-1,-1,-1
436,466,3651.0322265625,569.7131958007812,31.40380859375,71.92364501953125,0.35816362500190735,-1,-1,-1
437,2,4954.94921875,810.5888671875,56.0185546875,105.2431640625,0.739359974861145,-1,-1,-1
437,228,3725.740234375,730.6959228515625,28.59423828125,90.1529541015625,0.7218165397644043,-1,-1,-1
437,399,3820.381591796875,800.578125,45.6376953125,110.486572265625,0.6297017931938171,-1,-1,-1
437,277,4242.17041015625,731.3893432617188,43.0576171875,83.8970947265625,0.7454760074615479,-1,-1,-1
437,1,4343.275390625,768.885498046875,51.0927734375,78.834228515625,0.7268574833869934,-1,-1,-1
437,378,4613.8544921875,667.4498901367188,40.16162109375,62.67730712890625,0.45128798484802246,-1,-1,-1
437,410,3307.630615234375,609.4151000976562,28.186767578125,46.0216064453125,0.4666559398174286,-1,-1,-1
437,446,3992.67041015625,528.1380004882812,18.26708984375,28.38671875,0.3736712336540222,-1,-1,-1
437,345,3872.01953125,623.3123779296875,19.931396484375,51.89129638671875,0.6412837505340576,-1,-1,-1
438,2,4953.79443359375,810.9692993164062,57.35498046875,104.5550537109375,0.7197535037994385,-1,-1,-1
438,228,3723.927734375,731.2531127929688,29.869140625,89.92425537109375,0.6506918668746948,-1,-1,-1
438,399,3818.046630859375,801.9434204101562,48.33740234375,109.2763671875,0.664398729801178,-1,-1,-1
438,277,4249.60791015625,731.2046508789062,39.40576171875,84.89886474609375,0.7600492238998413,-1,-1,-1
438,1,4345.36572265625,767.980712890625,48.251953125,78.6082763671875,0.7175616025924683,-1,-1,-1
438,378,4616.056640625,668.31640625,41.814453125,64.145263671875,0.5485332012176514,-1,-1,-1
438,410,3307.32275390625,610.044677734375,29.833251953125,47.24493408203125,0.48852014541625977,-1,-1,-1
438,446,3992.96142578125,528.1674194335938,20.01416015625,30.6846923828125,0.33419114351272583,-1,-1,-1
438,345,3871.8291015625,623.364990234375,19.846435546875,52.2530517578125,0.6382929682731628,-1,-1,-1
438,477,4220.05224609375,575.2060546875,20.5625,35.91448974609375,0.38714101910591125,-1,-1,-1
439,2,4952.79296875,811.2628784179688,58.3115234375,103.8814697265625,0.715973436832428,-1,-1,-1
439,228,3721.512451171875,731.4827880859375,31.82080078125,89.70684814453125,0.5756340026855469,-1,-1,-1
439,399,3816.735107421875,802.6229248046875,48.592529296875,106.96319580078125,0.7060906887054443,-1,-1,-1
439,277,4254.3486328125,732.4317016601562,37.13134765625,86.30865478515625,0.714683473110199,-1,-1,-1
439,1,4346.10009765625,766.8859252929688,48.52294921875,79.0211181640625,0.7572046518325806,-1,-1,-1
439,378,4617.96240234375,668.001220703125,43.73046875,63.057861328125,0.5484226942062378,-1,-1,-1
439,410,3307.054443359375,612.5159301757812,32.022216796875,46.41497802734375,0.4235001504421234,-1,-1,-1
439,446,3993.23193359375,529.4266357421875,21.42919921875,30.05926513671875,0.2970556616783142,-1,-1,-1
439,345,3871.592041015625,623.4972534179688,20.00634765625,52.138671875,0.6646729707717896,-1,-1,-1
439,477,4222.111328125,575.31005859375,20.431640625,35.63623046875,0.35819509625434875,-1,-1,-1
440,2,4952.3408203125,811.4588623046875,58.90673828125,103.59613037109375,0.7131079435348511,-1,-1,-1
440,228,3720.1875,731.2442626953125,31.9853515625,89.35101318359375,0.6161192059516907,-1,-1,-1
440,399,3816.187744140625,802.0641479492188,49.291259765625,107.77252197265625,0.7574958205223083,-1,-1,-1
440,277,4263.6064453125,735.302734375,31.71484375,86.436767578125,0.5791165232658386,-1,-1,-1
440,1,4347.13525390625,766.14599609375,50.02001953125,79.66387939453125,0.7925583720207214,-1,-1,-1
440,378,4620.86572265625,666.3565673828125,44.75830078125,66.1236572265625,0.6117973327636719,-1,-1,-1
440,410,3308.708740234375,612.45556640625,32.613037109375,47.34881591796875,0.4338235855102539,-1,-1,-1
440,446,3993.42236328125,529.2295532226562,22.013427734375,30.25311279296875,0.3024701476097107,-1,-1,-1
440,345,3871.5888671875,623.5750732421875,19.93115234375,52.23443603515625,0.650514543056488,-1,-1,-1
440,477,4225.52978515625,574.9598999023438,20.173828125,35.26702880859375,0.34310901165008545,-1,-1,-1
441,2,4952.17431640625,811.0803833007812,59.41064453125,104.3162841796875,0.7267540693283081,-1,-1,-1
441,228,3719.685546875,731.96923828125,30.526611328125,88.19244384765625,0.6658511161804199,-1,-1,-1
441,399,3815.071533203125,801.9083862304688,46.64501953125,108.73846435546875,0.7906867861747742,-1,-1,-1
441,277,4268.8349609375,735.1588745117188,29.27783203125,84.84527587890625,0.7124150991439819,-1,-1,-1
441,1,4348.3271484375,764.3656005859375,51.1630859375,80.43902587890625,0.7819830775260925,-1,-1,-1
441,378,4621.21142578125,666.6141357421875,47.36181640625,66.6290283203125,0.6927068829536438,-1,-1,-1
441,410,3309.593994140625,611.7297973632812,34.277099609375,47.665771484375,0.4497860074043274,-1,-1,-1
441,446,3993.5419921875,529.0463256835938,22.82568359375,31.9404296875,0.2664746046066284,-1,-1,-1
441,345,3871.58154296875,623.6409912109375,19.7939453125,52.2401123046875,0.6508955955505371,-1,-1,-1
441,477,4226.826171875,574.3511352539062,22.05859375,35.90863037109375,0.3137902021408081,-1,-1,-1
442,2,4951.83837890625,810.7417602539062,59.95849609375,104.84130859375,0.7537540793418884,-1,-1,-1
442,228,3718.68896484375,732.7037353515625,29.97412109375,87.00457763671875,0.7509385943412781,-1,-1,-1
442,399,3813.597900390625,801.1657104492188,45.0556640625,108.53594970703125,0.8176255226135254,-1,-1,-1
442,277,4273.9716796875,733.6871337890625,27.8408203125,87.3140869140625,0.7603673338890076,-1,-1,-1
442,1,4352.9296875,761.1298217773438,48.27099609375,82.46368408203125,0.729011058807373,-1,-1,-1
442,378,4623.65234375,668.0071411132812,46.38818359375,66.797119140625,0.6143985390663147,-1,-1,-1
442,410,3311.189453125,610.9830932617188,35.38427734375,48.20526123046875,0.41997939348220825,-1,-1,-1
442,345,3871.558837890625,623.6226196289062,19.558349609375,52.24249267578125,0.6379545331001282,-1,-1,-1
442,477,4228.302734375,576.78271484375,22.29736328125,35.52398681640625,0.30938711762428284,-1,-1,-1
442,460,3003.132568359375,518.4744873046875,18.873046875,40.0247802734375,0.2597745656967163,-1,-1,-1
443,2,4951.81640625,810.6693115234375,60.20166015625,105.1439208984375,0.7501204013824463,-1,-1,-1
443,228,3717.96630859375,732.5704956054688,29.440185546875,85.68707275390625,0.7554967999458313,-1,-1,-1
443,399,3811.092041015625,800.894775390625,44.356689453125,109.84576416015625,0.8388335108757019,-1,-1,-1
443,277,4277.60400390625,732.2808227539062,28.88671875,89.7799072265625,0.7852286696434021,-1,-1,-1
443,1,4356.86474609375,758.8482055664062,45.83740234375,83.5496826171875,0.6803825497627258,-1,-1,-1
443,378,4626.47607421875,669.7073364257812,47.095703125,66.5897216796875,0.4644509255886078,-1,-1,-1
443,410,3314.229736328125,611.0867919921875,34.017578125,46.96868896484375,0.30844181776046753,-1,-1,-1
443,345,3871.638916015625,623.6209716796875,19.302978515625,52.22454833984375,0.6179861426353455,-1,-1,-1
443,477,4229.93603515625,578.5361328125,23.22509765625,35.779541015625,0.32957711815834045,-1,-1,-1
443,460,3003.437744140625,518.4506225585938,18.686279296875,39.751708984375,0.2707965672016144,-1,-1,-1
444,2,4951.6376953125,810.7796020507812,61.0322265625,105.29595947265625,0.7533136010169983,-1,-1,-1
444,228,3716.568115234375,731.819091796875,30.152099609375,85.95086669921875,0.7668995261192322,-1,-1,-1
444,399,3809.093994140625,801.646728515625,42.3916015625,109.72344970703125,0.8210070729255676,-1,-1,-1
444,277,4279.455078125,731.5331420898438,33.24365234375,89.0811767578125,0.7872846126556396,-1,-1,-1
444,1,4359.15966796875,757.6128540039062,47.79150390625,84.0758056640625,0.6323748826980591,-1,-1,-1
444,378,4631.3642578125,669.134765625,46.5498046875,68.94110107421875,0.42979124188423157,-1,-1,-1
444,410,3315.65771484375,611.6477661132812,34.656494140625,45.18414306640625,0.2571863532066345,-1,-1,-1
444,345,3871.355224609375,623.603759765625,19.424560546875,52.5028076171875,0.6298044919967651,-1,-1,-1
444,477,4232.5478515625,578.3790283203125,24.80078125,36.0377197265625,0.3515077829360962,-1,-1,-1
444,460,3003.655517578125,518.3474731445312,18.59765625,39.87567138671875,0.27773317694664,-1,-1,-1
444,484,3632.493408203125,594.6289672851562,23.2529296875,50.0601806640625,0.4534796476364136,-1,-1,-1
445,2,4952.3037109375,810.6944580078125,60.83740234375,105.38958740234375,0.7490257024765015,-1,-1,-1
445,228,3715.373779296875,731.3930053710938,30.091796875,84.70440673828125,0.7842798829078674,-1,-1,-1
445,399,3807.1181640625,801.9785766601562,39.712646484375,108.37188720703125,0.8023563027381897,-1,-1,-1
445,277,4282.166015625,731.2039184570312,35.138671875,88.90350341796875,0.7470749616622925,-1,-1,-1
445,1,4360.482421875,756.4490356445312,50.23388671875,85.6912841796875,0.6445925831794739,-1,-1,-1
445,378,4634.3203125,668.4861450195312,47.36474609375,70.988037109375,0.5072903037071228,-1,-1,-1
445,410,3318.66748046875,611.82861328125,33.544189453125,44.12042236328125,0.309307336807251,-1,-1,-1
445,345,3871.06689453125,623.9862060546875,19.433837890625,52.387451171875,0.6242272257804871,-1,-1,-1
445,477,4236.56689453125,578.8952026367188,24.22265625,36.41925048828125,0.2775498330593109,-1,-1,-1
445,484,3630.542724609375,594.6311645507812,23.585693359375,49.96832275390625,0.3699537217617035,-1,-1,-1
446,2,4954.38671875,810.7360229492188,59.3564453125,105.408203125,0.7538869380950928,-1,-1,-1
446,228,3714.14111328125,729.9774169921875,30.78857421875,85.22320556640625,0.7526261806488037,-1,-1,-1
446,399,3804.841552734375,801.6759033203125,38.734375,110.1668701171875,0.7741894721984863,-1,-1,-1
446,277,4283.53271484375,731.1307983398438,38.03466796875,86.87872314453125,0.6921026706695557,-1,-1,-1
446,1,4364.2314453125,754.7973022460938,49.8447265625,87.31610107421875,0.6229583024978638,-1,-1,-1
446,378,4637.5029296875,668.6673583984375,47.1376953125,71.94732666015625,0.5350298881530762,-1,-1,-1
446,410,3320.459716796875,613.5910034179688,33.905517578125,42.83929443359375,0.33256426453590393,-1,-1,-1
446,345,3870.774169921875,624.2813110351562,19.520751953125,52.2977294921875,0.6036515235900879,-1,-1,-1
446,477,4240.1005859375,579.467041015625,22.7177734375,37.1590576171875,0.2849319279193878,-1,-1,-1
446,484,3628.080322265625,595.1693725585938,24.88671875,52.58966064453125,0.43350258469581604,-1,-1,-1
447,2,4953.810546875,810.5389404296875,60.6650390625,105.5977783203125,0.7354460954666138,-1,-1,-1
447,228,3712.824951171875,728.2525634765625,31.624755859375,84.4581298828125,0.7615839838981628,-1,-1,-1
447,399,3803.5986328125,800.9089965820312,37.370361328125,110.70947265625,0.7823763489723206,-1,-1,-1
447,277,4285.34228515625,730.8505249023438,39.54296875,85.49322509765625,0.6027638912200928,-1,-1,-1
447,1,4369.26708984375,755.1842041015625,49.83544921875,86.1353759765625,0.6606683731079102,-1,-1,-1
447,378,4643.78076171875,669.2415161132812,43.08349609375,71.807861328125,0.5365722179412842,-1,-1,-1
447,410,3323.4208984375,611.7396850585938,33.55078125,43.89727783203125,0.4079989194869995,-1,-1,-1
447,345,3870.72021484375,624.44287109375,19.490234375,51.9732666015625,0.6004979610443115,-1,-1,-1
447,484,3625.076904296875,593.2135620117188,26.179931640625,53.7685546875,0.2597953677177429,-1,-1,-1
447,460,3004.164306640625,517.59765625,18.9443359375,41.162109375,0.26457253098487854,-1,-1,-1
448,2,4953.85791015625,810.6375122070312,61.2431640625,105.56982421875,0.740813136100769,-1,-1,-1
448,228,3711.590087890625,726.5646362304688,31.19140625,85.8641357421875,0.755298376083374,-1,-1,-1
448,399,3801.761962890625,801.286376953125,37.521484375,110.7745361328125,0.7746423482894897,-1,-1,-1
448,277,4291.5859375,731.3485717773438,35.5380859375,85.806884765625,0.6713017225265503,-1,-1,-1
448,1,4372.79296875,754.5253295898438,49.15087890625,86.75250244140625,0.7022277116775513,-1,-1,-1
448,378,4648.97021484375,670.6180419921875,39.3974609375,70.04364013671875,0.5866897106170654,-1,-1,-1
448,410,3331.216796875,610.0863037109375,27.390625,45.61865234375,0.5002285242080688,-1,-1,-1
448,345,3870.3427734375,624.5557861328125,19.74072265625,51.9591064453125,0.5914216041564941,-1,-1,-1
448,460,3004.54345703125,517.4636840820312,18.85009765625,41.12457275390625,0.2980278730392456,-1,-1,-1
448,477,4247.9775390625,583.4617309570312,22.64697265625,33.72039794921875,0.370708703994751,-1,-1,-1
449,2,4954.02294921875,810.4913330078125,61.48828125,105.71063232421875,0.7618610262870789,-1,-1,-1
449,228,3710.382080078125,725.6052856445312,30.449462890625,85.4071044921875,0.7414526343345642,-1,-1,-1
449,399,3799.051025390625,801.1158447265625,37.95556640625,109.7686767578125,0.7303646802902222,-1,-1,-1
449,277,4295.78173828125,731.9120483398438,34.70166015625,85.1519775390625,0.7198476791381836,-1,-1,-1
449,1,4374.30615234375,754.5992431640625,54.185546875,85.8514404296875,0.7173216938972473,-1,-1,-1
449,378,4654.9951171875,673.7974243164062,36.173828125,65.1466064453125,0.5505333542823792,-1,-1,-1
449,410,3334.706298828125,609.7527465820312,27.703857421875,45.6904296875,0.5186634063720703,-1,-1,-1
449,345,3869.720947265625,624.9796142578125,20.038818359375,52.179443359375,0.5910782814025879,-1,-1,-1
449,460,3004.96337890625,517.0454711914062,18.86767578125,41.4005126953125,0.3321954011917114,-1,-1,-1
449,477,4251.10888671875,586.0103759765625,22.15771484375,31.5770263671875,0.35897350311279297,-1,-1,-1
450,2,4954.8349609375,810.2200317382812,60.88818359375,106.0247802734375,0.761744499206543,-1,-1,-1
450,228,3709.4169921875,724.388671875,30.272216796875,86.32562255859375,0.7525047063827515,-1,-1,-1
450,399,3796.29150390625,801.3381958007812,38.56494140625,107.97991943359375,0.708666205406189,-1,-1,-1
450,277,4298.52001953125,731.6025390625,35.822265625,85.3402099609375,0.7576240301132202,-1,-1,-1
450,1,4378.03369140625,755.2926025390625,54.4482421875,83.2169189453125,0.664914608001709,-1,-1,-1
450,378,4658.88720703125,676.5868530273438,34.52783203125,64.5677490234375,0.5931257009506226,-1,-1,-1
450,410,3335.862548828125,610.8463745117188,30.030517578125,44.34625244140625,0.48517367243766785,-1,-1,-1
450,345,3869.346435546875,625.3208618164062,20.642822265625,51.95404052734375,0.6098747849464417,-1,-1,-1
450,460,3005.468505859375,516.5833129882812,18.8974609375,41.7423095703125,0.35223713517189026,-1,-1,-1
450,477,4252.83203125,587.2913818359375,24.0185546875,32.64971923828125,0.3557088077068329,-1,-1,-1
450,493,3755.36181640625,513.0872802734375,14.5205078125,26.44818115234375,0.3383238911628723,-1,-1,-1
450,484,3618.65576171875,594.250732421875,27.728515625,55.87689208984375,0.25641727447509766,-1,-1,-1
451,2,4954.4677734375,810.3363037109375,61.373046875,106.3013916015625,0.7657480239868164,-1,-1,-1
451,228,3708.44580078125,724.4862670898438,29.4970703125,86.6099853515625,0.7883701920509338,-1,-1,-1
451,399,3789.439208984375,801.3070068359375,44.081298828125,104.24481201171875,0.7355552911758423,-1,-1,-1
451,277,4300.79931640625,731.3502807617188,37.01953125,85.770751953125,0.7881045341491699,-1,-1,-1
451,1,4381.3359375,755.0468139648438,52.26171875,81.62677001953125,0.5877364277839661,-1,-1,-1
451,378,4660.8076171875,677.5751953125,35.1123046875,67.711669921875,0.6283335089683533,-1,-1,-1
451,410,3334.86962890625,609.90966796875,34.680908203125,46.0909423828125,0.438670814037323,-1,-1,-1
451,345,3869.218994140625,625.544189453125,21.025634765625,51.62603759765625,0.6172385811805725,-1,-1,-1
451,460,3006.3740234375,516.276123046875,18.59765625,41.65118408203125,0.35357725620269775,-1,-1,-1
451,477,4256.84423828125,586.5798950195312,25.078125,35.38983154296875,0.40300342440605164,-1,-1,-1
451,493,3755.88037109375,512.4086303710938,13.90185546875,27.31170654296875,0.2866338789463043,-1,-1,-1
451,497,3420.08984375,533.3515625,17.02001953125,26.37286376953125,0.34518611431121826,-1,-1,-1
452,2,4955.15576171875,810.5433349609375,60.87060546875,106.29931640625,0.7790488004684448,-1,-1,-1
452,228,3707.465576171875,724.53125,29.024169921875,86.08447265625,0.7884096503257751,-1,-1,-1
452,399,3785.364990234375,801.2178344726562,46.810791015625,101.86090087890625,0.759835422039032,-1,-1,-1
452,277,4303.5146484375,730.1140747070312,36.1953125,88.295166015625,0.8131604790687561,-1,-1,-1
452,1,4384.2744140625,753.9126586914062,50.98974609375,81.0260009765625,0.5323054790496826,-1,-1,-1
452,378,4662.59716796875,677.718994140625,37.4052734375,68.56439208984375,0.5397345423698425,-1,-1,-1
452,410,3335.620849609375,608.1346435546875,37.07275390625,46.77069091796875,0.33015763759613037,-1,-1,-1
452,345,3869.0947265625,625.6547241210938,21.255615234375,51.4691162109375,0.6214277148246765,-1,-1,-1
452,460,3006.734130859375,516.202880859375,18.905517578125,41.548828125,0.34185591340065,-1,-1,-1
452,477,4261.70849609375,586.2391967773438,25.353515625,34.2869873046875,0.30633336305618286,-1,-1,-1
452,493,3755.912109375,512.9456176757812,13.85595703125,26.89056396484375,0.2981339395046234,-1,-1,-1
452,497,3421.3671875,534.6959228515625,18.25048828125,26.587646484375,0.32143962383270264,-1,-1,-1
452,484,3614.23779296875,593.7340087890625,25.42626953125,56.4322509765625,0.3132573664188385,-1,-1,-1
453,2,4957.96875,810.5865478515625,58.26171875,106.59820556640625,0.7875322103500366,-1,-1,-1
453,228,3706.77587890625,724.2386474609375,29.115966796875,85.69439697265625,0.7960883378982544,-1,-1,-1
453,399,3781.524658203125,800.7059936523438,50.063720703125,102.83306884765625,0.7823599576950073,-1,-1,-1
453,277,4307.05419921875,728.861083984375,35.283203125,91.8194580078125,0.8192169666290283,-1,-1,-1
453,1,4386.48681640625,753.7232666015625,49.703125,80.95538330078125,0.5668766498565674,-1,-1,-1
453,378,4665.4931640625,677.174560546875,39.794921875,73.20660400390625,0.5751354098320007,-1,-1,-1
453,410,3342.386962890625,607.18994140625,33.3720703125,47.77862548828125,0.36096397042274475,-1,-1,-1
453,345,3869.486328125,625.8458251953125,21.08984375,51.234375,0.6163321137428284,-1,-1,-1
453,460,3006.81689453125,516.2989501953125,19.490966796875,42.3466796875,0.31404417753219604,-1,-1,-1
453,493,3756.516357421875,514.8387451171875,13.64111328125,25.06170654296875,0.26426711678504944,-1,-1,-1
453,497,3422.51025390625,532.6503295898438,17.96044921875,29.613037109375,0.3778591752052307,-1,-1,-1
453,484,3613.4169921875,594.9384155273438,23.4453125,56.887451171875,0.5209212899208069,-1,-1,-1
454,2,4961.00830078125,810.6810302734375,55.65576171875,105.9864501953125,0.7909870743751526,-1,-1,-1
454,228,3705.79150390625,724.5088500976562,29.064208984375,85.48382568359375,0.7973261475563049,-1,-1,-1
454,399,3780.010986328125,800.2600708007812,50.0322265625,102.67156982421875,0.7736943364143372,-1,-1,-1
454,277,4309.615234375,726.2962646484375,34.74658203125,93.225830078125,0.8194307684898376,-1,-1,-1
454,1,4387.1337890625,752.8406372070312,51.81884765625,81.91180419921875,0.5964205861091614,-1,-1,-1
454,378,4668.16748046875,677.903564453125,42.51904296875,68.3602294921875,0.515752375125885,-1,-1,-1
454,410,3347.34814453125,608.4432983398438,31.43115234375,43.69012451171875,0.3442397713661194,-1,-1,-1
454,345,3870.34619140625,626.122802734375,20.84765625,50.40716552734375,0.6014929413795471,-1,-1,-1
454,460,3007.36962890625,516.134033203125,19.642333984375,41.0152587890625,0.26239538192749023,-1,-1,-1
454,497,3423.171875,532.8301391601562,17.178466796875,29.2025146484375,0.3378789722919464,-1,-1,-1
454,484,3612.597900390625,595.64453125,21.369384765625,56.68914794921875,0.49536535143852234,-1,-1,-1
455,2,4962.66455078125,810.7709350585938,54.68603515625,105.79132080078125,0.7977701425552368,-1,-1,-1
455,228,3702.629638671875,723.7374267578125,30.70556640625,85.755615234375,0.7899362444877625,-1,-1,-1
455,399,3778.02001953125,800.6400756835938,50.33837890625,101.044189453125,0.7835333347320557,-1,-1,-1
455,277,4310.33349609375,723.6080932617188,36.33203125,93.6583251953125,0.8115374445915222,-1,-1,-1
455,1,4390.39453125,751.800048828125,51.66455078125,82.67437744140625,0.590331494808197,-1,-1,-1
455,378,4670.2822265625,678.6576538085938,46.54248046875,67.9576416015625,0.5297406911849976,-1,-1,-1
455,410,3350.6103515625,607.912841796875,29.67626953125,43.98382568359375,0.38440120220184326,-1,-1,-1
455,345,3870.86474609375,626.0072631835938,20.75341796875,50.0518798828125,0.6064772605895996,-1,-1,-1
455,460,3007.7744140625,515.8379516601562,19.799560546875,41.34576416015625,0.2638339102268219,-1,-1,-1
455,497,3423.478271484375,533.4518432617188,17.462646484375,30.459716796875,0.29534828662872314,-1,-1,-1
455,484,3610.139404296875,596.1046142578125,20.5634765625,51.088623046875,0.4273604154586792,-1,-1,-1
455,505,4014.69921875,535.767578125,15.787841796875,30.27783203125,0.3713959753513336,-1,-1,-1
455,477,4274.4677734375,589.5086669921875,23.244140625,34.86785888671875,0.34382617473602295,-1,-1,-1
455,493,3757.588134765625,517.6715698242188,13.340087890625,23.31341552734375,0.25129255652427673,-1,-1,-1
456,2,4963.07421875,810.6983642578125,55.18798828125,105.611328125,0.7900323271751404,-1,-1,-1
456,228,3700.891357421875,723.1228637695312,31.655029296875,85.6256103515625,0.776256263256073,-1,-1,-1
456,399,3776.74853515625,800.1812744140625,49.42529296875,100.52410888671875,0.7578736543655396,-1,-1,-1
456,277,4311.47900390625,721.0767822265625,36.42236328125,94.59564208984375,0.7870508432388306,-1,-1,-1
456,1,4393.97314453125,749.9313354492188,47.58544921875,85.0692138671875,0.5713214874267578,-1,-1,-1
456,378,4671.10400390625,679.5613403320312,54.443359375,70.16546630859375,0.5771161317825317,-1,-1,-1
456,410,3356.176513671875,605.77978515625,26.438232421875,46.87615966796875,0.45195406675338745,-1,-1,-1
456,345,3871.225830078125,626.3689575195312,20.697509765625,49.1380615234375,0.5883082151412964,-1,-1,-1
456,460,3007.91357421875,515.5517578125,19.99951171875,42.19805908203125,0.26604366302490234,-1,-1,-1
456,497,3423.673095703125,533.3784790039062,17.467041015625,29.40997314453125,0.2501864731311798,-1,-1,-1
456,484,3608.687744140625,595.7461547851562,20.63720703125,47.75665283203125,0.4718092381954193,-1,-1,-1
456,505,4015.801513671875,535.7332763671875,15.197998046875,29.759521484375,0.3570583760738373,-1,-1,-1
456,477,4277.69970703125,588.1250610351562,23.0927734375,36.59332275390625,0.3639989495277405,-1,-1,-1
456,493,3757.84228515625,517.8384399414062,12.874267578125,22.53057861328125,0.2772884964942932,-1,-1,-1
457,2,4962.96044921875,810.8114013671875,56.27880859375,105.6436767578125,0.7849229574203491,-1,-1,-1
457,228,3699.25830078125,722.5086669921875,31.163330078125,85.94061279296875,0.8074184060096741,-1,-1,-1
457,399,3774.963623046875,800.1082153320312,46.470703125,101.885986328125,0.7918386459350586,-1,-1,-1
457,277,4312.20458984375,719.863525390625,37.537109375,93.003662109375,0.7475211024284363,-1,-1,-1
457,1,4396.03125,749.009765625,48.4736328125,86.72564697265625,0.6615572571754456,-1,-1,-1
457,378,4673.1416015625,681.63330078125,60.2080078125,68.49102783203125,0.5400643348693848,-1,-1,-1
457,410,3361.884765625,603.4203491210938,22.926513671875,49.60711669921875,0.484920471906662,-1,-1,-1
457,345,3871.818359375,626.3143920898438,21.013916015625,49.52484130859375,0.6046332716941833,-1,-1,-1
457,460,3008.29248046875,515.322265625,20.099365234375,42.6248779296875,0.2698325216770172,-1,-1,-1
457,484,3605.210693359375,595.489501953125,23.154296875,46.65313720703125,0.36095502972602844,-1,-1,-1
457,505,4016.226806640625,536.0949096679688,16.07763671875,29.1746826171875,0.28182727098464966,-1,-1,-1
457,477,4282.77392578125,588.32275390625,21.8974609375,36.8463134765625,0.37037596106529236,-1,-1,-1
458,2,4962.51220703125,810.7228393554688,58.0888671875,105.76763916015625,0.7860656976699829,-1,-1,-1
458,228,3698.301025390625,720.9514770507812,30.286376953125,87.21478271484375,0.8044832944869995,-1,-1,-1
458,399,3774.1796875,798.1893920898438,40.662109375,102.59619140625,0.7809699773788452,-1,-1,-1
458,277,4314.74365234375,719.6887817382812,37.26904296875,91.6708984375,0.7642724514007568,-1,-1,-1
458,1,4396.32421875,749.474853515625,50.49658203125,86.37542724609375,0.667461633682251,-1,-1,-1
458,378,4677.64990234375,683.541259765625,65.49755859375,72.4488525390625,0.6495257616043091,-1,-1,-1
458,410,3365.874267578125,603.4852294921875,22.49755859375,47.9908447265625,0.4631306827068329,-1,-1,-1
458,345,3872.331787109375,626.4505004882812,20.957275390625,49.466552734375,0.6212407946586609,-1,-1,-1
458,460,3008.644287109375,515.2471313476562,19.833251953125,42.38909912109375,0.27152806520462036,-1,-1,-1
458,484,3603.715087890625,594.5054321289062,23.353759765625,47.0751953125,0.33940818905830383,-1,-1,-1
458,505,4017.130859375,535.3097534179688,16.490478515625,29.69573974609375,0.29460304975509644,-1,-1,-1
458,477,4286.396484375,588.1947021484375,24.755859375,38.4359130859375,0.391292929649353,-1,-1,-1
459,2,4960.853515625,810.5721435546875,61.3154296875,106.284423828125,0.7805604338645935,-1,-1,-1
459,228,3697.313720703125,720.4205322265625,30.294189453125,85.70263671875,0.7847433090209961,-1,-1,-1
459,399,3773.908203125,797.1211547851562,35.90087890625,103.98468017578125,0.753419041633606,-1,-1,-1
459,277,4316.73583984375,719.798828125,37.1826171875,90.9139404296875,0.764352023601532,-1,-1,-1
459,1,4394.3193359375,748.1762084960938,56.658203125,88.61981201171875,0.6852556467056274,-1,-1,-1
459,378,4683.06787109375,685.672607421875,60.49365234375,67.67095947265625,0.5688216686248779,-1,-1,-1
459,410,3368.128662109375,601.7173461914062,24.43359375,50.9637451171875,0.550978422164917,-1,-1,-1
459,345,3872.80322265625,626.2318725585938,20.7587890625,49.25823974609375,0.636865496635437,-1,-1,-1
459,460,3008.760009765625,515.0167236328125,20.006591796875,41.90460205078125,0.27005964517593384,-1,-1,-1
459,484,3601.126220703125,594.235107421875,25.09765625,47.34619140625,0.3417397141456604,-1,-1,-1
459,505,4018.306884765625,534.4994506835938,16.64013671875,33.4969482421875,0.3253982663154602,-1,-1,-1
459,477,4289.29150390625,588.6070556640625,27.3671875,42.75079345703125,0.3750481605529785,-1,-1,-1
460,2,4959.33544921875,810.5830688476562,64.43115234375,106.46575927734375,0.7719706296920776,-1,-1,-1
460,228,3696.72900390625,719.6976318359375,30.090576171875,84.73516845703125,0.7284504175186157,-1,-1,-1
460,399,3771.483154296875,796.8282470703125,33.129638671875,103.31134033203125,0.7747688293457031,-1,-1,-1
460,277,4318.46923828125,720.4790649414062,37.77734375,87.924560546875,0.7411500215530396,-1,-1,-1
460,1,4392.7216796875,747.1006469726562,61.81103515625,89.25604248046875,0.588697075843811,-1,-1,-1
460,378,4686.7890625,689.7330322265625,55.93701171875,60.99505615234375,0.437376469373703,-1,-1,-1
460,410,3370.9677734375,599.8004760742188,24.952392578125,55.595703125,0.6061919331550598,-1,-1,-1
460,345,3873.3779296875,626.0869750976562,20.65283203125,48.70220947265625,0.6346440315246582,-1,-1,-1
460,460,3009.042724609375,515.0687866210938,20.132080078125,40.56646728515625,0.25780966877937317,-1,-1,-1
460,484,3600.17529296875,594.4000244140625,24.271484375,52.03485107421875,0.34521251916885376,-1,-1,-1
460,505,4019.7724609375,533.7083129882812,16.631591796875,31.93035888671875,0.304348886013031,-1,-1,-1
460,477,4290.626953125,588.1388549804688,29.576171875,45.13934326171875,0.32506540417671204,-1,-1,-1
461,2,4958.23486328125,810.7281494140625,66.71337890625,106.479736328125,0.7689435482025146,-1,-1,-1
461,228,3694.5048828125,718.506591796875,31.920654296875,84.873779296875,0.6248294711112976,-1,-1,-1
461,399,3768.88330078125,794.736572265625,31.831298828125,105.45904541015625,0.7968103885650635,-1,-1,-1
461,277,4319.50244140625,720.6624145507812,37.70263671875,86.84442138671875,0.7517508268356323,-1,-1,-1
461,1,4393.9375,747.0853271484375,64.921875,89.839599609375,0.6447320580482483,-1,-1,-1
461,378,4688.9072265625,692.2988891601562,57.4990234375,59.276611328125,0.45562219619750977,-1,-1,-1
461,410,3373.53076171875,598.2367553710938,26.8056640625,57.3983154296875,0.5696290731430054,-1,-1,-1
461,345,3873.57470703125,626.1565551757812,21.06640625,48.38800048828125,0.6453218460083008,-1,-1,-1
461,460,3009.02001953125,515.1222534179688,20.279052734375,40.76568603515625,0.2648392617702484,-1,-1,-1
461,484,3597.00634765625,596.181396484375,25.75830078125,49.13629150390625,0.34451085329055786,-1,-1,-1
461,505,4020.2685546875,534.0177612304688,16.857666015625,32.4205322265625,0.27716726064682007,-1,-1,-1
461,477,4296.7275390625,590.5623779296875,27.03271484375,44.09613037109375,0.2954208254814148,-1,-1,-1
462,2,4957.54931640625,810.9525146484375,68.7998046875,106.38134765625,0.7683708667755127,-1,-1,-1
462,228,3693.251708984375,717.729248046875,30.99658203125,83.03759765625,0.5855175852775574,-1,-1,-1
462,399,3764.52197265625,793.9666748046875,32.693359375,104.4637451171875,0.8156784176826477,-1,-1,-1
462,277,4321.85205078125,720.9335327148438,35.88037109375,87.03857421875,0.7559216022491455,-1,-1,-1
462,1,4396.92431640625,748.543701171875,64.36279296875,88.68896484375,0.5550557971000671,-1,-1,-1
462,378,4693.5478515625,693.0203247070312,54.23193359375,61.5316162109375,0.34725427627563477,-1,-1,-1
462,410,3376.753662109375,596.3682861328125,26.80859375,57.8983154296875,0.5863088965415955,-1,-1,-1
462,345,3874.037353515625,626.4130859375,21.619384765625,47.3009033203125,0.6239065527915955,-1,-1,-1
462,460,3009.10693359375,515.9981689453125,20.265380859375,40.14239501953125,0.2878071069717407,-1,-1,-1
462,484,3593.816162109375,597.6318359375,26.418212890625,47.95916748046875,0.2637704014778137,-1,-1,-1
462,477,4303.5830078125,594.3622436523438,25.080078125,44.0343017578125,0.42872604727745056,-1,-1,-1
463,2,4957.48046875,811.2742309570312,70.03515625,106.39581298828125,0.7546648979187012,-1,-1,-1
463,228,3690.7373046875,717.588623046875,31.143798828125,82.6337890625,0.6711968779563904,-1,-1,-1
463,399,3760.919189453125,792.7115478515625,33.554443359375,104.49456787109375,0.8167009353637695,-1,-1,-1
463,277,4322.97119140625,719.0625,34.26708984375,86.81988525390625,0.710789680480957,-1,-1,-1
463,1,4402.0732421875,749.8513793945312,60.3369140625,87.0006103515625,0.5053417682647705,-1,-1,-1
463,378,4695.68994140625,692.5065307617188,53.76904296875,64.56982421875,0.4762413799762726,-1,-1,-1
463,410,3381.35302734375,595.0568237304688,25.12451171875,55.99920654296875,0.6191716194152832,-1,-1,-1
463,345,3873.762939453125,625.81640625,23.210205078125,51.53753662109375,0.6318960189819336,-1,-1,-1
463,460,3008.982421875,516.0753173828125,20.37451171875,40.46966552734375,0.2931163012981415,-1,-1,-1
463,484,3590.762451171875,598.6817016601562,26.692626953125,47.4869384765625,0.27826905250549316,-1,-1,-1
463,477,4307.96728515625,596.471923828125,24.5048828125,42.787353515625,0.47698041796684265,-1,-1,-1
464,2,4957.39306640625,811.6527099609375,71.51953125,105.9925537109375,0.7256863117218018,-1,-1,-1
464,228,3688.427001953125,716.7537841796875,31.67626953125,82.822265625,0.6727162003517151,-1,-1,-1
464,399,3756.39013671875,793.447021484375,37.33056640625,103.3514404296875,0.7474101185798645,-1,-1,-1
464,277,4323.56201171875,718.3751220703125,33.6865234375,86.342529296875,0.712040901184082,-1,-1,-1
464,1,4404.3828125,750.1339721679688,62.02392578125,86.23712158203125,0.4594498574733734,-1,-1,-1
464,378,4696.9970703125,692.8405151367188,56.134765625,67.5841064453125,0.4299362897872925,-1,-1,-1
464,410,3384.66259765625,596.6530151367188,25.970458984375,54.31298828125,0.5694602131843567,-1,-1,-1
464,345,3873.90625,625.4898071289062,23.61767578125,53.47222900390625,0.6293989419937134,-1,-1,-1
464,460,3009.07373046875,516.2978515625,20.89404296875,40.4984130859375,0.3101453185081482,-1,-1,-1
464,477,4313.42529296875,598.3131713867188,21.6533203125,39.44873046875,0.5554799437522888,-1,-1,-1
465,2,4957.41796875,811.8552856445312,72.9375,105.881103515625,0.7061935067176819,-1,-1,-1
465,228,3686.257080078125,714.1250610351562,32.752197265625,83.453369140625,0.7037947177886963,-1,-1,-1
465,399,3753.927734375,794.6458129882812,40.244140625,102.60345458984375,0.6959379315376282,-1,-1,-1
465,277,4323.42236328125,716.6981201171875,32.77587890625,87.58056640625,0.7297311425209045,-1,-1,-1
465,1,4410.96923828125,750.3118286132812,58.8408203125,85.213623046875,0.47362184524536133,-1,-1,-1
465,378,4699.83740234375,692.321044921875,55.28515625,66.1844482421875,0.4264402985572815,-1,-1,-1
465,410,3387.234619140625,596.3817138671875,25.398681640625,52.15606689453125,0.6087852120399475,-1,-1,-1
465,345,3873.73779296875,625.9480590820312,23.975830078125,53.67596435546875,0.6185590028762817,-1,-1,-1
465,460,3009.2138671875,516.658203125,21.465087890625,40.7879638671875,0.32991713285446167,-1,-1,-1
465,477,4317.65625,599.2139282226562,24.16015625,37.965087890625,0.3856414556503296,-1,-1,-1
466,2,4956.32568359375,812.5750732421875,75.07763671875,106.5848388671875,0.7290282845497131,-1,-1,-1
466,228,3683.90478515625,711.86474609375,32.673095703125,83.11212158203125,0.7110168933868408,-1,-1,-1
466,399,3744.5126953125,796.1505737304688,49.716064453125,101.352294921875,0.6062742471694946,-1,-1,-1
466,277,4322.99560546875,713.15576171875,33.23681640625,89.56793212890625,0.7471309900283813,-1,-1,-1
466,1,4416.1826171875,750.0770263671875,56.501953125,86.044921875,0.4998805820941925,-1,-1,-1
466,378,4701.34033203125,693.7249755859375,56.34765625,65.26702880859375,0.48692232370376587,-1,-1,-1
466,410,3391.370849609375,595.3621826171875,22.355224609375,51.3367919921875,0.5745290517807007,-1,-1,-1
466,345,3874.131591796875,625.6864013671875,23.846435546875,53.64691162109375,0.6512070298194885,-1,-1,-1
466,460,3009.301513671875,516.9336547851562,21.714599609375,40.65179443359375,0.357358455657959,-1,-1,-1
466,477,4322.7685546875,598.8133544921875,25.34521484375,41.65667724609375,0.3461270034313202,-1,-1,-1
466,526,3436.7783203125,539.059814453125,20.923828125,47.19134521484375,0.32077130675315857,-1,-1,-1
466,484,3586.06005859375,602.7954711914062,25.817626953125,47.3076171875,0.2895311415195465,-1,-1,-1
467,2,4956.9072265625,811.7410888671875,75.3671875,106.47186279296875,0.7528959512710571,-1,-1,-1
467,228,3681.9453125,710.7404174804688,33.5048828125,83.2498779296875,0.7192656993865967,-1,-1,-1
467,399,3735.96630859375,793.422607421875,57.634521484375,103.1077880859375,0.6612979173660278,-1,-1,-1
467,277,4323.46044921875,711.503173828125,34.0087890625,91.0684814453125,0.7471941709518433,-1,-1,-1
467,1,4418.6328125,751.0183715820312,57.7568359375,84.67474365234375,0.5616647005081177,-1,-1,-1
467,378,4703.1943359375,694.5331420898438,54.400390625,63.75244140625,0.5014983415603638,-1,-1,-1
467,410,3394.9716796875,594.7545776367188,21.39794921875,52.60955810546875,0.5747255682945251,-1,-1,-1
467,345,3874.648193359375,625.466064453125,23.708984375,53.21746826171875,0.6944562792778015,-1,-1,-1
467,460,3009.247314453125,516.9219970703125,21.954345703125,40.9039306640625,0.3576468229293823,-1,-1,-1
467,477,4327.64697265625,600.7872924804688,27.603515625,41.3670654296875,0.48051318526268005,-1,-1,-1
467,526,3436.960693359375,538.4880981445312,21.75146484375,48.09954833984375,0.3329499363899231,-1,-1,-1
467,484,3585.12548828125,603.088623046875,26.136962890625,47.57025146484375,0.35548871755599976,-1,-1,-1
468,2,4956.34716796875,811.7991333007812,77.29736328125,107.15380859375,0.7375984191894531,-1,-1,-1
468,228,3679.843994140625,709.98193359375,35.703125,83.6888427734375,0.6734903454780579,-1,-1,-1
468,399,3733.26611328125,793.2221069335938,58.786865234375,101.59716796875,0.5908170342445374,-1,-1,-1
468,277,4323.677734375,710.7965087890625,32.94580078125,89.2110595703125,0.7393916249275208,-1,-1,-1
468,1,4418.4375,751.5598754882812,61.38525390625,84.34674072265625,0.49846577644348145,-1,-1,-1
468,378,4704.18798828125,695.0150756835938,52.08544921875,62.779296875,0.5231209397315979,-1,-1,-1
468,410,3397.948974609375,595.6683349609375,22.332275390625,52.4654541015625,0.28663235902786255,-1,-1,-1
468,345,3875.2236328125,624.446044921875,23.231201171875,53.63616943359375,0.7105225920677185,-1,-1,-1
468,460,3009.18115234375,516.901611328125,22.13818359375,41.08526611328125,0.34303101897239685,-1,-1,-1
468,477,4331.4384765625,601.3003540039062,28.58203125,38.714111328125,0.40622052550315857,-1,-1,-1
468,526,3437.349609375,536.8910522460938,21.8427734375,49.86175537109375,0.3179650604724884,-1,-1,-1
468,484,3584.425048828125,603.6571655273438,25.165283203125,47.58740234375,0.2772960662841797,-1,-1,-1
469,2,4955.77978515625,811.603759765625,79.5830078125,107.33709716796875,0.7437698841094971,-1,-1,-1
469,228,3676.653076171875,708.8418579101562,38.587646484375,85.4840087890625,0.6914151310920715,-1,-1,-1
469,399,3734.422119140625,792.4429321289062,56.4658203125,101.29840087890625,0.6587498784065247,-1,-1,-1
469,277,4323.419921875,710.3435668945312,32.6708984375,86.74346923828125,0.7271698117256165,-1,-1,-1
469,1,4421.50439453125,750.5759887695312,62.453125,84.82244873046875,0.617450475692749,-1,-1,-1
469,378,4703.6201171875,693.5826416015625,52.85546875,65.05560302734375,0.5707031488418579,-1,-1,-1
469,345,3875.53564453125,623.7691040039062,23.227783203125,54.0421142578125,0.7506538033485413,-1,-1,-1
469,460,3009.109619140625,516.7300415039062,22.337646484375,40.58770751953125,0.2859913110733032,-1,-1,-1
469,477,4336.59033203125,602.2376098632812,27.59814453125,39.20263671875,0.5623334646224976,-1,-1,-1
469,526,3437.360107421875,538.3345336914062,22.67138671875,47.17657470703125,0.3172134757041931,-1,-1,-1
469,484,3584.34326171875,601.3479614257812,24.38525390625,50.2196044921875,0.32337677478790283,-1,-1,-1
470,2,4955.630859375,811.786865234375,81.04296875,105.8594970703125,0.7431297302246094,-1,-1,-1
470,228,3674.30908203125,708.6531372070312,39.517333984375,86.40289306640625,0.7169462442398071,-1,-1,-1
470,399,3733.580322265625,789.861083984375,52.620849609375,101.8236083984375,0.7500659227371216,-1,-1,-1
470,277,4323.71826171875,710.5004272460938,34.48974609375,84.96002197265625,0.7318336367607117,-1,-1,-1
470,1,4425.609375,748.5399169921875,60.41015625,86.77899169921875,0.6775172352790833,-1,-1,-1
470,378,4702.1962890625,693.2644653320312,55.33935546875,65.91656494140625,0.6232644319534302,-1,-1,-1
470,345,3875.333740234375,623.8839111328125,23.9267578125,54.06341552734375,0.7457532286643982,-1,-1,-1
470,460,3009.14111328125,516.1522216796875,22.526123046875,40.5728759765625,0.26264461874961853,-1,-1,-1
470,477,4341.98681640625,601.8173217773438,28.16845703125,41.66015625,0.41600021719932556,-1,-1,-1
470,526,3438.29345703125,539.4892578125,22.92333984375,45.40631103515625,0.3035830855369568,-1,-1,-1
470,484,3583.955810546875,599.510498046875,24.077392578125,51.466552734375,0.3095340430736542,-1,-1,-1
470,531,3712.58349609375,531.0258178710938,18.058837890625,50.895751953125,0.3986104428768158,-1,-1,-1
470,410,3402.590576171875,596.5262451171875,25.010498046875,51.46759033203125,0.3489879369735718,-1,-1,-1
471,2,4954.5947265625,811.7081298828125,83.318359375,105.30096435546875,0.7521293759346008,-1,-1,-1
471,228,3673.19580078125,708.4996337890625,37.206298828125,86.01055908203125,0.7236329317092896,-1,-1,-1
471,399,3730.5126953125,787.16015625,50.73095703125,103.52398681640625,0.772661030292511,-1,-1,-1
471,277,4323.58544921875,709.95263671875,36.60546875,85.233642578125,0.7669040560722351,-1,-1,-1
471,1,4431.0419921875,747.0396728515625,57.81396484375,87.8177490234375,0.6946637630462646,-1,-1,-1
471,378,4701.81640625,692.3495483398438,56.5478515625,67.72723388671875,0.6055893898010254,-1,-1,-1
471,345,3875.39404296875,624.50439453125,24.235595703125,54.23297119140625,0.7477211952209473,-1,-1,-1
471,477,4348.15478515625,602.6446533203125,25.15673828125,45.27337646484375,0.48376214504241943,-1,-1,-1
471,526,3438.7607421875,536.8980712890625,24.024169921875,49.37579345703125,0.33696773648262024,-1,-1,-1
471,484,3583.68994140625,598.2610473632812,23.287841796875,52.3233642578125,0.295013964176178,-1,-1,-1
471,531,3712.6259765625,531.2776489257812,18.0673828125,53.249267578125,0.39606598019599915,-1,-1,-1
471,410,3403.897705078125,598.1041870117188,25.582763671875,49.13885498046875,0.4416763186454773,-1,-1,-1
472,2,4953.1767578125,811.8609619140625,85.6826171875,105.21142578125,0.7490101456642151,-1,-1,-1
472,228,3670.076171875,707.743408203125,37.59716796875,86.75653076171875,0.7492241263389587,-1,-1,-1
472,399,3726.10888671875,785.77685546875,49.83642578125,103.85821533203125,0.7586325407028198,-1,-1,-1
472,277,4324.1015625,709.3511962890625,36.306640625,85.0772705078125,0.7932009100914001,-1,-1,-1
472,1,4434.365234375,747.1881103515625,56.03076171875,87.17962646484375,0.6706118583679199,-1,-1,-1
472,378,4699.958984375,691.3054809570312,59.15576171875,69.94757080078125,0.584900438785553,-1,-1,-1
472,345,3875.066162109375,624.0361328125,24.916259765625,54.98968505859375,0.7545165419578552,-1,-1,-1
472,477,4355.0400390625,604.6254272460938,24.009765625,43.8193359375,0.5208998918533325,-1,-1,-1
472,526,3438.49658203125,538.127197265625,24.5849609375,48.30364990234375,0.3264281451702118,-1,-1,-1
472,531,3711.0361328125,531.6854248046875,21.232177734375,60.9376220703125,0.4627001881599426,-1,-1,-1
472,410,3406.646728515625,597.957275390625,24.928955078125,47.77105712890625,0.6069478392601013,-1,-1,-1
473,2,4952.57568359375,812.186279296875,88.3671875,103.9503173828125,0.7303943634033203,-1,-1,-1
473,228,3668.74609375,707.6476440429688,35.6953125,86.99053955078125,0.7056560516357422,-1,-1,-1
473,399,3721.31005859375,785.5437622070312,48.26123046875,103.3814697265625,0.753594160079956,-1,-1,-1
473,277,4324.947265625,708.2030029296875,34.42431640625,85.64697265625,0.782271146774292,-1,-1,-1
473,1,4441.2880859375,748.02978515625,50.32373046875,86.30511474609375,0.7137988209724426,-1,-1,-1
473,378,4699.16064453125,689.921142578125,53.56298828125,66.042724609375,0.5385643243789673,-1,-1,-1
473,345,3875.8955078125,623.4249877929688,24.416748046875,55.76007080078125,0.7276440262794495,-1,-1,-1
473,477,4361.37841796875,604.8800048828125,24.49755859375,42.31146240234375,0.4894687831401825,-1,-1,-1
473,526,3438.899658203125,535.6550903320312,24.49365234375,49.99072265625,0.28923147916793823,-1,-1,-1
473,531,3710.48046875,531.7847290039062,23.010986328125,63.8704833984375,0.4738294780254364,-1,-1,-1
473,410,3411.289794921875,596.7698974609375,24.814208984375,47.36846923828125,0.5934193730354309,-1,-1,-1
474,2,4950.4716796875,812.4631958007812,91.95556640625,102.9686279296875,0.6973426938056946,-1,-1,-1
474,228,3666.87451171875,705.0055541992188,33.68017578125,89.3626708984375,0.6767512559890747,-1,-1,-1
474,399,3714.252685546875,785.5745849609375,50.387939453125,102.93206787109375,0.7554450035095215,-1,-1,-1
474,277,4325.21484375,707.2025146484375,32.47705078125,85.6427001953125,0.7788042426109314,-1,-1,-1
474,1,4447.70947265625,748.4918212890625,45.62109375,86.590087890625,0.751980721950531,-1,-1,-1
474,378,4701.46142578125,687.17626953125,45.912109375,65.11767578125,0.45221957564353943,-1,-1,-1
474,345,3876.47265625,623.4607543945312,24.061279296875,55.92315673828125,0.7137054800987244,-1,-1,-1
474,477,4365.04736328125,606.2685546875,26.70703125,42.68206787109375,0.456778883934021,-1,-1,-1
474,531,3710.713134765625,531.7137451171875,23.417724609375,65.9732666015625,0.5156135559082031,-1,-1,-1
474,410,3414.71435546875,597.5301513671875,24.897705078125,47.2127685546875,0.5967790484428406,-1,-1,-1
475,2,4961.5673828125,812.4523315429688,82.7373046875,102.70672607421875,0.6928016543388367,-1,-1,-1
475,228,3665.518798828125,704.005126953125,31.832275390625,91.97747802734375,0.7009437084197998,-1,-1,-1
475,399,3707.42822265625,785.513916015625,54.9091796875,103.7763671875,0.7045332193374634,-1,-1,-1
475,277,4325.5234375,706.05908203125,32.302734375,86.34429931640625,0.7885103225708008,-1,-1,-1
475,1,4454.3212890625,748.11962890625,41.48876953125,85.9295654296875,0.7493867874145508,-1,-1,-1
475,378,4700.3681640625,686.3651733398438,42.23876953125,64.00677490234375,0.3610397279262543,-1,-1,-1
475,345,3876.8935546875,623.9095458984375,23.7060546875,55.65472412109375,0.6955119967460632,-1,-1,-1
475,477,4368.72998046875,606.8555297851562,29.8525390625,43.89697265625,0.32385146617889404,-1,-1,-1
475,531,3711.3740234375,531.9369506835938,23.809326171875,64.51483154296875,0.5031653046607971,-1,-1,-1
475,410,3417.799072265625,597.9068603515625,23.315185546875,46.77716064453125,0.6253796815872192,-1,-1,-1
476,2,4975.068359375,811.8707275390625,71.14501953125,103.86004638671875,0.7203346490859985,-1,-1,-1
476,228,3664.195556640625,704.0198974609375,30.25927734375,90.56866455078125,0.7408599853515625,-1,-1,-1
476,399,3703.869140625,785.8072509765625,57.42431640625,104.11785888671875,0.6428808569908142,-1,-1,-1
476,277,4325.509765625,705.7677001953125,30.27880859375,84.72930908203125,0.7720678448677063,-1,-1,-1
476,1,4460.421875,748.6944580078125,38.9208984375,86.14599609375,0.7880266308784485,-1,-1,-1
476,378,4691.583984375,686.0701904296875,47.52392578125,63.38629150390625,0.31306442618370056,-1,-1,-1
476,345,3877.9794921875,624.515869140625,22.46435546875,55.201904296875,0.6632288098335266,-1,-1,-1
476,477,4372.9873046875,608.791259765625,31.912109375,44.36065673828125,0.25345712900161743,-1,-1,-1
476,531,3711.8427734375,531.9591064453125,24.114501953125,65.73089599609375,0.45222339034080505,-1,-1,-1
476,410,3421.907958984375,598.0265502929688,20.724609375,45.7745361328125,0.5278127193450928,-1,-1,-1
476,484,3580.41357421875,597.0313110351562,19.966064453125,55.44342041015625,0.3016144931316376,-1,-1,-1
477,2,4980.8525390625,811.9207763671875,66.18017578125,103.9217529296875,0.7207172513008118,-1,-1,-1
477,228,3661.542724609375,703.8916015625,31.3779296875,89.64935302734375,0.7359049916267395,-1,-1,-1
477,399,3695.399658203125,785.1773681640625,65.50048828125,105.6192626953125,0.6749729514122009,-1,-1,-1
477,277,4324.9541015625,704.6472778320312,30.8818359375,84.8939208984375,0.7880822420120239,-1,-1,-1
477,1,4463.58984375,748.2285766601562,38.5107421875,87.5416259765625,0.7750755548477173,-1,-1,-1
477,378,4673.75439453125,682.9632568359375,62.67236328125,66.1336669921875,0.4627108573913574,-1,-1,-1
477,345,3878.694091796875,624.4389038085938,21.903076171875,54.9183349609375,0.6894122362136841,-1,-1,-1
477,477,4378.77490234375,609.9815063476562,33.14404296875,43.2578125,0.3479054868221283,-1,-1,-1
477,531,3712.028076171875,532.1636352539062,24.34033203125,63.48846435546875,0.4491023123264313,-1,-1,-1
477,410,3424.3603515625,597.0667114257812,21.355712890625,46.60784912109375,0.42684683203697205,-1,-1,-1
477,526,3439.636962890625,536.251953125,25.26025390625,47.78826904296875,0.2564780116081238,-1,-1,-1
478,2,4983.404296875,811.698486328125,64.29931640625,104.03594970703125,0.7329837679862976,-1,-1,-1
478,228,3660.38232421875,703.0935668945312,31.302978515625,88.925537109375,0.7218465209007263,-1,-1,-1
478,399,3693.066162109375,784.9683837890625,67.669921875,105.86627197265625,0.6203272342681885,-1,-1,-1
478,277,4324.78955078125,704.7064819335938,31.54931640625,84.274169921875,0.8045401573181152,-1,-1,-1
478,1,4464.37548828125,747.1830444335938,40.302734375,88.370361328125,0.7570319771766663,-1,-1,-1
478,378,4665.86962890625,683.903564453125,70.72705078125,66.64166259765625,0.5094017386436462,-1,-1,-1
478,345,3879.619140625,624.342529296875,21.55810546875,54.55810546875,0.6815696954727173,-1,-1,-1
478,477,4387.97021484375,611.4520874023438,27.90234375,44.76251220703125,0.4094754755496979,-1,-1,-1
478,531,3712.354736328125,532.1376342773438,24.185546875,63.56982421875,0.5018521547317505,-1,-1,-1
478,410,3426.56201171875,593.68603515625,22.852294921875,51.02288818359375,0.42351871728897095,-1,-1,-1
478,526,3437.758056640625,537.0475463867188,26.47265625,47.02728271484375,0.2601983845233917,-1,-1,-1
479,2,4985.35498046875,811.4729614257812,62.92919921875,104.32220458984375,0.7396829128265381,-1,-1,-1
479,228,3657.90283203125,701.783203125,32.314697265625,88.33984375,0.7371659278869629,-1,-1,-1
479,399,3689.307861328125,784.9070434570312,71.246337890625,105.68255615234375,0.6050153374671936,-1,-1,-1
479,277,4324.64892578125,704.62109375,31.8017578125,82.87628173828125,0.8065804839134216,-1,-1,-1
479,1,4465.11767578125,745.9612426757812,43.173828125,89.42987060546875,0.6625109910964966,-1,-1,-1
479,378,4663.68896484375,684.442138671875,73.08935546875,66.8399658203125,0.557956337928772,-1,-1,-1
479,345,3881.505126953125,624.0656127929688,19.994873046875,53.22052001953125,0.682548999786377,-1,-1,-1
479,477,4395.11962890625,612.5382690429688,27.345703125,46.850830078125,0.4482743442058563,-1,-1,-1
479,531,3713.299072265625,532.5756225585938,23.6279296875,60.96197509765625,0.43856948614120483,-1,-1,-1
479,484,3577.000732421875,601.5585327148438,22.37353515625,53.5213623046875,0.3119831681251526,-1,-1,-1
480,2,4985.9619140625,811.3847045898438,62.70068359375,104.36700439453125,0.7740387916564941,-1,-1,-1
480,228,3656.039306640625,701.6334228515625,32.544189453125,87.76507568359375,0.7153257727622986,-1,-1,-1
480,399,3693.034423828125,785.3524169921875,65.202392578125,104.039794921875,0.48425477743148804,-1,-1,-1
480,277,4324.3203125,703.8737182617188,32.44287109375,82.0550537109375,0.8030905723571777,-1,-1,-1
480,1,4468.76123046875,745.513916015625,42.99462890625,88.34039306640625,0.6413631439208984,-1,-1,-1
480,378,4663.10107421875,684.1749877929688,74.00341796875,69.62823486328125,0.5274150371551514,-1,-1,-1
480,345,3883.220703125,624.130126953125,18.7578125,51.890869140625,0.652890145778656,-1,-1,-1
480,477,4401.77001953125,614.3255004882812,25.5126953125,44.23834228515625,0.4822680950164795,-1,-1,-1
480,531,3714.1904296875,532.7124633789062,23.59765625,61.638671875,0.4077558219432831,-1,-1,-1
480,410,3432.2294921875,597.1980590820312,22.11865234375,49.78350830078125,0.3522312641143799,-1,-1,-1
481,2,4986.7197265625,811.4702758789062,62.2392578125,104.494140625,0.8058484792709351,-1,-1,-1
481,228,3654.26806640625,701.4234619140625,31.522216796875,84.9505615234375,0.63910973072052,-1,-1,-1
481,399,3675.189697265625,783.4898071289062,82.6630859375,106.74658203125,0.4420963227748871,-1,-1,-1
481,277,4323.53369140625,704.257568359375,33.66748046875,79.6309814453125,0.8290911316871643,-1,-1,-1
481,1,4470.5087890625,745.8451538085938,43.88525390625,87.760498046875,0.6706791520118713,-1,-1,-1
481,378,4662.76220703125,682.326904296875,67.86083984375,69.1116943359375,0.5061597228050232,-1,-1,-1
481,345,3883.957763671875,624.5111694335938,19.086669921875,53.70147705078125,0.5978980660438538,-1,-1,-1
481,477,4408.21826171875,615.6104125976562,24.11083984375,43.4356689453125,0.3877103328704834,-1,-1,-1
481,531,3714.86767578125,531.3988037109375,23.28515625,58.73797607421875,0.32816264033317566,-1,-1,-1
482,2,4986.99853515625,811.2760620117188,62.796875,104.83038330078125,0.8075128197669983,-1,-1,-1
482,228,3652.751220703125,700.8143920898438,31.87841796875,84.04364013671875,0.6625256538391113,-1,-1,-1
482,399,3679.57470703125,783.3402709960938,75.601806640625,106.32763671875,0.41942059993743896,-1,-1,-1
482,277,4323.28564453125,704.2468872070312,33.8173828125,78.80633544921875,0.8254801034927368,-1,-1,-1
482,1,4471.0859375,745.8527221679688,46.62451171875,87.7926025390625,0.6952923536300659,-1,-1,-1
482,378,4665.24365234375,681.266845703125,57.83203125,65.23321533203125,0.4375331699848175,-1,-1,-1
482,345,3884.79052734375,624.3924560546875,19.654296875,54.742919921875,0.5873982906341553,-1,-1,-1
482,477,4413.962890625,616.9288330078125,25.4052734375,44.6224365234375,0.472526490688324,-1,-1,-1
482,531,3715.5517578125,530.923583984375,23.377685546875,56.51580810546875,0.3244173228740692,-1,-1,-1
482,544,3435.279296875,550.90869140625,24.600341796875,90.9349365234375,0.3968966603279114,-1,-1,-1
482,484,3575.51025390625,606.2852783203125,21.93408203125,51.964599609375,0.3098044693470001,-1,-1,-1
482,410,3436.479736328125,592.2622680664062,21.077880859375,50.33123779296875,0.31957048177719116,-1,-1,-1
483,2,4987.544921875,811.4278564453125,62.904296875,105.0841064453125,0.8053337931632996,-1,-1,-1
483,228,3651.66796875,701.1168212890625,31.01318359375,82.21026611328125,0.6758366823196411,-1,-1,-1
483,399,3683.85302734375,783.0436401367188,66.748779296875,107.03802490234375,0.45942816138267517,-1,-1,-1
483,277,4323.84228515625,703.8078002929688,32.74267578125,78.67266845703125,0.807159423828125,-1,-1,-1
483,1,4475.52734375,747.8102416992188,45.919921875,85.8377685546875,0.71723473072052,-1,-1,-1
483,378,4669.181640625,681.6929321289062,46.83447265625,61.5718994140625,0.4541008174419403,-1,-1,-1
483,345,3885.05126953125,624.897216796875,19.221435546875,55.40423583984375,0.6173909902572632,-1,-1,-1
483,477,4419.6220703125,619.1466064453125,25.53173828125,43.5985107421875,0.5555862784385681,-1,-1,-1
483,531,3716.405517578125,530.4445190429688,23.091796875,54.40087890625,0.312246710062027,-1,-1,-1
483,544,3437.701416015625,549.2000122070312,23.957275390625,90.17108154296875,0.5060436129570007,-1,-1,-1
484,2,4988.89599609375,811.6716918945312,62.20068359375,104.8094482421875,0.7819433212280273,-1,-1,-1
484,228,3649.1728515625,700.8585815429688,31.080810546875,82.40411376953125,0.5492561459541321,-1,-1,-1
484,399,3683.158203125,782.806640625,62.883544921875,106.60186767578125,0.32281193137168884,-1,-1,-1
484,277,4324.23828125,701.5846557617188,33.77734375,79.9609375,0.8232150077819824,-1,-1,-1
484,1,4482.423828125,749.4390869140625,42.81591796875,84.91790771484375,0.6707248091697693,-1,-1,-1
484,378,4667.1630859375,682.28564453125,44.54296875,61.2623291015625,0.42129573225975037,-1,-1,-1
484,345,3885.134521484375,625.6707763671875,19.287841796875,54.93133544921875,0.5955179929733276,-1,-1,-1
484,477,4423.7177734375,621.0819091796875,27.17529296875,43.243896484375,0.5362385511398315,-1,-1,-1
484,531,3715.659912109375,530.6890869140625,24.073974609375,49.192138671875,0.270505428314209,-1,-1,-1
484,544,3438.641845703125,549.1807861328125,24.952392578125,90.0372314453125,0.5433256030082703,-1,-1,-1
485,2,4990.373046875,811.7711181640625,61.28076171875,105.06732177734375,0.77552729845047,-1,-1,-1
485,228,3647.559814453125,698.9157104492188,30.193359375,82.60931396484375,0.5580387115478516,-1,-1,-1
485,399,3681.048095703125,781.4974365234375,60.81884765625,105.97088623046875,0.39967456459999084,-1,-1,-1
485,277,4325.0830078125,700.3645629882812,32.82275390625,79.65948486328125,0.7908092737197876,-1,-1,-1
485,1,4487.1728515625,750.355712890625,42.9248046875,84.42657470703125,0.6726051568984985,-1,-1,-1
485,378,4664.212890625,684.4669189453125,44.42724609375,58.16864013671875,0.3962659537792206,-1,-1,-1
485,345,3885.2197265625,626.1399536132812,19.62060546875,54.37432861328125,0.5647056102752686,-1,-1,-1
485,477,4428.80126953125,622.3831787109375,31.2275390625,43.957763671875,0.3514203727245331,-1,-1,-1
485,544,3440.6552734375,558.02197265625,24.21337890625,83.6873779296875,0.5036975741386414,-1,-1,-1
486,2,4990.8388671875,811.8359985351562,61.703125,104.953369140625,0.7628054618835449,-1,-1,-1
486,228,3645.02734375,696.0435180664062,30.93603515625,89.154541015625,0.5387651920318604,-1,-1,-1
486,399,3669.621337890625,780.1890869140625,69.119873046875,103.64642333984375,0.3188267946243286,-1,-1,-1
486,277,4325.9912109375,698.8983154296875,31.927734375,81.2017822265625,0.7821791768074036,-1,-1,-1
486,1,4493.1669921875,750.7289428710938,41.98291015625,83.42950439453125,0.403176873922348,-1,-1,-1
486,378,4660.28515625,685.8523559570312,45.40478515625,57.1566162109375,0.2906390130519867,-1,-1,-1
486,345,3885.11376953125,626.5881958007812,20.466796875,53.53240966796875,0.47849780321121216,-1,-1,-1
486,477,4434.35302734375,625.531005859375,31.560546875,42.81939697265625,0.37606075406074524,-1,-1,-1
486,544,3442.484130859375,560.263671875,23.36328125,81.589111328125,0.34415754675865173,-1,-1,-1
487,2,4990.60498046875,811.7998657226562,62.626953125,104.93865966796875,0.7571666836738586,-1,-1,-1
487,228,3643.0400390625,693.4476928710938,31.66015625,90.69744873046875,0.46580567955970764,-1,-1,-1
487,399,3677.318603515625,781.580810546875,58.131591796875,100.78912353515625,0.315104603767395,-1,-1,-1
487,277,4326.78564453125,697.6724853515625,31.30517578125,80.66827392578125,0.739918053150177,-1,-1,-1
487,1,4497.53662109375,749.1819458007812,42.337890625,85.74371337890625,0.5201258063316345,-1,-1,-1
487,378,4657.7724609375,685.9580078125,45.8095703125,56.409912109375,0.32279565930366516,-1,-1,-1
487,345,3885.03466796875,627.8432006835938,20.820556640625,52.35821533203125,0.4705776870250702,-1,-1,-1
487,477,4441.68798828125,626.9722290039062,28.76611328125,41.6251220703125,0.43190547823905945,-1,-1,-1
488,2,4991.09521484375,811.7880859375,62.7900390625,105.076171875,0.7642084956169128,-1,-1,-1
488,228,3641.06494140625,690.8662109375,31.344970703125,87.61016845703125,0.3814457952976227,-1,-1,-1
488,399,3678.630126953125,780.2951049804688,50.10693359375,102.11456298828125,0.42159345746040344,-1,-1,-1
488,277,4326.7685546875,697.3464965820312,31.48388671875,80.29644775390625,0.7418469786643982,-1,-1,-1
488,1,4499.26318359375,749.0433349609375,44.04541015625,86.389892578125,0.5973356366157532,-1,-1,-1
488,378,4655.0234375,685.9193115234375,45.23828125,56.10650634765625,0.28636664152145386,-1,-1,-1
488,345,3885.03515625,628.5810546875,20.857177734375,51.3070068359375,0.46253031492233276,-1,-1,-1
488,477,4446.544921875,628.2806396484375,26.2607421875,40.668212890625,0.4325408339500427,-1,-1,-1
488,544,3445.533935546875,572.048828125,23.63134765625,71.96875,0.3497675955295563,-1,-1,-1
489,2,4991.11865234375,811.6508178710938,63.4794921875,104.83880615234375,0.7582953572273254,-1,-1,-1
489,228,3638.170166015625,691.004638671875,29.90576171875,84.04449462890625,0.5287685394287109,-1,-1,-1
489,399,3675.169921875,779.7481689453125,49.654296875,102.60552978515625,0.4911576509475708,-1,-1,-1
489,277,4326.65869140625,697.5274047851562,31.74267578125,80.24102783203125,0.7547446489334106,-1,-1,-1
489,1,4502.11962890625,748.9655151367188,44.77001953125,85.69482421875,0.6056218147277832,-1,-1,-1
489,378,4651.0556640625,684.9940795898438,47.400390625,57.45098876953125,0.26818618178367615,-1,-1,-1
489,345,3885.146728515625,628.5322265625,21.41748046875,51.0704345703125,0.44657084345817566,-1,-1,-1
489,477,4450.2490234375,627.8284301757812,26.16943359375,40.70355224609375,0.3838552236557007,-1,-1,-1
489,544,3446.101318359375,566.0232543945312,25.091064453125,76.74237060546875,0.3962554633617401,-1,-1,-1
490,2,4989.396484375,811.3836669921875,66.4619140625,104.7305908203125,0.7501652836799622,-1,-1,-1
490,228,3635.22412109375,691.3976440429688,30.795166015625,81.12274169921875,0.6262463927268982,-1,-1,-1
490,399,3674.09033203125,778.379638671875,47.638916015625,103.67242431640625,0.6209981441497803,-1,-1,-1
490,277,4326.43359375,697.73095703125,32.2958984375,80.25225830078125,0.7561777830123901,-1,-1,-1
490,1,4504.2470703125,748.4468994140625,48.0693359375,86.16229248046875,0.7632253170013428,-1,-1,-1
490,378,4647.90234375,683.566162109375,48.283203125,59.08465576171875,0.3865051865577698,-1,-1,-1
490,345,3885.2548828125,628.109619140625,22.027099609375,51.267578125,0.4818115532398224,-1,-1,-1
490,477,4452.9912109375,630.9929809570312,28.021484375,43.7838134765625,0.3128150999546051,-1,-1,-1
490,544,3447.2109375,558.9306640625,26.452392578125,82.09661865234375,0.4038989543914795,-1,-1,-1
491,2,4987.58056640625,811.0640258789062,69.09912109375,105.18768310546875,0.750665009021759,-1,-1,-1
491,228,3632.958251953125,691.3756103515625,31.668701171875,77.9857177734375,0.6043972969055176,-1,-1,-1
491,399,3671.5556640625,777.2057495117188,47.906005859375,103.70550537109375,0.6053195595741272,-1,-1,-1
491,277,4325.91259765625,698.4427490234375,33.45361328125,79.2733154296875,0.7608411312103271,-1,-1,-1
491,1,4507.44384765625,747.5200805664062,49.830078125,86.87384033203125,0.7658447027206421,-1,-1,-1
491,378,4644.9345703125,682.4873657226562,47.9873046875,60.52276611328125,0.4711061120033264,-1,-1,-1
491,345,3885.377197265625,627.0572509765625,22.48291015625,52.1695556640625,0.4786733090877533,-1,-1,-1
491,477,4455.14990234375,632.186767578125,31.2822265625,48.4718017578125,0.43654343485832214,-1,-1,-1
491,544,3447.791015625,555.2410888671875,27.853759765625,85.82275390625,0.32255035638809204,-1,-1,-1
492,2,4986.20751953125,810.7821655273438,70.66455078125,105.35540771484375,0.752114474773407,-1,-1,-1
492,228,3631.169677734375,690.9876708984375,31.76806640625,78.277099609375,0.5721177458763123,-1,-1,-1
492,399,3666.8408203125,775.98583984375,51.039794921875,105.391845703125,0.5170934200286865,-1,-1,-1
492,277,4326.216796875,698.7833251953125,33.14990234375,77.8922119140625,0.7508033514022827,-1,-1,-1
492,1,4509.57666015625,749.0296630859375,51.07763671875,85.7928466796875,0.6613067984580994,-1,-1,-1
492,378,4642.93603515625,681.0914916992188,45.7177734375,62.64630126953125,0.469578355550766,-1,-1,-1
492,345,3885.456787109375,626.5107421875,22.773681640625,52.833740234375,0.4172309339046478,-1,-1,-1
492,477,4458.533203125,632.218994140625,33.3955078125,49.969970703125,0.3888399004936218,-1,-1,-1
493,2,4984.59326171875,810.3572387695312,72.2978515625,104.978515625,0.7582290768623352,-1,-1,-1
493,228,3630.819091796875,690.908447265625,29.777099609375,78.01104736328125,0.4808966815471649,-1,-1,-1
493,399,3652.099609375,775.0248413085938,62.263916015625,107.315185546875,0.5950521230697632,-1,-1,-1
493,277,4326.26123046875,699.63427734375,33.91015625,77.308349609375,0.7638166546821594,-1,-1,-1
493,1,4512.34912109375,750.5570068359375,52.48046875,83.94110107421875,0.6659500598907471,-1,-1,-1
493,378,4640.0888671875,679.0755615234375,44.45166015625,63.656494140625,0.4207115173339844,-1,-1,-1
493,345,3885.45458984375,626.1338500976562,23.119384765625,53.6553955078125,0.36954832077026367,-1,-1,-1
494,2,4984.3798828125,809.6845703125,72.33935546875,104.52716064453125,0.7831213474273682,-1,-1,-1
494,228,3629.003173828125,690.3673095703125,29.017822265625,76.94134521484375,0.6577975749969482,-1,-1,-1
494,399,3644.320556640625,774.303955078125,66.77587890625,108.11700439453125,0.6114786267280579,-1,-1,-1
494,277,4325.91943359375,697.9107666015625,34.2626953125,78.97515869140625,0.7483458518981934,-1,-1,-1
494,1,4514.44091796875,750.9909057617188,53.662109375,82.75640869140625,0.7035767436027527,-1,-1,-1
494,378,4636.671875,677.8822021484375,44.5869140625,62.71783447265625,0.40370163321495056,-1,-1,-1
494,345,3885.5234375,625.7042846679688,23.364501953125,54.3759765625,0.3691801428794861,-1,-1,-1
494,477,4468.0654296875,633.7220458984375,39.83056640625,52.9969482421875,0.37437704205513,-1,-1,-1
495,2,4984.4853515625,808.545654296875,72.24462890625,104.0931396484375,0.7767835259437561,-1,-1,-1
495,228,3627.889892578125,690.6018676757812,27.4541015625,76.39581298828125,0.6293955445289612,-1,-1,-1
495,399,3641.8447265625,774.5510864257812,65.33740234375,106.19488525390625,0.6608962416648865,-1,-1,-1
495,277,4325.46923828125,696.731689453125,33.5791015625,79.21661376953125,0.736160159111023,-1,-1,-1
495,1,4516.3798828125,750.1153564453125,55.537109375,82.6527099609375,0.672368586063385,-1,-1,-1
495,378,4633.4970703125,677.8668823242188,43.4794921875,63.5338134765625,0.46238207817077637,-1,-1,-1
495,345,3885.568115234375,625.2049560546875,23.5634765625,55.15087890625,0.2934589385986328,-1,-1,-1
495,477,4471.73046875,636.0881958007812,40.1884765625,49.93377685546875,0.36597907543182373,-1,-1,-1
496,2,4985.6201171875,807.6409301757812,70.9580078125,104.5057373046875,0.7800233364105225,-1,-1,-1
496,228,3626.75341796875,690.186279296875,26.256103515625,74.8670654296875,0.6739369034767151,-1,-1,-1
496,399,3642.8359375,776.9217529296875,60.999267578125,101.14337158203125,0.7117313742637634,-1,-1,-1
496,277,4325.1103515625,696.176513671875,34.13916015625,78.9239501953125,0.7299994826316833,-1,-1,-1
496,1,4520.31787109375,749.3826293945312,55.0810546875,82.90435791015625,0.6518260836601257,-1,-1,-1
496,378,4630.82470703125,678.4166259765625,39.83056640625,63.33489990234375,0.40314602851867676,-1,-1,-1
497,2,4986.9931640625,806.8997192382812,69.70166015625,104.299560546875,0.7810239195823669,-1,-1,-1
497,228,3625.97802734375,689.8966674804688,25.450927734375,74.06915283203125,0.6652647256851196,-1,-1,-1
497,399,3645.81689453125,778.472900390625,53.85205078125,98.5623779296875,0.6666083931922913,-1,-1,-1
497,277,4324.85400390625,694.990234375,33.92822265625,78.1802978515625,0.7385408282279968,-1,-1,-1
497,1,4526.2099609375,750.35595703125,53.50830078125,82.62091064453125,0.7396902441978455,-1,-1,-1
497,378,4628.3974609375,679.3840942382812,38.9794921875,65.046875,0.5030902028083801,-1,-1,-1
497,477,4481.1845703125,639.5079956054688,34.724609375,47.9722900390625,0.3062124252319336,-1,-1,-1
498,2,4988.046875,806.3450927734375,68.82958984375,105.12847900390625,0.7884478569030762,-1,-1,-1
498,228,3622.282958984375,689.8841552734375,27.1767578125,74.07403564453125,0.6604745388031006,-1,-1,-1
498,399,3645.18798828125,779.6032104492188,50.644775390625,97.1199951171875,0.7046096324920654,-1,-1,-1
498,277,4324.3544921875,694.0289306640625,34.33984375,77.140380859375,0.7094131708145142,-1,-1,-1
498,1,4532.484375,750.6846923828125,52.0087890625,84.4808349609375,0.7619152665138245,-1,-1,-1
498,378,4626.17578125,678.9572143554688,38.8046875,65.53692626953125,0.5701466798782349,-1,-1,-1
498,477,4485.22509765625,640.6360473632812,31.6767578125,46.2222900390625,0.2792944312095642,-1,-1,-1
499,2,4988.70751953125,806.1710815429688,68.4873046875,104.16845703125,0.7728052139282227,-1,-1,-1
499,228,3619.37451171875,689.6773681640625,28.29296875,75.5291748046875,0.6459296345710754,-1,-1,-1
499,399,3641.453125,780.882080078125,51.44482421875,94.6331787109375,0.707770824432373,-1,-1,-1
499,277,4323.5751953125,693.912353515625,34.83349609375,76.35748291015625,0.6923198699951172,-1,-1,-1
499,1,4537.427734375,752.3699340820312,51.01025390625,84.38055419921875,0.7291761040687561,-1,-1,-1
499,378,4622.91552734375,677.7357177734375,39.36669921875,67.38372802734375,0.588678777217865,-1,-1,-1
500,2,4989.1865234375,806.247314453125,68.40478515625,104.0074462890625,0.7524238228797913,-1,-1,-1
500,228,3617.10888671875,688.1636962890625,29.185302734375,76.92449951171875,0.615312397480011,-1,-1,-1
500,399,3638.868896484375,782.6203002929688,51.83642578125,92.9984130859375,0.6500719785690308,-1,-1,-1
500,277,4322.888671875,694.5341796875,35.47021484375,75.31256103515625,0.666289210319519,-1,-1,-1
500,1,4541.7646484375,753.9694213867188,52.98681640625,83.84649658203125,0.5812683701515198,-1,-1,-1
500,378,4621.78173828125,677.9654541015625,36.318359375,66.75164794921875,0.6084758043289185,-1,-1,-1
500,586,3470.124267578125,592.648193359375,20.021240234375,41.834716796875,0.38274645805358887,-1,-1,-1
500,587,4715.2568359375,593.7429809570312,29.09423828125,40.75177001953125,0.42017364501953125,-1,-1,-1
500,477,4492.6220703125,642.2599487304688,32.11767578125,50.38397216796875,0.273525208234787,-1,-1,-1
501,2,4989.033203125,806.0578002929688,68.7880859375,105.045166015625,0.7614020109176636,-1,-1,-1
501,228,3615.0625,688.5869750976562,29.910400390625,75.83038330078125,0.4736296534538269,-1,-1,-1
501,399,3633.51611328125,781.5491333007812,56.727294921875,94.64996337890625,0.7378652691841125,-1,-1,-1
501,277,4322.8291015625,694.6319580078125,35.884765625,75.02001953125,0.6347386837005615,-1,-1,-1
501,1,4547.09326171875,757.8193359375,54.3955078125,79.28851318359375,0.6355472803115845,-1,-1,-1
501,378,4619.0419921875,677.87646484375,36.83740234375,66.851318359375,0.575734555721283,-1,-1,-1
501,586,3470.651611328125,593.7308959960938,20.319580078125,37.92266845703125,0.2948819696903229,-1,-1,-1
501,587,4721.98388671875,591.3656005859375,26.34326171875,44.0223388671875,0.39199358224868774,-1,-1,-1
502,2,4988.30615234375,806.005615234375,69.9140625,105.41326904296875,0.7822335958480835,-1,-1,-1
502,228,3612.584228515625,686.6083984375,29.797119140625,77.18963623046875,0.6011666059494019,-1,-1,-1
502,399,3628.52490234375,783.525146484375,61.91748046875,93.3358154296875,0.7261407375335693,-1,-1,-1
502,277,4321.8994140625,695.8310546875,36.9814453125,74.23095703125,0.5991981625556946,-1,-1,-1
502,1,4550.72900390625,758.9510498046875,59.0107421875,79.919677734375,0.6423348784446716,-1,-1,-1
502,378,4616.37109375,677.640625,37.10595703125,67.3450927734375,0.5885378122329712,-1,-1,-1
502,586,3471.27734375,591.7528076171875,19.929443359375,40.057861328125,0.27988365292549133,-1,-1,-1
502,591,4075.669677734375,567.7354125976562,21.200439453125,42.742431640625,0.3493935465812683,-1,-1,-1
502,345,3888.57275390625,624.0511474609375,25.990966796875,56.43011474609375,0.28255486488342285,-1,-1,-1
502,477,4499.39599609375,644.0624389648438,29.0791015625,51.38079833984375,0.40278249979019165,-1,-1,-1
503,2,4986.982421875,805.9575805664062,71.37109375,104.7735595703125,0.8020883202552795,-1,-1,-1
503,228,3609.70556640625,685.9894409179688,30.354736328125,75.8529052734375,0.6998210549354553,-1,-1,-1
503,399,3625.8681640625,785.6715698242188,65.1572265625,91.38836669921875,0.6916856169700623,-1,-1,-1
503,277,4318.42431640625,697.48828125,41.02197265625,72.32440185546875,0.595096230506897,-1,-1,-1
503,1,4553.85107421875,760.7921752929688,61.52099609375,78.8681640625,0.650934636592865,-1,-1,-1
503,378,4613.88623046875,675.7916870117188,35.912109375,68.8773193359375,0.5773777365684509,-1,-1,-1
503,586,3471.946044921875,589.298583984375,20.031005859375,43.38458251953125,0.29201164841651917,-1,-1,-1
503,591,4076.651611328125,568.5845336914062,22.399658203125,48.43963623046875,0.4300483763217926,-1,-1,-1
503,345,3888.7119140625,623.9873657226562,26.238525390625,56.7105712890625,0.3789598345756531,-1,-1,-1
503,477,4501.83740234375,645.9205932617188,28.46435546875,50.54449462890625,0.37968429923057556,-1,-1,-1
504,2,4986.56591796875,806.1024780273438,72.05859375,104.00201416015625,0.7920311689376831,-1,-1,-1
504,228,3606.313720703125,685.1349487304688,31.41162109375,75.21575927734375,0.6952738761901855,-1,-1,-1
504,399,3624.083251953125,786.755615234375,67.346923828125,90.6998291015625,0.6707248091697693,-1,-1,-1
504,277,4316.93310546875,702.1398315429688,42.48046875,67.82025146484375,0.5824686884880066,-1,-1,-1
504,1,4558.6953125,763.909423828125,63.74658203125,77.508544921875,0.6531527638435364,-1,-1,-1
504,378,4610.7666015625,673.743896484375,36.59423828125,70.8614501953125,0.5370986461639404,-1,-1,-1
504,586,3473.009765625,588.3778076171875,19.21826171875,45.523193359375,0.3369929790496826,-1,-1,-1
504,591,4077.8603515625,569.8153076171875,21.4453125,47.27081298828125,0.38419023156166077,-1,-1,-1
504,345,3888.707763671875,623.7445678710938,26.533447265625,57.2122802734375,0.37536293268203735,-1,-1,-1
504,477,4502.5078125,648.2888793945312,29.248046875,49.60357666015625,0.4084506034851074,-1,-1,-1
505,2,4987.56005859375,806.124755859375,71.41943359375,103.70245361328125,0.774106502532959,-1,-1,-1
505,228,3603.85986328125,683.82568359375,33.05810546875,77.53961181640625,0.7389347553253174,-1,-1,-1
505,399,3623.288818359375,786.5991821289062,70.097412109375,91.25439453125,0.6537453532218933,-1,-1,-1
505,277,4317.5390625,704.9664306640625,41.9765625,64.86590576171875,0.5713573694229126,-1,-1,-1
505,1,4562.35205078125,765.9186401367188,61.85986328125,75.77001953125,0.5238664746284485,-1,-1,-1
505,378,4606.3828125,674.5016479492188,38.21240234375,70.6395263671875,0.650513231754303,-1,-1,-1
505,586,3473.50341796875,587.0416259765625,19.17822265625,49.14312744140625,0.38855698704719543,-1,-1,-1
505,591,4079.7841796875,572.370849609375,21.39599609375,45.8477783203125,0.39682987332344055,-1,-1,-1
505,345,3888.848876953125,623.5560302734375,26.5849609375,57.88665771484375,0.36027175188064575,-1,-1,-1
505,477,4502.640625,650.3734741210938,30.64208984375,48.71319580078125,0.39291301369667053,-1,-1,-1
506,2,4989.7470703125,806.1691284179688,69.65966796875,103.75872802734375,0.76435387134552,-1,-1,-1
506,228,3601.494140625,681.75048828125,34.3486328125,79.25091552734375,0.7563347220420837,-1,-1,-1
506,399,3623.649658203125,787.8773803710938,71.513916015625,90.15093994140625,0.6594606041908264,-1,-1,-1
506,277,4319.38232421875,706.7371215820312,40.10205078125,62.621337890625,0.5451051592826843,-1,-1,-1
506,1,4566.91455078125,768.7611694335938,56.0869140625,72.21905517578125,0.43179208040237427,-1,-1,-1
506,378,4602.4130859375,675.3704833984375,40.640625,69.3231201171875,0.6135151982307434,-1,-1,-1
506,586,3474.06494140625,587.2152709960938,18.91064453125,49.0086669921875,0.3189570903778076,-1,-1,-1
506,591,4080.538330078125,573.4970092773438,22.680419921875,44.22625732421875,0.3742211163043976,-1,-1,-1
506,345,3889.104736328125,623.5557861328125,26.460693359375,57.23907470703125,0.3585304915904999,-1,-1,-1
506,477,4504.724609375,650.0807495117188,30.86376953125,52.1766357421875,0.4278138279914856,-1,-1,-1
507,2,4991.37451171875,806.0689697265625,68.16845703125,103.85284423828125,0.7534580230712891,-1,-1,-1
507,228,3599.035888671875,680.8203735351562,35.11767578125,78.53173828125,0.7081148028373718,-1,-1,-1
507,399,3624.16015625,787.9638061523438,73.008056640625,89.56109619140625,0.6842369437217712,-1,-1,-1
507,277,4318.6396484375,707.81396484375,41.177734375,62.20458984375,0.5246961712837219,-1,-1,-1
507,1,4570.57568359375,771.2972412109375,51.88671875,69.70526123046875,0.38435640931129456,-1,-1,-1
507,378,4598.208984375,675.4951171875,43.36083984375,70.0672607421875,0.5563204884529114,-1,-1,-1
507,586,3473.56982421875,587.806640625,19.843505859375,47.5322265625,0.2890683114528656,-1,-1,-1
507,591,4082.1201171875,572.0896606445312,22.197265625,44.437744140625,0.3730204105377197,-1,-1,-1
507,345,3889.385986328125,623.9013061523438,26.33984375,56.8529052734375,0.4008491337299347,-1,-1,-1
507,477,4505.27490234375,649.9348754882812,31.830078125,58.10687255859375,0.43754076957702637,-1,-1,-1
507,600,3821.9365234375,534.3239135742188,17.24169921875,30.1732177734375,0.32877984642982483,-1,-1,-1
508,2,4991.248046875,806.09765625,68.45361328125,103.82684326171875,0.7605178356170654,-1,-1,-1
508,228,3596.998779296875,681.6226196289062,36.123291015625,77.723876953125,0.6814115047454834,-1,-1,-1
508,399,3625.3017578125,788.0620727539062,76.46630859375,88.97027587890625,0.6787292957305908,-1,-1,-1
508,277,4317.94580078125,708.2150268554688,42.15576171875,61.98095703125,0.5272244215011597,-1,-1,-1
508,1,4570.1103515625,772.2845458984375,52.39111328125,70.31207275390625,0.411403089761734,-1,-1,-1
508,378,4594.7333984375,674.8621826171875,45.1201171875,72.6885986328125,0.5789264440536499,-1,-1,-1
508,586,3474.25,587.849853515625,18.96240234375,46.9305419921875,0.2900291085243225,-1,-1,-1
508,591,4084.08349609375,572.9268188476562,22.07275390625,42.96307373046875,0.32412436604499817,-1,-1,-1
508,345,3890.032470703125,624.1971435546875,25.95556640625,57.43780517578125,0.435567170381546,-1,-1,-1
508,477,4503.841796875,650.98095703125,31.95947265625,53.9449462890625,0.4301753044128418,-1,-1,-1
508,600,3821.946533203125,534.5152587890625,17.390869140625,29.897705078125,0.3279868960380554,-1,-1,-1
509,2,4993.6787109375,806.3927001953125,65.96484375,103.56256103515625,0.7722684741020203,-1,-1,-1
509,228,3596.146240234375,681.8901977539062,34.126220703125,77.05670166015625,0.6603652834892273,-1,-1,-1
509,399,3628.603515625,786.2036743164062,75.68017578125,90.49835205078125,0.6928955912590027,-1,-1,-1
509,277,4318.18701171875,707.8572387695312,41.98583984375,62.2359619140625,0.5315542221069336,-1,-1,-1
509,1,4565.31591796875,771.5686645507812,57.19580078125,72.4703369140625,0.43755990266799927,-1,-1,-1
509,378,4590.96044921875,674.5584716796875,47.48193359375,73.7493896484375,0.5058068633079529,-1,-1,-1
509,586,3472.790283203125,586.7867431640625,20.75830078125,49.38330078125,0.3221437335014343,-1,-1,-1
509,591,4085.63427734375,573.5845947265625,21.0986328125,45.59075927734375,0.3668886125087738,-1,-1,-1
509,345,3890.771240234375,625.0531005859375,25.266845703125,57.10858154296875,0.4794512689113617,-1,-1,-1
509,477,4503.32470703125,652.50732421875,33.33056640625,52.24285888671875,0.3574944734573364,-1,-1,-1
509,600,3822.088134765625,534.4383544921875,17.408203125,29.87274169921875,0.3235568404197693,-1,-1,-1
510,2,4994.83447265625,806.17578125,64.62744140625,103.752197265625,0.7792275547981262,-1,-1,-1
510,228,3594.781494140625,682.1306762695312,31.24267578125,76.70208740234375,0.621268093585968,-1,-1,-1
510,399,3633.7451171875,784.5177001953125,71.658447265625,91.37847900390625,0.6795604228973389,-1,-1,-1
510,277,4320.92822265625,707.3060302734375,39.470703125,62.41064453125,0.5553769469261169,-1,-1,-1
510,1,4559.8857421875,771.7744750976562,61.78515625,74.83251953125,0.5765324234962463,-1,-1,-1
510,378,4587.369140625,672.3106079101562,48.4345703125,76.72369384765625,0.5625770092010498,-1,-1,-1
510,586,3472.16796875,585.6066284179688,21.589111328125,51.77960205078125,0.3236534893512726,-1,-1,-1
510,591,4086.193115234375,574.0218505859375,21.186767578125,47.60382080078125,0.41008564829826355,-1,-1,-1
510,345,3891.00048828125,625.736083984375,25.029052734375,56.66265869140625,0.48847952485084534,-1,-1,-1
510,477,4505.9501953125,654.6090698242188,34.30126953125,59.54833984375,0.3973826467990875,-1,-1,-1
510,600,3822.173828125,534.7325439453125,17.79345703125,29.88616943359375,0.3222011923789978,-1,-1,-1
511,2,4997.35107421875,806.0914916992188,61.9140625,103.33050537109375,0.773371696472168,-1,-1,-1
511,228,3596.1064453125,682.3129272460938,25.25146484375,73.040771484375,0.5881788730621338,-1,-1,-1
511,399,3640.121337890625,779.7994995117188,66.1962890625,96.40972900390625,0.6829197406768799,-1,-1,-1
511,277,4323.427734375,707.4638061523438,36.8974609375,62.03857421875,0.5395291447639465,-1,-1,-1
511,1,4563.81396484375,773.1503295898438,56.076171875,73.65789794921875,0.5438921451568604,-1,-1,-1
511,378,4584.375,672.7205810546875,47.02490234375,76.6478271484375,0.49993956089019775,-1,-1,-1
511,586,3471.22119140625,584.473876953125,22.24169921875,53.5306396484375,0.30285507440567017,-1,-1,-1
511,591,4085.219970703125,574.2677612304688,23.297607421875,48.683837890625,0.3861134350299835,-1,-1,-1
511,345,3891.672119140625,625.965576171875,24.48291015625,55.5050048828125,0.49511927366256714,-1,-1,-1
511,477,4507.09375,656.4898071289062,34.853515625,62.66748046875,0.3640807569026947,-1,-1,-1
511,600,3822.236083984375,535.0318603515625,18.498046875,29.52301025390625,0.3144400119781494,-1,-1,-1
512,2,4998.66796875,806.0548706054688,60.38330078125,103.0245361328125,0.7766108512878418,-1,-1,-1
512,228,3593.309326171875,680.7277221679688,25.418212890625,72.96051025390625,0.5923569798469543,-1,-1,-1
512,399,3643.644775390625,776.741455078125,63.38623046875,98.76470947265625,0.7765761613845825,-1,-1,-1
512,277,4324.0185546875,706.7009887695312,36.62109375,62.7744140625,0.5819675922393799,-1,-1,-1
512,1,4570.1201171875,772.7789306640625,47.95458984375,73.65850830078125,0.5259252190589905,-1,-1,-1
512,378,4582.93896484375,672.1757202148438,45.89306640625,76.7991943359375,0.4527163803577423,-1,-1,-1
512,586,3471.185791015625,585.3019409179688,21.88818359375,51.92108154296875,0.2593132555484772,-1,-1,-1
512,591,4085.283203125,574.4358520507812,24.96533203125,51.40008544921875,0.3856171667575836,-1,-1,-1
512,345,3892.355712890625,626.2274169921875,24.216796875,54.23809814453125,0.5018740892410278,-1,-1,-1
512,477,4508.83154296875,657.7971801757812,32.61083984375,62.2581787109375,0.40894895792007446,-1,-1,-1
512,600,3822.534912109375,535.2821655273438,18.43408203125,29.0557861328125,0.3143462538719177,-1,-1,-1
512,612,3567.642578125,620.322509765625,24.598388671875,48.19366455078125,0.3233468234539032,-1,-1,-1
513,2,5000.9794921875,805.33203125,57.64599609375,102.08441162109375,0.7531566619873047,-1,-1,-1
513,228,3591.68505859375,679.693359375,25.715087890625,73.287109375,0.531686007976532,-1,-1,-1
513,399,3653.686767578125,774.357421875,53.953125,99.02362060546875,0.6751725673675537,-1,-1,-1
513,277,4324.4931640625,705.9824829101562,36.2431640625,63.92498779296875,0.599244236946106,-1,-1,-1
513,1,4571.50390625,774.179931640625,45.853515625,72.40753173828125,0.497727632522583,-1,-1,-1
513,378,4579.20751953125,673.6934814453125,45.45556640625,76.17425537109375,0.46096253395080566,-1,-1,-1
513,591,4085.942138671875,576.4967041015625,25.223876953125,50.7203369140625,0.40353965759277344,-1,-1,-1
513,345,3893.205078125,626.8316650390625,23.7626953125,53.38525390625,0.49125227332115173,-1,-1,-1
513,477,4509.71923828125,659.2144165039062,31.12646484375,59.73321533203125,0.372050017118454,-1,-1,-1
513,600,3822.948486328125,535.14990234375,18.204345703125,30.50897216796875,0.33239877223968506,-1,-1,-1
513,612,3567.494384765625,620.0199584960938,24.79833984375,47.635986328125,0.30207008123397827,-1,-1,-1
513,615,4775.884765625,604.2285766601562,32.88427734375,43.58514404296875,0.45370641350746155,-1,-1,-1
514,2,5003.095703125,805.6216430664062,55.37744140625,102.3306884765625,0.7202090620994568,-1,-1,-1
514,228,3589.442138671875,680.8993530273438,24.41357421875,73.3377685546875,0.5592107176780701,-1,-1,-1
514,399,3663.677001953125,773.4127807617188,45.7822265625,99.6162109375,0.7116104364395142,-1,-1,-1
514,277,4325.689453125,705.6354370117188,35.19140625,64.77777099609375,0.6291553378105164,-1,-1,-1
514,1,4566.97265625,775.6823120117188,49.76904296875,71.2391357421875,0.41643160581588745,-1,-1,-1
514,378,4578.3740234375,676.921875,38.201171875,69.56072998046875,0.4404015839099884,-1,-1,-1
514,591,4086.441650390625,577.0540771484375,25.283935546875,50.42767333984375,0.4122796058654785,-1,-1,-1
514,345,3895.81201171875,627.7355346679688,21.528564453125,53.047119140625,0.4910852909088135,-1,-1,-1
514,477,4509.7001953125,660.9073486328125,31.150390625,56.2567138671875,0.3266626298427582,-1,-1,-1
514,600,3823.154296875,535.5418701171875,17.99462890625,30.6513671875,0.31902357935905457,-1,-1,-1
514,615,4779.3447265625,604.9191284179688,30.44287109375,44.624267578125,0.5091190934181213,-1,-1,-1
515,2,5005.3017578125,804.7102661132812,52.50341796875,102.2562255859375,0.7037566900253296,-1,-1,-1
515,228,3585.514404296875,682.4857788085938,25.266357421875,70.69842529296875,0.5041507482528687,-1,-1,-1
515,399,3670.045654296875,773.0457153320312,39.9873046875,100.17510986328125,0.7504345178604126,-1,-1,-1
515,277,4326.578125,705.50927734375,34.8857421875,65.3641357421875,0.6680500507354736,-1,-1,-1
515,1,4563.8759765625,775.5993041992188,53.5830078125,71.10833740234375,0.38448721170425415,-1,-1,-1
515,378,4576.62646484375,678.6968994140625,38.73876953125,70.66290283203125,0.49912795424461365,-1,-1,-1
515,591,4086.236328125,576.8629150390625,25.1962890625,50.3424072265625,0.41767051815986633,-1,-1,-1
515,345,3896.684326171875,628.2061767578125,20.817138671875,53.33056640625,0.5023154020309448,-1,-1,-1
515,477,4509.80615234375,660.4271850585938,32.07177734375,56.279296875,0.3955644965171814,-1,-1,-1
515,600,3823.497802734375,535.6284790039062,18.10009765625,30.5162353515625,0.30592286586761475,-1,-1,-1
515,615,4783.9990234375,605.9823608398438,25.98779296875,44.54327392578125,0.4788498878479004,-1,-1,-1
515,617,3015.822509765625,516.1827392578125,19.20263671875,40.32427978515625,0.3105104863643646,-1,-1,-1
515,612,3569.000244140625,619.9111938476562,23.556884765625,46.127685546875,0.2708594501018524,-1,-1,-1
516,2,5007.10546875,804.8794555664062,50.55029296875,102.99127197265625,0.6848857402801514,-1,-1,-1
516,228,3584.93701171875,679.7135009765625,26.23486328125,72.67376708984375,0.55584317445755,-1,-1,-1
516,399,3675.5380859375,773.2584838867188,35.720947265625,99.05816650390625,0.7785518169403076,-1,-1,-1
516,277,4327.15380859375,705.356201171875,34.701171875,65.54205322265625,0.6779730916023254,-1,-1,-1
516,1,4545.71630859375,774.3060913085938,70.74169921875,72.134033203125,0.4375118911266327,-1,-1,-1
516,378,4571.05322265625,677.8593139648438,43.181640625,73.8648681640625,0.553656816482544,-1,-1,-1
516,591,4085.975341796875,576.9483032226562,26.143798828125,51.17742919921875,0.40565139055252075,-1,-1,-1
516,345,3897.82080078125,628.3308715820312,20.190673828125,53.696044921875,0.5132843255996704,-1,-1,-1
516,477,4509.44677734375,661.1127319335938,34.0400390625,58.10650634765625,0.41821131110191345,-1,-1,-1
516,600,3823.9326171875,535.6605224609375,17.893310546875,30.58135986328125,0.31000885367393494,-1,-1,-1
516,615,4788.4453125,606.3870849609375,24.83837890625,44.69482421875,0.3552551865577698,-1,-1,-1
516,617,3015.703125,516.165283203125,19.3115234375,40.3292236328125,0.31395626068115234,-1,-1,-1
516,586,3470.0908203125,580.216796875,21.44189453125,53.70458984375,0.31227701902389526,-1,-1,-1
517,2,5008.62158203125,804.9634399414062,48.71875,103.0987548828125,0.6958200931549072,-1,-1,-1
517,228,3583.796875,680.18994140625,26.591552734375,72.3966064453125,0.5965105891227722,-1,-1,-1
517,399,3679.535400390625,773.2713012695312,32.80029296875,100.72406005859375,0.7621111273765564,-1,-1,-1
517,277,4327.67236328125,705.4607543945312,34.09912109375,65.36712646484375,0.6775934100151062,-1,-1,-1
517,1,4552.15087890625,773.7815551757812,61.083984375,72.90447998046875,0.3825914263725281,-1,-1,-1
517,378,4565.09033203125,677.5261840820312,47.7060546875,74.83966064453125,0.5957346558570862,-1,-1,-1
517,591,4084.694091796875,577.99560546875,28.439208984375,50.7667236328125,0.3176836669445038,-1,-1,-1
517,345,3898.440185546875,628.81103515625,20.2802734375,52.6453857421875,0.5069901347160339,-1,-1,-1
517,477,4509.41064453125,662.1570434570312,34.53564453125,59.29937744140625,0.4152466952800751,-1,-1,-1
517,600,3824.570556640625,535.8728637695312,17.385986328125,29.81683349609375,0.2866404354572296,-1,-1,-1
517,617,3015.9140625,516.2427368164062,19.0849609375,40.01580810546875,0.3165994882583618,-1,-1,-1
517,586,3470.2333984375,579.35009765625,20.61083984375,53.7664794921875,0.297823041677475,-1,-1,-1
518,2,5009.36669921875,804.788818359375,47.6630859375,103.57843017578125,0.6846588253974915,-1,-1,-1
518,228,3581.61376953125,680.275146484375,26.37451171875,72.85052490234375,0.6190801858901978,-1,-1,-1
518,399,3682.03759765625,773.718505859375,31.787353515625,102.84564208984375,0.7338625192642212,-1,-1,-1
518,277,4327.75390625,705.42333984375,34.46630859375,67.8065185546875,0.721620500087738,-1,-1,-1
518,1,4554.74365234375,773.4808349609375,57.11767578125,73.95965576171875,0.44552090764045715,-1,-1,-1
518,378,4561.13232421875,678.64306640625,49.71240234375,75.26324462890625,0.5069020390510559,-1,-1,-1
518,591,4084.0,577.6848754882812,30.0087890625,52.77593994140625,0.4117371737957001,-1,-1,-1
518,345,3898.847900390625,629.2943115234375,20.611328125,51.095947265625,0.5332340598106384,-1,-1,-1
518,477,4507.72265625,662.3382568359375,34.9921875,61.57830810546875,0.5523756146430969,-1,-1,-1
518,600,3825.3017578125,535.8946533203125,17.16943359375,29.31842041015625,0.27315932512283325,-1,-1,-1
518,617,3015.902099609375,516.3558959960938,19.12060546875,39.98419189453125,0.32116979360580444,-1,-1,-1
518,586,3469.6171875,563.8143920898438,21.228515625,68.93353271484375,0.3493120074272156,-1,-1,-1
519,2,5007.0751953125,804.6112060546875,49.162109375,102.9443359375,0.6977367401123047,-1,-1,-1
519,228,3579.430419921875,681.1066284179688,26.378173828125,71.76544189453125,0.6739007234573364,-1,-1,-1
519,399,3683.221923828125,774.6070556640625,33.3447265625,103.887939453125,0.7348275780677795,-1,-1,-1
519,277,4328.34619140625,705.69140625,34.07763671875,68.99078369140625,0.7392974495887756,-1,-1,-1
519,1,4543.283203125,774.2474975585938,68.1630859375,76.82269287109375,0.5867729187011719,-1,-1,-1
519,378,4558.0859375,680.084228515625,49.3984375,74.139404296875,0.3930692970752716,-1,-1,-1
519,591,4084.453369140625,578.2205200195312,30.027099609375,54.29193115234375,0.4877288341522217,-1,-1,-1
519,345,3899.06005859375,630.638916015625,20.857421875,51.61480712890625,0.5118446946144104,-1,-1,-1
519,477,4506.8955078125,664.3079833984375,35.26123046875,59.14727783203125,0.5210083723068237,-1,-1,-1
519,600,3825.493408203125,535.8466796875,17.070068359375,30.299072265625,0.30347320437431335,-1,-1,-1
519,617,3016.211669921875,516.263671875,19.0869140625,40.51165771484375,0.33174261450767517,-1,-1,-1
519,586,3467.7548828125,563.0916748046875,23.001708984375,69.9158935546875,0.35180774331092834,-1,-1,-1
520,2,4999.67041015625,804.2081909179688,56.2412109375,103.2529296875,0.7035346627235413,-1,-1,-1
520,228,3576.528076171875,678.5776977539062,27.690673828125,74.31024169921875,0.7233763933181763,-1,-1,-1
520,399,3684.975341796875,776.55712890625,33.626708984375,103.57830810546875,0.7061744928359985,-1,-1,-1
520,277,4328.486328125,705.9705810546875,33.92724609375,68.4833984375,0.7365323901176453,-1,-1,-1
520,1,4535.115234375,774.9898071289062,73.84716796875,78.15435791015625,0.5726456046104431,-1,-1,-1
520,591,4084.3916015625,580.3214721679688,30.08837890625,53.80169677734375,0.503667414188385,-1,-1,-1
520,345,3898.97802734375,634.1265869140625,20.802001953125,51.68768310546875,0.5403163433074951,-1,-1,-1
520,477,4505.79052734375,665.9224243164062,37.02490234375,58.69287109375,0.5160638689994812,-1,-1,-1
520,600,3826.1923828125,535.54345703125,17.1318359375,31.88916015625,0.3117862939834595,-1,-1,-1
520,617,3016.38916015625,516.2115478515625,19.09912109375,40.7435302734375,0.33595073223114014,-1,-1,-1
520,586,3466.3994140625,570.0899047851562,24.2392578125,63.46636962890625,0.40838146209716797,-1,-1,-1
521,2,4990.4580078125,804.2430419921875,65.0029296875,103.50775146484375,0.6914089322090149,-1,-1,-1
521,228,3573.41845703125,677.4224243164062,28.796630859375,75.77862548828125,0.716543436050415,-1,-1,-1
521,399,3684.973876953125,777.7146606445312,37.278564453125,102.54119873046875,0.5941430926322937,-1,-1,-1
521,277,4328.013671875,705.6434936523438,34.76123046875,69.2689208984375,0.719096302986145,-1,-1,-1
521,1,4539.77880859375,774.5927124023438,65.04638671875,79.06634521484375,0.6242013573646545,-1,-1,-1
521,591,4084.58984375,581.09765625,30.1865234375,54.47723388671875,0.5088027119636536,-1,-1,-1
521,345,3899.03125,634.8779296875,21.472412109375,52.4873046875,0.6045631170272827,-1,-1,-1
521,477,4505.205078125,667.2066650390625,35.5556640625,58.54742431640625,0.5336169004440308,-1,-1,-1
521,600,3826.4091796875,535.501953125,17.07861328125,31.65240478515625,0.32622668147087097,-1,-1,-1
521,617,3016.5732421875,516.1921997070312,19.013427734375,40.67425537109375,0.3371970057487488,-1,-1,-1
521,586,3465.234619140625,574.8187866210938,24.772216796875,59.78887939453125,0.41096368432044983,-1,-1,-1
521,626,3571.11572265625,619.5611572265625,28.0498046875,131.3697509765625,0.4964172840118408,-1,-1,-1
521,378,4549.76513671875,679.6437377929688,47.51318359375,73.48760986328125,0.4751875698566437,-1,-1,-1
522,2,5001.369140625,804.5755004882812,54.1328125,103.67218017578125,0.6556058526039124,-1,-1,-1
522,228,3571.769775390625,680.1837768554688,29.376708984375,72.900634765625,0.6620633006095886,-1,-1,-1
522,399,3684.169921875,781.1146850585938,45.332275390625,99.33648681640625,0.35299670696258545,-1,-1,-1
522,277,4329.68505859375,706.7813720703125,32.83251953125,69.68402099609375,0.7383975982666016,-1,-1,-1
522,1,4544.44970703125,774.2537841796875,53.5537109375,79.55731201171875,0.5324903130531311,-1,-1,-1
522,591,4084.20849609375,583.6542358398438,31.123046875,52.40142822265625,0.42617174983024597,-1,-1,-1
522,345,3899.2138671875,636.2174072265625,21.2490234375,53.05474853515625,0.541218101978302,-1,-1,-1
522,477,4504.49560546875,667.8569946289062,35.3056640625,60.2786865234375,0.4868309795856476,-1,-1,-1
522,600,3826.50830078125,535.4046020507812,16.9873046875,31.40472412109375,0.34005752205848694,-1,-1,-1
522,617,3016.820068359375,516.3126220703125,18.785888671875,40.0771484375,0.33974504470825195,-1,-1,-1
522,378,4549.26611328125,680.7376708984375,42.9619140625,71.61492919921875,0.48280414938926697,-1,-1,-1
523,2,5006.88525390625,804.5264282226562,48.23974609375,104.4501953125,0.6846561431884766,-1,-1,-1
523,228,3570.846435546875,680.4625244140625,29.14599609375,72.27471923828125,0.6600216031074524,-1,-1,-1
523,399,3685.281005859375,781.71923828125,48.800048828125,99.8172607421875,0.5830587148666382,-1,-1,-1
523,277,4330.13623046875,707.3557739257812,32.1494140625,69.39813232421875,0.7359433770179749,-1,-1,-1
523,1,4548.63671875,774.4620361328125,45.189453125,82.17919921875,0.6132600903511047,-1,-1,-1
523,591,4084.051025390625,584.4164428710938,31.124755859375,50.953857421875,0.4561932682991028,-1,-1,-1
523,345,3899.235595703125,637.0704345703125,21.8759765625,54.50506591796875,0.5380233526229858,-1,-1,-1
523,477,4502.138671875,668.3400268554688,36.703125,61.62158203125,0.4068915545940399,-1,-1,-1
523,600,3826.509033203125,535.3432006835938,16.88720703125,30.9547119140625,0.329924076795578,-1,-1,-1
523,617,3016.8291015625,516.17626953125,18.641845703125,39.74017333984375,0.3379586935043335,-1,-1,-1
523,378,4549.8525390625,682.544677734375,36.8759765625,67.9000244140625,0.4338456094264984,-1,-1,-1
523,626,3570.561279296875,621.9912719726562,27.839111328125,99.57763671875,0.38900092244148254,-1,-1,-1
524,2,5002.39794921875,804.5223999023438,52.3828125,104.980712890625,0.6854045987129211,-1,-1,-1
524,228,3570.032470703125,651.4013671875,29.556884765625,101.3306884765625,0.6592816710472107,-1,-1,-1
524,399,3685.66943359375,781.608642578125,50.57421875,99.84869384765625,0.6895601153373718,-1,-1,-1
524,277,4329.89501953125,707.7786254882812,32.54150390625,71.42608642578125,0.7538175582885742,-1,-1,-1
524,1,4549.71240234375,775.2709350585938,39.69189453125,83.20306396484375,0.6521969437599182,-1,-1,-1
524,591,4083.589111328125,584.8749389648438,31.533447265625,50.5928955078125,0.4637712836265564,-1,-1,-1
524,345,3899.269775390625,637.2312622070312,22.880615234375,55.64056396484375,0.5889679789543152,-1,-1,-1
524,477,4500.3037109375,667.8804321289062,37.21826171875,60.932861328125,0.4833675026893616,-1,-1,-1
524,600,3826.618408203125,535.1271362304688,16.96728515625,31.79248046875,0.3330077826976776,-1,-1,-1
524,617,3016.8427734375,516.3714599609375,18.59033203125,39.4688720703125,0.31609612703323364,-1,-1,-1
524,378,4545.041015625,682.548095703125,37.0830078125,68.631591796875,0.5117499828338623,-1,-1,-1
524,639,4810.74462890625,606.01904296875,35.25537109375,47.71246337890625,0.4367408752441406,-1,-1,-1
524,586,3464.414306640625,584.7255859375,22.814697265625,48.2264404296875,0.31831926107406616,-1,-1,-1
525,2,4998.798828125,804.4169921875,55.65869140625,105.3504638671875,0.7022262215614319,-1,-1,-1
525,228,3568.261962890625,635.4694213867188,31.252685546875,116.86181640625,0.6899799704551697,-1,-1,-1
525,399,3686.8515625,780.7708129882812,52.442138671875,98.97900390625,0.6985917091369629,-1,-1,-1
525,277,4329.7373046875,707.8899536132812,32.84326171875,71.10125732421875,0.7457427382469177,-1,-1,-1
525,1,4546.6162109375,775.4871215820312,39.9404296875,84.20367431640625,0.6980465054512024,-1,-1,-1
525,591,4083.3837890625,585.2815551757812,31.17919921875,49.38372802734375,0.46680739521980286,-1,-1,-1
525,345,3899.4287109375,637.500244140625,23.158203125,55.94488525390625,0.6035659909248352,-1,-1,-1
525,477,4497.79296875,668.4092407226562,36.16064453125,59.5753173828125,0.523804783821106,-1,-1,-1
525,600,3826.642578125,535.1957397460938,17.135009765625,31.51202392578125,0.3211849629878998,-1,-1,-1
525,617,3016.83984375,516.3201904296875,18.56298828125,39.54364013671875,0.3233104944229126,-1,-1,-1
525,378,4539.60791015625,682.9121704101562,40.36767578125,68.62969970703125,0.4585188627243042,-1,-1,-1
525,639,4813.20849609375,608.7076416015625,35.57177734375,46.31951904296875,0.36282116174697876,-1,-1,-1
525,586,3462.493896484375,588.0158081054688,22.35546875,45.29656982421875,0.3202548921108246,-1,-1,-1
526,2,4996.11865234375,804.750732421875,57.98828125,105.53253173828125,0.7176600694656372,-1,-1,-1
526,228,3567.54638671875,654.53125,31.505126953125,97.390380859375,0.6371940970420837,-1,-1,-1
526,399,3688.986572265625,781.864501953125,53.8076171875,96.8792724609375,0.7657952308654785,-1,-1,-1
526,277,4329.57958984375,707.6953125,33.3818359375,71.4130859375,0.7491323947906494,-1,-1,-1
526,1,4542.7734375,775.40087890625,40.91845703125,85.76739501953125,0.7117406725883484,-1,-1,-1
526,591,4083.25048828125,585.891845703125,32.626953125,53.08026123046875,0.49327999353408813,-1,-1,-1
526,345,3899.488037109375,637.6484985351562,23.260986328125,55.68756103515625,0.5751379728317261,-1,-1,-1
526,477,4494.7109375,670.590087890625,36.958984375,63.6884765625,0.39800921082496643,-1,-1,-1
526,600,3826.773193359375,535.1924438476562,17.376953125,32.2357177734375,0.33034366369247437,-1,-1,-1
526,617,3016.756103515625,516.1959228515625,18.280029296875,39.8663330078125,0.3276381492614746,-1,-1,-1
526,378,4535.35400390625,683.6104736328125,42.81298828125,67.798095703125,0.38304761052131653,-1,-1,-1
526,639,4816.13916015625,608.7263793945312,34.5498046875,46.795166015625,0.3119974136352539,-1,-1,-1
526,586,3461.61328125,589.4182739257812,22.079345703125,43.17718505859375,0.29757657647132874,-1,-1,-1
527,2,4995.0947265625,804.9672241210938,58.85546875,105.78338623046875,0.7223946452140808,-1,-1,-1
527,228,3567.030517578125,666.4837646484375,31.6845703125,85.05401611328125,0.6564275026321411,-1,-1,-1
527,399,3691.734619140625,782.5811157226562,55.53076171875,95.78173828125,0.7752583622932434,-1,-1,-1
527,277,4329.3291015625,707.8751220703125,33.8994140625,71.58709716796875,0.7562397718429565,-1,-1,-1
527,1,4538.90234375,774.0829467773438,40.54541015625,89.38775634765625,0.6902897953987122,-1,-1,-1
527,591,4082.250244140625,586.2720336914062,34.251708984375,55.80535888671875,0.5146963000297546,-1,-1,-1
527,345,3899.453369140625,637.7562255859375,23.655517578125,56.14068603515625,0.5856175422668457,-1,-1,-1
527,477,4491.08349609375,671.2947387695312,38.1064453125,68.883544921875,0.4617006182670593,-1,-1,-1
527,600,3826.88232421875,535.2086791992188,17.5185546875,32.37457275390625,0.3241482675075531,-1,-1,-1
527,617,3016.6240234375,516.1781616210938,18.24267578125,39.96221923828125,0.3231652081012726,-1,-1,-1
527,639,4817.9921875,607.9634399414062,34.314453125,48.69830322265625,0.3012736141681671,-1,-1,-1
527,586,3460.617431640625,589.3886108398438,22.3671875,43.58258056640625,0.29430338740348816,-1,-1,-1
528,2,4995.88330078125,805.313720703125,57.58935546875,105.51007080078125,0.7191554307937622,-1,-1,-1
528,228,3566.72314453125,635.4689331054688,32.64599609375,114.9820556640625,0.7082370519638062,-1,-1,-1
528,399,3697.401123046875,782.4934692382812,54.949462890625,94.32281494140625,0.738392174243927,-1,-1,-1
528,277,4329.28125,707.60498046875,34.0712890625,72.3408203125,0.7647120356559753,-1,-1,-1
528,1,4535.771484375,773.4672241210938,40.8291015625,91.4617919921875,0.7120935916900635,-1,-1,-1
528,591,4080.605712890625,586.9531860351562,36.276611328125,56.9156494140625,0.5091251730918884,-1,-1,-1
528,345,3899.603271484375,637.7955322265625,23.939208984375,55.5018310546875,0.5973852872848511,-1,-1,-1
528,477,4488.64697265625,671.1021118164062,39.13671875,74.60107421875,0.4686288833618164,-1,-1,-1
528,600,3827.049560546875,535.3305053710938,17.7109375,33.00091552734375,0.3398669958114624,-1,-1,-1
528,617,3016.608154296875,516.2114868164062,18.146484375,39.9271240234375,0.3254525065422058,-1,-1,-1
528,639,4819.541015625,607.910400390625,32.6044921875,46.7730712890625,0.3111237585544586,-1,-1,-1
528,586,3459.963623046875,589.0734252929688,22.46240234375,43.53729248046875,0.29159510135650635,-1,-1,-1
528,378,4520.630859375,684.343994140625,41.9931640625,67.23895263671875,0.3862117826938629,-1,-1,-1
529,2,4998.2666015625,805.7214965820312,54.86181640625,105.41546630859375,0.7248439192771912,-1,-1,-1
529,228,3565.305908203125,626.2078247070312,34.09521484375,125.080078125,0.7249411940574646,-1,-1,-1
529,399,3706.15380859375,779.3277587890625,50.8447265625,96.3292236328125,0.6807590126991272,-1,-1,-1
529,277,4329.1142578125,707.4146728515625,34.0029296875,73.12628173828125,0.7694162726402283,-1,-1,-1
529,1,4531.42529296875,774.4508666992188,43.37646484375,91.0892333984375,0.6741782426834106,-1,-1,-1
529,591,4079.2412109375,588.8712158203125,37.95166015625,56.2427978515625,0.40163540840148926,-1,-1,-1
529,345,3899.599609375,637.656982421875,24.3564453125,55.23309326171875,0.6133698225021362,-1,-1,-1
529,477,4486.0400390625,671.1242065429688,40.45166015625,73.668701171875,0.4529808759689331,-1,-1,-1
529,600,3827.00830078125,535.3939208984375,17.85009765625,32.85015869140625,0.3314729928970337,-1,-1,-1
529,617,3016.56201171875,516.3201293945312,18.073974609375,39.76983642578125,0.3337687849998474,-1,-1,-1
529,639,4820.66845703125,608.687744140625,31.54638671875,44.0394287109375,0.2644463777542114,-1,-1,-1
529,586,3459.764892578125,588.573486328125,23.052001953125,41.455078125,0.27277040481567383,-1,-1,-1
529,378,4517.1025390625,685.3411254882812,42.08837890625,64.997314453125,0.49772000312805176,-1,-1,-1
530,2,4998.642578125,806.1338500976562,54.3408203125,105.99017333984375,0.7381840944290161,-1,-1,-1
530,228,3564.5888671875,621.6621704101562,35.260986328125,129.538818359375,0.7388778924942017,-1,-1,-1
530,399,3714.145263671875,777.0113525390625,47.569580078125,99.2947998046875,0.7061505317687988,-1,-1,-1
530,277,4328.72607421875,707.2940063476562,33.8095703125,73.9019775390625,0.7724671959877014,-1,-1,-1
530,1,4523.99267578125,775.1134643554688,49.18798828125,90.9195556640625,0.5863943696022034,-1,-1,-1
530,591,4078.40576171875,588.2949829101562,39.24951171875,58.17047119140625,0.4969111680984497,-1,-1,-1
530,345,3899.673095703125,637.246337890625,24.46630859375,55.92498779296875,0.642120897769928,-1,-1,-1
530,477,4483.7041015625,671.3749389648438,40.0400390625,73.90179443359375,0.43013066053390503,-1,-1,-1
530,600,3826.99560546875,535.5380249023438,17.6884765625,32.1737060546875,0.32188865542411804,-1,-1,-1
530,617,3016.505615234375,516.3985595703125,18.03564453125,39.75469970703125,0.33404555916786194,-1,-1,-1
530,639,4822.5048828125,605.5805053710938,30.205078125,47.22467041015625,0.39145171642303467,-1,-1,-1
530,378,4514.82958984375,685.1351928710938,41.98046875,65.92791748046875,0.48633119463920593,-1,-1,-1
531,2,4996.50439453125,806.43994140625,56.1337890625,106.44036865234375,0.7451507449150085,-1,-1,-1
531,228,3563.31494140625,620.2191772460938,36.7412109375,132.02581787109375,0.7520112991333008,-1,-1,-1
531,399,3718.427490234375,775.60595703125,47.872314453125,100.6510009765625,0.7362833023071289,-1,-1,-1
531,277,4327.5126953125,706.9412841796875,34.6083984375,74.79327392578125,0.7742831707000732,-1,-1,-1
531,1,4520.78955078125,776.6714477539062,51.07470703125,88.26153564453125,0.6336260437965393,-1,-1,-1
531,591,4078.028076171875,587.30322265625,39.253173828125,57.7738037109375,0.40820372104644775,-1,-1,-1
531,345,3899.659912109375,637.9397583007812,24.879638671875,56.7874755859375,0.6118916869163513,-1,-1,-1
531,477,4481.94775390625,671.8316650390625,37.146484375,72.5484619140625,0.44815269112586975,-1,-1,-1
531,600,3826.95458984375,535.5581665039062,17.799072265625,31.84393310546875,0.30162665247917175,-1,-1,-1
531,617,3016.555419921875,516.3033447265625,18.0068359375,40.2694091796875,0.33646485209465027,-1,-1,-1
531,639,4823.56201171875,604.8634033203125,31.03662109375,49.90155029296875,0.45755189657211304,-1,-1,-1
531,378,4511.61474609375,684.8110961914062,39.23779296875,69.69854736328125,0.5544142723083496,-1,-1,-1
532,2,4999.076171875,806.5989990234375,53.0693359375,106.25201416015625,0.7301204204559326,-1,-1,-1
532,228,3563.471923828125,619.91162109375,36.998046875,132.56024169921875,0.7389490008354187,-1,-1,-1
532,399,3722.318603515625,775.69189453125,47.90576171875,100.12603759765625,0.7057251334190369,-1,-1,-1
532,277,4326.6005859375,705.9044799804688,35.0810546875,76.07464599609375,0.7760359048843384,-1,-1,-1
532,1,4517.17236328125,777.019287109375,53.49267578125,87.9498291015625,0.6999234557151794,-1,-1,-1
532,591,4076.595947265625,587.668212890625,41.596923828125,56.8873291015625,0.38044607639312744,-1,-1,-1
532,345,3899.71875,641.1729736328125,25.10693359375,54.1866455078125,0.5472719669342041,-1,-1,-1
532,477,4481.23876953125,673.7040405273438,34.10595703125,71.35687255859375,0.41835540533065796,-1,-1,-1
532,600,3826.83544921875,535.6241455078125,18.220458984375,31.1759033203125,0.31062352657318115,-1,-1,-1
532,617,3016.654541015625,516.418701171875,17.936767578125,39.959228515625,0.3297973871231079,-1,-1,-1
532,639,4823.9541015625,604.2457885742188,31.83251953125,51.3233642578125,0.48170414566993713,-1,-1,-1
532,378,4511.37548828125,682.9552001953125,33.11181640625,67.7796630859375,0.4392347037792206,-1,-1,-1
533,2,5000.88037109375,806.9486694335938,50.93798828125,106.3062744140625,0.740403950214386,-1,-1,-1
533,228,3563.679931640625,620.1494140625,36.840576171875,132.1712646484375,0.7259481549263,-1,-1,-1
533,399,3726.3251953125,772.4046020507812,46.926025390625,98.6759033203125,0.7687259316444397,-1,-1,-1
533,277,4325.6416015625,705.9229125976562,35.6533203125,75.90643310546875,0.7778255343437195,-1,-1,-1
533,1,4511.68017578125,776.155517578125,58.38671875,88.312744140625,0.7620604038238525,-1,-1,-1
533,591,4079.457763671875,590.4586181640625,39.529541015625,54.8143310546875,0.3917393684387207,-1,-1,-1
533,345,3900.341552734375,642.671630859375,24.400390625,52.75006103515625,0.5938355326652527,-1,-1,-1
533,477,4479.0791015625,673.0694580078125,31.87744140625,62.1558837890625,0.4624592661857605,-1,-1,-1
533,600,3826.850830078125,535.5845336914062,18.539794921875,31.4527587890625,0.3173353672027588,-1,-1,-1
533,617,3016.630615234375,516.3692016601562,18.017333984375,40.018310546875,0.32536688446998596,-1,-1,-1
533,639,4824.07373046875,604.0838623046875,32.4130859375,51.33697509765625,0.46054807305336,-1,-1,-1
533,378,4510.1181640625,682.636962890625,31.9794921875,63.15667724609375,0.42633476853370667,-1,-1,-1
533,586,3456.24755859375,588.1926879882812,25.963623046875,44.2491455078125,0.25804954767227173,-1,-1,-1
534,2,4999.17333984375,807.4324340820312,52.06787109375,106.34271240234375,0.739203691482544,-1,-1,-1
534,228,3564.085693359375,622.3323364257812,34.58154296875,130.67364501953125,0.664200484752655,-1,-1,-1
534,399,3731.329833984375,771.0994262695312,44.966064453125,95.70819091796875,0.7436642050743103,-1,-1,-1
534,277,4324.94873046875,705.7335815429688,35.82177734375,76.52301025390625,0.7638916373252869,-1,-1,-1
534,1,4508.00927734375,775.353759765625,59.88037109375,89.45501708984375,0.7449164986610413,-1,-1,-1
534,591,4078.928955078125,592.9813232421875,40.302001953125,57.24945068359375,0.3022790253162384,-1,-1,-1
534,345,3900.42822265625,643.1680297851562,24.20556640625,52.770263671875,0.5614593625068665,-1,-1,-1
534,477,4475.30615234375,675.8346557617188,31.25439453125,59.35540771484375,0.5031446218490601,-1,-1,-1
534,600,3826.852783203125,535.5112915039062,18.64501953125,32.12664794921875,0.3226351737976074,-1,-1,-1
534,617,3016.655029296875,516.3123779296875,17.7822265625,40.14959716796875,0.3290899097919464,-1,-1,-1
534,639,4824.15087890625,604.7347412109375,33.2138671875,50.4991455078125,0.41652175784111023,-1,-1,-1
534,378,4505.45849609375,681.1494750976562,34.6474609375,68.01416015625,0.3664532005786896,-1,-1,-1
535,2,4995.40283203125,808.3589477539062,55.1171875,105.5439453125,0.753625750541687,-1,-1,-1
535,228,3564.27978515625,620.9642333984375,35.633544921875,131.29443359375,0.6722177863121033,-1,-1,-1
535,399,3736.19677734375,768.9862670898438,44.273193359375,95.42095947265625,0.7487657070159912,-1,-1,-1
535,277,4324.3681640625,705.458984375,35.95556640625,77.0272216796875,0.7337294220924377,-1,-1,-1
535,1,4498.94970703125,773.636474609375,65.72265625,92.72174072265625,0.7318418025970459,-1,-1,-1
535,591,4075.99365234375,592.2193603515625,41.97705078125,62.2049560546875,0.3569231629371643,-1,-1,-1
535,345,3900.300537109375,644.3759155273438,24.28515625,51.96759033203125,0.5441111922264099,-1,-1,-1
535,477,4472.41064453125,677.9182739257812,30.8251953125,59.82647705078125,0.4996720254421234,-1,-1,-1
535,600,3826.987548828125,535.4275512695312,18.555419921875,32.01483154296875,0.3143760859966278,-1,-1,-1
535,617,3016.66796875,516.25830078125,17.76904296875,40.2767333984375,0.3206615149974823,-1,-1,-1
535,639,4824.201171875,605.0289306640625,34.16357421875,50.899658203125,0.4733785092830658,-1,-1,-1
535,378,4499.00634765625,681.7384033203125,38.63330078125,67.28741455078125,0.3771754503250122,-1,-1,-1
535,586,3451.80615234375,587.9234619140625,26.84912109375,47.4815673828125,0.322605699300766,-1,-1,-1
536,2,4993.45703125,809.4214477539062,56.44091796875,103.8277587890625,0.7835161685943604,-1,-1,-1
536,228,3563.7138671875,621.1604614257812,37.502685546875,130.9368896484375,0.7392430901527405,-1,-1,-1
536,399,3741.22021484375,767.745361328125,43.2509765625,95.78533935546875,0.7707774639129639,-1,-1,-1
536,277,4323.6845703125,705.8785400390625,35.58154296875,76.24542236328125,0.7061971426010132,-1,-1,-1
536,1,4495.6923828125,772.9805908203125,68.3642578125,95.30377197265625,0.7263565063476562,-1,-1,-1
536,591,4078.57568359375,594.2559204101562,39.56787109375,61.89306640625,0.45288407802581787,-1,-1,-1
536,345,3900.323974609375,645.1776733398438,24.157958984375,51.39337158203125,0.5392888188362122,-1,-1,-1
536,477,4469.35302734375,678.4700317382812,32.40185546875,59.812744140625,0.5604099631309509,-1,-1,-1
536,600,3827.03564453125,535.3416748046875,18.56201171875,32.44873046875,0.30776217579841614,-1,-1,-1
536,617,3016.681640625,516.2366333007812,17.75634765625,40.3001708984375,0.3150895833969116,-1,-1,-1
536,639,4824.44384765625,607.6527099609375,33.83154296875,48.9898681640625,0.40914034843444824,-1,-1,-1
536,378,4497.46337890625,681.9685668945312,38.6904296875,65.453125,0.39475417137145996,-1,-1,-1
536,655,3770.46923828125,523.9307250976562,16.763671875,33.06695556640625,0.3361985683441162,-1,-1,-1
536,586,3450.74609375,587.870849609375,26.263427734375,48.33660888671875,0.40836963057518005,-1,-1,-1
537,2,4992.7509765625,810.8798828125,56.580078125,102.76385498046875,0.7793379426002502,-1,-1,-1
537,228,3562.60498046875,621.3132934570312,40.227294921875,130.752685546875,0.7508028149604797,-1,-1,-1
537,399,3746.13232421875,766.03369140625,40.078369140625,97.55029296875,0.7667828798294067,-1,-1,-1
537,277,4322.51220703125,706.0877075195312,35.1689453125,75.27886962890625,0.67828768491745,-1,-1,-1
537,1,4491.32568359375,775.887939453125,71.75830078125,94.92840576171875,0.7218847870826721,-1,-1,-1
537,591,4085.702392578125,597.6533203125,33.351806640625,59.03045654296875,0.4010666012763977,-1,-1,-1
537,345,3899.828369140625,645.9907836914062,24.970703125,50.5025634765625,0.5408601760864258,-1,-1,-1
537,477,4463.3515625,676.7839965820312,36.876953125,62.40802001953125,0.5305016040802002,-1,-1,-1
537,600,3827.01953125,535.6678466796875,18.502685546875,31.63677978515625,0.286449670791626,-1,-1,-1
537,617,3016.71826171875,516.2705688476562,17.77294921875,40.24945068359375,0.30505654215812683,-1,-1,-1
537,639,4824.7607421875,608.5346069335938,33.85986328125,48.51055908203125,0.47007423639297485,-1,-1,-1
537,378,4494.30419921875,681.6791381835938,40.78515625,65.94287109375,0.4689394235610962,-1,-1,-1
537,655,3771.457275390625,524.482177734375,16.1279296875,31.88714599609375,0.3061835467815399,-1,-1,-1
537,586,3450.361083984375,588.0811767578125,25.9404296875,48.3701171875,0.41745781898498535,-1,-1,-1
538,2,4992.1826171875,812.1646118164062,56.5341796875,102.0673828125,0.7760775089263916,-1,-1,-1
538,228,3561.93017578125,620.900146484375,41.564208984375,130.740234375,0.7107098698616028,-1,-1,-1
538,399,3751.048828125,765.8526611328125,37.25732421875,96.78277587890625,0.7291251420974731,-1,-1,-1
538,277,4321.24267578125,705.8355712890625,33.53076171875,76.08111572265625,0.671638011932373,-1,-1,-1
538,1,4493.36083984375,777.4901123046875,61.36181640625,94.45391845703125,0.7272593379020691,-1,-1,-1
538,591,4090.67578125,600.8840942382812,28.80322265625,56.48944091796875,0.3866242468357086,-1,-1,-1
538,345,3899.616943359375,645.9338989257812,25.199462890625,50.0511474609375,0.5171450972557068,-1,-1,-1
538,477,4459.5615234375,675.7613525390625,36.67822265625,62.5101318359375,0.43854132294654846,-1,-1,-1
538,600,3826.994873046875,536.3738403320312,18.384521484375,30.6558837890625,0.2604573369026184,-1,-1,-1
538,617,3016.79248046875,516.2548217773438,17.63330078125,40.0902099609375,0.32398346066474915,-1,-1,-1
538,639,4824.498046875,608.7134399414062,35.02392578125,49.38250732421875,0.48072901368141174,-1,-1,-1
538,378,4491.73779296875,681.9431762695312,41.6083984375,65.72027587890625,0.49206188321113586,-1,-1,-1
538,655,3771.71142578125,526.5055541992188,15.604736328125,28.933837890625,0.3326044976711273,-1,-1,-1
538,586,3449.87109375,589.1390380859375,25.84716796875,48.218017578125,0.4489606022834778,-1,-1,-1
538,660,4071.7255859375,598.1409912109375,23.790771484375,56.649169921875,0.3833805024623871,-1,-1,-1
539,2,4991.82666015625,813.4383544921875,56.7451171875,101.02301025390625,0.7694653272628784,-1,-1,-1
539,228,3562.789306640625,620.8729248046875,42.958984375,130.77947998046875,0.6947630643844604,-1,-1,-1
539,399,3755.16162109375,763.3214721679688,35.1083984375,97.32574462890625,0.7934317588806152,-1,-1,-1
539,277,4319.7119140625,705.763916015625,33.10302734375,76.0601806640625,0.6306325793266296,-1,-1,-1
539,1,4493.67578125,779.7061157226562,58.10302734375,94.3250732421875,0.7039219737052917,-1,-1,-1
539,591,4095.147705078125,604.8004760742188,24.602783203125,52.04888916015625,0.30113038420677185,-1,-1,-1
539,345,3899.769287109375,644.722900390625,24.785400390625,51.3310546875,0.5098111033439636,-1,-1,-1
539,477,4457.16357421875,675.2607421875,34.10498046875,63.5146484375,0.4374586343765259,-1,-1,-1
539,617,3016.770751953125,516.2215576171875,17.63232421875,40.1868896484375,0.3371693193912506,-1,-1,-1
539,639,4824.2509765625,608.4881591796875,35.576171875,50.13250732421875,0.4879789650440216,-1,-1,-1
539,378,4490.5244140625,678.3428955078125,40.14453125,70.396728515625,0.5241370797157288,-1,-1,-1
539,655,3771.846923828125,527.7898559570312,15.766845703125,29.89447021484375,0.3497576415538788,-1,-1,-1
539,586,3449.6220703125,589.3804931640625,23.98974609375,48.58831787109375,0.4778269827365875,-1,-1,-1
539,660,4070.735107421875,601.1943969726562,23.499755859375,50.05487060546875,0.3525107204914093,-1,-1,-1
539,662,5600.07177734375,534.4928588867188,36.32568359375,39.30645751953125,0.409313827753067,-1,-1,-1
540,2,4991.98876953125,814.0023193359375,56.68798828125,100.62237548828125,0.7559807300567627,-1,-1,-1
540,228,3567.927978515625,620.6873779296875,39.943359375,130.3240966796875,0.6065812706947327,-1,-1,-1
540,399,3758.5732421875,760.1334838867188,34.012451171875,96.12249755859375,0.7761431336402893,-1,-1,-1
540,277,4317.556640625,705.8377685546875,35.3369140625,76.40081787109375,0.636111855506897,-1,-1,-1
540,1,4492.83642578125,779.50048828125,51.63623046875,96.11676025390625,0.7096905708312988,-1,-1,-1
540,345,3899.771728515625,643.3726806640625,24.198486328125,52.72412109375,0.5419569611549377,-1,-1,-1
540,477,4454.41943359375,675.1376342773438,31.455078125,65.51214599609375,0.3887673616409302,-1,-1,-1
540,617,3016.809814453125,516.2423095703125,17.636474609375,40.1121826171875,0.3349550664424896,-1,-1,-1
540,639,4824.201171875,608.9833984375,35.6474609375,49.8970947265625,0.47380393743515015,-1,-1,-1
540,378,4489.2705078125,677.1751098632812,38.267578125,71.6114501953125,0.5337227582931519,-1,-1,-1
540,655,3773.177734375,526.859375,14.4130859375,29.46173095703125,0.33446601033210754,-1,-1,-1
540,586,3449.290283203125,589.3202514648438,21.52978515625,48.484130859375,0.5114077925682068,-1,-1,-1
540,662,5595.48046875,535.782958984375,38.31494140625,39.38543701171875,0.367214560508728,-1,-1,-1
540,600,3826.227294921875,536.6697387695312,18.43017578125,31.48614501953125,0.2620472311973572,-1,-1,-1
541,2,4991.84765625,814.0708618164062,57.0244140625,100.609375,0.7441439032554626,-1,-1,-1
541,228,3565.9482421875,621.789306640625,43.555419921875,130.04022216796875,0.6526918411254883,-1,-1,-1
541,399,3761.970458984375,757.7205200195312,35.2470703125,98.2381591796875,0.8188753128051758,-1,-1,-1
541,277,4314.15625,705.1198120117188,36.431640625,76.9801025390625,0.6690006256103516,-1,-1,-1
541,1,4488.3818359375,778.4183349609375,48.11962890625,97.22576904296875,0.6519822478294373,-1,-1,-1
541,345,3899.66552734375,642.0360107421875,23.712890625,53.75164794921875,0.5268293023109436,-1,-1,-1
541,477,4451.521484375,674.6995239257812,31.43212890625,66.29998779296875,0.46101659536361694,-1,-1,-1
541,617,3016.79541015625,516.258544921875,17.852294921875,40.29840087890625,0.32335391640663147,-1,-1,-1
541,639,4824.24072265625,609.3843383789062,35.4013671875,49.65771484375,0.4822024405002594,-1,-1,-1
541,378,4487.41162109375,677.015380859375,35.94091796875,70.9495849609375,0.4896390736103058,-1,-1,-1
541,655,3773.98583984375,526.44677734375,14.10107421875,29.91796875,0.35342907905578613,-1,-1,-1
541,586,3447.904296875,589.5682373046875,20.835205078125,48.44891357421875,0.4896373450756073,-1,-1,-1
541,662,5586.70947265625,536.6406860351562,43.58349609375,39.26922607421875,0.27832651138305664,-1,-1,-1
541,600,3825.432373046875,536.9077758789062,18.603271484375,33.3154296875,0.2925804853439331,-1,-1,-1
541,660,4069.056396484375,602.2099609375,24.70068359375,47.47589111328125,0.31541207432746887,-1,-1,-1
542,2,4991.8544921875,813.9938354492188,57.10498046875,100.3043212890625,0.76517653465271,-1,-1,-1
542,228,3566.375,624.6124267578125,43.591796875,127.341552734375,0.6270921230316162,-1,-1,-1
542,399,3764.696044921875,756.4483642578125,35.60107421875,99.0035400390625,0.8134477138519287,-1,-1,-1
542,277,4311.49072265625,705.08740234375,35.78857421875,78.723876953125,0.7132750153541565,-1,-1,-1
542,1,4484.06201171875,778.159912109375,42.81005859375,97.65643310546875,0.6618356704711914,-1,-1,-1
542,345,3899.64453125,641.4301147460938,23.0341796875,54.38116455078125,0.5278406143188477,-1,-1,-1
542,477,4447.67431640625,675.5117797851562,32.45849609375,65.37652587890625,0.5030020475387573,-1,-1,-1
542,617,3016.730712890625,516.330322265625,17.920654296875,39.95538330078125,0.3254033029079437,-1,-1,-1
542,639,4823.68212890625,609.343017578125,35.17041015625,49.26910400390625,0.44487351179122925,-1,-1,-1
542,378,4486.10498046875,676.6585083007812,34.40087890625,70.89923095703125,0.48527055978775024,-1,-1,-1
542,655,3774.691162109375,527.4520263671875,13.3486328125,27.8812255859375,0.35736051201820374,-1,-1,-1
542,586,3445.620361328125,589.427001953125,20.99072265625,45.6302490234375,0.49819374084472656,-1,-1,-1
542,600,3824.755615234375,537.2076416015625,18.940673828125,34.6986083984375,0.29997050762176514,-1,-1,-1
542,660,4068.249755859375,600.9400634765625,23.12646484375,46.21759033203125,0.3437837064266205,-1,-1,-1
543,2,4991.38623046875,814.0531005859375,57.71142578125,100.09234619140625,0.7605975270271301,-1,-1,-1
543,228,3564.297119140625,638.886962890625,41.37744140625,113.23193359375,0.5953513979911804,-1,-1,-1
543,399,3767.730712890625,754.633544921875,37.66748046875,96.827880859375,0.7523151636123657,-1,-1,-1
543,277,4309.70263671875,705.7691040039062,34.609375,78.67340087890625,0.7622160315513611,-1,-1,-1
543,1,4479.1904296875,778.8544921875,45.57763671875,97.85833740234375,0.7439736723899841,-1,-1,-1
543,345,3899.55322265625,638.9546508789062,22.607177734375,56.15093994140625,0.5095351338386536,-1,-1,-1
543,477,4444.54296875,674.1715698242188,31.728515625,67.68560791015625,0.5934983491897583,-1,-1,-1
543,617,3016.71630859375,516.3815307617188,17.939697265625,39.862548828125,0.32865893840789795,-1,-1,-1
543,639,4822.48828125,609.1254272460938,35.029296875,49.40338134765625,0.4168230891227722,-1,-1,-1
543,378,4484.33349609375,676.3333740234375,32.7138671875,71.04986572265625,0.46976780891418457,-1,-1,-1
543,655,3775.180908203125,530.4163208007812,13.4794921875,26.91741943359375,0.3428020179271698,-1,-1,-1
543,586,3444.407958984375,589.4524536132812,21.23388671875,45.98944091796875,0.5234795808792114,-1,-1,-1
543,600,3824.107177734375,536.9896850585938,18.65185546875,34.5889892578125,0.33689677715301514,-1,-1,-1
543,660,4066.2998046875,600.6817016601562,23.63037109375,47.1396484375,0.2979195713996887,-1,-1,-1
543,662,5580.40576171875,537.7642211914062,41.150390625,36.5023193359375,0.3279387652873993,-1,-1,-1
544,2,4991.11083984375,814.0088500976562,58.39794921875,100.268798828125,0.7709987759590149,-1,-1,-1
544,228,3564.701171875,635.8899536132812,43.97412109375,115.611083984375,0.660281240940094,-1,-1,-1
544,399,3769.239013671875,751.6227416992188,39.50439453125,95.0849609375,0.7420415878295898,-1,-1,-1
544,277,4308.48193359375,705.8220825195312,34.32568359375,79.0172119140625,0.8007097840309143,-1,-1,-1
544,1,4473.46728515625,777.5610961914062,48.54296875,98.11077880859375,0.7382616996765137,-1,-1,-1
544,345,3899.163330078125,637.3909301757812,21.067138671875,55.86785888671875,0.566227912902832,-1,-1,-1
544,477,4440.4072265625,671.4004516601562,33.08984375,70.63970947265625,0.5830220580101013,-1,-1,-1
544,617,3016.68896484375,516.4058837890625,17.988525390625,39.961669921875,0.3230777084827423,-1,-1,-1
544,639,4821.34326171875,608.8621215820312,34.9130859375,49.81298828125,0.43944063782691956,-1,-1,-1
544,378,4479.50244140625,676.708740234375,35.3720703125,69.47698974609375,0.4406421184539795,-1,-1,-1
544,655,3775.505126953125,530.9068603515625,13.57568359375,25.7998046875,0.3307228684425354,-1,-1,-1
544,586,3443.97314453125,589.2793579101562,21.2646484375,46.19378662109375,0.5292094349861145,-1,-1,-1
544,660,4063.613525390625,600.3357543945312,22.727783203125,53.89508056640625,0.44609054923057556,-1,-1,-1
544,662,5577.33447265625,537.6851806640625,41.57177734375,35.3946533203125,0.43596017360687256,-1,-1,-1
545,2,4990.96240234375,814.1539306640625,58.36083984375,100.323486328125,0.7838208675384521,-1,-1,-1
545,228,3569.4306640625,635.189453125,40.779541015625,115.5108642578125,0.5342280864715576,-1,-1,-1
545,399,3771.3681640625,751.5399169921875,39.943359375,91.63922119140625,0.7174481153488159,-1,-1,-1
545,277,4308.59716796875,705.3692626953125,32.0556640625,76.8890380859375,0.7918651103973389,-1,-1,-1
545,1,4467.98779296875,776.6654052734375,48.6943359375,98.59674072265625,0.7243661880493164,-1,-1,-1
545,345,3899.0419921875,636.5817260742188,20.223388671875,53.06317138671875,0.5386475324630737,-1,-1,-1
545,477,4437.2666015625,669.7115478515625,35.3720703125,72.0941162109375,0.5899273753166199,-1,-1,-1
545,617,3016.739013671875,516.071533203125,17.969970703125,40.35565185546875,0.33758771419525146,-1,-1,-1
545,639,4820.49951171875,609.05322265625,33.91455078125,49.49871826171875,0.38612815737724304,-1,-1,-1
545,378,4477.46142578125,677.7796020507812,37.1455078125,69.2135009765625,0.40670284628868103,-1,-1,-1
545,655,3775.64599609375,529.8790893554688,14.009033203125,25.45379638671875,0.3223206698894501,-1,-1,-1
545,586,3442.82470703125,590.1905517578125,20.465576171875,44.70599365234375,0.4942309856414795,-1,-1,-1
545,660,4062.036376953125,601.3326416015625,22.6279296875,55.59814453125,0.49042782187461853,-1,-1,-1
545,662,5573.78564453125,537.828857421875,41.03564453125,34.8951416015625,0.3997880816459656,-1,-1,-1
546,2,4989.60009765625,814.1364135742188,59.62890625,100.88336181640625,0.7920465469360352,-1,-1,-1
546,228,3573.831787109375,636.6948852539062,36.159423828125,111.5797119140625,0.4739132821559906,-1,-1,-1
546,399,3773.560546875,751.3650512695312,39.02294921875,89.737548828125,0.6989918351173401,-1,-1,-1
546,277,4306.96875,704.5198974609375,30.646484375,78.08502197265625,0.8035545945167542,-1,-1,-1
546,1,4460.99853515625,774.8905029296875,47.96142578125,100.46893310546875,0.6861782073974609,-1,-1,-1
546,345,3898.908935546875,635.875,19.3828125,50.173095703125,0.532243013381958,-1,-1,-1
546,477,4433.15478515625,669.14306640625,35.140625,71.127197265625,0.5289247632026672,-1,-1,-1
546,617,3016.6689453125,516.1011352539062,18.16796875,40.42340087890625,0.32677823305130005,-1,-1,-1
546,639,4819.71875,609.1757202148438,31.509765625,49.329833984375,0.39482972025871277,-1,-1,-1
546,378,4474.0634765625,678.18994140625,38.529296875,69.698974609375,0.5392745733261108,-1,-1,-1
546,655,3775.76171875,529.301025390625,14.03076171875,26.4981689453125,0.3198378384113312,-1,-1,-1
546,586,3441.46484375,590.6179809570312,20.083740234375,45.3018798828125,0.5182479619979858,-1,-1,-1
546,660,4060.167724609375,602.1126098632812,20.79150390625,55.86767578125,0.4686373174190521,-1,-1,-1
546,662,5570.56591796875,538.404052734375,36.8232421875,34.8052978515625,0.40363526344299316,-1,-1,-1
546,671,3562.618896484375,658.8991088867188,34.497314453125,88.68792724609375,0.5244801640510559,-1,-1,-1
546,672,4094.70458984375,601.5054931640625,20.8095703125,66.88299560546875,0.44864097237586975,-1,-1,-1
546,673,3691.333740234375,576.1550903320312,19.629638671875,41.87835693359375,0.4529823958873749,-1,-1,-1
547,2,4989.47998046875,814.0842895507812,59.50048828125,101.421630859375,0.7947701811790466,-1,-1,-1
547,228,3578.087646484375,637.2132568359375,32.14501953125,109.58612060546875,0.390453964471817,-1,-1,-1
547,399,3775.07861328125,749.1481323242188,37.28759765625,90.67828369140625,0.6841020584106445,-1,-1,-1
547,277,4305.45751953125,704.5173950195312,29.37744140625,78.52203369140625,0.7960158586502075,-1,-1,-1
547,1,4455.828125,774.3931884765625,46.4453125,100.1531982421875,0.7101542949676514,-1,-1,-1
547,345,3898.28955078125,635.2604370117188,19.406005859375,49.08282470703125,0.5246518850326538,-1,-1,-1
547,477,4428.705078125,670.5272216796875,36.0546875,68.28662109375,0.492995023727417,-1,-1,-1
547,617,3016.635986328125,516.1063842773438,18.319091796875,40.36279296875,0.32523313164711,-1,-1,-1
547,639,4818.8466796875,609.3163452148438,29.77783203125,47.9276123046875,0.27617913484573364,-1,-1,-1
547,378,4472.5224609375,678.3928833007812,37.88623046875,70.7025146484375,0.5977371335029602,-1,-1,-1
547,655,3775.9052734375,528.1967163085938,14.457763671875,27.31671142578125,0.3250119388103485,-1,-1,-1
547,586,3441.384765625,592.8064575195312,18.760498046875,42.85174560546875,0.4670385718345642,-1,-1,-1
547,660,4059.19384765625,598.943359375,21.1943359375,57.95489501953125,0.45253002643585205,-1,-1,-1
547,671,3562.415283203125,669.3028564453125,33.212890625,76.82586669921875,0.5161051154136658,-1,-1,-1
547,672,4094.36181640625,608.5806884765625,20.2880859375,61.568115234375,0.36380624771118164,-1,-1,-1
547,673,3688.439208984375,578.156494140625,19.35009765625,41.38409423828125,0.4167343080043793,-1,-1,-1
548,2,4988.60888671875,813.564208984375,60.21484375,101.98211669921875,0.8001410961151123,-1,-1,-1
548,228,3581.246826171875,636.6270751953125,29.718505859375,109.10736083984375,0.33767464756965637,-1,-1,-1
548,399,3775.680419921875,748.3828125,37.963623046875,89.7996826171875,0.7200015187263489,-1,-1,-1
548,277,4304.51220703125,704.66455078125,27.78857421875,78.63763427734375,0.8078036308288574,-1,-1,-1
548,1,4452.19384765625,776.561279296875,45.14404296875,98.08673095703125,0.6843855381011963,-1,-1,-1
548,345,3897.804443359375,633.274169921875,19.347900390625,49.69293212890625,0.5461962223052979,-1,-1,-1
548,477,4425.3486328125,668.887939453125,34.0029296875,69.9007568359375,0.5714346170425415,-1,-1,-1
548,617,3016.624755859375,516.2362060546875,18.5615234375,40.12005615234375,0.32215455174446106,-1,-1,-1
548,378,4470.9013671875,677.7550659179688,35.45654296875,71.590576171875,0.6215289235115051,-1,-1,-1
548,655,3775.927978515625,529.680419921875,14.42333984375,24.2568359375,0.2848200500011444,-1,-1,-1
548,586,3439.706298828125,589.9707641601562,19.117431640625,44.97802734375,0.48452073335647583,-1,-1,-1
548,671,3562.721435546875,675.8247680664062,31.415771484375,69.3486328125,0.5012459754943848,-1,-1,-1
548,672,4094.553955078125,613.9336547851562,19.636474609375,55.91998291015625,0.2827797532081604,-1,-1,-1
548,662,5559.5986328125,538.3194580078125,36.01025390625,35.45062255859375,0.3019184470176697,-1,-1,-1
549,2,4988.294921875,813.3309326171875,60.01220703125,102.37078857421875,0.8109893798828125,-1,-1,-1
549,399,3777.510009765625,747.028076171875,36.3115234375,90.393310546875,0.6621392965316772,-1,-1,-1
549,277,4304.2607421875,704.7586059570312,25.00048828125,78.70947265625,0.7770565748214722,-1,-1,-1
549,1,4447.36669921875,778.8079223632812,40.10693359375,95.03009033203125,0.652184784412384,-1,-1,-1
549,345,3897.50048828125,631.0339965820312,19.784912109375,51.42608642578125,0.5562442541122437,-1,-1,-1
549,477,4422.63916015625,669.2150268554688,32.49365234375,72.743408203125,0.6310067176818848,-1,-1,-1
549,617,3016.6005859375,516.3948974609375,18.625732421875,39.69085693359375,0.3292074203491211,-1,-1,-1
549,378,4469.03857421875,677.0950927734375,35.52392578125,72.06097412109375,0.598732590675354,-1,-1,-1
549,655,3776.12158203125,531.115478515625,14.7216796875,22.3861083984375,0.2594729959964752,-1,-1,-1
549,586,3438.150146484375,588.624755859375,19.660888671875,45.7666015625,0.44618386030197144,-1,-1,-1
549,671,3562.25830078125,678.7255859375,30.498291015625,64.86651611328125,0.4754762053489685,-1,-1,-1
549,672,4095.547607421875,615.7955932617188,18.252685546875,53.38812255859375,0.3166419267654419,-1,-1,-1
549,662,5554.2724609375,538.3521118164062,38.044921875,34.16107177734375,0.3325809836387634,-1,-1,-1
549,639,4814.97265625,609.7299194335938,30.39208984375,48.3411865234375,0.27722135186195374,-1,-1,-1
549,660,4054.86376953125,608.8948974609375,23.813720703125,49.8529052734375,0.35238054394721985,-1,-1,-1
550,2,4986.62255859375,813.9038696289062,60.990234375,101.84185791015625,0.79737788438797,-1,-1,-1
550,399,3778.404052734375,743.820556640625,34.784423828125,91.0350341796875,0.6072624325752258,-1,-1,-1
550,277,4302.23193359375,704.639892578125,25.3955078125,79.0850830078125,0.7208753824234009,-1,-1,-1
550,1,4443.93701171875,779.0808715820312,35.53173828125,93.150146484375,0.7197674512863159,-1,-1,-1
550,345,3897.218505859375,630.3016967773438,20.15771484375,49.839111328125,0.5295299291610718,-1,-1,-1
550,477,4418.97119140625,670.0303955078125,32.25390625,73.3240966796875,0.638343334197998,-1,-1,-1
550,617,3016.608154296875,516.5120849609375,18.572998046875,39.3218994140625,0.3194867968559265,-1,-1,-1
550,378,4469.18408203125,676.9813232421875,33.01611328125,72.1287841796875,0.5446885824203491,-1,-1,-1
550,655,3776.2109375,531.232666015625,14.8955078125,22.9713134765625,0.29615724086761475,-1,-1,-1
550,586,3437.4775390625,588.4400024414062,19.36328125,47.221923828125,0.47326767444610596,-1,-1,-1
550,671,3562.232666015625,679.8021850585938,29.973876953125,63.54486083984375,0.48217716813087463,-1,-1,-1
550,672,4093.74609375,619.1751708984375,18.78466796875,47.61871337890625,0.37363308668136597,-1,-1,-1
550,662,5549.32373046875,538.559326171875,40.83837890625,34.2181396484375,0.4027695059776306,-1,-1,-1
550,639,4813.35400390625,609.0599365234375,30.84423828125,49.17071533203125,0.3031938672065735,-1,-1,-1
550,660,4052.84912109375,609.3599243164062,24.866943359375,49.59149169921875,0.4147254228591919,-1,-1,-1
551,2,4984.2236328125,814.2935180664062,62.93603515625,101.65191650390625,0.804050087928772,-1,-1,-1
551,399,3779.005126953125,741.4906005859375,35.97412109375,90.19183349609375,0.5983034372329712,-1,-1,-1
551,277,4298.54931640625,704.1238403320312,27.8974609375,80.54449462890625,0.6652540564537048,-1,-1,-1
551,1,4437.36572265625,777.4597778320312,39.18994140625,96.3095703125,0.7180901169776917,-1,-1,-1
551,345,3896.8974609375,630.5283203125,20.62939453125,50.6529541015625,0.5498834848403931,-1,-1,-1
551,477,4416.13916015625,671.6104736328125,30.97265625,72.32391357421875,0.6982213854789734,-1,-1,-1
551,617,3016.48291015625,516.4976196289062,18.94140625,39.4990234375,0.30482298135757446,-1,-1,-1
551,378,4467.2822265625,676.1409301757812,30.4169921875,71.46356201171875,0.5375940799713135,-1,-1,-1
551,655,3776.39599609375,531.1458129882812,14.947265625,22.8807373046875,0.2793903052806854,-1,-1,-1
551,586,3436.286865234375,587.0857543945312,19.784912109375,47.93353271484375,0.4506189525127411,-1,-1,-1
551,671,3561.920654296875,682.2357177734375,29.89208984375,60.39398193359375,0.43267112970352173,-1,-1,-1
551,672,4087.896728515625,618.309814453125,22.914794921875,50.04364013671875,0.4363802969455719,-1,-1,-1
551,662,5544.4287109375,538.1708374023438,44.06884765625,35.1171875,0.42996126413345337,-1,-1,-1
551,639,4812.8984375,607.727783203125,28.2412109375,50.99285888671875,0.3670574724674225,-1,-1,-1
551,660,4049.03076171875,606.4170532226562,26.3125,51.90283203125,0.34721583127975464,-1,-1,-1
552,2,4984.53515625,814.33740234375,61.98828125,101.60186767578125,0.8017368316650391,-1,-1,-1
552,399,3779.20361328125,738.7713623046875,38.191162109375,89.6954345703125,0.5592714548110962,-1,-1,-1
552,277,4296.20849609375,704.6500244140625,29.21484375,78.85943603515625,0.6220418214797974,-1,-1,-1
552,1,4431.2744140625,775.9119873046875,43.787109375,99.0792236328125,0.6383161544799805,-1,-1,-1
552,345,3895.819580078125,630.2084350585938,21.880859375,51.5418701171875,0.535744845867157,-1,-1,-1
552,477,4412.7978515625,673.1668701171875,30.66943359375,73.296875,0.6882956624031067,-1,-1,-1
552,617,3016.5458984375,516.4329223632812,18.989013671875,39.68035888671875,0.3061434328556061,-1,-1,-1
552,378,4466.19091796875,675.552490234375,28.4111328125,73.1258544921875,0.502657949924469,-1,-1,-1
552,655,3776.51416015625,531.8594360351562,16.228271484375,22.983642578125,0.2715652287006378,-1,-1,-1
552,586,3435.5419921875,587.0260620117188,20.273193359375,47.3837890625,0.4013776481151581,-1,-1,-1
552,671,3561.0947265625,683.223876953125,30.484375,61.15380859375,0.42585480213165283,-1,-1,-1
552,672,4083.025146484375,618.6475219726562,26.159912109375,50.50714111328125,0.39898428320884705,-1,-1,-1
552,662,5541.111328125,537.5233764648438,47.302734375,35.27020263671875,0.39360296726226807,-1,-1,-1
552,639,4810.77783203125,606.9011840820312,28.55322265625,51.154296875,0.3394659459590912,-1,-1,-1
552,660,4047.128662109375,605.3065185546875,25.40576171875,54.329833984375,0.48874425888061523,-1,-1,-1
553,2,4984.5751953125,814.5964965820312,60.6357421875,101.1734619140625,0.8017581105232239,-1,-1,-1
553,399,3780.531005859375,737.7098388671875,39.214599609375,84.4588623046875,0.5895637273788452,-1,-1,-1
553,277,4291.48779296875,703.250732421875,35.24365234375,81.0098876953125,0.6097760796546936,-1,-1,-1
553,1,4424.49072265625,775.2699584960938,47.66015625,99.18341064453125,0.635001003742218,-1,-1,-1
553,345,3893.865234375,630.701416015625,23.698486328125,51.09783935546875,0.48761144280433655,-1,-1,-1
553,477,4409.31591796875,675.8187255859375,30.9384765625,70.83514404296875,0.6656175255775452,-1,-1,-1
553,617,3016.40625,516.4406127929688,19.295654296875,39.68768310546875,0.28864622116088867,-1,-1,-1
553,378,4463.32763671875,672.9056396484375,29.51318359375,77.29840087890625,0.5644225478172302,-1,-1,-1
553,586,3433.0703125,586.5560913085938,22.284423828125,46.468994140625,0.34936243295669556,-1,-1,-1
553,671,3560.03662109375,682.7991333007812,30.71044921875,61.23590087890625,0.5089058876037598,-1,-1,-1
553,672,4080.735595703125,619.5546875,26.559814453125,52.6065673828125,0.4402714967727661,-1,-1,-1
553,662,5537.6962890625,537.7142333984375,45.88720703125,35.712646484375,0.38645973801612854,-1,-1,-1
553,639,4808.84033203125,606.7122192382812,29.06787109375,50.82147216796875,0.3057091534137726,-1,-1,-1
553,660,4045.917236328125,604.3230590820312,23.97900390625,55.626953125,0.5855057835578918,-1,-1,-1
553,685,3661.8408203125,583.74853515625,23.026611328125,37.8536376953125,0.5056085586547852,-1,-1,-1
554,2,4984.0830078125,814.517822265625,59.60009765625,101.53265380859375,0.7845274209976196,-1,-1,-1
554,399,3780.8134765625,735.9589233398438,41.770751953125,82.290771484375,0.5691370964050293,-1,-1,-1
554,277,4286.9560546875,704.546142578125,40.5283203125,80.48565673828125,0.6936199069023132,-1,-1,-1
554,1,4418.1220703125,775.3240356445312,49.759765625,99.82855224609375,0.659430205821991,-1,-1,-1
554,345,3892.408447265625,631.9521484375,24.91259765625,50.302978515625,0.4652818739414215,-1,-1,-1
554,477,4403.6640625,676.5762939453125,32.32861328125,70.07122802734375,0.6187629699707031,-1,-1,-1
554,617,3016.374267578125,516.359619140625,19.405029296875,39.93756103515625,0.30781370401382446,-1,-1,-1
554,378,4460.908203125,672.472900390625,29.73046875,78.358642578125,0.595430314540863,-1,-1,-1
554,586,3431.118408203125,586.374267578125,23.834716796875,44.80218505859375,0.39034977555274963,-1,-1,-1
554,671,3558.817626953125,682.5648803710938,32.164794921875,61.60186767578125,0.6043526530265808,-1,-1,-1
554,672,4079.4833984375,620.0145263671875,26.6884765625,52.09423828125,0.4364157021045685,-1,-1,-1
554,662,5534.9794921875,537.6180419921875,47.10009765625,36.03619384765625,0.2843819856643677,-1,-1,-1
554,639,4804.66259765625,606.5623779296875,30.84375,50.72442626953125,0.3821539282798767,-1,-1,-1
554,660,4044.63037109375,609.115966796875,21.57958984375,51.83428955078125,0.5789074897766113,-1,-1,-1
554,685,3658.631591796875,584.2603759765625,22.62939453125,39.46826171875,0.46632662415504456,-1,-1,-1
555,2,4983.0888671875,814.892333984375,58.49951171875,101.26251220703125,0.7699295282363892,-1,-1,-1
555,399,3780.6728515625,733.113525390625,42.143310546875,82.76666259765625,0.6552937626838684,-1,-1,-1
555,277,4283.75390625,705.1571655273438,42.3251953125,79.19989013671875,0.6502549648284912,-1,-1,-1
555,1,4410.76318359375,775.1189575195312,56.93994140625,100.09490966796875,0.7036771178245544,-1,-1,-1
555,345,3891.31640625,631.9871826171875,25.367919921875,50.14862060546875,0.4214231073856354,-1,-1,-1
555,477,4397.3564453125,677.479248046875,35.05126953125,69.08319091796875,0.5443567037582397,-1,-1,-1
555,617,3016.360107421875,516.2294921875,19.3544921875,40.172607421875,0.3152264654636383,-1,-1,-1
555,378,4459.119140625,671.9861450195312,30.0009765625,78.0633544921875,0.6285829544067383,-1,-1,-1
555,586,3429.734130859375,585.3949584960938,24.908935546875,44.97796630859375,0.3193034529685974,-1,-1,-1
555,671,3555.908203125,683.4829711914062,33.203369140625,60.0054931640625,0.6309338212013245,-1,-1,-1
555,672,4077.98193359375,619.8026123046875,27.5078125,53.01190185546875,0.38014641404151917,-1,-1,-1
555,662,5528.822265625,537.1129760742188,43.53173828125,36.64202880859375,0.3325589895248413,-1,-1,-1
555,639,4802.29931640625,606.6365966796875,30.8818359375,50.26458740234375,0.4266226291656494,-1,-1,-1
555,660,4041.343017578125,613.0257568359375,22.876953125,51.6644287109375,0.522577166557312,-1,-1,-1
555,685,3653.91357421875,585.0726318359375,21.181396484375,40.07867431640625,0.3854528069496155,-1,-1,-1
556,2,4982.470703125,815.47705078125,56.54443359375,100.83514404296875,0.7544336318969727,-1,-1,-1
556,399,3779.8291015625,732.2252197265625,42.5537109375,80.86920166015625,0.6708727478981018,-1,-1,-1
556,277,4281.30615234375,705.5186767578125,43.65966796875,78.68927001953125,0.664975106716156,-1,-1,-1
556,1,4405.87060546875,774.7944946289062,58.04736328125,100.45843505859375,0.7029261589050293,-1,-1,-1
556,345,3889.68798828125,631.1404418945312,26.340576171875,49.91229248046875,0.3401198387145996,-1,-1,-1
556,477,4391.62158203125,678.387939453125,36.16015625,64.2265625,0.6411291360855103,-1,-1,-1
556,617,3016.186279296875,516.0623168945312,19.520263671875,40.04791259765625,0.30118227005004883,-1,-1,-1
556,378,4456.77880859375,671.5437622070312,30.21240234375,77.67864990234375,0.5367239713668823,-1,-1,-1
556,671,3553.593017578125,683.4383544921875,33.423583984375,60.1534423828125,0.6514862775802612,-1,-1,-1
556,672,4076.53369140625,620.9840698242188,27.35888671875,53.0206298828125,0.44285476207733154,-1,-1,-1
556,662,5524.5458984375,537.0923461914062,39.6787109375,36.09588623046875,0.3521980941295624,-1,-1,-1
556,639,4799.7021484375,607.2776489257812,32.30078125,51.15277099609375,0.4872340261936188,-1,-1,-1
556,660,4039.082275390625,614.1807861328125,23.041015625,49.642822265625,0.5503344535827637,-1,-1,-1
557,2,4980.857421875,815.676025390625,56.9345703125,100.62841796875,0.7633602619171143,-1,-1,-1
557,399,3778.87109375,728.4867553710938,42.450439453125,83.693359375,0.7111780047416687,-1,-1,-1
557,277,4279.552734375,705.7341918945312,39.00830078125,76.88958740234375,0.6865560412406921,-1,-1,-1
557,1,4400.83447265625,774.9324340820312,57.779296875,99.56634521484375,0.5474780201911926,-1,-1,-1
557,345,3886.492919921875,630.2724609375,25.33544921875,49.688232421875,0.340067595243454,-1,-1,-1
557,477,4388.46826171875,677.0343017578125,36.12841796875,65.180419921875,0.6112581491470337,-1,-1,-1
557,617,3016.06591796875,516.0090942382812,19.61181640625,40.0062255859375,0.2827419340610504,-1,-1,-1
557,378,4452.83203125,672.7493286132812,32.75390625,77.35601806640625,0.5818315148353577,-1,-1,-1
557,671,3551.60302734375,682.5587768554688,34.506103515625,60.97454833984375,0.6387874484062195,-1,-1,-1
557,672,4073.95361328125,621.939697265625,26.41552734375,51.33892822265625,0.4856945872306824,-1,-1,-1
557,662,5521.19091796875,537.2109985351562,38.41015625,35.1051025390625,0.2725770175457001,-1,-1,-1
557,639,4796.97509765625,606.1265869140625,33.8076171875,52.43743896484375,0.48485875129699707,-1,-1,-1
557,660,4035.04150390625,615.86767578125,22.68701171875,44.98974609375,0.5066422820091248,-1,-1,-1
558,2,4980.20947265625,815.506591796875,56.5693359375,100.904052734375,0.7257089018821716,-1,-1,-1
558,399,3777.9775390625,725.6508178710938,41.84033203125,85.94049072265625,0.6943691968917847,-1,-1,-1
558,277,4277.681640625,705.0529174804688,37.1826171875,76.14178466796875,0.7080497145652771,-1,-1,-1
558,1,4396.35009765625,777.3145751953125,44.36865234375,96.25958251953125,0.5127065181732178,-1,-1,-1
558,345,3884.89501953125,629.1226806640625,25.260009765625,50.157958984375,0.4676989018917084,-1,-1,-1
558,477,4386.01953125,674.9666748046875,34.84716796875,64.95062255859375,0.6108344793319702,-1,-1,-1
558,617,3015.819580078125,515.987060546875,19.51806640625,40.0428466796875,0.30702292919158936,-1,-1,-1
558,378,4447.6044921875,673.6688232421875,35.720703125,76.107421875,0.546186625957489,-1,-1,-1
558,671,3548.059326171875,680.936767578125,37.987548828125,63.16937255859375,0.6539722681045532,-1,-1,-1
558,672,4072.7744140625,623.50634765625,25.30419921875,49.40399169921875,0.3909764289855957,-1,-1,-1
558,639,4795.08935546875,606.4371948242188,33.3037109375,52.38677978515625,0.44696080684661865,-1,-1,-1
558,660,4032.314453125,615.7389526367188,21.839599609375,41.85040283203125,0.5010653734207153,-1,-1,-1
558,685,3638.1279296875,585.391845703125,24.20361328125,38.63458251953125,0.40038618445396423,-1,-1,-1
559,2,4978.65869140625,815.8076171875,56.2236328125,100.06402587890625,0.7680211663246155,-1,-1,-1
559,399,3775.797607421875,721.9185791015625,42.838134765625,85.28076171875,0.7600588202476501,-1,-1,-1
559,277,4276.80908203125,704.5509033203125,33.73388671875,75.60888671875,0.7452783584594727,-1,-1,-1
559,1,4389.93896484375,778.9905395507812,44.55712890625,96.111572265625,0.7093913555145264,-1,-1,-1
559,345,3883.626220703125,627.9917602539062,25.992919921875,50.26251220703125,0.5348351001739502,-1,-1,-1
559,477,4382.2294921875,675.58349609375,33.630859375,63.27008056640625,0.6133975386619568,-1,-1,-1
559,617,3015.568603515625,515.9263305664062,19.554931640625,40.357666015625,0.29076969623565674,-1,-1,-1
559,378,4443.36865234375,675.125,39.56787109375,73.02069091796875,0.5664399266242981,-1,-1,-1
559,671,3545.15380859375,680.7918701171875,39.678466796875,62.72216796875,0.6141219139099121,-1,-1,-1
559,672,4071.69384765625,624.9118041992188,22.984619140625,46.335693359375,0.3735618591308594,-1,-1,-1
559,639,4793.27490234375,607.3999633789062,30.73876953125,48.2044677734375,0.37236079573631287,-1,-1,-1
559,660,4027.7880859375,615.0084838867188,24.89794921875,44.438232421875,0.3989958167076111,-1,-1,-1
559,693,3585.56201171875,632.013916015625,25.700439453125,59.9505615234375,0.36985138058662415,-1,-1,-1
559,685,3632.273193359375,585.04638671875,26.087890625,39.65130615234375,0.437706857919693,-1,-1,-1
560,2,4975.80908203125,815.94580078125,56.873046875,99.89556884765625,0.7873074412345886,-1,-1,-1
560,399,3774.46923828125,719.490966796875,41.446533203125,80.9923095703125,0.7258076071739197,-1,-1,-1
560,277,4275.88720703125,704.3505249023438,30.62890625,74.6121826171875,0.720618724822998,-1,-1,-1
560,1,4383.66455078125,778.6602783203125,44.095703125,96.908935546875,0.7153968811035156,-1,-1,-1
560,345,3882.03564453125,627.3941040039062,26.031494140625,51.22625732421875,0.6222792267799377,-1,-1,-1
560,477,4378.39404296875,675.3082275390625,31.9287109375,64.29205322265625,0.6453965902328491,-1,-1,-1
560,617,3015.282470703125,515.7923583984375,19.751708984375,40.7169189453125,0.29696616530418396,-1,-1,-1
560,378,4439.67529296875,676.4448852539062,42.8720703125,71.6351318359375,0.5984588861465454,-1,-1,-1
560,671,3543.52685546875,681.8202514648438,39.858154296875,61.331298828125,0.4572400450706482,-1,-1,-1
560,672,4070.54248046875,624.7054443359375,21.29052734375,46.82464599609375,0.41710907220840454,-1,-1,-1
560,639,4790.0634765625,607.5150756835938,29.43115234375,47.50384521484375,0.3685702681541443,-1,-1,-1
560,660,4024.37451171875,612.2398071289062,26.220947265625,49.82000732421875,0.42042064666748047,-1,-1,-1
560,693,3584.996826171875,635.023681640625,25.20751953125,57.15716552734375,0.339561402797699,-1,-1,-1
560,685,3627.530517578125,585.599609375,24.239013671875,38.87701416015625,0.423716276884079,-1,-1,-1
560,695,3694.989013671875,529.3081665039062,21.153076171875,39.7711181640625,0.3367244303226471,-1,-1,-1
560,662,5511.36328125,538.32275390625,34.06201171875,34.1649169921875,0.27775728702545166,-1,-1,-1
561,2,4972.70263671875,815.895751953125,58.46240234375,99.79083251953125,0.785185694694519,-1,-1,-1
561,399,3773.882568359375,717.5835571289062,38.869140625,77.52874755859375,0.6701178550720215,-1,-1,-1
561,277,4273.9111328125,703.2681884765625,28.6533203125,75.8450927734375,0.7204071283340454,-1,-1,-1
561,1,4376.056640625,776.8619995117188,43.7998046875,98.51513671875,0.6712191104888916,-1,-1,-1
561,345,3881.014404296875,625.5878295898438,24.541259765625,51.3961181640625,0.6336790919303894,-1,-1,-1
561,477,4373.966796875,676.88330078125,31.8876953125,62.2191162109375,0.525334358215332,-1,-1,-1
561,617,3014.8271484375,515.6505126953125,20.1181640625,41.50738525390625,0.3140241503715515,-1,-1,-1
561,378,4436.369140625,676.5043334960938,46.09814453125,71.34393310546875,0.5882241129875183,-1,-1,-1
561,671,3539.83642578125,680.2750244140625,40.10400390625,62.18389892578125,0.49898242950439453,-1,-1,-1
561,672,4068.645263671875,624.4163818359375,22.091552734375,48.47344970703125,0.38666802644729614,-1,-1,-1
561,639,4787.63623046875,606.8455200195312,27.150390625,49.4261474609375,0.46884050965309143,-1,-1,-1
561,660,4021.250732421875,611.798828125,24.9921875,52.245361328125,0.4198630154132843,-1,-1,-1
561,693,3582.98291015625,637.8778076171875,24.923828125,52.4195556640625,0.3968108296394348,-1,-1,-1
561,685,3622.667724609375,587.69287109375,23.347412109375,37.243896484375,0.3736391067504883,-1,-1,-1
561,695,3694.8662109375,529.597900390625,20.712158203125,36.93988037109375,0.33266258239746094,-1,-1,-1
561,586,3423.817626953125,582.1530151367188,23.562255859375,45.52130126953125,0.3528209328651428,-1,-1,-1
562,2,4969.87744140625,815.2217407226562,60.06298828125,100.59130859375,0.7915140390396118,-1,-1,-1
562,399,3773.399658203125,714.8162231445312,36.9658203125,78.29156494140625,0.6397626996040344,-1,-1,-1
562,277,4269.64013671875,700.587890625,30.5322265625,78.777099609375,0.7020913362503052,-1,-1,-1
562,1,4369.44873046875,774.5357666015625,45.6875,101.975830078125,0.7060208320617676,-1,-1,-1
562,345,3879.255615234375,624.7418823242188,23.569091796875,49.9276123046875,0.6471515893936157,-1,-1,-1
562,477,4366.884765625,677.8578491210938,35.7666015625,62.0980224609375,0.6465469598770142,-1,-1,-1
562,617,3014.335205078125,515.4243774414062,20.373046875,41.969970703125,0.31063035130500793,-1,-1,-1
562,378,4432.73046875,676.5093994140625,49.83935546875,71.60589599609375,0.5683773159980774,-1,-1,-1
562,671,3537.832275390625,678.4209594726562,38.139892578125,64.41400146484375,0.6067452430725098,-1,-1,-1
562,672,4063.33447265625,623.1099853515625,25.702392578125,50.1346435546875,0.4056299030780792,-1,-1,-1
562,639,4784.119140625,604.62109375,28.32861328125,52.189208984375,0.5312486886978149,-1,-1,-1
562,660,4018.7421875,610.1134643554688,23.3583984375,55.22003173828125,0.5752203464508057,-1,-1,-1
562,693,3581.25146484375,637.0364379882812,26.267822265625,52.99658203125,0.4616340100765228,-1,-1,-1
562,695,3694.7099609375,529.3037109375,20.01953125,36.90496826171875,0.3175640106201172,-1,-1,-1
562,586,3422.591796875,581.7285766601562,22.553955078125,45.17791748046875,0.37189263105392456,-1,-1,-1
562,662,5502.50146484375,536.8663940429688,36.11767578125,35.76153564453125,0.2960655093193054,-1,-1,-1
563,2,4966.46484375,814.9859619140625,62.119140625,101.0284423828125,0.7783193588256836,-1,-1,-1
563,399,3773.509033203125,713.719970703125,34.174560546875,75.60113525390625,0.5553314685821533,-1,-1,-1
563,277,4266.1435546875,698.7158813476562,30.0283203125,79.4996337890625,0.5739421844482422,-1,-1,-1
563,1,4363.09326171875,773.572509765625,48.91943359375,102.4088134765625,0.7065572738647461,-1,-1,-1
563,345,3877.514404296875,623.7667846679688,23.1044921875,50.42071533203125,0.6201669573783875,-1,-1,-1
563,477,4362.14697265625,678.245361328125,36.41064453125,62.21240234375,0.6822025179862976,-1,-1,-1
563,617,3013.780029296875,515.42822265625,20.78076171875,41.3990478515625,0.28054332733154297,-1,-1,-1
563,378,4431.00927734375,675.0807495117188,48.9990234375,73.1387939453125,0.5921815633773804,-1,-1,-1
563,671,3536.37646484375,676.2449340820312,34.028076171875,64.89886474609375,0.551811158657074,-1,-1,-1
563,672,4058.670166015625,623.369384765625,27.3779296875,50.9388427734375,0.3474207818508148,-1,-1,-1
563,639,4782.20849609375,604.7647094726562,27.72412109375,51.038818359375,0.5134119987487793,-1,-1,-1
563,660,4015.0615234375,609.8611450195312,22.879638671875,55.6824951171875,0.5778130888938904,-1,-1,-1
563,693,3579.213134765625,635.1056518554688,26.97705078125,53.6422119140625,0.446767657995224,-1,-1,-1
563,695,3694.5205078125,528.9063110351562,19.687744140625,37.57159423828125,0.3338910639286041,-1,-1,-1
563,586,3421.466552734375,582.2982177734375,22.785400390625,44.94268798828125,0.39021870493888855,-1,-1,-1
563,662,5497.93310546875,536.3134765625,38.97119140625,35.25567626953125,0.3089143633842468,-1,-1,-1
564,2,4964.0966796875,814.1163330078125,63.2705078125,102.448974609375,0.7468962073326111,-1,-1,-1
564,399,3773.9462890625,713.1353149414062,31.691162109375,76.97784423828125,0.4969989061355591,-1,-1,-1
564,277,4262.83349609375,697.8828125,30.181640625,81.58978271484375,0.5939481854438782,-1,-1,-1
564,1,4356.15869140625,772.8558349609375,49.51904296875,101.33294677734375,0.7220578193664551,-1,-1,-1
564,345,3875.97216796875,622.8636474609375,22.548828125,48.69921875,0.5720170140266418,-1,-1,-1
564,477,4358.494140625,677.443115234375,34.7509765625,63.92889404296875,0.6649019718170166,-1,-1,-1
564,378,4429.53857421875,674.3358154296875,43.390625,70.99169921875,0.5235395431518555,-1,-1,-1
564,671,3534.43408203125,673.4623413085938,33.09423828125,67.77581787109375,0.5405304431915283,-1,-1,-1
564,672,4057.234130859375,624.0372314453125,24.052734375,50.036376953125,0.4323555827140808,-1,-1,-1
564,639,4779.70166015625,605.5090942382812,28.78271484375,49.52960205078125,0.49821528792381287,-1,-1,-1
564,660,4011.696533203125,609.4307250976562,23.27978515625,54.99700927734375,0.5644727349281311,-1,-1,-1
564,693,3577.777587890625,634.11474609375,27.291015625,53.89300537109375,0.415060430765152,-1,-1,-1
564,586,3420.099853515625,582.3355102539062,21.765380859375,43.80230712890625,0.3518410921096802,-1,-1,-1
564,662,5493.4541015625,535.8056030273438,42.09716796875,35.20928955078125,0.33256691694259644,-1,-1,-1
565,2,4962.16455078125,814.2575073242188,64.02783203125,102.62200927734375,0.7566128373146057,-1,-1,-1
565,399,3771.378662109375,708.6893310546875,35.89453125,80.71142578125,0.580082356929779,-1,-1,-1
565,277,4260.30908203125,698.5914306640625,30.7587890625,81.5997314453125,0.7265459299087524,-1,-1,-1
565,1,4346.33056640625,772.5457153320312,56.1171875,100.20263671875,0.6783154010772705,-1,-1,-1
565,345,3873.08251953125,623.349365234375,23.28662109375,49.0267333984375,0.590218722820282,-1,-1,-1
565,477,4355.01123046875,676.522216796875,32.982421875,62.878173828125,0.5486689805984497,-1,-1,-1
565,378,4427.38916015625,674.421875,40.4013671875,68.83502197265625,0.5536686778068542,-1,-1,-1
565,671,3530.856201171875,670.0509643554688,32.470703125,69.49566650390625,0.5466400980949402,-1,-1,-1
565,672,4054.641357421875,624.614013671875,24.239501953125,48.84075927734375,0.340501993894577,-1,-1,-1
565,639,4776.38818359375,606.3896484375,30.5654296875,46.77398681640625,0.4158097803592682,-1,-1,-1
565,660,4008.47705078125,610.9655151367188,23.103759765625,52.43524169921875,0.47659632563591003,-1,-1,-1
565,693,3575.986328125,631.5890502929688,27.49560546875,55.962646484375,0.4616604149341583,-1,-1,-1
565,586,3416.03125,580.8501586914062,21.655517578125,44.85009765625,0.4695613384246826,-1,-1,-1
565,662,5489.712890625,535.6502685546875,41.376953125,34.74005126953125,0.37558311223983765,-1,-1,-1
565,685,3606.21044921875,587.3593139648438,22.37158203125,36.36041259765625,0.3179696202278137,-1,-1,-1
565,695,3694.216064453125,528.6627197265625,18.421630859375,37.06927490234375,0.30024391412734985,-1,-1,-1
566,2,4960.85791015625,813.7825317382812,63.61962890625,104.26324462890625,0.7582264542579651,-1,-1,-1
566,399,3770.0341796875,705.519287109375,37.1982421875,83.1900634765625,0.6015313863754272,-1,-1,-1
566,277,4256.4423828125,699.52392578125,32.8271484375,80.05999755859375,0.7566811442375183,-1,-1,-1
566,1,4337.08837890625,772.46533203125,61.04736328125,97.927734375,0.6363106369972229,-1,-1,-1
566,345,3870.959716796875,623.4013671875,20.911865234375,47.337890625,0.5889217853546143,-1,-1,-1
566,477,4352.66845703125,675.0718383789062,31.6767578125,64.90240478515625,0.5835946202278137,-1,-1,-1
566,378,4424.8125,674.1469116210938,34.90966796875,68.52532958984375,0.5381304621696472,-1,-1,-1
566,671,3526.85009765625,666.8025512695312,31.40380859375,70.95068359375,0.5676157474517822,-1,-1,-1
566,639,4772.4423828125,606.9761352539062,31.00830078125,42.4671630859375,0.32363054156303406,-1,-1,-1
566,660,4006.386962890625,613.4713745117188,21.0810546875,52.8297119140625,0.4980790913105011,-1,-1,-1
566,693,3573.385009765625,629.0700073242188,28.66259765625,56.17828369140625,0.4222325086593628,-1,-1,-1
566,586,3412.99560546875,580.2031860351562,20.67822265625,45.8875732421875,0.5232020616531372,-1,-1,-1
566,662,5486.4755859375,536.02587890625,37.8720703125,34.08721923828125,0.2729225158691406,-1,-1,-1
566,685,3600.172119140625,586.1012573242188,23.418701171875,36.32427978515625,0.29727786779403687,-1,-1,-1
566,695,3694.04248046875,528.930908203125,18.391845703125,36.65576171875,0.2890393137931824,-1,-1,-1
566,617,3011.303955078125,516.369140625,22.062255859375,39.6015625,0.2860684394836426,-1,-1,-1
567,2,4959.86376953125,813.5756225585938,62.9208984375,106.57244873046875,0.772426426410675,-1,-1,-1
567,399,3767.245361328125,703.2550659179688,39.419677734375,83.952880859375,0.6305316090583801,-1,-1,-1
567,277,4251.86572265625,699.634521484375,36.81640625,80.990478515625,0.7438856959342957,-1,-1,-1
567,1,4328.8642578125,772.66845703125,59.5654296875,96.98406982421875,0.6207112073898315,-1,-1,-1
567,345,3869.429931640625,623.6026611328125,19.6943359375,47.32403564453125,0.5368516445159912,-1,-1,-1
567,477,4347.671875,672.049072265625,33.89697265625,68.0555419921875,0.4598391354084015,-1,-1,-1
567,378,4421.302734375,675.47216796875,31.5576171875,66.55084228515625,0.5525732040405273,-1,-1,-1
567,671,3524.779541015625,666.3157958984375,31.3271484375,70.78369140625,0.5558328628540039,-1,-1,-1
567,639,4769.2431640625,606.6281127929688,30.896484375,40.44549560546875,0.2665289640426636,-1,-1,-1
567,660,4003.22412109375,614.9951782226562,21.95947265625,52.35943603515625,0.47891318798065186,-1,-1,-1
567,693,3570.806884765625,629.6753540039062,28.7470703125,53.24755859375,0.3118729591369629,-1,-1,-1
567,586,3410.73583984375,579.9661254882812,19.787353515625,44.53375244140625,0.4662897288799286,-1,-1,-1
567,617,3010.75244140625,517.6070556640625,22.539794921875,38.5565185546875,0.2990671992301941,-1,-1,-1
567,672,4047.5966796875,622.9937744140625,23.0361328125,55.7279052734375,0.375223308801651,-1,-1,-1
568,2,4959.0302734375,813.477783203125,61.60791015625,107.0284423828125,0.777957022190094,-1,-1,-1
568,399,3765.5810546875,701.638671875,36.745361328125,78.0841064453125,0.6077972054481506,-1,-1,-1
568,277,4247.126953125,700.73095703125,41.94580078125,78.13818359375,0.6883121132850647,-1,-1,-1
568,1,4326.42138671875,771.382568359375,48.7568359375,96.0087890625,0.5793374180793762,-1,-1,-1
568,345,3866.225830078125,621.80517578125,20.3154296875,49.86279296875,0.43885618448257446,-1,-1,-1
568,477,4342.466796875,671.5570068359375,32.83447265625,67.9508056640625,0.4905533194541931,-1,-1,-1
568,378,4418.42333984375,675.3857421875,29.42333984375,66.0751953125,0.5852745771408081,-1,-1,-1
568,671,3522.83154296875,667.83935546875,30.5166015625,68.3763427734375,0.5509124398231506,-1,-1,-1
568,639,4765.89892578125,607.3278198242188,30.90771484375,39.93939208984375,0.2799418866634369,-1,-1,-1
568,660,3999.201171875,615.7586669921875,24.56298828125,53.584228515625,0.25795605778694153,-1,-1,-1
568,693,3568.0888671875,629.0643310546875,28.27734375,52.33148193359375,0.28362131118774414,-1,-1,-1
568,586,3408.889892578125,580.3890380859375,19.812255859375,41.6685791015625,0.4332141876220703,-1,-1,-1
568,672,4045.60302734375,623.7468872070312,19.649169921875,55.65509033203125,0.45623114705085754,-1,-1,-1
569,2,4957.86328125,813.2822875976562,61.27783203125,106.71600341796875,0.7741490006446838,-1,-1,-1
569,399,3763.445556640625,698.2991943359375,33.871826171875,74.45318603515625,0.6932589411735535,-1,-1,-1
569,277,4242.7275390625,702.2727661132812,45.85302734375,74.66510009765625,0.6436807513237,-1,-1,-1
569,1,4324.98046875,771.193603515625,41.44482421875,94.79541015625,0.6632567048072815,-1,-1,-1
569,345,3863.018798828125,621.5761108398438,21.0693359375,50.55078125,0.49171945452690125,-1,-1,-1
569,477,4337.244140625,671.1864013671875,33.21044921875,68.16070556640625,0.5042734742164612,-1,-1,-1
569,378,4415.42822265625,673.6150512695312,27.83056640625,67.2034912109375,0.5157291293144226,-1,-1,-1
569,671,3521.23486328125,668.591552734375,29.201904296875,67.16143798828125,0.5719117522239685,-1,-1,-1
569,639,4762.64208984375,607.0357055664062,28.25146484375,39.79132080078125,0.26931941509246826,-1,-1,-1
569,660,3993.976318359375,612.8829956054688,23.944580078125,55.041748046875,0.39071372151374817,-1,-1,-1
569,693,3565.33251953125,629.4258422851562,31.02685546875,53.2491455078125,0.33912044763565063,-1,-1,-1
569,586,3406.19580078125,578.1942138671875,21.577392578125,46.2523193359375,0.37034881114959717,-1,-1,-1
569,672,4043.166259765625,624.5364379882812,18.81640625,56.2457275390625,0.5551958084106445,-1,-1,-1
569,617,3010.950439453125,520.0763549804688,22.40966796875,35.12158203125,0.2556819021701813,-1,-1,-1
570,2,4955.482421875,813.6420288085938,62.65185546875,106.49005126953125,0.7477480173110962,-1,-1,-1
570,399,3759.7880859375,696.841796875,33.177001953125,72.33990478515625,0.6823518872261047,-1,-1,-1
570,277,4239.8427734375,702.6975708007812,48.376953125,73.82293701171875,0.6393894553184509,-1,-1,-1
570,1,4319.72119140625,770.7461547851562,35.31201171875,94.8045654296875,0.611560583114624,-1,-1,-1
570,345,3860.221923828125,622.0611572265625,22.533935546875,52.92706298828125,0.4973258972167969,-1,-1,-1
570,477,4333.10791015625,671.0867919921875,33.8828125,67.35528564453125,0.4797627627849579,-1,-1,-1
570,378,4411.0380859375,671.5263671875,31.40478515625,68.48455810546875,0.4015665650367737,-1,-1,-1
570,671,3518.878173828125,669.47802734375,28.22607421875,67.27685546875,0.5444982051849365,-1,-1,-1
570,660,3990.991455078125,612.5718383789062,20.87060546875,55.46844482421875,0.5837074518203735,-1,-1,-1
570,693,3563.071533203125,630.40234375,31.8271484375,51.9052734375,0.33826175332069397,-1,-1,-1
570,672,4038.8671875,624.0899047851562,21.8232421875,56.98406982421875,0.4668102264404297,-1,-1,-1
571,2,4953.029296875,814.8233642578125,63.87060546875,105.1497802734375,0.7415587306022644,-1,-1,-1
571,399,3756.1728515625,694.3098754882812,30.68701171875,73.16046142578125,0.6135628819465637,-1,-1,-1
571,277,4237.607421875,701.7484741210938,47.8212890625,75.15618896484375,0.6618407964706421,-1,-1,-1
571,1,4313.66357421875,770.3052368164062,31.546875,93.06365966796875,0.5726792812347412,-1,-1,-1
571,345,3858.187744140625,622.4889526367188,23.078369140625,52.6466064453125,0.4456061124801636,-1,-1,-1
571,477,4330.51171875,673.4365234375,29.482421875,65.8382568359375,0.5537448525428772,-1,-1,-1
571,378,4406.4208984375,669.0023193359375,35.09912109375,69.0396728515625,0.4652409553527832,-1,-1,-1
571,671,3516.841064453125,668.9625854492188,26.034912109375,66.9725341796875,0.5597349405288696,-1,-1,-1
571,660,3986.77685546875,611.94970703125,22.822998046875,57.19879150390625,0.6586196422576904,-1,-1,-1
571,672,4034.19775390625,624.5241088867188,22.892578125,54.7701416015625,0.43542274832725525,-1,-1,-1
572,2,4951.03173828125,815.5968627929688,63.44775390625,103.76446533203125,0.7574418783187866,-1,-1,-1
572,399,3752.17333984375,690.596923828125,33.18310546875,75.69586181640625,0.5904922485351562,-1,-1,-1
572,277,4236.60498046875,699.7246704101562,41.9765625,75.95269775390625,0.5885769128799438,-1,-1,-1
572,1,4306.40234375,770.3164672851562,35.4326171875,92.245361328125,0.7097806334495544,-1,-1,-1
572,345,3856.534423828125,623.0758056640625,23.43017578125,51.576904296875,0.454732745885849,-1,-1,-1
572,477,4324.77685546875,674.5265502929688,27.74267578125,64.1297607421875,0.5187625885009766,-1,-1,-1
572,378,4400.31884765625,667.3706665039062,36.2900390625,69.3189697265625,0.5236750245094299,-1,-1,-1
572,671,3512.129638671875,668.5035400390625,28.203369140625,68.57904052734375,0.5364462733268738,-1,-1,-1
572,660,3981.99462890625,611.692626953125,25.0771484375,56.412841796875,0.5321286916732788,-1,-1,-1
572,672,4029.50390625,624.5650634765625,24.1884765625,55.10791015625,0.39241892099380493,-1,-1,-1
572,639,4750.7470703125,602.75634765625,27.16357421875,44.0777587890625,0.32209646701812744,-1,-1,-1
572,586,3396.551025390625,575.4207153320312,23.314453125,39.7484130859375,0.3398599326610565,-1,-1,-1
572,617,3009.08154296875,521.2462768554688,23.089111328125,34.33038330078125,0.26161664724349976,-1,-1,-1
573,2,4949.49365234375,816.3684692382812,63.556640625,103.091064453125,0.7298123836517334,-1,-1,-1
573,399,3749.420166015625,689.0545043945312,34.118408203125,76.696044921875,0.6054028272628784,-1,-1,-1
573,277,4236.330078125,699.2179565429688,37.2021484375,74.8515625,0.5902585983276367,-1,-1,-1
573,1,4298.3115234375,767.0802612304688,42.06640625,96.3233642578125,0.7419639825820923,-1,-1,-1
573,345,3853.1064453125,623.412841796875,23.80810546875,50.13983154296875,0.5349341034889221,-1,-1,-1
573,477,4318.6552734375,674.9951782226562,26.38818359375,61.61419677734375,0.46983325481414795,-1,-1,-1
573,378,4396.283203125,668.1219482421875,36.77783203125,67.57073974609375,0.40625646710395813,-1,-1,-1
573,671,3509.8427734375,667.6683959960938,29.402587890625,68.57305908203125,0.5182734131813049,-1,-1,-1
573,660,3978.863037109375,611.3644409179688,21.890380859375,51.763427734375,0.44920703768730164,-1,-1,-1
573,672,4023.798583984375,623.2879028320312,27.546142578125,54.94482421875,0.34874194860458374,-1,-1,-1
573,639,4747.296875,603.5953369140625,27.3671875,40.99530029296875,0.32153403759002686,-1,-1,-1
573,586,3395.0888671875,577.034423828125,23.131103515625,39.32122802734375,0.315517395734787,-1,-1,-1
573,617,3008.79638671875,521.9144287109375,21.94921875,32.738525390625,0.26262423396110535,-1,-1,-1
574,2,4946.6396484375,816.6994018554688,64.9169921875,101.73779296875,0.7008529305458069,-1,-1,-1
574,399,3746.984619140625,688.3257446289062,34.191650390625,77.3238525390625,0.557898223400116,-1,-1,-1
574,277,4234.51171875,699.4845581054688,34.89453125,73.54437255859375,0.5372042655944824,-1,-1,-1
574,1,4289.87353515625,765.5494995117188,48.71875,97.17327880859375,0.6692298650741577,-1,-1,-1
574,345,3849.438232421875,623.4738159179688,25.399658203125,48.81451416015625,0.4757058322429657,-1,-1,-1
574,477,4315.0341796875,674.8663330078125,23.38916015625,57.6719970703125,0.6861907839775085,-1,-1,-1
574,378,4391.400390625,666.06103515625,38.62841796875,68.3023681640625,0.44016793370246887,-1,-1,-1
574,671,3507.55615234375,669.7762451171875,30.7978515625,65.72637939453125,0.35752665996551514,-1,-1,-1
574,660,3971.9599609375,612.17333984375,24.7578125,50.664306640625,0.32490891218185425,-1,-1,-1
574,672,4020.999267578125,623.0455932617188,26.28759765625,52.012451171875,0.3565153479576111,-1,-1,-1
574,639,4744.27587890625,602.8628540039062,26.5185546875,39.9488525390625,0.3673698902130127,-1,-1,-1
574,586,3393.22607421875,578.1329345703125,22.70556640625,38.37677001953125,0.30033430457115173,-1,-1,-1
575,2,4944.11962890625,816.2762451171875,65.71630859375,103.3359375,0.7006874680519104,-1,-1,-1
575,399,3743.94873046875,684.6970825195312,32.88525390625,77.33294677734375,0.6136293411254883,-1,-1,-1
575,277,4232.29296875,698.2437133789062,31.2890625,75.89453125,0.6597262620925903,-1,-1,-1
575,1,4280.7451171875,764.8821411132812,54.1708984375,97.88604736328125,0.6674015522003174,-1,-1,-1
575,345,3846.394287109375,623.07763671875,25.70068359375,49.55853271484375,0.48673176765441895,-1,-1,-1
575,477,4308.75830078125,673.984619140625,27.94677734375,60.96124267578125,0.5860227346420288,-1,-1,-1
575,378,4387.36279296875,664.2594604492188,32.67431640625,65.11419677734375,0.3977484107017517,-1,-1,-1
575,671,3504.535888671875,670.0844116210938,28.04638671875,66.13531494140625,0.418011873960495,-1,-1,-1
575,660,3967.850341796875,613.7581787109375,23.65185546875,50.25579833984375,0.3405706584453583,-1,-1,-1
575,672,4019.380615234375,622.1294555664062,24.702880859375,52.046630859375,0.27183443307876587,-1,-1,-1
575,639,4740.04248046875,602.9215698242188,28.6328125,40.225341796875,0.3628261089324951,-1,-1,-1
575,586,3390.86474609375,577.1228637695312,21.864013671875,35.59185791015625,0.40409961342811584,-1,-1,-1
576,2,4941.0234375,815.5103149414062,67.07763671875,103.8787841796875,0.7001358270645142,-1,-1,-1
576,399,3740.857666015625,682.89892578125,33.158447265625,74.7626953125,0.6275889873504639,-1,-1,-1
576,277,4231.15185546875,697.8508911132812,27.31396484375,78.4775390625,0.6913514137268066,-1,-1,-1
576,1,4273.36669921875,761.8884887695312,56.07861328125,97.59722900390625,0.5678686499595642,-1,-1,-1
576,345,3844.43017578125,624.1121826171875,23.176513671875,48.51544189453125,0.53321373462677,-1,-1,-1
576,477,4302.05126953125,670.152099609375,30.76171875,64.59844970703125,0.4805993437767029,-1,-1,-1
576,378,4385.41064453125,665.2555541992188,28.455078125,61.60894775390625,0.3346584737300873,-1,-1,-1
576,671,3499.81640625,669.6673583984375,29.12841796875,66.5616455078125,0.5497351884841919,-1,-1,-1
576,660,3964.635498046875,614.0100708007812,23.60595703125,52.5133056640625,0.5028871297836304,-1,-1,-1
576,672,4015.591552734375,622.9389038085938,23.136474609375,54.5596923828125,0.4430001378059387,-1,-1,-1
576,639,4737.43310546875,602.1288452148438,28.62841796875,41.81182861328125,0.4040713906288147,-1,-1,-1
576,586,3388.607666015625,575.9517211914062,20.26025390625,36.086669921875,0.4480980634689331,-1,-1,-1
577,2,4938.55126953125,815.2313232421875,66.52734375,103.61065673828125,0.7153984904289246,-1,-1,-1
577,399,3738.901123046875,679.2907104492188,32.559814453125,72.603515625,0.7010458707809448,-1,-1,-1
577,277,4229.18505859375,696.8145751953125,24.27734375,81.2056884765625,0.6881493330001831,-1,-1,-1
577,1,4267.86328125,761.154541015625,56.61474609375,98.10040283203125,0.6254254579544067,-1,-1,-1
577,345,3842.5576171875,624.6658935546875,21.207763671875,48.07568359375,0.4766630530357361,-1,-1,-1
577,477,4295.32861328125,669.711669921875,30.78564453125,64.31451416015625,0.41326460242271423,-1,-1,-1
577,378,4381.09521484375,665.997802734375,29.93603515625,61.65142822265625,0.3478413224220276,-1,-1,-1
577,671,3495.327880859375,667.7374267578125,30.306640625,67.6485595703125,0.5254594683647156,-1,-1,-1
577,660,3962.16259765625,616.4454956054688,20.4833984375,50.65576171875,0.5833930969238281,-1,-1,-1
577,672,4013.13525390625,624.0380859375,22.234619140625,53.99200439453125,0.502446174621582,-1,-1,-1
577,639,4733.0546875,600.4161376953125,29.45068359375,45.95989990234375,0.3975403606891632,-1,-1,-1
577,586,3386.262451171875,575.4472045898438,19.069091796875,38.2369384765625,0.4231851398944855,-1,-1,-1
578,2,4937.556640625,813.4157104492188,63.8125,104.594482421875,0.754425585269928,-1,-1,-1
578,399,3736.716796875,677.2938232421875,31.253173828125,71.8453369140625,0.6714399456977844,-1,-1,-1
578,277,4226.57958984375,696.4863891601562,24.08642578125,81.90814208984375,0.6195869445800781,-1,-1,-1
578,1,4265.4482421875,761.8353881835938,51.88916015625,97.05615234375,0.5526233911514282,-1,-1,-1
578,345,3839.00634765625,625.5576171875,22.395263671875,46.96148681640625,0.327068030834198,-1,-1,-1
578,477,4290.9169921875,665.4383544921875,29.4833984375,68.73468017578125,0.40258878469467163,-1,-1,-1
578,378,4376.44091796875,664.7817993164062,28.81982421875,64.530029296875,0.26486071944236755,-1,-1,-1
578,671,3492.443359375,668.529052734375,28.24853515625,65.27178955078125,0.48737019300460815,-1,-1,-1
578,660,3958.2451171875,615.21240234375,22.547607421875,52.9078369140625,0.57945317029953,-1,-1,-1
578,672,4010.177490234375,623.652587890625,22.043701171875,54.89971923828125,0.42214980721473694,-1,-1,-1
578,639,4728.216796875,598.3175659179688,29.57275390625,48.83111572265625,0.5020771026611328,-1,-1,-1
578,586,3382.900634765625,575.681640625,20.580078125,38.162353515625,0.41783076524734497,-1,-1,-1
579,2,4936.0927734375,812.4976806640625,61.20068359375,105.778076171875,0.7687854170799255,-1,-1,-1
579,399,3734.756591796875,677.655029296875,29.037353515625,69.1181640625,0.6582348346710205,-1,-1,-1
579,277,4223.53271484375,696.0536499023438,25.060546875,79.83135986328125,0.6193334460258484,-1,-1,-1
579,1,4262.61669921875,763.7781372070312,41.96533203125,93.197021484375,0.4375942051410675,-1,-1,-1
579,477,4283.51806640625,666.6633911132812,30.58251953125,66.89276123046875,0.460077702999115,-1,-1,-1
579,378,4370.6689453125,664.4362182617188,27.65625,64.57904052734375,0.45268452167510986,-1,-1,-1
579,671,3490.004150390625,670.8579711914062,27.084716796875,62.29864501953125,0.5018552541732788,-1,-1,-1
579,660,3954.530029296875,615.1467895507812,21.453857421875,51.76202392578125,0.5121420621871948,-1,-1,-1
579,672,4007.1455078125,623.8474731445312,20.9765625,55.8433837890625,0.30989107489585876,-1,-1,-1
579,639,4724.572265625,598.58056640625,29.17333984375,47.7889404296875,0.47502440214157104,-1,-1,-1
579,586,3378.973876953125,575.2269287109375,22.3642578125,38.41424560546875,0.3121373653411865,-1,-1,-1
580,2,4934.71435546875,811.8091430664062,58.95849609375,106.9365234375,0.7861311435699463,-1,-1,-1
580,399,3734.310302734375,678.6099853515625,23.526611328125,64.82366943359375,0.562393844127655,-1,-1,-1
580,277,4220.36279296875,696.7808837890625,26.5,77.2105712890625,0.5648664236068726,-1,-1,-1
580,1,4260.27490234375,763.3416748046875,32.2060546875,88.38983154296875,0.47816339135169983,-1,-1,-1
580,477,4280.51806640625,665.921142578125,28.28271484375,64.57080078125,0.4503776431083679,-1,-1,-1
580,378,4366.05908203125,664.6565551757812,29.17138671875,65.98846435546875,0.4409264326095581,-1,-1,-1
580,671,3485.560791015625,668.8616333007812,28.77587890625,63.849609375,0.4384748637676239,-1,-1,-1
580,660,3949.60498046875,614.8733520507812,22.4296875,48.71563720703125,0.3442075550556183,-1,-1,-1
580,672,4003.90771484375,625.8609619140625,21.036865234375,52.814697265625,0.29567480087280273,-1,-1,-1
580,639,4722.171875,599.910888671875,26.06884765625,43.89739990234375,0.4218868315219879,-1,-1,-1
580,345,3831.636962890625,623.7177124023438,22.524169921875,48.74517822265625,0.3691824674606323,-1,-1,-1
581,2,4933.40185546875,811.9424438476562,56.84814453125,106.51348876953125,0.7186424136161804,-1,-1,-1
581,399,3731.81298828125,678.5986328125,23.3671875,65.06890869140625,0.46283605694770813,-1,-1,-1
581,277,4216.04541015625,697.4789428710938,29.80419921875,75.80322265625,0.543488621711731,-1,-1,-1
581,1,4254.1220703125,762.26025390625,30.244140625,86.54510498046875,0.5355787873268127,-1,-1,-1
581,477,4276.88427734375,665.9154052734375,26.845703125,63.6470947265625,0.5057101249694824,-1,-1,-1
581,378,4362.4619140625,662.77197265625,29.41259765625,68.26385498046875,0.5068030953407288,-1,-1,-1
581,671,3480.093017578125,666.8257446289062,30.456787109375,66.3568115234375,0.4712928831577301,-1,-1,-1
581,639,4719.50146484375,599.8618774414062,23.05517578125,42.7803955078125,0.3992511034011841,-1,-1,-1
581,345,3828.93017578125,622.6712646484375,21.044921875,48.631103515625,0.5218570232391357,-1,-1,-1
582,2,4931.29638671875,812.3112182617188,54.8662109375,106.06268310546875,0.7389882802963257,-1,-1,-1
582,399,3727.149658203125,675.8739624023438,27.037841796875,66.3016357421875,0.4847050607204437,-1,-1,-1
582,277,4207.06201171875,697.3823852539062,38.5556640625,74.4986572265625,0.626552164554596,-1,-1,-1
582,1,4246.2744140625,760.9229736328125,34.2822265625,88.09735107421875,0.6446986198425293,-1,-1,-1
582,477,4270.39990234375,666.278564453125,29.46142578125,64.88818359375,0.4977315366268158,-1,-1,-1
582,378,4357.14697265625,659.7201538085938,33.078125,68.32366943359375,0.4866901934146881,-1,-1,-1
582,671,3477.034912109375,664.923583984375,29.038330078125,67.89617919921875,0.5836474299430847,-1,-1,-1
582,639,4716.57861328125,599.8922119140625,21.98681640625,42.36749267578125,0.3957071304321289,-1,-1,-1
582,345,3824.64501953125,622.3226928710938,24.1005859375,48.71795654296875,0.5364620685577393,-1,-1,-1
582,586,3368.29248046875,575.5128784179688,24.58056640625,39.7298583984375,0.43743467330932617,-1,-1,-1
582,660,3938.865966796875,611.12939453125,25.86181640625,53.48333740234375,0.4082469344139099,-1,-1,-1
582,672,3993.40673828125,623.247314453125,23.46142578125,55.743408203125,0.3743787109851837,-1,-1,-1
583,2,4929.02294921875,813.11376953125,53.30615234375,104.786376953125,0.7574859857559204,-1,-1,-1
583,399,3722.2587890625,671.2806396484375,30.124755859375,70.32958984375,0.42403045296669006,-1,-1,-1
583,277,4202.0244140625,696.8284912109375,44.787109375,74.1851806640625,0.6722742319107056,-1,-1,-1
583,1,4239.6357421875,759.2578735351562,37.29541015625,90.4400634765625,0.6443862915039062,-1,-1,-1
583,477,4265.75537109375,664.178466796875,29.61767578125,68.01385498046875,0.48652055859565735,-1,-1,-1
583,378,4349.220703125,661.1517333984375,39.79052734375,66.43536376953125,0.47329917550086975,-1,-1,-1
583,671,3475.765625,664.5642700195312,27.91064453125,68.58514404296875,0.6244102716445923,-1,-1,-1
583,639,4712.626953125,600.7767944335938,23.02978515625,41.6251220703125,0.43196624517440796,-1,-1,-1
583,345,3820.918212890625,620.4397583007812,26.266357421875,47.73443603515625,0.5004878044128418,-1,-1,-1
583,586,3365.118408203125,575.3309326171875,25.818359375,40.83837890625,0.5317050814628601,-1,-1,-1
583,660,3932.20654296875,610.0120849609375,26.62255859375,56.0185546875,0.629767119884491,-1,-1,-1
583,672,3988.26513671875,623.1111450195312,24.2294921875,54.30633544921875,0.5026196241378784,-1,-1,-1
584,2,4926.80078125,814.5755004882812,52.01416015625,102.60406494140625,0.7315556406974792,-1,-1,-1
584,399,3719.405517578125,669.453125,31.66455078125,68.4298095703125,0.5098193287849426,-1,-1,-1
584,277,4199.5712890625,698.9130249023438,45.36962890625,70.210693359375,0.4964708685874939,-1,-1,-1
584,1,4230.27392578125,759.606201171875,45.126953125,90.6683349609375,0.6024972200393677,-1,-1,-1
584,477,4261.4208984375,662.2556762695312,27.279296875,68.362548828125,0.5688028931617737,-1,-1,-1
584,378,4344.54052734375,659.5560302734375,38.173828125,66.07220458984375,0.4507822096347809,-1,-1,-1
584,671,3473.53466796875,663.5103759765625,28.559326171875,71.1322021484375,0.6613860726356506,-1,-1,-1
584,639,4707.81884765625,602.263427734375,23.6875,39.23895263671875,0.4163023829460144,-1,-1,-1
584,345,3817.373779296875,619.0845947265625,25.511962890625,48.81353759765625,0.4991581439971924,-1,-1,-1
584,586,3362.57470703125,575.1597900390625,25.57568359375,39.55712890625,0.4754606783390045,-1,-1,-1
584,660,3928.615478515625,610.2745971679688,25.8935546875,54.08892822265625,0.5749184489250183,-1,-1,-1
584,672,3984.118896484375,622.6744995117188,24.85205078125,51.63067626953125,0.5844630599021912,-1,-1,-1
585,2,4921.18310546875,814.4248657226562,54.70166015625,102.10284423828125,0.7673869729042053,-1,-1,-1
585,399,3716.567626953125,668.068603515625,32.69140625,66.9384765625,0.5630412697792053,-1,-1,-1
585,277,4197.55419921875,699.410888671875,40.7060546875,70.2022705078125,0.517470121383667,-1,-1,-1
585,1,4220.349609375,758.2073364257812,51.62890625,88.9765625,0.5374682545661926,-1,-1,-1
585,477,4256.4892578125,661.9768676757812,26.34765625,67.69683837890625,0.641259491443634,-1,-1,-1
585,378,4340.08935546875,655.8589477539062,33.51513671875,66.8800048828125,0.5831825733184814,-1,-1,-1
585,671,3470.78857421875,660.5299682617188,28.22900390625,73.63909912109375,0.6975569128990173,-1,-1,-1
585,639,4702.33251953125,601.3551635742188,26.9111328125,40.8577880859375,0.34296533465385437,-1,-1,-1
585,345,3812.0966796875,616.878173828125,26.775634765625,50.214111328125,0.45762357115745544,-1,-1,-1
585,586,3360.59326171875,573.9782104492188,24.89453125,41.57208251953125,0.5129308700561523,-1,-1,-1
585,660,3926.10986328125,609.1908569335938,25.933349609375,53.7650146484375,0.5714111924171448,-1,-1,-1
585,672,3981.68603515625,622.2982177734375,24.11376953125,51.2183837890625,0.5277727842330933,-1,-1,-1
585,725,3449.091064453125,551.5235595703125,14.564697265625,29.90869140625,0.4135187864303589,-1,-1,-1
586,2,4914.35498046875,814.2000122070312,58.93408203125,101.87493896484375,0.783165454864502,-1,-1,-1
586,399,3713.165771484375,665.0763549804688,33.264404296875,68.586181640625,0.6746577620506287,-1,-1,-1
586,277,4195.41357421875,700.2028198242188,36.4443359375,69.67669677734375,0.48769649863243103,-1,-1,-1
586,1,4212.25048828125,756.0559692382812,56.5009765625,90.50335693359375,0.6491913795471191,-1,-1,-1
586,477,4251.57568359375,661.3392944335938,26.95361328125,67.09869384765625,0.5860872864723206,-1,-1,-1
586,378,4337.291015625,653.9535522460938,31.13134765625,68.9619140625,0.6693201661109924,-1,-1,-1
586,671,3467.1201171875,659.353515625,27.17724609375,71.3392333984375,0.6690953969955444,-1,-1,-1
586,639,4696.9443359375,598.2250366210938,29.03662109375,44.78240966796875,0.3908231556415558,-1,-1,-1
586,345,3808.06591796875,617.6632690429688,27.55859375,49.0552978515625,0.501219630241394,-1,-1,-1
586,586,3358.930419921875,573.4334716796875,22.04736328125,40.8153076171875,0.5266377329826355,-1,-1,-1
586,660,3922.169677734375,609.2317504882812,24.43798828125,52.752197265625,0.4816945195198059,-1,-1,-1
586,672,3978.9609375,621.6355590820312,22.670654296875,52.03497314453125,0.458568274974823,-1,-1,-1
586,725,3449.697021484375,552.143798828125,14.48779296875,29.8931884765625,0.40261146426200867,-1,-1,-1
587,2,4907.390625,814.2626953125,63.177734375,101.5587158203125,0.8051734566688538,-1,-1,-1
587,399,3709.943359375,664.4605102539062,30.705078125,65.97265625,0.625537633895874,-1,-1,-1
587,277,4192.7060546875,702.4022216796875,32.68212890625,67.4185791015625,0.49115440249443054,-1,-1,-1
587,1,4207.7373046875,754.4324951171875,55.404296875,90.36187744140625,0.6258425116539001,-1,-1,-1
587,477,4246.27685546875,659.5098876953125,27.2294921875,68.60968017578125,0.4692755341529846,-1,-1,-1
587,378,4334.17041015625,653.4500732421875,27.90576171875,67.77471923828125,0.6210397481918335,-1,-1,-1
587,671,3463.597900390625,657.7349243164062,26.623779296875,69.02484130859375,0.6485603451728821,-1,-1,-1
587,639,4693.76953125,599.7940673828125,27.88916015625,42.43389892578125,0.49810853600502014,-1,-1,-1
587,345,3804.187255859375,618.208740234375,27.185546875,47.4857177734375,0.48263174295425415,-1,-1,-1
587,586,3356.961181640625,569.7968139648438,20.25830078125,43.76153564453125,0.5595420002937317,-1,-1,-1
587,660,3918.842041015625,610.0806884765625,24.524658203125,50.6689453125,0.4371107518672943,-1,-1,-1
587,672,3976.2978515625,623.0007934570312,21.871337890625,50.48345947265625,0.3818192780017853,-1,-1,-1
587,725,3449.75146484375,552.7103271484375,13.90283203125,31.67791748046875,0.4281148910522461,-1,-1,-1
588,2,4904.81005859375,815.2699584960938,64.16259765625,100.6124267578125,0.781001627445221,-1,-1,-1
588,399,3706.150634765625,665.7998657226562,28.644287109375,63.9019775390625,0.5598527193069458,-1,-1,-1
588,1,4202.2578125,751.1204833984375,53.3505859375,91.56396484375,0.5062524676322937,-1,-1,-1
588,477,4239.3916015625,659.441162109375,34.55419921875,69.39129638671875,0.4223901629447937,-1,-1,-1
588,378,4331.236328125,653.139404296875,26.8818359375,67.5576171875,0.5735473036766052,-1,-1,-1
588,671,3458.579833984375,657.1442260742188,30.711181640625,68.59356689453125,0.5788064002990723,-1,-1,-1
588,639,4689.9892578125,599.283447265625,28.0458984375,39.8245849609375,0.526848554611206,-1,-1,-1
588,345,3801.752685546875,618.02490234375,22.53955078125,46.40765380859375,0.5473982691764832,-1,-1,-1
588,586,3355.01708984375,569.072021484375,19.47021484375,44.37188720703125,0.4564157724380493,-1,-1,-1
588,660,3916.70166015625,609.8595581054688,23.35986328125,50.33795166015625,0.47363176941871643,-1,-1,-1
588,672,3970.89892578125,622.03466796875,20.94482421875,49.6697998046875,0.42544621229171753,-1,-1,-1
588,725,3450.328125,552.1473388671875,14.27783203125,31.06219482421875,0.39859458804130554,-1,-1,-1
588,735,3690.593017578125,524.0872802734375,18.736083984375,47.95660400390625,0.3948330283164978,-1,-1,-1
588,736,3511.694091796875,597.4747924804688,30.343505859375,63.154052734375,0.49234768748283386,-1,-1,-1
589,2,4903.125,814.704833984375,64.7939453125,101.10467529296875,0.7454737424850464,-1,-1,-1
589,399,3701.30029296875,666.4471435546875,28.26318359375,63.6199951171875,0.5378953218460083,-1,-1,-1
589,1,4191.26953125,715.1421508789062,50.45361328125,125.27215576171875,0.6472992300987244,-1,-1,-1
589,477,4237.28271484375,659.2661743164062,30.537109375,65.188232421875,0.48770102858543396,-1,-1,-1
589,378,4327.12646484375,653.9666748046875,25.61962890625,64.1865234375,0.46672171354293823,-1,-1,-1
589,671,3455.901123046875,656.3054809570312,28.852783203125,67.84320068359375,0.49150508642196655,-1,-1,-1
589,639,4686.1982421875,596.9212646484375,27.8623046875,41.11407470703125,0.47285038232803345,-1,-1,-1
589,345,3796.8115234375,616.2730102539062,23.03125,47.2401123046875,0.5448744297027588,-1,-1,-1
589,586,3351.768310546875,568.4880981445312,21.4345703125,44.2332763671875,0.37716546654701233,-1,-1,-1
589,660,3912.10498046875,607.03466796875,23.433837890625,53.8360595703125,0.4788905084133148,-1,-1,-1
589,672,3967.05810546875,621.895263671875,20.571044921875,49.35546875,0.38361164927482605,-1,-1,-1
589,725,3450.8525390625,553.2415161132812,15.44189453125,31.1527099609375,0.35688647627830505,-1,-1,-1
589,735,3690.31689453125,525.7748413085938,17.802734375,44.71258544921875,0.3091479539871216,-1,-1,-1
589,736,3509.0224609375,597.4954223632812,30.79345703125,60.80059814453125,0.3372062146663666,-1,-1,-1
590,2,4900.95947265625,814.3414306640625,65.40380859375,101.99664306640625,0.750874936580658,-1,-1,-1
590,399,3697.4970703125,665.3958129882812,29.41259765625,64.52862548828125,0.5044444799423218,-1,-1,-1
590,1,4188.20166015625,718.2657470703125,48.10498046875,121.63983154296875,0.5348086953163147,-1,-1,-1
590,477,4232.2421875,658.0899047851562,26.4345703125,61.39239501953125,0.5499465465545654,-1,-1,-1
590,378,4322.5625,652.4047241210938,27.13720703125,66.13885498046875,0.39395788311958313,-1,-1,-1
590,671,3451.3974609375,656.6282348632812,27.781982421875,67.658203125,0.5601484775543213,-1,-1,-1
590,639,4683.2587890625,597.892822265625,25.90625,38.60003662109375,0.4433783292770386,-1,-1,-1
590,345,3792.368408203125,616.6224365234375,25.763427734375,47.66998291015625,0.4938536584377289,-1,-1,-1
590,660,3909.658935546875,602.9989013671875,21.999267578125,57.33837890625,0.6464645266532898,-1,-1,-1
590,672,3963.48193359375,622.7592163085938,19.192138671875,48.34832763671875,0.442936509847641,-1,-1,-1
590,725,3450.8232421875,553.567626953125,16.22607421875,31.948486328125,0.38556960225105286,-1,-1,-1
590,277,4183.580078125,697.0585327148438,44.54931640625,66.9793701171875,0.42581939697265625,-1,-1,-1
591,2,4897.03662109375,814.1532592773438,67.2578125,102.05682373046875,0.77727872133255,-1,-1,-1
591,399,3693.965087890625,663.2192993164062,28.84326171875,63.4166259765625,0.4663430154323578,-1,-1,-1
591,1,4181.98583984375,701.869140625,46.796875,135.76824951171875,0.5492151379585266,-1,-1,-1
591,477,4227.69921875,657.6612548828125,24.3994140625,59.4739990234375,0.5026053190231323,-1,-1,-1
591,378,4316.08056640625,650.857666015625,28.79833984375,69.7174072265625,0.4944099485874176,-1,-1,-1
591,671,3449.40625,655.3154907226562,25.23681640625,67.81396484375,0.7253307700157166,-1,-1,-1
591,639,4680.02978515625,600.1168212890625,23.77294921875,35.0908203125,0.38893336057662964,-1,-1,-1
591,345,3789.5224609375,616.8643188476562,24.705810546875,45.14141845703125,0.455443412065506,-1,-1,-1
591,660,3905.6005859375,601.8408203125,21.6416015625,57.48577880859375,0.5653717517852783,-1,-1,-1
591,672,3959.9755859375,622.9024658203125,20.6357421875,49.45245361328125,0.5622386932373047,-1,-1,-1
591,725,3451.11279296875,553.363525390625,18.898193359375,31.87548828125,0.3499535024166107,-1,-1,-1
591,586,3344.0029296875,570.6640625,23.487548828125,43.67181396484375,0.4174586534500122,-1,-1,-1
592,2,4896.2900390625,813.2727661132812,63.91650390625,103.51605224609375,0.7796883583068848,-1,-1,-1
592,399,3691.260009765625,658.26953125,27.77783203125,64.45526123046875,0.575499951839447,-1,-1,-1
592,1,4178.24072265625,696.6073608398438,45.814453125,140.8104248046875,0.5190468430519104,-1,-1,-1
592,477,4222.62841796875,659.0919799804688,21.87109375,57.001220703125,0.5076858997344971,-1,-1,-1
592,378,4311.15234375,650.3305053710938,30.06103515625,67.55694580078125,0.5731586813926697,-1,-1,-1
592,671,3446.85400390625,654.741455078125,22.8359375,67.93585205078125,0.7490364909172058,-1,-1,-1
592,639,4674.35986328125,596.97216796875,24.609375,40.63214111328125,0.32888665795326233,-1,-1,-1
592,345,3784.422607421875,614.07861328125,25.82275390625,47.4302978515625,0.3964996039867401,-1,-1,-1
592,660,3901.779052734375,601.1517944335938,23.775390625,59.05340576171875,0.6237677335739136,-1,-1,-1
592,672,3956.08935546875,622.5191040039062,23.6572265625,49.50799560546875,0.5178719162940979,-1,-1,-1
592,725,3451.239990234375,552.5575561523438,21.20654296875,32.90228271484375,0.29720085859298706,-1,-1,-1
592,742,3492.599365234375,562.4442138671875,25.169677734375,91.54400634765625,0.4214209318161011,-1,-1,-1
592,586,3341.93017578125,573.4842529296875,21.490966796875,41.142578125,0.5460985898971558,-1,-1,-1
593,2,4894.3720703125,812.8241577148438,59.63623046875,102.48834228515625,0.7612305879592896,-1,-1,-1
593,399,3687.296875,655.4415283203125,29.40087890625,62.5557861328125,0.5568768978118896,-1,-1,-1
593,1,4177.4365234375,702.6692504882812,43.9619140625,134.583984375,0.4879229664802551,-1,-1,-1
593,477,4219.64892578125,660.4024658203125,21.70361328125,56.881103515625,0.4726846516132355,-1,-1,-1
593,378,4305.7001953125,650.0139770507812,32.623046875,62.97125244140625,0.4277902841567993,-1,-1,-1
593,671,3443.789306640625,653.95068359375,22.772705078125,70.0174560546875,0.6645455360412598,-1,-1,-1
593,639,4669.1748046875,593.0221557617188,26.083984375,43.96051025390625,0.41598355770111084,-1,-1,-1
593,345,3779.4404296875,612.131103515625,29.06982421875,49.8272705078125,0.3488638997077942,-1,-1,-1
593,660,3898.330322265625,599.62890625,24.866943359375,60.58685302734375,0.6422093510627747,-1,-1,-1
593,672,3951.284912109375,622.6463012695312,25.727783203125,48.43292236328125,0.414339154958725,-1,-1,-1
593,742,3494.5859375,577.5498657226562,24.873046875,79.43603515625,0.39901745319366455,-1,-1,-1
593,586,3338.54833984375,574.386474609375,20.54150390625,42.0809326171875,0.5727956891059875,-1,-1,-1
594,2,4893.265625,812.7247314453125,55.0068359375,102.5335693359375,0.7837877869606018,-1,-1,-1
594,399,3684.265380859375,653.7132568359375,27.1640625,59.3634033203125,0.5237799286842346,-1,-1,-1
594,1,4172.8291015625,694.62158203125,41.06494140625,140.423828125,0.521124541759491,-1,-1,-1
594,378,4299.58544921875,649.6296997070312,35.7578125,60.83172607421875,0.4416171610355377,-1,-1,-1
594,671,3440.441650390625,652.9105224609375,24.026123046875,71.80865478515625,0.7064616084098816,-1,-1,-1
594,639,4665.7333984375,591.9170532226562,24.85546875,43.55426025390625,0.42015811800956726,-1,-1,-1
594,345,3775.4619140625,612.8656616210938,27.50341796875,49.035888671875,0.45484471321105957,-1,-1,-1
594,660,3895.63232421875,598.9609375,23.00634765625,57.56134033203125,0.573797345161438,-1,-1,-1
594,672,3947.060546875,622.118408203125,26.087158203125,47.973388671875,0.4167575538158417,-1,-1,-1
594,742,3491.372802734375,567.5431518554688,22.940673828125,82.693115234375,0.48926112055778503,-1,-1,-1
594,586,3335.916748046875,574.171630859375,21.196533203125,41.157958984375,0.5390142798423767,-1,-1,-1
595,2,4891.32763671875,812.2207641601562,51.59814453125,103.0721435546875,0.7793596982955933,-1,-1,-1
595,399,3681.465087890625,653.5958862304688,25.160888671875,57.40814208984375,0.4534790515899658,-1,-1,-1
595,1,4167.39208984375,691.2969360351562,42.26953125,140.76007080078125,0.6510480046272278,-1,-1,-1
595,378,4295.5166015625,649.058837890625,36.36962890625,60.03509521484375,0.43373945355415344,-1,-1,-1
595,671,3437.903076171875,652.7341918945312,23.912109375,71.58197021484375,0.6781266331672668,-1,-1,-1
595,639,4661.99609375,590.8139038085938,24.32080078125,43.26080322265625,0.4401722848415375,-1,-1,-1
595,345,3773.110595703125,612.2349853515625,25.02490234375,51.58441162109375,0.5603970289230347,-1,-1,-1
595,660,3891.935302734375,598.5851440429688,23.981201171875,57.70501708984375,0.4361516237258911,-1,-1,-1
595,672,3943.54833984375,620.836669921875,27.669921875,49.27630615234375,0.38385137915611267,-1,-1,-1
595,742,3490.542236328125,565.5724487304688,21.203369140625,87.4923095703125,0.4231673777103424,-1,-1,-1
595,586,3334.525146484375,574.3279418945312,20.388916015625,41.48956298828125,0.545205295085907,-1,-1,-1
595,477,4207.5537109375,656.81982421875,24.53857421875,64.323486328125,0.4984836280345917,-1,-1,-1
596,2,4887.4345703125,811.58935546875,51.11669921875,104.22052001953125,0.8052573800086975,-1,-1,-1
596,399,3678.38623046875,654.1732788085938,23.021240234375,57.73431396484375,0.4895726442337036,-1,-1,-1
596,1,4162.76171875,699.16357421875,46.751953125,131.4302978515625,0.6252581477165222,-1,-1,-1
596,378,4291.68896484375,647.914306640625,33.44482421875,60.02984619140625,0.4685767889022827,-1,-1,-1
596,671,3436.75048828125,653.0549926757812,21.449951171875,70.40081787109375,0.6451442241668701,-1,-1,-1
596,639,4658.7138671875,589.7841186523438,25.4931640625,43.97174072265625,0.4437762200832367,-1,-1,-1
596,345,3768.826904296875,611.1107177734375,24.57861328125,52.16973876953125,0.5970399975776672,-1,-1,-1
596,660,3884.344482421875,596.4623413085938,29.5947265625,60.5914306640625,0.393719345331192,-1,-1,-1
596,742,3486.776123046875,564.1610717773438,24.532470703125,93.1865234375,0.42408692836761475,-1,-1,-1
596,586,3330.349609375,575.4806518554688,21.371337890625,42.07513427734375,0.4876403510570526,-1,-1,-1
596,477,4202.1748046875,655.2568359375,26.95703125,65.16064453125,0.5632103681564331,-1,-1,-1
597,2,4884.36669921875,811.5451049804688,50.90576171875,104.28533935546875,0.8134540915489197,-1,-1,-1
597,399,3673.963134765625,654.3229370117188,24.873046875,57.88836669921875,0.27817827463150024,-1,-1,-1
597,1,4159.42578125,692.3989868164062,44.28955078125,135.892333984375,0.6353089809417725,-1,-1,-1
597,378,4288.60107421875,647.37353515625,30.671875,60.23095703125,0.5420259237289429,-1,-1,-1
597,671,3432.36767578125,652.552978515625,24.053466796875,69.66986083984375,0.6234344244003296,-1,-1,-1
597,639,4654.564453125,592.4133911132812,26.1025390625,41.1685791015625,0.4108249247074127,-1,-1,-1
597,345,3765.149169921875,611.6827392578125,23.6435546875,51.2359619140625,0.49496737122535706,-1,-1,-1
597,660,3882.65576171875,597.3816528320312,25.7197265625,56.238037109375,0.6020214557647705,-1,-1,-1
597,742,3483.76025390625,561.7998046875,26.81982421875,89.1612548828125,0.4319402873516083,-1,-1,-1
597,586,3327.280029296875,576.3515625,22.233154296875,42.69427490234375,0.4749535024166107,-1,-1,-1
597,477,4198.60205078125,653.9338989257812,26.375,63.50457763671875,0.5169845223426819,-1,-1,-1
597,672,3937.18310546875,620.0880126953125,22.41455078125,49.7979736328125,0.28040146827697754,-1,-1,-1
598,2,4880.87451171875,812.0431518554688,51.1044921875,103.42926025390625,0.8117631673812866,-1,-1,-1
598,399,3668.5029296875,651.78759765625,26.419677734375,59.50701904296875,0.3331601917743683,-1,-1,-1
598,1,4156.41064453125,693.1864624023438,43.09375,134.57763671875,0.663283109664917,-1,-1,-1
598,378,4283.87939453125,647.4125366210938,29.2373046875,60.05572509765625,0.5534199476242065,-1,-1,-1
598,671,3427.3466796875,650.6716918945312,28.414794921875,72.8328857421875,0.6386148929595947,-1,-1,-1
598,639,4649.224609375,593.5322265625,27.103515625,39.1854248046875,0.35102149844169617,-1,-1,-1
598,345,3762.10498046875,612.21875,20.87890625,47.798095703125,0.4221786558628082,-1,-1,-1
598,660,3881.911865234375,598.34765625,20.8974609375,53.89886474609375,0.7044419050216675,-1,-1,-1
598,742,3481.283935546875,559.4623413085938,28.79052734375,89.9195556640625,0.384460985660553,-1,-1,-1
598,586,3324.755859375,576.767578125,23.1435546875,42.92840576171875,0.44060054421424866,-1,-1,-1
598,477,4194.27197265625,653.7808227539062,27.81787109375,60.9150390625,0.463622123003006,-1,-1,-1
598,672,3934.156005859375,621.6422119140625,19.79150390625,47.67462158203125,0.48887962102890015,-1,-1,-1
599,2,4875.69189453125,812.5379638671875,54.11572265625,101.84674072265625,0.8073586225509644,-1,-1,-1
599,399,3665.322998046875,651.6266479492188,27.62744140625,59.527099609375,0.392931193113327,-1,-1,-1
599,1,4154.02490234375,693.3093872070312,37.58203125,132.00506591796875,0.554934561252594,-1,-1,-1
599,378,4280.73779296875,647.7890625,26.6396484375,59.8553466796875,0.5452691316604614,-1,-1,-1
599,671,3423.34619140625,650.2990112304688,29.81005859375,72.12884521484375,0.5629292726516724,-1,-1,-1
599,639,4643.56005859375,591.6373291015625,27.67919921875,42.26715087890625,0.2991017997264862,-1,-1,-1
599,345,3756.402099609375,609.2766723632812,24.325927734375,48.62835693359375,0.4656655788421631,-1,-1,-1
599,660,3878.458251953125,598.4022216796875,21.338134765625,53.95196533203125,0.7040472626686096,-1,-1,-1
599,586,3322.455078125,575.9619140625,24.104736328125,44.576171875,0.3911561965942383,-1,-1,-1
599,477,4188.78759765625,653.6637573242188,28.28515625,55.5328369140625,0.36407461762428284,-1,-1,-1
599,672,3930.782958984375,621.3239135742188,19.39794921875,47.29888916015625,0.3703276813030243,-1,-1,-1
600,2,4872.02734375,812.7515869140625,55.533203125,101.52789306640625,0.7559393644332886,-1,-1,-1
600,399,3661.323486328125,651.2196044921875,30.694580078125,59.3031005859375,0.41891512274742126,-1,-1,-1
600,1,4152.29248046875,694.3054809570312,32.64599609375,129.0894775390625,0.4685998260974884,-1,-1,-1
600,378,4276.6708984375,645.9498901367188,25.65673828125,61.94281005859375,0.4050920009613037,-1,-1,-1
600,671,3421.7509765625,650.908447265625,25.887939453125,67.7781982421875,0.687969446182251,-1,-1,-1
600,639,4640.857421875,589.7525634765625,26.783203125,43.853515625,0.48879358172416687,-1,-1,-1
600,345,3752.19921875,608.1124877929688,26.965087890625,47.9779052734375,0.45821478962898254,-1,-1,-1
600,660,3875.539306640625,597.7152099609375,22.52783203125,53.4981689453125,0.6527591347694397,-1,-1,-1
600,586,3321.520751953125,577.5206909179688,21.94921875,42.74737548828125,0.31335175037384033,-1,-1,-1
600,477,4183.5556640625,651.7215576171875,31.4423828125,56.30517578125,0.36429107189178467,-1,-1,-1
600,672,3926.25146484375,619.9249877929688,19.85888671875,48.1181640625,0.30729761719703674,-1,-1,-1
601,2,4867.99267578125,812.9258422851562,56.5771484375,101.69879150390625,0.7396662831306458,-1,-1,-1
601,399,3656.003662109375,649.8955078125,34.806884765625,57.967041015625,0.3741549253463745,-1,-1,-1
601,1,4147.69482421875,695.65673828125,30.3330078125,125.6256103515625,0.4829787015914917,-1,-1,-1
601,671,3418.19482421875,651.906005859375,23.6552734375,63.99786376953125,0.6544029116630554,-1,-1,-1
601,639,4638.43408203125,591.8469848632812,24.630859375,41.266357421875,0.4921138286590576,-1,-1,-1
601,345,3748.336181640625,606.8966674804688,23.50927734375,48.84027099609375,0.6179403066635132,-1,-1,-1
601,660,3873.618896484375,596.55224609375,21.413330078125,52.4117431640625,0.6452776193618774,-1,-1,-1
601,586,3320.2802734375,578.24609375,20.434814453125,38.36444091796875,0.3018023669719696,-1,-1,-1
601,477,4180.45849609375,651.0218505859375,26.8369140625,55.58642578125,0.34593674540519714,-1,-1,-1
601,672,3922.66357421875,619.0932006835938,21.329833984375,48.97174072265625,0.3097974359989166,-1,-1,-1
602,2,4861.380859375,812.7962036132812,60.765625,101.9605712890625,0.7466579079627991,-1,-1,-1
602,399,3652.1826171875,650.152587890625,34.83447265625,57.12420654296875,0.4729769825935364,-1,-1,-1
602,1,4141.458984375,695.3493041992188,30.9619140625,126.422607421875,0.6889788508415222,-1,-1,-1
602,671,3415.44873046875,651.806884765625,24.059326171875,64.13470458984375,0.7250240445137024,-1,-1,-1
602,639,4635.857421875,595.2169189453125,22.119140625,37.0335693359375,0.4269915521144867,-1,-1,-1
602,345,3743.01708984375,605.8096313476562,25.03271484375,49.5147705078125,0.5739762187004089,-1,-1,-1
602,660,3871.086669921875,596.1185302734375,20.20947265625,55.0697021484375,0.6824450492858887,-1,-1,-1
602,586,3318.10498046875,578.64306640625,20.66552734375,39.36492919921875,0.3291521370410919,-1,-1,-1
602,477,4175.673828125,650.953857421875,27.125,54.80889892578125,0.5822280049324036,-1,-1,-1
602,672,3917.255859375,617.5755615234375,24.154296875,47.58782958984375,0.4536944031715393,-1,-1,-1
602,378,4263.904296875,641.70654296875,30.4990234375,64.080322265625,0.4255148768424988,-1,-1,-1
603,2,4855.4970703125,812.1690063476562,64.001953125,102.37322998046875,0.7881228923797607,-1,-1,-1
603,399,3648.373291015625,652.453857421875,33.57861328125,52.11004638671875,0.2656276822090149,-1,-1,-1
603,1,4134.74951171875,699.7540893554688,36.66552734375,121.1121826171875,0.7141332626342773,-1,-1,-1
603,671,3412.4248046875,651.2459716796875,25.225341796875,64.09295654296875,0.7274640798568726,-1,-1,-1
603,639,4633.06982421875,596.43017578125,21.10302734375,36.4508056640625,0.4068014621734619,-1,-1,-1
603,345,3739.19482421875,606.619873046875,22.6298828125,47.3624267578125,0.550521731376648,-1,-1,-1
603,660,3866.93359375,593.585693359375,22.314697265625,58.8663330078125,0.56800377368927,-1,-1,-1
603,586,3315.29150390625,576.9339599609375,20.23828125,42.0042724609375,0.4470917880535126,-1,-1,-1
603,477,4171.7421875,651.4000244140625,27.17578125,54.85186767578125,0.5512120723724365,-1,-1,-1
603,672,3912.1689453125,616.4890747070312,26.297607421875,47.4256591796875,0.4764440953731537,-1,-1,-1
603,378,4257.74658203125,641.070068359375,32.5654296875,61.313720703125,0.5778371691703796,-1,-1,-1
603,735,3683.837890625,530.5798950195312,26.22900390625,42.75152587890625,0.414478063583374,-1,-1,-1
604,2,4852.29296875,812.324462890625,64.22509765625,102.4407958984375,0.808930516242981,-1,-1,-1
604,399,3643.7431640625,649.7949829101562,31.51708984375,55.03717041015625,0.41888752579689026,-1,-1,-1
604,1,4129.205078125,701.0618896484375,40.73193359375,117.911376953125,0.6901959180831909,-1,-1,-1
604,671,3409.512939453125,651.4028930664062,24.01953125,63.87054443359375,0.7248963713645935,-1,-1,-1
604,639,4628.70654296875,593.9371948242188,21.34912109375,38.65765380859375,0.44400933384895325,-1,-1,-1
604,345,3734.97412109375,607.038818359375,22.589111328125,47.1436767578125,0.5400469303131104,-1,-1,-1
604,660,3864.392578125,592.6764526367188,24.18603515625,53.94427490234375,0.42106252908706665,-1,-1,-1
604,586,3312.12255859375,575.376220703125,21.909423828125,43.8675537109375,0.4741509258747101,-1,-1,-1
604,477,4166.49609375,652.1295166015625,25.29150390625,55.596923828125,0.5887354612350464,-1,-1,-1
604,672,3908.53466796875,616.1705322265625,23.7216796875,48.43438720703125,0.4859393537044525,-1,-1,-1
604,378,4253.89111328125,640.6573486328125,34.5009765625,59.8734130859375,0.5141249299049377,-1,-1,-1
604,735,3681.3505859375,532.3206176757812,28.3876953125,40.8226318359375,0.3790963888168335,-1,-1,-1
605,2,4850.1142578125,812.5245361328125,62.62841796875,102.68804931640625,0.8009801506996155,-1,-1,-1
605,399,3640.20068359375,648.631591796875,28.355712890625,56.60284423828125,0.45406147837638855,-1,-1,-1
605,1,4123.1455078125,697.3731079101562,45.1123046875,118.48883056640625,0.7366753816604614,-1,-1,-1
605,671,3405.038818359375,651.5028686523438,26.0,64.10888671875,0.6716037392616272,-1,-1,-1
605,639,4623.72509765625,593.7757568359375,23.552734375,37.8880615234375,0.42820149660110474,-1,-1,-1
605,345,3732.640869140625,608.345947265625,21.2666015625,45.817138671875,0.5374976992607117,-1,-1,-1
605,660,3860.720947265625,591.3767700195312,24.754150390625,57.34234619140625,0.4324887990951538,-1,-1,-1
605,586,3309.574462890625,574.3082275390625,21.81201171875,45.78558349609375,0.547966718673706,-1,-1,-1
605,477,4162.35498046875,651.3216552734375,24.9990234375,57.905517578125,0.5525863766670227,-1,-1,-1
605,672,3906.158935546875,616.7261962890625,21.679443359375,47.4625244140625,0.5201494097709656,-1,-1,-1
605,378,4248.52587890625,639.0836791992188,35.03564453125,59.46832275390625,0.45986923575401306,-1,-1,-1
605,735,3678.302978515625,533.0512084960938,30.776123046875,38.73419189453125,0.34639617800712585,-1,-1,-1
606,2,4847.23095703125,812.446533203125,62.5390625,102.56793212890625,0.7888779640197754,-1,-1,-1
606,399,3637.848876953125,647.7064208984375,24.43408203125,53.4384765625,0.4593045711517334,-1,-1,-1
606,1,4117.2119140625,690.9138793945312,49.634765625,123.1136474609375,0.6071180105209351,-1,-1,-1
606,671,3401.86865234375,651.4071044921875,27.025390625,62.73968505859375,0.5356887578964233,-1,-1,-1
606,639,4620.0576171875,596.1843872070312,26.54345703125,36.02008056640625,0.3346497416496277,-1,-1,-1
606,345,3728.214599609375,607.6077270507812,23.696533203125,46.6187744140625,0.34917744994163513,-1,-1,-1
606,660,3857.163330078125,591.0372924804688,25.869384765625,58.9849853515625,0.42530134320259094,-1,-1,-1
606,586,3307.4736328125,573.8482666015625,22.18603515625,45.85308837890625,0.5076525211334229,-1,-1,-1
606,477,4155.037109375,646.8255004882812,28.0712890625,61.24725341796875,0.29633140563964844,-1,-1,-1
606,672,3903.607421875,617.6539916992188,20.392578125,46.4791259765625,0.4811599552631378,-1,-1,-1
606,378,4246.63818359375,638.8699951171875,30.58935546875,57.80950927734375,0.4077642261981964,-1,-1,-1
606,768,3445.908935546875,606.6255493164062,28.677978515625,44.43096923828125,0.5198929905891418,-1,-1,-1
606,769,3395.508056640625,519.5791625976562,16.30322265625,28.65020751953125,0.43290746212005615,-1,-1,-1
607,2,4844.8359375,812.795654296875,61.08837890625,102.04278564453125,0.7640063762664795,-1,-1,-1
607,399,3632.042236328125,645.862060546875,28.863525390625,53.8033447265625,0.42631644010543823,-1,-1,-1
607,1,4110.71728515625,687.9796142578125,56.00048828125,125.299072265625,0.6343327760696411,-1,-1,-1
607,671,3398.0673828125,650.0121459960938,25.479248046875,60.87841796875,0.480367511510849,-1,-1,-1
607,639,4614.9912109375,590.4461669921875,28.46630859375,41.7308349609375,0.34188970923423767,-1,-1,-1
607,345,3723.004150390625,606.4865112304688,23.927734375,48.19964599609375,0.35992124676704407,-1,-1,-1
607,660,3855.42724609375,593.1600952148438,25.095458984375,53.58612060546875,0.5940650105476379,-1,-1,-1
607,586,3306.382568359375,572.80126953125,21.5986328125,50.08636474609375,0.5598856210708618,-1,-1,-1
607,477,4151.41845703125,645.2166137695312,28.486328125,61.94683837890625,0.3431859314441681,-1,-1,-1
607,672,3900.339599609375,618.9533081054688,19.798583984375,46.15777587890625,0.3341534733772278,-1,-1,-1
607,378,4243.66552734375,636.74609375,27.033203125,60.760986328125,0.4336642920970917,-1,-1,-1
607,768,3443.043212890625,605.786865234375,27.205322265625,43.79608154296875,0.40337541699409485,-1,-1,-1
607,769,3394.234619140625,521.5291748046875,16.9091796875,25.56072998046875,0.4085265100002289,-1,-1,-1
608,2,4842.4912109375,813.171142578125,59.12255859375,101.31854248046875,0.7718172669410706,-1,-1,-1
608,399,3626.4931640625,644.6900024414062,31.81298828125,54.87054443359375,0.4194554090499878,-1,-1,-1
608,1,4108.52783203125,677.60546875,57.8515625,133.8577880859375,0.5710629820823669,-1,-1,-1
608,671,3396.174072265625,650.170654296875,24.447998046875,60.55072021484375,0.6461466550827026,-1,-1,-1
608,639,4611.462890625,588.5565185546875,28.8759765625,42.03729248046875,0.44726118445396423,-1,-1,-1
608,345,3720.580322265625,604.60888671875,19.2255859375,48.786865234375,0.5847514271736145,-1,-1,-1
608,660,3855.16650390625,593.9945068359375,21.635498046875,50.68017578125,0.6056153178215027,-1,-1,-1
608,586,3305.580322265625,572.8713989257812,20.921875,48.71514892578125,0.5240238308906555,-1,-1,-1
608,672,3896.380859375,619.8565673828125,20.3662109375,46.4927978515625,0.2548893094062805,-1,-1,-1
608,378,4239.3876953125,635.493408203125,26.3193359375,63.41864013671875,0.4903988540172577,-1,-1,-1
608,768,3439.218017578125,604.5327758789062,24.68359375,47.12176513671875,0.33266639709472656,-1,-1,-1
608,769,3393.52197265625,520.6047973632812,16.400390625,25.72625732421875,0.38609886169433594,-1,-1,-1
608,775,3479.056396484375,556.7941284179688,27.682861328125,38.95220947265625,0.3693690598011017,-1,-1,-1
609,2,4840.55810546875,812.8931274414062,57.18994140625,101.58123779296875,0.780146062374115,-1,-1,-1
609,399,3620.234375,643.5150756835938,35.355224609375,53.23309326171875,0.3494992256164551,-1,-1,-1
609,1,4106.9619140625,682.3458862304688,49.13623046875,126.78936767578125,0.5856540203094482,-1,-1,-1
609,671,3392.18798828125,651.2794189453125,27.66748046875,59.66668701171875,0.651541531085968,-1,-1,-1
609,639,4607.28955078125,590.8282470703125,28.7529296875,38.40264892578125,0.38579657673835754,-1,-1,-1
609,345,3715.255615234375,602.2431030273438,22.54296875,50.80108642578125,0.5791022181510925,-1,-1,-1
609,660,3853.64404296875,591.6505737304688,19.63916015625,51.46533203125,0.6072371006011963,-1,-1,-1
609,586,3304.5703125,572.6112670898438,20.568603515625,48.16107177734375,0.4789550304412842,-1,-1,-1
609,378,4236.65625,636.9052734375,22.380859375,61.7447509765625,0.47980988025665283,-1,-1,-1
609,768,3434.40478515625,603.2915649414062,23.561767578125,50.4420166015625,0.2985538840293884,-1,-1,-1
609,769,3391.9345703125,521.746337890625,17.8759765625,25.03948974609375,0.3098558783531189,-1,-1,-1
609,775,3479.53125,553.8706665039062,26.693603515625,43.07025146484375,0.38417601585388184,-1,-1,-1
609,477,4142.7607421875,645.604248046875,31.5849609375,55.69598388671875,0.29682302474975586,-1,-1,-1
610,2,4838.1015625,812.8670043945312,54.83984375,101.4771728515625,0.7828269004821777,-1,-1,-1
610,1,4104.3662109375,685.6431274414062,46.1728515625,120.2767333984375,0.45971882343292236,-1,-1,-1
610,671,3388.503662109375,650.5170288085938,30.859619140625,60.9544677734375,0.6679239273071289,-1,-1,-1
610,639,4604.17236328125,591.56201171875,27.0,35.67205810546875,0.3650504946708679,-1,-1,-1
610,345,3709.924072265625,600.701171875,24.23828125,53.02423095703125,0.5945835709571838,-1,-1,-1
610,660,3850.784423828125,592.2976684570312,21.259521484375,49.8687744140625,0.6511436700820923,-1,-1,-1
610,586,3303.958740234375,571.7169189453125,19.352294921875,49.507568359375,0.5567978024482727,-1,-1,-1
610,378,4230.49560546875,637.5433349609375,22.58935546875,58.84637451171875,0.49051326513290405,-1,-1,-1
610,768,3428.70703125,602.879150390625,28.532958984375,52.31719970703125,0.33730989694595337,-1,-1,-1
610,769,3390.135498046875,521.3565063476562,18.921875,26.257080078125,0.3613360524177551,-1,-1,-1
610,775,3475.103759765625,552.1630859375,26.449462890625,44.8382568359375,0.41147688031196594,-1,-1,-1
610,776,3663.804443359375,535.4353637695312,23.98388671875,41.635986328125,0.36878445744514465,-1,-1,-1
610,477,4138.603515625,643.4884033203125,31.94970703125,55.1728515625,0.3409152328968048,-1,-1,-1
611,2,4835.7041015625,813.2960205078125,51.81884765625,100.98468017578125,0.7659734487533569,-1,-1,-1
611,671,3384.42919921875,650.9474487304688,32.8544921875,58.57611083984375,0.5326793789863586,-1,-1,-1
611,345,3706.990966796875,600.4605102539062,22.02587890625,51.93231201171875,0.5485957860946655,-1,-1,-1
611,660,3849.944580078125,590.221923828125,20.020263671875,52.6861572265625,0.6726813316345215,-1,-1,-1
611,586,3303.18310546875,571.4188842773438,18.88671875,49.81671142578125,0.5342680215835571,-1,-1,-1
611,378,4226.01171875,637.7318115234375,24.05615234375,56.96490478515625,0.4906587302684784,-1,-1,-1
611,768,3424.981201171875,609.1527099609375,26.39599609375,42.5782470703125,0.3514557182788849,-1,-1,-1
611,769,3386.802734375,521.9495849609375,20.499267578125,27.52423095703125,0.2872735261917114,-1,-1,-1
611,775,3473.62255859375,551.432861328125,26.9384765625,43.70361328125,0.4853273630142212,-1,-1,-1
611,776,3660.724853515625,534.9618530273438,25.994384765625,42.12664794921875,0.37513357400894165,-1,-1,-1
611,477,4134.57470703125,644.8566284179688,31.56494140625,52.07843017578125,0.25937506556510925,-1,-1,-1
611,672,3884.7392578125,616.6665649414062,22.962646484375,50.38153076171875,0.3652399778366089,-1,-1,-1
611,399,3612.474853515625,642.4357299804688,27.528076171875,49.02569580078125,0.37094131112098694,-1,-1,-1
612,2,4832.85693359375,813.1142578125,51.5087890625,99.9534912109375,0.7908304929733276,-1,-1,-1
612,671,3378.5556640625,651.5863647460938,36.699462890625,56.48309326171875,0.43025678396224976,-1,-1,-1
612,345,3702.535400390625,602.868408203125,22.88916015625,46.71514892578125,0.39301902055740356,-1,-1,-1
612,660,3847.40380859375,588.2669067382812,20.947998046875,52.92828369140625,0.5972176194190979,-1,-1,-1
612,586,3302.6455078125,570.4057006835938,18.618896484375,49.63018798828125,0.49736759066581726,-1,-1,-1
612,378,4218.2763671875,637.2957153320312,31.3115234375,57.49560546875,0.4737628102302551,-1,-1,-1
612,768,3420.94921875,606.8473510742188,26.44775390625,41.67138671875,0.38817083835601807,-1,-1,-1
612,769,3385.1015625,522.8355102539062,19.808837890625,27.67608642578125,0.31346267461776733,-1,-1,-1
612,775,3473.160400390625,551.0872802734375,28.493896484375,43.48406982421875,0.5180590748786926,-1,-1,-1
612,776,3659.296630859375,536.58349609375,24.9248046875,40.3900146484375,0.4312710762023926,-1,-1,-1
612,672,3881.861328125,618.7221069335938,22.118408203125,46.55975341796875,0.5674712061882019,-1,-1,-1
612,399,3607.961181640625,640.7520141601562,25.109619140625,51.29443359375,0.4030597507953644,-1,-1,-1
612,1,4095.885009765625,716.033935546875,36.198486328125,91.0394287109375,0.500784158706665,-1,-1,-1
613,2,4830.61083984375,813.1956787109375,50.12353515625,98.60015869140625,0.7858321666717529,-1,-1,-1
613,671,3373.9130859375,650.21826171875,35.6552734375,59.04351806640625,0.4779096245765686,-1,-1,-1
613,345,3699.39306640625,603.1790161132812,22.566162109375,45.9683837890625,0.46776363253593445,-1,-1,-1
613,660,3845.25146484375,586.7449951171875,22.323486328125,53.427490234375,0.5335662364959717,-1,-1,-1
613,586,3302.227294921875,570.0897216796875,19.211181640625,46.83709716796875,0.3974493145942688,-1,-1,-1
613,378,4212.64697265625,634.8057250976562,32.97509765625,59.50299072265625,0.4409092962741852,-1,-1,-1
613,768,3415.199951171875,605.8633422851562,27.2548828125,40.88128662109375,0.36063364148139954,-1,-1,-1
613,769,3383.4111328125,523.5014038085938,20.314208984375,29.59173583984375,0.3564245402812958,-1,-1,-1
613,775,3473.77587890625,544.064697265625,28.2744140625,51.309326171875,0.637646496295929,-1,-1,-1
613,776,3656.37646484375,537.1658935546875,25.059326171875,39.6212158203125,0.3135339021682739,-1,-1,-1
613,672,3876.116943359375,619.3699951171875,25.269775390625,44.8607177734375,0.5514014363288879,-1,-1,-1
613,399,3602.14453125,638.764892578125,25.08837890625,51.79437255859375,0.4060783088207245,-1,-1,-1
613,1,4092.166015625,721.690673828125,35.296875,82.9112548828125,0.4953491985797882,-1,-1,-1
613,477,4125.64599609375,641.51220703125,29.17041015625,54.47711181640625,0.3438049256801605,-1,-1,-1
614,2,4825.53076171875,814.0811157226562,51.96875,97.19268798828125,0.8164114952087402,-1,-1,-1
614,671,3369.777099609375,650.4594116210938,34.24951171875,58.72991943359375,0.48731210827827454,-1,-1,-1
614,345,3694.802734375,601.8765869140625,22.260986328125,49.4769287109375,0.5514249801635742,-1,-1,-1
614,660,3843.81884765625,584.3163452148438,21.535888671875,51.99169921875,0.5611766576766968,-1,-1,-1
614,586,3301.85888671875,571.7671508789062,20.499267578125,42.5885009765625,0.4920482635498047,-1,-1,-1
614,378,4205.896484375,632.1356811523438,38.6318359375,60.3848876953125,0.397485613822937,-1,-1,-1
614,768,3407.48046875,604.8577270507812,30.72119140625,42.1558837890625,0.3216872811317444,-1,-1,-1
614,769,3381.18115234375,522.6356811523438,21.673583984375,30.11907958984375,0.2993059456348419,-1,-1,-1
614,775,3474.05517578125,541.0149536132812,28.060791015625,54.368896484375,0.6679190397262573,-1,-1,-1
614,776,3654.111572265625,536.8140869140625,25.13818359375,40.63067626953125,0.30136606097221375,-1,-1,-1
614,672,3872.038818359375,619.387939453125,27.09326171875,43.54571533203125,0.4648239016532898,-1,-1,-1
614,1,4086.74609375,714.270751953125,36.861328125,89.30535888671875,0.5911341905593872,-1,-1,-1
614,477,4120.91162109375,640.9249267578125,29.86572265625,54.0008544921875,0.25264182686805725,-1,-1,-1
614,639,4588.0908203125,576.9607543945312,22.13134765625,44.93280029296875,0.527466893196106,-1,-1,-1
615,2,4816.68701171875,813.4828491210938,57.67822265625,97.0626220703125,0.8239207863807678,-1,-1,-1
615,671,3368.160888671875,649.93505859375,29.3798828125,58.4775390625,0.5461364388465881,-1,-1,-1
615,345,3692.257080078125,604.97021484375,19.2275390625,47.9716796875,0.6466513276100159,-1,-1,-1
615,660,3842.112548828125,583.5737915039062,22.228271484375,53.08673095703125,0.5640556812286377,-1,-1,-1
615,586,3299.588623046875,572.3076171875,21.579345703125,39.6351318359375,0.4439336359500885,-1,-1,-1
615,378,4202.55810546875,629.986328125,34.80126953125,58.6331787109375,0.46227890253067017,-1,-1,-1
615,775,3473.742919921875,538.4967041015625,27.043212890625,56.0596923828125,0.6595789194107056,-1,-1,-1
615,776,3652.548828125,537.7481079101562,24.03857421875,40.91033935546875,0.2929888665676117,-1,-1,-1
615,672,3866.787841796875,617.78125,29.72412109375,46.47900390625,0.3740249574184418,-1,-1,-1
615,1,4081.155517578125,702.5714721679688,41.650146484375,102.3388671875,0.5972970128059387,-1,-1,-1
615,477,4115.609375,639.8255615234375,32.33740234375,57.22357177734375,0.29287952184677124,-1,-1,-1
615,639,4585.6240234375,576.1422729492188,20.451171875,46.169677734375,0.5377678275108337,-1,-1,-1
615,399,3590.947265625,635.75830078125,29.9873046875,55.39605712890625,0.35554420948028564,-1,-1,-1
616,2,4811.759765625,814.3976440429688,60.365234375,95.5406494140625,0.826090931892395,-1,-1,-1
616,671,3365.865966796875,650.6126098632812,27.93798828125,57.44293212890625,0.58540278673172,-1,-1,-1
616,345,3688.667724609375,603.715087890625,20.003173828125,50.96697998046875,0.6348868012428284,-1,-1,-1
616,660,3839.024658203125,582.9020385742188,24.79443359375,52.49212646484375,0.49924564361572266,-1,-1,-1
616,586,3297.486572265625,572.6351928710938,24.072021484375,37.21697998046875,0.3499113917350769,-1,-1,-1
616,378,4200.44287109375,629.4063110351562,29.77587890625,54.9366455078125,0.48368585109710693,-1,-1,-1
616,775,3474.1767578125,538.862060546875,24.3740234375,55.08404541015625,0.6150006651878357,-1,-1,-1
616,776,3650.272216796875,538.5902709960938,24.3154296875,41.037841796875,0.2961384356021881,-1,-1,-1
616,672,3864.365478515625,619.0175170898438,27.919921875,44.1827392578125,0.29533451795578003,-1,-1,-1
616,1,4074.536865234375,692.6551513671875,48.929443359375,112.99090576171875,0.6689551472663879,-1,-1,-1
616,477,4113.3974609375,638.1491088867188,28.70654296875,57.4625244140625,0.2891545593738556,-1,-1,-1
616,639,4582.0810546875,575.613037109375,21.4326171875,47.26123046875,0.5782356262207031,-1,-1,-1
616,399,3586.041015625,635.55810546875,32.687744140625,57.42364501953125,0.3834354281425476,-1,-1,-1
617,2,4806.11083984375,815.4432983398438,64.166015625,94.21435546875,0.8020213842391968,-1,-1,-1
617,671,3362.449951171875,650.3504638671875,28.64892578125,57.5047607421875,0.5936087965965271,-1,-1,-1
617,345,3685.146484375,603.8798828125,18.729736328125,51.6109619140625,0.6303368806838989,-1,-1,-1
617,660,3835.9833984375,582.9221801757812,27.3623046875,47.9013671875,0.43488210439682007,-1,-1,-1
617,586,3295.169677734375,573.0911254882812,24.968994140625,38.1348876953125,0.3338317573070526,-1,-1,-1
617,378,4198.203125,629.8177490234375,23.7783203125,53.68634033203125,0.4282672703266144,-1,-1,-1
617,775,3473.035400390625,540.3955688476562,23.595458984375,54.07330322265625,0.6366021037101746,-1,-1,-1
617,1,4067.8173828125,688.7525024414062,52.96630859375,116.02685546875,0.668461799621582,-1,-1,-1
617,477,4111.14208984375,638.118408203125,27.27099609375,56.1669921875,0.2871747314929962,-1,-1,-1
617,639,4577.83984375,576.3338012695312,24.330078125,47.00311279296875,0.5137190818786621,-1,-1,-1
617,399,3581.515869140625,635.9788818359375,30.522705078125,52.52435302734375,0.41559866070747375,-1,-1,-1
618,2,4801.24365234375,814.5951538085938,68.0126953125,94.6488037109375,0.7857886552810669,-1,-1,-1
618,671,3357.975830078125,649.1038818359375,28.496826171875,59.3741455078125,0.6105684041976929,-1,-1,-1
618,345,3681.0166015625,602.170654296875,18.8740234375,51.95159912109375,0.6305772066116333,-1,-1,-1
618,660,3834.160888671875,583.3038940429688,30.44384765625,59.86431884765625,0.48369643092155457,-1,-1,-1
618,586,3293.98046875,573.6232299804688,26.032470703125,40.47314453125,0.3136194944381714,-1,-1,-1
618,378,4191.94482421875,631.212646484375,26.0322265625,53.6485595703125,0.3597191274166107,-1,-1,-1
618,775,3473.05126953125,539.2783813476562,23.125244140625,54.83416748046875,0.6367645859718323,-1,-1,-1
618,1,4064.56982421875,686.7777709960938,52.9775390625,117.07550048828125,0.6202552318572998,-1,-1,-1
618,639,4574.4658203125,577.6575317382812,24.26416015625,44.95123291015625,0.499729186296463,-1,-1,-1
618,399,3577.4853515625,635.5277099609375,30.739013671875,51.32171630859375,0.536865234375,-1,-1,-1
619,2,4799.490234375,813.6430053710938,68.2109375,95.372802734375,0.7766107320785522,-1,-1,-1
619,671,3354.68310546875,648.2442626953125,25.579833984375,58.64508056640625,0.6073551177978516,-1,-1,-1
619,345,3677.22265625,599.911376953125,21.09765625,53.23809814453125,0.574420154094696,-1,-1,-1
619,660,3832.829833984375,583.0394897460938,35.716064453125,71.03033447265625,0.5516493320465088,-1,-1,-1
619,378,4187.4375,630.1170654296875,24.076171875,55.49237060546875,0.418655127286911,-1,-1,-1
619,775,3471.883056640625,538.8429565429688,23.339111328125,54.4918212890625,0.6423919200897217,-1,-1,-1
619,1,4063.642578125,687.5968017578125,50.40966796875,115.16888427734375,0.521350622177124,-1,-1,-1
619,639,4569.8193359375,575.9109497070312,25.072265625,46.6981201171875,0.39537787437438965,-1,-1,-1
619,768,3389.46240234375,598.0771484375,22.87890625,46.90545654296875,0.4563260078430176,-1,-1,-1
620,2,4797.482421875,813.5171508789062,69.107421875,95.85498046875,0.752825140953064,-1,-1,-1
620,671,3349.700927734375,647.225341796875,26.8017578125,60.67413330078125,0.5573025941848755,-1,-1,-1
620,660,3831.711669921875,584.2518920898438,39.139892578125,76.57183837890625,0.5124184489250183,-1,-1,-1
620,378,4181.876953125,627.4069213867188,23.7265625,57.042236328125,0.5349793434143066,-1,-1,-1
620,775,3471.041015625,539.40625,23.5146484375,53.4388427734375,0.6386428475379944,-1,-1,-1
620,1,4061.071533203125,693.0382690429688,45.520263671875,108.94024658203125,0.5709888339042664,-1,-1,-1
620,768,3384.8681640625,597.7691040039062,26.010498046875,47.51123046875,0.3900793790817261,-1,-1,-1
620,477,4099.1435546875,635.2056274414062,25.88427734375,60.08343505859375,0.3925337493419647,-1,-1,-1
620,586,3289.311279296875,573.462646484375,25.670654296875,42.98779296875,0.29636865854263306,-1,-1,-1
621,2,4796.1640625,813.1719360351562,68.0224609375,96.09246826171875,0.7172881960868835,-1,-1,-1
621,671,3345.6455078125,645.2682495117188,28.75634765625,64.685302734375,0.45566126704216003,-1,-1,-1
621,660,3832.47119140625,585.302490234375,38.967041015625,79.1844482421875,0.47740939259529114,-1,-1,-1
621,378,4178.39990234375,625.5928955078125,22.04638671875,58.308349609375,0.5710208415985107,-1,-1,-1
621,775,3469.9375,540.67236328125,24.025390625,52.4989013671875,0.5854445099830627,-1,-1,-1
621,1,4058.2626953125,704.0587158203125,38.8681640625,97.54730224609375,0.6310268044471741,-1,-1,-1
621,768,3379.914306640625,597.08056640625,26.116943359375,46.3111572265625,0.3027835190296173,-1,-1,-1
621,477,4095.38671875,634.36181640625,26.494140625,57.54144287109375,0.37775686383247375,-1,-1,-1
621,586,3288.4287109375,572.1427612304688,24.44140625,46.19830322265625,0.3966606557369232,-1,-1,-1
621,776,3640.060302734375,542.1482543945312,19.530517578125,38.34295654296875,0.41427528858184814,-1,-1,-1
621,399,3563.36083984375,635.3546752929688,28.330078125,50.7943115234375,0.3163253366947174,-1,-1,-1
621,345,3668.39794921875,597.9000244140625,24.49267578125,51.1942138671875,0.46431538462638855,-1,-1,-1
622,2,4793.96826171875,812.9916381835938,65.61279296875,96.72149658203125,0.7457236051559448,-1,-1,-1
622,671,3342.751220703125,644.2481689453125,27.905029296875,65.62066650390625,0.4256664216518402,-1,-1,-1
622,660,3832.864013671875,584.9730834960938,36.4287109375,79.76580810546875,0.45700713992118835,-1,-1,-1
622,378,4173.0283203125,623.9365844726562,25.04541015625,58.5867919921875,0.5863065719604492,-1,-1,-1
622,775,3469.353759765625,541.6066284179688,24.032958984375,52.54888916015625,0.6098191738128662,-1,-1,-1
622,1,4053.8125,707.9276733398438,39.177490234375,91.076171875,0.5512784123420715,-1,-1,-1
622,768,3376.206787109375,598.0708618164062,25.733642578125,43.976318359375,0.27331966161727905,-1,-1,-1
622,477,4092.140869140625,634.8020629882812,25.985595703125,54.98046875,0.38361313939094543,-1,-1,-1
622,586,3287.7099609375,573.4282836914062,24.03076171875,46.10650634765625,0.4353390336036682,-1,-1,-1
622,790,3829.498046875,582.5830078125,22.8369140625,75.6256103515625,0.4433160126209259,-1,-1,-1
622,776,3639.363037109375,544.4749145507812,16.66455078125,35.0052490234375,0.40144404768943787,-1,-1,-1
622,399,3558.853271484375,636.5510864257812,26.4365234375,48.8853759765625,0.36829042434692383,-1,-1,-1
622,345,3665.260009765625,598.1546020507812,22.862060546875,48.8544921875,0.5780226588249207,-1,-1,-1
623,2,4791.36328125,813.169189453125,61.35791015625,96.71502685546875,0.7527642846107483,-1,-1,-1
623,671,3340.6494140625,643.6241455078125,26.42529296875,66.0321044921875,0.6437239050865173,-1,-1,-1
623,378,4168.43896484375,623.7739868164062,28.61328125,57.89794921875,0.5833053588867188,-1,-1,-1
623,775,3468.052734375,541.434814453125,24.70703125,53.07275390625,0.5580512285232544,-1,-1,-1
623,1,4048.322021484375,694.796630859375,44.237548828125,103.3922119140625,0.5963205099105835,-1,-1,-1
623,477,4087.921875,636.0293579101562,25.94287109375,52.26922607421875,0.32456231117248535,-1,-1,-1
623,586,3286.998291015625,574.0870361328125,21.97119140625,45.3310546875,0.4863601326942444,-1,-1,-1
623,790,3828.279052734375,583.2510375976562,25.926025390625,76.12786865234375,0.5405260920524597,-1,-1,-1
623,776,3637.650634765625,543.6591796875,16.95458984375,35.30621337890625,0.4293782413005829,-1,-1,-1
623,399,3555.720947265625,637.504638671875,22.869140625,48.79339599609375,0.2771673798561096,-1,-1,-1
623,345,3661.09521484375,598.3424682617188,22.994873046875,47.738037109375,0.5806193351745605,-1,-1,-1
623,639,4556.71923828125,578.1646728515625,21.21728515625,44.73309326171875,0.3351815640926361,-1,-1,-1
624,2,4788.12744140625,813.6582641601562,57.48388671875,95.01568603515625,0.7350535988807678,-1,-1,-1
624,671,3336.34619140625,643.8389892578125,25.828369140625,65.3529052734375,0.7083521485328674,-1,-1,-1
624,378,4162.921875,625.1799926757812,29.27685546875,54.87017822265625,0.45476406812667847,-1,-1,-1
624,775,3467.598876953125,541.8519897460938,25.060546875,52.45123291015625,0.5452487468719482,-1,-1,-1
624,1,4045.027099609375,702.2630615234375,42.151123046875,95.27532958984375,0.580919623374939,-1,-1,-1
624,477,4082.015869140625,637.7106323242188,28.445068359375,50.6160888671875,0.2507348358631134,-1,-1,-1
624,586,3285.159912109375,575.276611328125,22.890869140625,44.8214111328125,0.5020016431808472,-1,-1,-1
624,790,3827.260498046875,581.856689453125,26.064697265625,76.521728515625,0.5806069374084473,-1,-1,-1
624,776,3635.383544921875,544.8583374023438,17.382568359375,33.42791748046875,0.41359058022499084,-1,-1,-1
624,399,3552.030029296875,637.0850830078125,20.3408203125,47.046630859375,0.38649260997772217,-1,-1,-1
624,345,3658.581298828125,597.3276977539062,21.9130859375,49.22918701171875,0.6670442223548889,-1,-1,-1
624,639,4552.96337890625,581.5372924804688,21.23974609375,41.5006103515625,0.4136219620704651,-1,-1,-1
625,2,4782.298828125,813.1324462890625,58.1240234375,95.37286376953125,0.7372135519981384,-1,-1,-1
625,671,3331.8896484375,645.3361206054688,25.84033203125,62.5064697265625,0.6836525797843933,-1,-1,-1
625,378,4158.01025390625,625.5968627929688,29.771484375,52.1826171875,0.3692284822463989,-1,-1,-1
625,775,3466.2763671875,541.7855834960938,25.682373046875,53.47186279296875,0.4682289958000183,-1,-1,-1
625,1,4040.5771484375,697.8258056640625,44.3974609375,98.3951416015625,0.4913322627544403,-1,-1,-1
625,477,4075.637451171875,637.0624389648438,32.386474609375,51.12652587890625,0.26542365550994873,-1,-1,-1
625,586,3282.66552734375,574.4822998046875,23.150146484375,44.6055908203125,0.5389894247055054,-1,-1,-1
625,790,3825.0751953125,578.854736328125,28.01318359375,79.905029296875,0.6511795520782471,-1,-1,-1
625,776,3633.334716796875,545.3709106445312,17.943359375,34.36273193359375,0.41197335720062256,-1,-1,-1
625,399,3547.0869140625,636.1802978515625,20.891357421875,49.254150390625,0.3449712097644806,-1,-1,-1
625,345,3655.77392578125,598.0628662109375,19.919921875,46.6683349609375,0.5171539187431335,-1,-1,-1
625,639,4548.4541015625,582.8027954101562,22.53125,40.84051513671875,0.35240471363067627,-1,-1,-1
626,2,4777.45556640625,812.78564453125,56.8037109375,95.9151611328125,0.7646396160125732,-1,-1,-1
626,671,3329.67529296875,646.8631591796875,23.695068359375,61.76202392578125,0.6672272682189941,-1,-1,-1
626,378,4154.15087890625,622.9334716796875,27.44921875,55.07421875,0.4565259516239166,-1,-1,-1
626,775,3467.154296875,542.3742065429688,24.122314453125,51.0517578125,0.5311692357063293,-1,-1,-1
626,1,4033.798828125,704.7144165039062,45.590087890625,90.58184814453125,0.40281519293785095,-1,-1,-1
626,586,3281.017822265625,575.9615478515625,24.382080078125,41.6915283203125,0.4861758351325989,-1,-1,-1
626,790,3825.302734375,578.5225830078125,27.663330078125,82.17120361328125,0.6679904460906982,-1,-1,-1
626,776,3631.38818359375,545.5818481445312,17.96484375,35.4525146484375,0.40467479825019836,-1,-1,-1
626,345,3651.591552734375,598.2588500976562,20.21044921875,43.14990234375,0.42777761816978455,-1,-1,-1
627,2,4772.2939453125,812.3544311523438,57.88916015625,97.62890625,0.8035933375358582,-1,-1,-1
627,671,3325.96728515625,646.5892333984375,23.55615234375,64.1126708984375,0.6168707013130188,-1,-1,-1
627,378,4150.529296875,622.6637573242188,23.1728515625,55.22271728515625,0.6207097768783569,-1,-1,-1
627,775,3464.885498046875,542.3519287109375,26.508056640625,50.0103759765625,0.3751753866672516,-1,-1,-1
627,1,4028.24560546875,710.05078125,42.662353515625,83.79473876953125,0.48297181725502014,-1,-1,-1
627,586,3280.4150390625,575.9945678710938,24.90087890625,41.05841064453125,0.514633297920227,-1,-1,-1
627,790,3824.875732421875,578.4337768554688,24.621826171875,82.37359619140625,0.6707018613815308,-1,-1,-1
627,776,3630.451904296875,546.4833984375,17.218505859375,34.58648681640625,0.4338863790035248,-1,-1,-1
627,345,3647.232666015625,601.8474731445312,20.123779296875,41.0068359375,0.3301922082901001,-1,-1,-1
627,399,3537.76513671875,631.6157836914062,21.64697265625,51.84454345703125,0.27549922466278076,-1,-1,-1
628,2,4766.71337890625,812.14892578125,60.20361328125,96.33270263671875,0.7689570784568787,-1,-1,-1
628,671,3321.34130859375,644.5797729492188,26.0693359375,64.90966796875,0.5466419458389282,-1,-1,-1
628,378,4147.5146484375,622.1907348632812,21.6376953125,53.63763427734375,0.5102206468582153,-1,-1,-1
628,775,3465.259765625,546.3599243164062,24.97509765625,44.191650390625,0.3358786404132843,-1,-1,-1
628,1,4023.743408203125,706.1664428710938,44.948974609375,87.20855712890625,0.38730937242507935,-1,-1,-1
628,586,3279.6845703125,577.374755859375,24.45361328125,39.74456787109375,0.4800332486629486,-1,-1,-1
628,790,3823.361572265625,578.9716186523438,23.083984375,82.07623291015625,0.6371194124221802,-1,-1,-1
628,776,3629.69384765625,545.184814453125,17.377685546875,33.66827392578125,0.41345149278640747,-1,-1,-1
628,345,3641.56640625,601.5386962890625,22.44775390625,41.5555419921875,0.4081032872200012,-1,-1,-1
628,399,3531.743896484375,631.56884765625,25.13427734375,54.13134765625,0.3005681335926056,-1,-1,-1
628,477,4066.9248046875,629.366943359375,23.833251953125,57.29736328125,0.3649938404560089,-1,-1,-1
628,639,4534.69140625,578.0761108398438,25.19091796875,40.73809814453125,0.3027690052986145,-1,-1,-1
629,2,4763.34814453125,811.3837280273438,60.2333984375,95.78375244140625,0.7598022818565369,-1,-1,-1
629,671,3318.90869140625,642.4356689453125,26.001708984375,68.05621337890625,0.5104033350944519,-1,-1,-1
629,378,4143.251953125,621.7074584960938,21.822265625,56.470703125,0.4547620415687561,-1,-1,-1
629,775,3464.63330078125,548.1204833984375,23.6826171875,41.67230224609375,0.30437585711479187,-1,-1,-1
629,1,4022.4833984375,699.2701416015625,43.637939453125,93.35577392578125,0.4524170756340027,-1,-1,-1
629,586,3278.39013671875,577.6781616210938,23.1240234375,38.5284423828125,0.5065221786499023,-1,-1,-1
629,790,3822.765380859375,580.532958984375,22.0966796875,79.5733642578125,0.631640613079071,-1,-1,-1
629,776,3628.548583984375,546.3209228515625,18.15380859375,35.17376708984375,0.43215689063072205,-1,-1,-1
629,345,3637.3818359375,602.6009521484375,24.425537109375,42.27838134765625,0.40746432542800903,-1,-1,-1
629,477,4064.63623046875,627.4573364257812,23.916015625,58.7908935546875,0.44178247451782227,-1,-1,-1
629,639,4532.06201171875,577.8026733398438,23.39892578125,39.19818115234375,0.4271872639656067,-1,-1,-1
630,2,4762.017578125,808.9459838867188,57.7685546875,99.85760498046875,0.6991815567016602,-1,-1,-1
630,671,3314.3349609375,642.7069091796875,27.689453125,66.96966552734375,0.5419229865074158,-1,-1,-1
630,378,4138.94580078125,619.6435546875,22.0859375,60.19989013671875,0.3284737765789032,-1,-1,-1
630,775,3465.08349609375,547.6649169921875,23.28857421875,44.8192138671875,0.41301384568214417,-1,-1,-1
630,1,4020.444091796875,689.3406372070312,46.100830078125,100.99261474609375,0.5755570530891418,-1,-1,-1
630,586,3277.473388671875,577.5858154296875,21.169921875,39.29754638671875,0.5198708176612854,-1,-1,-1
630,790,3820.1328125,579.2252807617188,23.622802734375,80.73382568359375,0.6362267732620239,-1,-1,-1
630,776,3627.957763671875,545.7037963867188,18.482177734375,36.92156982421875,0.42506489157676697,-1,-1,-1
630,345,3634.959228515625,603.1279907226562,22.530517578125,40.665283203125,0.3590676784515381,-1,-1,-1
630,477,4061.85546875,627.6871948242188,24.486328125,58.44000244140625,0.3698234558105469,-1,-1,-1
630,639,4528.2578125,580.0657348632812,23.64453125,36.521728515625,0.44501766562461853,-1,-1,-1
630,399,3522.952880859375,631.250244140625,22.28857421875,53.308837890625,0.33147236704826355,-1,-1,-1
631,2,4759.5107421875,807.9305419921875,55.54296875,100.97174072265625,0.7029672265052795,-1,-1,-1
631,671,3309.6103515625,643.7440795898438,29.416748046875,65.79046630859375,0.6838794350624084,-1,-1,-1
631,378,4133.31396484375,617.5324096679688,23.12255859375,62.5533447265625,0.3632914125919342,-1,-1,-1
631,775,3464.97705078125,548.1073608398438,23.43212890625,44.41094970703125,0.3876228332519531,-1,-1,-1
631,1,4018.90625,687.5648193359375,43.65478515625,100.53948974609375,0.49461883306503296,-1,-1,-1
631,586,3276.70166015625,576.3759155273438,19.655029296875,41.58465576171875,0.5505107641220093,-1,-1,-1
631,790,3818.6689453125,577.375244140625,23.871826171875,80.32476806640625,0.5817132592201233,-1,-1,-1
631,776,3627.595703125,545.3745727539062,19.0302734375,36.7705078125,0.3874503970146179,-1,-1,-1
631,345,3632.7939453125,600.9070434570312,21.7685546875,42.88983154296875,0.42224428057670593,-1,-1,-1
631,477,4058.50830078125,628.1843872070312,24.748291015625,56.9300537109375,0.3606332540512085,-1,-1,-1
631,639,4526.35009765625,577.3495483398438,21.607421875,36.4105224609375,0.5199870467185974,-1,-1,-1
631,399,3519.225341796875,631.5635375976562,21.307861328125,53.02728271484375,0.3264161944389343,-1,-1,-1
632,2,4757.08544921875,806.5906372070312,53.80859375,101.90545654296875,0.698747456073761,-1,-1,-1
632,671,3305.319580078125,644.7875366210938,31.108154296875,64.74786376953125,0.6876083016395569,-1,-1,-1
632,378,4128.25341796875,615.64697265625,24.78564453125,61.47039794921875,0.5036383271217346,-1,-1,-1
632,775,3464.600830078125,548.7911987304688,23.346435546875,43.0618896484375,0.42652323842048645,-1,-1,-1
632,1,4017.30029296875,686.7820434570312,45.453857421875,101.18084716796875,0.48601409792900085,-1,-1,-1
632,586,3275.972900390625,575.26416015625,18.738525390625,43.119140625,0.5734664797782898,-1,-1,-1
632,790,3817.27734375,575.4266967773438,23.595458984375,79.01983642578125,0.5700373649597168,-1,-1,-1
632,776,3626.307861328125,546.39599609375,20.339599609375,35.7242431640625,0.4194257855415344,-1,-1,-1
632,345,3631.208251953125,601.0781860351562,21.89306640625,39.56097412109375,0.35434237122535706,-1,-1,-1
632,477,4054.149169921875,628.0285034179688,26.4521484375,54.7581787109375,0.35032889246940613,-1,-1,-1
632,639,4522.41796875,575.3709716796875,21.478515625,40.24530029296875,0.5057264566421509,-1,-1,-1
632,399,3514.4189453125,629.9110717773438,22.869140625,54.203857421875,0.34222784638404846,-1,-1,-1
633,2,4752.40283203125,806.1947021484375,55.3720703125,103.0555419921875,0.7593095898628235,-1,-1,-1
633,671,3301.91796875,645.1575927734375,31.889892578125,64.07635498046875,0.6891199350357056,-1,-1,-1
633,378,4121.111328125,616.4740600585938,29.970703125,59.91802978515625,0.4973635971546173,-1,-1,-1
633,775,3464.727783203125,548.96044921875,21.977294921875,43.46685791015625,0.4073268473148346,-1,-1,-1
633,1,4015.30078125,691.6275634765625,41.129638671875,97.55474853515625,0.514444887638092,-1,-1,-1
633,586,3274.69775390625,574.5496826171875,18.292724609375,42.9156494140625,0.4833698868751526,-1,-1,-1
633,790,3812.8583984375,575.0806274414062,28.54541015625,79.325927734375,0.595704197883606,-1,-1,-1
633,776,3624.00634765625,546.0733032226562,22.870361328125,35.86236572265625,0.41595929861068726,-1,-1,-1
633,345,3629.6064453125,600.4199829101562,22.449951171875,39.78533935546875,0.4796951711177826,-1,-1,-1
633,477,4049.5927734375,627.4527587890625,28.96142578125,54.33099365234375,0.31309306621551514,-1,-1,-1
633,639,4518.89306640625,574.67431640625,21.50537109375,42.63604736328125,0.37081003189086914,-1,-1,-1
633,399,3509.219482421875,629.2991333007812,27.304931640625,56.86822509765625,0.3443549573421478,-1,-1,-1
634,2,4748.6005859375,807.7538452148438,54.1884765625,102.36175537109375,0.76811683177948,-1,-1,-1
634,671,3299.3681640625,644.7366943359375,31.20361328125,64.02789306640625,0.6526508927345276,-1,-1,-1
634,378,4116.6064453125,616.5685424804688,31.02978515625,56.77362060546875,0.4184499680995941,-1,-1,-1
634,775,3464.218505859375,548.8712158203125,21.82080078125,43.90777587890625,0.31922250986099243,-1,-1,-1
634,1,4011.8193359375,694.6485595703125,36.101806640625,95.03924560546875,0.4753897190093994,-1,-1,-1
634,586,3273.365478515625,574.719482421875,18.701416015625,43.29156494140625,0.39487722516059875,-1,-1,-1
634,790,3810.70068359375,574.7778930664062,29.56787109375,78.867919921875,0.5899278521537781,-1,-1,-1
634,776,3622.88916015625,545.5819091796875,23.982421875,34.31158447265625,0.42235082387924194,-1,-1,-1
634,345,3628.37744140625,600.0217895507812,21.869140625,39.9510498046875,0.3974147439002991,-1,-1,-1
634,477,4045.406005859375,627.213134765625,29.7568359375,55.6983642578125,0.31178054213523865,-1,-1,-1
634,399,3504.17138671875,627.735595703125,25.261962890625,58.44427490234375,0.31332844495773315,-1,-1,-1
635,2,4743.20703125,811.0040283203125,55.568359375,99.1802978515625,0.7570561766624451,-1,-1,-1
635,671,3296.14794921875,644.2093505859375,29.822509765625,65.42840576171875,0.6374804973602295,-1,-1,-1
635,378,4110.0791015625,616.5921630859375,34.3857421875,57.835205078125,0.444172203540802,-1,-1,-1
635,775,3461.74560546875,550.0963134765625,23.251220703125,43.16082763671875,0.2819589376449585,-1,-1,-1
635,1,4008.83251953125,692.6680908203125,37.918701171875,96.2149658203125,0.4623790383338928,-1,-1,-1
635,586,3271.449951171875,574.9918823242188,18.90087890625,39.6019287109375,0.3671993613243103,-1,-1,-1
635,790,3808.4912109375,574.3228759765625,30.77294921875,75.161376953125,0.6235037446022034,-1,-1,-1
635,477,4042.48486328125,626.7852783203125,27.318359375,55.626708984375,0.28548163175582886,-1,-1,-1
635,399,3498.966796875,625.4878540039062,26.58349609375,62.10662841796875,0.3496321439743042,-1,-1,-1
635,639,4510.50390625,573.0046997070312,23.53173828125,39.070068359375,0.3611609637737274,-1,-1,-1
636,2,4737.658203125,811.7754516601562,56.462890625,96.74176025390625,0.7736064791679382,-1,-1,-1
636,671,3293.85107421875,643.6712036132812,27.8359375,66.329833984375,0.5950798392295837,-1,-1,-1
636,775,3461.031494140625,552.897705078125,23.079833984375,40.346435546875,0.2802359163761139,-1,-1,-1
636,1,4003.81494140625,690.2189331054688,40.335693359375,97.9761962890625,0.5987332463264465,-1,-1,-1
636,586,3270.104248046875,575.3123168945312,19.305908203125,39.90618896484375,0.39048197865486145,-1,-1,-1
636,790,3807.4658203125,573.0978393554688,30.410888671875,71.96502685546875,0.5845861434936523,-1,-1,-1
636,477,4038.833740234375,626.7754516601562,25.953369140625,56.01806640625,0.2693061828613281,-1,-1,-1
636,399,3495.264892578125,627.1383666992188,25.599609375,58.00653076171875,0.25372058153152466,-1,-1,-1
636,813,3621.57958984375,547.5125732421875,26.748046875,91.28912353515625,0.4854370057582855,-1,-1,-1
636,639,4506.771484375,573.9552612304688,24.7177734375,37.0704345703125,0.3550565242767334,-1,-1,-1
637,2,4729.44482421875,812.1173706054688,59.28369140625,96.60675048828125,0.7777733206748962,-1,-1,-1
637,671,3291.6533203125,641.7512817382812,27.802001953125,69.53228759765625,0.5125070810317993,-1,-1,-1
637,775,3459.5263671875,553.3159790039062,23.8330078125,39.969970703125,0.27249133586883545,-1,-1,-1
637,1,3998.20703125,686.0189208984375,45.414794921875,100.7130126953125,0.632303774356842,-1,-1,-1
637,586,3268.830810546875,575.2222290039062,19.33544921875,39.7891845703125,0.3956420421600342,-1,-1,-1
637,790,3806.09814453125,573.122802734375,30.95703125,69.2725830078125,0.4970262348651886,-1,-1,-1
637,477,4036.30615234375,627.2106323242188,25.6640625,56.37005615234375,0.393938273191452,-1,-1,-1
637,399,3492.284912109375,627.4261474609375,23.18212890625,56.3138427734375,0.3518751561641693,-1,-1,-1
637,813,3621.580078125,546.7600708007812,25.83447265625,86.68896484375,0.459600031375885,-1,-1,-1
637,639,4504.06494140625,574.2642822265625,24.94287109375,35.02557373046875,0.35771429538726807,-1,-1,-1
638,2,4725.720703125,812.8414916992188,57.3974609375,96.5848388671875,0.751339852809906,-1,-1,-1
638,671,3288.828369140625,640.4237060546875,27.052734375,69.571533203125,0.37311863899230957,-1,-1,-1
638,1,3992.93603515625,682.801513671875,49.683349609375,101.36810302734375,0.6341232061386108,-1,-1,-1
638,586,3267.30224609375,574.9363403320312,19.004150390625,39.63885498046875,0.3900192379951477,-1,-1,-1
638,790,3805.162353515625,573.1263427734375,30.54052734375,63.6737060546875,0.42685264348983765,-1,-1,-1
638,477,4033.763916015625,627.1560668945312,25.3447265625,56.05810546875,0.3987111747264862,-1,-1,-1
638,399,3487.9638671875,627.88818359375,23.236328125,54.64544677734375,0.33550891280174255,-1,-1,-1
638,813,3621.49267578125,546.5457763671875,25.67919921875,84.21234130859375,0.4706396758556366,-1,-1,-1
638,639,4500.28515625,574.1204223632812,25.6513671875,35.42364501953125,0.3732748329639435,-1,-1,-1
638,814,3815.154541015625,571.616943359375,20.765625,43.3680419921875,0.4247351586818695,-1,-1,-1
638,816,3339.7353515625,585.7323608398438,23.840576171875,42.720458984375,0.38798069953918457,-1,-1,-1
638,378,4099.69970703125,613.6007690429688,27.17138671875,55.1982421875,0.33328670263290405,-1,-1,-1
639,2,4719.708984375,812.0960083007812,57.8564453125,96.7423095703125,0.7264977097511292,-1,-1,-1
639,671,3287.656982421875,641.3941650390625,25.806640625,67.666748046875,0.601000964641571,-1,-1,-1
639,1,3989.208251953125,680.0784301757812,50.640625,101.52532958984375,0.659170925617218,-1,-1,-1
639,586,3265.7607421875,575.7487182617188,18.640869140625,37.94378662109375,0.2928929626941681,-1,-1,-1
639,790,3804.8876953125,574.1704711914062,29.72509765625,55.922607421875,0.3623864948749542,-1,-1,-1
639,477,4032.132080078125,626.81640625,23.056640625,55.6549072265625,0.4202675223350525,-1,-1,-1
639,399,3483.38134765625,629.7769165039062,24.987060546875,56.75189208984375,0.32229316234588623,-1,-1,-1
639,813,3621.548095703125,546.5941772460938,25.483154296875,81.04473876953125,0.4691995084285736,-1,-1,-1
639,639,4496.55419921875,574.4602661132812,26.26953125,35.77386474609375,0.36510419845581055,-1,-1,-1
639,814,3815.11279296875,572.293701171875,20.1005859375,43.09765625,0.40786418318748474,-1,-1,-1
639,816,3338.385009765625,584.8175659179688,23.237060546875,43.33856201171875,0.37918317317962646,-1,-1,-1
639,818,3450.6474609375,550.1864013671875,25.059814453125,43.03411865234375,0.364764541387558,-1,-1,-1
639,378,4098.16162109375,613.6356811523438,22.33056640625,55.7833251953125,0.537305474281311,-1,-1,-1
640,2,4721.943359375,809.6698608398438,52.15380859375,99.384521484375,0.7304813861846924,-1,-1,-1
640,671,3285.629150390625,642.7076416015625,25.13916015625,65.78070068359375,0.6694291234016418,-1,-1,-1
640,1,3988.23193359375,678.7343139648438,51.155029296875,101.86297607421875,0.5949410796165466,-1,-1,-1
640,477,4029.04541015625,626.3224487304688,23.38671875,55.57281494140625,0.37791457772254944,-1,-1,-1
640,399,3479.216064453125,632.1353149414062,23.48828125,57.85797119140625,0.3981606662273407,-1,-1,-1
640,813,3622.036376953125,546.8173217773438,24.7578125,80.7646484375,0.5091349482536316,-1,-1,-1
640,639,4493.78857421875,574.96630859375,24.07470703125,33.941162109375,0.3597102165222168,-1,-1,-1
640,814,3815.41552734375,572.0011596679688,19.443603515625,43.24761962890625,0.42585355043411255,-1,-1,-1
640,816,3335.99609375,584.9445190429688,24.015380859375,43.55706787109375,0.4091417193412781,-1,-1,-1
640,818,3450.010498046875,550.04931640625,26.10595703125,41.80609130859375,0.36274585127830505,-1,-1,-1
640,378,4094.777587890625,613.461181640625,21.204345703125,54.2955322265625,0.5355945825576782,-1,-1,-1
641,2,4712.443359375,808.2485961914062,59.60888671875,101.47052001953125,0.6835882663726807,-1,-1,-1
641,671,3282.605712890625,643.4807739257812,24.079345703125,65.65216064453125,0.7059785723686218,-1,-1,-1
641,1,3987.736328125,678.6470947265625,47.968505859375,101.71710205078125,0.49155810475349426,-1,-1,-1
641,477,4026.4755859375,626.7171630859375,24.47216796875,55.8563232421875,0.3356706202030182,-1,-1,-1
641,399,3476.073974609375,631.797119140625,23.885009765625,60.06427001953125,0.5114920139312744,-1,-1,-1
641,813,3621.750244140625,547.36865234375,24.9287109375,77.501708984375,0.47494328022003174,-1,-1,-1
641,639,4491.94921875,574.763671875,22.4794921875,34.4398193359375,0.36173611879348755,-1,-1,-1
641,814,3815.94580078125,571.0000610351562,18.859619140625,45.6522216796875,0.4161287248134613,-1,-1,-1
641,816,3332.73876953125,585.5156860351562,25.74462890625,44.296142578125,0.3599509000778198,-1,-1,-1
641,818,3449.81005859375,549.6260375976562,26.6513671875,41.5950927734375,0.3175109922885895,-1,-1,-1
641,378,4090.19677734375,610.1766967773438,24.2099609375,59.34771728515625,0.6156463027000427,-1,-1,-1
641,586,3262.10205078125,574.7278442382812,21.03466796875,43.3741455078125,0.2830806076526642,-1,-1,-1
642,2,4705.6240234375,806.0675048828125,65.35791015625,104.80499267578125,0.6601794362068176,-1,-1,-1
642,671,3279.977294921875,644.2105712890625,24.849853515625,65.67919921875,0.7273252010345459,-1,-1,-1
642,1,3987.05078125,679.6246948242188,44.0732421875,99.15478515625,0.46602270007133484,-1,-1,-1
642,477,4023.93896484375,623.9989013671875,24.255126953125,58.980712890625,0.34198638796806335,-1,-1,-1
642,399,3472.677490234375,631.6803588867188,23.015625,57.4781494140625,0.5391719937324524,-1,-1,-1
642,813,3621.3896484375,548.1436767578125,25.766845703125,75.404296875,0.49628692865371704,-1,-1,-1
642,639,4488.9091796875,575.808837890625,22.359375,34.20867919921875,0.28473135828971863,-1,-1,-1
642,814,3815.811767578125,570.7354736328125,18.81591796875,46.36016845703125,0.4310680329799652,-1,-1,-1
642,816,3330.922119140625,584.6276245117188,26.75634765625,45.8603515625,0.3852151036262512,-1,-1,-1
642,818,3448.858642578125,550.7249145507812,28.23876953125,40.72100830078125,0.31481507420539856,-1,-1,-1
642,378,4086.90673828125,609.660888671875,24.43359375,58.5908203125,0.5294740200042725,-1,-1,-1
642,586,3260.142333984375,575.0671997070312,21.0849609375,44.72076416015625,0.380439817905426,-1,-1,-1
643,2,4702.2490234375,806.0538330078125,67.76953125,104.6839599609375,0.6571387648582458,-1,-1,-1
643,671,3276.379150390625,644.5986328125,27.1552734375,65.30804443359375,0.737791121006012,-1,-1,-1
643,1,3985.939208984375,683.109619140625,39.777099609375,94.48284912109375,0.4963410198688507,-1,-1,-1
643,477,4019.19384765625,622.7010498046875,26.28759765625,58.4066162109375,0.40345725417137146,-1,-1,-1
643,399,3469.283935546875,630.2700805664062,23.5546875,56.75164794921875,0.46796730160713196,-1,-1,-1
643,813,3621.410888671875,549.0888671875,26.356201171875,71.55792236328125,0.48716482520103455,-1,-1,-1
643,814,3815.2353515625,570.5859985351562,19.07470703125,46.9334716796875,0.4522165060043335,-1,-1,-1
643,816,3331.80029296875,583.770751953125,24.65234375,46.33184814453125,0.4750434458255768,-1,-1,-1
643,818,3447.3525390625,551.2628784179688,29.8837890625,41.11151123046875,0.2717917561531067,-1,-1,-1
643,378,4081.83203125,611.1817626953125,26.12109375,52.19097900390625,0.38334569334983826,-1,-1,-1
643,586,3258.840087890625,575.6650390625,20.70068359375,44.921142578125,0.4134199321269989,-1,-1,-1
644,2,4696.77978515625,807.5186157226562,72.21435546875,103.1021728515625,0.7537150979042053,-1,-1,-1
644,671,3272.88623046875,644.7939453125,28.646484375,65.15252685546875,0.7087485194206238,-1,-1,-1
644,1,3983.355712890625,684.0071411132812,39.01123046875,93.90643310546875,0.4888961911201477,-1,-1,-1
644,477,4016.84130859375,623.5239868164062,26.4287109375,54.67913818359375,0.39489486813545227,-1,-1,-1
644,399,3466.22412109375,630.1925659179688,24.47705078125,56.1092529296875,0.5187140107154846,-1,-1,-1
644,813,3620.408203125,549.6497802734375,27.36669921875,74.1781005859375,0.45559632778167725,-1,-1,-1
644,814,3812.723876953125,570.3366088867188,21.277099609375,46.6708984375,0.37417757511138916,-1,-1,-1
644,816,3332.191650390625,583.4979248046875,23.8671875,45.83660888671875,0.3977988064289093,-1,-1,-1
644,818,3445.412109375,551.40625,31.955322265625,40.867919921875,0.2945508360862732,-1,-1,-1
644,378,4076.6953125,610.7357788085938,27.94677734375,51.79486083984375,0.4684092402458191,-1,-1,-1
644,586,3257.75927734375,575.3651123046875,20.786865234375,45.7379150390625,0.4257875680923462,-1,-1,-1
644,639,4481.0107421875,576.2543334960938,23.40380859375,35.53546142578125,0.4029232859611511,-1,-1,-1
645,2,4691.92626953125,807.704345703125,73.30029296875,103.926513671875,0.6866916418075562,-1,-1,-1
645,671,3269.99267578125,646.2659301757812,28.615234375,63.2789306640625,0.6521093249320984,-1,-1,-1
645,1,3981.104736328125,681.1444702148438,36.5283203125,96.1419677734375,0.665727436542511,-1,-1,-1
645,477,4013.596435546875,624.2551879882812,25.964111328125,54.89697265625,0.4138433039188385,-1,-1,-1
645,399,3463.435546875,631.8900146484375,24.469970703125,52.1612548828125,0.41682863235473633,-1,-1,-1
645,813,3620.5283203125,548.4104614257812,27.38671875,67.42156982421875,0.3903543949127197,-1,-1,-1
645,814,3811.973876953125,570.4195556640625,21.891845703125,46.40899658203125,0.3774332106113434,-1,-1,-1
645,816,3332.2783203125,583.6807861328125,23.080810546875,44.79815673828125,0.3835798501968384,-1,-1,-1
645,378,4073.74462890625,610.5052490234375,25.85302734375,49.86688232421875,0.46382206678390503,-1,-1,-1
645,586,3256.101806640625,574.8209838867188,21.411865234375,46.99688720703125,0.46638864278793335,-1,-1,-1
645,822,3776.343017578125,598.0285034179688,22.769775390625,48.1607666015625,0.40646272897720337,-1,-1,-1
645,639,4478.29736328125,576.429443359375,21.3583984375,34.3997802734375,0.4597102999687195,-1,-1,-1
646,2,4689.84423828125,808.802001953125,67.0615234375,99.52899169921875,0.6185343861579895,-1,-1,-1
646,671,3267.811279296875,648.003662109375,27.88818359375,61.3873291015625,0.6028910279273987,-1,-1,-1
646,1,3978.522705078125,678.6787109375,36.480712890625,96.55438232421875,0.6012946963310242,-1,-1,-1
646,477,4010.7919921875,626.1613159179688,24.868408203125,55.96710205078125,0.26138681173324585,-1,-1,-1
646,399,3459.6064453125,632.562744140625,24.723388671875,46.9722900390625,0.26960429549217224,-1,-1,-1
646,813,3619.683837890625,549.4019775390625,29.032470703125,70.8240966796875,0.39506909251213074,-1,-1,-1
646,814,3811.811767578125,570.5293579101562,21.984375,46.70233154296875,0.3953618109226227,-1,-1,-1
646,816,3332.342529296875,583.3848876953125,22.284423828125,44.3890380859375,0.3620873987674713,-1,-1,-1
646,378,4069.5732421875,609.857177734375,25.23095703125,48.18603515625,0.48581063747406006,-1,-1,-1
646,586,3255.509033203125,574.2877807617188,21.2958984375,48.381103515625,0.5124475359916687,-1,-1,-1
646,822,3775.693115234375,598.5123901367188,18.47412109375,46.54034423828125,0.5109583139419556,-1,-1,-1
646,639,4475.73388671875,577.1455688476562,20.65625,30.15869140625,0.4584210216999054,-1,-1,-1
647,2,4686.99951171875,808.3045043945312,61.91748046875,99.09698486328125,0.7208629846572876,-1,-1,-1
647,671,3265.432373046875,648.9760131835938,28.40478515625,60.5491943359375,0.5408755540847778,-1,-1,-1
647,1,3976.278076171875,676.9462280273438,37.15283203125,96.954345703125,0.6405630707740784,-1,-1,-1
647,477,4007.102294921875,625.203857421875,26.99462890625,57.927490234375,0.3499690890312195,-1,-1,-1
647,813,3619.4697265625,547.5934448242188,30.729248046875,70.01397705078125,0.35999464988708496,-1,-1,-1
647,814,3811.891845703125,570.385009765625,21.839599609375,46.69708251953125,0.3802357316017151,-1,-1,-1
647,816,3330.876220703125,583.845947265625,22.826904296875,44.4552001953125,0.3423321843147278,-1,-1,-1
647,378,4066.730712890625,609.5018310546875,22.819580078125,48.963623046875,0.48081812262535095,-1,-1,-1
647,586,3255.14404296875,573.9627685546875,20.978515625,47.9354248046875,0.4938221275806427,-1,-1,-1
647,822,3773.863525390625,598.5993041992188,18.206787109375,45.1959228515625,0.399090051651001,-1,-1,-1
647,639,4472.93408203125,577.1491088867188,21.58154296875,27.43780517578125,0.39812785387039185,-1,-1,-1
648,2,4681.89013671875,808.9114990234375,61.771484375,99.538330078125,0.7514284253120422,-1,-1,-1
648,671,3259.092041015625,649.1673583984375,32.57568359375,59.776611328125,0.4521240293979645,-1,-1,-1
648,1,3973.70703125,675.09765625,39.011474609375,98.319091796875,0.5958553552627563,-1,-1,-1
648,477,4004.91162109375,624.7147216796875,26.31103515625,52.8673095703125,0.2872413098812103,-1,-1,-1
648,813,3619.010498046875,547.3538818359375,32.39306640625,73.59967041015625,0.36495399475097656,-1,-1,-1
648,814,3813.562744140625,571.6348266601562,19.0234375,43.758056640625,0.4270906448364258,-1,-1,-1
648,816,3330.354248046875,583.9697875976562,21.27099609375,44.15972900390625,0.33351126313209534,-1,-1,-1
648,378,4062.79296875,608.2688598632812,23.866943359375,51.1539306640625,0.405505508184433,-1,-1,-1
648,586,3254.758544921875,573.8981323242188,20.454833984375,47.62890625,0.4598792791366577,-1,-1,-1
648,822,3770.023681640625,597.1298828125,20.64794921875,44.98785400390625,0.3968653380870819,-1,-1,-1
648,639,4469.65576171875,576.2010498046875,22.41796875,28.26763916015625,0.48946261405944824,-1,-1,-1
649,2,4678.724609375,808.5291748046875,61.572265625,99.6976318359375,0.7886033654212952,-1,-1,-1
649,671,3253.714111328125,649.5857543945312,36.888671875,59.24798583984375,0.5119345188140869,-1,-1,-1
649,1,3973.53173828125,672.6365356445312,37.477294921875,99.70123291015625,0.6502057909965515,-1,-1,-1
649,813,3619.496826171875,546.9713134765625,33.974609375,71.5872802734375,0.411173552274704,-1,-1,-1
649,814,3814.156005859375,572.0054931640625,17.890380859375,42.5494384765625,0.43982863426208496,-1,-1,-1
649,816,3329.582275390625,583.6710205078125,20.8857421875,44.21258544921875,0.326526403427124,-1,-1,-1
649,378,4061.24951171875,607.0321044921875,22.643310546875,52.47119140625,0.3822726309299469,-1,-1,-1
649,586,3254.15771484375,574.0790405273438,20.497802734375,47.683837890625,0.3976632356643677,-1,-1,-1
649,822,3767.613525390625,596.1783447265625,22.05322265625,44.087646484375,0.344763845205307,-1,-1,-1
649,639,4466.30029296875,575.8704833984375,22.87939453125,29.5718994140625,0.49144625663757324,-1,-1,-1
650,2,4674.740234375,807.16259765625,63.318359375,99.70745849609375,0.7633786797523499,-1,-1,-1
650,671,3250.13525390625,649.5176391601562,38.66552734375,59.25323486328125,0.5677042603492737,-1,-1,-1
650,1,3972.7783203125,674.7890014648438,36.3662109375,95.11785888671875,0.6485545039176941,-1,-1,-1
650,813,3620.18701171875,547.4990844726562,35.483154296875,68.65167236328125,0.35690465569496155,-1,-1,-1
650,814,3814.2216796875,572.0570068359375,17.602294921875,41.42242431640625,0.4251553416252136,-1,-1,-1
650,816,3328.11572265625,583.9156494140625,21.595947265625,43.65277099609375,0.33197256922721863,-1,-1,-1
650,378,4060.2666015625,605.2601928710938,19.754150390625,52.89031982421875,0.3158492147922516,-1,-1,-1
650,586,3253.148193359375,573.6133422851562,20.85107421875,49.2427978515625,0.4291912913322449,-1,-1,-1
650,822,3764.489501953125,593.9732666015625,23.24853515625,44.21478271484375,0.28187835216522217,-1,-1,-1
650,639,4463.50927734375,574.8278198242188,21.8955078125,29.639404296875,0.44549819827079773,-1,-1,-1
650,399,3442.634765625,637.6664428710938,31.462890625,49.76666259765625,0.3785676658153534,-1,-1,-1
651,2,4672.365234375,804.5433349609375,61.68408203125,102.09637451171875,0.767000675201416,-1,-1,-1
651,671,3249.315673828125,650.2662353515625,36.353271484375,58.6458740234375,0.6464044451713562,-1,-1,-1
651,1,3972.228271484375,675.2185668945312,36.313232421875,92.7894287109375,0.642751157283783,-1,-1,-1
651,813,3620.188720703125,546.9491577148438,36.923828125,70.998291015625,0.3256111145019531,-1,-1,-1
651,814,3814.1181640625,571.5000610351562,16.914306640625,40.89117431640625,0.44311124086380005,-1,-1,-1
651,816,3326.38671875,583.7337036132812,22.353271484375,44.9664306640625,0.3165610134601593,-1,-1,-1
651,378,4055.576171875,603.677490234375,22.009765625,53.32916259765625,0.3422449231147766,-1,-1,-1
651,586,3252.807373046875,572.7294311523438,20.212158203125,49.48724365234375,0.46611642837524414,-1,-1,-1
651,399,3436.206298828125,638.0390014648438,35.579345703125,52.2593994140625,0.33143821358680725,-1,-1,-1
651,818,3443.353271484375,557.4286499023438,33.298095703125,42.59405517578125,0.34173691272735596,-1,-1,-1
652,2,4669.43896484375,803.2548828125,60.2685546875,104.71319580078125,0.7644045352935791,-1,-1,-1
652,671,3248.2666015625,650.9144897460938,35.765625,58.6534423828125,0.6708309054374695,-1,-1,-1
652,1,3971.37255859375,676.8908081054688,36.231689453125,88.47515869140625,0.6964103579521179,-1,-1,-1
652,813,3621.001953125,546.870849609375,36.663330078125,69.96673583984375,0.30682849884033203,-1,-1,-1
652,814,3813.80419921875,569.260986328125,17.13134765625,42.5750732421875,0.4142773747444153,-1,-1,-1
652,816,3326.18798828125,583.1443481445312,21.8994140625,44.14569091796875,0.2928205728530884,-1,-1,-1
652,586,3252.518310546875,572.3023681640625,19.69384765625,50.1456298828125,0.459174782037735,-1,-1,-1
652,399,3433.8046875,638.2183837890625,35.121337890625,51.49066162109375,0.3556631803512573,-1,-1,-1
652,829,3414.96240234375,526.91845703125,25.48583984375,51.1668701171875,0.3655136227607727,-1,-1,-1
653,2,4667.08203125,802.7134399414062,59.36865234375,106.56427001953125,0.7713735699653625,-1,-1,-1
653,671,3248.243896484375,651.40478515625,32.972900390625,58.694580078125,0.6560179591178894,-1,-1,-1
653,1,3970.42578125,677.1687622070312,35.797119140625,87.62457275390625,0.6738859415054321,-1,-1,-1
653,814,3813.68115234375,567.772216796875,17.166748046875,43.98345947265625,0.4124053120613098,-1,-1,-1
653,586,3252.2294921875,572.3442993164062,19.59716796875,50.138671875,0.4348505437374115,-1,-1,-1
653,399,3429.531982421875,638.8241577148438,36.884521484375,53.1505126953125,0.3251403272151947,-1,-1,-1
653,829,3415.164794921875,530.7184448242188,24.215087890625,47.825927734375,0.37732699513435364,-1,-1,-1
653,477,3990.486083984375,619.3331298828125,28.816162109375,60.400390625,0.2997128367424011,-1,-1,-1
653,822,3757.9130859375,592.35693359375,24.433349609375,45.7314453125,0.25292661786079407,-1,-1,-1
653,639,4454.7431640625,574.7877197265625,20.712890625,35.348876953125,0.3168056607246399,-1,-1,-1
653,378,4045.961669921875,602.3250732421875,24.56201171875,52.2635498046875,0.3233147859573364,-1,-1,-1
654,2,4663.5126953125,803.239990234375,58.32275390625,107.391357421875,0.8017139434814453,-1,-1,-1
654,671,3248.34228515625,650.0474243164062,30.47265625,60.6483154296875,0.691669762134552,-1,-1,-1
654,1,3968.12451171875,677.541748046875,38.056396484375,87.32421875,0.667701005935669,-1,-1,-1
654,814,3813.695556640625,567.8418579101562,17.2177734375,43.536865234375,0.41658928990364075,-1,-1,-1
654,586,3252.072509765625,572.6845703125,19.300048828125,48.076904296875,0.3746170699596405,-1,-1,-1
654,399,3427.286865234375,639.3908081054688,37.800537109375,54.58636474609375,0.36760133504867554,-1,-1,-1
654,829,3414.457763671875,530.7291259765625,21.94580078125,41.43359375,0.38101980090141296,-1,-1,-1
654,477,3989.793212890625,619.9549560546875,26.769287109375,58.66815185546875,0.3409997820854187,-1,-1,-1
654,822,3753.898193359375,593.5603637695312,27.484375,47.92962646484375,0.3274751603603363,-1,-1,-1
654,639,4452.20849609375,575.3944091796875,18.20947265625,31.25848388671875,0.3360510766506195,-1,-1,-1
654,378,4041.830322265625,598.9429931640625,26.053466796875,51.1160888671875,0.4914248287677765,-1,-1,-1
654,816,3326.32275390625,581.6822509765625,21.926025390625,41.1280517578125,0.3036840856075287,-1,-1,-1
655,2,4659.10302734375,804.1498413085938,59.62890625,106.23687744140625,0.7938241958618164,-1,-1,-1
655,671,3247.89013671875,649.1989135742188,25.629638671875,61.70526123046875,0.6622564792633057,-1,-1,-1
655,1,3967.33056640625,677.5195922851562,38.608154296875,87.14801025390625,0.6597732901573181,-1,-1,-1
655,814,3813.488037109375,567.7820434570312,16.852783203125,43.4468994140625,0.42013227939605713,-1,-1,-1
655,586,3251.688232421875,572.3034057617188,19.57373046875,48.23486328125,0.3047153949737549,-1,-1,-1
655,399,3425.82763671875,639.8134765625,37.72119140625,55.74456787109375,0.33636224269866943,-1,-1,-1
655,829,3412.763427734375,528.9224853515625,22.803466796875,48.65655517578125,0.4136110544204712,-1,-1,-1
655,477,3988.131591796875,620.5665893554688,23.02294921875,55.536865234375,0.34790733456611633,-1,-1,-1
655,822,3750.0625,590.4752807617188,29.393310546875,51.3021240234375,0.2749817967414856,-1,-1,-1
655,378,4040.40771484375,597.7960205078125,24.010986328125,49.049560546875,0.6204500198364258,-1,-1,-1
655,816,3326.365966796875,580.3768310546875,22.350830078125,41.89990234375,0.28962668776512146,-1,-1,-1
656,2,4652.20361328125,806.6981811523438,61.537109375,105.953125,0.7630988359451294,-1,-1,-1
656,671,3247.182861328125,648.6611328125,23.01416015625,62.993408203125,0.6845884323120117,-1,-1,-1
656,1,3966.84326171875,677.7307739257812,38.970703125,86.58221435546875,0.6957990527153015,-1,-1,-1
656,814,3813.130615234375,567.3676147460938,17.6943359375,44.09112548828125,0.417691707611084,-1,-1,-1
656,586,3251.8857421875,571.9380493164062,19.07080078125,47.5078125,0.31169575452804565,-1,-1,-1
656,399,3425.658447265625,639.4249877929688,37.4931640625,56.4708251953125,0.33172619342803955,-1,-1,-1
656,829,3411.981689453125,528.073974609375,22.193359375,49.97747802734375,0.37291181087493896,-1,-1,-1
656,477,3985.294677734375,622.3772583007812,23.438232421875,53.207763671875,0.36730796098709106,-1,-1,-1
656,822,3747.537109375,589.7630615234375,26.2177734375,46.88494873046875,0.46580904722213745,-1,-1,-1
656,378,4039.135498046875,597.5067138671875,22.5498046875,47.21514892578125,0.5686197876930237,-1,-1,-1
656,816,3326.48095703125,580.0502319335938,22.42578125,42.45391845703125,0.2734273374080658,-1,-1,-1
657,2,4646.2109375,808.7396850585938,63.03759765625,103.46795654296875,0.7913495302200317,-1,-1,-1
657,671,3246.1689453125,647.9901733398438,21.435791015625,63.855224609375,0.6720824837684631,-1,-1,-1
657,1,3965.034423828125,676.9904174804688,40.777587890625,84.354736328125,0.6500824689865112,-1,-1,-1
657,814,3812.0478515625,567.0935668945312,18.887451171875,44.491455078125,0.41109052300453186,-1,-1,-1
657,586,3252.25927734375,571.39453125,18.59814453125,46.99407958984375,0.31553471088409424,-1,-1,-1
657,399,3426.346435546875,638.130859375,36.737548828125,57.7735595703125,0.3298487961292267,-1,-1,-1
657,829,3412.561279296875,528.745361328125,22.063720703125,50.9710693359375,0.40394851565361023,-1,-1,-1
657,477,3981.993408203125,624.3536376953125,25.181396484375,49.7681884765625,0.37909507751464844,-1,-1,-1
657,822,3746.286376953125,589.6047973632812,21.5625,41.3912353515625,0.5040507316589355,-1,-1,-1
657,378,4037.4306640625,597.3987426757812,22.8017578125,46.67999267578125,0.5161548256874084,-1,-1,-1
657,816,3326.251953125,580.2666625976562,22.679443359375,42.2430419921875,0.2517591416835785,-1,-1,-1
658,2,4640.96533203125,808.5422973632812,62.78076171875,104.24151611328125,0.793026864528656,-1,-1,-1
658,671,3243.110595703125,647.0791015625,23.1708984375,64.9610595703125,0.518845796585083,-1,-1,-1
658,1,3964.742431640625,677.4006958007812,40.70458984375,79.9736328125,0.5003281831741333,-1,-1,-1
658,814,3812.07373046875,567.4786376953125,19.28125,43.437255859375,0.3506075441837311,-1,-1,-1
658,586,3252.3291015625,571.1085205078125,18.353271484375,46.0384521484375,0.2738697826862335,-1,-1,-1
658,829,3411.7744140625,529.290283203125,21.48876953125,51.36846923828125,0.36245211958885193,-1,-1,-1
658,822,3745.459228515625,589.1282958984375,19.0654296875,40.1090087890625,0.4830096960067749,-1,-1,-1
658,378,4034.70751953125,596.9693603515625,23.86572265625,47.322265625,0.3562439978122711,-1,-1,-1
659,2,4635.5283203125,807.8848876953125,63.28857421875,105.70794677734375,0.7700715661048889,-1,-1,-1
659,671,3241.03466796875,645.9527587890625,24.571044921875,66.61639404296875,0.5702332854270935,-1,-1,-1
659,1,3963.866455078125,679.4595336914062,41.88232421875,71.1873779296875,0.48464176058769226,-1,-1,-1
659,814,3812.894287109375,567.9461669921875,18.875244140625,41.8028564453125,0.27473875880241394,-1,-1,-1
659,586,3252.74365234375,570.9734497070312,17.7060546875,45.97918701171875,0.31112241744995117,-1,-1,-1
659,829,3410.78125,530.4720458984375,20.58349609375,49.4986572265625,0.3487115204334259,-1,-1,-1
659,822,3742.979248046875,589.1760864257812,18.99072265625,38.91259765625,0.3585857152938843,-1,-1,-1
659,378,4032.710205078125,597.275146484375,23.187744140625,47.269287109375,0.284864604473114,-1,-1,-1
659,840,3434.618896484375,636.7238159179688,29.189208984375,51.34869384765625,0.33941078186035156,-1,-1,-1
660,2,4631.83544921875,807.6900634765625,61.51171875,106.25640869140625,0.7324028611183167,-1,-1,-1
660,671,3239.510986328125,645.2992553710938,25.83642578125,70.09771728515625,0.5345498919487,-1,-1,-1
660,1,3964.3876953125,680.2068481445312,41.384765625,67.14215087890625,0.458863228559494,-1,-1,-1
660,814,3813.273681640625,568.3272705078125,17.958251953125,39.88739013671875,0.26405051350593567,-1,-1,-1
660,586,3253.2060546875,571.08642578125,17.694091796875,46.88934326171875,0.2781831622123718,-1,-1,-1
660,829,3410.163818359375,530.4917602539062,20.27978515625,51.28619384765625,0.32364022731781006,-1,-1,-1
660,822,3740.638916015625,589.8843994140625,17.82373046875,37.6278076171875,0.3097333312034607,-1,-1,-1
660,840,3433.879638671875,634.4232177734375,30.59521484375,54.6585693359375,0.40615081787109375,-1,-1,-1
660,842,3620.43798828125,575.259521484375,25.38525390625,42.458740234375,0.34881678223609924,-1,-1,-1
661,2,4626.24658203125,806.55029296875,62.11279296875,105.31011962890625,0.6823322176933289,-1,-1,-1
661,671,3237.861083984375,647.2825927734375,27.046630859375,69.77972412109375,0.4484127461910248,-1,-1,-1
661,1,3964.646728515625,679.4846801757812,41.3798828125,67.5430908203125,0.47673216462135315,-1,-1,-1
661,814,3813.6337890625,567.9840698242188,17.9228515625,39.3668212890625,0.2796003222465515,-1,-1,-1
661,586,3253.5478515625,571.2030029296875,17.700927734375,46.414306640625,0.2981935143470764,-1,-1,-1
661,829,3409.267822265625,531.7722778320312,20.556640625,50.2503662109375,0.3567303419113159,-1,-1,-1
661,822,3738.1611328125,588.46728515625,18.451416015625,39.28729248046875,0.31672403216362,-1,-1,-1
661,840,3433.000244140625,633.6351318359375,31.9482421875,56.30023193359375,0.41413992643356323,-1,-1,-1
661,842,3620.28271484375,572.7793579101562,26.064697265625,48.062255859375,0.34914708137512207,-1,-1,-1
662,2,4619.4453125,804.5665893554688,64.451171875,104.74798583984375,0.6943250298500061,-1,-1,-1
662,671,3237.169921875,648.834228515625,27.182861328125,69.1427001953125,0.3595789074897766,-1,-1,-1
662,1,3965.045166015625,678.2530517578125,41.01220703125,67.84637451171875,0.4836941361427307,-1,-1,-1
662,814,3813.693603515625,567.4976806640625,18.553955078125,39.3662109375,0.27003079652786255,-1,-1,-1
662,586,3253.537109375,570.9945678710938,17.8857421875,47.35968017578125,0.35335204005241394,-1,-1,-1
662,829,3408.197021484375,536.4766235351562,21.174560546875,45.18621826171875,0.26611870527267456,-1,-1,-1
662,822,3736.410400390625,587.311279296875,18.314453125,39.4173583984375,0.3338436484336853,-1,-1,-1
662,840,3433.185302734375,634.0841064453125,32.1875,55.73760986328125,0.4053148925304413,-1,-1,-1
662,842,3621.125244140625,572.0546264648438,25.280029296875,50.12969970703125,0.40718916058540344,-1,-1,-1
662,378,4027.25341796875,599.2509765625,20.610595703125,45.6953125,0.30417436361312866,-1,-1,-1
663,2,4622.6650390625,802.31298828125,57.0302734375,106.16064453125,0.7418558597564697,-1,-1,-1
663,671,3233.633056640625,650.8843383789062,28.533447265625,70.1060791015625,0.3817318379878998,-1,-1,-1
663,1,3965.308349609375,676.3831787109375,40.496337890625,71.05010986328125,0.4760616421699524,-1,-1,-1
663,814,3813.57177734375,569.0750732421875,20.07763671875,36.17041015625,0.31303828954696655,-1,-1,-1
663,586,3253.289794921875,571.325439453125,17.8681640625,46.66937255859375,0.37637606263160706,-1,-1,-1
663,829,3406.302734375,536.8777465820312,22.62451171875,44.68927001953125,0.27037858963012695,-1,-1,-1
663,840,3433.750244140625,635.1588134765625,31.60546875,54.5535888671875,0.3718247711658478,-1,-1,-1
663,842,3622.830322265625,572.341064453125,24.084228515625,47.18310546875,0.4512997567653656,-1,-1,-1
663,378,4024.51171875,596.9525146484375,20.528076171875,47.74072265625,0.33152106404304504,-1,-1,-1
664,2,4621.17529296875,801.2415771484375,56.71435546875,106.6072998046875,0.7379563450813293,-1,-1,-1
664,671,3231.123291015625,651.58056640625,29.694580078125,70.88238525390625,0.3659539818763733,-1,-1,-1
664,1,3966.63427734375,676.9137573242188,39.464599609375,69.25701904296875,0.5042346119880676,-1,-1,-1
664,814,3814.087158203125,569.3787841796875,20.254150390625,34.81689453125,0.3199109733104706,-1,-1,-1
664,586,3253.33251953125,571.6595458984375,18.079345703125,46.023193359375,0.3897606432437897,-1,-1,-1
664,829,3404.630615234375,534.5355224609375,23.937744140625,46.90570068359375,0.2517493665218353,-1,-1,-1
664,840,3434.215576171875,636.197998046875,30.9521484375,53.91644287109375,0.3414570391178131,-1,-1,-1
664,842,3623.896484375,573.6961669921875,23.248046875,44.06158447265625,0.4483802616596222,-1,-1,-1
664,378,4021.769287109375,593.7903442382812,20.806640625,50.8009033203125,0.33689263463020325,-1,-1,-1
664,639,4425.52197265625,564.78515625,18.099609375,41.33282470703125,0.420234739780426,-1,-1,-1
665,2,4614.234375,800.0325927734375,62.6103515625,107.0484619140625,0.7464416027069092,-1,-1,-1
665,671,3230.283203125,651.0849609375,29.52685546875,71.52099609375,0.46782439947128296,-1,-1,-1
665,1,3966.420654296875,675.2689208984375,40.416015625,69.9222412109375,0.4598580002784729,-1,-1,-1
665,814,3815.2509765625,568.3046875,19.846923828125,35.7515869140625,0.3418727517127991,-1,-1,-1
665,586,3253.179931640625,571.8182983398438,18.709716796875,46.20269775390625,0.3944140076637268,-1,-1,-1
665,840,3433.957275390625,636.934814453125,31.30322265625,53.86676025390625,0.3805381655693054,-1,-1,-1
665,842,3624.6923828125,574.6527099609375,21.72900390625,42.49481201171875,0.4489997625350952,-1,-1,-1
665,378,4020.02587890625,591.5835571289062,20.86767578125,52.57318115234375,0.2616703510284424,-1,-1,-1
665,639,4424.06787109375,566.8367309570312,17.01513671875,38.89349365234375,0.26631152629852295,-1,-1,-1
666,2,4612.3525390625,801.9592895507812,63.9443359375,106.20916748046875,0.7638958096504211,-1,-1,-1
666,671,3227.58740234375,650.988037109375,31.125244140625,72.71002197265625,0.5764831304550171,-1,-1,-1
666,1,3966.25830078125,673.0499877929688,42.524169921875,73.2139892578125,0.5606269240379333,-1,-1,-1
666,814,3816.1123046875,569.550048828125,19.489990234375,34.18707275390625,0.3833640515804291,-1,-1,-1
666,586,3253.30810546875,571.6921997070312,20.65771484375,46.5501708984375,0.3791723847389221,-1,-1,-1
666,840,3432.001953125,636.9027709960938,33.736083984375,57.26312255859375,0.434448778629303,-1,-1,-1
666,842,3624.767822265625,575.370849609375,21.15576171875,41.6531982421875,0.46975022554397583,-1,-1,-1
666,639,4420.94921875,567.687744140625,18.73828125,37.21990966796875,0.29774534702301025,-1,-1,-1
667,2,4610.48583984375,803.5277099609375,61.8779296875,106.1912841796875,0.7447141408920288,-1,-1,-1
667,671,3227.7470703125,651.0527954101562,30.8037109375,73.1099853515625,0.6336729526519775,-1,-1,-1
667,1,3966.606201171875,672.0595703125,45.447021484375,72.34906005859375,0.4976372718811035,-1,-1,-1
667,814,3817.009765625,570.4033203125,18.917724609375,32.765869140625,0.3983311057090759,-1,-1,-1
667,586,3253.57861328125,571.5470581054688,21.753173828125,47.05718994140625,0.4037705659866333,-1,-1,-1
667,840,3430.62744140625,636.958251953125,35.877197265625,59.68896484375,0.36570703983306885,-1,-1,-1
667,842,3625.322021484375,575.0529174804688,20.642333984375,40.594482421875,0.4625035524368286,-1,-1,-1
667,639,4418.39990234375,567.2147827148438,19.94482421875,38.07403564453125,0.2926802933216095,-1,-1,-1
667,853,3467.857421875,555.5543212890625,30.117431640625,46.68170166015625,0.44573286175727844,-1,-1,-1
667,822,3721.3828125,586.0230102539062,23.67919921875,34.880859375,0.30487754940986633,-1,-1,-1
668,2,4609.39697265625,805.3358764648438,58.72021484375,103.89166259765625,0.7639451026916504,-1,-1,-1
668,671,3226.025146484375,651.0396728515625,31.914306640625,74.2332763671875,0.5798121690750122,-1,-1,-1
668,1,3966.489990234375,670.7157592773438,47.68701171875,72.51324462890625,0.4401325583457947,-1,-1,-1
668,814,3818.091796875,569.27685546875,18.43359375,33.71795654296875,0.4127879738807678,-1,-1,-1
668,586,3253.948486328125,570.9175415039062,21.7646484375,47.59979248046875,0.42739778757095337,-1,-1,-1
668,840,3429.859130859375,637.24169921875,37.619140625,60.1611328125,0.36679041385650635,-1,-1,-1
668,842,3626.78662109375,574.428466796875,20.20361328125,39.57781982421875,0.42358526587486267,-1,-1,-1
668,639,4415.74267578125,563.1926879882812,20.13330078125,40.06182861328125,0.35681962966918945,-1,-1,-1
668,853,3469.29833984375,556.5422973632812,30.242919921875,45.544677734375,0.3975766599178314,-1,-1,-1
668,822,3719.2822265625,587.0789794921875,24.939208984375,32.2974853515625,0.3133971095085144,-1,-1,-1
669,2,4609.435546875,807.1323852539062,55.060546875,99.7188720703125,0.6989385485649109,-1,-1,-1
669,671,3225.127197265625,650.943359375,32.368408203125,74.72955322265625,0.6081851720809937,-1,-1,-1
669,1,3966.75341796875,665.9757690429688,49.7294921875,75.86456298828125,0.41034215688705444,-1,-1,-1
669,814,3820.297119140625,569.1409912109375,17.8916015625,33.62127685546875,0.3982156217098236,-1,-1,-1
669,586,3254.31884765625,570.3605346679688,21.76025390625,48.1947021484375,0.45292413234710693,-1,-1,-1
669,840,3429.267333984375,637.5272216796875,41.431396484375,60.02484130859375,0.4157458543777466,-1,-1,-1
669,842,3627.7333984375,573.8041381835938,20.229248046875,38.69427490234375,0.43786102533340454,-1,-1,-1
669,639,4412.6298828125,563.693115234375,20.70166015625,40.42803955078125,0.35204699635505676,-1,-1,-1
669,853,3473.642333984375,556.8170166015625,27.642578125,44.324951171875,0.41853073239326477,-1,-1,-1
670,2,4607.27392578125,807.04541015625,52.80322265625,100.8228759765625,0.6868560910224915,-1,-1,-1
670,671,3224.462890625,650.8007202148438,32.365478515625,75.45697021484375,0.5812210440635681,-1,-1,-1
670,1,3968.166259765625,666.1917114257812,49.5068359375,73.54913330078125,0.4070684611797333,-1,-1,-1
670,814,3819.655517578125,569.3048706054688,18.41845703125,33.850830078125,0.3671652376651764,-1,-1,-1
670,586,3254.62451171875,569.9616088867188,21.883544921875,48.2210693359375,0.4627179503440857,-1,-1,-1
670,840,3433.33251953125,638.2017822265625,40.664794921875,58.12579345703125,0.3411475419998169,-1,-1,-1
670,842,3628.142578125,573.881591796875,19.7353515625,37.98309326171875,0.4223083555698395,-1,-1,-1
670,639,4410.9892578125,562.9404296875,20.45703125,41.865478515625,0.3485623896121979,-1,-1,-1
670,853,3473.845947265625,556.608154296875,28.857177734375,44.1392822265625,0.36360692977905273,-1,-1,-1
670,378,4011.91357421875,588.1461181640625,19.296142578125,45.1478271484375,0.3585149049758911,-1,-1,-1
671,2,4596.03564453125,806.595947265625,58.84423828125,101.7020263671875,0.7258102297782898,-1,-1,-1
671,671,3223.95068359375,650.71826171875,32.15966796875,75.8592529296875,0.6565263867378235,-1,-1,-1
671,1,3970.29833984375,664.9306640625,48.260009765625,72.91094970703125,0.47502246499061584,-1,-1,-1
671,814,3820.55029296875,568.5824584960938,18.077392578125,34.64678955078125,0.39005714654922485,-1,-1,-1
671,586,3254.62890625,569.7168579101562,22.119384765625,47.8624267578125,0.48204219341278076,-1,-1,-1
671,840,3437.5439453125,637.1439819335938,38.1982421875,58.7623291015625,0.3774021863937378,-1,-1,-1
671,842,3628.23046875,573.9849853515625,20.176513671875,36.68609619140625,0.3659796714782715,-1,-1,-1
671,853,3475.3662109375,557.2367553710938,29.57275390625,44.6190185546875,0.3328090012073517,-1,-1,-1
671,378,4010.73193359375,587.860107421875,19.65625,46.0716552734375,0.43927785754203796,-1,-1,-1
672,2,4589.31689453125,806.7155151367188,62.37646484375,102.71343994140625,0.7391643524169922,-1,-1,-1
672,671,3224.486083984375,650.5156860351562,30.06494140625,75.75390625,0.7234517335891724,-1,-1,-1
672,1,3973.38671875,665.127685546875,46.167236328125,71.370849609375,0.35730814933776855,-1,-1,-1
672,814,3820.998779296875,566.8826293945312,17.665771484375,37.03082275390625,0.40692391991615295,-1,-1,-1
672,586,3254.81103515625,569.8436279296875,22.17236328125,46.638427734375,0.4462580978870392,-1,-1,-1
672,840,3441.164306640625,636.3856201171875,36.441162109375,58.7242431640625,0.40812286734580994,-1,-1,-1
672,842,3627.925048828125,574.3634033203125,21.68017578125,36.40118408203125,0.4066016972064972,-1,-1,-1
672,378,4009.744140625,585.4584350585938,19.41162109375,48.1690673828125,0.4953276216983795,-1,-1,-1
673,2,4587.201171875,806.3626708984375,62.8330078125,104.0003662109375,0.7418796420097351,-1,-1,-1
673,671,3224.51123046875,650.304443359375,29.50634765625,75.91754150390625,0.7298174500465393,-1,-1,-1
673,1,3974.779296875,662.8836669921875,45.61865234375,73.46514892578125,0.4675753116607666,-1,-1,-1
673,814,3821.738525390625,563.8564453125,19.324951171875,39.75701904296875,0.4707271456718445,-1,-1,-1
673,586,3254.771728515625,569.458251953125,22.212890625,47.11572265625,0.4678913652896881,-1,-1,-1
673,840,3443.11474609375,635.4598388671875,36.390380859375,60.08453369140625,0.38376161456108093,-1,-1,-1
673,842,3628.336669921875,574.9912109375,22.763916015625,35.885498046875,0.3803248703479767,-1,-1,-1
673,378,4007.481689453125,585.4030151367188,20.220947265625,46.5386962890625,0.39639854431152344,-1,-1,-1
673,866,3962.245849609375,615.6796264648438,27.087158203125,55.33892822265625,0.4193963408470154,-1,-1,-1
673,867,3696.4775390625,562.9071044921875,25.2802734375,50.83673095703125,0.43218541145324707,-1,-1,-1
673,639,4403.43115234375,564.1895141601562,22.7294921875,42.88134765625,0.39440298080444336,-1,-1,-1
674,2,4586.826171875,805.7810668945312,61.697265625,105.97088623046875,0.7669697999954224,-1,-1,-1
674,671,3223.509521484375,650.0783081054688,30.308837890625,75.605224609375,0.6901050806045532,-1,-1,-1
674,1,3977.14599609375,662.711181640625,44.9873046875,73.72467041015625,0.4514109790325165,-1,-1,-1
674,814,3822.5859375,561.9136352539062,19.8046875,41.540771484375,0.5049053430557251,-1,-1,-1
674,586,3255.091064453125,569.5383911132812,21.92333984375,48.21673583984375,0.4581301808357239,-1,-1,-1
674,840,3446.361083984375,632.4871215820312,35.189697265625,63.22564697265625,0.41522324085235596,-1,-1,-1
674,842,3629.804931640625,575.1412963867188,23.039794921875,35.852783203125,0.34410080313682556,-1,-1,-1
674,378,4005.482666015625,585.0090942382812,20.575439453125,45.69403076171875,0.3854164779186249,-1,-1,-1
674,866,3961.06787109375,615.3138427734375,28.2041015625,54.98541259765625,0.4376857578754425,-1,-1,-1
674,867,3697.437255859375,564.2099609375,21.927734375,49.07452392578125,0.436196893453598,-1,-1,-1
674,639,4400.77099609375,563.3847045898438,23.2119140625,44.84063720703125,0.4256957769393921,-1,-1,-1
675,2,4585.91357421875,805.1942749023438,60.62841796875,104.88031005859375,0.776593804359436,-1,-1,-1
675,671,3221.731689453125,650.19140625,32.461181640625,76.28448486328125,0.6871479153633118,-1,-1,-1
675,1,3974.30859375,662.3733520507812,49.81396484375,73.78326416015625,0.490396112203598,-1,-1,-1
675,814,3823.936279296875,560.3046875,19.389404296875,42.1412353515625,0.4998432397842407,-1,-1,-1
675,586,3256.21728515625,569.6746215820312,20.861328125,47.7327880859375,0.4539403021335602,-1,-1,-1
675,840,3450.87890625,631.1636962890625,32.6064453125,65.110595703125,0.3993392884731293,-1,-1,-1
675,842,3629.8759765625,575.7251586914062,23.481689453125,34.7872314453125,0.3222580552101135,-1,-1,-1
675,378,4003.670166015625,585.6390380859375,20.792236328125,44.129150390625,0.3323570787906647,-1,-1,-1
675,866,3960.014892578125,616.032470703125,26.28076171875,51.21929931640625,0.4219277799129486,-1,-1,-1
675,867,3698.1748046875,568.7847290039062,22.54345703125,45.91650390625,0.4269999861717224,-1,-1,-1
675,639,4398.3974609375,562.1812744140625,22.662109375,44.76165771484375,0.3081265985965729,-1,-1,-1
676,2,4585.376953125,804.6317138671875,59.50927734375,104.7437744140625,0.7790919542312622,-1,-1,-1
676,671,3221.15234375,650.7060546875,32.107666015625,76.44110107421875,0.6807916164398193,-1,-1,-1
676,1,3972.6357421875,662.2357788085938,53.159423828125,73.13201904296875,0.4790194630622864,-1,-1,-1
676,814,3826.65380859375,558.7348022460938,17.799072265625,41.83990478515625,0.5179523229598999,-1,-1,-1
676,586,3258.840576171875,569.1522216796875,18.398681640625,47.6312255859375,0.530784010887146,-1,-1,-1
676,840,3455.847900390625,629.8779296875,30.099365234375,62.66302490234375,0.46772339940071106,-1,-1,-1
676,842,3631.284912109375,575.7083740234375,23.0859375,34.9111328125,0.2565641403198242,-1,-1,-1
676,378,4001.931396484375,585.813720703125,21.568359375,43.4215087890625,0.2546512186527252,-1,-1,-1
676,866,3958.652587890625,615.4388427734375,25.30224609375,50.5430908203125,0.4037431478500366,-1,-1,-1
676,867,3698.880126953125,566.8917846679688,22.904052734375,44.660888671875,0.5183298587799072,-1,-1,-1
676,639,4397.1689453125,560.9934692382812,22.49462890625,47.6083984375,0.33159947395324707,-1,-1,-1
677,2,4584.75830078125,804.1694946289062,57.888671875,104.6268310546875,0.7774002552032471,-1,-1,-1
677,671,3220.479248046875,652.419921875,31.469970703125,74.62237548828125,0.6560878753662109,-1,-1,-1
677,1,3971.752685546875,662.8580932617188,56.3583984375,69.93304443359375,0.5524923205375671,-1,-1,-1
677,814,3828.7314453125,558.0118408203125,16.9853515625,41.59735107421875,0.5260978937149048,-1,-1,-1
677,586,3260.443603515625,568.7936401367188,17.038818359375,47.6683349609375,0.565146267414093,-1,-1,-1
677,840,3460.2783203125,630.6715698242188,27.537841796875,60.77239990234375,0.5019747018814087,-1,-1,-1
677,866,3957.165771484375,615.1166381835938,26.259765625,51.7860107421875,0.3980516493320465,-1,-1,-1
677,867,3697.529052734375,563.41748046875,25.957763671875,47.42364501953125,0.43674319982528687,-1,-1,-1
677,639,4394.53466796875,561.2567749023438,21.4990234375,44.0933837890625,0.36506134271621704,-1,-1,-1
677,853,3487.869873046875,554.0612182617188,29.820068359375,45.43658447265625,0.314540833234787,-1,-1,-1
678,2,4582.60107421875,804.2069702148438,57.53271484375,104.9195556640625,0.7835163474082947,-1,-1,-1
678,671,3220.659912109375,653.3377685546875,30.020263671875,74.94232177734375,0.6929491758346558,-1,-1,-1
678,1,3972.28173828125,662.7880859375,57.51708984375,67.72235107421875,0.5729615688323975,-1,-1,-1
678,814,3830.24755859375,558.9387817382812,17.434326171875,39.5283203125,0.44353988766670227,-1,-1,-1
678,586,3261.65283203125,568.647216796875,16.20751953125,47.58258056640625,0.49300992488861084,-1,-1,-1
678,840,3463.795166015625,631.0849609375,26.03369140625,60.28082275390625,0.4913129210472107,-1,-1,-1
678,866,3956.541015625,615.696533203125,26.364013671875,50.339599609375,0.30828723311424255,-1,-1,-1
678,867,3698.009521484375,561.1764526367188,25.752685546875,47.14434814453125,0.36737921833992004,-1,-1,-1
678,639,4391.609375,560.3435668945312,22.31640625,42.57574462890625,0.35142290592193604,-1,-1,-1
678,853,3490.468994140625,552.4719848632812,27.489013671875,45.2186279296875,0.29573050141334534,-1,-1,-1
678,842,3632.83056640625,574.3978881835938,24.3662109375,36.34283447265625,0.2973144054412842,-1,-1,-1
679,2,4580.6552734375,805.6395263671875,56.6748046875,103.6363525390625,0.780305802822113,-1,-1,-1
679,671,3220.22705078125,654.28955078125,29.96728515625,74.26055908203125,0.6864872574806213,-1,-1,-1
679,1,3975.83447265625,661.6401977539062,54.44384765625,66.31488037109375,0.5132637023925781,-1,-1,-1
679,814,3830.78466796875,559.2276000976562,18.83349609375,39.0472412109375,0.3577553927898407,-1,-1,-1
679,586,3261.989990234375,568.6985473632812,15.980224609375,47.26373291015625,0.5187214016914368,-1,-1,-1
679,840,3466.445556640625,632.1383056640625,24.51220703125,59.44537353515625,0.5557360649108887,-1,-1,-1
679,866,3955.29150390625,614.7677612304688,26.659912109375,51.13751220703125,0.4028348922729492,-1,-1,-1
679,639,4389.634765625,559.8795166015625,21.7021484375,43.0650634765625,0.37861084938049316,-1,-1,-1
679,853,3491.6767578125,551.2236938476562,24.780517578125,45.10186767578125,0.33289626240730286,-1,-1,-1
679,842,3634.122802734375,573.790771484375,22.956787109375,34.24993896484375,0.29112541675567627,-1,-1,-1
680,2,4578.974609375,807.3150634765625,55.70703125,101.24749755859375,0.7746084928512573,-1,-1,-1
680,671,3219.949951171875,655.17724609375,30.427490234375,73.62884521484375,0.676673173904419,-1,-1,-1
680,1,3978.767822265625,661.28662109375,41.882568359375,65.084228515625,0.4913061261177063,-1,-1,-1
680,814,3831.23779296875,555.7896728515625,20.1328125,44.45849609375,0.2768020033836365,-1,-1,-1
680,586,3262.198974609375,568.5812377929688,16.48095703125,47.587646484375,0.5153894424438477,-1,-1,-1
680,840,3468.09765625,633.7479248046875,23.92529296875,59.2977294921875,0.5782461762428284,-1,-1,-1
680,866,3953.976806640625,614.0867919921875,26.56787109375,51.16790771484375,0.40847063064575195,-1,-1,-1
680,639,4387.78857421875,560.3628540039062,20.5244140625,38.585693359375,0.32609012722969055,-1,-1,-1
680,853,3495.301513671875,551.302490234375,22.815673828125,45.99603271484375,0.3011913001537323,-1,-1,-1
680,842,3635.146484375,573.6844482421875,22.172607421875,32.903564453125,0.3028363585472107,-1,-1,-1
681,2,4577.9951171875,808.7581176757812,54.2041015625,99.11041259765625,0.754159688949585,-1,-1,-1
681,671,3219.99609375,655.85400390625,30.529052734375,73.51995849609375,0.6608185768127441,-1,-1,-1
681,1,3979.514892578125,660.6817016601562,36.58544921875,64.8482666015625,0.5139437317848206,-1,-1,-1
681,586,3262.257568359375,568.0521850585938,16.88916015625,48.62139892578125,0.5009980201721191,-1,-1,-1
681,840,3467.44140625,635.1353759765625,26.990478515625,60.62353515625,0.5189648270606995,-1,-1,-1
681,866,3953.276611328125,614.46240234375,26.10107421875,50.1781005859375,0.39127054810523987,-1,-1,-1
681,639,4386.06640625,559.4122314453125,19.8837890625,37.71014404296875,0.31495681405067444,-1,-1,-1
681,853,3498.68798828125,551.1841430664062,21.665283203125,44.5001220703125,0.2605733573436737,-1,-1,-1
681,842,3635.4921875,574.207275390625,21.52734375,35.11541748046875,0.3999892473220825,-1,-1,-1
681,880,4011.03125,663.7926635742188,29.77783203125,64.16607666015625,0.4443691074848175,-1,-1,-1
681,882,3839.08154296875,525.3661499023438,24.21044921875,32.51202392578125,0.3503793776035309,-1,-1,-1
682,2,4575.7353515625,809.3440551757812,54.97314453125,99.22491455078125,0.7311242818832397,-1,-1,-1
682,671,3220.108154296875,655.9645385742188,31.17578125,73.751220703125,0.6482941508293152,-1,-1,-1
682,1,3980.9013671875,659.5092163085938,33.034912109375,65.3245849609375,0.47394004464149475,-1,-1,-1
682,586,3262.3037109375,567.943603515625,17.849853515625,48.98663330078125,0.508515477180481,-1,-1,-1
682,840,3468.06689453125,636.3576049804688,30.411376953125,61.155029296875,0.634666919708252,-1,-1,-1
682,866,3953.47900390625,613.8316040039062,23.08203125,49.564208984375,0.44372543692588806,-1,-1,-1
682,639,4384.89453125,559.7815551757812,19.48388671875,36.04058837890625,0.254730224609375,-1,-1,-1
682,842,3636.049560546875,573.9178466796875,21.13671875,35.73577880859375,0.3643423616886139,-1,-1,-1
682,880,4012.873046875,662.4652709960938,30.6240234375,64.3997802734375,0.40300557017326355,-1,-1,-1
683,2,4573.8408203125,808.7047119140625,55.158203125,100.31866455078125,0.744761049747467,-1,-1,-1
683,671,3221.065673828125,655.742431640625,30.9970703125,74.05218505859375,0.6604251265525818,-1,-1,-1
683,1,3982.5927734375,659.161865234375,33.1494140625,65.6807861328125,0.332563191652298,-1,-1,-1
683,586,3262.329345703125,567.771728515625,18.14599609375,49.3671875,0.5331782698631287,-1,-1,-1
683,840,3469.57421875,637.2738037109375,32.357177734375,60.447265625,0.6780814528465271,-1,-1,-1
683,866,3953.71337890625,612.9298706054688,21.541748046875,50.70379638671875,0.4760662913322449,-1,-1,-1
683,842,3637.481689453125,572.5848388671875,20.059814453125,38.78851318359375,0.39790529012680054,-1,-1,-1
683,880,4014.42236328125,661.944580078125,30.8037109375,65.5291748046875,0.3319075107574463,-1,-1,-1
683,882,3840.741455078125,527.2359619140625,24.99365234375,45.76715087890625,0.41180863976478577,-1,-1,-1
684,2,4569.10693359375,807.3399047851562,57.544921875,102.3011474609375,0.7663245797157288,-1,-1,-1
684,671,3222.866943359375,656.069091796875,30.090087890625,73.78082275390625,0.6672554612159729,-1,-1,-1
684,586,3262.345703125,567.8790283203125,18.843505859375,48.74212646484375,0.472128689289093,-1,-1,-1
684,840,3470.156982421875,637.755859375,33.67236328125,59.77587890625,0.6394628882408142,-1,-1,-1
684,866,3952.537841796875,613.5665283203125,21.552978515625,49.8551025390625,0.49349820613861084,-1,-1,-1
684,842,3638.90478515625,571.6898193359375,19.9326171875,40.82000732421875,0.35066986083984375,-1,-1,-1
684,880,4008.952392578125,662.011962890625,38.54736328125,67.66839599609375,0.3205723166465759,-1,-1,-1
684,882,3840.87646484375,527.9046020507812,25.812255859375,57.35894775390625,0.4123390316963196,-1,-1,-1
685,2,4564.72119140625,806.6289672851562,59.8505859375,103.21099853515625,0.7539453506469727,-1,-1,-1
685,671,3224.2900390625,656.7329711914062,29.205322265625,73.08709716796875,0.6660217642784119,-1,-1,-1
685,586,3262.364013671875,567.8687133789062,20.2744140625,49.29730224609375,0.4041842520236969,-1,-1,-1
685,840,3471.0087890625,638.031494140625,35.14404296875,59.15435791015625,0.5428034067153931,-1,-1,-1
685,866,3951.62548828125,614.22509765625,21.35205078125,49.4400634765625,0.5055636167526245,-1,-1,-1
685,842,3639.802490234375,571.2052612304688,19.135986328125,39.71923828125,0.3386273980140686,-1,-1,-1
685,880,4008.92919921875,660.5714721679688,40.35205078125,66.565185546875,0.42846107482910156,-1,-1,-1
685,882,3841.944580078125,528.683349609375,25.4951171875,62.86383056640625,0.4234817624092102,-1,-1,-1
686,2,4561.63037109375,805.1260986328125,61.31591796875,104.59991455078125,0.745798647403717,-1,-1,-1
686,671,3225.25537109375,657.45068359375,28.946044921875,72.09222412109375,0.6754628419876099,-1,-1,-1
686,586,3262.55078125,567.035888671875,20.787841796875,50.1015625,0.30571120977401733,-1,-1,-1
686,840,3473.63818359375,637.6168823242188,34.212890625,60.20849609375,0.4631101191043854,-1,-1,-1
686,866,3950.960693359375,613.3010864257812,21.634521484375,50.678466796875,0.5150619745254517,-1,-1,-1
686,880,4016.7119140625,660.2235717773438,35.919189453125,65.52911376953125,0.375258207321167,-1,-1,-1
686,882,3842.637451171875,528.6141967773438,26.2041015625,69.30291748046875,0.43135255575180054,-1,-1,-1
686,1,3995.3095703125,655.3616943359375,29.736572265625,67.0882568359375,0.4778504967689514,-1,-1,-1
687,2,4561.49169921875,803.9578247070312,59.71923828125,105.65472412109375,0.7055073976516724,-1,-1,-1
687,671,3225.943115234375,658.1433715820312,28.380859375,70.99737548828125,0.6737345457077026,-1,-1,-1
687,586,3263.460693359375,568.4271240234375,19.59130859375,46.6461181640625,0.3035459816455841,-1,-1,-1
687,840,3477.6083984375,637.0767822265625,31.8232421875,61.71832275390625,0.4569227993488312,-1,-1,-1
687,866,3950.178955078125,613.0277099609375,22.3603515625,50.55712890625,0.5006734132766724,-1,-1,-1
687,880,4022.514892578125,660.3511352539062,32.541015625,65.27783203125,0.37775081396102905,-1,-1,-1
687,882,3846.46826171875,529.5905151367188,22.645263671875,69.62841796875,0.4110695421695709,-1,-1,-1
687,1,3997.99365234375,655.53076171875,27.722900390625,66.5953369140625,0.48124396800994873,-1,-1,-1
687,639,4371.51025390625,556.71533203125,22.19189453125,35.56854248046875,0.2707745432853699,-1,-1,-1
688,2,4566.61474609375,803.8935546875,52.71630859375,104.3062744140625,0.698246955871582,-1,-1,-1
688,671,3226.4658203125,658.2708129882812,28.81982421875,71.38995361328125,0.6872663497924805,-1,-1,-1
688,586,3264.250244140625,568.0912475585938,18.7470703125,46.05303955078125,0.3023870587348938,-1,-1,-1
688,840,3484.18994140625,636.0203857421875,27.928955078125,59.59442138671875,0.4076406955718994,-1,-1,-1
688,866,3950.458740234375,612.5098876953125,21.805419921875,49.59619140625,0.5065358877182007,-1,-1,-1
688,880,4027.19775390625,660.9183349609375,31.509765625,63.53802490234375,0.43797925114631653,-1,-1,-1
688,882,3847.1416015625,530.9298095703125,22.69091796875,68.954833984375,0.41730499267578125,-1,-1,-1
688,1,4000.203125,655.73828125,26.140625,64.97589111328125,0.5135923624038696,-1,-1,-1
688,639,4370.50390625,556.1553955078125,21.75830078125,35.66925048828125,0.28826797008514404,-1,-1,-1
689,2,4564.9638671875,802.4137573242188,52.96875,105.51116943359375,0.6902046799659729,-1,-1,-1
689,671,3228.096435546875,658.3626708984375,28.679931640625,71.95703125,0.6418820023536682,-1,-1,-1
689,586,3265.078369140625,567.36279296875,17.776123046875,45.35113525390625,0.2595192790031433,-1,-1,-1
689,840,3490.797607421875,633.349853515625,24.192626953125,58.64935302734375,0.504885196685791,-1,-1,-1
689,866,3948.776123046875,612.10400390625,23.46533203125,49.13427734375,0.48681867122650146,-1,-1,-1
689,880,4032.177734375,659.81298828125,28.767578125,64.385498046875,0.474305123090744,-1,-1,-1
689,882,3847.947509765625,531.3504638671875,22.238037109375,69.2149658203125,0.37905073165893555,-1,-1,-1
689,1,4002.99072265625,655.816650390625,24.2998046875,60.57354736328125,0.55859375,-1,-1,-1
689,639,4369.08349609375,557.0022583007812,20.24365234375,33.7783203125,0.30854251980781555,-1,-1,-1
689,853,3517.447998046875,546.3961181640625,29.853759765625,48.2373046875,0.4027814567089081,-1,-1,-1
690,2,4565.65771484375,801.7578735351562,51.0078125,106.10504150390625,0.6723464131355286,-1,-1,-1
690,671,3228.9794921875,658.3662109375,29.2490234375,72.3121337890625,0.6017506718635559,-1,-1,-1
690,586,3265.991455078125,566.779541015625,17.0595703125,44.1258544921875,0.29673564434051514,-1,-1,-1
690,840,3494.05615234375,631.0369262695312,24.07373046875,59.05517578125,0.5168312191963196,-1,-1,-1
690,866,3947.8125,612.046142578125,24.447998046875,48.3021240234375,0.49031907320022583,-1,-1,-1
690,880,4033.505615234375,660.7882690429688,29.26025390625,64.113037109375,0.5082820057868958,-1,-1,-1
690,882,3846.369140625,533.49853515625,24.135986328125,68.580078125,0.43524032831192017,-1,-1,-1
690,1,4002.043701171875,655.1228637695312,31.516357421875,62.097900390625,0.4625261723995209,-1,-1,-1
690,639,4368.14794921875,556.9957885742188,19.74853515625,33.27886962890625,0.3009222149848938,-1,-1,-1
690,899,3986.218505859375,575.1312866210938,20.27392578125,44.07110595703125,0.3790569007396698,-1,-1,-1
690,853,3518.34130859375,547.1603393554688,30.4326171875,46.44146728515625,0.3374214172363281,-1,-1,-1
691,2,4564.6201171875,801.3568725585938,51.55126953125,106.55181884765625,0.6683411002159119,-1,-1,-1
691,671,3227.928466796875,658.0543212890625,30.7890625,73.5811767578125,0.6088176965713501,-1,-1,-1
691,586,3266.876953125,566.373779296875,16.266845703125,43.11004638671875,0.2891002595424652,-1,-1,-1
691,840,3496.30224609375,628.7968139648438,23.467041015625,58.61456298828125,0.5134865641593933,-1,-1,-1
691,866,3947.128662109375,611.9047241210938,25.162109375,48.90869140625,0.5005146265029907,-1,-1,-1
691,880,4037.89453125,658.9249877929688,28.375732421875,65.4921875,0.49855121970176697,-1,-1,-1
691,882,3847.0927734375,532.520751953125,24.309326171875,71.10443115234375,0.5619946718215942,-1,-1,-1
691,1,4003.48193359375,653.3756103515625,31.92724609375,62.34783935546875,0.5472384095191956,-1,-1,-1
691,639,4366.72216796875,555.7059326171875,19.36328125,34.37628173828125,0.3648073077201843,-1,-1,-1
691,899,3985.048828125,574.9405517578125,21.349853515625,41.5224609375,0.3189662992954254,-1,-1,-1
692,2,4561.310546875,801.5950927734375,54.53076171875,106.6185302734375,0.6967782974243164,-1,-1,-1
692,671,3227.949462890625,658.351806640625,31.50341796875,73.43182373046875,0.6037404537200928,-1,-1,-1
692,840,3498.33349609375,628.01611328125,24.083740234375,61.35736083984375,0.5290408134460449,-1,-1,-1
692,866,3946.966796875,612.4310913085938,25.416259765625,48.95294189453125,0.4671947956085205,-1,-1,-1
692,880,4041.75537109375,658.5230712890625,28.4375,64.913818359375,0.4974691867828369,-1,-1,-1
692,882,3849.16455078125,532.819580078125,23.185791015625,68.27587890625,0.5485118627548218,-1,-1,-1
692,1,4003.7919921875,650.2366943359375,35.595703125,66.35540771484375,0.5998031497001648,-1,-1,-1
692,639,4365.26806640625,554.410400390625,18.7880859375,35.25067138671875,0.36173635721206665,-1,-1,-1
692,899,3983.724609375,574.2052001953125,22.2412109375,39.46392822265625,0.3372604548931122,-1,-1,-1
693,2,4560.0625,802.003173828125,55.5615234375,106.48583984375,0.6971790194511414,-1,-1,-1
693,671,3228.78076171875,660.4763793945312,31.89453125,70.90814208984375,0.5637559294700623,-1,-1,-1
693,840,3501.39599609375,627.5442504882812,23.266357421875,59.18438720703125,0.47521859407424927,-1,-1,-1
693,866,3946.71875,613.3894653320312,25.654052734375,47.56707763671875,0.45827826857566833,-1,-1,-1
693,880,4043.3818359375,656.7567749023438,28.4521484375,65.399658203125,0.4917506277561188,-1,-1,-1
693,882,3850.386962890625,533.4547729492188,22.596923828125,67.317138671875,0.5404533743858337,-1,-1,-1
693,1,4006.949951171875,649.263916015625,33.3681640625,64.2047119140625,0.5901432633399963,-1,-1,-1
693,639,4364.1083984375,553.402099609375,18.15869140625,36.16680908203125,0.3801823556423187,-1,-1,-1
693,899,3982.16455078125,574.1260986328125,23.3447265625,39.37457275390625,0.30025485157966614,-1,-1,-1
693,586,3268.97314453125,568.242919921875,15.620361328125,40.77099609375,0.2677146792411804,-1,-1,-1
694,2,4556.0517578125,802.3658447265625,59.56787109375,105.8372802734375,0.705682635307312,-1,-1,-1
694,671,3229.0078125,663.087158203125,32.698486328125,68.06781005859375,0.503289520740509,-1,-1,-1
694,840,3503.85888671875,627.3973999023438,24.610107421875,57.3353271484375,0.3316042423248291,-1,-1,-1
694,866,3946.19189453125,614.3948974609375,25.643798828125,46.37158203125,0.4259136915206909,-1,-1,-1
694,880,4042.645751953125,655.5707397460938,31.674072265625,64.36761474609375,0.28113222122192383,-1,-1,-1
694,882,3853.282958984375,536.8854370117188,21.12744140625,62.83880615234375,0.5406985282897949,-1,-1,-1
694,1,4009.66943359375,649.6297607421875,31.597900390625,62.34234619140625,0.525375485420227,-1,-1,-1
694,639,4363.44189453125,552.80419921875,17.751953125,37.17425537109375,0.38954418897628784,-1,-1,-1
694,899,3981.447021484375,575.0309448242188,22.4033203125,39.2626953125,0.2784416377544403,-1,-1,-1
695,2,4549.38720703125,802.1199340820312,66.74072265625,105.86907958984375,0.6883223652839661,-1,-1,-1
695,671,3229.924560546875,664.1710815429688,34.043212890625,66.490478515625,0.4625708758831024,-1,-1,-1
695,840,3505.514404296875,628.4219360351562,28.60400390625,61.35650634765625,0.33754006028175354,-1,-1,-1
695,866,3945.6025390625,615.1390380859375,25.803955078125,45.83612060546875,0.40603259205818176,-1,-1,-1
695,882,3854.7861328125,539.4405517578125,21.6796875,61.2891845703125,0.4783226251602173,-1,-1,-1
695,1,4013.90673828125,652.2046508789062,29.2880859375,59.2303466796875,0.4201248586177826,-1,-1,-1
695,639,4360.68603515625,551.8939208984375,18.54443359375,36.58660888671875,0.3416886627674103,-1,-1,-1
696,2,4545.14697265625,801.8295288085938,71.640625,105.995361328125,0.6922648549079895,-1,-1,-1
696,671,3231.92138671875,664.0208740234375,34.22021484375,66.8016357421875,0.4841233193874359,-1,-1,-1
696,840,3506.160400390625,629.8683471679688,30.997802734375,62.64599609375,0.30312737822532654,-1,-1,-1
696,866,3945.44775390625,614.853759765625,26.016357421875,46.75115966796875,0.4176480174064636,-1,-1,-1
696,882,3856.244384765625,543.2322387695312,22.70703125,57.95733642578125,0.5193920731544495,-1,-1,-1
696,1,4018.254638671875,650.2559814453125,28.34619140625,63.734619140625,0.3256177306175232,-1,-1,-1
696,639,4358.96826171875,551.8026733398438,19.01123046875,36.4425048828125,0.3242006003856659,-1,-1,-1
696,880,4050.7431640625,652.2319946289062,29.06396484375,67.675048828125,0.38704508543014526,-1,-1,-1
697,2,4543.2998046875,801.7435302734375,74.04052734375,105.6107177734375,0.6850258111953735,-1,-1,-1
697,671,3233.55419921875,663.8252563476562,34.1630859375,67.96380615234375,0.5222120881080627,-1,-1,-1
697,866,3945.184814453125,614.6939697265625,26.309814453125,47.65350341796875,0.40735018253326416,-1,-1,-1
697,882,3859.26806640625,544.171875,22.13623046875,58.00006103515625,0.5081712007522583,-1,-1,-1
697,1,4020.6474609375,649.9459838867188,30.032958984375,63.5557861328125,0.3434596657752991,-1,-1,-1
697,639,4357.6142578125,550.475830078125,19.21630859375,36.79150390625,0.3504124879837036,-1,-1,-1
697,880,4055.26025390625,651.9033813476562,26.586669921875,64.37945556640625,0.39994484186172485,-1,-1,-1
697,842,3644.643310546875,572.1867065429688,24.781982421875,37.351318359375,0.3657435476779938,-1,-1,-1
698,2,4542.15234375,801.441162109375,76.0166015625,105.0286865234375,0.6829738020896912,-1,-1,-1
698,671,3236.508056640625,664.0591430664062,32.1396484375,68.15545654296875,0.4639964699745178,-1,-1,-1
698,866,3945.164794921875,614.3596801757812,26.2197265625,47.5225830078125,0.3796711266040802,-1,-1,-1
698,882,3861.81884765625,545.7660522460938,21.583984375,57.148193359375,0.5445787310600281,-1,-1,-1
698,1,4024.817626953125,651.9966430664062,31.937744140625,61.87640380859375,0.34079843759536743,-1,-1,-1
698,639,4355.0458984375,549.4063720703125,19.17041015625,39.5478515625,0.3214424252510071,-1,-1,-1
698,880,4056.613037109375,653.2142944335938,27.990234375,63.8111572265625,0.3726757764816284,-1,-1,-1
698,842,3644.835205078125,572.1869506835938,25.419677734375,36.62371826171875,0.34167206287384033,-1,-1,-1
699,2,4545.6875,800.6954345703125,73.357421875,105.25396728515625,0.6985400319099426,-1,-1,-1
699,671,3238.985595703125,663.3168334960938,31.41064453125,69.48736572265625,0.5404293537139893,-1,-1,-1
699,866,3945.423828125,614.27880859375,26.08740234375,47.42034912109375,0.40332138538360596,-1,-1,-1
699,882,3862.53173828125,548.7205200195312,21.423095703125,55.167236328125,0.5097013711929321,-1,-1,-1
699,1,4028.14013671875,653.9011840820312,31.0556640625,57.3016357421875,0.39764371514320374,-1,-1,-1
699,639,4353.5068359375,548.5877685546875,18.77587890625,40.6708984375,0.3621302545070648,-1,-1,-1
699,880,4056.270751953125,654.0145263671875,31.0791015625,62.9571533203125,0.31064659357070923,-1,-1,-1
699,842,3646.41845703125,571.0303955078125,25.890869140625,38.1812744140625,0.3421022891998291,-1,-1,-1
699,586,3270.96435546875,569.2451171875,22.328369140625,44.24798583984375,0.3677709400653839,-1,-1,-1
700,2,4549.845703125,800.135009765625,70.38525390625,106.10321044921875,0.7054596543312073,-1,-1,-1
700,671,3240.915771484375,663.1535034179688,30.5107421875,69.524169921875,0.5357663035392761,-1,-1,-1
700,866,3945.87109375,613.8294677734375,26.042724609375,47.41790771484375,0.42700570821762085,-1,-1,-1
700,882,3862.43701171875,547.921875,23.47998046875,56.74578857421875,0.4517420530319214,-1,-1,-1
700,1,4031.25439453125,653.3984985351562,31.274658203125,57.0823974609375,0.4371795356273651,-1,-1,-1
700,639,4350.54833984375,548.4675903320312,19.099609375,40.8035888671875,0.4019313454627991,-1,-1,-1
700,880,4059.22607421875,653.7778930664062,30.3779296875,61.100341796875,0.3924165368080139,-1,-1,-1
700,842,3646.791015625,569.8179321289062,26.509033203125,40.123046875,0.3394576907157898,-1,-1,-1
700,915,3747.304931640625,547.6956176757812,17.08154296875,32.04913330078125,0.43543457984924316,-1,-1,-1
700,586,3271.773681640625,569.6361694335938,21.94140625,42.907958984375,0.3702814280986786,-1,-1,-1
701,2,4558.13330078125,799.8151245117188,63.31201171875,106.44696044921875,0.6509681940078735,-1,-1,-1
701,671,3243.481201171875,662.804931640625,30.008544921875,69.58154296875,0.6004010438919067,-1,-1,-1
701,866,3946.698974609375,612.962158203125,24.981689453125,48.428466796875,0.4148518443107605,-1,-1,-1
701,882,3862.970458984375,549.6448974609375,24.145263671875,55.34063720703125,0.36583977937698364,-1,-1,-1
701,1,4034.1923828125,651.97607421875,31.368408203125,58.806884765625,0.4158138036727905,-1,-1,-1
701,639,4348.32177734375,548.29638671875,20.24853515625,40.5836181640625,0.38097888231277466,-1,-1,-1
701,880,4055.927734375,650.7310791015625,36.469970703125,64.72308349609375,0.4766595661640167,-1,-1,-1
701,842,3647.70703125,569.0543212890625,26.408935546875,40.7696533203125,0.30971038341522217,-1,-1,-1
701,915,3747.491455078125,547.6630249023438,16.82373046875,36.7025146484375,0.42474737763404846,-1,-1,-1
701,586,3273.303955078125,569.642333984375,20.894775390625,40.989990234375,0.3944738507270813,-1,-1,-1
702,2,4546.50927734375,797.8175659179688,76.81982421875,110.47161865234375,0.6178390383720398,-1,-1,-1
702,671,3246.185302734375,661.01025390625,29.310791015625,71.1932373046875,0.622882068157196,-1,-1,-1
702,866,3947.688720703125,612.0786743164062,24.2236328125,48.75274658203125,0.4497009515762329,-1,-1,-1
702,882,3862.8095703125,547.9307250976562,25.992431640625,57.089111328125,0.33350202441215515,-1,-1,-1
702,1,4038.32421875,650.8869018554688,30.8037109375,60.24560546875,0.332781583070755,-1,-1,-1
702,639,4346.8671875,548.2061157226562,20.4140625,41.5118408203125,0.39232558012008667,-1,-1,-1
702,880,4055.1279296875,649.3001708984375,41.75048828125,65.5706787109375,0.4504704177379608,-1,-1,-1
702,842,3648.37646484375,568.0078735351562,27.538330078125,42.51934814453125,0.3561520278453827,-1,-1,-1
702,915,3748.291015625,545.6435546875,17.51220703125,40.47076416015625,0.42557480931282043,-1,-1,-1
702,586,3274.332275390625,569.94189453125,20.876220703125,40.2703857421875,0.4400397539138794,-1,-1,-1
703,2,4542.5078125,796.9566040039062,82.6455078125,111.45556640625,0.5667916536331177,-1,-1,-1
703,671,3250.96240234375,660.2953491210938,26.299072265625,71.2841796875,0.6593362092971802,-1,-1,-1
703,866,3948.71484375,611.0131225585938,23.2314453125,49.40386962890625,0.44418179988861084,-1,-1,-1
703,882,3864.3505859375,542.8875732421875,26.410400390625,61.55169677734375,0.3530745506286621,-1,-1,-1
703,1,4044.31005859375,649.5980834960938,28.18896484375,61.2105712890625,0.25457483530044556,-1,-1,-1
703,639,4344.75048828125,548.3870239257812,21.6787109375,43.827392578125,0.3790053725242615,-1,-1,-1
703,880,4055.454833984375,648.5745849609375,44.048583984375,64.387451171875,0.5213018655776978,-1,-1,-1
703,842,3648.777099609375,566.914794921875,28.841796875,41.55609130859375,0.28013524413108826,-1,-1,-1
703,915,3748.604248046875,547.93408203125,18.710205078125,37.0810546875,0.31810617446899414,-1,-1,-1
703,586,3275.367431640625,569.9479370117188,21.1318359375,40.48028564453125,0.4239155948162079,-1,-1,-1
703,917,4584.0205078125,800.5693359375,40.0400390625,107.336181640625,0.5770078897476196,-1,-1,-1
704,2,4541.36767578125,796.75244140625,85.0615234375,111.58575439453125,0.4854374825954437,-1,-1,-1
704,671,3252.947998046875,660.41162109375,25.929931640625,71.8524169921875,0.6777319312095642,-1,-1,-1
704,866,3950.646484375,609.2637329101562,21.509521484375,49.563720703125,0.48713207244873047,-1,-1,-1
704,882,3866.66357421875,540.7562866210938,26.0751953125,65.0001220703125,0.4501936733722687,-1,-1,-1
704,639,4342.89208984375,548.9103393554688,21.93798828125,45.03369140625,0.4840114712715149,-1,-1,-1
704,880,4055.637939453125,648.1906127929688,45.829833984375,62.64007568359375,0.5434568524360657,-1,-1,-1
704,842,3650.813232421875,567.7926025390625,30.035400390625,41.84735107421875,0.30335578322410583,-1,-1,-1
704,586,3276.6357421875,569.5821533203125,20.8603515625,41.86395263671875,0.44253838062286377,-1,-1,-1
704,917,4584.0888671875,801.1989135742188,40.1650390625,105.79766845703125,0.6380636096000671,-1,-1,-1
704,919,3580.212646484375,559.6560668945312,17.267822265625,32.40570068359375,0.47118985652923584,-1,-1,-1
705,2,4541.05126953125,796.6577758789062,87.57568359375,111.6689453125,0.4901455044746399,-1,-1,-1
705,671,3254.900146484375,661.2001953125,26.83154296875,70.8668212890625,0.6864370107650757,-1,-1,-1
705,866,3952.083984375,608.174072265625,20.3291015625,48.98773193359375,0.5120670199394226,-1,-1,-1
705,882,3869.83251953125,537.7114868164062,25.269287109375,68.64422607421875,0.4902406632900238,-1,-1,-1
705,639,4342.150390625,549.183837890625,20.58544921875,43.10302734375,0.45589780807495117,-1,-1,-1
705,880,4055.5673828125,648.6478271484375,47.59375,60.69256591796875,0.5103181004524231,-1,-1,-1
705,586,3279.194091796875,569.88623046875,19.748779296875,40.61859130859375,0.4219646453857422,-1,-1,-1
705,917,4584.79150390625,801.2074584960938,41.3857421875,105.62164306640625,0.6207193732261658,-1,-1,-1
705,919,3583.859619140625,560.6995239257812,15.77685546875,31.702392578125,0.3337886929512024,-1,-1,-1
706,2,4541.990234375,796.7207641601562,88.68017578125,112.169189453125,0.4665922224521637,-1,-1,-1
706,671,3256.23779296875,660.615478515625,27.70947265625,72.09429931640625,0.5643976330757141,-1,-1,-1
706,866,3952.603271484375,607.1448974609375,20.376220703125,49.75482177734375,0.5315520763397217,-1,-1,-1
706,882,3871.671875,536.841796875,25.822021484375,69.28460693359375,0.47916918992996216,-1,-1,-1
706,639,4340.865234375,550.6642456054688,20.2861328125,40.894775390625,0.43286657333374023,-1,-1,-1
706,586,3280.962890625,569.9406127929688,18.251953125,40.61328125,0.38026145100593567,-1,-1,-1
706,917,4584.54345703125,801.2800903320312,43.67236328125,106.1884765625,0.6120409965515137,-1,-1,-1
706,1,4056.10400390625,648.6139526367188,29.20361328125,59.3477783203125,0.49500101804733276,-1,-1,-1
707,671,3256.5654296875,661.7418212890625,29.835693359375,71.02886962890625,0.527724027633667,-1,-1,-1
707,866,3953.2568359375,605.6715698242188,20.983642578125,51.34307861328125,0.5104463696479797,-1,-1,-1
707,882,3872.857421875,537.9368286132812,26.39697265625,69.06201171875,0.5177872180938721,-1,-1,-1
707,639,4339.7744140625,549.8079833984375,20.27685546875,39.051025390625,0.3736051917076111,-1,-1,-1
707,586,3281.693115234375,569.2906494140625,18.673828125,41.97845458984375,0.36797118186950684,-1,-1,-1
707,917,4583.7978515625,801.244384765625,46.39794921875,105.44482421875,0.6465723514556885,-1,-1,-1
707,1,4058.34912109375,649.1322021484375,28.592529296875,57.7633056640625,0.42921847105026245,-1,-1,-1
708,671,3259.55224609375,662.711669921875,30.11083984375,70.60882568359375,0.44906795024871826,-1,-1,-1
708,866,3953.684326171875,605.2294311523438,21.687744140625,51.43218994140625,0.524101734161377,-1,-1,-1
708,882,3874.740966796875,536.3148803710938,26.417724609375,71.79998779296875,0.5743148922920227,-1,-1,-1
708,639,4338.38232421875,549.7649536132812,20.50927734375,37.62994384765625,0.36687222123146057,-1,-1,-1
708,586,3282.6376953125,568.8090209960938,19.191162109375,42.81756591796875,0.3958144187927246,-1,-1,-1
708,917,4582.90380859375,802.0364379882812,49.4716796875,105.49261474609375,0.6864891648292542,-1,-1,-1
708,1,4059.687744140625,646.343017578125,34.077880859375,60.190185546875,0.4264897406101227,-1,-1,-1
708,880,4073.45849609375,647.1301879882812,42.09765625,61.220703125,0.4842982888221741,-1,-1,-1
709,671,3261.140380859375,663.9049072265625,31.98828125,69.64947509765625,0.38001418113708496,-1,-1,-1
709,866,3954.266357421875,604.2271118164062,22.58837890625,52.071533203125,0.5511611104011536,-1,-1,-1
709,882,3876.65087890625,536.3068237304688,26.589599609375,71.4429931640625,0.48900243639945984,-1,-1,-1
709,639,4337.7001953125,550.484619140625,20.33935546875,38.5765380859375,0.43939095735549927,-1,-1,-1
709,586,3285.2451171875,567.9627685546875,17.445556640625,43.36676025390625,0.42146822810173035,-1,-1,-1
709,917,4582.1220703125,803.0580444335938,52.02294921875,104.11767578125,0.706413984298706,-1,-1,-1
709,1,4062.80712890625,642.9680786132812,35.73095703125,63.96746826171875,0.430286705493927,-1,-1,-1
709,880,4080.66259765625,645.2766723632812,37.1083984375,63.507568359375,0.538737952709198,-1,-1,-1
709,840,3545.891357421875,634.899658203125,27.505126953125,51.1416015625,0.3706431984901428,-1,-1,-1
710,671,3261.819580078125,663.9190673828125,34.3271484375,70.01019287109375,0.5162802934646606,-1,-1,-1
710,866,3955.268798828125,603.4684448242188,23.465087890625,50.74871826171875,0.5536028742790222,-1,-1,-1
710,882,3877.65576171875,537.6389770507812,27.648681640625,70.3424072265625,0.5163745880126953,-1,-1,-1
710,639,4337.27685546875,549.9132080078125,20.27294921875,38.5947265625,0.40112099051475525,-1,-1,-1
710,586,3287.351806640625,568.0968017578125,16.360107421875,43.0511474609375,0.3961718678474426,-1,-1,-1
710,917,4582.00390625,802.9710693359375,54.1376953125,104.1396484375,0.7190673351287842,-1,-1,-1
710,880,4076.33837890625,642.7619018554688,42.06787109375,64.9647216796875,0.5753438472747803,-1,-1,-1
710,840,3548.369140625,632.7371215820312,27.930419921875,52.6165771484375,0.5125246047973633,-1,-1,-1
711,671,3262.07275390625,664.939697265625,35.603515625,68.90338134765625,0.5077412128448486,-1,-1,-1
711,866,3955.539306640625,603.4864501953125,24.83349609375,53.40936279296875,0.5665889382362366,-1,-1,-1
711,639,4337.06396484375,549.0279541015625,19.04541015625,37.622802734375,0.36531516909599304,-1,-1,-1
711,586,3288.176513671875,568.9685668945312,16.090576171875,42.24676513671875,0.4439956545829773,-1,-1,-1
711,917,4574.46435546875,803.2549438476562,63.8203125,103.8310546875,0.6860519647598267,-1,-1,-1
711,880,4077.876708984375,640.9666137695312,42.402099609375,63.47698974609375,0.5725260376930237,-1,-1,-1
711,840,3553.81591796875,632.934326171875,26.85888671875,53.79608154296875,0.5015193223953247,-1,-1,-1
712,671,3266.231201171875,665.3403930664062,31.94970703125,68.11248779296875,0.4578956365585327,-1,-1,-1
712,866,3955.649169921875,604.4376831054688,25.38037109375,52.25604248046875,0.503442108631134,-1,-1,-1
712,639,4336.373046875,549.388671875,18.50439453125,34.68572998046875,0.3076862096786499,-1,-1,-1
712,586,3288.94677734375,569.0477905273438,17.43701171875,42.052001953125,0.3658716678619385,-1,-1,-1
712,917,4576.41552734375,803.7195434570312,64.00244140625,102.94366455078125,0.6734046936035156,-1,-1,-1
712,880,4082.554931640625,640.2095947265625,39.760498046875,61.999267578125,0.5146711468696594,-1,-1,-1
712,840,3557.37744140625,633.3992309570312,26.50341796875,55.178955078125,0.3057067394256592,-1,-1,-1
713,671,3266.946044921875,665.755615234375,33.488525390625,68.2540283203125,0.48499783873558044,-1,-1,-1
713,866,3956.009521484375,606.3591918945312,25.12109375,49.48199462890625,0.4349745512008667,-1,-1,-1
713,917,4574.87890625,803.0525512695312,67.376953125,102.4833984375,0.6540749073028564,-1,-1,-1
713,880,4082.981201171875,640.2893676757812,40.067626953125,59.786376953125,0.5632050633430481,-1,-1,-1
714,671,3270.540283203125,663.6635131835938,32.059814453125,69.730224609375,0.6075259447097778,-1,-1,-1
714,866,3956.667236328125,607.6956787109375,24.38330078125,47.33001708984375,0.4125347435474396,-1,-1,-1
714,917,4574.376953125,803.0604248046875,70.044921875,102.7698974609375,0.6730638742446899,-1,-1,-1
714,880,4082.602783203125,639.7462768554688,41.956787109375,59.84521484375,0.6395972967147827,-1,-1,-1
715,671,3273.494384765625,662.3045654296875,30.8671875,70.82891845703125,0.6267262697219849,-1,-1,-1
715,866,3956.160400390625,608.8740844726562,26.741455078125,47.92706298828125,0.4215557873249054,-1,-1,-1
715,917,4569.62548828125,803.1917114257812,77.72314453125,102.35430908203125,0.6722254157066345,-1,-1,-1
715,880,4083.5703125,638.9058227539062,42.56591796875,60.80230712890625,0.635232150554657,-1,-1,-1
715,639,4333.0224609375,550.54443359375,19.51611328125,28.178466796875,0.27828314900398254,-1,-1,-1
716,671,3278.6474609375,662.5264892578125,26.630126953125,70.99615478515625,0.6406946182250977,-1,-1,-1
716,866,3957.108154296875,610.5532836914062,25.009521484375,43.742919921875,0.3401302993297577,-1,-1,-1
716,917,4575.1787109375,803.8851928710938,74.17236328125,102.11248779296875,0.6717252731323242,-1,-1,-1
716,880,4089.121826171875,638.2010498046875,38.417236328125,60.59759521484375,0.5424380898475647,-1,-1,-1
716,639,4331.70166015625,550.5726928710938,20.4150390625,29.56134033203125,0.3091641366481781,-1,-1,-1
717,671,3280.637939453125,662.4934692382812,27.812744140625,72.40936279296875,0.6529183983802795,-1,-1,-1
717,866,3957.7734375,610.5924682617188,24.644287109375,43.18988037109375,0.3664166033267975,-1,-1,-1
717,917,4576.03515625,803.9218139648438,75.25537109375,102.49896240234375,0.652567446231842,-1,-1,-1
717,880,4093.984375,637.50732421875,33.8369140625,60.720947265625,0.583386242389679,-1,-1,-1
717,639,4331.36669921875,550.3770751953125,20.5634765625,27.96832275390625,0.29145172238349915,-1,-1,-1
717,840,3572.828369140625,637.0555419921875,29.536865234375,53.78521728515625,0.29678839445114136,-1,-1,-1
718,671,3283.03173828125,662.9176025390625,27.540283203125,71.8350830078125,0.5447099804878235,-1,-1,-1
718,866,3958.438720703125,610.7389526367188,24.0400390625,42.23809814453125,0.3656785190105438,-1,-1,-1
718,917,4576.30615234375,803.8731079101562,76.68701171875,102.95697021484375,0.6559769511222839,-1,-1,-1
718,880,4097.01025390625,637.5015869140625,32.16455078125,60.61663818359375,0.5111936330795288,-1,-1,-1
718,639,4330.7138671875,550.2539672851562,21.1953125,27.43927001953125,0.3100939095020294,-1,-1,-1
718,840,3576.525390625,637.4474487304688,30.178955078125,51.04168701171875,0.3227117657661438,-1,-1,-1
719,671,3283.47412109375,663.0753173828125,28.759521484375,70.06756591796875,0.6183154582977295,-1,-1,-1
719,866,3958.63037109375,610.5603637695312,23.771484375,43.09722900390625,0.38997265696525574,-1,-1,-1
719,917,4578.7880859375,805.3125610351562,75.78271484375,101.40399169921875,0.6338980793952942,-1,-1,-1
719,880,4100.4248046875,637.0859985351562,30.35009765625,61.13165283203125,0.45754170417785645,-1,-1,-1
719,639,4330.568359375,550.0653686523438,21.1982421875,27.2784423828125,0.2935469448566437,-1,-1,-1
720,671,3284.369873046875,665.2520141601562,29.9375,67.6866455078125,0.5290811657905579,-1,-1,-1
720,866,3959.111572265625,609.8623046875,23.332763671875,44.0169677734375,0.3989492356777191,-1,-1,-1
720,917,4585.77099609375,806.2689819335938,70.5224609375,99.73004150390625,0.6166048645973206,-1,-1,-1
720,880,4103.5771484375,637.1451416015625,30.666015625,57.69512939453125,0.41765013337135315,-1,-1,-1
720,639,4331.11279296875,549.735595703125,20.6044921875,27.1812744140625,0.2716636061668396,-1,-1,-1
721,671,3285.908447265625,667.4151611328125,31.67236328125,64.90374755859375,0.4200962483882904,-1,-1,-1
721,866,3958.823486328125,609.4699096679688,25.4052734375,44.975830078125,0.37523090839385986,-1,-1,-1
721,917,4591.28271484375,807.3228759765625,67.4091796875,97.54498291015625,0.592060387134552,-1,-1,-1
721,933,3709.259521484375,579.2459106445312,18.037841796875,38.40533447265625,0.4617970883846283,-1,-1,-1
721,1,4101.9208984375,636.454833984375,35.951171875,61.2696533203125,0.5289598107337952,-1,-1,-1
721,586,3299.30224609375,568.4732666015625,21.486328125,40.1336669921875,0.2967250943183899,-1,-1,-1
722,671,3290.441162109375,666.6312866210938,31.454345703125,65.46612548828125,0.5126144289970398,-1,-1,-1
722,866,3959.6494140625,607.3340454101562,24.14892578125,46.6571044921875,0.4253581166267395,-1,-1,-1
722,917,4597.5859375,807.0803833007812,63.98193359375,97.2418212890625,0.5428641438484192,-1,-1,-1
722,933,3712.794921875,582.1815185546875,16.435791015625,34.65509033203125,0.4636613726615906,-1,-1,-1
722,1,4106.626953125,635.4523315429688,35.19677734375,56.6121826171875,0.5504595041275024,-1,-1,-1
722,586,3301.798828125,568.664306640625,20.08251953125,39.20916748046875,0.3045317828655243,-1,-1,-1
723,671,3290.26025390625,666.5218505859375,36.35205078125,66.37603759765625,0.5127761960029602,-1,-1,-1
723,866,3959.60888671875,605.13134765625,24.02392578125,48.30084228515625,0.37841933965682983,-1,-1,-1
723,917,4600.5517578125,809.0633544921875,63.8349609375,94.68060302734375,0.5719889998435974,-1,-1,-1
723,933,3715.69384765625,582.2808227539062,17.309814453125,34.0711669921875,0.45647767186164856,-1,-1,-1
723,1,4109.34814453125,634.2437744140625,36.9853515625,57.3558349609375,0.6328388452529907,-1,-1,-1
723,586,3305.4765625,568.9873657226562,17.841796875,40.24114990234375,0.33244889974594116,-1,-1,-1
724,671,3290.67138671875,665.9071044921875,39.051025390625,67.74298095703125,0.6153982281684875,-1,-1,-1
724,866,3958.492431640625,603.2589111328125,26.14697265625,50.94390869140625,0.3894021809101105,-1,-1,-1
724,917,4592.7705078125,808.402587890625,74.63818359375,94.2081298828125,0.666146457195282,-1,-1,-1
724,933,3717.778564453125,580.3297729492188,18.189697265625,37.5489501953125,0.509914755821228,-1,-1,-1
724,1,4113.328125,632.29296875,37.7490234375,59.72186279296875,0.6553651094436646,-1,-1,-1
724,586,3307.178466796875,569.5878295898438,18.04248046875,37.3564453125,0.377827912569046,-1,-1,-1
724,939,3908.02197265625,581.527099609375,21.785400390625,29.58056640625,0.4334176480770111,-1,-1,-1
724,941,3635.023193359375,555.1989135742188,18.98291015625,27.5150146484375,0.4060695767402649,-1,-1,-1
724,840,3607.43603515625,634.08935546875,23.5283203125,49.35235595703125,0.4801737070083618,-1,-1,-1
725,671,3292.126953125,665.6328735351562,39.734130859375,67.5489501953125,0.6191322207450867,-1,-1,-1
725,866,3958.7275390625,602.3549194335938,24.857177734375,51.2952880859375,0.3743925392627716,-1,-1,-1
725,917,4587.48193359375,808.8311767578125,83.56494140625,91.33038330078125,0.6070979237556458,-1,-1,-1
725,933,3720.89306640625,579.3466186523438,18.666259765625,40.17578125,0.35293397307395935,-1,-1,-1
725,1,4115.87548828125,630.8596801757812,38.5517578125,60.6453857421875,0.6100556254386902,-1,-1,-1
725,586,3307.94482421875,570.4966430664062,19.650146484375,37.8177490234375,0.37359246611595154,-1,-1,-1
725,941,3637.91162109375,556.1629028320312,18.13232421875,26.6422119140625,0.4087638556957245,-1,-1,-1
725,840,3609.04931640625,633.2342529296875,28.60107421875,53.88104248046875,0.37987229228019714,-1,-1,-1
726,671,3293.686279296875,664.9031982421875,40.26708984375,68.3436279296875,0.6850325465202332,-1,-1,-1
726,866,3959.374267578125,602.7232055664062,24.604248046875,52.09600830078125,0.4524516761302948,-1,-1,-1
726,917,4598.31396484375,807.8810424804688,78.6298828125,89.0771484375,0.6257531642913818,-1,-1,-1
726,1,4116.650390625,629.6408081054688,40.5986328125,61.23565673828125,0.5756630301475525,-1,-1,-1
726,586,3309.193115234375,570.187255859375,20.814453125,38.540283203125,0.4104459881782532,-1,-1,-1
726,941,3639.89990234375,555.259033203125,19.467041015625,27.86865234375,0.2828035354614258,-1,-1,-1
726,840,3609.759765625,631.9871215820312,32.964599609375,58.81048583984375,0.35046663880348206,-1,-1,-1
727,671,3299.11181640625,664.693359375,37.734619140625,67.9569091796875,0.6872199177742004,-1,-1,-1
727,866,3960.078369140625,602.4281005859375,23.90185546875,53.86187744140625,0.5019656419754028,-1,-1,-1
727,917,4605.814453125,808.1846923828125,76.09765625,83.10870361328125,0.704224169254303,-1,-1,-1
727,1,4117.25341796875,628.3904418945312,42.12841796875,62.2958984375,0.560239851474762,-1,-1,-1
727,586,3310.0869140625,569.9366455078125,21.549560546875,38.7786865234375,0.4492793381214142,-1,-1,-1
728,671,3304.318115234375,664.76806640625,34.2744140625,66.68853759765625,0.5741886496543884,-1,-1,-1
728,866,3960.134521484375,603.4034423828125,22.54833984375,52.83099365234375,0.5012161731719971,-1,-1,-1
728,917,4609.12353515625,807.2505493164062,78.71630859375,86.05859375,0.7718932032585144,-1,-1,-1
728,586,3312.871337890625,569.662841796875,21.056640625,39.01519775390625,0.4836810529232025,-1,-1,-1
728,880,4117.568359375,627.697509765625,31.64599609375,62.46136474609375,0.4423511326313019,-1,-1,-1
729,671,3309.10693359375,665.5613403320312,31.630859375,64.49169921875,0.582605242729187,-1,-1,-1
729,866,3960.646240234375,604.2981567382812,21.733642578125,52.620361328125,0.5084566473960876,-1,-1,-1
729,917,4613.78759765625,805.8633422851562,77.95458984375,87.002197265625,0.7777207493782043,-1,-1,-1
729,586,3314.16259765625,571.5953979492188,23.500732421875,37.31591796875,0.34307965636253357,-1,-1,-1
729,947,4144.35546875,636.21337890625,32.7109375,58.17486572265625,0.5227951407432556,-1,-1,-1
729,880,4119.10546875,627.052978515625,30.671875,57.490966796875,0.4777030944824219,-1,-1,-1
729,933,3734.272216796875,582.0481567382812,18.84912109375,37.45416259765625,0.40440016984939575,-1,-1,-1
729,840,3627.097412109375,630.239501953125,27.804443359375,48.251953125,0.3846110999584198,-1,-1,-1
730,671,3313.46630859375,664.4007568359375,29.32373046875,65.2015380859375,0.4370737671852112,-1,-1,-1
730,866,3961.150634765625,604.2367553710938,21.35986328125,52.213134765625,0.4370388388633728,-1,-1,-1
730,917,4617.63232421875,804.5333862304688,81.37255859375,87.9666748046875,0.7033254504203796,-1,-1,-1
730,586,3315.177978515625,572.7946166992188,23.664794921875,36.281494140625,0.27870047092437744,-1,-1,-1
730,880,4122.0634765625,626.3310546875,30.92529296875,54.0965576171875,0.4471322000026703,-1,-1,-1
730,933,3737.251953125,582.66455078125,17.38134765625,36.8026123046875,0.481658011674881,-1,-1,-1
730,840,3634.64599609375,631.7716674804688,22.39599609375,48.40576171875,0.45192527770996094,-1,-1,-1
730,1,4123.50634765625,627.5827026367188,48.1328125,63.9322509765625,0.31047600507736206,-1,-1,-1
731,671,3318.88525390625,663.8026123046875,26.634521484375,63.092529296875,0.47297707200050354,-1,-1,-1
731,866,3960.716064453125,605.44677734375,23.020263671875,50.6126708984375,0.3746525049209595,-1,-1,-1
731,917,4619.88623046875,803.0743408203125,82.3212890625,87.82781982421875,0.653681755065918,-1,-1,-1
731,880,4125.8232421875,624.32080078125,28.80419921875,50.921875,0.4840317368507385,-1,-1,-1
731,933,3740.410400390625,582.8311767578125,17.021728515625,35.73492431640625,0.5106855630874634,-1,-1,-1
731,840,3639.887939453125,633.5027465820312,22.553955078125,49.10369873046875,0.3742649257183075,-1,-1,-1
732,671,3320.710205078125,662.5924072265625,28.173583984375,65.82464599609375,0.5180933475494385,-1,-1,-1
732,866,3960.631103515625,605.1360473632812,24.135498046875,51.4205322265625,0.3447519838809967,-1,-1,-1
732,917,4621.27490234375,803.1439819335938,82.8388671875,86.35211181640625,0.6078226566314697,-1,-1,-1
732,880,4126.94384765625,624.6633911132812,27.78173828125,51.59466552734375,0.3854711353778839,-1,-1,-1
732,933,3742.888671875,584.2024536132812,18.141845703125,36.65252685546875,0.4578631520271301,-1,-1,-1
733,671,3323.13720703125,660.6019287109375,30.32861328125,69.947998046875,0.5970491170883179,-1,-1,-1
733,866,3959.725830078125,600.9009399414062,25.07275390625,56.04150390625,0.3743196427822113,-1,-1,-1
733,917,4624.22705078125,803.2942504882812,82.45361328125,86.145263671875,0.6025803685188293,-1,-1,-1
733,880,4128.970703125,624.5199584960938,28.44140625,52.0614013671875,0.4229894280433655,-1,-1,-1
733,933,3745.2919921875,583.8846435546875,18.751953125,39.34783935546875,0.444508820772171,-1,-1,-1
733,953,4171.7568359375,635.0355224609375,27.59716796875,56.93243408203125,0.5816024541854858,-1,-1,-1
734,671,3324.680908203125,659.9218139648438,32.29638671875,70.3131103515625,0.625767707824707,-1,-1,-1
734,866,3957.969970703125,594.7890014648438,27.4375,61.2205810546875,0.40439876914024353,-1,-1,-1
734,917,4628.28759765625,803.210205078125,81.4375,86.85931396484375,0.5435066819190979,-1,-1,-1
734,880,4131.435546875,626.0247192382812,28.568359375,49.8165283203125,0.41112208366394043,-1,-1,-1
734,933,3747.44140625,583.60498046875,19.181884765625,38.28411865234375,0.36531758308410645,-1,-1,-1
734,953,4177.34619140625,636.8470458984375,25.5927734375,55.4400634765625,0.5793752074241638,-1,-1,-1
734,840,3651.814208984375,637.6832885742188,25.406005859375,45.55450439453125,0.2691909670829773,-1,-1,-1
735,671,3328.90185546875,659.9498901367188,29.7734375,68.9964599609375,0.6046002507209778,-1,-1,-1
735,866,3957.929443359375,591.0336303710938,25.62158203125,65.11602783203125,0.3943535387516022,-1,-1,-1
735,917,4636.8408203125,802.8579711914062,76.20849609375,89.43023681640625,0.6215754151344299,-1,-1,-1
735,880,4134.21337890625,624.833740234375,29.77490234375,48.09588623046875,0.3392680585384369,-1,-1,-1
735,953,4184.076171875,634.1343994140625,24.0107421875,57.23382568359375,0.3502840995788574,-1,-1,-1
735,840,3653.841064453125,637.8965454101562,28.949462890625,48.46429443359375,0.34175142645835876,-1,-1,-1
735,586,3324.295654296875,573.986328125,23.6181640625,37.29144287109375,0.2562072277069092,-1,-1,-1
736,671,3330.164794921875,661.05712890625,31.95703125,68.5667724609375,0.5097115635871887,-1,-1,-1
736,866,3958.255615234375,586.3351440429688,24.408935546875,67.90692138671875,0.4707002341747284,-1,-1,-1
736,917,4637.162109375,804.58251953125,79.4638671875,89.0823974609375,0.5906235575675964,-1,-1,-1
736,880,4138.8046875,621.1091918945312,27.6474609375,48.235595703125,0.3255006670951843,-1,-1,-1
736,953,4190.1416015625,638.2526245117188,23.23193359375,51.27215576171875,0.4015890061855316,-1,-1,-1
736,840,3658.21875,637.2478637695312,30.15234375,50.24774169921875,0.4176892936229706,-1,-1,-1
736,586,3325.876220703125,574.0943603515625,22.936767578125,37.00311279296875,0.2969765067100525,-1,-1,-1
737,671,3333.717041015625,661.7731323242188,32.16748046875,67.81439208984375,0.3790658712387085,-1,-1,-1
737,866,3958.334228515625,584.0866088867188,24.048095703125,65.01239013671875,0.3955991268157959,-1,-1,-1
737,917,4634.1220703125,807.0662231445312,86.44775390625,87.0147705078125,0.5339165329933167,-1,-1,-1
737,880,4141.05517578125,618.9012451171875,28.42236328125,49.61395263671875,0.3335658609867096,-1,-1,-1
737,953,4193.05615234375,640.3533325195312,25.86083984375,50.44696044921875,0.41307660937309265,-1,-1,-1
737,840,3659.90576171875,636.234375,32.859130859375,50.49462890625,0.2838538885116577,-1,-1,-1
737,586,3330.06494140625,575.0322875976562,20.51611328125,35.9593505859375,0.3259945809841156,-1,-1,-1
737,933,3756.1455078125,583.8760375976562,23.39990234375,40.74169921875,0.278093546628952,-1,-1,-1
738,671,3338.19580078125,662.2608032226562,31.147705078125,65.57159423828125,0.3022907078266144,-1,-1,-1
738,866,3959.01953125,586.9863891601562,23.640380859375,59.52630615234375,0.37469014525413513,-1,-1,-1
738,917,4633.466796875,810.1054077148438,91.58056640625,84.71270751953125,0.49219781160354614,-1,-1,-1
738,880,4143.95703125,617.651123046875,27.2509765625,49.8765869140625,0.3486543297767639,-1,-1,-1
738,953,4192.6728515625,640.9932250976562,31.80078125,52.42974853515625,0.3398568034172058,-1,-1,-1
738,586,3333.0263671875,573.4662475585938,21.87939453125,37.44647216796875,0.3533872365951538,-1,-1,-1
738,933,3757.47607421875,585.2640380859375,24.623046875,41.1878662109375,0.3157072365283966,-1,-1,-1
739,866,3959.60400390625,590.3272705078125,25.45458984375,54.61102294921875,0.3219406008720398,-1,-1,-1
739,917,4638.177734375,810.1347045898438,91.53955078125,83.38909912109375,0.40387678146362305,-1,-1,-1
739,880,4148.21728515625,618.8180541992188,24.65380859375,48.26336669921875,0.47238993644714355,-1,-1,-1
739,953,4191.30712890625,641.5840454101562,39.587890625,57.14190673828125,0.3705575168132782,-1,-1,-1
739,586,3335.12158203125,572.7830810546875,21.150390625,37.229248046875,0.36551252007484436,-1,-1,-1
739,933,3761.96923828125,584.8960571289062,22.214599609375,42.78204345703125,0.3330572545528412,-1,-1,-1
740,917,4651.02978515625,806.227294921875,85.92138671875,85.93603515625,0.5752786993980408,-1,-1,-1
740,880,4152.5859375,619.722412109375,22.6943359375,47.80853271484375,0.5215369462966919,-1,-1,-1
740,953,4197.00048828125,642.3248291015625,40.15625,53.92425537109375,0.3048885762691498,-1,-1,-1
740,586,3337.368896484375,571.5201416015625,20.344482421875,38.22735595703125,0.399506539106369,-1,-1,-1
740,933,3767.83251953125,585.9064331054688,18.05712890625,38.39263916015625,0.3583798110485077,-1,-1,-1
740,671,3348.61865234375,663.1830444335938,26.327880859375,60.30389404296875,0.3670037090778351,-1,-1,-1
741,917,4657.69677734375,804.2154541015625,84.6083984375,86.8177490234375,0.5124629139900208,-1,-1,-1
741,880,4155.015625,618.4795532226562,24.185546875,49.842529296875,0.4592217803001404,-1,-1,-1
741,586,3338.5322265625,571.3861083984375,20.295654296875,38.23065185546875,0.4163438677787781,-1,-1,-1
741,933,3770.642578125,585.4163818359375,17.630126953125,38.1375732421875,0.45995035767555237,-1,-1,-1
741,671,3352.58203125,663.31005859375,25.151123046875,60.0665283203125,0.3605284094810486,-1,-1,-1
741,840,3686.4931640625,637.7175903320312,23.685302734375,51.68731689453125,0.4105260372161865,-1,-1,-1
742,917,4666.49072265625,801.2661743164062,81.5546875,89.3643798828125,0.6858378648757935,-1,-1,-1
742,880,4155.81689453125,617.1859741210938,26.53857421875,51.68408203125,0.47165805101394653,-1,-1,-1
742,586,3340.4697265625,571.646484375,22.169189453125,38.63958740234375,0.38548964262008667,-1,-1,-1
742,933,3774.08544921875,583.7138061523438,17.630859375,41.36920166015625,0.5077921748161316,-1,-1,-1
742,671,3357.025634765625,662.8535766601562,23.93896484375,60.6468505859375,0.5637738704681396,-1,-1,-1
742,840,3692.6728515625,637.239501953125,24.007080078125,53.162109375,0.45088478922843933,-1,-1,-1
742,866,3958.822021484375,599.1493530273438,23.81494140625,42.01422119140625,0.3867543637752533,-1,-1,-1
742,953,4214.01220703125,640.2813110351562,35.0908203125,56.55279541015625,0.5942370295524597,-1,-1,-1
743,917,4671.9609375,799.3972778320312,83.05810546875,90.49163818359375,0.7223852276802063,-1,-1,-1
743,880,4157.328125,617.3133544921875,29.4638671875,49.89019775390625,0.30710265040397644,-1,-1,-1
743,933,3774.58837890625,584.2745361328125,22.10302734375,42.0194091796875,0.42139485478401184,-1,-1,-1
743,671,3354.8330078125,659.8154907226562,30.368896484375,67.58270263671875,0.601398229598999,-1,-1,-1
743,866,3958.550537109375,600.3422241210938,24.437744140625,41.19085693359375,0.419620543718338,-1,-1,-1
743,953,4223.6962890625,640.4214477539062,31.5703125,55.77264404296875,0.6238425970077515,-1,-1,-1
744,917,4679.07275390625,798.701416015625,81.595703125,90.431640625,0.7434787154197693,-1,-1,-1
744,880,4158.66259765625,616.0939331054688,31.8125,50.8934326171875,0.36116427183151245,-1,-1,-1
744,671,3357.5849609375,658.3414306640625,30.74609375,70.08612060546875,0.5661898851394653,-1,-1,-1
744,866,3958.573974609375,599.467529296875,23.419921875,42.19317626953125,0.5284483432769775,-1,-1,-1
744,953,4228.21337890625,639.9281616210938,33.66845703125,56.63812255859375,0.48689937591552734,-1,-1,-1
745,917,4689.14599609375,798.847412109375,77.01123046875,90.20977783203125,0.7185205221176147,-1,-1,-1
745,880,4161.4248046875,614.7678833007812,32.44140625,49.2132568359375,0.35324862599372864,-1,-1,-1
745,671,3357.600341796875,658.1680297851562,35.91455078125,70.967529296875,0.49118876457214355,-1,-1,-1
745,866,3958.21826171875,598.3585205078125,22.125244140625,42.86273193359375,0.5601115226745605,-1,-1,-1
745,840,3705.90673828125,635.8792724609375,26.704345703125,46.98126220703125,0.3429650068283081,-1,-1,-1
746,917,4700.5341796875,799.100341796875,72.16064453125,90.63446044921875,0.753061830997467,-1,-1,-1
746,880,4165.4658203125,615.0325317382812,30.81982421875,45.0322265625,0.3262912631034851,-1,-1,-1
746,671,3360.60009765625,658.0521850585938,37.80322265625,70.8853759765625,0.37949103116989136,-1,-1,-1
746,866,3958.2470703125,597.9427490234375,21.20703125,42.13385009765625,0.5817323327064514,-1,-1,-1
746,840,3709.76025390625,634.0321044921875,27.31640625,45.2864990234375,0.43002814054489136,-1,-1,-1
746,933,3784.85888671875,583.6707153320312,22.7431640625,40.25726318359375,0.40885552763938904,-1,-1,-1
746,953,4244.9560546875,640.6370849609375,29.88134765625,50.52569580078125,0.3590514361858368,-1,-1,-1
747,917,4711.4365234375,801.8485107421875,71.02734375,90.23748779296875,0.7287989258766174,-1,-1,-1
747,880,4169.291015625,614.3016357421875,30.17333984375,45.68402099609375,0.33573028445243835,-1,-1,-1
747,671,3370.03125,659.1641235351562,32.023681640625,68.13421630859375,0.37953972816467285,-1,-1,-1
747,866,3958.313232421875,597.5252685546875,20.59130859375,41.60479736328125,0.5504209995269775,-1,-1,-1
747,840,3715.475830078125,633.0120239257812,25.7919921875,46.91455078125,0.5139466524124146,-1,-1,-1
747,933,3788.669921875,583.8042602539062,21.1591796875,40.84576416015625,0.3719741702079773,-1,-1,-1
747,953,4250.357421875,641.3916015625,32.0126953125,51.41015625,0.3977731168270111,-1,-1,-1
748,917,4720.00634765625,805.7504272460938,73.26611328125,86.11492919921875,0.7215030193328857,-1,-1,-1
748,880,4172.44482421875,614.2930908203125,30.740234375,45.36785888671875,0.35922113060951233,-1,-1,-1
748,671,3376.058349609375,660.1674194335938,27.628662109375,67.45269775390625,0.4252811670303345,-1,-1,-1
748,866,3958.05908203125,597.051025390625,20.75830078125,41.6912841796875,0.5308548808097839,-1,-1,-1
748,840,3718.74560546875,633.731689453125,27.872802734375,46.40972900390625,0.28030505776405334,-1,-1,-1
748,933,3792.9677734375,587.3731689453125,18.957275390625,38.59478759765625,0.3318842351436615,-1,-1,-1
748,953,4257.4423828125,641.1875610351562,31.11572265625,51.07293701171875,0.37909236550331116,-1,-1,-1
748,586,3356.8203125,566.9920043945312,19.677490234375,46.4344482421875,0.3291865587234497,-1,-1,-1
749,917,4726.408203125,804.7808227539062,72.36376953125,86.19012451171875,0.6969161629676819,-1,-1,-1
749,880,4178.4736328125,615.0580444335938,28.5947265625,45.43841552734375,0.36758893728256226,-1,-1,-1
749,671,3380.95458984375,661.4441528320312,25.514404296875,66.4383544921875,0.5022096633911133,-1,-1,-1
749,866,3957.861083984375,594.8291015625,20.992919921875,43.0263671875,0.5010117292404175,-1,-1,-1
749,933,3797.57958984375,588.9378662109375,17.222900390625,38.87176513671875,0.35666128993034363,-1,-1,-1
749,586,3359.476318359375,567.2821044921875,18.551513671875,46.7088623046875,0.4122752249240875,-1,-1,-1
750,917,4729.1962890625,804.1943969726562,76.921875,87.9017333984375,0.7415929436683655,-1,-1,-1
750,880,4183.61328125,615.3624267578125,26.26611328125,45.643798828125,0.3254028856754303,-1,-1,-1
750,671,3384.949951171875,663.1454467773438,24.8671875,63.37042236328125,0.5105477571487427,-1,-1,-1
750,866,3957.86572265625,592.2486572265625,21.3017578125,46.17529296875,0.527748167514801,-1,-1,-1
750,933,3801.40625,588.7247924804688,16.09375,39.10015869140625,0.37475985288619995,-1,-1,-1
750,586,3361.89306640625,566.1685791015625,17.8134765625,48.6474609375,0.476127028465271,-1,-1,-1
750,953,4272.7724609375,643.6004638671875,26.20751953125,46.72479248046875,0.43548405170440674,-1,-1,-1
