1,1,3060.7646484375,781.9000244140625,46.982666015625,100.93804931640625,0.7015096545219421,-1,-1,-1
1,2,3252.301513671875,569.3794555664062,18.41162109375,48.17822265625,0.581691324710846,-1,-1,-1
1,3,3661.809326171875,804.5238037109375,41.646484375,106.09307861328125,0.5207859873771667,-1,-1,-1
1,4,2633.87548828125,585.8631591796875,24.082763671875,56.83392333984375,0.48224005103111267,-1,-1,-1
1,5,3637.46923828125,601.0783081054688,18.639404296875,47.6473388671875,0.3516281247138977,-1,-1,-1
1,6,3288.79638671875,613.1749267578125,23.941650390625,58.28955078125,0.3391636312007904,-1,-1,-1
1,7,3586.22509765625,577.7557373046875,22.62744140625,44.71234130859375,0.3193862736225128,-1,-1,-1
1,8,3052.29931640625,550.0191650390625,19.407470703125,41.703369140625,0.277788370847702,-1,-1,-1
2,1,3060.511474609375,782.4816284179688,48.268798828125,102.2496337890625,0.7092571258544922,-1,-1,-1
2,2,3252.822998046875,569.1107177734375,18.95458984375,47.95513916015625,0.5695441961288452,-1,-1,-1
2,3,3660.927490234375,802.396240234375,41.76806640625,108.2374267578125,0.5311479568481445,-1,-1,-1
2,4,2633.8916015625,585.6751098632812,24.286865234375,57.671875,0.5208066701889038,-1,-1,-1
2,6,3288.456298828125,612.6620483398438,24.75244140625,58.5101318359375,0.3829162120819092,-1,-1,-1
2,7,3586.894287109375,575.3388671875,20.069091796875,50.13775634765625,0.26141855120658875,-1,-1,-1
3,1,3062.254638671875,783.0811157226562,47.505615234375,103.9451904296875,0.7068588733673096,-1,-1,-1
3,2,3253.773681640625,569.1463012695312,18.773193359375,47.26824951171875,0.5391830205917358,-1,-1,-1
3,3,3657.55859375,802.0855102539062,44.798828125,107.50762939453125,0.5229502320289612,-1,-1,-1
3,4,2634.176025390625,585.819580078125,24.11474609375,57.6998291015625,0.5263796448707581,-1,-1,-1
3,6,3288.757568359375,612.471435546875,24.590576171875,58.83563232421875,0.336589515209198,-1,-1,-1
3,7,3586.946044921875,574.2703857421875,18.8818359375,51.713623046875,0.28663983941078186,-1,-1,-1
4,1,3063.38525390625,784.70068359375,44.61767578125,101.41241455078125,0.7052710056304932,-1,-1,-1
4,2,3254.557373046875,569.381591796875,19.59765625,46.10211181640625,0.4828360974788666,-1,-1,-1
4,3,3656.108154296875,801.6532592773438,45.05078125,107.9857177734375,0.5927766561508179,-1,-1,-1
4,4,2634.342529296875,586.045166015625,24.1181640625,57.20849609375,0.5181548595428467,-1,-1,-1
4,6,3288.782470703125,612.1718139648438,24.741455078125,59.14300537109375,0.4280782639980316,-1,-1,-1
4,7,3587.016357421875,575.275634765625,18.010009765625,50.59979248046875,0.26843854784965515,-1,-1,-1
4,5,3633.546630859375,597.9548950195312,21.43505859375,49.87322998046875,0.3505438268184662,-1,-1,-1
5,1,3063.726806640625,783.8312377929688,43.639892578125,102.115478515625,0.697927713394165,-1,-1,-1
5,2,3255.01220703125,569.7939453125,20.038330078125,45.2413330078125,0.4474910497665405,-1,-1,-1
5,3,3655.59765625,800.6625366210938,43.965087890625,108.7896728515625,0.5475115776062012,-1,-1,-1
5,4,2635.62353515625,586.2321166992188,22.916259765625,57.15863037109375,0.5339084267616272,-1,-1,-1
5,6,3288.88232421875,612.816162109375,25.251953125,58.70458984375,0.3794829249382019,-1,-1,-1
5,7,3586.62939453125,576.1095581054688,17.290771484375,50.3868408203125,0.29649418592453003,-1,-1,-1
5,5,3633.608154296875,596.9739379882812,20.783203125,50.13494873046875,0.30051368474960327,-1,-1,-1
6,1,3064.836669921875,784.3689575195312,42.084228515625,102.41656494140625,0.7208223938941956,-1,-1,-1
6,2,3256.17724609375,569.9940185546875,19.016845703125,44.20025634765625,0.45720499753952026,-1,-1,-1
6,3,3655.778076171875,799.797607421875,42.251220703125,109.64691162109375,0.40274786949157715,-1,-1,-1
6,4,2635.8330078125,586.2875366210938,22.716552734375,56.85302734375,0.507270336151123,-1,-1,-1
6,7,3586.0830078125,575.6323852539062,17.2373046875,51.460205078125,0.3252955973148346,-1,-1,-1
6,5,3633.38232421875,596.4363403320312,20.25927734375,51.15728759765625,0.26903143525123596,-1,-1,-1
7,1,3067.07080078125,784.4071044921875,39.528076171875,102.77313232421875,0.7134068608283997,-1,-1,-1
7,2,3257.584228515625,570.4788818359375,17.82568359375,43.936279296875,0.47575077414512634,-1,-1,-1
7,3,3655.381591796875,799.30859375,42.394287109375,110.013671875,0.4642425775527954,-1,-1,-1
7,4,2635.827392578125,586.6223754882812,22.680419921875,56.31671142578125,0.5322536826133728,-1,-1,-1
7,7,3585.896484375,575.4309692382812,17.39306640625,50.73724365234375,0.31948649883270264,-1,-1,-1
7,5,3633.517578125,596.9392700195312,19.8134765625,51.54693603515625,0.26204314827919006,-1,-1,-1
8,1,3069.239990234375,786.0987548828125,36.2509765625,102.23455810546875,0.6915610432624817,-1,-1,-1
8,2,3257.47998046875,570.7518920898438,18.02587890625,44.9892578125,0.49092715978622437,-1,-1,-1
8,3,3654.37646484375,798.6246337890625,42.875,110.64544677734375,0.511843740940094,-1,-1,-1
8,4,2635.23974609375,586.6286010742188,23.20068359375,56.10791015625,0.5348050594329834,-1,-1,-1
8,7,3584.9873046875,576.00146484375,17.62451171875,48.22723388671875,0.359480619430542,-1,-1,-1
9,1,3071.115966796875,787.0415649414062,34.5087890625,101.94586181640625,0.723181426525116,-1,-1,-1
9,2,3258.274169921875,570.9549560546875,17.749267578125,45.935546875,0.500342607498169,-1,-1,-1
9,3,3654.107666015625,797.5272216796875,42.908935546875,111.79608154296875,0.5796654224395752,-1,-1,-1
9,4,2634.5,586.3660888671875,23.95947265625,56.586669921875,0.5442894101142883,-1,-1,-1
9,7,3584.114013671875,575.5903930664062,17.87744140625,49.88861083984375,0.4177929759025574,-1,-1,-1
9,5,3633.211669921875,596.5983276367188,19.6025390625,51.049072265625,0.26384761929512024,-1,-1,-1
10,1,3072.729248046875,786.9393310546875,33.40185546875,101.9132080078125,0.7353188991546631,-1,-1,-1
10,2,3259.279296875,570.8424072265625,17.223388671875,46.754638671875,0.5395346879959106,-1,-1,-1
10,3,3654.329345703125,795.9212646484375,42.52978515625,113.42755126953125,0.5967330932617188,-1,-1,-1
10,4,2633.40625,586.2775268554688,25.1962890625,56.64642333984375,0.5255444645881653,-1,-1,-1
10,7,3583.501708984375,575.5651245117188,18.573486328125,49.82513427734375,0.4054642617702484,-1,-1,-1
10,6,3291.623291015625,613.5624389648438,27.72509765625,58.67034912109375,0.2618198096752167,-1,-1,-1
11,1,3073.989013671875,786.05712890625,32.801513671875,102.2987060546875,0.7130317091941833,-1,-1,-1
11,2,3259.69677734375,571.0135498046875,17.468994140625,46.78173828125,0.5593330264091492,-1,-1,-1
11,3,3654.092041015625,795.6569213867188,42.6201171875,113.7333984375,0.5880937576293945,-1,-1,-1
11,4,2633.237548828125,586.5139770507812,25.188720703125,56.334716796875,0.5144405961036682,-1,-1,-1
11,7,3582.913330078125,576.4779663085938,18.572265625,49.33770751953125,0.3860558271408081,-1,-1,-1
11,6,3292.00439453125,613.7717895507812,27.772705078125,58.35113525390625,0.2572152614593506,-1,-1,-1
11,5,3633.121826171875,597.654541015625,18.958740234375,50.28265380859375,0.26348555088043213,-1,-1,-1
12,1,3074.759521484375,785.6004638671875,32.980224609375,102.63458251953125,0.7132017612457275,-1,-1,-1
12,2,3260.814208984375,570.4077758789062,17.5400390625,46.78155517578125,0.516357421875,-1,-1,-1
12,3,3654.028076171875,795.7151489257812,42.4267578125,114.12445068359375,0.6347808837890625,-1,-1,-1
12,4,2633.044921875,586.6654663085938,25.32373046875,56.4088134765625,0.5231396555900574,-1,-1,-1
12,7,3581.62451171875,575.3265380859375,19.6328125,51.69580078125,0.4164769947528839,-1,-1,-1
12,6,3292.093017578125,613.6769409179688,27.7265625,58.1783447265625,0.25850051641464233,-1,-1,-1
12,5,3633.024658203125,596.7457885742188,18.519287109375,51.98077392578125,0.2829686403274536,-1,-1,-1
13,1,3075.358642578125,785.8543701171875,34.110595703125,101.79461669921875,0.696899950504303,-1,-1,-1
13,2,3261.585205078125,570.1366577148438,18.347412109375,47.10345458984375,0.47727182507514954,-1,-1,-1
13,3,3653.99169921875,795.2100219726562,41.683837890625,115.05523681640625,0.5831072926521301,-1,-1,-1
13,4,2632.644775390625,586.998291015625,25.80712890625,56.21978759765625,0.4868015944957733,-1,-1,-1
13,7,3580.33056640625,576.2167358398438,20.2236328125,50.59130859375,0.4490607678890228,-1,-1,-1
14,1,3074.865478515625,784.6815185546875,36.649658203125,102.6995849609375,0.7403439283370972,-1,-1,-1
14,2,3261.86767578125,569.4505004882812,20.224365234375,48.59112548828125,0.45742473006248474,-1,-1,-1
14,3,3653.822998046875,795.025390625,41.026123046875,115.300537109375,0.6001183390617371,-1,-1,-1
14,4,2632.0068359375,587.2667846679688,26.535888671875,55.85833740234375,0.46596968173980713,-1,-1,-1
14,7,3579.943359375,574.6134643554688,20.6650390625,52.286865234375,0.5017486810684204,-1,-1,-1
14,6,3292.17138671875,612.30517578125,27.615478515625,59.24334716796875,0.25312063097953796,-1,-1,-1
14,5,3631.564208984375,593.8450317382812,19.2255859375,55.99945068359375,0.30793753266334534,-1,-1,-1
15,1,3075.206298828125,783.7272338867188,39.591552734375,104.06982421875,0.7434012293815613,-1,-1,-1
15,2,3262.3701171875,568.7260131835938,21.54248046875,46.2349853515625,0.29968300461769104,-1,-1,-1
15,3,3653.406494140625,794.7247314453125,40.366943359375,114.8121337890625,0.5701568722724915,-1,-1,-1
15,4,2631.6005859375,587.37939453125,26.81103515625,55.53826904296875,0.471698135137558,-1,-1,-1
15,7,3579.91748046875,573.6621704101562,19.448486328125,51.71820068359375,0.5097987055778503,-1,-1,-1
15,5,3630.51123046875,592.3712768554688,19.96533203125,57.27337646484375,0.2835860550403595,-1,-1,-1
16,1,3075.4970703125,783.3009033203125,42.257080078125,104.50189208984375,0.7242931127548218,-1,-1,-1
16,2,3262.568359375,568.279541015625,22.11181640625,44.61212158203125,0.33842530846595764,-1,-1,-1
16,3,3654.267333984375,794.4070434570312,38.5361328125,114.22613525390625,0.5330761671066284,-1,-1,-1
16,4,2631.349609375,586.8689575195312,26.615966796875,55.90350341796875,0.5171446204185486,-1,-1,-1
16,7,3578.884765625,572.8840942382812,18.449951171875,52.8092041015625,0.49224403500556946,-1,-1,-1
16,6,3292.33447265625,611.49169921875,27.334228515625,59.1441650390625,0.25588831305503845,-1,-1,-1
17,1,3076.157470703125,783.0499877929688,44.80810546875,105.26885986328125,0.71262526512146,-1,-1,-1
17,2,3263.091552734375,569.2472534179688,21.004638671875,40.47808837890625,0.3600490987300873,-1,-1,-1
17,3,3655.21533203125,794.22802734375,36.287353515625,113.8780517578125,0.5074461102485657,-1,-1,-1
17,4,2631.18505859375,587.134033203125,26.9560546875,55.5537109375,0.46662378311157227,-1,-1,-1
17,7,3576.205322265625,572.8137817382812,18.951171875,52.51690673828125,0.5499260425567627,-1,-1,-1
17,5,3629.044921875,591.5772705078125,21.046875,56.12567138671875,0.2501053214073181,-1,-1,-1
18,1,3076.567138671875,783.2574462890625,46.24853515625,104.91448974609375,0.734355628490448,-1,-1,-1
18,2,3263.708740234375,569.7393188476562,20.275146484375,38.43878173828125,0.35596585273742676,-1,-1,-1
18,3,3659.802734375,794.53076171875,31.148193359375,113.54974365234375,0.4788089394569397,-1,-1,-1
18,4,2630.817626953125,587.5428466796875,26.656005859375,54.5726318359375,0.47198349237442017,-1,-1,-1
18,7,3574.677734375,573.336181640625,18.9638671875,52.31927490234375,0.5622887015342712,-1,-1,-1
18,26,3091.28955078125,529.3106079101562,16.36767578125,40.2745361328125,0.35782748460769653,-1,-1,-1
19,1,3077.37109375,783.0499267578125,46.589111328125,105.35498046875,0.7646191716194153,-1,-1,-1
19,2,3264.204833984375,570.4136352539062,19.985107421875,37.52545166015625,0.37271732091903687,-1,-1,-1
19,3,3661.411865234375,794.67529296875,29.337158203125,112.0941162109375,0.4453534483909607,-1,-1,-1
19,4,2629.95361328125,587.4810180664062,26.896728515625,54.4456787109375,0.5004043579101562,-1,-1,-1
19,7,3573.580810546875,575.0488891601562,19.0791015625,51.36346435546875,0.5467753410339355,-1,-1,-1
19,26,3090.558349609375,529.2627563476562,16.4482421875,39.33697509765625,0.3573492467403412,-1,-1,-1
20,1,3078.20458984375,781.9135131835938,45.412353515625,106.24371337890625,0.7729130983352661,-1,-1,-1
20,2,3264.99365234375,570.9610595703125,20.198974609375,35.951904296875,0.41175737977027893,-1,-1,-1
20,3,3661.3408203125,794.8595581054688,29.228759765625,112.07843017578125,0.43470028042793274,-1,-1,-1
20,4,2628.16552734375,587.2431640625,26.787353515625,55.16357421875,0.5333002209663391,-1,-1,-1
20,7,3572.953369140625,573.830322265625,19.3369140625,52.041748046875,0.5593084692955017,-1,-1,-1
20,26,3089.145751953125,529.3428344726562,17.03173828125,38.73101806640625,0.33927083015441895,-1,-1,-1
21,1,3079.141845703125,781.4180297851562,44.468017578125,106.6143798828125,0.7636103630065918,-1,-1,-1
21,2,3265.666259765625,570.8701782226562,20.126953125,35.15460205078125,0.4074611961841583,-1,-1,-1
21,3,3653.89208984375,794.4690551757812,36.245849609375,113.59661865234375,0.45744559168815613,-1,-1,-1
21,4,2626.623779296875,587.4057006835938,23.77490234375,55.9893798828125,0.5066560506820679,-1,-1,-1
21,7,3572.682373046875,573.8939208984375,19.29931640625,51.40472412109375,0.5254408717155457,-1,-1,-1
21,26,3088.03466796875,530.5365600585938,18.01953125,37.46368408203125,0.31180450320243835,-1,-1,-1
22,1,3080.726318359375,782.5075073242188,43.147705078125,105.76116943359375,0.784380316734314,-1,-1,-1
22,2,3266.125732421875,570.6967163085938,20.488037109375,36.345458984375,0.4145154058933258,-1,-1,-1
22,3,3652.144775390625,794.4423828125,37.8046875,112.87255859375,0.367231160402298,-1,-1,-1
22,4,2626.09814453125,587.3695068359375,20.998779296875,56.45635986328125,0.5703089237213135,-1,-1,-1
22,7,3572.3369140625,575.0404052734375,19.345947265625,49.44342041015625,0.4911707043647766,-1,-1,-1
22,26,3087.183837890625,531.5550537109375,18.326416015625,34.9217529296875,0.3167271316051483,-1,-1,-1
23,1,3082.580322265625,783.3890991210938,41.951904296875,105.51165771484375,0.8037841320037842,-1,-1,-1
23,2,3266.953125,570.4693603515625,20.18994140625,37.10467529296875,0.39444059133529663,-1,-1,-1
23,3,3649.905517578125,794.5662231445312,39.822998046875,112.8756103515625,0.4340103566646576,-1,-1,-1
23,4,2625.72802734375,586.201416015625,19.45263671875,57.305419921875,0.5123918652534485,-1,-1,-1
23,7,3571.85693359375,576.691650390625,19.209716796875,46.5313720703125,0.4582146108150482,-1,-1,-1
23,26,3087.373779296875,533.08935546875,17.798583984375,31.8270263671875,0.339229553937912,-1,-1,-1
23,6,3292.201171875,612.7830810546875,27.22900390625,58.0252685546875,0.2510594427585602,-1,-1,-1
24,1,3084.2421875,783.2939453125,43.162109375,106.25982666015625,0.782715380191803,-1,-1,-1
24,2,3267.530517578125,570.8968505859375,20.1572265625,36.3505859375,0.3616195619106293,-1,-1,-1
24,3,3647.860595703125,794.7429809570312,41.449462890625,113.7608642578125,0.499044269323349,-1,-1,-1
24,4,2624.8564453125,585.9122314453125,19.077392578125,56.85113525390625,0.4126409590244293,-1,-1,-1
24,7,3571.4541015625,576.6481323242188,19.41015625,45.9866943359375,0.44112440943717957,-1,-1,-1
24,26,3087.158203125,532.520751953125,17.57763671875,33.12628173828125,0.35206252336502075,-1,-1,-1
24,41,4060.117919921875,527.89404296875,17.3837890625,30.23687744140625,0.3209604322910309,-1,-1,-1
24,6,3292.287841796875,612.8969116210938,27.104248046875,58.26287841796875,0.26467180252075195,-1,-1,-1
25,1,3085.77783203125,783.5428466796875,43.231689453125,106.03582763671875,0.7627284526824951,-1,-1,-1
25,2,3269.2666015625,571.2175903320312,19.044677734375,35.1761474609375,0.37177833914756775,-1,-1,-1
25,3,3647.5595703125,795.5191040039062,41.4970703125,113.6077880859375,0.5040900707244873,-1,-1,-1
25,4,2622.58154296875,584.9951171875,21.236328125,56.9853515625,0.46685856580734253,-1,-1,-1
25,7,3570.7314453125,577.5020751953125,20.072265625,44.5015869140625,0.454987108707428,-1,-1,-1
25,26,3086.684326171875,531.4226684570312,17.703857421875,35.06640625,0.3599274754524231,-1,-1,-1
25,41,4060.321533203125,527.4597778320312,17.188232421875,30.86865234375,0.36176198720932007,-1,-1,-1
25,6,3292.292724609375,613.0767211914062,27.130859375,58.2642822265625,0.26371142268180847,-1,-1,-1
26,1,3086.6728515625,784.239013671875,43.169677734375,105.37054443359375,0.7787784934043884,-1,-1,-1
26,2,3270.4970703125,572.3509521484375,18.8564453125,33.01568603515625,0.3197638988494873,-1,-1,-1
26,3,3648.641357421875,796.2172241210938,39.817138671875,112.98712158203125,0.41594865918159485,-1,-1,-1
26,4,2619.966064453125,584.3715209960938,23.64697265625,57.1185302734375,0.3282531499862671,-1,-1,-1
26,7,3568.952880859375,578.5070190429688,21.677978515625,43.619140625,0.36699527502059937,-1,-1,-1
26,26,3086.29541015625,530.3928833007812,17.68408203125,35.95184326171875,0.322032630443573,-1,-1,-1
26,41,4060.678466796875,527.3206176757812,16.962646484375,30.99456787109375,0.3628297448158264,-1,-1,-1
27,1,3087.705810546875,784.4476318359375,44.228759765625,105.1429443359375,0.7459571957588196,-1,-1,-1
27,2,3271.435791015625,573.2686767578125,19.11865234375,30.41400146484375,0.33266228437423706,-1,-1,-1
27,3,3647.337646484375,796.669921875,40.656494140625,112.5545654296875,0.4609456956386566,-1,-1,-1
27,4,2618.5302734375,584.2382202148438,25.0673828125,56.904541015625,0.3001015782356262,-1,-1,-1
27,7,3567.5927734375,576.6910400390625,23.009765625,45.80230712890625,0.3558008074760437,-1,-1,-1
27,26,3085.663330078125,529.2989501953125,17.9111328125,38.5941162109375,0.2911054193973541,-1,-1,-1
27,41,4060.871337890625,527.2701416015625,16.85498046875,30.840576171875,0.3591521978378296,-1,-1,-1
28,1,3088.8642578125,783.4921875,44.731689453125,106.34173583984375,0.7497981190681458,-1,-1,-1
28,2,3272.240966796875,573.2560424804688,19.2763671875,29.2379150390625,0.3218895196914673,-1,-1,-1
28,3,3647.212890625,796.6084594726562,40.651123046875,112.764892578125,0.4563802182674408,-1,-1,-1
28,4,2617.384765625,582.7208251953125,25.567626953125,59.42303466796875,0.42706313729286194,-1,-1,-1
28,26,3085.207763671875,530.3457641601562,18.040771484375,37.27520751953125,0.2746763229370117,-1,-1,-1
28,41,4061.04736328125,527.9254760742188,16.6474609375,29.84979248046875,0.3813590109348297,-1,-1,-1
28,5,3626.44384765625,587.6369018554688,19.7451171875,58.3013916015625,0.2744915783405304,-1,-1,-1
29,1,3090.114990234375,782.8123168945312,45.144775390625,107.333740234375,0.7531818747520447,-1,-1,-1
29,2,3272.65673828125,572.9916381835938,19.314208984375,28.65576171875,0.3057610094547272,-1,-1,-1
29,3,3647.32080078125,796.5834350585938,40.48876953125,112.99053955078125,0.48578470945358276,-1,-1,-1
29,4,2615.878662109375,581.8220825195312,26.59375,60.46502685546875,0.44997790455818176,-1,-1,-1
29,41,4060.961669921875,527.9578247070312,16.691650390625,29.737060546875,0.4050104022026062,-1,-1,-1
30,1,3092.923828125,782.2991943359375,44.219482421875,107.8726806640625,0.7443734407424927,-1,-1,-1
30,2,3273.022705078125,572.5812377929688,19.840576171875,28.07000732421875,0.2897227704524994,-1,-1,-1
30,3,3647.862548828125,796.480224609375,39.8212890625,113.03521728515625,0.5082960724830627,-1,-1,-1
30,4,2614.44384765625,581.8814086914062,27.665283203125,60.27362060546875,0.4599155783653259,-1,-1,-1
30,41,4060.966064453125,528.0916748046875,16.6748046875,29.3255615234375,0.4064194858074188,-1,-1,-1
30,26,3084.946533203125,532.7644653320312,18.08544921875,33.61041259765625,0.2665989398956299,-1,-1,-1
31,1,3093.755126953125,781.7747192382812,45.282958984375,108.5709228515625,0.7710626721382141,-1,-1,-1
31,2,3272.741455078125,570.9635009765625,22.100341796875,32.29168701171875,0.3190372884273529,-1,-1,-1
31,3,3647.71435546875,796.417724609375,39.852783203125,113.0421142578125,0.5288328528404236,-1,-1,-1
31,4,2613.427978515625,581.9843139648438,28.441650390625,60.07122802734375,0.4836261570453644,-1,-1,-1
31,41,4061.018310546875,527.73388671875,16.688720703125,29.871826171875,0.4354323744773865,-1,-1,-1
31,26,3085.126220703125,533.15234375,17.968017578125,33.19598388671875,0.2779814600944519,-1,-1,-1
32,1,3096.3505859375,781.4880981445312,44.47900390625,108.5196533203125,0.7893954515457153,-1,-1,-1
32,2,3272.689453125,570.6318969726562,23.228515625,33.4947509765625,0.3477950394153595,-1,-1,-1
32,3,3646.66259765625,796.4019165039062,40.61376953125,113.086181640625,0.56429523229599,-1,-1,-1
32,4,2611.174560546875,582.3634033203125,29.808349609375,59.97467041015625,0.4387022852897644,-1,-1,-1
32,41,4061.062744140625,527.33056640625,16.668701171875,30.28485107421875,0.4288078248500824,-1,-1,-1
32,26,3085.18017578125,532.6265869140625,17.82958984375,33.210693359375,0.27135971188545227,-1,-1,-1
33,1,3099.17529296875,781.6654663085938,42.69189453125,107.7978515625,0.8027742505073547,-1,-1,-1
33,2,3272.83837890625,570.6978149414062,23.73583984375,33.81494140625,0.3740798830986023,-1,-1,-1
33,3,3646.235595703125,796.60107421875,40.3369140625,112.94091796875,0.5430524945259094,-1,-1,-1
33,4,2609.459716796875,584.2326049804688,29.699462890625,58.16802978515625,0.49306154251098633,-1,-1,-1
33,41,4061.12255859375,527.1806640625,16.598388671875,30.30657958984375,0.4228357970714569,-1,-1,-1
33,5,3621.695068359375,587.1199340820312,23.94482421875,60.5574951171875,0.2700173556804657,-1,-1,-1
34,1,3100.5048828125,780.6465454101562,42.175048828125,108.8424072265625,0.8043940663337708,-1,-1,-1
34,2,3273.786376953125,570.4514770507812,23.00244140625,33.67498779296875,0.363893985748291,-1,-1,-1
34,3,3644.668212890625,796.3156127929688,42.65673828125,113.37689208984375,0.5259203910827637,-1,-1,-1
34,4,2608.598876953125,584.9556884765625,29.2958984375,57.04644775390625,0.501903772354126,-1,-1,-1
34,41,4061.163818359375,527.293701171875,16.5537109375,30.356201171875,0.4147154986858368,-1,-1,-1
35,1,3103.0380859375,780.445068359375,40.531982421875,108.82586669921875,0.8249673843383789,-1,-1,-1
35,2,3274.65673828125,569.9078979492188,22.636474609375,34.0328369140625,0.38867342472076416,-1,-1,-1
35,3,3643.83544921875,796.1085205078125,43.662841796875,113.66961669921875,0.5124939680099487,-1,-1,-1
35,4,2607.926513671875,584.4352416992188,28.67578125,56.875,0.5508160591125488,-1,-1,-1
35,41,4061.257568359375,528.0497436523438,16.525390625,29.384521484375,0.4260854423046112,-1,-1,-1
36,1,3106.531494140625,780.1404418945312,37.6494140625,108.90155029296875,0.8300513029098511,-1,-1,-1
36,2,3275.108154296875,569.6848754882812,23.18017578125,34.9014892578125,0.4072652757167816,-1,-1,-1
36,3,3644.36181640625,796.5813598632812,42.33837890625,113.30517578125,0.5248871445655823,-1,-1,-1
36,4,2607.231201171875,583.4351196289062,27.514892578125,57.19036865234375,0.5780634880065918,-1,-1,-1
36,41,4061.330078125,528.4766845703125,16.490234375,29.03143310546875,0.40389296412467957,-1,-1,-1
37,1,3108.895751953125,780.266357421875,36.499755859375,108.71832275390625,0.8413068056106567,-1,-1,-1
37,2,3275.4677734375,569.6600341796875,24.949951171875,37.362060546875,0.4479483962059021,-1,-1,-1
37,3,3644.85986328125,796.8173828125,41.49365234375,113.19091796875,0.5356221199035645,-1,-1,-1
37,4,2606.056396484375,583.2550659179688,26.935546875,57.395751953125,0.6049696803092957,-1,-1,-1
37,41,4061.337646484375,528.5963134765625,16.50927734375,28.94000244140625,0.41583698987960815,-1,-1,-1
37,49,3281.15478515625,585.4078979492188,31.473876953125,86.998779296875,0.4114459156990051,-1,-1,-1
38,1,3110.867431640625,781.2632446289062,35.544189453125,108.08258056640625,0.8450534343719482,-1,-1,-1
38,2,3275.87158203125,569.6668090820312,25.0390625,37.1812744140625,0.4006642997264862,-1,-1,-1
38,3,3645.38330078125,797.11328125,40.774658203125,112.94097900390625,0.5263155698776245,-1,-1,-1
38,4,2605.412841796875,583.4553833007812,25.35400390625,57.61737060546875,0.5722254514694214,-1,-1,-1
38,41,4061.4013671875,528.7081298828125,16.438232421875,28.709716796875,0.4027939736843109,-1,-1,-1
38,49,3281.5458984375,587.1096801757812,30.94189453125,85.1192626953125,0.3629034161567688,-1,-1,-1
38,51,3555.076416015625,579.25,19.531494140625,42.379150390625,0.3902157247066498,-1,-1,-1
39,1,3111.9853515625,781.9866333007812,35.3857421875,106.86724853515625,0.844403862953186,-1,-1,-1
39,2,3276.593017578125,569.6932983398438,26.689453125,38.312255859375,0.41269415616989136,-1,-1,-1
39,3,3645.191162109375,797.42431640625,40.70703125,112.63739013671875,0.5317577719688416,-1,-1,-1
39,4,2604.94189453125,583.658203125,24.3515625,57.535400390625,0.5595112442970276,-1,-1,-1
39,41,4061.400390625,528.8090209960938,16.42041015625,28.49334716796875,0.40224361419677734,-1,-1,-1
39,49,3281.040283203125,585.0363159179688,31.750732421875,87.14801025390625,0.4858723282814026,-1,-1,-1
39,51,3554.98291015625,580.55908203125,18.485595703125,41.4300537109375,0.2540179193019867,-1,-1,-1
40,1,3113.546875,782.7364501953125,34.48876953125,106.6571044921875,0.8270132541656494,-1,-1,-1
40,2,3277.267578125,569.518310546875,25.90576171875,37.13702392578125,0.3836767077445984,-1,-1,-1
40,3,3645.916015625,797.7828369140625,39.9638671875,112.42462158203125,0.5109584927558899,-1,-1,-1
40,4,2604.139892578125,583.630615234375,23.708984375,57.291748046875,0.5744774341583252,-1,-1,-1
40,41,4061.41259765625,528.9921875,16.3955078125,28.35919189453125,0.3859740197658539,-1,-1,-1
40,49,3281.578125,595.2821655273438,30.767822265625,76.75189208984375,0.3942124843597412,-1,-1,-1
41,1,3113.84765625,781.535400390625,36.914794921875,107.72564697265625,0.8038671016693115,-1,-1,-1
41,2,3277.7490234375,569.2918701171875,26.54248046875,39.9110107421875,0.4399445652961731,-1,-1,-1
41,3,3644.09375,797.3427124023438,42.7705078125,113.3414306640625,0.5353792905807495,-1,-1,-1
41,4,2603.766357421875,583.4570922851562,23.29345703125,57.07318115234375,0.617030918598175,-1,-1,-1
41,41,4061.3828125,528.9736938476562,16.45166015625,28.49468994140625,0.40163564682006836,-1,-1,-1
41,49,3281.35205078125,583.9257202148438,30.96142578125,88.048828125,0.5309631824493408,-1,-1,-1
42,1,3114.453369140625,782.60546875,37.396240234375,106.58990478515625,0.7821958661079407,-1,-1,-1
42,2,3278.868896484375,569.3181762695312,25.9912109375,42.08294677734375,0.4695156514644623,-1,-1,-1
42,3,3643.7490234375,797.1328125,43.5029296875,113.744384765625,0.5057182312011719,-1,-1,-1
42,4,2603.58251953125,583.365234375,23.02978515625,57.50433349609375,0.6396421194076538,-1,-1,-1
42,41,4061.4208984375,528.9053955078125,16.48193359375,28.566162109375,0.4010559320449829,-1,-1,-1
42,49,3281.8037109375,582.106689453125,30.45458984375,90.042236328125,0.5626420974731445,-1,-1,-1
43,1,3116.864990234375,783.1852416992188,35.396240234375,105.84136962890625,0.7708292007446289,-1,-1,-1
43,2,3279.453125,568.9984741210938,26.03173828125,45.56842041015625,0.44574248790740967,-1,-1,-1
43,3,3643.001708984375,796.9765014648438,44.414306640625,113.989501953125,0.5569305419921875,-1,-1,-1
43,4,2602.264404296875,583.1195068359375,23.590087890625,57.79058837890625,0.6042996048927307,-1,-1,-1
43,41,4061.447021484375,528.845703125,16.510986328125,28.6224365234375,0.4030529856681824,-1,-1,-1
43,49,3281.893798828125,576.500244140625,30.152099609375,96.0928955078125,0.5575376749038696,-1,-1,-1
44,1,3117.544189453125,782.4512329101562,35.73681640625,106.56549072265625,0.7276800870895386,-1,-1,-1
44,3,3642.06982421875,796.8634643554688,45.38330078125,114.2291259765625,0.5696226358413696,-1,-1,-1
44,4,2601.303466796875,583.0515747070312,23.830810546875,56.91925048828125,0.6013918519020081,-1,-1,-1
44,41,4061.461181640625,528.8048095703125,16.555908203125,28.71441650390625,0.4158904254436493,-1,-1,-1
44,49,3282.085205078125,570.9349365234375,30.249755859375,101.78338623046875,0.6249270439147949,-1,-1,-1
45,1,3117.779052734375,782.3414306640625,36.881591796875,106.58514404296875,0.672658383846283,-1,-1,-1
45,3,3641.92138671875,796.9371337890625,45.528564453125,114.28216552734375,0.5570620894432068,-1,-1,-1
45,4,2600.16845703125,582.8046875,24.300537109375,56.71307373046875,0.5772875547409058,-1,-1,-1
45,41,4061.497314453125,528.9596557617188,16.532958984375,28.6328125,0.41239818930625916,-1,-1,-1
45,49,3282.7509765625,568.8154907226562,29.5205078125,103.9832763671875,0.6041222810745239,-1,-1,-1
46,1,3117.7255859375,781.6010131835938,39.10791015625,106.13525390625,0.636793851852417,-1,-1,-1
46,3,3641.820068359375,796.9552001953125,46.175537109375,114.270751953125,0.5451710224151611,-1,-1,-1
46,4,2599.2822265625,582.5570068359375,24.953857421875,56.8682861328125,0.5667605996131897,-1,-1,-1
46,41,4061.5302734375,528.991943359375,16.499267578125,28.61468505859375,0.4078412652015686,-1,-1,-1
46,49,3283.431884765625,568.0311889648438,28.3984375,104.692626953125,0.6389119625091553,-1,-1,-1
47,1,3118.15380859375,781.3053588867188,42.157958984375,104.33087158203125,0.6585890650749207,-1,-1,-1
47,3,3642.0712890625,796.8023071289062,45.969482421875,114.33428955078125,0.5276821851730347,-1,-1,-1
47,4,2598.383544921875,582.5346069335938,25.473388671875,56.6092529296875,0.5346850156784058,-1,-1,-1
47,41,4061.545166015625,529.0350341796875,16.475830078125,28.584228515625,0.40693217515945435,-1,-1,-1
47,49,3283.798583984375,567.9230346679688,27.81689453125,104.48162841796875,0.6559577584266663,-1,-1,-1
48,1,3118.3447265625,780.283203125,43.734375,102.70849609375,0.6841593384742737,-1,-1,-1
48,3,3642.74365234375,796.87548828125,45.489990234375,114.271728515625,0.5092320442199707,-1,-1,-1
48,4,2597.129150390625,582.7020263671875,26.4677734375,57.6873779296875,0.5395128130912781,-1,-1,-1
48,41,4061.574951171875,529.1104736328125,16.431884765625,28.48858642578125,0.4004102051258087,-1,-1,-1
48,49,3284.5283203125,569.3206787109375,27.18017578125,103.38665771484375,0.644355833530426,-1,-1,-1
49,1,3120.8515625,778.9797973632812,42.90185546875,102.828857421875,0.7090945839881897,-1,-1,-1
49,3,3642.453857421875,796.9754638671875,45.885498046875,114.0582275390625,0.49718543887138367,-1,-1,-1
49,4,2596.399658203125,582.7689208984375,26.849853515625,58.2633056640625,0.5502194762229919,-1,-1,-1
49,41,4061.56689453125,529.1551513671875,16.441162109375,28.44451904296875,0.4143826365470886,-1,-1,-1
49,49,3284.574462890625,571.3013916015625,27.05224609375,101.60321044921875,0.6403403282165527,-1,-1,-1
49,5,3610.8515625,564.609375,26.430419921875,77.2271728515625,0.4153696894645691,-1,-1,-1
50,1,3123.905517578125,777.720703125,40.71923828125,101.3050537109375,0.6791593432426453,-1,-1,-1
50,3,3643.51171875,797.3901977539062,44.95458984375,113.23065185546875,0.4522298574447632,-1,-1,-1
50,4,2595.94140625,582.9876708984375,26.640869140625,58.6080322265625,0.5455294251441956,-1,-1,-1
50,41,4061.53271484375,529.0535278320312,16.4990234375,28.53558349609375,0.39965054392814636,-1,-1,-1
50,49,3284.67431640625,571.9232177734375,26.869140625,101.0338134765625,0.5827459692955017,-1,-1,-1
50,5,3610.761962890625,563.1421508789062,25.76708984375,78.0640869140625,0.3583717942237854,-1,-1,-1
51,1,3128.09716796875,775.4072875976562,37.486083984375,101.91168212890625,0.6907616257667542,-1,-1,-1
51,3,3643.47265625,797.6152954101562,44.99853515625,112.89776611328125,0.47157055139541626,-1,-1,-1
51,4,2596.945556640625,582.6920776367188,24.40185546875,57.12335205078125,0.5338454246520996,-1,-1,-1
51,41,4061.509521484375,528.8946533203125,16.541015625,28.70404052734375,0.3936329483985901,-1,-1,-1
51,49,3285.005615234375,571.3731079101562,26.475830078125,101.49957275390625,0.5641021132469177,-1,-1,-1
51,5,3610.968505859375,563.1146850585938,25.216064453125,77.55426025390625,0.38102275133132935,-1,-1,-1
52,1,3131.56787109375,774.0271606445312,34.891357421875,101.93768310546875,0.6292594075202942,-1,-1,-1
52,3,3644.60693359375,797.65966796875,44.046875,112.65576171875,0.417791485786438,-1,-1,-1
52,4,2597.772216796875,582.5623168945312,21.707763671875,55.4210205078125,0.5140618681907654,-1,-1,-1
52,41,4061.4423828125,528.6966552734375,16.624755859375,28.990966796875,0.3812271058559418,-1,-1,-1
52,49,3285.14990234375,570.1781616210938,25.977783203125,102.40673828125,0.5446603298187256,-1,-1,-1
52,5,3610.951171875,564.7935180664062,25.5595703125,75.6258544921875,0.3869989514350891,-1,-1,-1
53,1,3133.724853515625,773.0897216796875,34.18798828125,102.43212890625,0.6328232288360596,-1,-1,-1
53,3,3645.044189453125,797.7825927734375,43.7734375,112.52020263671875,0.41834405064582825,-1,-1,-1
53,4,2597.9970703125,582.3045654296875,20.7529296875,55.4239501953125,0.5373449921607971,-1,-1,-1
53,41,4061.37890625,528.6138305664062,16.712158203125,29.05767822265625,0.3859019875526428,-1,-1,-1
53,49,3285.08056640625,569.3030395507812,25.896484375,103.164794921875,0.5626605153083801,-1,-1,-1
53,5,3610.849853515625,565.9224853515625,25.4453125,74.379150390625,0.34859544038772583,-1,-1,-1
54,1,3137.632568359375,772.9365844726562,31.312744140625,101.71307373046875,0.6207874417304993,-1,-1,-1
54,3,3645.990478515625,797.3544311523438,43.29052734375,112.95367431640625,0.4177035689353943,-1,-1,-1
54,4,2598.171142578125,582.3331909179688,20.338623046875,54.19635009765625,0.5279899835586548,-1,-1,-1
54,41,4061.28857421875,528.2562255859375,16.757080078125,29.36163330078125,0.4035053253173828,-1,-1,-1
54,49,3285.114990234375,568.6925048828125,25.68115234375,103.6268310546875,0.5528200268745422,-1,-1,-1
54,5,3610.197265625,561.13916015625,25.958984375,78.9976806640625,0.3983153700828552,-1,-1,-1
55,1,3141.8857421875,772.5840454101562,27.8662109375,99.528564453125,0.5085864067077637,-1,-1,-1
55,3,3648.4140625,797.1992797851562,41.26611328125,112.88226318359375,0.3789384067058563,-1,-1,-1
55,4,2598.275634765625,582.3236083984375,20.195068359375,53.534423828125,0.4994904696941376,-1,-1,-1
55,41,4061.189697265625,528.0211181640625,16.79541015625,29.58056640625,0.39663925766944885,-1,-1,-1
55,49,3285.399658203125,568.7239379882812,25.307373046875,103.49578857421875,0.520587146282196,-1,-1,-1
55,5,3610.385498046875,559.1690673828125,25.83154296875,80.90008544921875,0.361240416765213,-1,-1,-1
56,1,3144.63330078125,772.7131958007812,26.796630859375,99.543212890625,0.5560469627380371,-1,-1,-1
56,3,3647.731201171875,797.1659545898438,42.300537109375,113.00616455078125,0.3840538263320923,-1,-1,-1
56,4,2598.267578125,582.3466796875,20.4140625,53.36688232421875,0.5107465982437134,-1,-1,-1
56,41,4061.068603515625,527.839111328125,16.860595703125,29.84112548828125,0.39504891633987427,-1,-1,-1
56,49,3285.473876953125,568.8743286132812,25.05029296875,103.30450439453125,0.5468862056732178,-1,-1,-1
56,5,3610.03662109375,558.0537109375,26.3671875,81.65771484375,0.41078799962997437,-1,-1,-1
57,1,3147.177734375,772.27099609375,26.605224609375,102.1109619140625,0.5521801114082336,-1,-1,-1
57,3,3648.5224609375,797.163818359375,41.616943359375,112.9273681640625,0.41179192066192627,-1,-1,-1
57,4,2598.424072265625,582.4845581054688,20.535400390625,53.32269287109375,0.5061438679695129,-1,-1,-1
57,41,4061.00537109375,527.6859130859375,16.885009765625,29.9681396484375,0.3978821039199829,-1,-1,-1
57,49,3285.567138671875,569.0271606445312,24.925048828125,103.12921142578125,0.5382611155509949,-1,-1,-1
57,5,3609.539794921875,557.168701171875,27.0615234375,81.8895263671875,0.3871358036994934,-1,-1,-1
58,1,3148.449951171875,772.147705078125,28.51123046875,103.46514892578125,0.5798484086990356,-1,-1,-1
58,3,3646.243896484375,797.0354614257812,44.0556640625,113.26806640625,0.4415091276168823,-1,-1,-1
58,4,2598.658935546875,582.4231567382812,20.78173828125,53.4521484375,0.5064743757247925,-1,-1,-1
58,41,4060.966064453125,527.5108032226562,16.8681640625,30.29376220703125,0.3963911831378937,-1,-1,-1
58,49,3285.644775390625,568.4366455078125,24.941162109375,103.5816650390625,0.5468937754631042,-1,-1,-1
58,5,3609.918212890625,559.2068481445312,26.8505859375,79.1419677734375,0.35587742924690247,-1,-1,-1
59,1,3149.466552734375,771.342041015625,28.6669921875,103.16119384765625,0.5319749712944031,-1,-1,-1
59,3,3646.819091796875,797.018798828125,43.63232421875,113.2313232421875,0.4482736587524414,-1,-1,-1
59,4,2598.932861328125,582.35595703125,21.0166015625,53.60614013671875,0.4865638017654419,-1,-1,-1
59,41,4061.0048828125,527.49658203125,16.7939453125,30.354248046875,0.3772292137145996,-1,-1,-1
59,49,3285.868408203125,569.3880004882812,25.3583984375,102.441162109375,0.4734972417354584,-1,-1,-1
59,5,3610.93017578125,566.291748046875,25.859130859375,70.48980712890625,0.271060585975647,-1,-1,-1
60,1,3150.16015625,769.8634643554688,31.977294921875,103.9539794921875,0.5657303929328918,-1,-1,-1
60,3,3644.04833984375,796.9988403320312,46.447509765625,113.02337646484375,0.4500196874141693,-1,-1,-1
60,4,2599.08642578125,582.3341064453125,21.1279296875,53.87139892578125,0.504831850528717,-1,-1,-1
60,41,4061.032958984375,527.4578247070312,16.757568359375,30.4698486328125,0.373838871717453,-1,-1,-1
60,49,3286.162841796875,567.6624145507812,25.71240234375,104.113037109375,0.4929389953613281,-1,-1,-1
60,5,3611.102783203125,567.551513671875,25.7119140625,69.07025146484375,0.26260271668434143,-1,-1,-1
61,1,3150.81201171875,769.4315185546875,33.572021484375,104.34442138671875,0.590964138507843,-1,-1,-1
61,3,3640.971435546875,796.23388671875,49.28076171875,113.80865478515625,0.4531460404396057,-1,-1,-1
61,4,2599.01123046875,582.2105712890625,21.7744140625,54.55975341796875,0.5400066375732422,-1,-1,-1
61,41,4060.996826171875,527.3434448242188,16.797119140625,30.79071044921875,0.3972860276699066,-1,-1,-1
61,49,3286.488525390625,565.9345092773438,25.536376953125,105.4310302734375,0.5396663546562195,-1,-1,-1
61,5,3610.968994140625,567.3966064453125,25.953857421875,69.72943115234375,0.3168242573738098,-1,-1,-1
62,1,3151.017822265625,769.5043334960938,36.688720703125,104.51849365234375,0.5903862714767456,-1,-1,-1
62,3,3640.940673828125,796.3839721679688,49.400634765625,112.78448486328125,0.47333720326423645,-1,-1,-1
62,4,2598.95166015625,581.8926391601562,23.501953125,55.04632568359375,0.5698674917221069,-1,-1,-1
62,41,4060.951416015625,527.1286010742188,16.839599609375,31.08551025390625,0.4130555987358093,-1,-1,-1
62,49,3285.87451171875,564.4552612304688,24.39599609375,105.1419677734375,0.5846351385116577,-1,-1,-1
62,5,3611.0556640625,568.5524291992188,25.632080078125,68.28448486328125,0.3568442761898041,-1,-1,-1
63,1,3152.44580078125,770.114013671875,37.51416015625,102.2891845703125,0.6305922269821167,-1,-1,-1
63,3,3641.057861328125,796.0761108398438,49.0673828125,111.52423095703125,0.4716258943080902,-1,-1,-1
63,4,2599.33740234375,581.711669921875,23.810302734375,54.96630859375,0.5943083763122559,-1,-1,-1
63,41,4060.943603515625,527.291015625,16.79150390625,30.85784912109375,0.403239905834198,-1,-1,-1
63,49,3286.324951171875,563.5892333984375,25.059326171875,105.7998046875,0.5601856708526611,-1,-1,-1
63,5,3610.8857421875,571.8692016601562,25.52978515625,65.5162353515625,0.3916298449039459,-1,-1,-1
64,1,3152.66455078125,772.092529296875,41.23779296875,100.04608154296875,0.6117579340934753,-1,-1,-1
64,3,3641.6455078125,795.9757080078125,48.58056640625,110.8905029296875,0.49802088737487793,-1,-1,-1
64,4,2600.15234375,581.6287231445312,23.69970703125,54.57965087890625,0.5912474989891052,-1,-1,-1
64,41,4060.8857421875,528.1622924804688,16.697998046875,29.8143310546875,0.35576069355010986,-1,-1,-1
64,49,3286.64794921875,562.904052734375,25.46484375,105.542724609375,0.5246757864952087,-1,-1,-1
64,5,3609.252685546875,567.2820434570312,26.705810546875,70.22039794921875,0.4476327896118164,-1,-1,-1
65,1,3153.497314453125,772.6862182617188,40.937255859375,99.2100830078125,0.613407552242279,-1,-1,-1
65,3,3643.4384765625,795.9223022460938,47.180908203125,111.13653564453125,0.5150277614593506,-1,-1,-1
65,4,2600.006103515625,581.3621826171875,24.868408203125,55.56549072265625,0.6181967258453369,-1,-1,-1
65,41,4060.8876953125,528.44970703125,16.677978515625,29.65301513671875,0.3570193648338318,-1,-1,-1
65,49,3286.774169921875,562.652587890625,25.591552734375,105.14971923828125,0.513908863067627,-1,-1,-1
65,5,3609.06591796875,566.562744140625,26.0361328125,70.222900390625,0.3941040635108948,-1,-1,-1
66,1,3154.631103515625,773.007568359375,40.086669921875,98.782958984375,0.5744760036468506,-1,-1,-1
66,3,3642.679443359375,795.7550048828125,48.63720703125,110.686767578125,0.4562245309352875,-1,-1,-1
66,4,2601.078857421875,581.5087280273438,24.33056640625,55.4283447265625,0.6423385739326477,-1,-1,-1
66,41,4060.854736328125,528.8931274414062,16.626953125,29.23260498046875,0.33419421315193176,-1,-1,-1
66,49,3286.188232421875,562.6124877929688,24.4560546875,103.827392578125,0.4906960427761078,-1,-1,-1
66,5,3609.703125,576.201171875,24.558349609375,60.64788818359375,0.3618640601634979,-1,-1,-1
66,62,3085.999267578125,531.8099365234375,17.876708984375,33.52178955078125,0.3406788110733032,-1,-1,-1
67,1,3156.03369140625,773.2138061523438,39.215576171875,98.19287109375,0.6174444556236267,-1,-1,-1
67,3,3642.2578125,795.3369140625,50.37255859375,110.73431396484375,0.4797273278236389,-1,-1,-1
67,4,2601.878662109375,581.7645263671875,23.762939453125,55.3582763671875,0.6197144985198975,-1,-1,-1
67,41,4060.820556640625,529.4281616210938,16.597412109375,28.784912109375,0.3217729330062866,-1,-1,-1
67,49,3286.0654296875,562.5929565429688,23.921875,103.63909912109375,0.4831324815750122,-1,-1,-1
67,5,3609.7392578125,579.8076782226562,23.48779296875,56.82562255859375,0.3548862934112549,-1,-1,-1
67,62,3086.7841796875,529.2352294921875,18.286376953125,36.12847900390625,0.41377151012420654,-1,-1,-1
67,63,3527.111572265625,581.903564453125,17.437255859375,45.20684814453125,0.43660759925842285,-1,-1,-1
68,1,3157.275390625,772.3948364257812,39.1025390625,97.9146728515625,0.6509524583816528,-1,-1,-1
68,3,3641.77734375,795.206298828125,51.354248046875,110.57232666015625,0.5212799310684204,-1,-1,-1
68,4,2602.630126953125,581.8673095703125,23.38037109375,54.655517578125,0.5988001823425293,-1,-1,-1
68,41,4060.73486328125,529.9400634765625,16.6240234375,28.56024169921875,0.30081647634506226,-1,-1,-1
68,49,3285.945556640625,562.4755249023438,24.062255859375,103.49871826171875,0.49927565455436707,-1,-1,-1
68,5,3608.95068359375,577.4239501953125,23.505859375,59.0457763671875,0.3783702552318573,-1,-1,-1
68,62,3087.410888671875,527.112060546875,18.052734375,38.40521240234375,0.43163764476776123,-1,-1,-1
68,63,3526.382080078125,579.414306640625,18.16943359375,48.0194091796875,0.445405513048172,-1,-1,-1
69,1,3158.01708984375,771.7938232421875,39.12646484375,98.4005126953125,0.6260673999786377,-1,-1,-1
69,3,3640.468017578125,794.8135986328125,53.925048828125,112.35107421875,0.5442925095558167,-1,-1,-1
69,4,2603.416015625,581.9060668945312,22.574951171875,53.9853515625,0.5980272889137268,-1,-1,-1
69,41,4060.680908203125,530.5013427734375,16.636962890625,28.0682373046875,0.2884117066860199,-1,-1,-1
69,49,3286.208251953125,562.4478149414062,23.491943359375,102.877197265625,0.4553438127040863,-1,-1,-1
69,5,3608.759033203125,576.72021484375,23.4296875,59.0731201171875,0.36423978209495544,-1,-1,-1
69,62,3089.069091796875,526.2802734375,17.243408203125,38.9539794921875,0.4397129416465759,-1,-1,-1
69,63,3525.832763671875,575.6538696289062,18.229736328125,51.75225830078125,0.502307653427124,-1,-1,-1
70,1,3159.720947265625,770.4244995117188,39.01318359375,98.38201904296875,0.710096001625061,-1,-1,-1
70,3,3639.56103515625,794.6675415039062,56.117431640625,111.5517578125,0.589216411113739,-1,-1,-1
70,4,2603.99462890625,582.1480712890625,22.066650390625,53.01348876953125,0.5444296002388,-1,-1,-1
70,41,4060.4951171875,530.5885620117188,16.79248046875,27.8907470703125,0.2744891345500946,-1,-1,-1
70,49,3286.420654296875,562.3944091796875,23.709716796875,102.63018798828125,0.4344658851623535,-1,-1,-1
70,5,3609.36083984375,583.4468383789062,22.98974609375,52.80743408203125,0.3314077854156494,-1,-1,-1
70,62,3090.4130859375,526.244384765625,16.84716796875,34.76531982421875,0.4232311546802521,-1,-1,-1
70,63,3524.58984375,569.4542236328125,18.879150390625,58.57232666015625,0.49994051456451416,-1,-1,-1
70,64,3525.853515625,519.7105102539062,21.70703125,103.57586669921875,0.40761685371398926,-1,-1,-1
71,1,3161.442138671875,768.7136840820312,39.831787109375,98.76849365234375,0.7771143913269043,-1,-1,-1
71,3,3639.398193359375,794.9639282226562,57.37353515625,110.598388671875,0.6176337003707886,-1,-1,-1
71,4,2604.455078125,582.0284423828125,22.0205078125,52.85711669921875,0.6026505827903748,-1,-1,-1
71,41,4060.43310546875,530.5125732421875,16.83740234375,27.8917236328125,0.28345760703086853,-1,-1,-1
71,49,3286.41845703125,562.2168579101562,23.963623046875,102.68121337890625,0.4706359803676605,-1,-1,-1
71,5,3609.65283203125,586.2590942382812,22.97802734375,50.15447998046875,0.33932843804359436,-1,-1,-1
71,62,3091.968017578125,527.1680908203125,16.796142578125,34.24560546875,0.42871299386024475,-1,-1,-1
71,63,3523.11767578125,568.3897705078125,18.96728515625,59.87701416015625,0.48268434405326843,-1,-1,-1
71,64,3524.6572265625,513.776123046875,21.58251953125,112.83197021484375,0.31942233443260193,-1,-1,-1
72,1,3164.92578125,767.9612426757812,37.701416015625,98.4259033203125,0.7976341247558594,-1,-1,-1
72,3,3640.698974609375,795.4744262695312,57.50390625,111.09765625,0.631303608417511,-1,-1,-1
72,4,2604.584228515625,581.5145263671875,22.961669921875,53.44091796875,0.576425313949585,-1,-1,-1
72,41,4060.435791015625,530.2772216796875,16.8154296875,28.17547607421875,0.27262938022613525,-1,-1,-1
72,49,3286.501220703125,562.0415649414062,24.245849609375,102.5711669921875,0.4555250108242035,-1,-1,-1
72,5,3609.70751953125,586.5551147460938,22.892578125,49.0771484375,0.3789825737476349,-1,-1,-1
72,62,3092.653076171875,527.3295288085938,17.473876953125,33.3563232421875,0.4058234989643097,-1,-1,-1
72,63,3522.2763671875,566.5615234375,19.49072265625,61.74859619140625,0.5223405361175537,-1,-1,-1
72,64,3523.494873046875,521.6029052734375,21.900390625,105.919677734375,0.3713596761226654,-1,-1,-1
73,1,3167.325927734375,767.9437866210938,37.3125,98.00189208984375,0.7866610884666443,-1,-1,-1
73,3,3641.54931640625,795.900390625,57.286865234375,111.13201904296875,0.641045331954956,-1,-1,-1
73,4,2604.595703125,581.43603515625,23.41943359375,53.83502197265625,0.5622559785842896,-1,-1,-1
73,41,4060.396240234375,529.9966430664062,16.83837890625,28.4857177734375,0.27443671226501465,-1,-1,-1
73,49,3286.142333984375,561.8845825195312,24.9130859375,102.87518310546875,0.4849986135959625,-1,-1,-1
73,5,3609.223388671875,585.2807006835938,22.755615234375,48.570556640625,0.39924800395965576,-1,-1,-1
73,62,3093.7314453125,526.3218994140625,17.578857421875,33.677001953125,0.4191703796386719,-1,-1,-1
73,63,3521.498291015625,567.333740234375,19.5,60.96502685546875,0.5041623711585999,-1,-1,-1
74,1,3169.53173828125,767.9833374023438,37.84716796875,97.34686279296875,0.7368106245994568,-1,-1,-1
74,3,3642.29296875,796.1450805664062,56.87158203125,110.8924560546875,0.6268011927604675,-1,-1,-1
74,4,2605.231689453125,581.9749145507812,22.132568359375,52.28839111328125,0.5604079961776733,-1,-1,-1
74,41,4060.38623046875,529.8358154296875,16.831298828125,28.5760498046875,0.27579647302627563,-1,-1,-1
74,49,3285.78466796875,561.8157958984375,25.116943359375,102.69317626953125,0.5195265412330627,-1,-1,-1
74,5,3609.167236328125,584.9249267578125,22.62451171875,48.30377197265625,0.393072247505188,-1,-1,-1
74,62,3094.9150390625,526.494140625,18.049072265625,33.7276611328125,0.353610634803772,-1,-1,-1
74,63,3520.586181640625,566.7622680664062,19.819091796875,61.83135986328125,0.458153635263443,-1,-1,-1
75,1,3171.47509765625,767.440673828125,38.708984375,98.580322265625,0.7188860774040222,-1,-1,-1
75,3,3643.2333984375,796.67236328125,56.917236328125,110.38482666015625,0.6415942907333374,-1,-1,-1
75,4,2605.0673828125,582.2044677734375,22.01123046875,51.94708251953125,0.5800589919090271,-1,-1,-1
75,41,4060.392578125,529.5897216796875,16.81982421875,28.859375,0.28896886110305786,-1,-1,-1
75,49,3285.792724609375,561.5541381835938,25.236083984375,102.77459716796875,0.5257635712623596,-1,-1,-1
75,5,3609.2119140625,583.7689819335938,21.9609375,49.3475341796875,0.37545663118362427,-1,-1,-1
75,62,3096.46875,527.9999389648438,17.267578125,29.293701171875,0.28305894136428833,-1,-1,-1
75,63,3519.966796875,569.1436157226562,19.78662109375,59.58331298828125,0.4565510153770447,-1,-1,-1
76,1,3172.37841796875,765.1160278320312,39.271484375,100.35205078125,0.7360549569129944,-1,-1,-1
76,3,3645.7822265625,796.7355346679688,55.8740234375,111.03106689453125,0.6511036157608032,-1,-1,-1
76,4,2605.654052734375,582.083251953125,22.230224609375,51.62738037109375,0.4964950680732727,-1,-1,-1
76,41,4060.37255859375,529.4674072265625,16.755126953125,29.0687255859375,0.28184974193573,-1,-1,-1
76,49,3285.904296875,560.9168090820312,25.0244140625,103.0838623046875,0.4148707091808319,-1,-1,-1
76,5,3609.83544921875,583.8319702148438,20.82470703125,48.196044921875,0.3298625946044922,-1,-1,-1
76,62,3097.620849609375,529.61328125,16.18701171875,26.9617919921875,0.2695424258708954,-1,-1,-1
76,63,3519.35205078125,570.8936157226562,19.848388671875,57.6971435546875,0.4539346396923065,-1,-1,-1
77,1,3172.21484375,763.8554077148438,40.141357421875,101.8311767578125,0.7420865297317505,-1,-1,-1
77,3,3647.78955078125,797.4197387695312,55.643310546875,111.85504150390625,0.6829236745834351,-1,-1,-1
77,4,2605.861083984375,582.0651245117188,22.320068359375,51.62994384765625,0.5020440816879272,-1,-1,-1
77,41,4060.36376953125,529.4432983398438,16.733642578125,29.101318359375,0.2894344627857208,-1,-1,-1
77,49,3286.12158203125,560.347412109375,24.93896484375,102.82562255859375,0.4795231819152832,-1,-1,-1
77,5,3609.703125,581.6396484375,20.80810546875,50.309814453125,0.3727624714374542,-1,-1,-1
77,62,3098.628173828125,529.4829711914062,15.411865234375,25.97589111328125,0.26959237456321716,-1,-1,-1
77,64,3518.93701171875,542.7510375976562,21.0361328125,85.84637451171875,0.5359554886817932,-1,-1,-1
78,1,3172.712158203125,763.4351196289062,42.23828125,102.02850341796875,0.7554914951324463,-1,-1,-1
78,3,3646.79052734375,798.0905151367188,57.705322265625,111.89599609375,0.705235481262207,-1,-1,-1
78,4,2606.30859375,582.3735961914062,21.5048828125,50.49029541015625,0.5085126161575317,-1,-1,-1
78,41,4060.230224609375,529.1033325195312,16.8466796875,29.526611328125,0.2879013419151306,-1,-1,-1
78,49,3285.874267578125,560.1859741210938,25.609619140625,102.3931884765625,0.48642945289611816,-1,-1,-1
78,5,3609.17333984375,579.6477661132812,21.016845703125,53.5174560546875,0.42182162404060364,-1,-1,-1
78,62,3099.19384765625,528.3023681640625,15.876953125,27.47021484375,0.2813669443130493,-1,-1,-1
78,64,3518.869384765625,548.024658203125,20.57958984375,81.89215087890625,0.4250824749469757,-1,-1,-1
79,1,3173.50390625,763.4137573242188,43.289794921875,102.26812744140625,0.7374728918075562,-1,-1,-1
79,3,3646.42138671875,798.3546752929688,59.0966796875,111.95416259765625,0.7092278599739075,-1,-1,-1
79,4,2606.497314453125,582.4873046875,20.8955078125,49.737548828125,0.5090987086296082,-1,-1,-1
79,41,4060.055419921875,528.582275390625,17.018798828125,30.0997314453125,0.29476064443588257,-1,-1,-1
79,49,3285.60009765625,560.0106811523438,25.7080078125,102.03656005859375,0.4682800769805908,-1,-1,-1
79,5,3608.381103515625,576.8662719726562,21.517822265625,56.9290771484375,0.4702799916267395,-1,-1,-1
79,62,3099.41455078125,528.1192626953125,16.306396484375,27.13970947265625,0.3054497241973877,-1,-1,-1
79,64,3518.13232421875,538.9550170898438,21.281982421875,91.9320068359375,0.53179532289505,-1,-1,-1
80,1,3173.98095703125,763.1604614257812,45.849853515625,102.41845703125,0.7609410285949707,-1,-1,-1
80,3,3648.2275390625,799.5104370117188,57.700439453125,111.1298828125,0.711127758026123,-1,-1,-1
80,4,2606.412109375,582.44482421875,20.888671875,49.76513671875,0.5373091101646423,-1,-1,-1
80,41,4060.14794921875,528.246826171875,16.965087890625,30.59320068359375,0.2986476719379425,-1,-1,-1
80,49,3285.366455078125,560.3243408203125,26.032470703125,100.53717041015625,0.4613955318927765,-1,-1,-1
80,5,3607.73828125,574.837890625,21.982666015625,58.3074951171875,0.47704535722732544,-1,-1,-1
80,62,3099.878173828125,528.773681640625,16.758056640625,27.2403564453125,0.2564953863620758,-1,-1,-1
80,64,3517.564453125,540.52001953125,21.766357421875,91.0391845703125,0.49516183137893677,-1,-1,-1
81,1,3175.18798828125,761.9949340820312,45.570556640625,103.406494140625,0.7662864923477173,-1,-1,-1
81,3,3650.750244140625,800.3726806640625,55.70068359375,110.6441650390625,0.7214409708976746,-1,-1,-1
81,4,2606.304443359375,582.4869384765625,20.7607421875,49.77081298828125,0.529991090297699,-1,-1,-1
81,41,4060.08251953125,528.1183471679688,17.066650390625,30.79644775390625,0.2959269881248474,-1,-1,-1
81,49,3285.496826171875,560.1939086914062,25.82421875,98.7841796875,0.5120062232017517,-1,-1,-1
81,5,3607.531494140625,574.942138671875,22.024658203125,57.946533203125,0.47915858030319214,-1,-1,-1
81,62,3100.012451171875,528.838623046875,17.759033203125,26.6727294921875,0.2504502534866333,-1,-1,-1
81,64,3516.32568359375,542.8577880859375,22.80078125,88.6553955078125,0.5363834500312805,-1,-1,-1
82,1,3175.7724609375,759.8717041015625,45.2255859375,105.20611572265625,0.7681501507759094,-1,-1,-1
82,3,3652.484375,801.8969116210938,54.864013671875,108.915283203125,0.7321633100509644,-1,-1,-1
82,4,2606.302978515625,582.5250244140625,20.62548828125,50.2095947265625,0.5344787240028381,-1,-1,-1
82,41,4060.142333984375,528.136474609375,17.020263671875,30.78466796875,0.2872615456581116,-1,-1,-1
82,49,3285.018798828125,560.1251220703125,26.312255859375,98.362548828125,0.5076724290847778,-1,-1,-1
82,5,3608.119384765625,578.3397216796875,21.27099609375,53.63018798828125,0.45361825823783875,-1,-1,-1
82,64,3515.859130859375,554.010498046875,22.896484375,77.47528076171875,0.4292432367801666,-1,-1,-1
83,1,3175.565185546875,759.7568359375,44.83984375,104.1959228515625,0.7543783187866211,-1,-1,-1
83,3,3653.20751953125,801.924072265625,54.297607421875,109.04498291015625,0.7202284932136536,-1,-1,-1
83,4,2606.3095703125,582.425048828125,20.692138671875,51.54010009765625,0.5420995354652405,-1,-1,-1
83,41,4060.133544921875,527.8737182617188,17.0322265625,31.04205322265625,0.282821923494339,-1,-1,-1
83,49,3284.6640625,560.0239868164062,26.744384765625,98.6258544921875,0.4790468215942383,-1,-1,-1
83,5,3608.662109375,580.8134765625,20.719970703125,50.76983642578125,0.43499982357025146,-1,-1,-1
83,64,3515.062255859375,558.7323608398438,23.546630859375,72.34136962890625,0.4244983196258545,-1,-1,-1
84,1,3177.816650390625,758.7318725585938,42.119384765625,104.82452392578125,0.7641862034797668,-1,-1,-1
84,3,3653.827392578125,802.4141235351562,54.274658203125,108.3331298828125,0.7075296640396118,-1,-1,-1
84,4,2606.230712890625,582.5360717773438,20.69580078125,51.7491455078125,0.5309179425239563,-1,-1,-1
84,41,4060.0625,527.6904907226562,17.106201171875,31.33233642578125,0.28837519884109497,-1,-1,-1
84,49,3284.463134765625,559.5374145507812,26.171875,97.83746337890625,0.37372103333473206,-1,-1,-1
84,5,3608.92138671875,582.005126953125,20.678955078125,49.43084716796875,0.41370856761932373,-1,-1,-1
84,64,3515.14208984375,565.826171875,23.166259765625,65.22589111328125,0.377879798412323,-1,-1,-1
85,1,3180.31640625,758.67041015625,38.947265625,104.55731201171875,0.7616767883300781,-1,-1,-1
85,3,3653.993408203125,803.6231079101562,54.96240234375,107.24578857421875,0.7015683650970459,-1,-1,-1
85,4,2606.037353515625,582.635986328125,20.806396484375,51.991943359375,0.5407924652099609,-1,-1,-1
85,41,4060.004150390625,527.4135131835938,17.16552734375,31.740234375,0.28562992811203003,-1,-1,-1
85,49,3284.291015625,559.3753051757812,26.305908203125,97.279541015625,0.36441001296043396,-1,-1,-1
85,5,3608.762939453125,582.1415405273438,20.7822265625,49.184326171875,0.4047793447971344,-1,-1,-1
85,64,3514.1376953125,570.8968505859375,24.074951171875,59.9774169921875,0.3200143277645111,-1,-1,-1
86,1,3182.777587890625,758.7479858398438,35.9091796875,103.106201171875,0.7197346687316895,-1,-1,-1
86,3,3656.813232421875,804.1190795898438,52.751953125,107.08160400390625,0.6820661425590515,-1,-1,-1
86,4,2606.0380859375,582.5062866210938,20.73974609375,52.2177734375,0.5376020073890686,-1,-1,-1
86,41,4060.03955078125,527.1155395507812,17.1416015625,32.540283203125,0.2954801917076111,-1,-1,-1
86,49,3284.229248046875,559.0105590820312,26.20263671875,95.943359375,0.29974785447120667,-1,-1,-1
86,5,3608.671875,581.582275390625,20.651123046875,49.55511474609375,0.4096091091632843,-1,-1,-1
87,1,3184.184814453125,759.02197265625,34.107666015625,100.69622802734375,0.7234281301498413,-1,-1,-1
87,3,3667.3671875,804.062744140625,43.19091796875,107.9049072265625,0.695941150188446,-1,-1,-1
87,4,2606.4501953125,582.291015625,20.181396484375,52.034423828125,0.5270272493362427,-1,-1,-1
87,41,4059.8388671875,526.9956665039062,17.340576171875,32.69915771484375,0.28691861033439636,-1,-1,-1
87,5,3608.968017578125,581.3784790039062,19.867431640625,49.31402587890625,0.3935381770133972,-1,-1,-1
88,1,3185.49853515625,758.54052734375,33.751708984375,99.44256591796875,0.7238657474517822,-1,-1,-1
88,3,3671.849853515625,803.9037475585938,39.291748046875,108.1331787109375,0.6953224539756775,-1,-1,-1
88,4,2606.96435546875,582.1362915039062,19.80029296875,51.92431640625,0.5146731734275818,-1,-1,-1
88,41,4059.205322265625,527.0610961914062,17.96630859375,32.70770263671875,0.2802432179450989,-1,-1,-1
88,5,3608.90576171875,581.01806640625,19.50927734375,48.86090087890625,0.40556493401527405,-1,-1,-1
89,1,3186.7021484375,758.2343139648438,34.78955078125,99.1026611328125,0.735876739025116,-1,-1,-1
89,3,3674.872802734375,803.272216796875,36.451171875,108.204833984375,0.6757526993751526,-1,-1,-1
89,4,2606.99169921875,581.7813720703125,20.076171875,52.18035888671875,0.5423367619514465,-1,-1,-1
89,41,4058.8330078125,527.1235961914062,18.357421875,32.6505126953125,0.27569258213043213,-1,-1,-1
89,5,3608.6962890625,580.66552734375,19.5771484375,48.269775390625,0.4107123017311096,-1,-1,-1
89,77,3519.351318359375,585.2662963867188,19.29443359375,44.93292236328125,0.32857635617256165,-1,-1,-1
90,1,3187.673828125,757.680419921875,35.56298828125,99.567138671875,0.7651011347770691,-1,-1,-1
90,3,3676.517822265625,803.297607421875,35.627685546875,109.04058837890625,0.6974655389785767,-1,-1,-1
90,4,2607.009521484375,581.1890869140625,20.428466796875,53.06048583984375,0.5878998041152954,-1,-1,-1
90,41,4058.641357421875,527.0028076171875,18.58251953125,32.90997314453125,0.28976643085479736,-1,-1,-1
90,5,3608.94140625,580.388671875,19.494873046875,48.70361328125,0.44401299953460693,-1,-1,-1
90,77,3518.90478515625,585.0786743164062,19.582275390625,45.01947021484375,0.3510277271270752,-1,-1,-1
90,80,3112.7158203125,504.8071594238281,18.5009765625,47.367950439453125,0.3770220875740051,-1,-1,-1
91,1,3188.7646484375,757.8433837890625,36.002685546875,98.138916015625,0.7761828899383545,-1,-1,-1
91,3,3676.859130859375,803.3587646484375,35.964599609375,109.41644287109375,0.7235156297683716,-1,-1,-1
91,4,2607.02587890625,580.230224609375,20.699462890625,54.49853515625,0.6167789101600647,-1,-1,-1
91,41,4058.51318359375,527.0125122070312,18.7431640625,32.92742919921875,0.2998822033405304,-1,-1,-1
91,5,3609.334716796875,580.8528442382812,19.35546875,48.64483642578125,0.4516223073005676,-1,-1,-1
91,77,3518.802001953125,585.7825927734375,19.4150390625,44.00396728515625,0.376726359128952,-1,-1,-1
91,80,3112.818603515625,504.5171813964844,18.67529296875,44.889801025390625,0.3970843255519867,-1,-1,-1
91,83,3279.70849609375,554.87841796875,20.77392578125,40.5809326171875,0.3201523423194885,-1,-1,-1
92,1,3189.91796875,757.668212890625,36.397216796875,97.25909423828125,0.7839351892471313,-1,-1,-1
92,3,3677.152099609375,803.5684814453125,36.289306640625,109.92352294921875,0.7271586060523987,-1,-1,-1
92,4,2607.584228515625,579.9259643554688,20.157470703125,55.18536376953125,0.5826840996742249,-1,-1,-1
92,41,4058.269775390625,526.9454345703125,18.98828125,33.07342529296875,0.2929084599018097,-1,-1,-1
92,5,3609.04931640625,580.5331420898438,19.6796875,48.80059814453125,0.45170295238494873,-1,-1,-1
92,77,3518.7900390625,585.77734375,19.42626953125,43.9383544921875,0.4080599844455719,-1,-1,-1
92,80,3112.672607421875,504.10675048828125,18.661376953125,44.767578125,0.42654573917388916,-1,-1,-1
92,83,3279.27001953125,554.6958618164062,20.668212890625,39.4716796875,0.2985509932041168,-1,-1,-1
93,1,3190.589111328125,757.809326171875,38.10400390625,96.52587890625,0.7940565347671509,-1,-1,-1
93,3,3676.701171875,803.80810546875,36.800537109375,109.25860595703125,0.7375986576080322,-1,-1,-1
93,4,2608.050048828125,580.0506591796875,19.861572265625,55.0714111328125,0.563693106174469,-1,-1,-1
93,41,4058.248779296875,527.15576171875,19.017578125,32.77001953125,0.28657951951026917,-1,-1,-1
93,5,3608.87841796875,580.3236694335938,19.384765625,48.4903564453125,0.44370055198669434,-1,-1,-1
93,77,3518.902099609375,586.2988891601562,19.310302734375,43.14056396484375,0.4109984338283539,-1,-1,-1
93,80,3113.00439453125,502.2644958496094,18.58056640625,48.202911376953125,0.46411800384521484,-1,-1,-1
93,83,3279.15771484375,554.6104736328125,20.40869140625,38.65423583984375,0.30905139446258545,-1,-1,-1
94,1,3191.5400390625,757.1038208007812,39.61328125,95.65924072265625,0.7537012696266174,-1,-1,-1
94,3,3677.486328125,804.0889282226562,35.7294921875,108.85186767578125,0.7485901713371277,-1,-1,-1
94,4,2608.418212890625,579.9276733398438,19.64599609375,55.1328125,0.5424115657806396,-1,-1,-1
94,41,4058.18115234375,527.1266479492188,19.0771484375,32.71417236328125,0.2805769145488739,-1,-1,-1
94,5,3608.1416015625,580.10498046875,20.189697265625,48.811767578125,0.46958261728286743,-1,-1,-1
94,77,3519.067626953125,586.3983154296875,19.130126953125,43.146728515625,0.429791122674942,-1,-1,-1
94,80,3113.347412109375,503.2551574707031,18.8134765625,45.567962646484375,0.44691771268844604,-1,-1,-1
94,83,3278.858154296875,554.5018310546875,20.32177734375,38.59442138671875,0.336975634098053,-1,-1,-1
94,88,3496.719482421875,516.6253662109375,17.178466796875,48.1610107421875,0.3429313898086548,-1,-1,-1
95,1,3192.0341796875,756.9681396484375,39.778564453125,95.47467041015625,0.7468649744987488,-1,-1,-1
95,3,3677.070556640625,804.0580444335938,36.062255859375,108.82000732421875,0.7159758806228638,-1,-1,-1
95,4,2608.663330078125,579.5967407226562,19.67236328125,55.4208984375,0.5309605598449707,-1,-1,-1
95,41,4058.116943359375,527.0348510742188,19.15185546875,32.594482421875,0.2634972333908081,-1,-1,-1
95,5,3607.723876953125,580.3068237304688,20.364501953125,48.47662353515625,0.44169092178344727,-1,-1,-1
95,77,3518.974609375,586.42919921875,18.984375,43.72711181640625,0.479927122592926,-1,-1,-1
95,80,3113.64013671875,503.23333740234375,18.743408203125,44.62078857421875,0.4425394535064697,-1,-1,-1
95,83,3278.684326171875,554.3485107421875,19.30224609375,38.4453125,0.3517642319202423,-1,-1,-1
95,88,3495.171142578125,520.2445068359375,17.548828125,44.390869140625,0.32152116298675537,-1,-1,-1
96,1,3193.178466796875,757.360107421875,39.08056640625,93.036865234375,0.7380062937736511,-1,-1,-1
96,3,3677.64892578125,804.08349609375,35.86279296875,108.57843017578125,0.720980703830719,-1,-1,-1
96,4,2608.939208984375,579.4304809570312,19.62158203125,55.68194580078125,0.5040978789329529,-1,-1,-1
96,41,4057.958251953125,526.8282470703125,19.33935546875,32.99078369140625,0.27668413519859314,-1,-1,-1
96,5,3607.67236328125,581.0453491210938,20.187255859375,47.42791748046875,0.4455660581588745,-1,-1,-1
96,77,3518.918701171875,586.1842041015625,18.964599609375,44.37890625,0.4739104211330414,-1,-1,-1
96,80,3113.738037109375,502.7714538574219,19.048583984375,45.254241943359375,0.4177296459674835,-1,-1,-1
96,83,3278.59375,554.2537841796875,18.61083984375,38.32086181640625,0.3213405907154083,-1,-1,-1
96,88,3493.48388671875,521.2744750976562,18.828369140625,43.30877685546875,0.37101754546165466,-1,-1,-1
97,1,3195.94970703125,757.6275634765625,37.56494140625,92.150634765625,0.7452588677406311,-1,-1,-1
97,3,3677.563232421875,803.9527587890625,36.029052734375,109.09185791015625,0.7137904763221741,-1,-1,-1
97,4,2609.211669921875,579.2345581054688,19.787841796875,56.1031494140625,0.5163165926933289,-1,-1,-1
97,41,4057.97216796875,526.7579956054688,19.3291015625,32.90472412109375,0.28369030356407166,-1,-1,-1
97,5,3607.38818359375,581.1141967773438,19.822998046875,47.2825927734375,0.44930535554885864,-1,-1,-1
97,77,3518.8212890625,585.3714599609375,19.18798828125,45.5859375,0.4760502576828003,-1,-1,-1
97,80,3113.23583984375,501.55181884765625,19.148681640625,46.1351318359375,0.38958245515823364,-1,-1,-1
97,83,3278.485595703125,554.1865234375,18.364501953125,38.0181884765625,0.31873568892478943,-1,-1,-1
97,88,3491.74609375,520.8905029296875,20.27734375,43.62542724609375,0.38054466247558594,-1,-1,-1
98,1,3196.384033203125,755.8414916992188,38.85595703125,94.1063232421875,0.715526819229126,-1,-1,-1
98,3,3677.2119140625,803.8032836914062,36.828857421875,109.1903076171875,0.7331180572509766,-1,-1,-1
98,4,2609.40625,579.225341796875,20.009521484375,56.29705810546875,0.5378609895706177,-1,-1,-1
98,41,4057.87744140625,526.6304931640625,19.42529296875,33.15966796875,0.2986100912094116,-1,-1,-1
98,5,3606.478515625,580.6555786132812,20.5849609375,48.10491943359375,0.48262202739715576,-1,-1,-1
98,77,3518.83544921875,584.9099731445312,19.210205078125,46.43267822265625,0.49250325560569763,-1,-1,-1
98,80,3113.188232421875,499.57415771484375,19.074462890625,48.5960693359375,0.44439226388931274,-1,-1,-1
98,83,3278.3271484375,554.2177124023438,18.4384765625,38.4742431640625,0.33425596356391907,-1,-1,-1
98,88,3490.941162109375,520.1922607421875,20.8115234375,44.46551513671875,0.36219853162765503,-1,-1,-1
99,1,3196.5517578125,753.0961303710938,40.701904296875,95.99005126953125,0.6952937245368958,-1,-1,-1
99,3,3677.456298828125,803.7327270507812,36.9228515625,109.28948974609375,0.7506163120269775,-1,-1,-1
99,4,2609.68017578125,578.9550170898438,20.6005859375,56.669921875,0.5464330315589905,-1,-1,-1
99,41,4057.747802734375,526.6234741210938,19.543212890625,32.9605712890625,0.29967930912971497,-1,-1,-1
99,5,3605.84375,579.8873291015625,20.895263671875,49.03985595703125,0.49181878566741943,-1,-1,-1
99,77,3519.051513671875,585.2860107421875,18.970947265625,46.25677490234375,0.5002801418304443,-1,-1,-1
99,80,3113.16748046875,500.2029113769531,19.146728515625,47.216278076171875,0.41223135590553284,-1,-1,-1
99,83,3278.119140625,554.3302612304688,18.4375,39.22760009765625,0.36231884360313416,-1,-1,-1
99,88,3491.161865234375,520.8458862304688,20.587158203125,43.746337890625,0.3430188298225403,-1,-1,-1
100,1,3196.567138671875,750.1636352539062,42.52685546875,97.74298095703125,0.6890743374824524,-1,-1,-1
100,3,3677.053955078125,803.4229125976562,38.128173828125,109.2987060546875,0.7791994214057922,-1,-1,-1
100,4,2609.95654296875,578.8687133789062,21.122314453125,57.00518798828125,0.5526538491249084,-1,-1,-1
100,41,4057.734375,526.6864013671875,19.548095703125,32.9569091796875,0.29862749576568604,-1,-1,-1
100,5,3605.74951171875,579.7386474609375,20.641845703125,48.94342041015625,0.47392526268959045,-1,-1,-1
100,77,3519.48193359375,585.7840576171875,18.54248046875,45.6402587890625,0.5067293047904968,-1,-1,-1
100,80,3115.609130859375,502.592041015625,17.862060546875,44.51861572265625,0.40775641798973083,-1,-1,-1
100,83,3277.771728515625,554.6435546875,18.666259765625,38.885498046875,0.38244375586509705,-1,-1,-1
101,1,3196.952392578125,749.00439453125,43.960693359375,98.40875244140625,0.6867402791976929,-1,-1,-1
101,3,3677.095703125,803.4336547851562,38.937255859375,109.187255859375,0.7681720852851868,-1,-1,-1
101,4,2610.4658203125,578.6644287109375,21.2294921875,57.22918701171875,0.5033323168754578,-1,-1,-1
101,41,4057.625732421875,526.6834716796875,19.609619140625,33.03857421875,0.27666476368904114,-1,-1,-1
101,5,3605.180908203125,580.3543701171875,20.58642578125,48.30914306640625,0.4363059401512146,-1,-1,-1
101,77,3519.848876953125,586.0391235351562,18.10400390625,44.9473876953125,0.45990073680877686,-1,-1,-1
101,80,3117.135986328125,503.9791259765625,17.760009765625,43.4539794921875,0.39172399044036865,-1,-1,-1
101,83,3277.565673828125,554.822509765625,18.749755859375,38.6434326171875,0.3935072422027588,-1,-1,-1
101,88,3490.234375,524.1484375,20.540283203125,38.98614501953125,0.26108503341674805,-1,-1,-1
102,1,3201.602294921875,748.562255859375,39.6650390625,97.28094482421875,0.6968616843223572,-1,-1,-1
102,3,3677.1826171875,803.6443481445312,38.967529296875,109.05706787109375,0.7620291113853455,-1,-1,-1
102,4,2610.65185546875,578.707275390625,21.448486328125,57.21044921875,0.5149329304695129,-1,-1,-1
102,41,4057.2666015625,526.7681884765625,19.925537109375,33.03948974609375,0.26390156149864197,-1,-1,-1
102,5,3604.57763671875,581.0736694335938,20.65966796875,47.80877685546875,0.4082803428173065,-1,-1,-1
102,77,3520.060302734375,586.0299072265625,17.93017578125,44.790771484375,0.4738701283931732,-1,-1,-1
102,80,3120.25146484375,505.8457336425781,16.085693359375,42.336273193359375,0.4008949100971222,-1,-1,-1
102,83,3277.569580078125,554.823974609375,18.85009765625,39.16949462890625,0.3906879425048828,-1,-1,-1
103,1,3206.60693359375,747.9495849609375,35.380126953125,96.45648193359375,0.7189035415649414,-1,-1,-1
103,3,3677.0390625,803.9484252929688,39.405029296875,108.7857666015625,0.7564622163772583,-1,-1,-1
103,4,2610.88720703125,578.8272705078125,21.87353515625,57.196533203125,0.5163261294364929,-1,-1,-1
103,41,4056.9345703125,526.7545776367188,20.217041015625,33.132080078125,0.26719310879707336,-1,-1,-1
103,5,3604.15234375,581.9808349609375,20.68212890625,46.8587646484375,0.41465047001838684,-1,-1,-1
103,77,3520.2001953125,585.8322143554688,17.899658203125,45.13299560546875,0.4632985591888428,-1,-1,-1
103,80,3120.90380859375,505.7366027832031,16.650634765625,42.987030029296875,0.40580374002456665,-1,-1,-1
103,83,3277.407470703125,554.6994018554688,18.9521484375,38.72027587890625,0.4126555323600769,-1,-1,-1
103,103,3300.8720703125,598.7125244140625,20.302001953125,51.87896728515625,0.3411330580711365,-1,-1,-1
104,1,3209.240966796875,748.0130004882812,33.280029296875,95.053955078125,0.72724848985672,-1,-1,-1
104,3,3676.47802734375,803.8285522460938,40.11865234375,108.77532958984375,0.7514814734458923,-1,-1,-1
104,4,2611.0859375,579.5180053710938,22.4423828125,56.5517578125,0.5597108602523804,-1,-1,-1
104,41,4056.3994140625,526.2179565429688,20.695556640625,33.919677734375,0.2941058576107025,-1,-1,-1
104,5,3603.74072265625,582.2951049804688,20.91748046875,46.66021728515625,0.384570837020874,-1,-1,-1
104,77,3520.42529296875,585.25244140625,18.05126953125,46.141845703125,0.5007578134536743,-1,-1,-1
104,80,3120.6015625,506.3415222167969,16.423828125,42.086273193359375,0.31562739610671997,-1,-1,-1
104,83,3277.382080078125,554.1764526367188,18.8544921875,38.66290283203125,0.4148813784122467,-1,-1,-1
104,103,3301.189697265625,598.640625,20.1328125,50.94122314453125,0.3420030176639557,-1,-1,-1
105,1,3210.7431640625,747.4327392578125,32.3408203125,94.39105224609375,0.7268699407577515,-1,-1,-1
105,3,3676.051513671875,803.6150512695312,40.70751953125,108.9033203125,0.7410426139831543,-1,-1,-1
105,4,2611.328369140625,580.0077514648438,23.112060546875,56.2049560546875,0.5201023817062378,-1,-1,-1
105,41,4056.159912109375,525.71142578125,20.9208984375,34.675048828125,0.30216169357299805,-1,-1,-1
105,5,3603.004150390625,581.7265014648438,21.850830078125,47.289306640625,0.3964948356151581,-1,-1,-1
105,77,3520.43896484375,584.9434814453125,18.3203125,46.6702880859375,0.5125662088394165,-1,-1,-1
105,83,3277.30712890625,553.6554565429688,18.918701171875,39.0626220703125,0.43164291977882385,-1,-1,-1
105,103,3301.3759765625,598.7879638671875,19.975830078125,49.96795654296875,0.3227255642414093,-1,-1,-1
106,1,3211.790283203125,747.9088134765625,31.80078125,93.1966552734375,0.6908026337623596,-1,-1,-1
106,3,3674.98779296875,803.332763671875,41.755615234375,109.45794677734375,0.7295987010002136,-1,-1,-1
106,4,2611.208251953125,579.7337646484375,24.017578125,58.8841552734375,0.47858986258506775,-1,-1,-1
106,41,4055.886474609375,525.6022338867188,21.18115234375,34.82330322265625,0.299325168132782,-1,-1,-1
106,5,3602.962646484375,581.568603515625,21.892333984375,47.3463134765625,0.39585500955581665,-1,-1,-1
106,77,3520.548583984375,585.014404296875,18.8125,47.7041015625,0.515051007270813,-1,-1,-1
106,83,3277.406005859375,553.4518432617188,18.89990234375,39.62615966796875,0.4171820878982544,-1,-1,-1
106,103,3301.54443359375,598.914306640625,20.4384765625,50.9383544921875,0.30186668038368225,-1,-1,-1
107,1,3212.48095703125,747.3948364257812,32.657958984375,93.71258544921875,0.7622323036193848,-1,-1,-1
107,3,3671.60400390625,802.9252319335938,45.49755859375,109.6629638671875,0.7342946529388428,-1,-1,-1
107,4,2611.257080078125,579.4611206054688,24.607177734375,60.361328125,0.46341994404792786,-1,-1,-1
107,41,4055.6669921875,525.4063720703125,21.3974609375,35.1429443359375,0.30747222900390625,-1,-1,-1
107,5,3602.580078125,580.6594848632812,22.07861328125,48.21795654296875,0.39926961064338684,-1,-1,-1
107,77,3520.4921875,584.9171752929688,18.98681640625,48.37384033203125,0.5271931886672974,-1,-1,-1
107,83,3277.150390625,553.1576538085938,19.23046875,40.1962890625,0.4355364441871643,-1,-1,-1
107,103,3301.79541015625,598.9593505859375,20.763916015625,50.2269287109375,0.33024218678474426,-1,-1,-1
108,1,3213.019775390625,746.7844848632812,33.35400390625,95.05133056640625,0.7498592138290405,-1,-1,-1
108,3,3670.128662109375,801.7793579101562,47.810546875,110.83551025390625,0.7231090068817139,-1,-1,-1
108,4,2611.15283203125,579.2443237304688,25.23779296875,60.9608154296875,0.4631054103374481,-1,-1,-1
108,41,4055.7177734375,525.3211669921875,21.36181640625,35.00592041015625,0.31727492809295654,-1,-1,-1
108,5,3601.864990234375,579.7326049804688,22.247802734375,48.7635498046875,0.3773825764656067,-1,-1,-1
108,77,3520.61279296875,584.6806030273438,19.18994140625,48.713623046875,0.5376423001289368,-1,-1,-1
108,83,3276.97607421875,552.7562255859375,19.159912109375,39.973388671875,0.4226679801940918,-1,-1,-1
108,103,3302.376708984375,598.9918212890625,20.60693359375,45.9649658203125,0.31108421087265015,-1,-1,-1
109,1,3213.817138671875,746.8811645507812,32.49560546875,95.2486572265625,0.7404346466064453,-1,-1,-1
109,3,3670.987060546875,801.4851684570312,47.7587890625,111.65234375,0.7063978314399719,-1,-1,-1
109,4,2610.344482421875,579.432373046875,26.045654296875,61.0167236328125,0.41789764165878296,-1,-1,-1
109,41,4055.814697265625,525.4659423828125,21.267578125,34.68072509765625,0.32645183801651,-1,-1,-1
109,5,3601.591552734375,579.3448486328125,22.22314453125,48.61846923828125,0.384443074464798,-1,-1,-1
109,77,3520.978515625,584.367919921875,19.061767578125,49.7342529296875,0.5256204009056091,-1,-1,-1
109,83,3276.720703125,552.867919921875,19.22705078125,38.953125,0.42731302976608276,-1,-1,-1
109,103,3302.65283203125,598.9346923828125,20.76904296875,46.41998291015625,0.32742127776145935,-1,-1,-1
110,1,3214.606689453125,746.2955932617188,34.0263671875,95.7371826171875,0.7607329487800598,-1,-1,-1
110,3,3671.33984375,800.7218627929688,47.64208984375,112.193115234375,0.7237939834594727,-1,-1,-1
110,4,2610.8818359375,579.4271240234375,26.30908203125,59.164794921875,0.34342581033706665,-1,-1,-1
110,41,4055.8603515625,525.6671142578125,21.236083984375,34.31976318359375,0.3227654695510864,-1,-1,-1
110,5,3601.036865234375,578.6207275390625,22.42626953125,49.103759765625,0.38257116079330444,-1,-1,-1
110,77,3521.74658203125,584.3029174804688,18.695556640625,50.092041015625,0.5577778220176697,-1,-1,-1
110,83,3276.61962890625,552.9945678710938,19.150634765625,38.4830322265625,0.42049115896224976,-1,-1,-1
110,103,3303.0849609375,598.8390502929688,21.03173828125,45.16522216796875,0.2960531711578369,-1,-1,-1
111,1,3215.966552734375,746.1355590820312,33.593505859375,96.0299072265625,0.7644100189208984,-1,-1,-1
111,3,3671.87744140625,800.5441284179688,48.029541015625,112.48687744140625,0.7137656807899475,-1,-1,-1
111,4,2612.331787109375,579.1354370117188,26.346923828125,58.60906982421875,0.32480525970458984,-1,-1,-1
111,41,4055.74853515625,525.9793090820312,21.343505859375,33.965576171875,0.31523436307907104,-1,-1,-1
111,5,3600.927978515625,578.4161987304688,22.566162109375,49.47259521484375,0.39298078417778015,-1,-1,-1
111,77,3522.76904296875,584.2284545898438,18.08740234375,49.98876953125,0.5939211845397949,-1,-1,-1
111,83,3276.568359375,553.0308837890625,19.02734375,38.267333984375,0.4135681688785553,-1,-1,-1
111,103,3303.363525390625,598.6454467773438,21.2216796875,45.21429443359375,0.28019091486930847,-1,-1,-1
111,80,3124.792236328125,510.2588806152344,16.4189453125,36.988433837890625,0.2755160629749298,-1,-1,-1
112,1,3217.57958984375,746.169677734375,33.3154296875,95.43231201171875,0.7903487682342529,-1,-1,-1
112,3,3671.601318359375,800.829833984375,48.706298828125,112.05908203125,0.696898877620697,-1,-1,-1
112,4,2612.813232421875,578.74072265625,27.19384765625,59.0557861328125,0.3718186616897583,-1,-1,-1
112,41,4055.804443359375,526.1076049804688,21.2890625,33.74200439453125,0.3204609751701355,-1,-1,-1
112,5,3600.8388671875,577.866455078125,22.521484375,49.91845703125,0.410452663898468,-1,-1,-1
112,77,3523.26220703125,584.8346557617188,17.88232421875,48.9256591796875,0.6253281831741333,-1,-1,-1
112,83,3276.5693359375,552.7337036132812,18.94873046875,38.47320556640625,0.4270184338092804,-1,-1,-1
113,1,3218.458740234375,746.0480346679688,33.576416015625,94.386474609375,0.7972216606140137,-1,-1,-1
113,3,3671.565185546875,800.4073486328125,50.466552734375,112.5155029296875,0.6970607042312622,-1,-1,-1
113,4,2613.035400390625,579.18359375,27.490478515625,59.79449462890625,0.36882728338241577,-1,-1,-1
113,41,4055.846923828125,526.0768432617188,21.244140625,33.79534912109375,0.3177852928638458,-1,-1,-1
113,5,3600.88720703125,578.1614379882812,22.48193359375,49.66009521484375,0.41507863998413086,-1,-1,-1
113,77,3523.587158203125,585.0628051757812,17.63671875,49.13848876953125,0.63728266954422,-1,-1,-1
113,83,3276.279296875,552.8411254882812,18.779296875,38.44268798828125,0.4239400625228882,-1,-1,-1
114,1,3218.66162109375,745.8341674804688,34.235107421875,93.64947509765625,0.7893458604812622,-1,-1,-1
114,3,3671.317626953125,799.9802856445312,51.999267578125,112.87939453125,0.6966583728790283,-1,-1,-1
114,4,2614.075927734375,579.9915771484375,28.457763671875,56.096435546875,0.40700146555900574,-1,-1,-1
114,41,4056.001708984375,526.0611572265625,21.112548828125,33.86297607421875,0.32412171363830566,-1,-1,-1
114,5,3600.841796875,578.2966918945312,22.48388671875,49.52142333984375,0.42028889060020447,-1,-1,-1
114,77,3524.282470703125,585.6414794921875,17.2041015625,49.860107421875,0.6185423135757446,-1,-1,-1
114,83,3275.9462890625,552.7651977539062,18.77685546875,39.4820556640625,0.45145168900489807,-1,-1,-1
114,103,3303.796142578125,597.30419921875,22.300537109375,49.96795654296875,0.3024768829345703,-1,-1,-1
115,1,3218.439697265625,744.4320678710938,35.899169921875,94.36944580078125,0.7869014143943787,-1,-1,-1
115,3,3669.660400390625,799.7257690429688,54.385009765625,111.54046630859375,0.6953683495521545,-1,-1,-1
115,4,2615.6943359375,580.15966796875,27.877685546875,53.9403076171875,0.4220561683177948,-1,-1,-1
115,41,4055.93408203125,526.00146484375,21.194091796875,34.194091796875,0.31918200850486755,-1,-1,-1
115,5,3600.926025390625,578.30859375,22.59814453125,49.28277587890625,0.42316320538520813,-1,-1,-1
115,77,3524.5517578125,586.2826538085938,17.216064453125,49.34661865234375,0.5963013172149658,-1,-1,-1
115,83,3275.35888671875,552.7254028320312,19.01171875,40.0511474609375,0.46665796637535095,-1,-1,-1
115,103,3304.299072265625,596.7567749023438,22.072021484375,50.6033935546875,0.31166455149650574,-1,-1,-1
116,1,3219.62548828125,742.5823364257812,35.953369140625,94.369140625,0.8024311661720276,-1,-1,-1
116,3,3668.9013671875,799.548095703125,55.809326171875,111.2960205078125,0.703022301197052,-1,-1,-1
116,4,2617.6328125,581.0654907226562,27.55517578125,50.73162841796875,0.42254626750946045,-1,-1,-1
116,41,4055.91162109375,526.0244750976562,21.23681640625,34.1199951171875,0.31622952222824097,-1,-1,-1
116,5,3600.8251953125,578.0341186523438,22.7294921875,49.50140380859375,0.4330797791481018,-1,-1,-1
116,77,3525.182373046875,586.8331298828125,17.2275390625,48.770751953125,0.5744515657424927,-1,-1,-1
116,83,3274.9921875,552.5157470703125,18.829345703125,39.894287109375,0.47660109400749207,-1,-1,-1
116,103,3304.498779296875,596.891357421875,21.427490234375,49.40264892578125,0.27476146817207336,-1,-1,-1
117,1,3221.05419921875,741.3497314453125,35.1240234375,95.16937255859375,0.8195723295211792,-1,-1,-1
117,3,3669.71630859375,799.2515258789062,55.425048828125,111.41534423828125,0.6948939561843872,-1,-1,-1
117,4,2619.09423828125,581.5607299804688,28.025146484375,46.0162353515625,0.38755518198013306,-1,-1,-1
117,41,4055.968017578125,526.0619506835938,21.176513671875,33.9935302734375,0.31527525186538696,-1,-1,-1
117,5,3601.193359375,578.424072265625,22.51513671875,48.80035400390625,0.41529929637908936,-1,-1,-1
117,77,3525.5068359375,588.5878295898438,17.388671875,46.7823486328125,0.5766026377677917,-1,-1,-1
117,83,3274.923828125,552.4010620117188,18.74658203125,39.6973876953125,0.48194441199302673,-1,-1,-1
118,1,3222.365478515625,739.4293823242188,34.280029296875,95.797607421875,0.8073170781135559,-1,-1,-1
118,3,3672.068115234375,797.8610229492188,53.883544921875,111.93475341796875,0.6824201941490173,-1,-1,-1
118,4,2619.803466796875,582.0587158203125,29.109619140625,45.3037109375,0.40266621112823486,-1,-1,-1
118,41,4056.0830078125,526.0044555664062,21.06982421875,33.96649169921875,0.31513166427612305,-1,-1,-1
118,5,3601.762451171875,578.62548828125,22.474365234375,48.23455810546875,0.4042888879776001,-1,-1,-1
118,77,3525.794189453125,589.4236450195312,18.344970703125,45.998046875,0.5913607478141785,-1,-1,-1
118,83,3274.998779296875,552.2662353515625,18.680908203125,40.35345458984375,0.46544504165649414,-1,-1,-1
118,103,3305.040771484375,596.763427734375,22.417724609375,48.939208984375,0.2728954553604126,-1,-1,-1
119,1,3222.94140625,738.3887329101562,34.3466796875,95.99334716796875,0.8014582395553589,-1,-1,-1
119,3,3672.147216796875,797.5744018554688,54.4677734375,111.40716552734375,0.6709229946136475,-1,-1,-1
119,4,2619.91650390625,582.1007690429688,31.01708984375,47.0455322265625,0.4369063973426819,-1,-1,-1
119,41,4056.115966796875,525.9476318359375,21.05224609375,34.04388427734375,0.3152207136154175,-1,-1,-1
119,5,3602.680419921875,578.6519165039062,22.67626953125,47.937744140625,0.38977688550949097,-1,-1,-1
119,77,3525.85986328125,589.8896484375,19.23291015625,46.01171875,0.5954048037528992,-1,-1,-1
119,83,3275.3291015625,552.6400756835938,18.369384765625,38.61212158203125,0.4310207962989807,-1,-1,-1
119,124,3495.735107421875,523.7942504882812,16.880126953125,36.3236083984375,0.3631272315979004,-1,-1,-1
119,103,3305.23388671875,596.9153442382812,23.072265625,48.95172119140625,0.2652851343154907,-1,-1,-1
120,1,3224.33837890625,737.944091796875,33.6865234375,95.376708984375,0.7736634016036987,-1,-1,-1
120,3,3682.069580078125,799.232421875,45.1416015625,109.9140625,0.6274486184120178,-1,-1,-1
120,4,2624.4716796875,581.2484130859375,28.1064453125,46.07879638671875,0.4597203731536865,-1,-1,-1
120,41,4056.32568359375,526.066162109375,20.850341796875,33.858642578125,0.315216988325119,-1,-1,-1
120,5,3603.529541015625,578.177978515625,23.61572265625,48.77203369140625,0.35806187987327576,-1,-1,-1
120,77,3526.236328125,589.7734375,19.430908203125,46.28863525390625,0.5858203172683716,-1,-1,-1
120,83,3275.72705078125,552.8733520507812,18.026123046875,37.35784912109375,0.38727501034736633,-1,-1,-1
120,124,3496.47705078125,523.8053588867188,17.025390625,36.115478515625,0.3446732461452484,-1,-1,-1
120,103,3305.53173828125,596.9598388671875,23.181640625,49.0462646484375,0.2601292133331299,-1,-1,-1
121,1,3225.242919921875,738.1806030273438,33.378173828125,94.74786376953125,0.7914353013038635,-1,-1,-1
121,3,3687.37451171875,799.6075439453125,40.238037109375,109.162353515625,0.6083307266235352,-1,-1,-1
121,4,2628.82861328125,581.2046508789062,25.01513671875,44.6072998046875,0.4228641986846924,-1,-1,-1
121,41,4056.33642578125,526.163818359375,20.828857421875,33.72174072265625,0.2973926067352295,-1,-1,-1
121,5,3604.797607421875,579.118408203125,22.580810546875,47.73968505859375,0.33233642578125,-1,-1,-1
121,77,3526.678466796875,589.9481201171875,19.280517578125,44.80950927734375,0.5255632400512695,-1,-1,-1
121,83,3275.7734375,552.8346557617188,17.91552734375,35.12603759765625,0.3577093780040741,-1,-1,-1
121,124,3496.59716796875,521.9236450195312,17.865234375,36.051025390625,0.3594759404659271,-1,-1,-1
121,103,3305.916015625,596.25927734375,23.13720703125,49.00421142578125,0.30855196714401245,-1,-1,-1
122,1,3226.580078125,737.0515747070312,32.074951171875,94.435302734375,0.7905346155166626,-1,-1,-1
122,3,3690.112548828125,799.4300537109375,38.425048828125,109.60113525390625,0.6078575253486633,-1,-1,-1
122,4,2631.025146484375,579.2399291992188,23.55029296875,47.8028564453125,0.4648309051990509,-1,-1,-1
122,41,4056.392333984375,526.2267456054688,20.772216796875,33.71893310546875,0.2878674268722534,-1,-1,-1
122,5,3605.1044921875,578.8594970703125,22.82177734375,48.03790283203125,0.3676086366176605,-1,-1,-1
122,77,3526.924072265625,589.8739013671875,19.20556640625,42.78424072265625,0.4991178512573242,-1,-1,-1
122,83,3275.14208984375,552.2073364257812,18.21142578125,35.365478515625,0.37987926602363586,-1,-1,-1
122,124,3497.276611328125,521.1336059570312,17.118408203125,35.81103515625,0.32441428303718567,-1,-1,-1
122,103,3306.058349609375,595.5741577148438,23.071044921875,49.03558349609375,0.3051729202270508,-1,-1,-1
123,1,3227.822509765625,736.2978515625,31.46435546875,93.5037841796875,0.803070068359375,-1,-1,-1
123,3,3691.0625,799.5308227539062,37.86376953125,109.42230224609375,0.6200226545333862,-1,-1,-1
123,4,2633.36669921875,578.6365356445312,21.834716796875,48.35467529296875,0.4854472577571869,-1,-1,-1
123,41,4056.427490234375,526.2744750976562,20.74560546875,33.54119873046875,0.2783830165863037,-1,-1,-1
123,5,3605.288818359375,579.2120971679688,23.4404296875,47.69024658203125,0.34176236391067505,-1,-1,-1
123,77,3527.44482421875,589.3060913085938,18.899169921875,42.0537109375,0.4980020821094513,-1,-1,-1
123,83,3274.91455078125,552.04443359375,18.50048828125,35.60943603515625,0.3799397051334381,-1,-1,-1
123,103,3306.426513671875,595.5233154296875,22.718505859375,47.94384765625,0.286563515663147,-1,-1,-1
124,1,3228.2109375,735.5812377929688,31.715087890625,93.85308837890625,0.794304609298706,-1,-1,-1
124,3,3690.961181640625,799.5805053710938,38.40185546875,108.571044921875,0.6469157338142395,-1,-1,-1
124,4,2633.382568359375,577.606689453125,22.33251953125,49.53143310546875,0.5484189987182617,-1,-1,-1
124,41,4056.4541015625,526.272216796875,20.731689453125,33.50628662109375,0.2793474793434143,-1,-1,-1
124,5,3605.03955078125,579.3506469726562,24.158935546875,47.23614501953125,0.31131622195243835,-1,-1,-1
124,77,3528.412353515625,589.3800048828125,18.457763671875,42.0418701171875,0.5265203714370728,-1,-1,-1
124,83,3274.38818359375,551.496826171875,18.821044921875,36.10382080078125,0.4084421694278717,-1,-1,-1
124,103,3306.841552734375,595.1982421875,22.322998046875,46.8646240234375,0.2651451826095581,-1,-1,-1
124,124,3498.928955078125,522.6704711914062,16.08447265625,33.823974609375,0.2529039978981018,-1,-1,-1
125,1,3228.815673828125,735.40478515625,31.767333984375,93.2039794921875,0.768392026424408,-1,-1,-1
125,3,3690.655029296875,799.6709594726562,38.993408203125,107.5892333984375,0.6774427890777588,-1,-1,-1
125,4,2634.178466796875,577.0833740234375,23.1845703125,50.5694580078125,0.5060356259346008,-1,-1,-1
125,41,4056.62841796875,526.18115234375,20.583251953125,33.487548828125,0.2779428958892822,-1,-1,-1
125,5,3606.41357421875,578.7245483398438,23.142822265625,47.56475830078125,0.2900766134262085,-1,-1,-1
125,77,3529.20751953125,589.27490234375,18.083740234375,41.63092041015625,0.5063530206680298,-1,-1,-1
125,83,3273.729248046875,550.6881713867188,19.28662109375,37.02099609375,0.41903039813041687,-1,-1,-1
125,103,3307.8076171875,594.849853515625,21.783203125,45.9066162109375,0.29276448488235474,-1,-1,-1
125,135,3050.65234375,514.947509765625,17.247314453125,37.79058837890625,0.36857691407203674,-1,-1,-1
126,1,3229.45751953125,735.6930541992188,31.7177734375,92.14697265625,0.7501481175422668,-1,-1,-1
126,3,3688.7353515625,799.7890625,41.187255859375,107.47967529296875,0.7003029584884644,-1,-1,-1
126,4,2634.6298828125,576.88525390625,24.59228515625,51.6058349609375,0.48387411236763,-1,-1,-1
126,41,4056.728759765625,526.2276000976562,20.493896484375,33.2724609375,0.27386799454689026,-1,-1,-1
126,5,3607.37939453125,579.056884765625,22.36767578125,46.427978515625,0.28344663977622986,-1,-1,-1
126,77,3529.747802734375,589.4569091796875,17.835205078125,42.02264404296875,0.4894334375858307,-1,-1,-1
126,83,3273.131591796875,550.1568603515625,19.807373046875,37.3309326171875,0.4091876149177551,-1,-1,-1
126,103,3308.000732421875,594.5557861328125,21.841552734375,46.5323486328125,0.3112904727458954,-1,-1,-1
126,124,3499.877197265625,524.2179565429688,16.478271484375,33.03668212890625,0.25912123918533325,-1,-1,-1
127,1,3230.70849609375,735.9700317382812,30.78564453125,90.16363525390625,0.7069291472434998,-1,-1,-1
127,3,3687.930908203125,800.8135986328125,42.126953125,105.68255615234375,0.7362233400344849,-1,-1,-1
127,4,2637.0498046875,576.8323364257812,24.893798828125,51.58416748046875,0.34027865529060364,-1,-1,-1
127,41,4056.84716796875,526.2542114257812,20.382080078125,33.12994384765625,0.27125054597854614,-1,-1,-1
127,5,3608.218505859375,578.7806396484375,21.91064453125,45.6009521484375,0.2738659679889679,-1,-1,-1
127,77,3529.82421875,589.7283935546875,17.63818359375,41.40484619140625,0.5191665887832642,-1,-1,-1
127,83,3272.94873046875,549.5978393554688,19.94091796875,38.033447265625,0.38292500376701355,-1,-1,-1
127,103,3308.16357421875,594.2213134765625,21.80517578125,46.81451416015625,0.3565748929977417,-1,-1,-1
128,1,3231.48876953125,735.5836181640625,29.355224609375,89.156494140625,0.701903760433197,-1,-1,-1
128,3,3687.80419921875,800.5234375,41.969482421875,105.49957275390625,0.7386397123336792,-1,-1,-1
128,41,4057.031005859375,526.3041381835938,20.201416015625,32.9813232421875,0.2795368432998657,-1,-1,-1
128,77,3530.501220703125,590.8275146484375,16.895263671875,39.73382568359375,0.4792633652687073,-1,-1,-1
128,83,3272.786376953125,548.9378051757812,20.077392578125,38.59027099609375,0.4032761752605438,-1,-1,-1
128,103,3308.65234375,593.6926879882812,21.458740234375,47.3822021484375,0.3564068377017975,-1,-1,-1
129,1,3232.02294921875,734.77783203125,28.709228515625,88.18426513671875,0.7236502170562744,-1,-1,-1
129,3,3688.9814453125,800.384765625,40.677001953125,105.058837890625,0.7358347177505493,-1,-1,-1
129,41,4057.3330078125,526.3287963867188,19.9208984375,32.998779296875,0.26570579409599304,-1,-1,-1
129,77,3531.045654296875,591.3302612304688,16.513671875,39.4541015625,0.45888325572013855,-1,-1,-1
129,83,3272.833984375,548.8298950195312,20.095703125,39.2308349609375,0.38470175862312317,-1,-1,-1
129,103,3308.991455078125,592.89111328125,21.368896484375,46.84161376953125,0.36729222536087036,-1,-1,-1
129,5,3610.414794921875,579.3717651367188,20.444091796875,45.4024658203125,0.2629779577255249,-1,-1,-1
130,1,3232.98193359375,734.0053100585938,28.0234375,88.8819580078125,0.6945237517356873,-1,-1,-1
130,3,3690.04541015625,800.2779541015625,39.608154296875,105.214111328125,0.7338936924934387,-1,-1,-1
130,41,4057.309326171875,526.4758911132812,19.955078125,32.8162841796875,0.27277541160583496,-1,-1,-1
130,77,3531.76904296875,590.9090576171875,17.8955078125,40.400390625,0.4636874198913574,-1,-1,-1
130,83,3272.906005859375,548.7967529296875,20.0751953125,39.03546142578125,0.39642542600631714,-1,-1,-1
130,103,3309.301025390625,591.9660034179688,21.14697265625,48.2017822265625,0.3636417090892792,-1,-1,-1
130,5,3610.18798828125,578.4784545898438,20.603759765625,47.14947509765625,0.28737539052963257,-1,-1,-1
130,124,3503.281494140625,521.6203002929688,14.44384765625,33.58941650390625,0.28912681341171265,-1,-1,-1
131,1,3233.197021484375,733.1538696289062,29.28759765625,89.335205078125,0.6699783205986023,-1,-1,-1
131,3,3691.444580078125,799.9927978515625,38.118896484375,105.0196533203125,0.7215360403060913,-1,-1,-1
131,41,4057.2626953125,526.6271362304688,19.99365234375,32.56005859375,0.3016134798526764,-1,-1,-1
131,77,3532.22802734375,591.6348876953125,19.2265625,40.6314697265625,0.4885738492012024,-1,-1,-1
131,83,3273.156005859375,548.9576416015625,19.91748046875,38.24749755859375,0.4139268398284912,-1,-1,-1
131,103,3309.88671875,591.1715698242188,20.60888671875,48.81744384765625,0.37852761149406433,-1,-1,-1
131,124,3503.974853515625,521.2548828125,14.333740234375,32.171875,0.26532816886901855,-1,-1,-1
131,4,2644.747802734375,573.8026733398438,25.388671875,53.795166015625,0.38315093517303467,-1,-1,-1
132,1,3233.686767578125,731.9916381835938,29.89599609375,90.2586669921875,0.6751066446304321,-1,-1,-1
132,3,3691.285888671875,799.9176635742188,38.4873046875,104.21600341796875,0.7277453541755676,-1,-1,-1
132,41,4056.96337890625,526.8335571289062,20.25146484375,32.3323974609375,0.282329797744751,-1,-1,-1
132,77,3532.58251953125,591.3807373046875,19.845458984375,41.09521484375,0.4371298849582672,-1,-1,-1
132,83,3273.27978515625,549.203369140625,19.821533203125,37.0126953125,0.40617311000823975,-1,-1,-1
132,103,3310.296875,590.2192993164062,20.30224609375,49.96136474609375,0.4335375726222992,-1,-1,-1
132,4,2647.008544921875,574.8754272460938,24.876708984375,52.408203125,0.42838436365127563,-1,-1,-1
132,5,3611.805908203125,578.1294555664062,21.139404296875,47.9168701171875,0.25720030069351196,-1,-1,-1
133,1,3233.896484375,731.2828979492188,30.253662109375,90.02301025390625,0.6723623871803284,-1,-1,-1
133,3,3689.115478515625,800.022216796875,41.00048828125,104.6065673828125,0.7213995456695557,-1,-1,-1
133,41,4056.8349609375,526.9342041015625,20.36083984375,32.108642578125,0.2741928696632385,-1,-1,-1
133,77,3532.846435546875,591.9610595703125,20.58154296875,40.92913818359375,0.3452221155166626,-1,-1,-1
133,83,3273.1416015625,549.344482421875,20.016357421875,36.3018798828125,0.38197675347328186,-1,-1,-1
133,103,3310.6650390625,589.744384765625,20.03271484375,50.36663818359375,0.4421508014202118,-1,-1,-1
133,4,2648.521484375,577.4264526367188,25.447509765625,48.8284912109375,0.40386807918548584,-1,-1,-1
134,1,3234.801513671875,730.1318969726562,30.76953125,89.52239990234375,0.61541348695755,-1,-1,-1
134,3,3688.722900390625,800.0054931640625,41.822021484375,104.0030517578125,0.7336201667785645,-1,-1,-1
134,41,4056.747802734375,527.0060424804688,20.445556640625,31.97161865234375,0.2862931787967682,-1,-1,-1
134,77,3532.923828125,592.8453979492188,21.458251953125,43.90142822265625,0.38748013973236084,-1,-1,-1
134,83,3273.012451171875,549.4502563476562,20.20068359375,36.3936767578125,0.4072643518447876,-1,-1,-1
134,103,3311.189208984375,589.4468383789062,19.53369140625,50.938720703125,0.4687879979610443,-1,-1,-1
134,4,2649.372314453125,577.1992797851562,28.125732421875,47.5693359375,0.42083853483200073,-1,-1,-1
134,5,3612.299072265625,577.8630981445312,21.732177734375,48.40069580078125,0.3003649413585663,-1,-1,-1
135,1,3235.0224609375,727.074462890625,31.683837890625,91.0177001953125,0.704034149646759,-1,-1,-1
135,3,3686.63037109375,800.4454345703125,43.878173828125,104.18743896484375,0.7159616351127625,-1,-1,-1
135,41,4056.614990234375,527.1182861328125,20.57275390625,31.9837646484375,0.2923364043235779,-1,-1,-1
135,77,3533.031982421875,591.5648193359375,22.124267578125,49.421630859375,0.2970547676086426,-1,-1,-1
135,83,3273.168212890625,549.54345703125,20.124755859375,36.50164794921875,0.4480825960636139,-1,-1,-1
135,103,3311.8251953125,589.0653686523438,18.93115234375,51.6243896484375,0.4826136529445648,-1,-1,-1
135,4,2649.67822265625,577.2175903320312,32.4345703125,46.64764404296875,0.4302360713481903,-1,-1,-1
135,5,3612.290771484375,577.8849487304688,22.533203125,48.23541259765625,0.265775203704834,-1,-1,-1
136,1,3234.1552734375,725.4360961914062,32.846435546875,91.25457763671875,0.6985228657722473,-1,-1,-1
136,3,3685.274169921875,800.6369018554688,45.205322265625,104.45281982421875,0.7092734575271606,-1,-1,-1
136,41,4056.61328125,527.204833984375,20.5888671875,32.0244140625,0.2738705277442932,-1,-1,-1
136,83,3273.49755859375,548.9432983398438,19.80908203125,36.7293701171875,0.42286232113838196,-1,-1,-1
136,103,3312.42626953125,588.4683227539062,18.348876953125,52.17901611328125,0.4744046926498413,-1,-1,-1
136,4,2652.14453125,579.3431396484375,32.32080078125,42.56719970703125,0.39303848147392273,-1,-1,-1
137,1,3233.648681640625,724.8096923828125,33.326416015625,90.62957763671875,0.6717464923858643,-1,-1,-1
137,3,3684.48095703125,800.762939453125,46.02099609375,104.5751953125,0.7111702561378479,-1,-1,-1
137,41,4056.57958984375,527.3140869140625,20.6083984375,32.0604248046875,0.2659304440021515,-1,-1,-1
137,83,3274.4375,548.6234130859375,18.910400390625,36.8470458984375,0.44976821541786194,-1,-1,-1
137,103,3312.915771484375,588.2341918945312,18.0068359375,53.409423828125,0.5104417204856873,-1,-1,-1
137,4,2652.206787109375,578.996337890625,35.5517578125,44.595703125,0.4074159562587738,-1,-1,-1
137,5,3613.707763671875,579.7782592773438,23.05615234375,45.62158203125,0.25078529119491577,-1,-1,-1
138,1,3233.316162109375,724.7911987304688,32.25341796875,90.00958251953125,0.6592808961868286,-1,-1,-1
138,3,3684.758544921875,800.71923828125,46.004150390625,104.14483642578125,0.712984025478363,-1,-1,-1
138,41,4056.626708984375,527.5006103515625,20.55224609375,31.7767333984375,0.2524688243865967,-1,-1,-1
138,83,3275.042724609375,548.3023681640625,18.315185546875,37.32305908203125,0.4160653352737427,-1,-1,-1
138,103,3313.19189453125,587.7255859375,17.736328125,53.5755615234375,0.4719523787498474,-1,-1,-1
138,4,2652.870361328125,580.7633056640625,36.69140625,41.80224609375,0.35932090878486633,-1,-1,-1
138,147,3156.8642578125,510.1983947753906,15.645263671875,27.544525146484375,0.36995360255241394,-1,-1,-1
138,5,3613.05810546875,578.7440185546875,24.139404296875,47.296630859375,0.26714709401130676,-1,-1,-1
139,1,3233.3076171875,724.6237182617188,31.310791015625,89.57244873046875,0.6661909222602844,-1,-1,-1
139,3,3687.18896484375,800.2635498046875,44.182861328125,103.538330078125,0.7266101241111755,-1,-1,-1
139,41,4056.606689453125,527.5103149414062,20.568359375,31.76739501953125,0.2718575596809387,-1,-1,-1
139,83,3275.178466796875,547.7050170898438,18.187255859375,38.06756591796875,0.4514835774898529,-1,-1,-1
139,103,3313.5849609375,587.264892578125,17.37158203125,52.5670166015625,0.44332340359687805,-1,-1,-1
139,4,2654.20849609375,579.7610473632812,36.775146484375,42.49774169921875,0.35205331444740295,-1,-1,-1
139,147,3158.263671875,510.47552490234375,14.854248046875,26.63763427734375,0.38732126355171204,-1,-1,-1
139,5,3612.846923828125,578.729736328125,24.533935546875,48.25860595703125,0.3568461239337921,-1,-1,-1
140,1,3232.687255859375,724.9996337890625,31.05224609375,88.34234619140625,0.6762717962265015,-1,-1,-1
140,3,3685.730712890625,800.7346801757812,45.402099609375,103.99359130859375,0.7112092971801758,-1,-1,-1
140,41,4056.555419921875,527.6145629882812,20.600341796875,31.50732421875,0.27077847719192505,-1,-1,-1
140,83,3275.464599609375,547.1884155273438,18.029052734375,38.48626708984375,0.45781397819519043,-1,-1,-1
140,103,3313.874267578125,586.6696166992188,17.242919921875,52.66302490234375,0.40663138031959534,-1,-1,-1
140,4,2661.370849609375,576.9992065429688,31.112548828125,45.651123046875,0.35304713249206543,-1,-1,-1
140,147,3159.995849609375,511.7823181152344,14.38818359375,24.464630126953125,0.3373021185398102,-1,-1,-1
141,1,3232.640625,724.4922485351562,30.713134765625,87.943359375,0.6891720294952393,-1,-1,-1
141,3,3684.92578125,800.8427124023438,46.176513671875,104.313720703125,0.7159919738769531,-1,-1,-1
141,41,4056.539794921875,527.6697998046875,20.61328125,31.33135986328125,0.2597593367099762,-1,-1,-1
141,83,3275.40283203125,546.8038940429688,18.152099609375,38.93243408203125,0.4593692123889923,-1,-1,-1
141,103,3314.067138671875,586.3607788085938,17.24853515625,53.18896484375,0.4309735596179962,-1,-1,-1
141,4,2666.771240234375,574.6641845703125,27.02392578125,46.51708984375,0.43915900588035583,-1,-1,-1
141,147,3162.373046875,513.0145874023438,13.723388671875,22.64739990234375,0.2601580321788788,-1,-1,-1
142,1,3232.280029296875,723.9481811523438,30.967041015625,88.31915283203125,0.6929961442947388,-1,-1,-1
142,3,3685.550537109375,800.3221435546875,46.170654296875,104.01806640625,0.7270575165748596,-1,-1,-1
142,41,4056.526611328125,527.6737670898438,20.618408203125,31.34906005859375,0.26035740971565247,-1,-1,-1
142,83,3275.55029296875,546.1534423828125,18.065673828125,39.41021728515625,0.46347057819366455,-1,-1,-1
142,103,3314.296630859375,586.0311889648438,17.029296875,53.868408203125,0.4487798810005188,-1,-1,-1
142,4,2669.511962890625,573.5708618164062,26.067138671875,48.9326171875,0.45429670810699463,-1,-1,-1
143,1,3230.83203125,723.639404296875,31.40625,88.13763427734375,0.7140068411827087,-1,-1,-1
143,3,3686.190185546875,800.0113525390625,45.690673828125,104.61590576171875,0.7329519391059875,-1,-1,-1
143,83,3275.75732421875,545.795654296875,17.976318359375,39.22344970703125,0.4318271577358246,-1,-1,-1
143,103,3314.34130859375,585.91064453125,16.911376953125,53.1234130859375,0.3951846659183502,-1,-1,-1
143,4,2671.578857421875,573.8297119140625,25.988525390625,49.602783203125,0.4106484651565552,-1,-1,-1
144,1,3230.1630859375,723.3741455078125,31.660400390625,87.14581298828125,0.7148482203483582,-1,-1,-1
144,3,3686.877685546875,800.0435180664062,45.177734375,104.59954833984375,0.7452117800712585,-1,-1,-1
144,83,3276.228515625,545.8541870117188,17.88037109375,38.6175537109375,0.4056996703147888,-1,-1,-1
144,103,3314.4638671875,586.0089721679688,16.846923828125,52.18280029296875,0.3800005614757538,-1,-1,-1
144,4,2674.11669921875,574.9345092773438,24.1337890625,45.4224853515625,0.40284860134124756,-1,-1,-1
145,1,3230.35791015625,723.0309448242188,31.919677734375,86.52862548828125,0.6888403296470642,-1,-1,-1
145,3,3687.109375,800.0558471679688,44.8935546875,104.68035888671875,0.7557933926582336,-1,-1,-1
145,83,3276.348876953125,545.6441650390625,17.986083984375,39.00494384765625,0.4353596866130829,-1,-1,-1
145,103,3314.486572265625,586.0557861328125,17.048095703125,52.1407470703125,0.41484135389328003,-1,-1,-1
145,4,2676.012451171875,574.3255615234375,23.4833984375,45.87286376953125,0.4815913140773773,-1,-1,-1
146,1,3229.4052734375,723.2217407226562,32.180908203125,85.580322265625,0.7081770300865173,-1,-1,-1
146,3,3687.196044921875,800.0562744140625,44.834228515625,104.8062744140625,0.75528883934021,-1,-1,-1
146,83,3276.35888671875,545.64453125,18.008056640625,39.53216552734375,0.45304253697395325,-1,-1,-1
146,103,3314.57080078125,586.1619262695312,17.30615234375,52.71246337890625,0.43951159715652466,-1,-1,-1
146,4,2679.56591796875,573.9202270507812,23.78173828125,47.2745361328125,0.5254554748535156,-1,-1,-1
147,1,3228.84228515625,721.7815551757812,32.0244140625,85.99444580078125,0.711884617805481,-1,-1,-1
147,3,3687.3388671875,799.9786376953125,44.85498046875,104.42254638671875,0.7437168955802917,-1,-1,-1
147,83,3276.45703125,545.8762817382812,17.919677734375,39.78692626953125,0.4962993264198303,-1,-1,-1
147,103,3314.681640625,586.0625,17.82275390625,53.777587890625,0.4563872814178467,-1,-1,-1
147,4,2682.3515625,573.794189453125,25.37353515625,45.70281982421875,0.569245457649231,-1,-1,-1
148,1,3228.398193359375,720.5968017578125,32.087890625,86.0494384765625,0.6913796067237854,-1,-1,-1
148,3,3689.25927734375,799.8171997070312,43.14501953125,104.05169677734375,0.7456255555152893,-1,-1,-1
148,83,3276.6630859375,545.2650146484375,17.638427734375,38.9415283203125,0.4946631193161011,-1,-1,-1
148,103,3314.679931640625,585.5631713867188,18.310302734375,54.79638671875,0.4518398344516754,-1,-1,-1
148,4,2683.6015625,574.1279907226562,27.82666015625,45.59417724609375,0.5959588289260864,-1,-1,-1
149,1,3228.25732421875,719.8284301757812,32.146484375,86.00067138671875,0.6807422637939453,-1,-1,-1
149,3,3690.908935546875,799.6071166992188,42.160400390625,103.29241943359375,0.7411677837371826,-1,-1,-1
149,83,3276.638916015625,545.373291015625,17.744384765625,38.5079345703125,0.5103625655174255,-1,-1,-1
149,103,3314.801513671875,585.6903076171875,18.818359375,54.15509033203125,0.441853404045105,-1,-1,-1
149,4,2684.648193359375,575.8140869140625,29.384033203125,45.1214599609375,0.5508756637573242,-1,-1,-1
149,150,3550.169677734375,594.0867309570312,18.42333984375,47.10809326171875,0.3818785846233368,-1,-1,-1
150,1,3228.019775390625,719.6608276367188,32.191162109375,85.19891357421875,0.6815235018730164,-1,-1,-1
150,3,3693.113525390625,799.3712768554688,40.409912109375,102.6197509765625,0.7529099583625793,-1,-1,-1
150,83,3276.76806640625,544.7220458984375,18.0478515625,39.46612548828125,0.4978363513946533,-1,-1,-1
150,103,3315.03564453125,585.5243530273438,19.359375,53.92279052734375,0.4155641496181488,-1,-1,-1
150,4,2685.479248046875,576.0379028320312,31.344970703125,45.18121337890625,0.4727836549282074,-1,-1,-1
150,150,3550.74267578125,596.0167236328125,19.35888671875,46.1536865234375,0.4821752905845642,-1,-1,-1
150,5,3621.618896484375,578.866943359375,23.72998046875,42.68927001953125,0.3130369484424591,-1,-1,-1
151,1,3228.10791015625,719.2208251953125,32.163818359375,85.28314208984375,0.6978187561035156,-1,-1,-1
151,3,3695.187255859375,799.0908813476562,38.820068359375,101.7001953125,0.748419463634491,-1,-1,-1
151,83,3276.845947265625,543.8693237304688,18.39501953125,40.711669921875,0.48893117904663086,-1,-1,-1
151,103,3315.197265625,585.0465698242188,19.359375,52.49761962890625,0.4107157588005066,-1,-1,-1
151,4,2687.101806640625,576.2310791015625,31.953125,44.5914306640625,0.30979642271995544,-1,-1,-1
151,150,3551.129150390625,597.17578125,21.489013671875,44.41253662109375,0.5448778867721558,-1,-1,-1
151,5,3623.694580078125,579.3766479492188,22.51171875,42.89031982421875,0.36981311440467834,-1,-1,-1
152,1,3228.182373046875,718.8975219726562,32.106689453125,85.44500732421875,0.7220308780670166,-1,-1,-1
152,3,3697.12939453125,798.7793579101562,37.70947265625,99.8438720703125,0.7553228735923767,-1,-1,-1
152,83,3277.083251953125,543.2001953125,18.36767578125,40.91180419921875,0.4760656952857971,-1,-1,-1
152,103,3315.276611328125,584.5350341796875,19.506591796875,52.72296142578125,0.4244960844516754,-1,-1,-1
152,150,3551.62890625,596.7020263671875,23.58203125,45.9141845703125,0.5265032649040222,-1,-1,-1
152,5,3624.564208984375,579.0508422851562,22.5224609375,43.66009521484375,0.41316044330596924,-1,-1,-1
153,1,3227.859375,719.0905151367188,32.31494140625,84.6783447265625,0.7466316223144531,-1,-1,-1
153,3,3698.424560546875,798.3008422851562,37.129638671875,97.443115234375,0.7358230352401733,-1,-1,-1
153,83,3277.849365234375,542.6432495117188,18.3046875,40.0938720703125,0.45417460799217224,-1,-1,-1
153,103,3315.454833984375,583.72705078125,19.755859375,54.33782958984375,0.39634227752685547,-1,-1,-1
153,150,3552.43896484375,595.302978515625,24.404541015625,48.310546875,0.5866075158119202,-1,-1,-1
153,5,3625.019287109375,579.7066650390625,22.97705078125,43.93988037109375,0.4009852707386017,-1,-1,-1
154,1,3227.701171875,718.7371826171875,32.39404296875,84.8511962890625,0.7535762786865234,-1,-1,-1
154,3,3698.254150390625,796.5957641601562,38.2138671875,97.72991943359375,0.7503043413162231,-1,-1,-1
154,83,3278.348876953125,542.2603759765625,19.03564453125,40.9451904296875,0.4760257601737976,-1,-1,-1
154,103,3315.62939453125,583.3868408203125,20.710693359375,54.93756103515625,0.3839576244354248,-1,-1,-1
154,150,3554.41748046875,595.5543823242188,23.801025390625,48.76409912109375,0.6202079057693481,-1,-1,-1
154,5,3625.3115234375,579.4660034179688,23.4599609375,43.98162841796875,0.4242193400859833,-1,-1,-1
154,4,2699.65673828125,573.5780029296875,25.5244140625,46.24578857421875,0.4286258816719055,-1,-1,-1
155,1,3227.915771484375,717.9382934570312,31.87890625,85.58233642578125,0.7629814147949219,-1,-1,-1
155,3,3697.6455078125,795.7618408203125,39.692626953125,98.23590087890625,0.762491762638092,-1,-1,-1
155,83,3279.374755859375,542.2501831054688,19.45849609375,40.55352783203125,0.4747983515262604,-1,-1,-1
155,103,3315.665771484375,583.292724609375,21.74267578125,53.92755126953125,0.34142133593559265,-1,-1,-1
155,150,3557.2578125,595.5855712890625,23.2900390625,47.98779296875,0.52260822057724,-1,-1,-1
155,5,3626.141845703125,578.7142944335938,23.483154296875,43.871337890625,0.423686683177948,-1,-1,-1
155,4,2704.99267578125,572.8523559570312,23.124755859375,46.10577392578125,0.4465116858482361,-1,-1,-1
156,1,3227.50537109375,717.6709594726562,32.366455078125,85.42645263671875,0.7498428821563721,-1,-1,-1
156,3,3698.645751953125,795.359375,39.574462890625,99.1944580078125,0.7590165138244629,-1,-1,-1
156,83,3280.1748046875,542.3697509765625,19.6181640625,40.35150146484375,0.43947553634643555,-1,-1,-1
156,103,3315.670654296875,582.6593017578125,22.447021484375,53.64190673828125,0.32090285420417786,-1,-1,-1
156,150,3558.906005859375,594.6366577148438,23.087646484375,48.28564453125,0.45966094732284546,-1,-1,-1
156,5,3626.741943359375,578.36474609375,23.59912109375,42.9537353515625,0.41925665736198425,-1,-1,-1
156,4,2709.1943359375,572.8806762695312,22.99755859375,44.500244140625,0.3464098870754242,-1,-1,-1
157,1,3227.39404296875,717.7826538085938,32.51025390625,85.5133056640625,0.7244372367858887,-1,-1,-1
157,3,3699.953369140625,795.166015625,38.858154296875,99.7156982421875,0.7311516404151917,-1,-1,-1
157,83,3280.99462890625,542.4630126953125,19.011962890625,39.47674560546875,0.4513266384601593,-1,-1,-1
157,103,3315.773193359375,582.8719482421875,22.691650390625,52.80413818359375,0.3176879286766052,-1,-1,-1
157,5,3628.6591796875,578.8865966796875,23.01220703125,42.580322265625,0.39254647493362427,-1,-1,-1
157,4,2712.952880859375,574.8209228515625,22.3046875,41.97003173828125,0.27183911204338074,-1,-1,-1
158,1,3227.33837890625,717.684326171875,32.545654296875,85.20294189453125,0.7073512077331543,-1,-1,-1
158,3,3700.32763671875,795.7224731445312,38.858154296875,98.96563720703125,0.7553085684776306,-1,-1,-1
158,83,3281.308837890625,542.4392700195312,19.468505859375,38.6607666015625,0.43583256006240845,-1,-1,-1
158,103,3315.72705078125,582.7872924804688,22.916259765625,53.8231201171875,0.33262112736701965,-1,-1,-1
158,5,3629.62060546875,578.967529296875,22.8125,42.3277587890625,0.37540319561958313,-1,-1,-1
159,1,3227.16650390625,717.136962890625,32.607421875,85.87103271484375,0.7496614456176758,-1,-1,-1
159,3,3700.130859375,796.1322021484375,39.378173828125,99.00018310546875,0.7704741954803467,-1,-1,-1
159,83,3281.271484375,542.1017456054688,20.3935546875,38.5723876953125,0.460726261138916,-1,-1,-1
159,103,3315.693359375,582.5226440429688,22.967529296875,55.05133056640625,0.40844738483428955,-1,-1,-1
159,5,3631.0048828125,577.650146484375,22.900390625,43.61712646484375,0.40761613845825195,-1,-1,-1
159,4,2718.216552734375,574.7000122070312,24.960205078125,42.51751708984375,0.2615710496902466,-1,-1,-1
160,1,3227.21435546875,715.717529296875,32.653564453125,86.92791748046875,0.7482576370239258,-1,-1,-1
160,3,3700.8798828125,796.262451171875,39.13232421875,99.080078125,0.7897822260856628,-1,-1,-1
160,83,3281.817138671875,541.8333740234375,20.506591796875,39.33575439453125,0.502264142036438,-1,-1,-1
160,103,3315.431884765625,582.5010986328125,23.08642578125,54.99774169921875,0.47267091274261475,-1,-1,-1
160,5,3631.573486328125,577.3724365234375,23.170166015625,42.99188232421875,0.3904556334018707,-1,-1,-1
161,1,3227.420166015625,714.2659301757812,32.376953125,86.91693115234375,0.7509995698928833,-1,-1,-1
161,3,3701.659912109375,797.080078125,38.587890625,98.0467529296875,0.7977927327156067,-1,-1,-1
161,83,3283.25048828125,541.7332763671875,19.154296875,39.11041259765625,0.475218802690506,-1,-1,-1
161,103,3315.377685546875,582.7574462890625,23.39501953125,52.34783935546875,0.3946652114391327,-1,-1,-1
161,5,3632.56591796875,578.20166015625,23.0234375,40.41162109375,0.3088185787200928,-1,-1,-1
161,150,3568.308837890625,590.7960205078125,22.973388671875,51.33123779296875,0.33843445777893066,-1,-1,-1
162,1,3227.23193359375,712.2528076171875,32.37939453125,88.94793701171875,0.7764467000961304,-1,-1,-1
162,3,3702.161865234375,797.7081298828125,39.2607421875,97.138427734375,0.7782091498374939,-1,-1,-1
162,83,3284.572509765625,541.6180419921875,17.889404296875,38.1468505859375,0.4888145327568054,-1,-1,-1
162,103,3315.28662109375,583.2892456054688,23.68115234375,51.273193359375,0.3977159857749939,-1,-1,-1
162,5,3634.576171875,578.6429443359375,21.217041015625,39.59576416015625,0.281861811876297,-1,-1,-1
162,150,3567.963134765625,591.7987060546875,23.531005859375,49.298828125,0.43750980496406555,-1,-1,-1
162,4,2726.906982421875,573.2355346679688,28.23779296875,41.2037353515625,0.33364102244377136,-1,-1,-1
163,1,3226.935546875,710.4739990234375,32.855224609375,90.1385498046875,0.7809057235717773,-1,-1,-1
163,3,3701.76611328125,798.0189819335938,40.859619140625,97.474609375,0.7497712969779968,-1,-1,-1
163,83,3285.453125,541.9683837890625,16.799072265625,37.56158447265625,0.4484415054321289,-1,-1,-1
163,103,3315.254150390625,583.8021850585938,23.81982421875,51.28326416015625,0.4470165967941284,-1,-1,-1
163,5,3636.2353515625,578.8662719726562,19.82080078125,40.03387451171875,0.29502320289611816,-1,-1,-1
163,150,3569.12060546875,592.927001953125,22.85888671875,49.97369384765625,0.5657122135162354,-1,-1,-1
163,4,2730.124755859375,573.02001953125,28.587158203125,40.641845703125,0.35609421133995056,-1,-1,-1
164,1,3227.125732421875,708.6846313476562,32.62060546875,88.8878173828125,0.7849900722503662,-1,-1,-1
164,3,3702.501220703125,797.6590576171875,41.5166015625,97.53936767578125,0.7416740655899048,-1,-1,-1
164,83,3286.656494140625,541.69091796875,15.34326171875,36.04345703125,0.413014680147171,-1,-1,-1
164,103,3315.28271484375,583.9461059570312,23.77001953125,51.238037109375,0.47817495465278625,-1,-1,-1
164,5,3637.955322265625,579.6539916992188,18.85986328125,38.307861328125,0.2696627080440521,-1,-1,-1
164,150,3570.394775390625,593.3392944335938,22.955078125,50.06439208984375,0.5746949315071106,-1,-1,-1
164,4,2732.47802734375,571.6994018554688,29.62109375,41.92449951171875,0.39280667901039124,-1,-1,-1
165,1,3226.960693359375,707.751953125,32.052001953125,86.017333984375,0.7518398761749268,-1,-1,-1
165,3,3702.298828125,797.658203125,43.744873046875,97.24810791015625,0.6811174154281616,-1,-1,-1
165,83,3287.3759765625,541.4450073242188,15.03125,36.637451171875,0.4539507329463959,-1,-1,-1
165,103,3315.1748046875,583.7777709960938,23.91015625,50.37774658203125,0.493428498506546,-1,-1,-1
165,5,3638.580078125,579.3610229492188,18.9912109375,37.5538330078125,0.2544754147529602,-1,-1,-1
165,150,3571.532958984375,594.23095703125,21.95068359375,49.30413818359375,0.6413292288780212,-1,-1,-1
165,4,2736.1689453125,571.2593994140625,29.091552734375,43.21160888671875,0.43723806738853455,-1,-1,-1
166,1,3226.3388671875,706.6047973632812,32.573974609375,86.2069091796875,0.7579246163368225,-1,-1,-1
166,3,3702.9365234375,797.8596801757812,44.213134765625,97.0130615234375,0.6536450386047363,-1,-1,-1
166,83,3288.047119140625,541.3763427734375,14.8271484375,35.1451416015625,0.3956957161426544,-1,-1,-1
166,103,3315.190673828125,583.9130859375,23.81982421875,49.8272705078125,0.47297772765159607,-1,-1,-1
166,5,3639.74072265625,578.44775390625,18.6630859375,39.7935791015625,0.3265015482902527,-1,-1,-1
166,150,3572.2802734375,594.863525390625,22.0732421875,49.29986572265625,0.6142794489860535,-1,-1,-1
166,4,2740.855712890625,573.1943359375,26.380126953125,41.5467529296875,0.332044780254364,-1,-1,-1
167,1,3226.07763671875,705.2178955078125,32.57958984375,86.92108154296875,0.7883087396621704,-1,-1,-1
167,3,3704.512939453125,798.045654296875,45.1318359375,97.654296875,0.6804617643356323,-1,-1,-1
167,83,3288.265380859375,541.5336303710938,15.42236328125,34.708984375,0.40970203280448914,-1,-1,-1
167,103,3314.9599609375,583.9094848632812,23.762939453125,48.95684814453125,0.524216890335083,-1,-1,-1
167,5,3640.667236328125,578.78125,19.99609375,40.03558349609375,0.32357147336006165,-1,-1,-1
167,150,3572.5380859375,596.2715454101562,22.33984375,49.03118896484375,0.5699678063392639,-1,-1,-1
167,4,2745.10400390625,573.5552368164062,25.250244140625,41.66436767578125,0.26120540499687195,-1,-1,-1
168,1,3226.15576171875,704.6370849609375,32.33837890625,86.37738037109375,0.7947134375572205,-1,-1,-1
168,3,3705.93408203125,798.7118530273438,45.814453125,98.02813720703125,0.6911094784736633,-1,-1,-1
168,83,3288.66796875,541.810302734375,15.708251953125,34.8375244140625,0.43465813994407654,-1,-1,-1
168,103,3314.58984375,584.0615234375,23.84326171875,48.2255859375,0.5371297001838684,-1,-1,-1
168,5,3641.04736328125,578.9680786132812,22.244384765625,40.5689697265625,0.29111823439598083,-1,-1,-1
168,150,3575.577392578125,596.1454467773438,21.510498046875,47.40081787109375,0.526179313659668,-1,-1,-1
169,1,3226.431884765625,704.3429565429688,31.939697265625,86.20941162109375,0.7860488295555115,-1,-1,-1
169,3,3707.56494140625,800.1923217773438,46.894775390625,97.9393310546875,0.6712731719017029,-1,-1,-1
169,83,3288.8349609375,542.16259765625,15.92041015625,35.176025390625,0.4480608105659485,-1,-1,-1
169,103,3314.32177734375,584.5335693359375,23.86279296875,47.3275146484375,0.5324188470840454,-1,-1,-1
169,5,3641.1298828125,579.2640991210938,23.030029296875,40.064208984375,0.2911258935928345,-1,-1,-1
169,150,3577.5478515625,595.35791015625,21.680419921875,48.49969482421875,0.5571894645690918,-1,-1,-1
169,4,2753.4892578125,571.2449340820312,24.622314453125,41.499267578125,0.3699416220188141,-1,-1,-1
170,1,3226.58837890625,704.3887329101562,31.412353515625,86.0325927734375,0.7722821831703186,-1,-1,-1
170,3,3709.191162109375,800.1735229492188,47.462158203125,99.0615234375,0.6947278380393982,-1,-1,-1
170,83,3288.7880859375,541.9010009765625,16.021484375,35.75885009765625,0.3522326946258545,-1,-1,-1
170,103,3314.12060546875,584.5066528320312,23.88720703125,47.33868408203125,0.541915774345398,-1,-1,-1
170,5,3641.375732421875,579.3731079101562,23.58740234375,40.47491455078125,0.2725045084953308,-1,-1,-1
170,150,3579.42431640625,595.3338623046875,21.683349609375,48.62841796875,0.554152250289917,-1,-1,-1
170,166,4047.7578125,525.7438354492188,22.5830078125,35.4107666015625,0.32953909039497375,-1,-1,-1
170,4,2756.080322265625,570.2660522460938,25.693603515625,41.5521240234375,0.4121621251106262,-1,-1,-1
171,1,3226.458251953125,704.2115478515625,31.22900390625,86.1947021484375,0.820279598236084,-1,-1,-1
171,3,3709.482177734375,800.5219116210938,48.312255859375,100.349609375,0.7101297974586487,-1,-1,-1
171,83,3288.84619140625,541.7028198242188,16.559326171875,35.09552001953125,0.2872437536716461,-1,-1,-1
171,103,3313.853271484375,584.891845703125,23.845703125,47.13336181640625,0.5192573070526123,-1,-1,-1
171,5,3641.6728515625,578.984375,23.947265625,42.452392578125,0.28218507766723633,-1,-1,-1
171,150,3582.718994140625,594.8963012695312,19.321533203125,49.822021484375,0.48372331261634827,-1,-1,-1
171,166,4047.724609375,525.8468017578125,21.988525390625,35.52783203125,0.3508282005786896,-1,-1,-1
171,4,2761.607421875,569.6450805664062,26.052734375,41.18170166015625,0.4872095286846161,-1,-1,-1
172,1,3226.015869140625,703.8912963867188,30.8828125,86.56060791015625,0.8385337591171265,-1,-1,-1
172,3,3711.343994140625,800.7401123046875,48.323974609375,100.08184814453125,0.6708627939224243,-1,-1,-1
172,83,3288.857177734375,541.2427368164062,18.043701171875,36.74688720703125,0.2716487944126129,-1,-1,-1
172,103,3314.076171875,584.8157958984375,23.483154296875,47.2442626953125,0.5218357443809509,-1,-1,-1
172,5,3641.562255859375,579.0637817382812,24.2880859375,42.100830078125,0.30622538924217224,-1,-1,-1
172,150,3585.671142578125,594.0732421875,17.943359375,50.81451416015625,0.4722377359867096,-1,-1,-1
172,166,4047.65625,525.515869140625,21.677978515625,35.82525634765625,0.3592549264431,-1,-1,-1
172,4,2762.7744140625,568.6500854492188,30.226318359375,42.893310546875,0.4278559982776642,-1,-1,-1
173,1,3225.906005859375,703.978515625,29.986572265625,86.21197509765625,0.8410290479660034,-1,-1,-1
173,3,3713.37646484375,799.9984130859375,48.388427734375,99.94049072265625,0.6437920928001404,-1,-1,-1
173,103,3314.046630859375,584.873779296875,22.61865234375,47.1484375,0.5074302554130554,-1,-1,-1
173,5,3643.594482421875,579.8805541992188,21.07470703125,39.4954833984375,0.29828113317489624,-1,-1,-1
173,150,3585.2080078125,592.4832153320312,22.503662109375,52.828369140625,0.43075770139694214,-1,-1,-1
173,166,4047.553466796875,525.27392578125,21.131591796875,35.52178955078125,0.3855748474597931,-1,-1,-1
173,4,2767.362060546875,567.3377685546875,29.48486328125,44.0487060546875,0.37628084421157837,-1,-1,-1
174,1,3226.01806640625,703.7791137695312,29.724365234375,86.6441650390625,0.8374130129814148,-1,-1,-1
174,3,3714.729736328125,800.0037841796875,49.1875,100.0682373046875,0.674910843372345,-1,-1,-1
174,103,3313.92626953125,584.7413940429688,22.188720703125,47.88848876953125,0.48881301283836365,-1,-1,-1
174,5,3645.364013671875,580.0850219726562,19.887451171875,38.1309814453125,0.2858099341392517,-1,-1,-1
174,150,3586.3759765625,590.9848022460938,23.641357421875,54.331298828125,0.46684151887893677,-1,-1,-1
174,166,4047.435546875,524.9840698242188,20.9267578125,34.79669189453125,0.3763805627822876,-1,-1,-1
174,4,2774.22119140625,567.5271606445312,27.614501953125,44.50390625,0.3557876646518707,-1,-1,-1
175,1,3225.86767578125,703.33837890625,29.740478515625,87.18743896484375,0.8302574157714844,-1,-1,-1
175,3,3716.940673828125,800.00634765625,48.7958984375,99.80279541015625,0.7089986205101013,-1,-1,-1
175,103,3313.72509765625,584.4780883789062,21.7705078125,48.490966796875,0.4715871810913086,-1,-1,-1
175,5,3645.49951171875,577.3920288085938,24.0283203125,39.9166259765625,0.3072625994682312,-1,-1,-1
175,150,3587.576416015625,591.6883544921875,24.349609375,52.6295166015625,0.4242372512817383,-1,-1,-1
175,166,4047.352294921875,525.0835571289062,20.92724609375,34.57037353515625,0.37968042492866516,-1,-1,-1
175,4,2779.50390625,567.5227661132812,25.581298828125,43.62469482421875,0.4025915265083313,-1,-1,-1
175,175,3158.38720703125,507.793212890625,17.018310546875,37.25408935546875,0.47198906540870667,-1,-1,-1
176,1,3225.146728515625,702.9683837890625,29.443359375,87.08416748046875,0.8283908367156982,-1,-1,-1
176,3,3718.21923828125,799.8023681640625,49.3896484375,100.10430908203125,0.7216085195541382,-1,-1,-1
176,103,3313.54541015625,584.743408203125,21.41748046875,49.4874267578125,0.46114876866340637,-1,-1,-1
176,5,3647.16162109375,576.5619506835938,23.808349609375,41.216064453125,0.3471238613128662,-1,-1,-1
176,150,3588.96240234375,591.4406127929688,24.306396484375,53.361572265625,0.44683459401130676,-1,-1,-1
176,166,4047.233642578125,525.42431640625,20.7646484375,33.37518310546875,0.40899235010147095,-1,-1,-1
176,4,2786.405517578125,567.76416015625,21.041748046875,41.24884033203125,0.5230284333229065,-1,-1,-1
176,175,3160.736572265625,508.5843505859375,16.63037109375,36.4793701171875,0.35868531465530396,-1,-1,-1
177,1,3223.992431640625,702.8006591796875,29.815185546875,87.0120849609375,0.8063804507255554,-1,-1,-1
177,3,3722.253173828125,799.7962036132812,46.60009765625,99.2486572265625,0.6697750091552734,-1,-1,-1
177,103,3313.46240234375,585.20556640625,20.352783203125,48.16473388671875,0.43990838527679443,-1,-1,-1
177,5,3649.328369140625,577.2559204101562,22.41162109375,41.06634521484375,0.3346032500267029,-1,-1,-1
177,150,3590.654052734375,591.2365112304688,23.944091796875,53.25653076171875,0.4212251603603363,-1,-1,-1
177,166,4047.0908203125,526.0503540039062,20.039306640625,32.29241943359375,0.4352724850177765,-1,-1,-1
177,4,2791.07470703125,568.326904296875,20.42529296875,39.4525146484375,0.5307918787002563,-1,-1,-1
177,175,3161.964111328125,507.9540100097656,16.30908203125,36.641632080078125,0.31240543723106384,-1,-1,-1
178,1,3222.275146484375,702.3296508789062,30.648193359375,86.47137451171875,0.7922385931015015,-1,-1,-1
178,3,3725.74169921875,799.6057739257812,44.473388671875,99.4228515625,0.6459839344024658,-1,-1,-1
178,103,3313.289794921875,585.6563110351562,19.353759765625,47.2642822265625,0.4287213981151581,-1,-1,-1
178,5,3651.18017578125,577.5114135742188,21.345947265625,40.23828125,0.37091296911239624,-1,-1,-1
178,150,3591.771484375,592.8758544921875,24.707275390625,51.18499755859375,0.3780471980571747,-1,-1,-1
178,166,4046.996337890625,526.7459716796875,19.4248046875,31.2410888671875,0.4631097614765167,-1,-1,-1
178,4,2792.197998046875,568.3308715820312,24.888427734375,39.649169921875,0.5048817992210388,-1,-1,-1
178,175,3163.185302734375,508.17816162109375,16.918212890625,36.4700927734375,0.2806457281112671,-1,-1,-1
179,1,3220.433349609375,702.2916259765625,31.741455078125,85.60406494140625,0.8098358511924744,-1,-1,-1
179,3,3728.74853515625,799.3077392578125,42.900390625,100.9039306640625,0.7120265364646912,-1,-1,-1
179,103,3313.06005859375,585.8949584960938,18.5908203125,46.76824951171875,0.43671315908432007,-1,-1,-1
179,5,3652.04443359375,577.6963500976562,20.68896484375,40.80548095703125,0.33871030807495117,-1,-1,-1
179,150,3593.175048828125,590.2926025390625,25.584716796875,52.93426513671875,0.4339022934436798,-1,-1,-1
179,166,4047.04736328125,527.1016845703125,19.646484375,31.43890380859375,0.44283756613731384,-1,-1,-1
179,4,2796.685546875,567.4151611328125,25.595458984375,39.73162841796875,0.3462617099285126,-1,-1,-1
180,1,3219.811767578125,701.4345092773438,32.336181640625,84.74127197265625,0.8032217025756836,-1,-1,-1
180,3,3730.609375,798.9183959960938,41.97802734375,101.00897216796875,0.7125349044799805,-1,-1,-1
180,103,3312.999267578125,586.2236328125,18.191650390625,46.36334228515625,0.4194260239601135,-1,-1,-1
180,5,3652.880126953125,577.3125610351562,20.33154296875,42.76702880859375,0.44656693935394287,-1,-1,-1
180,150,3594.2626953125,589.8975830078125,25.59423828125,53.56524658203125,0.4578128457069397,-1,-1,-1
180,166,4046.944580078125,526.67431640625,19.326171875,31.76409912109375,0.5025337338447571,-1,-1,-1
181,1,3220.783447265625,700.4266967773438,30.845458984375,82.78094482421875,0.7818008065223694,-1,-1,-1
181,3,3730.65478515625,798.562744140625,42.527099609375,100.892822265625,0.7579769492149353,-1,-1,-1
181,103,3310.114990234375,586.0518798828125,20.422607421875,47.50433349609375,0.39227479696273804,-1,-1,-1
181,5,3653.38623046875,576.6814575195312,20.138916015625,43.41424560546875,0.4780304431915283,-1,-1,-1
181,150,3595.239501953125,591.0074462890625,25.140625,52.52362060546875,0.5157711505889893,-1,-1,-1
181,166,4046.9130859375,526.6109619140625,18.945068359375,32.0286865234375,0.5083367228507996,-1,-1,-1
181,4,2804.494140625,567.6383666992188,28.5458984375,36.2889404296875,0.25170624256134033,-1,-1,-1
182,1,3219.081787109375,699.8268432617188,32.10693359375,82.3468017578125,0.7803694009780884,-1,-1,-1
182,3,3730.811279296875,798.2241821289062,44.461181640625,102.81134033203125,0.7386057376861572,-1,-1,-1
182,103,3311.070068359375,586.4903564453125,19.24658203125,46.27923583984375,0.4110879898071289,-1,-1,-1
182,5,3653.642822265625,576.2730712890625,20.37939453125,43.84466552734375,0.48319530487060547,-1,-1,-1
182,150,3598.309326171875,590.3236083984375,22.607421875,51.84588623046875,0.5553438663482666,-1,-1,-1
182,166,4046.86962890625,526.7481079101562,18.501220703125,29.82208251953125,0.47791746258735657,-1,-1,-1
183,1,3217.485107421875,697.1951293945312,33.59130859375,83.85162353515625,0.7956871390342712,-1,-1,-1
183,3,3730.952392578125,797.7211303710938,46.00830078125,104.02069091796875,0.7455620765686035,-1,-1,-1
183,103,3308.460693359375,584.0125122070312,21.82080078125,49.5023193359375,0.4865211844444275,-1,-1,-1
183,5,3653.420166015625,576.6947021484375,22.10693359375,44.83013916015625,0.4928957223892212,-1,-1,-1
183,150,3600.097900390625,589.6275024414062,21.24267578125,52.37261962890625,0.609653651714325,-1,-1,-1
183,166,4046.405029296875,527.3119506835938,17.889892578125,29.69207763671875,0.5415507555007935,-1,-1,-1
184,1,3217.5400390625,696.0974731445312,32.26708984375,84.002197265625,0.7735621929168701,-1,-1,-1
184,3,3731.138671875,797.4255981445312,47.660888671875,104.9459228515625,0.7652680277824402,-1,-1,-1
184,103,3307.69482421875,582.6392211914062,22.64990234375,50.879150390625,0.487313449382782,-1,-1,-1
184,5,3653.497802734375,577.3344116210938,23.0546875,44.63409423828125,0.49389809370040894,-1,-1,-1
184,150,3601.1435546875,589.8480834960938,20.712158203125,51.91754150390625,0.6443954706192017,-1,-1,-1
184,166,4045.88525390625,527.6573486328125,17.968994140625,31.00079345703125,0.5656324028968811,-1,-1,-1
184,4,2821.392578125,568.507080078125,21.9912109375,34.70916748046875,0.4300021827220917,-1,-1,-1
185,1,3216.007568359375,694.2123413085938,30.965576171875,85.20074462890625,0.7614068388938904,-1,-1,-1
185,3,3730.787109375,796.9784545898438,49.376953125,106.75250244140625,0.7489120364189148,-1,-1,-1
185,103,3307.43017578125,582.3148803710938,22.84228515625,50.78424072265625,0.46684926748275757,-1,-1,-1
185,5,3653.82763671875,576.6582641601562,23.58251953125,45.0946044921875,0.5040116906166077,-1,-1,-1
185,150,3602.9892578125,589.34521484375,20.592529296875,51.77191162109375,0.6515963077545166,-1,-1,-1
185,166,4045.308349609375,528.3511962890625,18.22119140625,31.454345703125,0.5832162499427795,-1,-1,-1
185,4,2826.5732421875,566.1018676757812,19.401123046875,38.08050537109375,0.472514271736145,-1,-1,-1
186,1,3216.12255859375,692.0446166992188,29.021728515625,86.52935791015625,0.7441652417182922,-1,-1,-1
186,3,3732.27197265625,796.8821411132812,49.484375,105.90972900390625,0.7466722130775452,-1,-1,-1
186,103,3307.39404296875,582.6892700195312,22.75830078125,50.12152099609375,0.4198748767375946,-1,-1,-1
186,5,3654.5517578125,575.6024169921875,24.143310546875,45.54571533203125,0.5150956511497498,-1,-1,-1
186,150,3603.88037109375,589.4491577148438,21.0576171875,51.408203125,0.6584957838058472,-1,-1,-1
186,166,4044.90283203125,528.5659790039062,18.574462890625,31.88250732421875,0.5869741439819336,-1,-1,-1
186,4,2831.044189453125,562.4639282226562,20.663818359375,42.86822509765625,0.42073702812194824,-1,-1,-1
187,1,3214.486572265625,691.2181396484375,28.568359375,87.009765625,0.735734760761261,-1,-1,-1
187,3,3734.409912109375,797.8638305664062,49.2373046875,103.75299072265625,0.766581654548645,-1,-1,-1
187,103,3306.73291015625,581.279541015625,23.00390625,51.48968505859375,0.4209998548030853,-1,-1,-1
187,5,3655.242919921875,575.3123168945312,24.960205078125,45.38043212890625,0.4973316192626953,-1,-1,-1
187,150,3604.302734375,588.6809692382812,21.50634765625,52.8023681640625,0.6395162343978882,-1,-1,-1
187,166,4044.021484375,528.2351684570312,19.4794921875,32.41375732421875,0.5956708192825317,-1,-1,-1
187,4,2833.95751953125,556.6715087890625,22.234130859375,48.09698486328125,0.419646680355072,-1,-1,-1
188,1,3213.32568359375,690.4619750976562,28.16357421875,86.34136962890625,0.7127279043197632,-1,-1,-1
188,3,3737.80859375,798.107666015625,46.599365234375,102.6488037109375,0.7222914695739746,-1,-1,-1
188,103,3306.223388671875,579.7346801757812,22.8818359375,52.3719482421875,0.4011530876159668,-1,-1,-1
188,5,3655.921142578125,575.2970581054688,24.526611328125,44.7772216796875,0.48181813955307007,-1,-1,-1
188,150,3605.36962890625,588.8544921875,22.08349609375,51.5771484375,0.644447386264801,-1,-1,-1
188,166,4043.81201171875,528.6165161132812,19.007080078125,31.88397216796875,0.593336284160614,-1,-1,-1
188,4,2837.036376953125,553.1655883789062,24.221435546875,48.69976806640625,0.3490540087223053,-1,-1,-1
189,1,3212.232421875,690.0307006835938,28.150634765625,83.7042236328125,0.6967071890830994,-1,-1,-1
189,3,3741.345458984375,799.1441040039062,42.81005859375,100.13250732421875,0.7483350038528442,-1,-1,-1
189,103,3305.388916015625,575.9476928710938,22.0908203125,55.4290771484375,0.43146005272865295,-1,-1,-1
189,5,3656.80078125,574.5206298828125,24.4619140625,45.1875,0.47865188121795654,-1,-1,-1
189,150,3606.475830078125,588.7843017578125,22.332763671875,52.2271728515625,0.701643705368042,-1,-1,-1
189,166,4043.162841796875,530.0146484375,18.96630859375,29.9119873046875,0.55748450756073,-1,-1,-1
189,4,2840.275146484375,552.6520385742188,25.47265625,47.63934326171875,0.383224755525589,-1,-1,-1
190,1,3211.3271484375,690.0137939453125,28.098876953125,80.89837646484375,0.6507432460784912,-1,-1,-1
190,3,3742.808349609375,799.5099487304688,41.423095703125,98.761474609375,0.7286830544471741,-1,-1,-1
190,103,3304.85400390625,574.5433959960938,21.372314453125,56.62451171875,0.37584996223449707,-1,-1,-1
190,5,3657.505859375,573.9974975585938,24.55517578125,45.0765380859375,0.3945516347885132,-1,-1,-1
190,150,3607.329833984375,590.552734375,22.205322265625,51.01519775390625,0.717776894569397,-1,-1,-1
190,166,4043.605224609375,530.471923828125,18.415771484375,29.10443115234375,0.5435580611228943,-1,-1,-1
190,4,2845.136962890625,554.1337280273438,25.619140625,46.51470947265625,0.409649133682251,-1,-1,-1
191,1,3210.30126953125,690.002197265625,28.604248046875,78.53619384765625,0.6136533617973328,-1,-1,-1
191,3,3742.984619140625,799.7252197265625,41.5185546875,98.01422119140625,0.7346070408821106,-1,-1,-1
191,103,3304.281005859375,562.56640625,21.268310546875,68.30999755859375,0.38955050706863403,-1,-1,-1
191,5,3658.65234375,573.6988525390625,23.751220703125,45.550537109375,0.45441022515296936,-1,-1,-1
191,150,3609.037109375,590.537353515625,21.96875,51.49798583984375,0.6675984859466553,-1,-1,-1
191,166,4042.983154296875,529.4468994140625,19.026611328125,29.9322509765625,0.563157320022583,-1,-1,-1
191,4,2850.463623046875,556.0130615234375,24.665771484375,44.32867431640625,0.4349234104156494,-1,-1,-1
192,1,3210.1474609375,688.5291137695312,28.52197265625,79.16583251953125,0.6342819929122925,-1,-1,-1
192,3,3748.671142578125,799.8302001953125,36.837158203125,97.18695068359375,0.7143431901931763,-1,-1,-1
192,103,3304.226806640625,562.48681640625,20.78759765625,68.82879638671875,0.3911183476448059,-1,-1,-1
192,5,3659.345947265625,573.3381958007812,23.359130859375,46.02239990234375,0.4815320372581482,-1,-1,-1
192,150,3610.604736328125,589.7681274414062,21.7392578125,51.93609619140625,0.6587085127830505,-1,-1,-1
192,166,4041.80712890625,528.2310180664062,18.568359375,29.75030517578125,0.5719408988952637,-1,-1,-1
192,4,2855.039306640625,555.0218505859375,23.62890625,45.47412109375,0.3124504089355469,-1,-1,-1
193,1,3208.853515625,687.718994140625,29.40625,79.78753662109375,0.6116865873336792,-1,-1,-1
193,3,3753.566650390625,799.411376953125,33.924560546875,96.5615234375,0.6540432572364807,-1,-1,-1
193,5,3659.883544921875,573.3209838867188,22.94970703125,45.4215087890625,0.4443516731262207,-1,-1,-1
193,150,3612.178466796875,589.891845703125,19.53955078125,51.34033203125,0.7060296535491943,-1,-1,-1
193,166,4041.513916015625,529.8115234375,17.479248046875,26.3917236328125,0.5244616270065308,-1,-1,-1
194,1,3207.028564453125,687.9464721679688,29.833984375,78.97589111328125,0.5936164259910583,-1,-1,-1
194,3,3756.90673828125,799.4599609375,31.934814453125,96.304443359375,0.5742702484130859,-1,-1,-1
194,5,3660.110595703125,573.3406982421875,22.741455078125,45.4200439453125,0.4362916648387909,-1,-1,-1
194,150,3613.288330078125,589.9373779296875,19.14208984375,51.15948486328125,0.679095447063446,-1,-1,-1
194,166,4040.736328125,530.349365234375,18.294921875,24.863525390625,0.5015374422073364,-1,-1,-1
195,1,3204.913330078125,687.8875122070312,29.07080078125,76.50970458984375,0.6856186985969543,-1,-1,-1
195,3,3757.863037109375,798.5631713867188,32.90087890625,97.846435546875,0.723586916923523,-1,-1,-1
195,5,3660.025146484375,573.1272583007812,22.85546875,45.69366455078125,0.47218945622444153,-1,-1,-1
195,150,3614.244384765625,589.85205078125,20.142822265625,50.660888671875,0.543178379535675,-1,-1,-1
195,166,4040.15625,530.5662841796875,17.192138671875,24.06219482421875,0.4763120710849762,-1,-1,-1
196,1,3203.40576171875,685.8952026367188,29.0888671875,75.9227294921875,0.7246330380439758,-1,-1,-1
196,3,3758.582763671875,798.9491577148438,34.41748046875,98.162353515625,0.7616782784461975,-1,-1,-1
196,5,3660.003662109375,573.2464599609375,22.767333984375,45.31536865234375,0.4642605185508728,-1,-1,-1
196,150,3614.640380859375,589.7535400390625,20.298828125,48.85931396484375,0.5385504961013794,-1,-1,-1
196,166,4038.506103515625,529.2579345703125,17.054443359375,25.46051025390625,0.44159209728240967,-1,-1,-1
196,4,2869.471435546875,553.78466796875,20.342529296875,42.1693115234375,0.37809866666793823,-1,-1,-1
197,1,3201.396484375,683.8291625976562,29.81787109375,76.88006591796875,0.721885085105896,-1,-1,-1
197,3,3760.54248046875,799.4345703125,33.748291015625,98.66802978515625,0.7298939228057861,-1,-1,-1
197,5,3660.051025390625,573.109619140625,22.58837890625,45.49774169921875,0.4657804071903229,-1,-1,-1
197,150,3614.923095703125,589.3577880859375,21.09033203125,49.1099853515625,0.3120046854019165,-1,-1,-1
197,166,4036.914306640625,528.184814453125,17.52587890625,26.42266845703125,0.4339449107646942,-1,-1,-1
197,199,3412.684326171875,487.99713134765625,26.219482421875,65.99945068359375,0.34096717834472656,-1,-1,-1
197,4,2874.266845703125,549.8854370117188,21.3984375,43.58392333984375,0.4804877042770386,-1,-1,-1
198,1,3199.5263671875,682.0655517578125,32.3232421875,78.04486083984375,0.7260591983795166,-1,-1,-1
198,3,3761.606689453125,799.0869140625,34.495849609375,99.4381103515625,0.7588034272193909,-1,-1,-1
198,5,3660.0234375,573.0470581054688,22.720703125,45.3072509765625,0.4770171642303467,-1,-1,-1
198,150,3614.864990234375,589.1231689453125,21.686279296875,49.5185546875,0.327738493680954,-1,-1,-1
198,166,4035.1689453125,528.4519653320312,18.3701171875,25.82452392578125,0.3766365647315979,-1,-1,-1
198,199,3411.204345703125,484.8824157714844,27.789794921875,70.58865356445312,0.29204654693603516,-1,-1,-1
198,4,2877.153564453125,549.779296875,22.73681640625,41.49334716796875,0.41504260897636414,-1,-1,-1
199,1,3198.242919921875,681.0222778320312,31.902099609375,76.654541015625,0.7448339462280273,-1,-1,-1
199,3,3762.0517578125,799.771728515625,37.00146484375,99.52679443359375,0.780525803565979,-1,-1,-1
199,5,3659.788818359375,573.2349243164062,23.01806640625,44.5107421875,0.48680204153060913,-1,-1,-1
199,150,3614.9375,589.1099243164062,22.45458984375,47.37451171875,0.2598114013671875,-1,-1,-1
199,166,4034.385009765625,527.404052734375,18.8369140625,27.45648193359375,0.39235466718673706,-1,-1,-1
199,4,2881.348388671875,548.9537353515625,22.31005859375,40.880126953125,0.4513326585292816,-1,-1,-1
200,1,3197.444091796875,681.0481567382812,29.684814453125,74.68914794921875,0.7671945691108704,-1,-1,-1
200,3,3763.3896484375,799.7866821289062,38.205322265625,99.46820068359375,0.7539950609207153,-1,-1,-1
200,5,3659.490478515625,573.2975463867188,23.177001953125,44.2392578125,0.46304619312286377,-1,-1,-1
200,166,4034.1455078125,526.336669921875,18.615966796875,27.710693359375,0.38950881361961365,-1,-1,-1
200,4,2883.541015625,549.9364013671875,22.197021484375,39.33660888671875,0.3269484043121338,-1,-1,-1
201,1,3194.889404296875,681.6141357421875,29.82421875,73.36474609375,0.7660351395606995,-1,-1,-1
201,3,3764.5478515625,799.8648071289062,40.176025390625,100.1287841796875,0.7213318347930908,-1,-1,-1
201,5,3659.30615234375,573.3468627929688,23.31591796875,44.1348876953125,0.4920184314250946,-1,-1,-1
201,166,4034.017578125,525.3485717773438,18.4873046875,27.9888916015625,0.4047498106956482,-1,-1,-1
201,4,2888.843505859375,552.7202758789062,20.5322265625,36.42340087890625,0.31126439571380615,-1,-1,-1
202,1,3192.8505859375,681.3129272460938,30.189697265625,73.45947265625,0.7574443221092224,-1,-1,-1
202,3,3765.993408203125,799.6353149414062,39.52734375,100.34869384765625,0.7082687020301819,-1,-1,-1
202,5,3659.1474609375,573.3326416015625,23.492919921875,43.8809814453125,0.4855068027973175,-1,-1,-1
202,166,4033.556884765625,525.1781005859375,18.31884765625,28.59375,0.39591339230537415,-1,-1,-1
202,4,2892.142578125,556.1328735351562,21.044677734375,33.86724853515625,0.30371931195259094,-1,-1,-1
203,1,3190.5439453125,681.3165893554688,30.68896484375,72.73828125,0.689179539680481,-1,-1,-1
203,3,3766.2548828125,799.1817626953125,39.046875,100.39208984375,0.7006115317344666,-1,-1,-1
203,5,3658.968017578125,573.2366943359375,23.5673828125,43.40069580078125,0.48754626512527466,-1,-1,-1
203,166,4032.91357421875,526.61962890625,18.739013671875,26.35101318359375,0.35210537910461426,-1,-1,-1
203,4,2895.563720703125,554.094970703125,19.25146484375,35.78955078125,0.3755740523338318,-1,-1,-1
204,1,3188.323974609375,680.0128173828125,30.855712890625,73.3765869140625,0.7168186902999878,-1,-1,-1
204,3,3767.01904296875,798.9924926757812,38.629150390625,100.611572265625,0.7411139607429504,-1,-1,-1
204,5,3659.14697265625,573.2386474609375,23.164794921875,42.710693359375,0.4610062539577484,-1,-1,-1
204,166,4032.496337890625,527.9603271484375,18.6142578125,25.4122314453125,0.3444874882698059,-1,-1,-1
204,4,2898.308837890625,551.5579223632812,17.654052734375,37.895263671875,0.4292415380477905,-1,-1,-1
205,1,3185.94677734375,678.3582153320312,29.69677734375,74.4600830078125,0.6997752785682678,-1,-1,-1
205,3,3767.110595703125,799.149169921875,39.067626953125,100.3990478515625,0.7039657235145569,-1,-1,-1
205,5,3659.4375,573.2192993164062,22.668701171875,42.45526123046875,0.47020286321640015,-1,-1,-1
205,166,4032.0361328125,528.3653564453125,18.47705078125,27.26141357421875,0.3726658225059509,-1,-1,-1
205,4,2901.166748046875,550.1934204101562,17.43212890625,39.452880859375,0.4831590950489044,-1,-1,-1
206,1,3183.7119140625,675.2454833984375,30.278076171875,77.4493408203125,0.734237551689148,-1,-1,-1
206,3,3766.89892578125,799.39111328125,41.66162109375,100.25946044921875,0.7324398159980774,-1,-1,-1
206,5,3659.72900390625,573.4415283203125,22.31884765625,41.7791748046875,0.4539319574832916,-1,-1,-1
206,166,4030.98681640625,527.2630615234375,19.294189453125,29.41070556640625,0.36434727907180786,-1,-1,-1
206,4,2903.275390625,549.2807006835938,18.93212890625,38.3629150390625,0.38982370495796204,-1,-1,-1
207,1,3182.26171875,672.9022827148438,30.447265625,77.53472900390625,0.6740165948867798,-1,-1,-1
207,3,3767.01416015625,799.6187744140625,43.418212890625,99.91259765625,0.718285322189331,-1,-1,-1
207,5,3659.853271484375,573.6898803710938,22.146484375,40.4033203125,0.44252684712409973,-1,-1,-1
207,166,4030.20458984375,529.8703002929688,19.913818359375,26.148681640625,0.27968060970306396,-1,-1,-1
207,4,2907.4013671875,547.2250366210938,18.66455078125,40.10845947265625,0.46521034836769104,-1,-1,-1
208,1,3181.024169921875,671.52294921875,30.620361328125,75.33636474609375,0.5353801250457764,-1,-1,-1
208,3,3766.7109375,799.6908569335938,45.05126953125,100.2642822265625,0.7285773158073425,-1,-1,-1
208,5,3659.826904296875,573.7825317382812,22.131103515625,40.0247802734375,0.4502873718738556,-1,-1,-1
208,4,2910.189453125,542.3696899414062,19.1318359375,43.31280517578125,0.45753371715545654,-1,-1,-1
209,1,3179.716552734375,671.3035888671875,28.105712890625,70.29315185546875,0.6221491694450378,-1,-1,-1
209,3,3765.879150390625,800.2388305664062,46.53857421875,100.654052734375,0.7510561347007751,-1,-1,-1
209,5,3659.794189453125,573.9807739257812,22.166259765625,39.47857666015625,0.46973761916160583,-1,-1,-1
210,1,3178.637939453125,670.8569946289062,26.487060546875,67.42401123046875,0.645534336566925,-1,-1,-1
210,3,3766.66552734375,800.4878540039062,46.43798828125,101.33062744140625,0.7272262573242188,-1,-1,-1
210,5,3659.906494140625,574.2249755859375,21.996826171875,38.710205078125,0.4717717170715332,-1,-1,-1
211,1,3176.5166015625,671.4268188476562,26.131103515625,66.69415283203125,0.695216715335846,-1,-1,-1
211,3,3767.073486328125,800.4028930664062,47.10107421875,101.1680908203125,0.72063148021698,-1,-1,-1
211,5,3659.916015625,574.3423461914062,22.046875,38.68939208984375,0.46854937076568604,-1,-1,-1
211,4,2919.23095703125,536.5072021484375,21.426513671875,49.53436279296875,0.275897353887558,-1,-1,-1
212,1,3174.0400390625,670.5435180664062,26.20703125,66.296630859375,0.6519771814346313,-1,-1,-1
212,3,3768.411865234375,800.2485961914062,46.7763671875,101.7530517578125,0.7375617027282715,-1,-1,-1
212,5,3659.800048828125,574.3311767578125,22.1787109375,38.80609130859375,0.43826180696487427,-1,-1,-1
212,4,2923.26318359375,538.4085083007812,18.7607421875,45.98248291015625,0.3542376756668091,-1,-1,-1
213,1,3172.124267578125,668.402587890625,25.232177734375,68.60272216796875,0.6561235785484314,-1,-1,-1
213,3,3770.0732421875,800.1853637695312,46.197509765625,102.50921630859375,0.7525277733802795,-1,-1,-1
213,5,3659.575439453125,574.1488037109375,22.300537109375,39.5758056640625,0.3955657184123993,-1,-1,-1
213,4,2924.706787109375,538.2096557617188,18.406982421875,45.0946044921875,0.3967781662940979,-1,-1,-1
214,1,3170.148193359375,666.8377075195312,26.6806640625,71.051513671875,0.6902552843093872,-1,-1,-1
214,3,3770.805908203125,800.21533203125,46.938232421875,103.1422119140625,0.7430862784385681,-1,-1,-1
214,5,3659.534912109375,573.772705078125,22.2548828125,39.22882080078125,0.40655291080474854,-1,-1,-1
214,4,2927.190185546875,536.07568359375,18.57275390625,46.5892333984375,0.43820852041244507,-1,-1,-1
215,1,3168.223876953125,664.9147338867188,27.810546875,72.41412353515625,0.7270287871360779,-1,-1,-1
215,3,3772.49755859375,800.2606811523438,46.451416015625,103.55596923828125,0.7403539419174194,-1,-1,-1
215,5,3659.6416015625,573.5222778320312,22.09423828125,39.15423583984375,0.4141678214073181,-1,-1,-1
215,4,2929.95947265625,536.5890502929688,19.179931640625,41.884765625,0.3912601172924042,-1,-1,-1
216,1,3167.234619140625,664.6514892578125,28.822509765625,72.0919189453125,0.6947227120399475,-1,-1,-1
216,3,3774.564453125,800.3893432617188,45.2548828125,103.77618408203125,0.754100501537323,-1,-1,-1
216,5,3659.610595703125,573.46923828125,21.710205078125,38.0277099609375,0.4077130854129791,-1,-1,-1
216,4,2932.3369140625,534.8911743164062,19.008544921875,45.259521484375,0.5122736096382141,-1,-1,-1
216,215,3620.6318359375,583.3928833007812,24.11865234375,47.4559326171875,0.3174133598804474,-1,-1,-1
217,1,3164.312744140625,664.7518920898438,31.3515625,71.41912841796875,0.657463788986206,-1,-1,-1
217,3,3775.550537109375,800.4893188476562,44.661376953125,103.92962646484375,0.7612869739532471,-1,-1,-1
217,5,3659.222900390625,573.4584350585938,21.621826171875,38.31829833984375,0.40619415044784546,-1,-1,-1
217,4,2935.808837890625,534.5127563476562,17.24072265625,43.9578857421875,0.41457802057266235,-1,-1,-1
217,215,3620.423828125,583.2171630859375,24.2353515625,46.99090576171875,0.31360921263694763,-1,-1,-1
217,216,4020.154296875,521.36962890625,16.636962890625,29.90899658203125,0.40071362257003784,-1,-1,-1
218,1,3162.02587890625,663.6942749023438,29.33056640625,70.521484375,0.48940378427505493,-1,-1,-1
218,3,3775.2646484375,800.5403442382812,45.218505859375,104.10009765625,0.7448123097419739,-1,-1,-1
218,5,3659.023681640625,573.41650390625,21.67529296875,38.627685546875,0.42152029275894165,-1,-1,-1
218,4,2937.142578125,534.3826293945312,18.85498046875,41.92138671875,0.3012864589691162,-1,-1,-1
218,215,3620.29248046875,583.3034057617188,24.356689453125,45.5528564453125,0.3020108938217163,-1,-1,-1
218,216,4019.97705078125,522.730712890625,16.874267578125,29.15576171875,0.38477566838264465,-1,-1,-1
219,1,3159.140625,662.2012329101562,28.094970703125,70.80889892578125,0.5247291922569275,-1,-1,-1
219,3,3774.2041015625,800.6212158203125,46.576904296875,104.11651611328125,0.7429086565971375,-1,-1,-1
219,5,3658.713134765625,573.3073120117188,21.2080078125,39.9228515625,0.3992272913455963,-1,-1,-1
219,215,3620.31640625,583.9513549804688,24.17919921875,43.4293212890625,0.25492599606513977,-1,-1,-1
219,216,4019.8837890625,523.4923095703125,16.510009765625,28.789306640625,0.41508233547210693,-1,-1,-1
220,1,3156.443603515625,660.3247680664062,27.220703125,73.20306396484375,0.6215130686759949,-1,-1,-1
220,3,3773.728271484375,800.6818237304688,47.028564453125,104.29046630859375,0.7456428408622742,-1,-1,-1
220,5,3658.369384765625,573.0842895507812,20.898193359375,41.8184814453125,0.40660524368286133,-1,-1,-1
220,216,4019.185302734375,523.4035034179688,16.043212890625,28.76641845703125,0.44184398651123047,-1,-1,-1
221,1,3154.28173828125,660.0223999023438,27.5185546875,73.8861083984375,0.6088485717773438,-1,-1,-1
221,3,3773.258544921875,800.6983642578125,47.00927734375,104.2996826171875,0.7509616017341614,-1,-1,-1
221,5,3658.064453125,572.6671142578125,20.9794921875,43.23480224609375,0.43385493755340576,-1,-1,-1
221,216,4017.997314453125,524.2769775390625,16.439697265625,28.58441162109375,0.45406895875930786,-1,-1,-1
222,1,3152.773193359375,659.1439208984375,26.098876953125,72.9017333984375,0.5849857330322266,-1,-1,-1
222,3,3773.670654296875,800.6786499023438,46.171630859375,104.196044921875,0.7395467758178711,-1,-1,-1
222,5,3657.833740234375,572.592529296875,21.279541015625,43.0037841796875,0.4261077344417572,-1,-1,-1
222,216,4017.045654296875,524.1111450195312,17.051513671875,28.47271728515625,0.4701719582080841,-1,-1,-1
223,1,3151.362548828125,657.6522216796875,26.173583984375,73.08990478515625,0.522485077381134,-1,-1,-1
223,3,3773.81103515625,800.603759765625,45.685791015625,104.317626953125,0.7375903129577637,-1,-1,-1
223,5,3656.963134765625,572.2710571289062,22.1396484375,42.017333984375,0.4232648015022278,-1,-1,-1
223,216,4016.674560546875,523.8778076171875,17.038330078125,29.199951171875,0.4710491895675659,-1,-1,-1
224,1,3149.623779296875,655.343017578125,26.421875,76.46112060546875,0.6323286890983582,-1,-1,-1
224,3,3773.42236328125,800.582763671875,45.572021484375,104.40338134765625,0.7604156136512756,-1,-1,-1
224,5,3655.821044921875,571.8527221679688,22.10888671875,36.78753662109375,0.3377017080783844,-1,-1,-1
224,216,4016.375,523.7484741210938,16.674072265625,29.1199951171875,0.44252946972846985,-1,-1,-1
225,1,3147.468505859375,653.5026245117188,27.074462890625,75.7391357421875,0.7218005061149597,-1,-1,-1
225,3,3773.177490234375,800.5486450195312,45.276123046875,104.74072265625,0.7689362168312073,-1,-1,-1
225,5,3654.788330078125,571.4330444335938,22.06787109375,34.29364013671875,0.31278660893440247,-1,-1,-1
225,216,4015.57177734375,524.7354736328125,16.83251953125,26.7454833984375,0.39878514409065247,-1,-1,-1
226,1,3145.220947265625,651.7141723632812,27.64453125,73.9619140625,0.7205497622489929,-1,-1,-1
226,3,3773.11328125,800.5896606445312,44.96044921875,105.71295166015625,0.7683608531951904,-1,-1,-1
226,5,3654.4482421875,571.255615234375,22.0283203125,37.0477294921875,0.3383285701274872,-1,-1,-1
226,216,4014.5302734375,522.8348999023438,17.43896484375,28.2330322265625,0.39537420868873596,-1,-1,-1
226,217,2953.626708984375,537.1845703125,17.56396484375,35.60113525390625,0.38563117384910583,-1,-1,-1
227,1,3143.997802734375,651.3219604492188,25.836669921875,68.0419921875,0.705952525138855,-1,-1,-1
227,3,3773.69677734375,800.6923828125,43.341796875,106.3863525390625,0.7743968367576599,-1,-1,-1
227,5,3654.658447265625,571.2944946289062,21.3046875,38.5045166015625,0.34768664836883545,-1,-1,-1
227,216,4013.9208984375,521.5689086914062,16.451416015625,30.1268310546875,0.39723923802375793,-1,-1,-1
227,217,2956.0107421875,535.0661010742188,17.511962890625,35.3592529296875,0.404081255197525,-1,-1,-1
228,1,3142.904541015625,651.4086303710938,24.538330078125,66.51214599609375,0.7451245188713074,-1,-1,-1
228,3,3774.037353515625,801.2118530273438,41.9013671875,106.2266845703125,0.7746196389198303,-1,-1,-1
228,5,3654.954345703125,571.1791381835938,20.71533203125,38.6754150390625,0.3558378517627716,-1,-1,-1
228,216,4013.662841796875,521.3786010742188,15.499267578125,30.83123779296875,0.39271605014801025,-1,-1,-1
228,217,2958.840576171875,533.3281860351562,17.545654296875,35.9832763671875,0.32007959485054016,-1,-1,-1
228,220,3614.62841796875,583.0069580078125,20.798095703125,43.9139404296875,0.3620564639568329,-1,-1,-1
229,1,3141.0986328125,651.7188110351562,24.152587890625,65.79815673828125,0.7245601415634155,-1,-1,-1
229,3,3774.640625,801.14599609375,39.84765625,106.4053955078125,0.7801089286804199,-1,-1,-1
229,5,3654.202392578125,570.478759765625,20.714599609375,40.1414794921875,0.35936060547828674,-1,-1,-1
229,216,4012.653076171875,522.975830078125,16.445068359375,29.201904296875,0.3947218358516693,-1,-1,-1
229,217,2962.089111328125,532.224609375,16.00830078125,38.49786376953125,0.33512768149375916,-1,-1,-1
229,220,3614.59130859375,582.0185546875,20.345947265625,44.49969482421875,0.43832069635391235,-1,-1,-1
230,1,3140.117919921875,652.2266845703125,22.627685546875,64.50335693359375,0.685344934463501,-1,-1,-1
230,3,3775.0888671875,801.1617431640625,38.26416015625,106.3905029296875,0.7845340371131897,-1,-1,-1
230,5,3653.235107421875,570.4149169921875,20.947998046875,40.23077392578125,0.3119768500328064,-1,-1,-1
230,216,4011.9443359375,523.8165893554688,16.228515625,28.63531494140625,0.3706556260585785,-1,-1,-1
230,217,2963.5224609375,532.5202026367188,16.19482421875,39.64373779296875,0.31608933210372925,-1,-1,-1
230,220,3614.52294921875,581.1298217773438,19.711669921875,45.303466796875,0.45544934272766113,-1,-1,-1
231,1,3136.926025390625,651.9396362304688,22.7275390625,65.55303955078125,0.6054043769836426,-1,-1,-1
231,3,3774.79296875,801.0877075195312,37.660400390625,106.2381591796875,0.7795191407203674,-1,-1,-1
231,5,3652.2978515625,570.5841674804688,21.036865234375,40.32452392578125,0.3314000964164734,-1,-1,-1
231,216,4011.189697265625,522.7098388671875,15.821044921875,30.74017333984375,0.38138413429260254,-1,-1,-1
231,217,2964.457763671875,529.1782836914062,16.985107421875,42.7542724609375,0.3510598838329315,-1,-1,-1
231,220,3614.362060546875,581.3885498046875,19.581298828125,46.11114501953125,0.5067787766456604,-1,-1,-1
232,1,3133.27294921875,651.2037353515625,24.916015625,66.48583984375,0.5897690057754517,-1,-1,-1
232,3,3773.13916015625,801.1358032226562,38.821044921875,106.62286376953125,0.7465575933456421,-1,-1,-1
232,5,3651.302001953125,570.72998046875,21.41796875,40.06512451171875,0.3603622019290924,-1,-1,-1
232,216,4009.5537109375,522.2266845703125,16.29541015625,31.16009521484375,0.38402947783470154,-1,-1,-1
232,220,3614.01123046875,582.1857299804688,19.29345703125,45.82452392578125,0.5889163613319397,-1,-1,-1
233,1,3131.866943359375,649.1119995117188,25.432861328125,67.435791015625,0.5322903990745544,-1,-1,-1
233,3,3771.64111328125,801.1300048828125,39.818115234375,107.04632568359375,0.7386845350265503,-1,-1,-1
233,5,3650.856201171875,570.8222045898438,21.70068359375,38.005859375,0.3098715543746948,-1,-1,-1
233,216,4008.562255859375,522.8471069335938,17.13916015625,30.659912109375,0.3886663019657135,-1,-1,-1
233,220,3613.81982421875,581.915283203125,18.476806640625,45.61669921875,0.6035076975822449,-1,-1,-1
234,1,3129.590576171875,645.2379150390625,27.417236328125,68.5472412109375,0.48707035183906555,-1,-1,-1
234,3,3770.681396484375,801.1795654296875,40.58740234375,107.1417236328125,0.7224584221839905,-1,-1,-1
234,5,3650.738037109375,570.8425903320312,21.5283203125,36.530517578125,0.3085903227329254,-1,-1,-1
234,216,4007.93798828125,524.8416748046875,17.212158203125,28.97265625,0.37869635224342346,-1,-1,-1
234,220,3613.3447265625,581.2644653320312,18.365234375,46.85565185546875,0.6631689071655273,-1,-1,-1
235,1,3126.802978515625,642.193603515625,27.080810546875,67.94866943359375,0.409501850605011,-1,-1,-1
235,3,3769.102294921875,801.2955932617188,42.011962890625,107.18988037109375,0.7192540168762207,-1,-1,-1
235,5,3650.362548828125,570.87646484375,21.46435546875,36.29071044921875,0.3111974596977234,-1,-1,-1
235,216,4007.09521484375,524.0081787109375,17.319580078125,28.343505859375,0.3759244680404663,-1,-1,-1
235,220,3612.34033203125,582.7330322265625,18.626708984375,45.62725830078125,0.6379798054695129,-1,-1,-1
236,1,3125.601806640625,640.4266967773438,25.75146484375,67.109130859375,0.5794822573661804,-1,-1,-1
236,3,3767.8310546875,801.0361328125,42.989501953125,107.4339599609375,0.7182978391647339,-1,-1,-1
236,5,3649.984130859375,570.990234375,21.59521484375,37.56390380859375,0.307874858379364,-1,-1,-1
236,216,4006.350341796875,522.5435180664062,17.519775390625,29.26031494140625,0.37948471307754517,-1,-1,-1
236,220,3610.986572265625,582.3868408203125,19.3701171875,46.78729248046875,0.6518973112106323,-1,-1,-1
236,217,2974.6650390625,522.6299438476562,19.04541015625,41.33013916015625,0.3666982352733612,-1,-1,-1
237,1,3124.16845703125,640.15771484375,25.22802734375,65.22503662109375,0.6548987030982971,-1,-1,-1
237,3,3766.798583984375,801.142822265625,43.40380859375,107.30767822265625,0.708867609500885,-1,-1,-1
237,5,3649.020263671875,571.4282836914062,22.343994140625,38.75457763671875,0.27492645382881165,-1,-1,-1
237,216,4005.7685546875,523.97607421875,17.70654296875,28.4302978515625,0.3431948721408844,-1,-1,-1
237,220,3610.466552734375,581.2724609375,19.7666015625,48.57611083984375,0.6211293935775757,-1,-1,-1
237,217,2976.115478515625,522.3980712890625,18.59521484375,39.58111572265625,0.36172106862068176,-1,-1,-1
238,1,3121.944580078125,639.548583984375,24.224365234375,64.06011962890625,0.673829972743988,-1,-1,-1
238,3,3765.766845703125,800.924560546875,43.98486328125,107.56817626953125,0.6999934315681458,-1,-1,-1
238,5,3647.964599609375,571.4473266601562,23.433837890625,40.5562744140625,0.32529956102371216,-1,-1,-1
238,216,4005.364990234375,523.7972412109375,18.10888671875,29.266845703125,0.383339524269104,-1,-1,-1
238,220,3609.149658203125,579.7013549804688,21.127197265625,50.3203125,0.6289892196655273,-1,-1,-1
238,217,2977.78271484375,521.9022216796875,17.576171875,39.119873046875,0.43375951051712036,-1,-1,-1
239,1,3120.31298828125,639.1390380859375,24.385498046875,63.176025390625,0.6930110454559326,-1,-1,-1
239,3,3764.766845703125,800.5813598632812,44.552734375,107.5458984375,0.6744964122772217,-1,-1,-1
239,5,3648.973876953125,570.7400512695312,20.509521484375,39.093017578125,0.3254465162754059,-1,-1,-1
239,216,4005.088623046875,522.7384033203125,18.125244140625,30.48883056640625,0.35049521923065186,-1,-1,-1
239,220,3606.960693359375,577.8639526367188,22.507568359375,51.21942138671875,0.6826363205909729,-1,-1,-1
239,217,2979.267333984375,520.6771850585938,16.62353515625,40.619140625,0.4700784981250763,-1,-1,-1
240,1,3118.39208984375,638.8056030273438,23.90966796875,61.82806396484375,0.6871114373207092,-1,-1,-1
240,3,3762.741943359375,800.30859375,45.5625,108.0179443359375,0.6733112931251526,-1,-1,-1
240,5,3648.48046875,569.7465209960938,18.88623046875,36.7454833984375,0.3729325234889984,-1,-1,-1
240,216,4003.300537109375,522.7626953125,19.5771484375,30.3076171875,0.26878976821899414,-1,-1,-1
240,220,3605.063232421875,577.5824584960938,22.978759765625,50.18505859375,0.6747754216194153,-1,-1,-1
240,217,2980.03662109375,520.5596923828125,16.480224609375,41.19305419921875,0.47672319412231445,-1,-1,-1
241,1,3116.581298828125,636.77978515625,24.4287109375,64.99749755859375,0.666316032409668,-1,-1,-1
241,3,3761.696044921875,800.8395385742188,45.408203125,107.22381591796875,0.664560079574585,-1,-1,-1
241,5,3647.63720703125,567.966552734375,17.72021484375,37.40924072265625,0.40084826946258545,-1,-1,-1
241,216,4001.95361328125,523.98583984375,20.954833984375,29.37896728515625,0.29613399505615234,-1,-1,-1
241,220,3603.49853515625,575.6626586914062,22.774169921875,51.0140380859375,0.6535928845405579,-1,-1,-1
241,217,2982.193115234375,520.0516357421875,15.515625,42.0244140625,0.4932004511356354,-1,-1,-1
242,1,3114.946533203125,636.9262084960938,23.00439453125,63.77923583984375,0.594825267791748,-1,-1,-1
242,3,3759.75,801.4088745117188,46.244384765625,106.06134033203125,0.6477303504943848,-1,-1,-1
242,5,3646.0205078125,566.58642578125,17.8212890625,38.2374267578125,0.42633137106895447,-1,-1,-1
242,220,3601.465576171875,576.0487670898438,22.44140625,50.53875732421875,0.6495469808578491,-1,-1,-1
242,217,2982.812744140625,520.2938232421875,16.29931640625,41.39776611328125,0.48064351081848145,-1,-1,-1
243,1,3113.973876953125,635.9864501953125,21.701904296875,63.79888916015625,0.46990475058555603,-1,-1,-1
243,3,3757.72509765625,802.074462890625,47.404052734375,104.972900390625,0.6328958868980408,-1,-1,-1
243,5,3644.78662109375,566.3889770507812,18.3759765625,37.90423583984375,0.43226101994514465,-1,-1,-1
243,220,3600.392578125,575.5912475585938,21.53466796875,51.14306640625,0.6648193001747131,-1,-1,-1
243,217,2983.826416015625,519.8413696289062,17.274658203125,39.7218017578125,0.46313726902008057,-1,-1,-1
244,1,3112.67919921875,632.5689697265625,20.536376953125,62.67486572265625,0.5790493488311768,-1,-1,-1
244,3,3756.5595703125,802.5654907226562,47.7470703125,104.57464599609375,0.6407743692398071,-1,-1,-1
244,5,3642.92529296875,566.34521484375,19.593017578125,39.435546875,0.46441760659217834,-1,-1,-1
244,220,3599.84423828125,574.28076171875,20.943115234375,51.55206298828125,0.6683987379074097,-1,-1,-1
244,217,2984.92626953125,520.0803833007812,18.129638671875,36.28363037109375,0.45952165126800537,-1,-1,-1
245,1,3110.81201171875,630.02490234375,20.97216796875,62.973876953125,0.6071442365646362,-1,-1,-1
245,3,3755.322998046875,802.8331298828125,48.4853515625,104.099365234375,0.658545970916748,-1,-1,-1
245,5,3641.915283203125,566.5263061523438,20.124267578125,39.63775634765625,0.44842368364334106,-1,-1,-1
245,220,3599.739501953125,574.8197021484375,20.357421875,50.34674072265625,0.6698931455612183,-1,-1,-1
245,217,2986.57861328125,519.8717041015625,17.69287109375,33.86590576171875,0.4509228467941284,-1,-1,-1
246,1,3107.735107421875,629.030517578125,22.597900390625,62.08831787109375,0.5749650597572327,-1,-1,-1
246,3,3754.291748046875,802.8753662109375,48.114501953125,104.12591552734375,0.6117424368858337,-1,-1,-1
246,5,3641.291259765625,566.9683837890625,20.237060546875,36.92919921875,0.42540115118026733,-1,-1,-1
246,220,3599.640869140625,576.3514404296875,19.823486328125,48.8470458984375,0.6115427017211914,-1,-1,-1
246,217,2988.6435546875,519.79833984375,16.36279296875,32.486572265625,0.4727386236190796,-1,-1,-1
247,1,3106.10400390625,628.3043823242188,22.85498046875,61.92108154296875,0.5841350555419922,-1,-1,-1
247,3,3753.002197265625,802.9490356445312,48.28466796875,104.4132080078125,0.6064178943634033,-1,-1,-1
247,5,3641.02197265625,567.1195068359375,20.111083984375,37.939208984375,0.4403814673423767,-1,-1,-1
247,220,3598.546630859375,576.1270141601562,20.44580078125,49.11431884765625,0.5857844352722168,-1,-1,-1
247,217,2989.990234375,519.8693237304688,15.5361328125,31.25836181640625,0.44049450755119324,-1,-1,-1
248,1,3104.46728515625,628.7328491210938,22.426513671875,60.94671630859375,0.5713720321655273,-1,-1,-1
248,3,3751.5185546875,804.2753295898438,48.967529296875,103.6312255859375,0.5185784697532654,-1,-1,-1
248,5,3640.442626953125,567.3692016601562,20.505615234375,37.0382080078125,0.4414312541484833,-1,-1,-1
248,220,3596.79248046875,575.4837036132812,21.735107421875,48.63214111328125,0.5598373413085938,-1,-1,-1
248,217,2991.114501953125,520.62744140625,15.58056640625,34.2530517578125,0.3828545808792114,-1,-1,-1
249,1,3103.20263671875,628.5214233398438,20.99755859375,60.42626953125,0.5217224359512329,-1,-1,-1
249,3,3750.5224609375,804.552001953125,49.1650390625,103.74798583984375,0.5115786194801331,-1,-1,-1
249,5,3639.3427734375,567.51611328125,20.358154296875,41.735595703125,0.46442711353302,-1,-1,-1
249,220,3594.736328125,577.1741333007812,23.306640625,45.62506103515625,0.4906851351261139,-1,-1,-1
249,217,2991.67919921875,520.62353515625,16.02587890625,35.15545654296875,0.41341838240623474,-1,-1,-1
249,216,3992.65625,521.1334228515625,18.52783203125,30.98779296875,0.45133131742477417,-1,-1,-1
250,1,3100.346923828125,628.2542724609375,21.369873046875,60.60504150390625,0.5206720232963562,-1,-1,-1
250,3,3749.4892578125,804.0650024414062,49.556640625,102.4930419921875,0.48802119493484497,-1,-1,-1
250,5,3639.1630859375,567.5750732421875,19.15673828125,43.57586669921875,0.5585960149765015,-1,-1,-1
250,220,3593.111083984375,576.1035766601562,24.286376953125,45.1376953125,0.3883485496044159,-1,-1,-1
250,217,2991.61474609375,522.0133056640625,18.27685546875,32.37451171875,0.27309855818748474,-1,-1,-1
250,236,3262.098876953125,574.3505249023438,19.757568359375,46.151611328125,0.3824302852153778,-1,-1,-1
250,216,3991.99853515625,522.0916748046875,19.2734375,29.6932373046875,0.44015398621559143,-1,-1,-1
251,1,3098.6806640625,626.0304565429688,22.5947265625,61.4638671875,0.5390726923942566,-1,-1,-1
251,3,3749.3037109375,803.9966430664062,49.913330078125,102.388427734375,0.57242751121521,-1,-1,-1
251,5,3638.848388671875,567.477294921875,18.62109375,44.7860107421875,0.5813806056976318,-1,-1,-1
251,220,3592.658203125,573.0118408203125,23.086669921875,47.02886962890625,0.3771683871746063,-1,-1,-1
251,217,2991.927490234375,522.4588012695312,18.909423828125,31.6387939453125,0.3121148347854614,-1,-1,-1
251,236,3262.045166015625,574.3444213867188,17.0439453125,44.634521484375,0.4212152659893036,-1,-1,-1
251,216,3991.711181640625,521.728759765625,17.952392578125,30.8634033203125,0.5214856863021851,-1,-1,-1
252,1,3097.080810546875,624.082275390625,21.588623046875,62.11163330078125,0.6503005027770996,-1,-1,-1
252,3,3749.4306640625,804.623046875,48.97900390625,101.884033203125,0.6104599237442017,-1,-1,-1
252,5,3638.572021484375,567.135009765625,18.612548828125,44.8018798828125,0.5411329865455627,-1,-1,-1
252,220,3590.840576171875,571.6353149414062,22.3251953125,48.122314453125,0.3687739074230194,-1,-1,-1
252,217,2992.6865234375,522.86767578125,18.642822265625,30.95703125,0.33024862408638,-1,-1,-1
252,236,3261.778564453125,573.7163696289062,14.794921875,44.60333251953125,0.3853992819786072,-1,-1,-1
252,216,3991.0390625,522.392822265625,16.84619140625,28.9814453125,0.544060230255127,-1,-1,-1
253,1,3095.1279296875,623.6578369140625,22.591796875,61.578857421875,0.6596053838729858,-1,-1,-1
253,3,3749.90576171875,805.1547241210938,47.974853515625,101.64752197265625,0.6240748167037964,-1,-1,-1
253,5,3638.25732421875,566.7371826171875,18.501708984375,42.5634765625,0.5085881948471069,-1,-1,-1
253,220,3588.960205078125,569.682861328125,21.9462890625,48.6458740234375,0.4045236110687256,-1,-1,-1
253,217,2993.94287109375,521.6453247070312,17.735595703125,31.3458251953125,0.3663361072540283,-1,-1,-1
253,236,3260.6533203125,573.436279296875,15.273681640625,43.9395751953125,0.3050464689731598,-1,-1,-1
253,216,3990.260986328125,522.3348388671875,16.7119140625,29.08160400390625,0.5832720994949341,-1,-1,-1
254,1,3092.83154296875,622.4856567382812,23.01025390625,60.39532470703125,0.6404222249984741,-1,-1,-1
254,3,3750.48779296875,805.2841186523438,46.823486328125,103.26025390625,0.5961660146713257,-1,-1,-1
254,5,3637.8525390625,566.5062255859375,18.456787109375,40.55694580078125,0.49262699484825134,-1,-1,-1
254,220,3587.482177734375,569.030517578125,21.70556640625,48.06787109375,0.3371482193470001,-1,-1,-1
254,217,2995.998779296875,520.8433837890625,16.4580078125,29.9638671875,0.3622322678565979,-1,-1,-1
254,216,3989.66845703125,523.0267944335938,16.8740234375,28.74151611328125,0.594732403755188,-1,-1,-1
255,1,3091.6943359375,622.4531860351562,22.595703125,59.59161376953125,0.6298862099647522,-1,-1,-1
255,3,3750.4580078125,804.8907470703125,46.369384765625,104.38079833984375,0.5837579965591431,-1,-1,-1
255,5,3637.1826171875,566.1400146484375,18.60546875,40.242431640625,0.44262567162513733,-1,-1,-1
255,220,3586.927734375,569.89013671875,20.578369140625,47.63427734375,0.4064280092716217,-1,-1,-1
255,217,2998.047607421875,519.824951171875,15.31591796875,31.3079833984375,0.36649638414382935,-1,-1,-1
255,216,3988.94580078125,522.9266357421875,17.643798828125,28.67236328125,0.5483993887901306,-1,-1,-1
256,1,3090.509033203125,621.6744995117188,22.70361328125,59.496826171875,0.6149035692214966,-1,-1,-1
256,3,3750.343994140625,804.7803344726562,45.392578125,104.9234619140625,0.589106023311615,-1,-1,-1
256,5,3635.947021484375,564.4520263671875,18.909423828125,37.31500244140625,0.316681444644928,-1,-1,-1
256,220,3586.56494140625,569.9998168945312,18.225341796875,47.123291015625,0.4291122853755951,-1,-1,-1
256,217,3000.02001953125,518.0447387695312,14.658447265625,33.283203125,0.30603477358818054,-1,-1,-1
256,216,3987.9189453125,522.5584716796875,17.919189453125,28.42791748046875,0.5745254158973694,-1,-1,-1
256,236,3256.619384765625,572.0625610351562,17.666259765625,45.434326171875,0.28293606638908386,-1,-1,-1
257,1,3089.968994140625,621.4877319335938,21.31396484375,59.14599609375,0.6009931564331055,-1,-1,-1
257,3,3749.488525390625,804.3827514648438,45.403564453125,104.93359375,0.6292567849159241,-1,-1,-1
257,5,3635.3544921875,563.7288208007812,19.25341796875,36.32745361328125,0.3360584080219269,-1,-1,-1
257,220,3586.22412109375,570.9078369140625,16.1162109375,44.29791259765625,0.4055691957473755,-1,-1,-1
257,216,3987.40234375,521.8373413085938,17.418701171875,28.9058837890625,0.553263247013092,-1,-1,-1
257,236,3254.84814453125,572.4456787109375,19.096923828125,45.1112060546875,0.27269503474235535,-1,-1,-1
258,1,3087.262451171875,621.73486328125,22.19775390625,59.56829833984375,0.6455456614494324,-1,-1,-1
258,3,3749.12890625,803.9259033203125,44.078369140625,104.2314453125,0.6611546874046326,-1,-1,-1
258,5,3634.021484375,564.1421508789062,20.056640625,35.0426025390625,0.32573992013931274,-1,-1,-1
258,220,3585.56884765625,571.6473999023438,16.0576171875,43.84820556640625,0.42193034291267395,-1,-1,-1
258,216,3987.021484375,522.185302734375,17.39208984375,28.28558349609375,0.5058162212371826,-1,-1,-1
258,217,3002.076416015625,516.8716430664062,13.854736328125,33.3841552734375,0.27679285407066345,-1,-1,-1
259,1,3085.567138671875,620.7943725585938,20.904541015625,61.07183837890625,0.6318087577819824,-1,-1,-1
259,3,3748.7490234375,803.4039306640625,44.49462890625,105.7490234375,0.6444317698478699,-1,-1,-1
259,5,3633.857666015625,564.91650390625,20.056640625,34.8533935546875,0.344820499420166,-1,-1,-1
259,220,3584.94873046875,571.904541015625,16.2470703125,45.0850830078125,0.5729212760925293,-1,-1,-1
259,216,3986.72900390625,521.6881103515625,16.821533203125,29.397216796875,0.5144504308700562,-1,-1,-1
260,1,3083.8466796875,620.2784423828125,20.892333984375,60.89337158203125,0.5385684967041016,-1,-1,-1
260,3,3748.55859375,803.146240234375,44.095703125,106.2855224609375,0.6431944966316223,-1,-1,-1
260,5,3633.934326171875,564.7935180664062,19.15869140625,35.3343505859375,0.39983490109443665,-1,-1,-1
260,220,3583.073974609375,572.416748046875,17.85546875,44.73565673828125,0.5355554223060608,-1,-1,-1
260,216,3986.86669921875,521.2039794921875,15.204345703125,29.684326171875,0.4763840138912201,-1,-1,-1
260,236,3250.54931640625,573.967529296875,20.07275390625,44.24700927734375,0.27090561389923096,-1,-1,-1
261,1,3080.635986328125,617.5203857421875,23.0751953125,62.7044677734375,0.438276469707489,-1,-1,-1
261,3,3748.513427734375,802.934326171875,43.479248046875,106.592529296875,0.6309803128242493,-1,-1,-1
261,5,3633.345458984375,563.7540283203125,18.40966796875,37.11395263671875,0.40393590927124023,-1,-1,-1
261,220,3580.7109375,573.0911865234375,19.968017578125,45.4403076171875,0.5641975998878479,-1,-1,-1
261,216,3986.35986328125,521.4720458984375,15.255126953125,29.9716796875,0.45484623312950134,-1,-1,-1
261,236,3249.879638671875,574.3659057617188,19.754150390625,44.08233642578125,0.273334801197052,-1,-1,-1
261,217,3004.1396484375,517.3568115234375,16.9716796875,32.56634521484375,0.3068832457065582,-1,-1,-1
262,1,3077.85302734375,615.4431762695312,25.09814453125,63.6182861328125,0.350905179977417,-1,-1,-1
262,3,3749.017333984375,802.9598999023438,41.594970703125,107.17755126953125,0.6181032657623291,-1,-1,-1
262,5,3632.537353515625,563.3621826171875,18.560302734375,38.20098876953125,0.38268572092056274,-1,-1,-1
262,220,3579.594482421875,572.6442260742188,21.167236328125,47.23529052734375,0.6366002559661865,-1,-1,-1
262,216,3985.740478515625,521.66162109375,15.7529296875,29.85400390625,0.464953750371933,-1,-1,-1
262,217,3004.897216796875,516.2696533203125,16.960693359375,33.55743408203125,0.2653805911540985,-1,-1,-1
263,1,3077.001953125,612.28271484375,25.435791015625,61.72198486328125,0.40145862102508545,-1,-1,-1
263,3,3749.363525390625,803.105224609375,39.96044921875,107.17010498046875,0.5964798331260681,-1,-1,-1
263,5,3632.081298828125,562.8535766601562,18.9775390625,39.22650146484375,0.3834182918071747,-1,-1,-1
263,220,3577.391845703125,573.0061645507812,22.512451171875,46.3072509765625,0.5288136005401611,-1,-1,-1
263,216,3984.8583984375,521.6181030273438,15.81689453125,29.7059326171875,0.44249534606933594,-1,-1,-1
263,217,3005.11962890625,515.7141723632812,17.03857421875,33.7916259765625,0.3038163185119629,-1,-1,-1
264,1,3075.398193359375,610.4014892578125,26.56298828125,59.02490234375,0.3060288727283478,-1,-1,-1
264,3,3749.7158203125,803.0917358398438,38.7099609375,106.81158447265625,0.5832950472831726,-1,-1,-1
264,5,3630.85009765625,563.8272705078125,20.060302734375,38.3387451171875,0.3547045886516571,-1,-1,-1
264,220,3576.2080078125,571.9951782226562,21.956787109375,47.84014892578125,0.6509133577346802,-1,-1,-1
264,216,3983.105712890625,521.0418701171875,16.1513671875,30.585693359375,0.4364212453365326,-1,-1,-1
264,217,3005.88427734375,515.0717163085938,17.095947265625,32.93695068359375,0.29566118121147156,-1,-1,-1
265,1,3072.737548828125,610.333740234375,24.87255859375,58.29736328125,0.35970649123191833,-1,-1,-1
265,3,3749.377197265625,802.3505859375,38.388671875,107.1724853515625,0.5308296084403992,-1,-1,-1
265,5,3630.16650390625,564.6693725585938,20.045166015625,37.98101806640625,0.3339248597621918,-1,-1,-1
265,220,3574.979248046875,571.3731689453125,21.70556640625,47.70135498046875,0.6015089750289917,-1,-1,-1
265,216,3981.38330078125,520.313232421875,17.431884765625,30.71673583984375,0.3790115416049957,-1,-1,-1
265,217,3006.8447265625,514.1514892578125,16.38232421875,32.30218505859375,0.28066304326057434,-1,-1,-1
266,1,3071.779052734375,610.1322631835938,24.5595703125,57.94696044921875,0.4104984402656555,-1,-1,-1
266,3,3748.617431640625,801.7600708007812,38.939208984375,107.5377197265625,0.5503775477409363,-1,-1,-1
266,5,3629.23486328125,564.216796875,19.7705078125,38.39886474609375,0.28251948952674866,-1,-1,-1
266,220,3573.4951171875,571.1880493164062,21.0712890625,47.1322021484375,0.6290816068649292,-1,-1,-1
266,216,3980.872802734375,520.4560546875,17.745849609375,29.39398193359375,0.31057000160217285,-1,-1,-1
266,217,3007.4521484375,513.761962890625,16.032958984375,31.45391845703125,0.2543447017669678,-1,-1,-1
267,1,3071.4189453125,610.3781127929688,24.2373046875,57.58526611328125,0.4598804712295532,-1,-1,-1
267,3,3748.46484375,801.0364990234375,38.1484375,107.80975341796875,0.49059194326400757,-1,-1,-1
267,5,3629.378173828125,563.7667236328125,18.724853515625,39.0355224609375,0.3000795543193817,-1,-1,-1
267,220,3572.955322265625,570.8115844726562,19.91650390625,45.7860107421875,0.5977835655212402,-1,-1,-1
267,216,3980.045654296875,521.0546875,17.902587890625,29.3980712890625,0.37473225593566895,-1,-1,-1
267,217,3008.525146484375,512.5828857421875,15.61181640625,33.4688720703125,0.37598341703414917,-1,-1,-1
268,1,3070.905029296875,610.6199340820312,23.0927734375,57.1463623046875,0.5494863390922546,-1,-1,-1
268,3,3748.35791015625,800.600830078125,37.33984375,107.22906494140625,0.3198009133338928,-1,-1,-1
268,5,3629.333251953125,564.4078979492188,18.11328125,38.52911376953125,0.28692659735679626,-1,-1,-1
268,220,3572.341796875,570.8741455078125,19.36572265625,45.5887451171875,0.5545397996902466,-1,-1,-1
268,216,3979.384765625,521.2141723632812,17.481689453125,29.10504150390625,0.3784133493900299,-1,-1,-1
268,217,3009.355224609375,511.6772155761719,15.52490234375,34.734100341796875,0.35913899540901184,-1,-1,-1
269,1,3070.2666015625,610.2529296875,22.256103515625,56.5897216796875,0.533406138420105,-1,-1,-1
269,5,3629.257080078125,565.3267822265625,17.68310546875,37.9197998046875,0.2595186233520508,-1,-1,-1
269,220,3571.9404296875,570.7852783203125,19.055908203125,45.087646484375,0.43482276797294617,-1,-1,-1
269,216,3978.822021484375,520.8775634765625,17.423095703125,29.06768798828125,0.29144975543022156,-1,-1,-1
269,217,3010.624755859375,511.7159118652344,15.110107421875,32.661773681640625,0.2701411545276642,-1,-1,-1
270,1,3069.76171875,609.5503540039062,20.7490234375,57.9931640625,0.571137547492981,-1,-1,-1
270,220,3571.210693359375,570.2562866210938,19.31005859375,45.42431640625,0.389896422624588,-1,-1,-1
270,216,3978.224365234375,521.30517578125,17.892333984375,28.45196533203125,0.2987428307533264,-1,-1,-1
270,217,3011.8193359375,512.8958129882812,14.74072265625,32.43609619140625,0.3888261616230011,-1,-1,-1
271,1,3067.830078125,605.447509765625,20.478271484375,58.622314453125,0.6164810657501221,-1,-1,-1
271,220,3569.170654296875,570.4512939453125,20.824951171875,45.0648193359375,0.2964303493499756,-1,-1,-1
271,216,3977.770263671875,522.4098510742188,18.25341796875,27.71148681640625,0.25399884581565857,-1,-1,-1
271,217,3012.680908203125,512.9702758789062,14.252197265625,32.228271484375,0.33030790090560913,-1,-1,-1
271,3,3746.553955078125,799.6248779296875,36.35693359375,105.9344482421875,0.2873632609844208,-1,-1,-1
272,1,3066.660400390625,604.8189697265625,20.74267578125,56.620361328125,0.6592162847518921,-1,-1,-1
272,220,3568.32080078125,570.3970947265625,21.43701171875,44.97418212890625,0.27056142687797546,-1,-1,-1
272,3,3744.91943359375,799.134521484375,37.605224609375,104.7333984375,0.3480227589607239,-1,-1,-1
272,236,3234.20703125,569.3973999023438,22.189453125,47.53106689453125,0.41336509585380554,-1,-1,-1
273,1,3065.64453125,602.8701171875,21.434814453125,57.46136474609375,0.6356862783432007,-1,-1,-1
273,3,3744.1162109375,798.8665771484375,37.795654296875,104.0804443359375,0.43756118416786194,-1,-1,-1
273,236,3232.939697265625,569.5746459960938,22.206298828125,48.0458984375,0.5119127035140991,-1,-1,-1
273,217,3014.302001953125,512.9095458984375,13.501708984375,33.97906494140625,0.3265435993671417,-1,-1,-1
274,1,3064.91259765625,600.9579467773438,21.250244140625,57.36077880859375,0.697630763053894,-1,-1,-1
274,3,3743.100341796875,798.2296752929688,37.81494140625,104.568359375,0.39921069145202637,-1,-1,-1
274,236,3232.098876953125,569.7852172851562,21.365966796875,47.76654052734375,0.47692862153053284,-1,-1,-1
274,217,3014.564697265625,512.6399536132812,13.947509765625,34.18603515625,0.28168126940727234,-1,-1,-1
275,1,3063.858154296875,600.5501708984375,20.50048828125,57.77606201171875,0.6386329531669617,-1,-1,-1
275,3,3741.94482421875,797.785888671875,36.887451171875,107.849853515625,0.3268994987010956,-1,-1,-1
275,236,3231.69140625,569.7522583007812,19.88671875,47.8829345703125,0.48858246207237244,-1,-1,-1
276,1,3062.832275390625,600.0760498046875,19.723388671875,57.6214599609375,0.6860678791999817,-1,-1,-1
276,3,3739.415283203125,796.8072509765625,38.86279296875,109.4095458984375,0.38032811880111694,-1,-1,-1
276,236,3229.80908203125,569.1812133789062,20.402099609375,47.75390625,0.43044692277908325,-1,-1,-1
277,1,3061.108154296875,599.5880126953125,19.55419921875,57.37890625,0.6816208362579346,-1,-1,-1
277,3,3738.181640625,797.0332641601562,39.33984375,110.0828857421875,0.3166424036026001,-1,-1,-1
277,236,3228.805908203125,568.9371948242188,20.818603515625,47.9130859375,0.5169054269790649,-1,-1,-1
277,220,3559.855712890625,568.2674560546875,22.533203125,47.77801513671875,0.34209251403808594,-1,-1,-1
277,217,3016.747314453125,509.98394775390625,15.828369140625,35.287353515625,0.26969265937805176,-1,-1,-1
278,1,3059.935546875,599.370849609375,19.421875,58.3009033203125,0.6848883032798767,-1,-1,-1
278,3,3736.898193359375,796.58935546875,40.680908203125,110.66436767578125,0.38831251859664917,-1,-1,-1
278,236,3227.71630859375,568.6306762695312,20.2138671875,47.44610595703125,0.45404675602912903,-1,-1,-1
278,220,3559.03564453125,567.6873168945312,20.091064453125,47.34185791015625,0.28619253635406494,-1,-1,-1
278,217,3017.43505859375,508.95196533203125,15.9912109375,36.5313720703125,0.2956739068031311,-1,-1,-1
279,1,3058.688720703125,598.48974609375,19.6142578125,58.65863037109375,0.7006840705871582,-1,-1,-1
279,3,3736.19921875,796.116455078125,41.537353515625,111.366455078125,0.5080376863479614,-1,-1,-1
279,236,3225.958740234375,567.1599731445312,20.718017578125,49.1112060546875,0.42557570338249207,-1,-1,-1
279,220,3558.21728515625,568.252685546875,18.109375,45.404296875,0.4023330509662628,-1,-1,-1
280,1,3057.61572265625,597.1122436523438,19.420166015625,60.1533203125,0.6834014654159546,-1,-1,-1
280,3,3735.68408203125,795.6995849609375,42.25244140625,111.95745849609375,0.5686681270599365,-1,-1,-1
280,236,3225.05419921875,566.7978515625,20.709716796875,49.2716064453125,0.3658219575881958,-1,-1,-1
280,220,3558.07177734375,569.130859375,16.296630859375,44.24658203125,0.3301353454589844,-1,-1,-1
281,1,3055.559814453125,595.7222290039062,20.864990234375,60.02557373046875,0.6415694355964661,-1,-1,-1
281,3,3734.6845703125,795.3789672851562,43.3388671875,112.26629638671875,0.5966674089431763,-1,-1,-1
281,236,3223.694580078125,567.6380004882812,20.457763671875,48.28680419921875,0.31399068236351013,-1,-1,-1
281,216,3969.061767578125,519.5672607421875,18.2275390625,30.5006103515625,0.2937585115432739,-1,-1,-1
282,1,3052.87451171875,593.6762084960938,22.805908203125,59.56304931640625,0.5393745303153992,-1,-1,-1
282,3,3734.216552734375,795.4249267578125,43.755126953125,112.35906982421875,0.6142618656158447,-1,-1,-1
282,236,3222.602294921875,567.914306640625,20.531005859375,47.333251953125,0.28656205534935,-1,-1,-1
282,216,3966.66650390625,518.4560546875,18.00927734375,30.266357421875,0.36757317185401917,-1,-1,-1
282,220,3553.801025390625,569.0833129882812,17.7431640625,44.47418212890625,0.27341029047966003,-1,-1,-1
283,1,3051.78955078125,593.28369140625,23.379150390625,55.2862548828125,0.5325949788093567,-1,-1,-1
283,3,3733.869873046875,795.4434814453125,43.981201171875,112.56036376953125,0.6372066140174866,-1,-1,-1
283,236,3221.97705078125,567.8834228515625,20.642822265625,47.34197998046875,0.30217617750167847,-1,-1,-1
283,216,3965.73681640625,518.2235717773438,17.5068359375,30.06396484375,0.39126408100128174,-1,-1,-1
284,1,3052.312255859375,591.5836791992188,20.934326171875,56.8599853515625,0.48493123054504395,-1,-1,-1
284,3,3732.69580078125,795.31640625,45.10693359375,112.9686279296875,0.6183431148529053,-1,-1,-1
284,236,3221.082763671875,568.8010864257812,20.597412109375,46.1990966796875,0.25858789682388306,-1,-1,-1
284,216,3965.44091796875,519.061767578125,17.897216796875,29.18963623046875,0.3849990963935852,-1,-1,-1
284,220,3549.946044921875,568.5740356445312,17.3046875,41.74554443359375,0.30812904238700867,-1,-1,-1
285,1,3051.560546875,591.4310913085938,20.488525390625,56.953125,0.48302432894706726,-1,-1,-1
285,3,3731.667724609375,795.2089233398438,46.135986328125,113.11187744140625,0.5906636714935303,-1,-1,-1
285,216,3965.19580078125,519.9435424804688,18.607666015625,28.27252197265625,0.3551543653011322,-1,-1,-1
285,220,3546.8017578125,567.6151123046875,19.48876953125,45.10333251953125,0.30292245745658875,-1,-1,-1
286,1,3051.58056640625,591.1834106445312,19.66650390625,57.96026611328125,0.5063116550445557,-1,-1,-1
286,3,3729.859130859375,795.1690063476562,47.732177734375,113.0042724609375,0.54253089427948,-1,-1,-1
286,216,3964.991943359375,519.274169921875,17.364013671875,29.1817626953125,0.4494439661502838,-1,-1,-1
286,220,3545.231201171875,567.3134765625,20.05322265625,42.88848876953125,0.27271392941474915,-1,-1,-1
287,1,3050.7470703125,590.8612670898438,19.954833984375,56.7591552734375,0.4683282673358917,-1,-1,-1
287,3,3728.623046875,794.8987426757812,48.895263671875,113.199951171875,0.5394302606582642,-1,-1,-1
287,216,3964.70654296875,519.5787963867188,15.680419921875,28.0985107421875,0.5085407495498657,-1,-1,-1
287,220,3543.5888671875,566.6914672851562,21.012939453125,44.34771728515625,0.2692509889602661,-1,-1,-1
288,1,3049.51171875,588.6212768554688,20.174560546875,58.3182373046875,0.4587674140930176,-1,-1,-1
288,3,3727.293701171875,795.8062744140625,48.27783203125,112.75982666015625,0.5101574659347534,-1,-1,-1
288,216,3964.46337890625,519.6730346679688,15.040771484375,27.71673583984375,0.47228333353996277,-1,-1,-1
288,220,3542.299560546875,567.2376708984375,21.745849609375,44.99908447265625,0.33788934350013733,-1,-1,-1
289,1,3048.6220703125,587.8707275390625,20.173583984375,59.02166748046875,0.41450071334838867,-1,-1,-1
289,3,3726.214111328125,796.0576171875,48.41162109375,112.5343017578125,0.49589988589286804,-1,-1,-1
289,216,3964.311279296875,520.3963623046875,14.6298828125,26.4530029296875,0.4783630073070526,-1,-1,-1
289,220,3542.4296875,568.4122314453125,21.353271484375,44.2340087890625,0.30636611580848694,-1,-1,-1
290,1,3047.2607421875,587.12109375,21.1025390625,58.7725830078125,0.43959248065948486,-1,-1,-1
290,3,3725.8779296875,796.1424560546875,48.42578125,112.46148681640625,0.49600622057914734,-1,-1,-1
290,216,3964.138671875,520.7640991210938,13.25146484375,25.9989013671875,0.3975870609283447,-1,-1,-1
290,220,3542.1533203125,569.3223876953125,21.2578125,42.39825439453125,0.27634987235069275,-1,-1,-1
291,1,3046.2841796875,586.3722534179688,21.32275390625,58.3148193359375,0.3826383054256439,-1,-1,-1
291,3,3726.02001953125,796.1026611328125,48.078125,112.46856689453125,0.49101752042770386,-1,-1,-1
291,216,3964.033203125,520.4505004882812,12.107666015625,26.498291015625,0.44003790616989136,-1,-1,-1
292,1,3045.021484375,587.55615234375,22.440185546875,55.99517822265625,0.4631268382072449,-1,-1,-1
292,3,3726.017333984375,796.1159057617188,48.129638671875,112.40667724609375,0.4689546227455139,-1,-1,-1
292,216,3963.316162109375,520.1609497070312,13.25927734375,26.544921875,0.41193798184394836,-1,-1,-1
293,1,3044.164306640625,588.2594604492188,21.872802734375,53.5216064453125,0.5320855975151062,-1,-1,-1
293,3,3726.1953125,796.1029663085938,48.155517578125,112.59930419921875,0.4759969711303711,-1,-1,-1
293,216,3961.947998046875,521.3673095703125,15.356201171875,25.12286376953125,0.4219816029071808,-1,-1,-1
294,1,3043.473388671875,588.638427734375,20.559814453125,51.08551025390625,0.47179120779037476,-1,-1,-1
294,3,3726.400146484375,796.1484375,48.087158203125,112.4412841796875,0.4257410168647766,-1,-1,-1
294,216,3961.2099609375,521.0445556640625,15.553466796875,25.2333984375,0.434343546628952,-1,-1,-1
295,1,3042.132080078125,588.6940307617188,20.429931640625,50.414794921875,0.458278626203537,-1,-1,-1
295,3,3726.35205078125,796.1741333007812,48.2265625,112.351318359375,0.4120575785636902,-1,-1,-1
295,216,3960.31591796875,519.619140625,15.322265625,26.7401123046875,0.4294949173927307,-1,-1,-1
296,1,3039.930908203125,588.7573852539062,21.47119140625,49.47637939453125,0.3885902762413025,-1,-1,-1
296,3,3726.412353515625,796.3345947265625,48.087890625,112.2845458984375,0.39616692066192627,-1,-1,-1
296,216,3958.62158203125,520.2828369140625,16.059814453125,25.8663330078125,0.3559127151966095,-1,-1,-1
297,1,3038.08349609375,587.7776489257812,23.114501953125,51.1802978515625,0.5281785130500793,-1,-1,-1
297,3,3726.560302734375,796.392578125,47.844482421875,112.32012939453125,0.3861526846885681,-1,-1,-1
297,216,3957.839599609375,520.5535888671875,15.890625,25.78704833984375,0.40131208300590515,-1,-1,-1
298,1,3036.4931640625,585.2711791992188,23.72412109375,52.8509521484375,0.4524824321269989,-1,-1,-1
298,3,3726.661376953125,796.4327392578125,47.78466796875,112.2852783203125,0.3855757415294647,-1,-1,-1
298,216,3956.8798828125,521.1235961914062,15.87548828125,25.15863037109375,0.3728591799736023,-1,-1,-1
298,236,3207.19775390625,567.4326171875,20.921142578125,47.85687255859375,0.28369349241256714,-1,-1,-1
299,1,3036.136962890625,583.95654296875,23.32958984375,52.42041015625,0.4721032381057739,-1,-1,-1
299,3,3726.10693359375,795.7223510742188,50.09765625,112.610595703125,0.4000271260738373,-1,-1,-1
299,216,3955.7255859375,521.4680786132812,16.111328125,24.6746826171875,0.3782968819141388,-1,-1,-1
299,236,3206.32958984375,567.7572631835938,20.66943359375,47.021484375,0.33528730273246765,-1,-1,-1
300,1,3036.036376953125,582.67822265625,22.4990234375,51.88934326171875,0.5489409565925598,-1,-1,-1
300,3,3725.84814453125,795.4845581054688,50.84716796875,112.60491943359375,0.36877813935279846,-1,-1,-1
300,216,3954.23828125,521.5275268554688,17.032470703125,24.68499755859375,0.3981004059314728,-1,-1,-1
300,236,3205.41943359375,568.0324096679688,20.3466796875,47.0733642578125,0.4250704050064087,-1,-1,-1
301,1,3036.167724609375,582.0617065429688,20.25048828125,49.66009521484375,0.5402884483337402,-1,-1,-1
301,3,3725.9443359375,795.4227905273438,50.9111328125,112.58172607421875,0.37386205792427063,-1,-1,-1
301,216,3953.303466796875,521.6793212890625,17.523193359375,24.7733154296875,0.3905213475227356,-1,-1,-1
301,236,3205.2841796875,568.0947875976562,19.507080078125,45.9708251953125,0.45233154296875,-1,-1,-1
302,1,3035.224853515625,581.6521606445312,19.4453125,49.021728515625,0.51655513048172,-1,-1,-1
302,3,3725.8818359375,795.3671264648438,51.023681640625,112.6126708984375,0.37950804829597473,-1,-1,-1
302,216,3952.808837890625,521.637939453125,17.7236328125,24.9306640625,0.3670932352542877,-1,-1,-1
302,236,3205.29638671875,568.3936157226562,17.971435546875,44.7469482421875,0.3619363009929657,-1,-1,-1
303,1,3034.412109375,581.496826171875,18.5380859375,48.27374267578125,0.5448729395866394,-1,-1,-1
303,3,3726.25927734375,795.9378051757812,49.078857421875,112.37200927734375,0.3999199867248535,-1,-1,-1
303,216,3952.408935546875,521.6727905273438,17.77734375,25.23016357421875,0.372772753238678,-1,-1,-1
303,236,3204.04638671875,568.9497680664062,18.494873046875,43.708740234375,0.4130326807498932,-1,-1,-1
304,1,3033.820556640625,581.7823486328125,17.905517578125,47.4737548828125,0.4864949882030487,-1,-1,-1
304,3,3726.428466796875,795.4429931640625,50.0361328125,112.48748779296875,0.4054662883281708,-1,-1,-1
304,216,3952.010009765625,521.7847290039062,17.5986328125,25.07489013671875,0.31695717573165894,-1,-1,-1
304,236,3203.212890625,568.6195068359375,19.086669921875,42.68341064453125,0.3887113928794861,-1,-1,-1
305,1,3033.422607421875,582.6244506835938,17.317138671875,45.80877685546875,0.37367480993270874,-1,-1,-1
305,3,3727.062255859375,795.1696166992188,49.786865234375,112.60467529296875,0.4190948009490967,-1,-1,-1
305,216,3951.839599609375,521.4446411132812,17.45703125,25.50823974609375,0.28007620573043823,-1,-1,-1
305,236,3202.241455078125,567.9796752929688,19.649658203125,42.959228515625,0.42123836278915405,-1,-1,-1
306,1,3032.977783203125,582.11376953125,17.099609375,45.66802978515625,0.43124252557754517,-1,-1,-1
306,3,3727.91162109375,795.125244140625,49.056640625,112.498779296875,0.4152745008468628,-1,-1,-1
306,216,3951.732666015625,520.4896240234375,17.409912109375,26.1593017578125,0.26314201951026917,-1,-1,-1
306,236,3200.47412109375,567.1983032226562,20.64404296875,44.36474609375,0.3278631865978241,-1,-1,-1
307,1,3032.28173828125,581.3662719726562,17.356689453125,47.0113525390625,0.41980496048927307,-1,-1,-1
307,3,3728.6298828125,795.12744140625,48.37451171875,112.38751220703125,0.41501182317733765,-1,-1,-1
307,236,3199.656494140625,566.4476928710938,18.872802734375,44.90252685546875,0.2852756977081299,-1,-1,-1
308,1,3031.0576171875,578.5588989257812,18.236083984375,49.99530029296875,0.4056318700313568,-1,-1,-1
308,3,3729.119384765625,795.094482421875,47.783203125,112.144775390625,0.43141716718673706,-1,-1,-1
308,236,3198.940185546875,565.4761962890625,18.59228515625,46.990478515625,0.2742999196052551,-1,-1,-1
309,1,3030.220458984375,576.744873046875,18.768310546875,51.38458251953125,0.46928855776786804,-1,-1,-1
309,3,3729.666015625,795.1345825195312,47.176513671875,112.0406494140625,0.4413629472255707,-1,-1,-1
309,236,3198.3525390625,564.627197265625,18.6123046875,46.18505859375,0.3169984817504883,-1,-1,-1
310,1,3027.912841796875,574.9362182617188,20.655517578125,51.57012939453125,0.3998182713985443,-1,-1,-1
310,3,3730.16552734375,795.3001098632812,46.714599609375,111.91552734375,0.44054269790649414,-1,-1,-1
310,236,3197.575439453125,564.0979614257812,19.56005859375,47.5474853515625,0.3213496506214142,-1,-1,-1
311,1,3026.77734375,573.7940063476562,21.49853515625,50.75299072265625,0.36525434255599976,-1,-1,-1
311,3,3730.53564453125,795.4104614257812,46.314453125,111.912353515625,0.45867660641670227,-1,-1,-1
311,236,3196.78076171875,563.8934326171875,20.648681640625,48.301025390625,0.29392531514167786,-1,-1,-1
312,1,3025.20361328125,573.7178344726562,22.8212890625,51.8720703125,0.35202252864837646,-1,-1,-1
312,3,3730.8876953125,795.320556640625,45.91162109375,112.2083740234375,0.4898776412010193,-1,-1,-1
312,236,3195.7783203125,563.9030151367188,21.2001953125,50.4432373046875,0.26630985736846924,-1,-1,-1
313,1,3024.13037109375,573.801513671875,23.643798828125,51.5960693359375,0.26162686944007874,-1,-1,-1
313,3,3731.318359375,795.320068359375,45.513671875,112.39361572265625,0.4927361309528351,-1,-1,-1
313,236,3195.472900390625,563.9867553710938,20.987548828125,49.4139404296875,0.25581595301628113,-1,-1,-1
314,3,3731.8349609375,795.3216552734375,45.026123046875,112.370361328125,0.513383150100708,-1,-1,-1
314,236,3194.959228515625,564.0313720703125,21.1533203125,48.21429443359375,0.2804293930530548,-1,-1,-1
315,3,3732.08984375,795.208984375,44.882080078125,112.4334716796875,0.5102126598358154,-1,-1,-1
315,236,3194.350341796875,564.2647094726562,21.170166015625,47.5460205078125,0.3017297089099884,-1,-1,-1
316,3,3732.312255859375,795.2565307617188,44.743896484375,112.300537109375,0.5181272625923157,-1,-1,-1
316,236,3193.726318359375,564.8843994140625,21.176025390625,46.21148681640625,0.2619161307811737,-1,-1,-1
317,3,3732.438720703125,795.3416748046875,44.574462890625,112.06024169921875,0.5130972862243652,-1,-1,-1
317,236,3193.223876953125,564.2575073242188,21.788330078125,47.69378662109375,0.30329805612564087,-1,-1,-1
318,3,3732.528076171875,795.3870849609375,44.419189453125,111.9298095703125,0.5026615262031555,-1,-1,-1
318,236,3192.722412109375,564.1937866210938,21.473876953125,48.724365234375,0.3014979958534241,-1,-1,-1
318,1,3019.10205078125,570.3680419921875,22.436767578125,50.896728515625,0.2506944537162781,-1,-1,-1
319,3,3732.67529296875,795.4373779296875,44.194091796875,111.775390625,0.4878052771091461,-1,-1,-1
319,248,3938.52392578125,515.4884643554688,17.13916015625,31.17535400390625,0.3690028190612793,-1,-1,-1
319,1,3018.7216796875,569.658447265625,21.1806640625,49.35235595703125,0.34680211544036865,-1,-1,-1
320,3,3732.80419921875,795.4205322265625,44.0341796875,111.755126953125,0.5116751194000244,-1,-1,-1
320,248,3938.421142578125,515.5070190429688,16.901123046875,31.1749267578125,0.36000099778175354,-1,-1,-1
320,1,3018.477783203125,569.3988037109375,20.16259765625,45.6722412109375,0.37122413516044617,-1,-1,-1
321,3,3732.7646484375,795.296875,44.083984375,111.91485595703125,0.5081398487091064,-1,-1,-1
321,248,3938.098388671875,515.0267333984375,16.176513671875,32.09930419921875,0.37652304768562317,-1,-1,-1
321,1,3018.331787109375,569.605224609375,18.979736328125,44.15728759765625,0.444085955619812,-1,-1,-1
322,3,3732.764404296875,795.2122192382812,44.07666015625,112.01702880859375,0.5030696988105774,-1,-1,-1
322,248,3937.84619140625,514.3502807617188,15.600830078125,32.77008056640625,0.34237566590309143,-1,-1,-1
322,1,3018.047119140625,569.966064453125,18.082275390625,43.87835693359375,0.5051044821739197,-1,-1,-1
323,3,3732.74658203125,795.2332763671875,44.10791015625,111.99554443359375,0.5090693831443787,-1,-1,-1
323,248,3937.87158203125,513.5432739257812,14.922607421875,34.04638671875,0.34825506806373596,-1,-1,-1
323,1,3017.501708984375,570.2060546875,16.808349609375,43.356201171875,0.5048000812530518,-1,-1,-1
324,3,3732.630615234375,795.2008666992188,44.388427734375,112.04595947265625,0.5030683875083923,-1,-1,-1
324,248,3937.4052734375,513.877685546875,14.462158203125,33.58148193359375,0.37172210216522217,-1,-1,-1
324,1,3017.33203125,569.9671020507812,15.639404296875,43.02105712890625,0.49047955870628357,-1,-1,-1
325,3,3732.561279296875,795.2025756835938,44.45361328125,112.09564208984375,0.4989680051803589,-1,-1,-1
325,248,3937.23486328125,514.718017578125,14.2724609375,32.38226318359375,0.3958871364593506,-1,-1,-1
325,1,3015.886962890625,570.2816162109375,16.0966796875,42.31256103515625,0.5332342982292175,-1,-1,-1
326,3,3732.723876953125,794.9520263671875,44.463623046875,112.19219970703125,0.44324421882629395,-1,-1,-1
326,248,3937.235595703125,515.9456176757812,13.450927734375,30.93914794921875,0.4246600866317749,-1,-1,-1
326,1,3016.18994140625,569.8238525390625,15.6142578125,41.933349609375,0.4560700058937073,-1,-1,-1
327,3,3732.792724609375,794.8590698242188,44.453369140625,112.22332763671875,0.44239723682403564,-1,-1,-1
327,248,3936.927490234375,516.21533203125,13.322998046875,30.67010498046875,0.4233272969722748,-1,-1,-1
327,1,3015.3623046875,569.168212890625,16.081787109375,43.4412841796875,0.4493577182292938,-1,-1,-1
328,3,3732.74462890625,794.9957885742188,44.548828125,111.94866943359375,0.4347585439682007,-1,-1,-1
328,248,3935.471923828125,516.0745239257812,14.245361328125,30.87335205078125,0.40668603777885437,-1,-1,-1
328,1,3013.75732421875,568.612060546875,18.115234375,44.20281982421875,0.42610013484954834,-1,-1,-1
329,3,3732.624267578125,794.9617919921875,44.81103515625,111.9119873046875,0.442412406206131,-1,-1,-1
329,248,3934.48486328125,516.5167846679688,15.273681640625,30.49383544921875,0.4386915862560272,-1,-1,-1
329,1,3012.6435546875,567.4815063476562,19.01318359375,46.4713134765625,0.49558424949645996,-1,-1,-1
330,3,3732.542724609375,794.9781494140625,44.93310546875,111.87725830078125,0.4429212212562561,-1,-1,-1
330,248,3933.793212890625,517.8460083007812,16.04833984375,28.91741943359375,0.37328895926475525,-1,-1,-1
330,1,3012.216552734375,567.3156127929688,18.808837890625,45.3380126953125,0.4778631329536438,-1,-1,-1
331,3,3732.468017578125,794.9227294921875,45.05615234375,111.9393310546875,0.449182391166687,-1,-1,-1
331,248,3932.708251953125,518.2363891601562,16.51416015625,28.777099609375,0.3874152898788452,-1,-1,-1
331,1,3011.3779296875,567.4598999023438,19.185546875,43.699951171875,0.5282142758369446,-1,-1,-1
332,3,3732.37939453125,794.95068359375,45.1806640625,111.86474609375,0.4526498317718506,-1,-1,-1
332,248,3931.913818359375,517.1793823242188,16.005615234375,29.8419189453125,0.3893543481826782,-1,-1,-1
332,1,3010.780029296875,567.230224609375,18.8271484375,43.196533203125,0.46525895595550537,-1,-1,-1
333,3,3732.35498046875,795.0338745117188,45.15673828125,111.74853515625,0.4569081962108612,-1,-1,-1
333,248,3931.33984375,516.8675537109375,15.43701171875,29.91680908203125,0.3804865777492523,-1,-1,-1
333,1,3009.973876953125,567.0191650390625,18.18408203125,43.2979736328125,0.47171106934547424,-1,-1,-1
334,3,3732.302978515625,795.0655517578125,45.243896484375,111.717529296875,0.44873884320259094,-1,-1,-1
334,248,3930.523681640625,517.2296752929688,15.760986328125,29.5703125,0.3056035041809082,-1,-1,-1
334,1,3009.452392578125,566.8419799804688,17.12890625,43.475830078125,0.47303467988967896,-1,-1,-1
335,3,3732.2587890625,794.9990844726562,45.316650390625,111.74554443359375,0.4511082172393799,-1,-1,-1
335,248,3929.6064453125,518.0116577148438,16.15576171875,28.88519287109375,0.30123868584632874,-1,-1,-1
335,1,3008.767333984375,565.8637084960938,16.680908203125,44.05621337890625,0.45705029368400574,-1,-1,-1
336,3,3732.11767578125,795.1021728515625,45.38232421875,111.6038818359375,0.4610934257507324,-1,-1,-1
336,248,3928.78271484375,518.126708984375,16.0029296875,28.65472412109375,0.28869175910949707,-1,-1,-1
336,1,3008.5244140625,564.397216796875,16.462158203125,46.1583251953125,0.5124334692955017,-1,-1,-1
337,3,3732.1142578125,795.0609130859375,45.41796875,111.66656494140625,0.47880369424819946,-1,-1,-1
337,1,3007.569091796875,563.1773071289062,16.712646484375,47.4095458984375,0.48312780261039734,-1,-1,-1
338,3,3732.127685546875,795.0210571289062,45.421630859375,111.7093505859375,0.4824396073818207,-1,-1,-1
338,1,3006.825439453125,562.1507568359375,16.911376953125,47.45513916015625,0.461926132440567,-1,-1,-1
339,3,3732.218994140625,794.9389038085938,45.2578125,111.856689453125,0.46509361267089844,-1,-1,-1
339,1,3006.5732421875,561.4241943359375,16.971435546875,47.19354248046875,0.4666052758693695,-1,-1,-1
340,3,3732.27587890625,794.8662109375,45.244140625,111.98834228515625,0.4559140205383301,-1,-1,-1
340,1,3006.645263671875,561.8834228515625,16.783447265625,46.07940673828125,0.44896402955055237,-1,-1,-1
341,3,3732.306640625,794.8777465820312,45.228271484375,112.02557373046875,0.458721399307251,-1,-1,-1
341,1,3006.411865234375,562.6776123046875,16.612060546875,44.8116455078125,0.46291762590408325,-1,-1,-1
342,3,3732.148681640625,794.8582763671875,45.37939453125,112.12744140625,0.44936537742614746,-1,-1,-1
342,1,3005.9453125,563.3836059570312,16.786376953125,44.21844482421875,0.47538697719573975,-1,-1,-1
343,3,3731.980712890625,794.8870849609375,45.525390625,111.99072265625,0.4381442964076996,-1,-1,-1
343,1,3005.5361328125,563.4295654296875,16.87353515625,44.46795654296875,0.4780103862285614,-1,-1,-1
343,248,3925.189697265625,517.6703491210938,17.343505859375,28.6715087890625,0.280505508184433,-1,-1,-1
344,3,3732.1669921875,794.9717407226562,45.376953125,111.9393310546875,0.4141172766685486,-1,-1,-1
344,1,3005.277099609375,562.7462768554688,16.812255859375,44.88134765625,0.41024163365364075,-1,-1,-1
344,278,3484.3115234375,557.8143920898438,16.142822265625,45.6895751953125,0.36403605341911316,-1,-1,-1
345,3,3732.6123046875,795.0000610351562,44.854248046875,111.9918212890625,0.4204595983028412,-1,-1,-1
345,1,3004.911865234375,561.9647827148438,17.099853515625,45.47747802734375,0.3885015547275543,-1,-1,-1
345,278,3483.9560546875,557.1575927734375,15.965576171875,46.30902099609375,0.4042506217956543,-1,-1,-1
346,3,3733.097412109375,795.0444946289062,44.186279296875,112.06878662109375,0.4194824993610382,-1,-1,-1
346,1,3004.24267578125,561.3384399414062,17.76318359375,44.10552978515625,0.3639245629310608,-1,-1,-1
346,278,3483.180908203125,558.82958984375,16.01513671875,44.139404296875,0.3307696580886841,-1,-1,-1
347,3,3733.20361328125,794.9609985351562,44.0458984375,112.18145751953125,0.433666855096817,-1,-1,-1
347,1,3003.703369140625,561.4588623046875,18.273193359375,42.9913330078125,0.3557808995246887,-1,-1,-1
347,278,3482.623779296875,559.5194091796875,15.9501953125,43.11126708984375,0.3933722674846649,-1,-1,-1
348,3,3733.25537109375,794.947998046875,43.959228515625,112.229736328125,0.4215230941772461,-1,-1,-1
348,1,3001.89794921875,560.7605590820312,20.216552734375,43.85009765625,0.33295726776123047,-1,-1,-1
348,278,3482.1982421875,559.07861328125,16.326171875,41.901123046875,0.38643789291381836,-1,-1,-1
349,3,3733.25537109375,794.9990844726562,43.890625,112.22039794921875,0.4107133448123932,-1,-1,-1
349,1,3001.1826171875,560.0830078125,20.78955078125,44.57183837890625,0.3456210196018219,-1,-1,-1
349,278,3479.735595703125,556.6759033203125,19.058837890625,42.3863525390625,0.3587993085384369,-1,-1,-1
350,3,3733.447509765625,794.8999633789062,43.796630859375,112.3419189453125,0.42558643221855164,-1,-1,-1
350,1,3000.53564453125,559.5894775390625,20.969482421875,45.10760498046875,0.38645339012145996,-1,-1,-1
350,278,3478.897705078125,556.6970825195312,19.814453125,41.30145263671875,0.345071941614151,-1,-1,-1
351,3,3733.438720703125,794.9720458984375,43.79541015625,112.28277587890625,0.42696601152420044,-1,-1,-1
351,1,2999.743896484375,559.1378173828125,20.861328125,45.46405029296875,0.43477627635002136,-1,-1,-1
351,278,3478.401123046875,556.8870239257812,19.1728515625,42.0289306640625,0.41140052676200867,-1,-1,-1
352,3,3733.4970703125,795.0262451171875,43.7109375,112.20477294921875,0.42693570256233215,-1,-1,-1
352,1,2999.354248046875,559.2738647460938,20.674072265625,44.7530517578125,0.3912999629974365,-1,-1,-1
352,278,3477.950439453125,555.8588256835938,17.503662109375,43.34991455078125,0.46608370542526245,-1,-1,-1
353,3,3733.54833984375,795.0795288085938,43.489013671875,112.20684814453125,0.39951270818710327,-1,-1,-1
353,1,2998.688720703125,558.7005615234375,20.425048828125,45.57940673828125,0.37636598944664,-1,-1,-1
353,278,3477.67529296875,555.2763061523438,16.577880859375,44.212646484375,0.4699458181858063,-1,-1,-1
354,3,3733.54443359375,794.9486694335938,43.4013671875,112.32757568359375,0.40653589367866516,-1,-1,-1
354,1,2998.5810546875,558.1090087890625,19.269775390625,45.02178955078125,0.3475337624549866,-1,-1,-1
354,278,3477.406982421875,554.9013671875,15.9658203125,42.7322998046875,0.44060665369033813,-1,-1,-1
355,3,3734.36572265625,795.6373291015625,40.94091796875,112.67071533203125,0.3997780382633209,-1,-1,-1
355,1,2998.619873046875,557.3829345703125,19.59814453125,45.40777587890625,0.3549782335758209,-1,-1,-1
355,278,3477.226318359375,555.3161010742188,15.54150390625,40.51043701171875,0.3899663984775543,-1,-1,-1
356,3,3733.871337890625,795.2238159179688,42.429931640625,112.48736572265625,0.39963921904563904,-1,-1,-1
356,1,2998.3837890625,556.3236083984375,19.71923828125,46.28167724609375,0.39089760184288025,-1,-1,-1
356,278,3477.2841796875,555.0436401367188,15.0537109375,39.018310546875,0.43625038862228394,-1,-1,-1
357,3,3733.517822265625,795.1472778320312,43.23828125,112.3221435546875,0.4041326940059662,-1,-1,-1
357,1,2998.00732421875,555.5746459960938,20.150390625,47.4830322265625,0.37970682978630066,-1,-1,-1
357,278,3477.277587890625,555.8197021484375,14.840087890625,37.9527587890625,0.4348139762878418,-1,-1,-1
358,3,3733.271240234375,795.244873046875,43.643798828125,112.1075439453125,0.39780348539352417,-1,-1,-1
358,1,2997.771484375,555.28076171875,20.54443359375,48.09552001953125,0.4170033633708954,-1,-1,-1
358,278,3476.7939453125,555.4750366210938,15.4296875,37.8563232421875,0.41194793581962585,-1,-1,-1
359,3,3733.05859375,795.0962524414062,43.9521484375,112.21160888671875,0.40707841515541077,-1,-1,-1
359,1,2997.694580078125,555.073974609375,20.351318359375,48.1888427734375,0.4254859983921051,-1,-1,-1
359,278,3476.138916015625,555.3693237304688,15.796142578125,37.51348876953125,0.4083656966686249,-1,-1,-1
360,3,3733.00244140625,795.0853881835938,44.027099609375,112.21392822265625,0.41353723406791687,-1,-1,-1
360,1,2997.70751953125,554.9080200195312,19.78759765625,47.62884521484375,0.4287138879299164,-1,-1,-1
360,278,3475.5869140625,555.2059936523438,16.1982421875,37.604248046875,0.43082016706466675,-1,-1,-1
361,3,3732.87548828125,794.9845581054688,44.13232421875,112.327880859375,0.41285306215286255,-1,-1,-1
361,1,2997.285400390625,554.447265625,19.481689453125,47.52130126953125,0.4262343645095825,-1,-1,-1
361,278,3474.203857421875,554.9700317382812,17.20654296875,38.13916015625,0.39702391624450684,-1,-1,-1
362,3,3732.776611328125,794.983154296875,44.22998046875,112.36724853515625,0.41751301288604736,-1,-1,-1
362,1,2996.624755859375,554.5049438476562,19.559814453125,47.51666259765625,0.3961416184902191,-1,-1,-1
362,278,3473.236083984375,555.4205932617188,17.827880859375,37.7965087890625,0.391079306602478,-1,-1,-1
363,3,3732.836669921875,795.01416015625,44.186767578125,112.31201171875,0.4135501980781555,-1,-1,-1
363,1,2996.290771484375,554.4602661132812,19.592529296875,47.02044677734375,0.4359489977359772,-1,-1,-1
363,278,3473.107177734375,555.1168823242188,17.9287109375,38.4149169921875,0.4298381209373474,-1,-1,-1
364,3,3732.897705078125,795.1189575195312,44.08349609375,112.18572998046875,0.387367308139801,-1,-1,-1
364,1,2995.828369140625,553.8600463867188,19.48486328125,47.38214111328125,0.43271562457084656,-1,-1,-1
364,278,3473.8408203125,553.986572265625,16.9638671875,40.60150146484375,0.5069124698638916,-1,-1,-1
364,248,3915.712646484375,514.1619873046875,16.162353515625,35.1666259765625,0.2653844952583313,-1,-1,-1
365,3,3732.610595703125,795.2431030273438,44.388427734375,112.07928466796875,0.38083744049072266,-1,-1,-1
365,1,2995.03125,553.5091552734375,20.056396484375,47.07464599609375,0.45061764121055603,-1,-1,-1
365,278,3473.767578125,552.6564331054688,16.82958984375,42.16461181640625,0.5304861664772034,-1,-1,-1
365,293,3176.385009765625,554.91064453125,17.81396484375,42.2216796875,0.331131249666214,-1,-1,-1
365,248,3915.460205078125,514.097900390625,16.355712890625,35.2008056640625,0.26792532205581665,-1,-1,-1
366,3,3732.310546875,795.1362915039062,44.783203125,112.1529541015625,0.36890891194343567,-1,-1,-1
366,1,2994.409423828125,553.2340698242188,20.673095703125,47.56005859375,0.42026227712631226,-1,-1,-1
366,278,3473.64794921875,551.8008422851562,16.36181640625,44.19232177734375,0.511551558971405,-1,-1,-1
366,293,3176.277099609375,554.542724609375,17.970703125,41.6307373046875,0.348758727312088,-1,-1,-1
366,248,3914.940673828125,514.5039672851562,16.8759765625,34.79705810546875,0.2515891492366791,-1,-1,-1
367,3,3732.1083984375,795.089599609375,45.04443359375,112.1539306640625,0.3678973317146301,-1,-1,-1
367,1,2993.978271484375,553.1103515625,20.603759765625,46.899658203125,0.38659903407096863,-1,-1,-1
367,278,3472.656005859375,551.8467407226562,16.63623046875,43.733154296875,0.47573113441467285,-1,-1,-1
367,293,3176.01708984375,554.2962646484375,18.178955078125,41.7364501953125,0.3539699614048004,-1,-1,-1
368,3,3732.1201171875,795.1236572265625,45.06787109375,112.0634765625,0.36607977747917175,-1,-1,-1
368,1,2993.414794921875,553.1170654296875,20.556640625,46.93170166015625,0.36836421489715576,-1,-1,-1
368,278,3472.20068359375,551.4600219726562,16.6796875,43.05316162109375,0.49216604232788086,-1,-1,-1
368,293,3175.843505859375,554.2276000976562,18.315185546875,41.707763671875,0.3441537916660309,-1,-1,-1
369,3,3732.100341796875,795.2037353515625,45.084716796875,111.94000244140625,0.37314119935035706,-1,-1,-1
369,1,2992.682373046875,552.99658203125,20.7333984375,47.00457763671875,0.38033023476600647,-1,-1,-1
369,278,3471.728271484375,550.40576171875,16.858154296875,43.43719482421875,0.5195216536521912,-1,-1,-1
369,293,3175.4453125,554.2525634765625,18.66357421875,41.82672119140625,0.34233465790748596,-1,-1,-1
369,248,3913.698974609375,515.8857421875,18.1611328125,32.7489013671875,0.26230013370513916,-1,-1,-1
370,3,3732.118896484375,795.2295532226562,45.01171875,111.914306640625,0.36948704719543457,-1,-1,-1
370,1,2992.070068359375,552.99755859375,20.57177734375,45.68341064453125,0.3827002942562103,-1,-1,-1
370,278,3471.18115234375,549.3442993164062,16.900634765625,43.91583251953125,0.4874650239944458,-1,-1,-1
370,293,3174.8408203125,554.6697998046875,19.08984375,41.63397216796875,0.3323517441749573,-1,-1,-1
370,248,3913.3876953125,516.0712280273438,18.369384765625,32.1280517578125,0.2723855972290039,-1,-1,-1
371,3,3732.126953125,795.1919555664062,44.933837890625,111.91265869140625,0.3647846281528473,-1,-1,-1
371,1,2991.648681640625,553.1885986328125,20.3818359375,44.06365966796875,0.3656526207923889,-1,-1,-1
371,278,3470.58642578125,548.9688720703125,16.232177734375,44.07568359375,0.4340032637119293,-1,-1,-1
371,293,3174.560302734375,554.8810424804688,19.33642578125,41.27734375,0.3351532816886902,-1,-1,-1
371,248,3913.3369140625,516.033935546875,18.394775390625,32.12567138671875,0.2854706645011902,-1,-1,-1
372,3,3732.0185546875,795.3634033203125,45.039306640625,111.71527099609375,0.35650715231895447,-1,-1,-1
372,1,2991.264404296875,553.6285400390625,20.218017578125,43.20050048828125,0.34438464045524597,-1,-1,-1
372,278,3470.1171875,548.900390625,15.458984375,43.839599609375,0.4156682789325714,-1,-1,-1
372,293,3174.506103515625,555.0628662109375,19.26904296875,40.1287841796875,0.3028427064418793,-1,-1,-1
372,248,3913.223876953125,515.8453979492188,18.4150390625,32.25927734375,0.2805297374725342,-1,-1,-1
373,3,3732.005615234375,795.5504150390625,45.0927734375,111.51019287109375,0.36518245935440063,-1,-1,-1
373,1,2990.80078125,553.683349609375,20.3779296875,43.9556884765625,0.3114539682865143,-1,-1,-1
373,278,3469.107666015625,549.4219360351562,15.88818359375,43.56329345703125,0.41040119528770447,-1,-1,-1
373,293,3174.671630859375,555.5517578125,18.952880859375,39.18707275390625,0.26566991209983826,-1,-1,-1
373,248,3913.43212890625,515.755126953125,18.21044921875,32.5030517578125,0.25475794076919556,-1,-1,-1
374,3,3731.964111328125,795.4664916992188,45.161376953125,111.595458984375,0.35917866230010986,-1,-1,-1
374,1,2991.103759765625,552.9226684570312,19.001708984375,43.7515869140625,0.30668580532073975,-1,-1,-1
374,278,3468.427490234375,548.93603515625,16.31201171875,43.86456298828125,0.4520423710346222,-1,-1,-1
375,3,3731.998046875,795.3333740234375,45.16064453125,111.752685546875,0.37057968974113464,-1,-1,-1
375,1,2991.30126953125,550.7579956054688,18.583251953125,45.15179443359375,0.3454468846321106,-1,-1,-1
375,278,3467.472900390625,549.0067138671875,17.125,44.02923583984375,0.4499209225177765,-1,-1,-1
375,293,3174.838134765625,556.1853637695312,18.55419921875,36.92071533203125,0.26884910464286804,-1,-1,-1
376,3,3732.07080078125,795.3200073242188,45.08642578125,111.81689453125,0.36685439944267273,-1,-1,-1
376,1,2991.35986328125,549.5809936523438,18.272216796875,45.35882568359375,0.3339275121688843,-1,-1,-1
376,278,3467.257568359375,549.3545532226562,17.08935546875,43.67041015625,0.4768902361392975,-1,-1,-1
376,293,3174.628662109375,555.5184936523438,18.820068359375,37.18243408203125,0.2594710886478424,-1,-1,-1
377,3,3732.139892578125,795.3125610351562,45.0693359375,111.82275390625,0.3842918276786804,-1,-1,-1
377,1,2991.328369140625,549.2225952148438,18.011474609375,44.83795166015625,0.37941253185272217,-1,-1,-1
377,278,3467.580810546875,549.6837768554688,16.671875,43.27667236328125,0.4434889554977417,-1,-1,-1
377,293,3174.47216796875,553.6702880859375,19.10986328125,38.5740966796875,0.29696378111839294,-1,-1,-1
378,3,3732.19384765625,795.2529907226562,45.009033203125,111.9044189453125,0.3772587478160858,-1,-1,-1
378,1,2991.28466796875,549.1112670898438,17.759765625,44.66314697265625,0.408325731754303,-1,-1,-1
378,278,3467.44580078125,550.3569946289062,16.49853515625,42.2152099609375,0.42765530943870544,-1,-1,-1
378,293,3174.314453125,552.4503173828125,19.3388671875,39.438720703125,0.31204748153686523,-1,-1,-1
379,3,3733.060791015625,795.6714477539062,42.518798828125,112.3114013671875,0.38105255365371704,-1,-1,-1
379,1,2991.145263671875,549.0166625976562,17.336181640625,44.176513671875,0.4314620792865753,-1,-1,-1
379,278,3466.46923828125,550.4067993164062,16.828857421875,42.0743408203125,0.3910377323627472,-1,-1,-1
379,293,3174.1376953125,551.7113037109375,19.398681640625,39.04229736328125,0.30636468529701233,-1,-1,-1
380,3,3733.368408203125,795.8118896484375,41.603759765625,112.53973388671875,0.38059741258621216,-1,-1,-1
380,1,2991.076416015625,549.5319213867188,16.97607421875,43.85589599609375,0.4287005662918091,-1,-1,-1
380,278,3466.418212890625,550.4617919921875,16.794677734375,41.73199462890625,0.38928544521331787,-1,-1,-1
380,293,3174.020263671875,551.3699340820312,19.53955078125,38.9949951171875,0.3084830939769745,-1,-1,-1
381,3,3733.36572265625,795.937744140625,41.497314453125,112.462158203125,0.3904283046722412,-1,-1,-1
381,1,2991.02587890625,549.7565307617188,16.69140625,43.83502197265625,0.4584718346595764,-1,-1,-1
381,278,3465.8662109375,551.3829956054688,16.94482421875,39.43658447265625,0.35176584124565125,-1,-1,-1
381,293,3173.907958984375,550.89892578125,19.553955078125,40.231689453125,0.30502864718437195,-1,-1,-1
382,3,3733.41748046875,795.856689453125,41.4150390625,112.56109619140625,0.3885851800441742,-1,-1,-1
382,1,2990.916259765625,549.8688354492188,16.2666015625,43.25634765625,0.47335243225097656,-1,-1,-1
382,278,3465.20849609375,551.0603637695312,17.232666015625,38.9683837890625,0.3686821162700653,-1,-1,-1
382,293,3173.87255859375,550.574462890625,19.529052734375,41.45953369140625,0.33917367458343506,-1,-1,-1
383,3,3733.400146484375,795.913330078125,41.50341796875,112.47821044921875,0.388947993516922,-1,-1,-1
383,1,2990.63232421875,550.0206298828125,16.12060546875,42.13006591796875,0.47682955861091614,-1,-1,-1
383,278,3464.922607421875,550.6297607421875,17.294677734375,38.44390869140625,0.3611343502998352,-1,-1,-1
383,293,3173.75146484375,550.419189453125,19.572998046875,42.43719482421875,0.34730640053749084,-1,-1,-1
384,3,3733.405029296875,795.8912963867188,41.6220703125,112.46624755859375,0.38261082768440247,-1,-1,-1
384,1,2990.017333984375,549.1156616210938,16.0205078125,41.6578369140625,0.45514726638793945,-1,-1,-1
384,278,3464.735107421875,550.8800659179688,17.23046875,38.3231201171875,0.333210825920105,-1,-1,-1
384,293,3173.67578125,550.654296875,19.31982421875,41.55877685546875,0.325076699256897,-1,-1,-1
385,3,3733.7353515625,796.1363525390625,41.326416015625,112.22308349609375,0.3855489492416382,-1,-1,-1
385,1,2989.664306640625,548.3041381835938,15.95361328125,41.1292724609375,0.4362521171569824,-1,-1,-1
385,278,3464.370361328125,551.009033203125,17.519287109375,38.55413818359375,0.3219684958457947,-1,-1,-1
385,293,3173.765869140625,550.9220581054688,19.113037109375,40.48468017578125,0.31294959783554077,-1,-1,-1
385,248,3911.286376953125,514.1109008789062,16.10009765625,33.874755859375,0.25922462344169617,-1,-1,-1
386,3,3733.94140625,796.18701171875,41.179931640625,112.19989013671875,0.4128527343273163,-1,-1,-1
386,1,2989.484130859375,547.1947021484375,16.063720703125,41.715087890625,0.4937760829925537,-1,-1,-1
386,278,3464.1123046875,550.210205078125,17.727783203125,39.3099365234375,0.3060411214828491,-1,-1,-1
386,293,3173.731689453125,550.7569580078125,19.186767578125,40.4931640625,0.3225763142108917,-1,-1,-1
386,248,3911.258544921875,514.1758422851562,16.021484375,33.71148681640625,0.3065846264362335,-1,-1,-1
387,3,3734.30126953125,796.2606201171875,40.75146484375,112.11126708984375,0.4006270468235016,-1,-1,-1
387,1,2989.205078125,546.6944580078125,16.245361328125,42.0670166015625,0.5171735882759094,-1,-1,-1
387,278,3463.889404296875,549.360107421875,17.855712890625,41.02386474609375,0.3038735091686249,-1,-1,-1
387,293,3173.74169921875,550.587158203125,19.2373046875,40.4656982421875,0.3199262022972107,-1,-1,-1
387,248,3911.154052734375,514.4345703125,16.0380859375,33.5350341796875,0.30997753143310547,-1,-1,-1
387,307,3225.52490234375,505.9065246582031,17.740478515625,28.021026611328125,0.3226424753665924,-1,-1,-1
388,3,3734.357421875,796.2243041992188,40.75146484375,112.19677734375,0.4105047285556793,-1,-1,-1
388,1,2988.079833984375,547.0126342773438,17.312744140625,42.53106689453125,0.49933671951293945,-1,-1,-1
388,278,3463.463623046875,548.9868774414062,18.20703125,41.2608642578125,0.25799986720085144,-1,-1,-1
388,293,3173.6806640625,550.239013671875,19.325439453125,40.8023681640625,0.31471285223960876,-1,-1,-1
388,248,3911.1162109375,514.6082763671875,16.052490234375,33.24298095703125,0.32491278648376465,-1,-1,-1
388,307,3225.503662109375,505.8380126953125,17.95166015625,28.333740234375,0.33134695887565613,-1,-1,-1
389,3,3734.40234375,796.1529541015625,40.673583984375,112.34906005859375,0.41694375872612,-1,-1,-1
389,1,2987.126953125,547.1849975585938,18.01904296875,42.287109375,0.48245659470558167,-1,-1,-1
389,278,3462.83642578125,548.7752075195312,18.799560546875,41.0162353515625,0.2578297555446625,-1,-1,-1
389,293,3173.589599609375,549.8414306640625,19.29052734375,41.4996337890625,0.3317258954048157,-1,-1,-1
389,248,3911.099853515625,514.8651123046875,16.156005859375,32.82049560546875,0.32796692848205566,-1,-1,-1
389,307,3225.349853515625,506.1797180175781,17.4326171875,27.292816162109375,0.2854664921760559,-1,-1,-1
390,3,3734.427490234375,796.0917358398438,40.6552734375,112.4566650390625,0.4279031455516815,-1,-1,-1
390,1,2985.723388671875,548.3960571289062,19.17333984375,41.09271240234375,0.4200989305973053,-1,-1,-1
390,293,3173.4560546875,549.2469482421875,19.22705078125,42.25225830078125,0.3634874224662781,-1,-1,-1
390,248,3911.114990234375,515.0050048828125,16.344970703125,32.4599609375,0.31945177912712097,-1,-1,-1
390,307,3225.077880859375,507.96044921875,17.1513671875,25.2239990234375,0.25881102681159973,-1,-1,-1
391,3,3734.4375,796.115234375,40.507568359375,112.42333984375,0.42054927349090576,-1,-1,-1
391,1,2985.149169921875,548.7355346679688,19.420166015625,41.1180419921875,0.42190125584602356,-1,-1,-1
391,293,3173.308837890625,548.6939697265625,19.05322265625,42.5545654296875,0.3836832344532013,-1,-1,-1
391,248,3911.144287109375,515.0928344726562,16.43017578125,32.3057861328125,0.3314891457557678,-1,-1,-1
392,3,3734.470458984375,796.089111328125,40.60693359375,112.43389892578125,0.4408815801143646,-1,-1,-1
392,1,2985.18408203125,548.2197875976562,19.252197265625,41.64508056640625,0.4520852863788605,-1,-1,-1
392,293,3173.06201171875,548.1732788085938,19.213134765625,42.9554443359375,0.3969096541404724,-1,-1,-1
392,248,3911.18994140625,515.0841674804688,16.334716796875,32.2001953125,0.34479108452796936,-1,-1,-1
393,3,3734.597412109375,796.0753173828125,40.522705078125,112.40228271484375,0.42531290650367737,-1,-1,-1
393,1,2985.142333984375,547.4326171875,18.77001953125,41.860107421875,0.4644412696361542,-1,-1,-1
393,293,3172.9404296875,547.932373046875,19.17822265625,43.2509765625,0.3874611258506775,-1,-1,-1
393,248,3911.21826171875,515.00439453125,16.2607421875,32.1927490234375,0.3366912305355072,-1,-1,-1
394,3,3734.775634765625,796.0486450195312,40.35986328125,112.42333984375,0.4274788796901703,-1,-1,-1
394,1,2984.947998046875,546.84228515625,18.25048828125,42.46392822265625,0.47927531599998474,-1,-1,-1
394,293,3172.7646484375,547.6920776367188,19.310791015625,43.67572021484375,0.37660253047943115,-1,-1,-1
394,248,3911.2255859375,515.0322265625,16.29443359375,32.16571044921875,0.3288014233112335,-1,-1,-1
395,3,3734.858642578125,796.0833740234375,40.22607421875,112.4188232421875,0.4260658621788025,-1,-1,-1
395,1,2984.474853515625,546.5154418945312,18.100341796875,41.40484619140625,0.47131994366645813,-1,-1,-1
395,293,3172.517333984375,547.7510986328125,19.5986328125,43.98675537109375,0.36384639143943787,-1,-1,-1
395,248,3911.16162109375,515.2670288085938,16.3935546875,31.89935302734375,0.33368927240371704,-1,-1,-1
395,307,3224.634521484375,507.8421325683594,17.62353515625,24.510528564453125,0.25285759568214417,-1,-1,-1
396,3,3735.00634765625,796.0763549804688,40.189697265625,112.49615478515625,0.4292699098587036,-1,-1,-1
396,1,2984.345703125,546.4871215820312,17.62744140625,41.0584716796875,0.44294604659080505,-1,-1,-1
396,293,3172.103515625,548.1416625976562,20.05224609375,43.34027099609375,0.31184154748916626,-1,-1,-1
396,248,3911.156982421875,515.3873901367188,16.46240234375,31.7772216796875,0.317343533039093,-1,-1,-1
397,3,3735.097412109375,796.0623779296875,40.1298828125,112.52508544921875,0.44373059272766113,-1,-1,-1
397,1,2983.81640625,546.731689453125,17.52294921875,40.2459716796875,0.4409438669681549,-1,-1,-1
397,293,3171.642822265625,548.1790161132812,20.570068359375,43.05218505859375,0.31713736057281494,-1,-1,-1
397,248,3911.146240234375,515.2953491210938,16.44287109375,31.8385009765625,0.3307487368583679,-1,-1,-1
398,3,3735.296142578125,796.0955810546875,40.0205078125,112.53173828125,0.44119203090667725,-1,-1,-1
398,1,2983.107666015625,547.3432006835938,17.865234375,40.10858154296875,0.43826234340667725,-1,-1,-1
398,293,3170.90478515625,548.1363525390625,21.173583984375,43.2110595703125,0.28951096534729004,-1,-1,-1
398,248,3911.087158203125,515.1517944335938,16.466552734375,32.03094482421875,0.33798345923423767,-1,-1,-1
399,3,3735.525634765625,796.079833984375,39.73974609375,112.531005859375,0.4357180595397949,-1,-1,-1
399,1,2982.509765625,547.5629272460938,17.819580078125,40.59954833984375,0.45058539509773254,-1,-1,-1
399,293,3170.6494140625,548.1096801757812,21.454833984375,43.32232666015625,0.27943888306617737,-1,-1,-1
399,248,3911.00927734375,514.9906616210938,16.42822265625,32.219482421875,0.3456058204174042,-1,-1,-1
400,3,3735.6416015625,796.1405029296875,39.51123046875,112.48370361328125,0.4356938898563385,-1,-1,-1
400,1,2982.42822265625,547.62646484375,17.5029296875,40.64013671875,0.46614140272140503,-1,-1,-1
400,293,3170.377685546875,548.189208984375,21.6572265625,43.01385498046875,0.2578293979167938,-1,-1,-1
400,248,3911.051025390625,514.631591796875,16.395263671875,32.67559814453125,0.33635392785072327,-1,-1,-1
401,3,3734.712890625,795.3865966796875,41.90625,112.19073486328125,0.453132688999176,-1,-1,-1
401,1,2982.27392578125,547.8461303710938,17.226806640625,40.7354736328125,0.46514761447906494,-1,-1,-1
401,293,3170.198974609375,548.2736206054688,21.80126953125,42.47259521484375,0.2532263994216919,-1,-1,-1
401,248,3910.997314453125,514.2429809570312,16.4267578125,33.0391845703125,0.33675616979599,-1,-1,-1
402,3,3735.43505859375,795.8709106445312,40.2626953125,112.393310546875,0.435732901096344,-1,-1,-1
402,1,2981.840576171875,547.765625,17.66943359375,39.07012939453125,0.44119611382484436,-1,-1,-1
402,293,3170.21484375,547.8308715820312,21.765625,43.05078125,0.30487969517707825,-1,-1,-1
402,248,3911.06005859375,514.0557861328125,16.3857421875,33.2120361328125,0.32487785816192627,-1,-1,-1
403,3,3735.7939453125,796.0137329101562,39.538818359375,112.48699951171875,0.4370035231113434,-1,-1,-1
403,1,2981.2451171875,547.4315795898438,17.545654296875,39.99542236328125,0.42730942368507385,-1,-1,-1
403,293,3170.213134765625,547.0978393554688,21.55419921875,43.76129150390625,0.30480653047561646,-1,-1,-1
403,248,3911.027099609375,513.9366455078125,16.424560546875,33.2965087890625,0.3280308246612549,-1,-1,-1
404,3,3734.907470703125,795.4358520507812,41.869140625,112.11151123046875,0.44173088669776917,-1,-1,-1
404,1,2981.41748046875,546.962158203125,17.240966796875,40.68115234375,0.43844011425971985,-1,-1,-1
404,293,3170.43212890625,546.77099609375,21.125244140625,43.92962646484375,0.3095300793647766,-1,-1,-1
404,248,3911.03271484375,514.340087890625,16.317138671875,32.813720703125,0.3362099230289459,-1,-1,-1
405,3,3734.639404296875,795.195556640625,42.564697265625,112.023681640625,0.43451592326164246,-1,-1,-1
405,1,2980.8525390625,546.128662109375,16.75390625,41.3070068359375,0.40652966499328613,-1,-1,-1
405,248,3911.042236328125,514.5426025390625,16.21435546875,32.6199951171875,0.33768871426582336,-1,-1,-1
406,3,3734.56982421875,795.073486328125,42.80126953125,112.0421142578125,0.43338772654533386,-1,-1,-1
406,1,2980.2177734375,545.67724609375,17.256591796875,41.94500732421875,0.4136999845504761,-1,-1,-1
406,248,3911.119140625,514.6124267578125,16.10400390625,32.519287109375,0.3360041677951813,-1,-1,-1
407,3,3734.513916015625,795.1143188476562,42.7509765625,112.02032470703125,0.42335790395736694,-1,-1,-1
407,1,2979.684814453125,545.4895629882812,17.42431640625,42.90081787109375,0.450264036655426,-1,-1,-1
407,248,3911.056884765625,514.5988159179688,16.144775390625,32.573486328125,0.3410765826702118,-1,-1,-1
408,3,3734.72998046875,795.0545654296875,42.57958984375,112.0653076171875,0.4172225296497345,-1,-1,-1
408,1,2979.52783203125,545.4146728515625,17.322509765625,43.64892578125,0.4606548547744751,-1,-1,-1
408,248,3911.014892578125,514.6470947265625,16.11865234375,32.51019287109375,0.3507932126522064,-1,-1,-1
409,3,3734.784423828125,794.9107666015625,42.559814453125,112.26947021484375,0.41568341851234436,-1,-1,-1
409,1,2979.093505859375,545.5684814453125,17.050537109375,43.86083984375,0.453392893075943,-1,-1,-1
409,248,3911.025146484375,514.627197265625,16.002197265625,32.37542724609375,0.36394694447517395,-1,-1,-1
409,293,3170.813720703125,546.3789672851562,20.71484375,39.78515625,0.26416265964508057,-1,-1,-1
410,3,3734.873291015625,794.9686279296875,42.415771484375,112.2347412109375,0.41732949018478394,-1,-1,-1
410,1,2978.826171875,545.3377685546875,16.83642578125,43.776123046875,0.45629432797431946,-1,-1,-1
410,248,3911.034423828125,514.60546875,15.986328125,32.34771728515625,0.3595515489578247,-1,-1,-1
410,293,3171.000244140625,546.3377685546875,20.408447265625,39.35064697265625,0.2748335003852844,-1,-1,-1
411,3,3734.98876953125,795.0177612304688,42.249755859375,112.1898193359375,0.4145011603832245,-1,-1,-1
411,1,2978.447998046875,545.2875366210938,16.822509765625,43.15264892578125,0.4124568998813629,-1,-1,-1
411,248,3911.028076171875,514.7012939453125,15.9326171875,32.20001220703125,0.36860209703445435,-1,-1,-1
411,293,3171.080322265625,546.2428588867188,20.380859375,39.3365478515625,0.2817081809043884,-1,-1,-1
412,3,3735.036865234375,794.9535522460938,42.23388671875,112.29730224609375,0.43451592326164246,-1,-1,-1
412,1,2978.01025390625,545.5637817382812,17.172607421875,42.78564453125,0.41234225034713745,-1,-1,-1
412,248,3911.069580078125,514.8641357421875,15.948486328125,32.0791015625,0.36215412616729736,-1,-1,-1
412,293,3170.993408203125,546.0918579101562,20.39697265625,39.38043212890625,0.2726067006587982,-1,-1,-1
413,3,3735.125244140625,794.9563598632812,42.093017578125,112.33551025390625,0.42874404788017273,-1,-1,-1
413,1,2977.453125,546.2619018554688,17.412353515625,41.588134765625,0.3361298441886902,-1,-1,-1
413,248,3911.132568359375,514.9732666015625,15.947021484375,31.989501953125,0.35010820627212524,-1,-1,-1
413,293,3170.80322265625,545.9351806640625,20.3720703125,39.73541259765625,0.26400503516197205,-1,-1,-1
414,3,3735.300048828125,794.9512939453125,41.97314453125,112.35845947265625,0.4305524230003357,-1,-1,-1
414,1,2977.043701171875,546.4608154296875,17.498779296875,40.30303955078125,0.32165849208831787,-1,-1,-1
414,248,3911.10498046875,515.2333984375,16.009765625,31.67266845703125,0.356629341840744,-1,-1,-1
415,3,3735.545654296875,794.9109497070312,41.595947265625,112.39349365234375,0.4293811321258545,-1,-1,-1
415,1,2976.88232421875,546.2320556640625,17.4560546875,38.93072509765625,0.3080745339393616,-1,-1,-1
415,248,3911.03662109375,515.4708251953125,16.06005859375,31.29656982421875,0.35180118680000305,-1,-1,-1
415,293,3170.519775390625,545.5985107421875,20.11669921875,40.5001220703125,0.26133930683135986,-1,-1,-1
416,3,3735.8427734375,794.9606323242188,41.119384765625,112.31268310546875,0.41429680585861206,-1,-1,-1
416,1,2976.471435546875,545.9122924804688,17.70703125,37.9906005859375,0.26202908158302307,-1,-1,-1
416,248,3911.05029296875,515.6629028320312,15.99755859375,31.0498046875,0.3493887782096863,-1,-1,-1
417,3,3735.9951171875,794.9059448242188,41.025146484375,112.40960693359375,0.43237021565437317,-1,-1,-1
417,248,3911.03515625,515.6387939453125,16.01025390625,31.05096435546875,0.3725755214691162,-1,-1,-1
417,293,3169.82275390625,545.5914916992188,20.442138671875,40.5743408203125,0.2782324552536011,-1,-1,-1
418,3,3736.1435546875,794.794677734375,40.9404296875,112.57623291015625,0.4343912601470947,-1,-1,-1
418,248,3911.070068359375,515.8357543945312,15.946533203125,30.83380126953125,0.3658263087272644,-1,-1,-1
418,293,3169.373046875,545.5537719726562,20.723388671875,40.41070556640625,0.2615755498409271,-1,-1,-1
419,3,3736.490234375,794.7769165039062,40.5439453125,112.55657958984375,0.4247516989707947,-1,-1,-1
419,248,3911.05859375,516.0720825195312,15.915771484375,30.57769775390625,0.3789673447608948,-1,-1,-1
419,293,3169.126708984375,545.5932006835938,20.451416015625,40.04296875,0.2781611382961273,-1,-1,-1
419,1,2975.11083984375,544.518798828125,18.908203125,39.32830810546875,0.26441383361816406,-1,-1,-1
420,3,3736.445068359375,794.7741088867188,40.5869140625,112.616455078125,0.43478888273239136,-1,-1,-1
420,248,3911.084716796875,516.1426391601562,15.894775390625,30.51171875,0.38453978300094604,-1,-1,-1
420,293,3168.956787109375,545.3562622070312,20.150146484375,39.5814208984375,0.2690936028957367,-1,-1,-1
421,3,3736.394775390625,794.6123046875,40.69677734375,112.92657470703125,0.4458341598510742,-1,-1,-1
421,248,3911.098876953125,516.1405029296875,15.85400390625,30.48486328125,0.3896690011024475,-1,-1,-1
422,3,3736.38671875,794.5951538085938,40.67578125,112.98431396484375,0.4416493773460388,-1,-1,-1
422,248,3911.203857421875,516.4785766601562,15.722412109375,30.09429931640625,0.36562585830688477,-1,-1,-1
423,3,3736.29541015625,794.517333984375,40.797119140625,113.0845947265625,0.4540199041366577,-1,-1,-1
423,248,3911.205810546875,516.5143432617188,15.75439453125,30.03997802734375,0.3661108911037445,-1,-1,-1
423,293,3168.691162109375,543.0679931640625,19.20361328125,40.12176513671875,0.25548720359802246,-1,-1,-1
424,3,3736.291015625,794.5529174804688,40.786376953125,113.00115966796875,0.46809279918670654,-1,-1,-1
424,248,3911.228271484375,516.5424194335938,15.766845703125,30.0548095703125,0.37549644708633423,-1,-1,-1
425,3,3736.04833984375,794.9097900390625,41.058349609375,112.63311767578125,0.4309346377849579,-1,-1,-1
425,248,3911.24658203125,516.6657104492188,15.772216796875,29.96630859375,0.37924107909202576,-1,-1,-1
426,3,3735.824462890625,794.7735595703125,41.3505859375,112.79583740234375,0.47064831852912903,-1,-1,-1
426,248,3911.3095703125,517.0847778320312,15.618896484375,29.5457763671875,0.373614102602005,-1,-1,-1
427,3,3735.618896484375,794.6384887695312,41.31201171875,112.3646240234375,0.492849737405777,-1,-1,-1
427,248,3911.325439453125,517.4984741210938,15.41015625,29.07073974609375,0.39472511410713196,-1,-1,-1
428,3,3735.380615234375,794.4385986328125,41.458984375,112.2569580078125,0.5385358929634094,-1,-1,-1
428,248,3911.424072265625,517.5968017578125,15.196533203125,28.9534912109375,0.3893530070781708,-1,-1,-1
429,3,3735.141845703125,794.9556274414062,41.5712890625,110.92822265625,0.5300829410552979,-1,-1,-1
429,248,3911.37158203125,517.52294921875,15.21484375,29.08123779296875,0.40140968561172485,-1,-1,-1
429,293,3167.738525390625,542.659423828125,18.6171875,42.60595703125,0.26193565130233765,-1,-1,-1
430,3,3734.838623046875,795.0733032226562,41.57958984375,110.08392333984375,0.5147719383239746,-1,-1,-1
430,248,3911.435791015625,517.3521728515625,15.106689453125,29.28082275390625,0.3972669541835785,-1,-1,-1
431,3,3734.707763671875,795.2784423828125,41.16064453125,109.3397216796875,0.5026327967643738,-1,-1,-1
431,248,3911.431396484375,517.3634033203125,15.087890625,29.31646728515625,0.4085824191570282,-1,-1,-1
431,293,3167.745361328125,542.916748046875,18.148193359375,42.52264404296875,0.26108595728874207,-1,-1,-1
432,3,3734.44873046875,795.380859375,40.7841796875,109.68377685546875,0.5063779354095459,-1,-1,-1
432,248,3911.445068359375,517.4496459960938,15.147216796875,29.18255615234375,0.39502668380737305,-1,-1,-1
433,3,3733.222900390625,795.9557495117188,41.3173828125,108.41650390625,0.43820497393608093,-1,-1,-1
433,248,3911.485595703125,517.4437866210938,15.233642578125,29.12335205078125,0.3690575361251831,-1,-1,-1
434,3,3733.97119140625,796.5253295898438,39.35986328125,108.50048828125,0.40508151054382324,-1,-1,-1
434,248,3911.511474609375,517.3115844726562,15.288818359375,29.1796875,0.3566105365753174,-1,-1,-1
434,315,3450.177734375,543.6773681640625,16.366943359375,38.89898681640625,0.37746870517730713,-1,-1,-1
434,316,2964.496826171875,543.636962890625,20.093505859375,42.813720703125,0.34336891770362854,-1,-1,-1
435,3,3733.492919921875,796.7966918945312,39.14501953125,108.20281982421875,0.4229011833667755,-1,-1,-1
435,248,3911.499755859375,517.2015991210938,15.37841796875,29.2088623046875,0.34681618213653564,-1,-1,-1
435,315,3449.58837890625,543.977783203125,16.741455078125,37.9066162109375,0.38429298996925354,-1,-1,-1
435,316,2964.2841796875,544.7525024414062,20.21826171875,42.255615234375,0.35363635420799255,-1,-1,-1
436,3,3732.9443359375,797.3944702148438,39.189697265625,107.69940185546875,0.3839184641838074,-1,-1,-1
436,248,3911.460693359375,516.9287109375,15.406494140625,29.32489013671875,0.35542863607406616,-1,-1,-1
436,315,3448.3876953125,543.8428344726562,17.818603515625,39.14898681640625,0.49994611740112305,-1,-1,-1
436,316,2964.105224609375,544.7874755859375,19.409912109375,42.56011962890625,0.4392324984073639,-1,-1,-1
437,3,3731.677978515625,797.9258422851562,39.85888671875,107.34991455078125,0.39421358704566956,-1,-1,-1
437,248,3911.4443359375,516.9619140625,15.258056640625,29.1185302734375,0.3089396357536316,-1,-1,-1
437,315,3447.36767578125,543.7223510742188,18.713134765625,40.7261962890625,0.5010442733764648,-1,-1,-1
437,316,2963.838134765625,544.89990234375,17.54052734375,41.7799072265625,0.47060972452163696,-1,-1,-1
438,3,3731.549560546875,798.094482421875,39.3349609375,107.10797119140625,0.37426233291625977,-1,-1,-1
438,248,3911.40771484375,517.1758422851562,14.87353515625,28.80474853515625,0.33400675654411316,-1,-1,-1
438,315,3446.276611328125,544.2024536132812,19.634521484375,38.1217041015625,0.44333913922309875,-1,-1,-1
438,316,2962.918212890625,544.34716796875,17.3271484375,41.4093017578125,0.47760236263275146,-1,-1,-1
439,3,3732.220458984375,798.0222778320312,38.189697265625,107.18994140625,0.3037736415863037,-1,-1,-1
439,248,3911.22021484375,517.057861328125,14.657470703125,29.05718994140625,0.36833736300468445,-1,-1,-1
439,315,3445.769775390625,544.6244506835938,20.032470703125,38.1922607421875,0.4334629774093628,-1,-1,-1
439,316,2961.19970703125,543.8201293945312,18.07763671875,41.75469970703125,0.44478049874305725,-1,-1,-1
440,3,3730.2470703125,799.6344604492188,37.850341796875,104.5152587890625,0.37361544370651245,-1,-1,-1
440,248,3911.12939453125,516.9767456054688,14.45166015625,29.155029296875,0.36340340971946716,-1,-1,-1
440,315,3445.505615234375,544.60400390625,20.187744140625,37.89642333984375,0.4836563766002655,-1,-1,-1
440,316,2959.916015625,543.9569091796875,18.13134765625,40.75189208984375,0.4816371500492096,-1,-1,-1
441,3,3729.1591796875,800.0654296875,37.470458984375,103.85003662109375,0.501557469367981,-1,-1,-1
441,248,3911.0380859375,516.8352661132812,14.18798828125,29.271240234375,0.37947291135787964,-1,-1,-1
441,315,3444.193115234375,543.9905395507812,20.62646484375,39.220947265625,0.5419005751609802,-1,-1,-1
441,316,2959.2568359375,543.4253540039062,18.701416015625,40.0411376953125,0.5471130609512329,-1,-1,-1
442,3,3728.55322265625,800.1732788085938,37.00146484375,103.30908203125,0.4748366177082062,-1,-1,-1
442,248,3910.948974609375,516.8092041015625,13.8134765625,29.3065185546875,0.3631630837917328,-1,-1,-1
442,315,3443.20849609375,543.6875,20.686767578125,39.3299560546875,0.5188792943954468,-1,-1,-1
442,316,2958.30078125,543.4067993164062,19.021484375,40.457763671875,0.5431774258613586,-1,-1,-1
443,3,3728.182861328125,799.8441772460938,36.76171875,103.609130859375,0.4376000761985779,-1,-1,-1
443,248,3910.779296875,517.0653076171875,13.345703125,29.0364990234375,0.3443027138710022,-1,-1,-1
443,315,3442.06591796875,542.7257690429688,20.42822265625,41.3607177734375,0.44097548723220825,-1,-1,-1
443,316,2957.94970703125,543.892822265625,18.2109375,39.9102783203125,0.5277999639511108,-1,-1,-1
444,3,3727.396484375,799.9918823242188,37.18017578125,103.77288818359375,0.5475937724113464,-1,-1,-1
444,248,3910.834228515625,517.3938598632812,13.161376953125,28.76531982421875,0.3210691511631012,-1,-1,-1
444,315,3440.31494140625,542.4862670898438,19.94482421875,42.26123046875,0.3497674763202667,-1,-1,-1
444,316,2957.720947265625,545.4652099609375,17.42138671875,37.88818359375,0.4304194450378418,-1,-1,-1
445,3,3727.1396484375,800.2971801757812,37.472412109375,103.7867431640625,0.6173005104064941,-1,-1,-1
445,248,3910.88623046875,518.7047119140625,13.060302734375,27.52630615234375,0.3038215637207031,-1,-1,-1
445,315,3438.914306640625,542.4529418945312,19.81396484375,41.91351318359375,0.34686747193336487,-1,-1,-1
445,316,2956.764404296875,546.3745727539062,17.657470703125,39.779541015625,0.45958366990089417,-1,-1,-1
446,3,3726.771484375,800.8348388671875,37.786376953125,103.4356689453125,0.6096413731575012,-1,-1,-1
446,248,3910.859619140625,520.0209350585938,12.832275390625,26.2904052734375,0.3307945728302002,-1,-1,-1
446,315,3437.04150390625,541.5209350585938,20.25244140625,40.27703857421875,0.31070855259895325,-1,-1,-1
446,316,2955.424072265625,546.9320068359375,18.03271484375,40.65313720703125,0.4631054997444153,-1,-1,-1
447,3,3726.17822265625,800.9409790039062,38.267333984375,103.44830322265625,0.5495302677154541,-1,-1,-1
447,248,3910.74072265625,520.7389526367188,12.61767578125,25.646484375,0.33887138962745667,-1,-1,-1
447,316,2955.013916015625,546.9304809570312,17.162353515625,41.46270751953125,0.47233274579048157,-1,-1,-1
448,3,3725.871826171875,800.7333374023438,38.49560546875,102.92352294921875,0.5843122601509094,-1,-1,-1
448,248,3910.748046875,519.7211303710938,12.66357421875,26.424072265625,0.34174951910972595,-1,-1,-1
448,316,2954.3583984375,546.8680419921875,16.852783203125,41.87451171875,0.43208372592926025,-1,-1,-1
449,3,3725.4716796875,800.869873046875,38.6591796875,102.61065673828125,0.5094894766807556,-1,-1,-1
449,248,3910.644287109375,518.8954467773438,12.72607421875,27.1907958984375,0.3377373516559601,-1,-1,-1
449,316,2953.171630859375,546.8905639648438,17.09814453125,41.49053955078125,0.423105925321579,-1,-1,-1
450,3,3724.12060546875,801.36865234375,39.841796875,102.96783447265625,0.4769815504550934,-1,-1,-1
450,248,3910.473388671875,518.2577514648438,13.080078125,27.8638916015625,0.34066200256347656,-1,-1,-1
450,316,2952.049560546875,546.8248901367188,17.277099609375,41.04168701171875,0.40021848678588867,-1,-1,-1
451,3,3723.24951171875,801.9644165039062,39.8701171875,102.80072021484375,0.5346941351890564,-1,-1,-1
451,248,3910.274658203125,517.617431640625,12.749755859375,28.8607177734375,0.33021193742752075,-1,-1,-1
451,316,2951.9931640625,546.9759521484375,17.188232421875,40.94671630859375,0.3595670461654663,-1,-1,-1
452,3,3722.761962890625,802.4542846679688,39.59716796875,102.56866455078125,0.5216972231864929,-1,-1,-1
452,248,3910.142578125,517.4503173828125,12.29150390625,29.2908935546875,0.31995683908462524,-1,-1,-1
452,316,2951.459228515625,547.6412963867188,16.966552734375,40.5406494140625,0.33518296480178833,-1,-1,-1
453,3,3722.434326171875,802.886962890625,38.65771484375,102.36468505859375,0.5265507102012634,-1,-1,-1
453,248,3909.935546875,517.3536376953125,12.60498046875,29.37493896484375,0.33728301525115967,-1,-1,-1
453,316,2950.8671875,547.8930053710938,17.004638671875,40.38189697265625,0.3412476181983948,-1,-1,-1
454,3,3722.2177734375,803.0205078125,37.95458984375,102.396484375,0.5189507603645325,-1,-1,-1
454,248,3909.34326171875,517.4984741210938,13.417236328125,29.208984375,0.3223186731338501,-1,-1,-1
454,316,2950.484375,547.6677856445312,17.01708984375,40.344970703125,0.28561997413635254,-1,-1,-1
455,3,3722.17724609375,803.17822265625,37.118896484375,102.009521484375,0.44803133606910706,-1,-1,-1
455,248,3908.797119140625,517.9465942382812,13.7275390625,28.68450927734375,0.29780057072639465,-1,-1,-1
456,3,3722.159423828125,803.216796875,36.374755859375,101.44854736328125,0.28598663210868835,-1,-1,-1
456,248,3908.305908203125,518.475341796875,14.041259765625,28.240966796875,0.27879059314727783,-1,-1,-1
457,3,3721.93603515625,803.2542114257812,35.62841796875,101.7034912109375,0.2819775640964508,-1,-1,-1
457,248,3907.658203125,518.377197265625,14.30126953125,28.19683837890625,0.27934134006500244,-1,-1,-1
458,248,3907.3837890625,517.7254638671875,14.703857421875,28.7076416015625,0.2909585237503052,-1,-1,-1
459,248,3907.369384765625,517.659912109375,13.96435546875,28.650634765625,0.28386127948760986,-1,-1,-1
459,316,2947.4619140625,551.6647338867188,16.692138671875,39.5338134765625,0.29694148898124695,-1,-1,-1
460,248,3907.519287109375,517.4450073242188,13.547607421875,28.7899169921875,0.2768675684928894,-1,-1,-1
461,248,3907.6435546875,517.1463012695312,13.30419921875,29.0841064453125,0.280531644821167,-1,-1,-1
461,316,2944.431884765625,553.1366577148438,16.917724609375,41.21649169921875,0.3014206886291504,-1,-1,-1
462,248,3907.66064453125,517.1297607421875,13.172119140625,28.964599609375,0.27265501022338867,-1,-1,-1
463,248,3907.65478515625,517.010498046875,12.755615234375,29.11993408203125,0.2770777642726898,-1,-1,-1
464,248,3907.59716796875,516.8292846679688,12.751220703125,29.19921875,0.2857184410095215,-1,-1,-1
465,248,3907.420654296875,516.6748046875,12.5712890625,29.28631591796875,0.28281861543655396,-1,-1,-1
465,3,3714.1953125,804.2433471679688,39.102294921875,100.88433837890625,0.3256928026676178,-1,-1,-1
466,248,3907.1064453125,516.609375,12.292236328125,29.62103271484375,0.2947803735733032,-1,-1,-1
466,3,3713.221435546875,803.39892578125,40.236572265625,101.81353759765625,0.4822942316532135,-1,-1,-1
467,248,3907.2431640625,516.6342163085938,12.146240234375,29.58453369140625,0.32516470551490784,-1,-1,-1
467,3,3712.697509765625,802.5201416015625,41.38818359375,102.25439453125,0.5641759634017944,-1,-1,-1
467,315,3421.28515625,541.6342163085938,17.269775390625,35.69146728515625,0.35985082387924194,-1,-1,-1
468,248,3907.197021484375,516.661865234375,12.2412109375,29.555908203125,0.33661946654319763,-1,-1,-1
468,3,3712.07861328125,801.26806640625,41.171875,103.13006591796875,0.5811569690704346,-1,-1,-1
468,315,3421.031494140625,542.088623046875,17.371337890625,36.65362548828125,0.47422754764556885,-1,-1,-1
469,248,3907.030517578125,516.8460083007812,12.146728515625,29.1971435546875,0.3396562933921814,-1,-1,-1
469,3,3711.470458984375,800.44384765625,40.703369140625,103.6805419921875,0.6127339005470276,-1,-1,-1
469,315,3420.345947265625,540.4495849609375,17.914306640625,38.3857421875,0.36699041724205017,-1,-1,-1
470,248,3906.69873046875,517.0192260742188,11.872314453125,29.0008544921875,0.33110472559928894,-1,-1,-1
470,3,3711.343994140625,800.2850952148438,40.15869140625,104.25665283203125,0.6227157115936279,-1,-1,-1
470,315,3418.79833984375,539.2554321289062,19.718505859375,40.19866943359375,0.32079458236694336,-1,-1,-1
471,248,3906.65771484375,517.1495971679688,11.666259765625,28.85845947265625,0.3140271008014679,-1,-1,-1
471,3,3711.181884765625,800.94873046875,38.7451171875,103.50714111328125,0.4416341781616211,-1,-1,-1
471,315,3418.160888671875,540.962646484375,20.31689453125,38.16229248046875,0.3038695752620697,-1,-1,-1
472,248,3906.553955078125,517.1104125976562,11.627197265625,28.934814453125,0.32307133078575134,-1,-1,-1
472,3,3712.97265625,801.1367797851562,36.26904296875,102.1412353515625,0.4485591948032379,-1,-1,-1
472,315,3417.866455078125,540.9021606445312,19.692626953125,37.54058837890625,0.27492767572402954,-1,-1,-1
473,248,3906.60791015625,516.932373046875,11.53564453125,29.0023193359375,0.32750362157821655,-1,-1,-1
473,3,3713.673095703125,801.0663452148438,34.381591796875,101.82958984375,0.46997135877609253,-1,-1,-1
473,315,3418.2060546875,538.687255859375,18.88330078125,39.68975830078125,0.2767965793609619,-1,-1,-1
473,330,2930.48291015625,550.6807861328125,14.962646484375,44.6778564453125,0.40604937076568604,-1,-1,-1
474,248,3906.559326171875,516.9766235351562,11.531494140625,28.950439453125,0.3186289370059967,-1,-1,-1
474,3,3711.379150390625,801.2093505859375,36.178466796875,102.280517578125,0.2896527051925659,-1,-1,-1
474,315,3415.705078125,539.0970458984375,19.608642578125,39.95306396484375,0.2863013446331024,-1,-1,-1
474,330,2927.76904296875,550.4952392578125,17.347412109375,45.539306640625,0.3768733739852905,-1,-1,-1
475,248,3906.515625,516.93896484375,11.5234375,29.00042724609375,0.3052605986595154,-1,-1,-1
475,3,3709.92431640625,801.801513671875,37.306396484375,102.2481689453125,0.3857215642929077,-1,-1,-1
475,315,3414.056884765625,540.79736328125,19.1494140625,37.8641357421875,0.27036187052726746,-1,-1,-1
475,330,2925.982177734375,550.9090576171875,18.14453125,46.06878662109375,0.4001620411872864,-1,-1,-1
476,248,3906.376220703125,516.9094848632812,11.553955078125,29.23846435546875,0.2950551211833954,-1,-1,-1
476,3,3707.422119140625,802.5304565429688,38.9189453125,101.91888427734375,0.38906633853912354,-1,-1,-1
476,330,2924.6044921875,551.70556640625,18.511474609375,46.4442138671875,0.39861640334129333,-1,-1,-1
477,248,3906.409423828125,517.043212890625,11.46142578125,29.1771240234375,0.2894825041294098,-1,-1,-1
477,3,3706.36083984375,802.5560913085938,39.65966796875,102.08941650390625,0.4724695384502411,-1,-1,-1
477,330,2923.6015625,551.8065795898438,18.963134765625,46.1591796875,0.3644373118877411,-1,-1,-1
478,248,3906.415771484375,517.3082275390625,11.447509765625,28.9736328125,0.2911490201950073,-1,-1,-1
478,3,3704.46435546875,802.5409545898438,40.901123046875,102.24761962890625,0.5473088622093201,-1,-1,-1
478,330,2922.947021484375,552.8886108398438,18.720458984375,45.57965087890625,0.27322447299957275,-1,-1,-1
479,248,3906.510009765625,517.4236450195312,11.47900390625,28.90472412109375,0.28857672214508057,-1,-1,-1
479,3,3703.508544921875,802.0277709960938,41.746826171875,102.8216552734375,0.5531843304634094,-1,-1,-1
479,330,2922.16357421875,553.8009033203125,18.948486328125,45.05633544921875,0.2536056637763977,-1,-1,-1
480,248,3906.47802734375,517.6071166992188,11.509765625,28.8133544921875,0.2562316656112671,-1,-1,-1
480,3,3703.022705078125,801.2520141601562,40.51611328125,103.5784912109375,0.4054158627986908,-1,-1,-1
481,248,3906.49365234375,517.4652709960938,11.58056640625,29.01776123046875,0.2849222421646118,-1,-1,-1
481,3,3700.65625,800.9492797851562,42.603271484375,103.55242919921875,0.5654120445251465,-1,-1,-1
482,248,3906.333251953125,517.4483642578125,11.855224609375,29.06719970703125,0.31686872243881226,-1,-1,-1
482,3,3698.646728515625,801.2230224609375,42.405517578125,101.94110107421875,0.5577456951141357,-1,-1,-1
483,248,3906.21923828125,517.4440307617188,11.918212890625,29.01666259765625,0.3160483241081238,-1,-1,-1
483,3,3696.880615234375,800.7269287109375,42.86083984375,102.76885986328125,0.5690432786941528,-1,-1,-1
484,248,3906.140625,517.484130859375,11.9423828125,29.08148193359375,0.3227204382419586,-1,-1,-1
484,3,3695.7919921875,800.062744140625,42.314453125,102.7674560546875,0.58826744556427,-1,-1,-1
485,248,3906.14892578125,517.55078125,12.0244140625,28.98492431640625,0.32268303632736206,-1,-1,-1
485,3,3695.192626953125,800.5785522460938,40.33447265625,104.99835205078125,0.4358610510826111,-1,-1,-1
486,248,3906.14453125,517.606201171875,12.063232421875,28.8363037109375,0.3372337222099304,-1,-1,-1
486,3,3694.783447265625,801.0100708007812,38.56689453125,106.514892578125,0.40890657901763916,-1,-1,-1
487,248,3906.074951171875,517.6351318359375,12.186279296875,28.7554931640625,0.3293583393096924,-1,-1,-1
487,3,3692.11669921875,801.3446655273438,39.72998046875,106.66265869140625,0.41173481941223145,-1,-1,-1
488,248,3905.970703125,518.0982055664062,12.248291015625,28.3818359375,0.31395575404167175,-1,-1,-1
488,3,3690.474609375,801.9501953125,40.4091796875,106.59197998046875,0.38193827867507935,-1,-1,-1
489,248,3906.031494140625,517.9949951171875,12.205810546875,28.44525146484375,0.3077054023742676,-1,-1,-1
489,3,3690.54638671875,802.988525390625,39.737060546875,106.39031982421875,0.2954528033733368,-1,-1,-1
490,248,3906.061279296875,518.2122802734375,12.166748046875,28.1544189453125,0.3184159994125366,-1,-1,-1
491,248,3906.088134765625,518.117431640625,12.104248046875,28.23004150390625,0.32077598571777344,-1,-1,-1
492,248,3906.012939453125,518.0379638671875,12.1171875,28.3143310546875,0.33335474133491516,-1,-1,-1
492,3,3688.360107421875,801.4556274414062,39.43896484375,106.43499755859375,0.3232020437717438,-1,-1,-1
493,248,3906.02783203125,517.9136352539062,12.083251953125,28.45806884765625,0.34003767371177673,-1,-1,-1
493,3,3683.396484375,800.2747802734375,43.596435546875,106.8441162109375,0.4586248993873596,-1,-1,-1
493,330,2904.559814453125,559.4666748046875,19.054931640625,44.232666015625,0.4413102865219116,-1,-1,-1
494,248,3906.0322265625,517.8567504882812,12.072998046875,28.5020751953125,0.3371867835521698,-1,-1,-1
494,3,3680.908447265625,799.1907348632812,45.08251953125,108.13446044921875,0.5574288964271545,-1,-1,-1
494,330,2902.574951171875,560.1487426757812,18.72705078125,42.75958251953125,0.3951478600502014,-1,-1,-1
495,248,3906.0400390625,517.802490234375,12.02001953125,28.5531005859375,0.35269489884376526,-1,-1,-1
495,3,3679.34716796875,798.2356567382812,45.684814453125,108.50909423828125,0.6245808005332947,-1,-1,-1
495,330,2901.328125,562.1261596679688,18.032470703125,40.17376708984375,0.3776897192001343,-1,-1,-1
496,248,3906.02099609375,517.601806640625,12.005615234375,28.752197265625,0.35370275378227234,-1,-1,-1
496,3,3678.393798828125,798.326416015625,45.79150390625,108.50762939453125,0.6227154731750488,-1,-1,-1
496,330,2899.79638671875,562.4829711914062,18.2314453125,40.08551025390625,0.38943690061569214,-1,-1,-1
496,315,3396.35107421875,542.2066650390625,15.09375,34.34307861328125,0.30328959226608276,-1,-1,-1
497,248,3906.062255859375,517.452880859375,11.97216796875,28.87249755859375,0.3421286940574646,-1,-1,-1
497,3,3678.13525390625,799.0994873046875,45.0205078125,108.3978271484375,0.5582358837127686,-1,-1,-1
497,330,2898.577392578125,563.3372802734375,17.456298828125,38.67083740234375,0.32820889353752136,-1,-1,-1
498,248,3906.0751953125,517.4512329101562,12.02734375,28.78216552734375,0.34243667125701904,-1,-1,-1
498,3,3678.820068359375,798.9995727539062,42.33251953125,110.20361328125,0.5831620097160339,-1,-1,-1
498,330,2897.11962890625,564.4439086914062,17.3271484375,37.77899169921875,0.36080601811408997,-1,-1,-1
499,248,3906.053466796875,517.4344482421875,12.032470703125,28.77813720703125,0.33656248450279236,-1,-1,-1
499,3,3679.3349609375,800.4533081054688,40.6259765625,109.98590087890625,0.5819798707962036,-1,-1,-1
499,330,2895.760498046875,564.5492553710938,17.8720703125,39.10638427734375,0.3982014060020447,-1,-1,-1
499,315,3393.47021484375,540.6654663085938,16.745849609375,38.61767578125,0.30071961879730225,-1,-1,-1
500,248,3905.979248046875,517.2743530273438,12.076904296875,28.9593505859375,0.34973645210266113,-1,-1,-1
500,3,3678.77978515625,801.47705078125,40.631591796875,109.54510498046875,0.5091472268104553,-1,-1,-1
500,330,2894.258056640625,564.674560546875,19.099609375,41.46441650390625,0.4531365931034088,-1,-1,-1
500,315,3392.89501953125,540.3405151367188,17.16357421875,38.631103515625,0.27106916904449463,-1,-1,-1
501,248,3905.896240234375,516.1134033203125,12.199951171875,30.78155517578125,0.3152606189250946,-1,-1,-1
501,3,3676.738525390625,802.800048828125,42.449462890625,109.1610107421875,0.5338131785392761,-1,-1,-1
501,330,2892.332275390625,565.8176879882812,20.458251953125,41.847900390625,0.39343178272247314,-1,-1,-1
501,315,3392.52685546875,540.8615112304688,17.440185546875,39.07330322265625,0.28757354617118835,-1,-1,-1
502,248,3905.838623046875,515.7295532226562,12.304931640625,31.400634765625,0.305599182844162,-1,-1,-1
502,3,3675.1962890625,803.3694458007812,43.467529296875,109.34454345703125,0.5921188592910767,-1,-1,-1
502,315,3391.683349609375,541.6050415039062,18.654541015625,38.77655029296875,0.30053412914276123,-1,-1,-1
503,248,3905.855224609375,515.526611328125,12.313232421875,31.67919921875,0.3107677400112152,-1,-1,-1
503,3,3673.571044921875,804.1392211914062,44.384765625,108.82659912109375,0.6132038831710815,-1,-1,-1
503,315,3391.03955078125,541.6891479492188,19.107421875,38.8858642578125,0.2971966862678528,-1,-1,-1
504,248,3905.893310546875,515.5386962890625,12.251708984375,31.63525390625,0.2998950183391571,-1,-1,-1
504,3,3673.013916015625,804.6823120117188,43.899658203125,108.2142333984375,0.5549023747444153,-1,-1,-1
505,248,3905.923583984375,515.5371704101562,12.223876953125,31.6029052734375,0.3158963918685913,-1,-1,-1
505,3,3671.12646484375,805.4928588867188,43.784423828125,105.75201416015625,0.5525398254394531,-1,-1,-1
506,248,3906.008056640625,515.4710083007812,12.2197265625,31.562744140625,0.32537275552749634,-1,-1,-1
506,3,3671.025146484375,805.897216796875,41.986083984375,104.53961181640625,0.5897221565246582,-1,-1,-1
506,330,2882.8935546875,569.59716796875,21.52294921875,38.66259765625,0.38283461332321167,-1,-1,-1
507,248,3906.00048828125,515.3326416015625,12.215087890625,31.72015380859375,0.3299432694911957,-1,-1,-1
507,3,3671.455078125,806.5993041992188,39.455078125,103.71746826171875,0.6004281640052795,-1,-1,-1
507,330,2880.1171875,569.442626953125,21.600341796875,38.521240234375,0.46570220589637756,-1,-1,-1
508,248,3906.095947265625,515.1326293945312,12.197021484375,31.68756103515625,0.3243376910686493,-1,-1,-1
508,3,3672.22314453125,806.6204833984375,37.553466796875,103.84857177734375,0.5404554009437561,-1,-1,-1
508,330,2876.2275390625,569.7658081054688,23.63134765625,38.52728271484375,0.4427416920661926,-1,-1,-1
509,248,3906.052734375,515.1474609375,12.26708984375,31.77508544921875,0.3310360908508301,-1,-1,-1
509,3,3672.781982421875,806.793701171875,36.556640625,104.385498046875,0.5882085561752319,-1,-1,-1
509,330,2874.080078125,570.5476684570312,24.7265625,38.2242431640625,0.5185452103614807,-1,-1,-1
510,248,3906.063232421875,514.8855590820312,12.332763671875,32.068603515625,0.3536017835140228,-1,-1,-1
510,3,3673.52099609375,806.5391845703125,35.62548828125,105.68377685546875,0.6277667284011841,-1,-1,-1
510,330,2872.4931640625,571.0429077148438,26.20458984375,38.8564453125,0.5177030563354492,-1,-1,-1
511,248,3906.099365234375,514.713623046875,12.3662109375,32.32916259765625,0.3533428907394409,-1,-1,-1
511,3,3673.49072265625,806.9494018554688,35.33056640625,104.58929443359375,0.5132594108581543,-1,-1,-1
511,330,2871.3603515625,570.473876953125,26.243896484375,39.8277587890625,0.5702419281005859,-1,-1,-1
512,248,3906.178955078125,514.5016479492188,12.357666015625,32.560302734375,0.3526422083377838,-1,-1,-1
512,3,3671.338134765625,806.2720336914062,36.37548828125,105.15155029296875,0.32482942938804626,-1,-1,-1
512,330,2868.70751953125,570.2149047851562,27.1318359375,40.7003173828125,0.5569443106651306,-1,-1,-1
512,315,3382.7900390625,541.7044067382812,21.074462890625,39.32415771484375,0.2778966724872589,-1,-1,-1
513,248,3906.12109375,514.4271850585938,12.418212890625,32.7799072265625,0.32194268703460693,-1,-1,-1
513,3,3671.197265625,805.7763671875,36.1708984375,105.12890625,0.44851943850517273,-1,-1,-1
513,330,2866.327392578125,569.7755737304688,24.263671875,41.78094482421875,0.5205286741256714,-1,-1,-1
513,315,3379.964599609375,542.491943359375,22.9150390625,38.682373046875,0.2991730570793152,-1,-1,-1
514,248,3906.130615234375,514.3464965820312,12.445556640625,32.9061279296875,0.3127824068069458,-1,-1,-1
514,3,3670.373046875,806.4979858398438,35.999755859375,104.36553955078125,0.424373060464859,-1,-1,-1
514,330,2864.64013671875,570.8699951171875,23.32421875,41.43829345703125,0.44856569170951843,-1,-1,-1
515,248,3906.151611328125,514.23876953125,12.396728515625,33.056640625,0.28334304690361023,-1,-1,-1
515,330,2862.543701171875,572.44091796875,23.57177734375,40.762451171875,0.2540986239910126,-1,-1,-1
516,248,3906.12744140625,514.2080078125,12.399658203125,33.1251220703125,0.2886769771575928,-1,-1,-1
516,3,3667.870849609375,805.8073120117188,36.262939453125,104.267578125,0.30694258213043213,-1,-1,-1
517,248,3906.029052734375,514.337158203125,12.396240234375,32.96844482421875,0.2885549068450928,-1,-1,-1
517,3,3667.148681640625,805.3956298828125,36.118896484375,104.82464599609375,0.27120378613471985,-1,-1,-1
517,330,2856.359130859375,573.6660766601562,20.745361328125,40.6241455078125,0.4279382824897766,-1,-1,-1
518,330,2854.171630859375,573.6939086914062,19.564208984375,38.94232177734375,0.48811444640159607,-1,-1,-1
519,330,2849.996826171875,573.321533203125,21.251708984375,39.7421875,0.5299542546272278,-1,-1,-1
519,248,3906.05859375,514.7781982421875,12.30078125,32.6348876953125,0.2544914186000824,-1,-1,-1
519,3,3664.432861328125,803.026611328125,36.795166015625,105.7122802734375,0.45372945070266724,-1,-1,-1
520,330,2847.423095703125,571.7581176757812,22.44189453125,40.81610107421875,0.5465173125267029,-1,-1,-1
520,248,3905.962158203125,514.9046020507812,12.36962890625,32.4083251953125,0.26691439747810364,-1,-1,-1
520,3,3663.97216796875,803.305908203125,36.243408203125,104.8037109375,0.37813621759414673,-1,-1,-1
521,330,2846.271728515625,570.6221313476562,21.9326171875,40.70941162109375,0.5699724555015564,-1,-1,-1
521,248,3905.742431640625,514.7651977539062,12.5986328125,32.561767578125,0.3035842776298523,-1,-1,-1
521,3,3663.7451171875,802.7601318359375,36.194580078125,105.536865234375,0.49857380986213684,-1,-1,-1
522,330,2845.183349609375,569.6591186523438,20.4482421875,41.25579833984375,0.5707410573959351,-1,-1,-1
522,248,3905.66259765625,514.6447143554688,12.70361328125,32.66888427734375,0.31069979071617126,-1,-1,-1
522,3,3663.392578125,802.342041015625,35.04541015625,106.3511962890625,0.4724660813808441,-1,-1,-1
523,330,2841.907958984375,569.8621826171875,20.07666015625,40.4111328125,0.539421796798706,-1,-1,-1
523,248,3905.563720703125,514.760498046875,12.831298828125,32.4981689453125,0.31599006056785583,-1,-1,-1
523,3,3663.34033203125,802.7203369140625,33.594482421875,105.99603271484375,0.36592432856559753,-1,-1,-1
524,330,2840.008056640625,570.4827880859375,19.66943359375,38.3531494140625,0.4687793552875519,-1,-1,-1
524,248,3905.511962890625,514.961181640625,12.95166015625,32.22271728515625,0.3199634850025177,-1,-1,-1
524,3,3662.783203125,803.271728515625,33.5927734375,105.87774658203125,0.34772762656211853,-1,-1,-1
525,330,2837.441650390625,571.2891845703125,21.255615234375,37.786376953125,0.39615634083747864,-1,-1,-1
525,248,3905.43115234375,515.2427368164062,13.02685546875,31.89190673828125,0.31074628233909607,-1,-1,-1
525,3,3661.807861328125,802.998779296875,33.73876953125,107.3134765625,0.3480091094970703,-1,-1,-1
526,330,2835.757080078125,571.088134765625,22.274169921875,37.73541259765625,0.2650771737098694,-1,-1,-1
526,248,3905.313232421875,515.5685424804688,13.074462890625,31.48565673828125,0.2967594265937805,-1,-1,-1
526,3,3661.367919921875,803.27880859375,34.199951171875,108.03173828125,0.3998778760433197,-1,-1,-1
527,248,3905.119873046875,515.9573974609375,13.138671875,30.97607421875,0.27839452028274536,-1,-1,-1
528,248,3904.86083984375,516.3349609375,13.269775390625,30.45111083984375,0.2884966731071472,-1,-1,-1
528,3,3658.65771484375,804.6321411132812,35.59423828125,108.01214599609375,0.5244784355163574,-1,-1,-1
529,248,3904.55712890625,516.4990844726562,13.40966796875,30.170654296875,0.29624488949775696,-1,-1,-1
529,3,3657.16796875,804.2568969726562,34.939208984375,108.6484375,0.5134016275405884,-1,-1,-1
529,330,2828.63427734375,566.6909790039062,22.09326171875,45.30181884765625,0.3141508102416992,-1,-1,-1
530,248,3904.509033203125,516.519287109375,13.464599609375,30.009765625,0.28574201464653015,-1,-1,-1
530,3,3656.8544921875,804.6776123046875,32.751220703125,107.43829345703125,0.40548112988471985,-1,-1,-1
530,330,2827.5,566.9140625,20.10107421875,44.3311767578125,0.37855419516563416,-1,-1,-1
531,248,3904.447265625,516.663330078125,13.471435546875,29.79595947265625,0.27025240659713745,-1,-1,-1
531,3,3654.9560546875,804.3525390625,30.2998046875,107.97503662109375,0.4396742880344391,-1,-1,-1
531,330,2826.392822265625,566.9677124023438,18.259521484375,42.87261962890625,0.4061611294746399,-1,-1,-1
532,248,3904.22119140625,517.0172119140625,13.591552734375,29.5548095703125,0.2619648873806,-1,-1,-1
532,3,3650.402587890625,803.565673828125,33.158447265625,108.64434814453125,0.5622338056564331,-1,-1,-1
532,330,2824.54931640625,567.665771484375,18.06591796875,40.77716064453125,0.5009241104125977,-1,-1,-1
533,248,3904.046875,517.2050170898438,13.709716796875,29.485595703125,0.27234429121017456,-1,-1,-1
533,3,3646.918212890625,802.9302368164062,35.630126953125,109.32745361328125,0.6258522272109985,-1,-1,-1
533,330,2822.666748046875,568.0095825195312,19.364501953125,40.1087646484375,0.5085365772247314,-1,-1,-1
533,315,3362.040771484375,545.1500244140625,20.035400390625,37.667236328125,0.34897568821907043,-1,-1,-1
534,248,3904.07568359375,517.2119750976562,13.766845703125,29.4476318359375,0.2660706639289856,-1,-1,-1
534,3,3643.52587890625,802.7201538085938,38.426513671875,110.2095947265625,0.6196953654289246,-1,-1,-1
534,330,2820.784912109375,567.543701171875,20.3408203125,40.19580078125,0.4656980633735657,-1,-1,-1
534,315,3361.66552734375,545.0413208007812,21.274658203125,36.12567138671875,0.2744208574295044,-1,-1,-1
535,248,3904.00146484375,517.4732666015625,13.917236328125,29.28631591796875,0.272743821144104,-1,-1,-1
535,3,3641.353759765625,802.7423095703125,39.0673828125,108.86260986328125,0.6061592102050781,-1,-1,-1
535,330,2819.09521484375,566.0770874023438,18.625732421875,43.2933349609375,0.47680696845054626,-1,-1,-1
536,3,3639.74755859375,803.0308837890625,38.696044921875,108.1015625,0.5264039039611816,-1,-1,-1
536,330,2818.3984375,565.4698486328125,17.759765625,41.4757080078125,0.38863638043403625,-1,-1,-1
537,3,3638.914794921875,803.2991333007812,37.8154296875,108.92572021484375,0.4821888208389282,-1,-1,-1
537,330,2817.316650390625,564.3223266601562,17.07958984375,40.35479736328125,0.3872598111629486,-1,-1,-1
537,248,3903.4404296875,517.8109130859375,14.513427734375,29.154052734375,0.26911023259162903,-1,-1,-1
538,3,3637.93798828125,803.5362548828125,37.72216796875,108.91888427734375,0.5679783821105957,-1,-1,-1
538,330,2816.322998046875,563.7129516601562,16.922607421875,39.17138671875,0.3521360754966736,-1,-1,-1
538,248,3903.109130859375,517.8629760742188,14.912109375,28.9471435546875,0.25647392868995667,-1,-1,-1
539,3,3636.27001953125,803.4720458984375,38.74365234375,110.12738037109375,0.5888159871101379,-1,-1,-1
539,330,2814.88623046875,563.5333862304688,17.531982421875,39.8460693359375,0.3281014561653137,-1,-1,-1
539,248,3902.471923828125,517.6550903320312,15.283203125,28.782958984375,0.2550358772277832,-1,-1,-1
540,3,3631.3837890625,803.1181640625,43.13232421875,109.49859619140625,0.5800881385803223,-1,-1,-1
540,330,2812.686279296875,563.574951171875,19.31396484375,39.76458740234375,0.2959815263748169,-1,-1,-1
540,248,3901.667236328125,517.3302612304688,15.80859375,28.9547119140625,0.2656800448894501,-1,-1,-1
541,3,3628.85693359375,802.7725219726562,44.899658203125,108.59423828125,0.6523106694221497,-1,-1,-1
541,330,2811.232421875,564.3534545898438,20.475341796875,38.60516357421875,0.28731033205986023,-1,-1,-1
541,248,3901.230224609375,517.1548461914062,16.0205078125,29.03302001953125,0.28031519055366516,-1,-1,-1
542,3,3628.232421875,802.7568359375,45.314208984375,108.4666748046875,0.6478915214538574,-1,-1,-1
542,248,3900.74169921875,517.1317749023438,16.336669921875,28.7850341796875,0.28853288292884827,-1,-1,-1
543,3,3627.501953125,802.85595703125,45.3154296875,108.42730712890625,0.6196263432502747,-1,-1,-1
543,248,3900.290283203125,516.8869018554688,16.477783203125,29.1142578125,0.29719090461730957,-1,-1,-1
544,3,3626.746826171875,802.7386474609375,45.3837890625,108.2574462890625,0.6084391474723816,-1,-1,-1
544,359,5543.89990234375,536.6301879882812,45.0791015625,35.741455078125,0.40718764066696167,-1,-1,-1
545,3,3626.15869140625,802.5460815429688,45.404541015625,108.7479248046875,0.5915604829788208,-1,-1,-1
545,359,5546.73486328125,536.9375,41.89306640625,34.79071044921875,0.2950274646282196,-1,-1,-1
546,3,3625.268798828125,803.8123779296875,45.006591796875,109.7645263671875,0.6034923791885376,-1,-1,-1
547,3,3623.764892578125,805.162109375,45.307861328125,109.0487060546875,0.5427701473236084,-1,-1,-1
548,3,3622.83935546875,806.1546020507812,45.5625,107.9442138671875,0.5548762083053589,-1,-1,-1
549,3,3622.041259765625,806.6268310546875,45.431396484375,107.40582275390625,0.5964512825012207,-1,-1,-1
550,3,3622.16552734375,806.8670043945312,44.155029296875,106.8839111328125,0.6345245838165283,-1,-1,-1
550,360,5573.83837890625,537.2244873046875,34.140625,34.71160888671875,0.507834255695343,-1,-1,-1
551,3,3620.40234375,806.913818359375,44.05224609375,105.36810302734375,0.6217880249023438,-1,-1,-1
551,360,5577.6171875,536.4649047851562,34.98779296875,36.00006103515625,0.5090914368629456,-1,-1,-1
552,3,3620.26416015625,806.7791137695312,41.92236328125,104.60430908203125,0.6379817724227905,-1,-1,-1
552,360,5580.2109375,536.6533813476562,36.69677734375,35.79296875,0.4786404073238373,-1,-1,-1
553,3,3620.09716796875,806.0655517578125,40.71337890625,105.888916015625,0.6594628095626831,-1,-1,-1
553,360,5579.17431640625,536.641845703125,42.427734375,36.63751220703125,0.283107727766037,-1,-1,-1
554,3,3619.74267578125,806.05712890625,39.124267578125,105.02374267578125,0.6288992166519165,-1,-1,-1
554,360,5583.375,536.4364624023438,42.4384765625,36.89581298828125,0.2844170033931732,-1,-1,-1
555,3,3619.978515625,805.8170166015625,36.407470703125,104.69842529296875,0.4816686809062958,-1,-1,-1
555,360,5594.32373046875,536.6436157226562,35.78125,36.06536865234375,0.40256744623184204,-1,-1,-1
555,365,2792.378173828125,554.29443359375,20.5400390625,35.92041015625,0.3730538487434387,-1,-1,-1
556,3,3619.6796875,805.9013061523438,34.5615234375,104.768798828125,0.592023491859436,-1,-1,-1
556,360,5599.75537109375,536.8466796875,34.35302734375,36.06121826171875,0.38572248816490173,-1,-1,-1
556,365,2791.361328125,553.8646850585938,20.657470703125,36.59161376953125,0.39413216710090637,-1,-1,-1
557,3,3619.095703125,805.9442749023438,33.2216796875,105.6942138671875,0.6259590983390808,-1,-1,-1
557,360,5606.40966796875,537.6382446289062,30.68408203125,35.0374755859375,0.39253339171409607,-1,-1,-1
557,365,2790.253662109375,554.2463989257812,19.986572265625,35.547119140625,0.4176355004310608,-1,-1,-1
558,3,3619.256103515625,805.4871215820312,30.2734375,105.64129638671875,0.519821047782898,-1,-1,-1
558,365,2789.132568359375,554.2794189453125,18.3193359375,34.998046875,0.39016789197921753,-1,-1,-1
559,3,3619.0673828125,805.40234375,28.936279296875,106.00872802734375,0.5686271786689758,-1,-1,-1
559,365,2787.26220703125,550.868408203125,18.671875,38.045654296875,0.41761183738708496,-1,-1,-1
560,3,3613.349853515625,806.8599853515625,33.72900390625,103.78265380859375,0.5370004773139954,-1,-1,-1
560,365,2785.000244140625,548.6392822265625,20.073486328125,40.588134765625,0.3831362724304199,-1,-1,-1
561,3,3610.23876953125,806.8348999023438,36.1376953125,103.897216796875,0.5861924290657043,-1,-1,-1
561,365,2782.575439453125,548.2907104492188,21.77001953125,40.162109375,0.29871508479118347,-1,-1,-1
562,3,3606.526611328125,805.0269775390625,38.72900390625,105.14117431640625,0.5778445601463318,-1,-1,-1
562,365,2781.14501953125,548.739990234375,20.52392578125,39.8770751953125,0.28948673605918884,-1,-1,-1
563,3,3603.645263671875,804.0144653320312,41.066162109375,106.10382080078125,0.6069196462631226,-1,-1,-1
563,365,2779.14599609375,549.5137329101562,21.451171875,39.74237060546875,0.31353193521499634,-1,-1,-1
564,3,3601.150390625,802.5318603515625,43.003662109375,106.87054443359375,0.6417152285575867,-1,-1,-1
564,365,2777.90380859375,549.1935424804688,21.697265625,40.6033935546875,0.3460848033428192,-1,-1,-1
565,3,3599.89794921875,801.8764038085938,42.988525390625,106.53558349609375,0.6140421628952026,-1,-1,-1
565,365,2775.20703125,549.1054077148438,22.0576171875,40.7657470703125,0.2532064616680145,-1,-1,-1
566,3,3599.595458984375,802.4715576171875,42.863525390625,105.44659423828125,0.639198899269104,-1,-1,-1
566,365,2773.926513671875,546.85595703125,21.180419921875,42.1234130859375,0.2831961512565613,-1,-1,-1
567,3,3599.16259765625,802.5484619140625,42.927734375,105.19195556640625,0.575695812702179,-1,-1,-1
567,365,2772.934326171875,546.3787231445312,19.13623046875,40.35687255859375,0.30321764945983887,-1,-1,-1
568,3,3598.416015625,802.9580688476562,42.8681640625,104.38525390625,0.5075506567955017,-1,-1,-1
568,365,2771.77001953125,546.107666015625,17.64111328125,36.88079833984375,0.28279948234558105,-1,-1,-1
569,3,3599.4248046875,803.0716552734375,40.267333984375,104.16033935546875,0.4403826594352722,-1,-1,-1
569,365,2768.78759765625,545.6716918945312,19.55224609375,38.0927734375,0.2823127806186676,-1,-1,-1
570,3,3599.73095703125,802.399658203125,39.083251953125,104.99053955078125,0.4393654763698578,-1,-1,-1
570,365,2767.036376953125,544.5146484375,20.40625,40.309326171875,0.37668976187705994,-1,-1,-1
571,3,3598.927490234375,802.5512084960938,38.71142578125,105.20367431640625,0.3809363842010498,-1,-1,-1
571,365,2765.9453125,544.447509765625,20.983642578125,40.5633544921875,0.32801443338394165,-1,-1,-1
572,3,3600.46240234375,802.2484130859375,36.925537109375,105.84222412109375,0.42160147428512573,-1,-1,-1
572,365,2764.56494140625,543.1111450195312,21.445068359375,41.3759765625,0.28736963868141174,-1,-1,-1
573,3,3601.10791015625,801.8675537109375,36.32080078125,106.4693603515625,0.4485662579536438,-1,-1,-1
573,365,2761.631103515625,542.524658203125,22.46240234375,39.832763671875,0.32833653688430786,-1,-1,-1
573,360,5673.98583984375,542.4932250976562,32.89404296875,39.50933837890625,0.4273487329483032,-1,-1,-1
574,3,3600.904052734375,801.7217407226562,34.40087890625,107.050048828125,0.4049810767173767,-1,-1,-1
574,365,2759.7353515625,542.70263671875,22.18408203125,38.28460693359375,0.2979678213596344,-1,-1,-1
574,370,3303.787109375,548.7313232421875,20.801513671875,40.85498046875,0.3778473138809204,-1,-1,-1
575,3,3600.907958984375,801.1849365234375,31.867431640625,108.15838623046875,0.34505021572113037,-1,-1,-1
575,370,3303.214111328125,549.265625,19.84521484375,39.1456298828125,0.32157036662101746,-1,-1,-1
575,360,5679.83349609375,542.064208984375,34.9658203125,40.49139404296875,0.26375484466552734,-1,-1,-1
576,3,3597.51318359375,800.36083984375,35.05078125,109.52655029296875,0.5426813960075378,-1,-1,-1
577,3,3595.40283203125,800.0292358398438,36.63671875,110.02288818359375,0.5668168067932129,-1,-1,-1
578,3,3594.248046875,800.2498168945312,36.093505859375,109.20001220703125,0.5741826891899109,-1,-1,-1
579,3,3591.99365234375,800.0576171875,36.716064453125,110.468017578125,0.5699921250343323,-1,-1,-1
580,3,3589.40771484375,799.91015625,37.55712890625,110.5489501953125,0.4793184697628021,-1,-1,-1
580,372,3884.320556640625,514.0726928710938,17.720703125,33.93646240234375,0.36214038729667664,-1,-1,-1
581,3,3588.59765625,799.9322509765625,36.502685546875,110.0335693359375,0.4402518570423126,-1,-1,-1
581,372,3884.29443359375,514.5084838867188,16.784912109375,33.55670166015625,0.3567790389060974,-1,-1,-1
582,3,3588.0283203125,800.6154174804688,34.933349609375,110.10302734375,0.5028577446937561,-1,-1,-1
582,372,3884.078369140625,514.3408203125,16.34375,34.0274658203125,0.3689902722835541,-1,-1,-1
583,3,3586.658935546875,800.9874877929688,35.025390625,108.15240478515625,0.4112573564052582,-1,-1,-1
583,372,3883.897216796875,514.621337890625,16.23583984375,33.30157470703125,0.3644746243953705,-1,-1,-1
584,3,3584.26513671875,802.168701171875,36.355712890625,105.740966796875,0.39818236231803894,-1,-1,-1
584,372,3883.7578125,515.2886962890625,16.07568359375,32.2066650390625,0.40008318424224854,-1,-1,-1
585,3,3583.627197265625,801.96240234375,36.655029296875,105.40789794921875,0.46151643991470337,-1,-1,-1
585,372,3883.554443359375,515.6593017578125,16.157958984375,31.90216064453125,0.4144114553928375,-1,-1,-1
586,3,3582.588134765625,801.236328125,37.497802734375,105.0916748046875,0.508544921875,-1,-1,-1
586,372,3883.544677734375,515.552001953125,16.33349609375,32.04290771484375,0.4225007891654968,-1,-1,-1
587,3,3579.396484375,800.800537109375,40.428955078125,105.17138671875,0.5512902736663818,-1,-1,-1
587,372,3883.490966796875,515.3844604492188,16.648193359375,31.92437744140625,0.4652193486690521,-1,-1,-1
587,378,3281.7734375,548.17138671875,19.964111328125,42.885986328125,0.4283215403556824,-1,-1,-1
588,3,3577.306396484375,799.5250244140625,41.6123046875,106.2930908203125,0.506268322467804,-1,-1,-1
588,372,3883.455322265625,515.3074951171875,16.7470703125,31.837646484375,0.49603331089019775,-1,-1,-1
588,378,3279.56298828125,547.8726806640625,21.20654296875,42.263671875,0.40008798241615295,-1,-1,-1
589,3,3575.750244140625,798.6016845703125,42.548095703125,107.0838623046875,0.5651712417602539,-1,-1,-1
589,372,3883.33251953125,515.27197265625,16.494873046875,31.81182861328125,0.49798905849456787,-1,-1,-1
589,378,3276.350830078125,550.7764892578125,20.2646484375,39.018310546875,0.44916802644729614,-1,-1,-1
590,3,3573.212646484375,798.2869262695312,44.885498046875,107.76007080078125,0.5098899602890015,-1,-1,-1
590,372,3883.148681640625,515.099853515625,16.016357421875,32.17486572265625,0.491274893283844,-1,-1,-1
590,378,3275.408447265625,549.8123168945312,18.483154296875,40.78570556640625,0.35443052649497986,-1,-1,-1
591,3,3571.551025390625,796.9927978515625,45.87158203125,108.44769287109375,0.5096566677093506,-1,-1,-1
591,372,3883.00634765625,515.2063598632812,15.52978515625,32.21929931640625,0.4655226469039917,-1,-1,-1
591,378,3274.92431640625,552.7460327148438,17.24609375,37.6341552734375,0.28512054681777954,-1,-1,-1
592,3,3570.82861328125,796.3984985351562,45.73095703125,108.6158447265625,0.5799819827079773,-1,-1,-1
592,372,3882.921630859375,515.4171142578125,15.084228515625,31.9847412109375,0.4752960205078125,-1,-1,-1
593,3,3571.14599609375,796.579345703125,44.76708984375,108.25079345703125,0.5345224142074585,-1,-1,-1
593,372,3882.900390625,516.1090698242188,14.754638671875,31.34783935546875,0.44230303168296814,-1,-1,-1
594,3,3570.905029296875,797.2000122070312,44.385986328125,107.39849853515625,0.517344057559967,-1,-1,-1
594,372,3883.07470703125,516.4442138671875,14.3388671875,31.04779052734375,0.4573180079460144,-1,-1,-1
594,384,2718.934326171875,532.0419311523438,19.90869140625,39.397705078125,0.37397241592407227,-1,-1,-1
595,3,3570.713134765625,797.8681030273438,43.264892578125,106.96331787109375,0.51939857006073,-1,-1,-1
595,372,3882.988037109375,516.1543579101562,14.24072265625,31.4561767578125,0.45922398567199707,-1,-1,-1
595,384,2717.234619140625,530.6713256835938,18.80419921875,42.0341796875,0.4305627644062042,-1,-1,-1
596,3,3570.37841796875,799.2374877929688,43.267578125,105.779296875,0.31264087557792664,-1,-1,-1
596,372,3882.865966796875,515.7979125976562,14.26171875,31.83203125,0.44679880142211914,-1,-1,-1
596,384,2714.965576171875,530.6940307617188,19.0576171875,34.10205078125,0.3660098612308502,-1,-1,-1
596,378,3261.990234375,549.7365112304688,22.055419921875,42.35113525390625,0.43153566122055054,-1,-1,-1
597,3,3569.107666015625,800.0552368164062,43.52490234375,105.29681396484375,0.42622584104537964,-1,-1,-1
597,372,3881.65771484375,515.7257690429688,15.67041015625,31.82550048828125,0.5107339024543762,-1,-1,-1
597,384,2712.728271484375,529.2379760742188,20.271240234375,30.22064208984375,0.4765632748603821,-1,-1,-1
597,378,3259.937744140625,549.2305908203125,22.263916015625,43.23883056640625,0.5263422727584839,-1,-1,-1
598,3,3568.818115234375,799.8533935546875,42.711669921875,105.78265380859375,0.3712187707424164,-1,-1,-1
598,372,3881.267333984375,515.5729370117188,16.240478515625,32.14154052734375,0.5012861490249634,-1,-1,-1
598,384,2709.7109375,528.8034057617188,19.8681640625,34.86334228515625,0.5483103394508362,-1,-1,-1
598,378,3257.251708984375,547.7992553710938,21.741943359375,45.651611328125,0.6088324785232544,-1,-1,-1
599,372,3881.13720703125,515.4061889648438,16.4814453125,32.3272705078125,0.4803990423679352,-1,-1,-1
599,384,2707.488525390625,527.6779174804688,19.00634765625,36.84039306640625,0.5519776344299316,-1,-1,-1
599,378,3255.303955078125,548.9127197265625,22.335693359375,44.13946533203125,0.4507041871547699,-1,-1,-1
600,372,3880.95068359375,515.3069458007812,16.5283203125,32.302978515625,0.4934035837650299,-1,-1,-1
600,384,2705.708251953125,528.589599609375,18.663330078125,36.58001708984375,0.4713996648788452,-1,-1,-1
600,378,3253.717529296875,551.636962890625,20.824951171875,41.84393310546875,0.3797410726547241,-1,-1,-1
600,3,3567.78955078125,799.9548950195312,40.627685546875,105.80767822265625,0.4668775200843811,-1,-1,-1
601,372,3880.947021484375,515.2850952148438,16.352294921875,32.22332763671875,0.45556163787841797,-1,-1,-1
601,384,2703.271484375,529.6895751953125,20.209228515625,36.70263671875,0.29129359126091003,-1,-1,-1
601,378,3250.3564453125,553.8853759765625,19.665283203125,39.11279296875,0.3558460474014282,-1,-1,-1
602,372,3880.959228515625,515.2950439453125,16.16015625,32.0462646484375,0.47601160407066345,-1,-1,-1
602,378,3248.419921875,556.5780639648438,18.2490234375,36.41802978515625,0.28438642621040344,-1,-1,-1
602,3,3567.28369140625,800.3851928710938,37.456787109375,104.95330810546875,0.4072510004043579,-1,-1,-1
603,372,3880.81201171875,515.2779541015625,16.0458984375,32.04998779296875,0.4841875731945038,-1,-1,-1
603,378,3246.588134765625,555.417236328125,18.436279296875,37.98504638671875,0.2763420641422272,-1,-1,-1
603,3,3565.604248046875,800.407470703125,37.897705078125,106.03875732421875,0.544679582118988,-1,-1,-1
604,372,3880.59521484375,515.4552612304688,16.14697265625,31.75958251953125,0.4493252635002136,-1,-1,-1
604,3,3564.319091796875,800.4505615234375,37.57373046875,106.13604736328125,0.48567792773246765,-1,-1,-1
605,372,3880.3427734375,515.6746215820312,16.236328125,31.3856201171875,0.4566507637500763,-1,-1,-1
605,3,3563.25390625,800.845703125,37.41748046875,105.160400390625,0.3528587222099304,-1,-1,-1
606,372,3880.1513671875,515.8261108398438,16.236572265625,31.2337646484375,0.4403202533721924,-1,-1,-1
607,372,3880.2802734375,515.7064819335938,16.029296875,31.4263916015625,0.47423702478408813,-1,-1,-1
607,384,2690.408447265625,526.73974609375,18.346923828125,37.12921142578125,0.27453577518463135,-1,-1,-1
608,372,3880.48095703125,515.6356811523438,15.781494140625,31.53363037109375,0.47463199496269226,-1,-1,-1
608,378,3234.65625,555.61328125,19.728515625,37.07598876953125,0.26979193091392517,-1,-1,-1
608,3,3562.712890625,801.9085693359375,35.385009765625,104.14947509765625,0.3854251503944397,-1,-1,-1
609,372,3880.60205078125,515.5912475585938,15.557373046875,31.53521728515625,0.4727514684200287,-1,-1,-1
609,378,3232.25830078125,553.9321899414062,19.41552734375,37.8211669921875,0.3482816219329834,-1,-1,-1
609,3,3561.030517578125,802.27294921875,36.227294921875,104.10455322265625,0.3038531243801117,-1,-1,-1
610,372,3880.817138671875,515.6151733398438,15.238525390625,31.46966552734375,0.437946617603302,-1,-1,-1
610,378,3229.7373046875,553.9163818359375,17.791259765625,39.03265380859375,0.4359918236732483,-1,-1,-1
611,372,3881.373291015625,515.17529296875,14.6689453125,32.25640869140625,0.4110478162765503,-1,-1,-1
611,378,3226.33251953125,554.365966796875,17.0537109375,37.6651611328125,0.38069576025009155,-1,-1,-1
612,372,3881.62158203125,514.9087524414062,14.1923828125,32.7349853515625,0.39021041989326477,-1,-1,-1
612,378,3222.425537109375,555.1073608398438,17.416015625,36.99920654296875,0.3457833528518677,-1,-1,-1
613,372,3881.6044921875,514.8663330078125,14.01123046875,32.825439453125,0.4079715311527252,-1,-1,-1
613,378,3220.52294921875,556.27392578125,17.7314453125,37.38824462890625,0.3227512836456299,-1,-1,-1
614,372,3881.494873046875,514.7904052734375,14.023681640625,33.005615234375,0.4213908016681671,-1,-1,-1
614,378,3219.980712890625,556.2452392578125,17.2529296875,37.43292236328125,0.3188936114311218,-1,-1,-1
614,395,2673.86083984375,528.3573608398438,28.1181640625,49.10211181640625,0.39634203910827637,-1,-1,-1
615,372,3881.6923828125,514.7254028320312,13.85546875,33.1314697265625,0.4541778266429901,-1,-1,-1
615,378,3215.714111328125,554.8649291992188,20.496337890625,39.580810546875,0.3019251525402069,-1,-1,-1
615,395,2671.097900390625,524.9570922851562,25.849365234375,55.59796142578125,0.4224661588668823,-1,-1,-1
616,372,3881.707763671875,514.710693359375,13.834228515625,33.18829345703125,0.4451245963573456,-1,-1,-1
616,378,3213.12451171875,554.3883056640625,21.776123046875,41.76934814453125,0.47022247314453125,-1,-1,-1
616,395,2666.35498046875,524.0560302734375,24.60400390625,58.45184326171875,0.4328385293483734,-1,-1,-1
617,372,3881.80029296875,514.8237915039062,13.687744140625,33.03167724609375,0.45256131887435913,-1,-1,-1
617,378,3210.2607421875,555.2600708007812,24.092529296875,44.1263427734375,0.3716614246368408,-1,-1,-1
617,395,2662.743896484375,522.9732055664062,23.7236328125,59.93231201171875,0.5743499994277954,-1,-1,-1
618,372,3881.8291015625,514.7714233398438,13.79736328125,33.1419677734375,0.44454288482666016,-1,-1,-1
618,378,3207.341064453125,555.05029296875,24.01171875,43.53350830078125,0.3945727050304413,-1,-1,-1
618,395,2658.796630859375,522.84912109375,22.689208984375,59.76470947265625,0.5716183185577393,-1,-1,-1
618,3,3556.267822265625,801.4028930664062,35.308349609375,104.7833251953125,0.3456006348133087,-1,-1,-1
619,372,3881.883056640625,514.7998657226562,13.78857421875,33.08642578125,0.45709940791130066,-1,-1,-1
619,378,3206.143798828125,555.905517578125,21.984375,42.39556884765625,0.43393367528915405,-1,-1,-1
619,395,2655.507568359375,522.5635986328125,24.13134765625,59.24212646484375,0.5273959636688232,-1,-1,-1
619,3,3555.370849609375,799.8862915039062,36.7021484375,106.26165771484375,0.5110238790512085,-1,-1,-1
620,372,3881.9775390625,514.8413696289062,13.647705078125,33.0032958984375,0.43704351782798767,-1,-1,-1
620,378,3204.676513671875,558.5439453125,19.914794921875,38.7347412109375,0.43469667434692383,-1,-1,-1
620,395,2653.325927734375,524.0989990234375,23.719970703125,55.64898681640625,0.5350872874259949,-1,-1,-1
620,3,3554.28564453125,799.7889404296875,36.597412109375,105.9189453125,0.4623972773551941,-1,-1,-1
621,372,3882.07958984375,514.8405151367188,13.38232421875,32.931640625,0.4524567425251007,-1,-1,-1
621,378,3202.561767578125,556.0167236328125,19.421630859375,39.7342529296875,0.4906499683856964,-1,-1,-1
621,395,2648.785888671875,525.9593505859375,25.794189453125,51.93646240234375,0.437876433134079,-1,-1,-1
621,3,3553.31689453125,798.9537963867188,35.468994140625,106.30987548828125,0.5040136575698853,-1,-1,-1
622,372,3882.056396484375,514.7759399414062,13.41015625,33.08575439453125,0.4366450309753418,-1,-1,-1
622,378,3199.939453125,555.1446533203125,17.5302734375,42.014892578125,0.4875631630420685,-1,-1,-1
622,395,2644.33447265625,526.5101318359375,28.938232421875,48.0794677734375,0.3047254979610443,-1,-1,-1
622,3,3552.657470703125,798.5576171875,34.900390625,106.41912841796875,0.5953720808029175,-1,-1,-1
623,372,3881.91650390625,514.7256469726562,13.514404296875,33.1966552734375,0.45857173204421997,-1,-1,-1
623,378,3196.63671875,555.7371826171875,17.13330078125,42.94586181640625,0.43625926971435547,-1,-1,-1
623,3,3552.385498046875,798.43408203125,33.46533203125,106.5306396484375,0.5706250667572021,-1,-1,-1
623,402,3125.033447265625,516.9072265625,15.246337890625,31.59710693359375,0.3852013349533081,-1,-1,-1
624,372,3881.902587890625,514.7485961914062,13.412353515625,33.1058349609375,0.4463225305080414,-1,-1,-1
624,378,3194.78369140625,556.1676025390625,17.4501953125,43.53436279296875,0.3888602554798126,-1,-1,-1
624,3,3551.95654296875,798.4627685546875,32.15771484375,106.5994873046875,0.5225712060928345,-1,-1,-1
624,402,3123.64599609375,517.9081420898438,15.1435546875,30.3790283203125,0.3555404841899872,-1,-1,-1
625,372,3881.77197265625,514.98291015625,13.4697265625,32.75885009765625,0.4356229305267334,-1,-1,-1
625,378,3190.934326171875,556.62353515625,20.558837890625,43.7783203125,0.31420648097991943,-1,-1,-1
625,3,3552.03759765625,798.2377319335938,31.90966796875,106.46734619140625,0.5744359493255615,-1,-1,-1
625,402,3121.07666015625,515.5014038085938,17.1396484375,31.85302734375,0.3054937422275543,-1,-1,-1
626,372,3881.75439453125,514.9869995117188,13.45458984375,32.8140869140625,0.4136233329772949,-1,-1,-1
626,3,3551.93603515625,798.4863891601562,32.243896484375,106.44989013671875,0.5384862422943115,-1,-1,-1
627,372,3881.785400390625,515.0491943359375,13.308837890625,32.70135498046875,0.41023513674736023,-1,-1,-1
627,3,3550.5595703125,798.7739868164062,33.06494140625,106.932861328125,0.37538450956344604,-1,-1,-1
628,372,3881.694091796875,515.2960205078125,13.28955078125,32.42791748046875,0.39000532031059265,-1,-1,-1
628,3,3549.41357421875,798.8359375,34.094970703125,107.14990234375,0.41150781512260437,-1,-1,-1
629,372,3881.685302734375,515.4194946289062,13.25537109375,32.2225341796875,0.412798136472702,-1,-1,-1
629,3,3549.267822265625,798.9381713867188,33.93115234375,106.62481689453125,0.3686245083808899,-1,-1,-1
630,372,3881.724609375,515.551025390625,13.1748046875,32.0469970703125,0.400907963514328,-1,-1,-1
630,378,3178.833984375,558.5164794921875,20.665771484375,41.22869873046875,0.2823818624019623,-1,-1,-1
631,372,3881.8212890625,515.5858764648438,13.044677734375,31.9921875,0.4012785255908966,-1,-1,-1
631,378,3177.40869140625,559.261962890625,18.049560546875,40.71636962890625,0.3909884989261627,-1,-1,-1
632,372,3881.837158203125,515.5728149414062,13.056884765625,32.0745849609375,0.40127724409103394,-1,-1,-1
632,378,3176.108154296875,559.1934814453125,18.337158203125,41.05877685546875,0.4019579291343689,-1,-1,-1
633,372,3881.880859375,515.5786743164062,13.0068359375,31.978515625,0.3947439193725586,-1,-1,-1
633,378,3173.025634765625,559.4034423828125,18.31982421875,40.79119873046875,0.3242017328739166,-1,-1,-1
634,372,3881.722412109375,515.553466796875,13.321044921875,32.08868408203125,0.3805367946624756,-1,-1,-1
634,378,3170.42724609375,560.3775024414062,17.322265625,40.244873046875,0.3406336009502411,-1,-1,-1
635,372,3881.63671875,515.4830322265625,13.430419921875,32.2408447265625,0.41737109422683716,-1,-1,-1
635,378,3167.79248046875,561.3292236328125,17.54150390625,39.44317626953125,0.3513147532939911,-1,-1,-1
636,372,3881.323486328125,515.3515625,13.822998046875,32.37591552734375,0.43854352831840515,-1,-1,-1
636,378,3164.803955078125,561.0765380859375,20.01220703125,40.25567626953125,0.35214054584503174,-1,-1,-1
636,3,3534.9052734375,800.580810546875,43.43310546875,110.00213623046875,0.3190779685974121,-1,-1,-1
637,372,3881.025634765625,515.41650390625,14.236572265625,32.30010986328125,0.42762863636016846,-1,-1,-1
637,378,3160.1640625,556.610107421875,23.544189453125,46.04144287109375,0.3880229592323303,-1,-1,-1
637,3,3533.25341796875,800.5473022460938,44.9912109375,109.7735595703125,0.2827087640762329,-1,-1,-1
638,372,3881.060302734375,515.5206909179688,14.3271484375,32.2081298828125,0.4171147346496582,-1,-1,-1
638,378,3157.209228515625,555.785400390625,24.767822265625,47.95050048828125,0.36962801218032837,-1,-1,-1
639,372,3881.045654296875,515.397216796875,14.472412109375,32.39715576171875,0.42130905389785767,-1,-1,-1
639,378,3154.4189453125,557.6084594726562,23.713623046875,46.29522705078125,0.40899544954299927,-1,-1,-1
640,372,3881.1015625,515.4046630859375,14.432373046875,32.36871337890625,0.4196012616157532,-1,-1,-1
640,378,3152.66650390625,558.6138305664062,23.43115234375,44.31317138671875,0.3243858516216278,-1,-1,-1
641,372,3881.32666015625,515.443603515625,14.146484375,32.2608642578125,0.38141992688179016,-1,-1,-1
641,378,3151.557373046875,560.635498046875,18.384521484375,42.45703125,0.4519873559474945,-1,-1,-1
642,372,3881.41162109375,515.4461059570312,14.071044921875,32.242431640625,0.3720386326313019,-1,-1,-1
642,378,3150.13623046875,562.4005126953125,17.086669921875,41.32940673828125,0.43118298053741455,-1,-1,-1
643,372,3881.43310546875,515.46826171875,13.995361328125,32.1875,0.3566654622554779,-1,-1,-1
643,378,3147.064208984375,562.33447265625,17.956298828125,40.81231689453125,0.39608776569366455,-1,-1,-1
644,372,3881.396728515625,515.4384765625,14.02685546875,32.22979736328125,0.36937031149864197,-1,-1,-1
644,378,3143.47021484375,561.3824462890625,18.6708984375,42.61541748046875,0.31022369861602783,-1,-1,-1
645,372,3881.3935546875,515.691650390625,13.973876953125,31.89605712890625,0.3780723214149475,-1,-1,-1
645,378,3140.865234375,561.1348876953125,18.908203125,42.49176025390625,0.28588616847991943,-1,-1,-1
646,372,3881.378662109375,515.7267456054688,13.936767578125,31.8648681640625,0.3755241930484772,-1,-1,-1
646,378,3138.8837890625,561.9152221679688,19.02001953125,41.83203125,0.26686176657676697,-1,-1,-1
647,372,3881.390869140625,515.6984252929688,13.843505859375,31.85308837890625,0.3584977984428406,-1,-1,-1
648,372,3881.425048828125,515.6369018554688,13.721923828125,31.907470703125,0.3683730661869049,-1,-1,-1
649,372,3881.39501953125,515.6489868164062,13.673828125,31.90032958984375,0.3677758276462555,-1,-1,-1
650,372,3881.46044921875,515.548583984375,13.52734375,32.04827880859375,0.3779502213001251,-1,-1,-1
650,378,3126.59375,561.6512451171875,22.043212890625,43.661376953125,0.3066118061542511,-1,-1,-1
651,372,3881.536865234375,515.5025024414062,13.474609375,32.1246337890625,0.3534228801727295,-1,-1,-1
651,378,3125.312255859375,563.2880859375,19.329833984375,42.87884521484375,0.4165270924568176,-1,-1,-1
652,372,3881.581298828125,515.4258422851562,13.413818359375,32.22210693359375,0.34150001406669617,-1,-1,-1
652,378,3123.8271484375,564.5758666992188,17.69482421875,42.01483154296875,0.44538843631744385,-1,-1,-1
653,372,3881.543701171875,515.49609375,13.470458984375,32.19171142578125,0.34365153312683105,-1,-1,-1
653,378,3120.907958984375,564.5140380859375,18.338623046875,42.1248779296875,0.489652544260025,-1,-1,-1
654,372,3881.678955078125,515.4989624023438,13.338623046875,32.2760009765625,0.3576292097568512,-1,-1,-1
654,378,3117.54248046875,563.1859130859375,19.35546875,43.6038818359375,0.4325520694255829,-1,-1,-1
655,372,3881.72998046875,515.4147338867188,13.37939453125,32.395263671875,0.3518540561199188,-1,-1,-1
655,378,3114.70849609375,563.25537109375,19.004638671875,42.92822265625,0.4418611228466034,-1,-1,-1
656,372,3881.761962890625,515.2353515625,13.43798828125,32.68060302734375,0.36817026138305664,-1,-1,-1
656,378,3113.010498046875,563.3077392578125,18.917236328125,42.6138916015625,0.4488447606563568,-1,-1,-1
657,372,3881.712646484375,515.30224609375,13.44873046875,32.63946533203125,0.3715115189552307,-1,-1,-1
657,378,3109.6220703125,562.9379272460938,20.683349609375,42.85980224609375,0.4315923750400543,-1,-1,-1
658,372,3881.6865234375,515.1509399414062,14.189208984375,32.8780517578125,0.3952227234840393,-1,-1,-1
658,378,3106.138916015625,562.4218139648438,20.93017578125,45.6715087890625,0.49054673314094543,-1,-1,-1
659,372,3881.604736328125,515.1347045898438,14.656982421875,32.9583740234375,0.4095657765865326,-1,-1,-1
659,378,3102.56884765625,562.110107421875,22.053955078125,47.40692138671875,0.5094088315963745,-1,-1,-1
660,372,3881.699462890625,515.1598510742188,15.454833984375,33.01593017578125,0.4327417016029358,-1,-1,-1
660,378,3100.075927734375,562.5046997070312,22.11279296875,46.98736572265625,0.4615648090839386,-1,-1,-1
661,372,3881.957763671875,515.4639282226562,15.44677734375,32.71533203125,0.45603442192077637,-1,-1,-1
661,378,3098.444580078125,562.29833984375,20.30078125,45.90509033203125,0.3835986852645874,-1,-1,-1
662,372,3882.20947265625,515.5493774414062,15.3720703125,32.6881103515625,0.43275296688079834,-1,-1,-1
662,378,3097.992431640625,563.5797119140625,17.7109375,44.75543212890625,0.4884680211544037,-1,-1,-1
663,372,3882.298583984375,515.6034545898438,15.40625,32.65789794921875,0.4264146387577057,-1,-1,-1
663,378,3095.26904296875,564.4945678710938,18.35205078125,43.01416015625,0.5606173872947693,-1,-1,-1
664,372,3882.400390625,515.5720825195312,15.444580078125,32.67864990234375,0.4595193862915039,-1,-1,-1
664,378,3091.590576171875,565.7360229492188,19.98828125,41.91717529296875,0.5250961780548096,-1,-1,-1
664,416,2737.635498046875,497.54852294921875,24.5810546875,36.498291015625,0.37905353307724,-1,-1,-1
665,372,3882.4326171875,515.6629638671875,15.338134765625,32.58740234375,0.4740995764732361,-1,-1,-1
665,378,3088.184326171875,567.40771484375,19.11669921875,39.77154541015625,0.45671510696411133,-1,-1,-1
665,416,2737.647705078125,497.41851806640625,23.753662109375,37.775634765625,0.4025948643684387,-1,-1,-1
666,372,3882.42431640625,515.6123657226562,15.330810546875,32.63629150390625,0.48660314083099365,-1,-1,-1
666,378,3085.859619140625,567.59228515625,19.13330078125,40.841552734375,0.5043774843215942,-1,-1,-1
666,416,2737.24853515625,498.0422058105469,24.13134765625,37.837982177734375,0.4045931100845337,-1,-1,-1
667,372,3882.38427734375,515.5093994140625,15.304931640625,32.710205078125,0.4917049705982208,-1,-1,-1
667,378,3084.188232421875,567.8709106445312,20.36328125,41.665771484375,0.45449909567832947,-1,-1,-1
667,416,2737.057861328125,497.8126525878906,23.253662109375,38.651580810546875,0.42596954107284546,-1,-1,-1
668,372,3882.3828125,515.5269775390625,15.265869140625,32.65899658203125,0.49839407205581665,-1,-1,-1
668,378,3080.588134765625,568.32275390625,22.7724609375,40.285400390625,0.33886411786079407,-1,-1,-1
668,416,2736.637451171875,497.0776672363281,22.44775390625,39.873992919921875,0.447890043258667,-1,-1,-1
669,372,3882.260986328125,515.5029296875,15.332275390625,32.71527099609375,0.4945704936981201,-1,-1,-1
669,416,2736.377685546875,496.6643371582031,22.1953125,40.266021728515625,0.4408165216445923,-1,-1,-1
670,372,3882.232666015625,515.108642578125,15.503173828125,33.232666015625,0.49559876322746277,-1,-1,-1
670,416,2736.41748046875,496.5939636230469,22.297119140625,40.613189697265625,0.4595109820365906,-1,-1,-1
670,378,3072.9404296875,567.6448364257812,24.07177734375,41.3099365234375,0.44209790229797363,-1,-1,-1
671,372,3882.25537109375,515.1866455078125,15.30859375,33.1900634765625,0.49797961115837097,-1,-1,-1
671,416,2737.224853515625,496.5560607910156,21.8544921875,40.378509521484375,0.4648972451686859,-1,-1,-1
671,422,2614.005615234375,514.2972412109375,26.211181640625,40.5108642578125,0.37158331274986267,-1,-1,-1
671,378,3071.063232421875,567.5198364257812,21.572265625,42.14276123046875,0.5060206055641174,-1,-1,-1
672,372,3882.27197265625,515.123779296875,15.306396484375,33.22247314453125,0.5067988038063049,-1,-1,-1
672,416,2737.6474609375,496.39312744140625,21.583984375,39.93499755859375,0.4562069773674011,-1,-1,-1
672,422,2613.920166015625,514.77880859375,25.21875,39.79730224609375,0.3887809216976166,-1,-1,-1
672,378,3069.74267578125,567.7131958007812,19.533447265625,41.158935546875,0.5435470342636108,-1,-1,-1
673,372,3882.311767578125,515.2252807617188,15.002685546875,33.08758544921875,0.5019046068191528,-1,-1,-1
673,416,2737.897216796875,496.7682800292969,21.599365234375,38.770294189453125,0.4390813410282135,-1,-1,-1
673,422,2614.281982421875,516.68212890625,24.03759765625,38.41986083984375,0.36301949620246887,-1,-1,-1
673,378,3066.5498046875,568.235595703125,20.171142578125,40.06134033203125,0.6501139998435974,-1,-1,-1
674,372,3882.32763671875,515.1756591796875,14.818115234375,33.12457275390625,0.5019203424453735,-1,-1,-1
674,416,2738.0703125,496.79205322265625,21.86572265625,37.8499755859375,0.4594917893409729,-1,-1,-1
674,422,2613.519775390625,518.1510620117188,24.6357421875,38.066162109375,0.3827306628227234,-1,-1,-1
674,378,3063.804443359375,568.8909912109375,19.146240234375,39.09521484375,0.5802413821220398,-1,-1,-1
675,372,3882.328125,514.9950561523438,14.632568359375,33.2823486328125,0.48736080527305603,-1,-1,-1
675,416,2738.0634765625,496.9709777832031,22.361083984375,37.046417236328125,0.4481956958770752,-1,-1,-1
675,422,2612.6435546875,517.771484375,26.0771484375,40.04168701171875,0.41070976853370667,-1,-1,-1
675,378,3060.633544921875,569.6737670898438,18.241455078125,39.2042236328125,0.4815655052661896,-1,-1,-1
676,372,3882.329345703125,514.9819946289062,14.341064453125,33.2420654296875,0.4789513051509857,-1,-1,-1
676,416,2737.976806640625,496.565673828125,22.93408203125,37.64617919921875,0.4474199712276459,-1,-1,-1
676,422,2612.16064453125,518.0894775390625,25.393798828125,40.06439208984375,0.4188200533390045,-1,-1,-1
676,378,3057.59716796875,571.3447875976562,18.370361328125,39.28607177734375,0.3930937349796295,-1,-1,-1
677,372,3882.3427734375,514.9859008789062,14.13134765625,33.20654296875,0.4754158556461334,-1,-1,-1
677,416,2737.990966796875,496.5137939453125,23.392333984375,37.94683837890625,0.43295133113861084,-1,-1,-1
677,422,2612.044189453125,517.6334838867188,24.902587890625,41.2493896484375,0.44162315130233765,-1,-1,-1
677,378,3053.5302734375,571.7470092773438,21.115478515625,39.4722900390625,0.3171505630016327,-1,-1,-1
678,372,3882.38134765625,514.9653930664062,14.04833984375,33.1884765625,0.4894849956035614,-1,-1,-1
678,416,2738.061279296875,496.21612548828125,23.594970703125,37.977294921875,0.4316377639770508,-1,-1,-1
678,422,2611.797119140625,517.8084716796875,24.65771484375,40.577880859375,0.4261820912361145,-1,-1,-1
679,372,3882.374755859375,514.92236328125,14.009765625,33.241943359375,0.4707128703594208,-1,-1,-1
679,416,2738.0673828125,496.1587829589844,23.731689453125,39.092315673828125,0.468517541885376,-1,-1,-1
679,422,2611.852294921875,517.419921875,24.02587890625,40.79400634765625,0.42027613520622253,-1,-1,-1
679,433,3531.20068359375,800.389404296875,42.971923828125,111.670166015625,0.31714481115341187,-1,-1,-1
680,372,3882.392578125,514.965087890625,13.93701171875,33.177490234375,0.4755561947822571,-1,-1,-1
680,416,2737.961669921875,496.2455139160156,23.9140625,39.596954345703125,0.44060489535331726,-1,-1,-1
680,422,2612.16064453125,517.4353637695312,22.760986328125,41.09332275390625,0.4112597703933716,-1,-1,-1
680,433,3531.337890625,800.2532348632812,42.81982421875,111.75860595703125,0.31141477823257446,-1,-1,-1
680,378,3045.043701171875,568.01025390625,22.016845703125,41.863525390625,0.2675601840019226,-1,-1,-1
681,372,3882.39599609375,515.1068115234375,13.876708984375,33.02130126953125,0.47979405522346497,-1,-1,-1
681,416,2737.731689453125,496.32720947265625,24.7197265625,39.13702392578125,0.42202234268188477,-1,-1,-1
681,422,2612.022216796875,517.2213745117188,22.09716796875,41.32745361328125,0.4202275574207306,-1,-1,-1
681,433,3531.44384765625,800.25,42.7421875,111.66656494140625,0.3163111209869385,-1,-1,-1
681,378,3042.659423828125,567.545166015625,23.404296875,43.87835693359375,0.32523176074028015,-1,-1,-1
682,372,3882.373779296875,515.1226196289062,13.787841796875,32.92205810546875,0.47673511505126953,-1,-1,-1
682,416,2737.69140625,496.5228576660156,25.1826171875,37.768096923828125,0.3939674198627472,-1,-1,-1
682,422,2611.893798828125,517.336181640625,21.802734375,40.51190185546875,0.39927488565444946,-1,-1,-1
682,433,3531.53125,800.283203125,42.52392578125,111.5968017578125,0.2634476125240326,-1,-1,-1
682,378,3038.239013671875,567.6780395507812,24.326904296875,44.0089111328125,0.43045008182525635,-1,-1,-1
683,372,3882.342041015625,515.2290649414062,13.782958984375,32.71942138671875,0.4733724296092987,-1,-1,-1
683,416,2737.8837890625,497.620361328125,25.60205078125,35.41339111328125,0.3560272753238678,-1,-1,-1
683,422,2611.556640625,517.4431762695312,21.92626953125,41.70965576171875,0.4085257053375244,-1,-1,-1
683,433,3531.646240234375,800.260498046875,42.282470703125,111.37261962890625,0.25095921754837036,-1,-1,-1
683,378,3035.1884765625,567.4763793945312,22.01171875,44.396484375,0.4805263876914978,-1,-1,-1
684,372,3882.281982421875,515.3272705078125,13.7958984375,32.606201171875,0.45551958680152893,-1,-1,-1
684,416,2738.362060546875,497.0484313964844,25.916748046875,35.390716552734375,0.38148775696754456,-1,-1,-1
684,422,2611.483642578125,517.4016723632812,21.988525390625,41.77642822265625,0.4162825644016266,-1,-1,-1
684,378,3031.62939453125,566.6795654296875,20.43310546875,44.90814208984375,0.37837135791778564,-1,-1,-1
685,372,3882.1875,515.4968872070312,13.95263671875,32.45843505859375,0.46652695536613464,-1,-1,-1
685,416,2739.17333984375,496.74658203125,25.966796875,34.6131591796875,0.36598482728004456,-1,-1,-1
685,422,2611.533203125,517.4567260742188,21.9765625,41.9307861328125,0.44758525490760803,-1,-1,-1
685,378,3029.149169921875,567.9713745117188,20.166748046875,44.06103515625,0.28512412309646606,-1,-1,-1
686,372,3881.9951171875,515.5213623046875,14.34765625,32.42559814453125,0.46762615442276,-1,-1,-1
686,416,2739.598388671875,497.6402282714844,26.7255859375,33.675018310546875,0.31635627150535583,-1,-1,-1
686,422,2611.491943359375,519.6567993164062,21.7236328125,38.98284912109375,0.4127226769924164,-1,-1,-1
687,372,3881.685546875,515.5159301757812,14.617431640625,32.4266357421875,0.46373191475868225,-1,-1,-1
687,422,2611.263427734375,519.2166748046875,21.2890625,38.56646728515625,0.4137496054172516,-1,-1,-1
688,372,3881.2666015625,515.602294921875,15.09228515625,32.28155517578125,0.4740067422389984,-1,-1,-1
688,422,2611.2529296875,518.0516967773438,20.85888671875,39.6612548828125,0.3856402039527893,-1,-1,-1
689,372,3880.947998046875,515.7583618164062,15.360107421875,32.0626220703125,0.4863736033439636,-1,-1,-1
689,422,2611.844482421875,517.305908203125,20.770263671875,38.7701416015625,0.35232114791870117,-1,-1,-1
689,378,3016.3408203125,566.201171875,23.514892578125,43.9818115234375,0.29887303709983826,-1,-1,-1
690,372,3880.5537109375,515.8988037109375,15.69873046875,31.8126220703125,0.4951656460762024,-1,-1,-1
690,422,2612.295654296875,517.6907348632812,20.41015625,37.38226318359375,0.33249080181121826,-1,-1,-1
690,455,3010.025634765625,525.3814697265625,26.827392578125,88.84161376953125,0.3868310749530792,-1,-1,-1
690,378,3012.703857421875,564.0076293945312,24.922119140625,49.44219970703125,0.4881637692451477,-1,-1,-1
691,372,3880.44140625,515.9982299804688,15.727783203125,31.647705078125,0.4972279965877533,-1,-1,-1
691,422,2612.419921875,517.396484375,20.3427734375,37.22607421875,0.3412826955318451,-1,-1,-1
691,378,3009.55029296875,566.5244140625,24.9521484375,47.92022705078125,0.5117321014404297,-1,-1,-1
692,372,3880.405029296875,516.0035400390625,15.596435546875,31.6103515625,0.5005043745040894,-1,-1,-1
692,422,2612.392333984375,517.9277954101562,20.49072265625,37.8853759765625,0.3331424295902252,-1,-1,-1
692,378,3007.22265625,567.5181274414062,23.37744140625,44.88299560546875,0.4681246280670166,-1,-1,-1
693,372,3880.43603515625,516.1051635742188,15.529052734375,31.44024658203125,0.5001734495162964,-1,-1,-1
693,422,2612.364013671875,517.8017578125,20.500244140625,39.1396484375,0.33062759041786194,-1,-1,-1
693,378,3004.998046875,567.9373779296875,20.579345703125,42.93060302734375,0.44012388586997986,-1,-1,-1
694,372,3880.39892578125,516.0875244140625,15.665283203125,31.53924560546875,0.491937518119812,-1,-1,-1
694,422,2612.482177734375,518.1378173828125,20.74169921875,39.3935546875,0.330712229013443,-1,-1,-1
694,378,3002.944580078125,568.7765502929688,19.430419921875,43.1092529296875,0.35282421112060547,-1,-1,-1
695,372,3880.4091796875,516.08203125,15.691162109375,31.576904296875,0.48021769523620605,-1,-1,-1
695,422,2612.69970703125,519.0361328125,21.29052734375,38.90875244140625,0.3364337682723999,-1,-1,-1
696,372,3880.39501953125,515.9884643554688,15.960693359375,31.72491455078125,0.4703194200992584,-1,-1,-1
696,422,2613.43896484375,518.4774780273438,21.74365234375,39.85723876953125,0.3974253535270691,-1,-1,-1
697,372,3880.33837890625,515.855224609375,16.169921875,31.90313720703125,0.45919573307037354,-1,-1,-1
697,422,2614.260986328125,518.0817260742188,22.218994140625,41.0621337890625,0.40731197595596313,-1,-1,-1
698,372,3880.319580078125,515.8123168945312,16.31591796875,31.96270751953125,0.45422980189323425,-1,-1,-1
698,422,2614.22607421875,518.3704833984375,23.8173828125,39.7901611328125,0.3633683919906616,-1,-1,-1
699,372,3880.3955078125,515.8512573242188,16.35888671875,31.9154052734375,0.42416200041770935,-1,-1,-1
699,422,2614.716552734375,518.2450561523438,25.00048828125,38.63092041015625,0.3478505313396454,-1,-1,-1
700,372,3880.579833984375,515.8619384765625,16.348388671875,31.8948974609375,0.40759819746017456,-1,-1,-1
700,422,2614.804443359375,518.5241088867188,26.2177734375,37.39239501953125,0.2852770686149597,-1,-1,-1
700,378,2985.006591796875,562.76708984375,20.822021484375,47.010986328125,0.40536847710609436,-1,-1,-1
701,372,3880.541259765625,515.8975219726562,16.396728515625,31.95806884765625,0.4045596718788147,-1,-1,-1
701,422,2615.205078125,517.901123046875,27.439208984375,38.18646240234375,0.2865445911884308,-1,-1,-1
701,378,2981.149658203125,546.5521850585938,23.327392578125,63.56243896484375,0.44797155261039734,-1,-1,-1
702,372,3880.606689453125,515.9214477539062,16.38916015625,31.9107666015625,0.392475426197052,-1,-1,-1
702,378,2978.336181640625,539.9109497070312,21.9931640625,69.503173828125,0.36769524216651917,-1,-1,-1
703,372,3880.495361328125,515.9219970703125,16.638427734375,31.89544677734375,0.3877072036266327,-1,-1,-1
704,372,3880.391357421875,515.7796020507812,16.782958984375,32.16168212890625,0.3920819163322449,-1,-1,-1
704,473,2550.406005859375,544.134521484375,23.4462890625,45.44000244140625,0.3564555048942566,-1,-1,-1
705,372,3880.2587890625,515.534423828125,16.793212890625,32.43798828125,0.3988562524318695,-1,-1,-1
705,473,2550.370849609375,545.5311889648438,23.443359375,43.80841064453125,0.3592134416103363,-1,-1,-1
706,372,3880.132568359375,515.3103637695312,16.961181640625,32.97467041015625,0.4277505874633789,-1,-1,-1
706,473,2551.228515625,546.2907104492188,25.400390625,43.805419921875,0.3533836305141449,-1,-1,-1
707,372,3879.8125,515.3334350585938,17.294921875,32.84722900390625,0.42346465587615967,-1,-1,-1
707,473,2552.01025390625,544.2376708984375,25.002197265625,45.30548095703125,0.355603963136673,-1,-1,-1
708,372,3879.514404296875,515.3779907226562,17.56689453125,32.75885009765625,0.42576587200164795,-1,-1,-1
708,473,2553.397705078125,543.2411499023438,23.500244140625,42.8603515625,0.311715692281723,-1,-1,-1
708,474,2962.94091796875,572.0408935546875,16.3271484375,38.8143310546875,0.41441646218299866,-1,-1,-1
709,372,3879.283203125,515.3703002929688,17.6923828125,32.74798583984375,0.4223268926143646,-1,-1,-1
709,473,2554.396728515625,541.618896484375,22.9931640625,41.35089111328125,0.2571262717247009,-1,-1,-1
709,474,2960.423828125,571.682861328125,18.81884765625,38.32763671875,0.34477823972702026,-1,-1,-1
710,372,3879.1826171875,515.6644897460938,17.592529296875,32.25738525390625,0.4326615333557129,-1,-1,-1
710,473,2554.689453125,540.2191162109375,24.17578125,43.0072021484375,0.27552929520606995,-1,-1,-1
710,474,2957.11767578125,569.7376708984375,21.552734375,43.525146484375,0.41286253929138184,-1,-1,-1
711,372,3879.283447265625,515.7510986328125,17.42138671875,32.09185791015625,0.42289677262306213,-1,-1,-1
711,474,2953.86376953125,569.4745483398438,21.33984375,41.3736572265625,0.37064385414123535,-1,-1,-1
712,372,3879.28564453125,515.8761596679688,17.20263671875,31.97344970703125,0.4224568009376526,-1,-1,-1
712,474,2950.65478515625,567.7957153320312,20.686767578125,42.1962890625,0.2947375476360321,-1,-1,-1
713,372,3879.3935546875,516.0746459960938,16.8857421875,31.69549560546875,0.4209415018558502,-1,-1,-1
714,372,3879.4052734375,516.1024169921875,16.880859375,31.5904541015625,0.41902562975883484,-1,-1,-1
715,372,3879.379150390625,515.7939453125,16.33349609375,31.9493408203125,0.3911777436733246,-1,-1,-1
716,372,3879.109375,515.5941772460938,15.94384765625,32.2601318359375,0.365224152803421,-1,-1,-1
717,372,3878.917236328125,515.4667358398438,15.87890625,32.42205810546875,0.3708731234073639,-1,-1,-1
718,372,3878.661376953125,515.2798461914062,16.030029296875,32.51751708984375,0.3795695900917053,-1,-1,-1
718,474,2935.4921875,566.667236328125,19.0283203125,41.45660400390625,0.35808873176574707,-1,-1,-1
719,372,3878.406982421875,515.1171875,16.05078125,32.5738525390625,0.35753434896469116,-1,-1,-1
719,479,2571.316650390625,536.41259765625,22.8876953125,49.67999267578125,0.3840680420398712,-1,-1,-1
719,474,2932.011474609375,567.1258544921875,20.73095703125,40.48486328125,0.4079624116420746,-1,-1,-1
720,372,3878.047119140625,515.10009765625,16.206787109375,32.56256103515625,0.3650434613227844,-1,-1,-1
720,479,2572.703125,537.869873046875,22.86767578125,45.7490234375,0.33609938621520996,-1,-1,-1
720,474,2929.671630859375,567.4761352539062,20.335205078125,41.00537109375,0.4197806715965271,-1,-1,-1
721,372,3877.549072265625,515.31591796875,15.871826171875,32.283935546875,0.36492031812667847,-1,-1,-1
721,479,2573.7783203125,540.97705078125,23.83642578125,43.41448974609375,0.3883936405181885,-1,-1,-1
721,474,2926.17138671875,567.7824096679688,18.74462890625,41.9747314453125,0.46161991357803345,-1,-1,-1
722,372,3876.960205078125,515.5394287109375,15.754638671875,32.07830810546875,0.353554368019104,-1,-1,-1
722,479,2575.024169921875,542.9158325195312,23.84228515625,42.01971435546875,0.34965622425079346,-1,-1,-1
722,474,2923.74951171875,567.360595703125,18.3388671875,41.17041015625,0.4150649607181549,-1,-1,-1
723,372,3876.404296875,515.8878784179688,15.8984375,31.7047119140625,0.36108070611953735,-1,-1,-1
723,479,2575.94970703125,544.037841796875,24.406005859375,38.0611572265625,0.3414135277271271,-1,-1,-1
723,474,2920.8583984375,566.9597778320312,19.588623046875,41.5338134765625,0.33170443773269653,-1,-1,-1
724,372,3876.217041015625,516.2819213867188,15.906005859375,31.342041015625,0.35422131419181824,-1,-1,-1
724,479,2577.58642578125,543.7835083007812,23.87353515625,37.00494384765625,0.25854867696762085,-1,-1,-1
725,372,3875.7939453125,516.4938354492188,16.47607421875,31.114013671875,0.3763067126274109,-1,-1,-1
725,479,2578.67919921875,543.686279296875,23.658935546875,37.1689453125,0.2863321304321289,-1,-1,-1
726,372,3875.6572265625,516.8064575195312,16.688232421875,30.7437744140625,0.38172227144241333,-1,-1,-1
726,479,2580.888671875,541.5910034179688,22.786376953125,37.503173828125,0.28411665558815,-1,-1,-1
727,372,3875.201171875,516.5005493164062,17.113037109375,31.11932373046875,0.39154544472694397,-1,-1,-1
727,479,2582.149169921875,539.3182373046875,21.4931640625,39.21893310546875,0.3072488009929657,-1,-1,-1
727,474,2909.808837890625,567.04248046875,17.78955078125,42.026611328125,0.3973424434661865,-1,-1,-1
728,372,3875.231201171875,516.15380859375,16.925048828125,31.6451416015625,0.3935072422027588,-1,-1,-1
728,474,2907.631103515625,567.3904418945312,17.02783203125,40.41717529296875,0.47518447041511536,-1,-1,-1
729,372,3874.93701171875,515.6649780273438,16.7109375,32.07257080078125,0.3385920822620392,-1,-1,-1
729,474,2903.633544921875,566.797607421875,20.022216796875,40.5172119140625,0.4625953435897827,-1,-1,-1
730,372,3874.431396484375,515.5864868164062,16.72607421875,32.03570556640625,0.3264600336551666,-1,-1,-1
730,474,2901.201171875,565.69091796875,21.389404296875,42.8173828125,0.5743769407272339,-1,-1,-1
731,372,3873.739501953125,515.5224609375,16.8408203125,31.89337158203125,0.3142477869987488,-1,-1,-1
731,474,2898.839111328125,565.4521484375,22.241943359375,45.3714599609375,0.5938935875892639,-1,-1,-1
732,372,3873.009765625,516.0223388671875,17.382080078125,31.67840576171875,0.36170774698257446,-1,-1,-1
732,474,2896.3134765625,565.8743286132812,20.9345703125,44.5137939453125,0.5238548517227173,-1,-1,-1
733,372,3871.956787109375,517.0692749023438,18.52490234375,30.5709228515625,0.35118067264556885,-1,-1,-1
733,474,2893.460205078125,565.9805908203125,21.029052734375,43.10247802734375,0.4189952313899994,-1,-1,-1
734,372,3871.349609375,517.486328125,19.171875,30.51043701171875,0.3480003774166107,-1,-1,-1
734,474,2891.0078125,564.0831909179688,21.39306640625,44.81146240234375,0.4322962164878845,-1,-1,-1
734,483,3228.260498046875,555.1430053710938,16.472900390625,40.6688232421875,0.3363017737865448,-1,-1,-1
735,372,3871.83154296875,516.2926635742188,18.363037109375,31.7205810546875,0.30944040417671204,-1,-1,-1
735,474,2888.732666015625,563.7802734375,20.73681640625,45.0804443359375,0.4325224757194519,-1,-1,-1
735,483,3227.36865234375,554.7163696289062,16.998779296875,42.44342041015625,0.3413529098033905,-1,-1,-1
736,372,3871.984619140625,515.8643188476562,17.88720703125,31.8641357421875,0.29997000098228455,-1,-1,-1
736,474,2884.835205078125,564.0657958984375,21.09912109375,45.07489013671875,0.45722582936286926,-1,-1,-1
736,483,3226.3359375,553.646484375,17.641845703125,45.65966796875,0.3831392228603363,-1,-1,-1
737,372,3871.357666015625,515.9505615234375,17.80908203125,31.1904296875,0.2597094774246216,-1,-1,-1
737,474,2882.419189453125,564.0635375976562,20.844970703125,45.37847900390625,0.3922628164291382,-1,-1,-1
737,483,3225.169189453125,554.1907348632812,17.871337890625,45.93035888671875,0.35429155826568604,-1,-1,-1
737,487,2600.427490234375,530.615966796875,24.2978515625,50.7821044921875,0.40536409616470337,-1,-1,-1
737,488,2933.98828125,528.613037109375,16.01708984375,31.38763427734375,0.3555314540863037,-1,-1,-1
738,372,3871.013671875,516.1448974609375,17.904296875,31.29376220703125,0.26277920603752136,-1,-1,-1
738,474,2881.021240234375,563.5162353515625,19.879150390625,47.1160888671875,0.5237935781478882,-1,-1,-1
738,487,2600.636962890625,531.829345703125,24.6728515625,50.33935546875,0.3497893810272217,-1,-1,-1
738,488,2932.609375,528.0316772460938,16.30615234375,31.71771240234375,0.3393673598766327,-1,-1,-1
739,474,2879.17529296875,561.9950561523438,19.29443359375,48.93115234375,0.5284103155136108,-1,-1,-1
739,487,2601.763671875,536.137451171875,24.092529296875,44.50701904296875,0.3286992311477661,-1,-1,-1
739,488,2929.859619140625,526.8831787109375,17.827392578125,33.10614013671875,0.2844983637332916,-1,-1,-1
740,474,2875.75439453125,561.3496704101562,21.077392578125,48.18426513671875,0.5515550971031189,-1,-1,-1
740,487,2602.590576171875,535.3333740234375,25.050048828125,44.93121337890625,0.2803677022457123,-1,-1,-1
740,488,2928.607666015625,524.7141723632812,19.134521484375,36.8148193359375,0.32791364192962646,-1,-1,-1
741,474,2872.716064453125,560.9254150390625,21.443115234375,47.47625732421875,0.4503922164440155,-1,-1,-1
741,488,2928.243408203125,524.4258422851562,19.600341796875,38.7496337890625,0.3137816786766052,-1,-1,-1
742,474,2870.12451171875,561.1802978515625,20.14501953125,46.48590087890625,0.41140758991241455,-1,-1,-1
743,474,2868.81201171875,561.6351928710938,18.790283203125,45.10205078125,0.37542569637298584,-1,-1,-1
743,488,2925.83642578125,521.2770385742188,19.809814453125,39.734130859375,0.255971223115921,-1,-1,-1
744,474,2865.466064453125,561.74560546875,20.866455078125,44.81683349609375,0.28024283051490784,-1,-1,-1
745,488,2925.08935546875,523.863037109375,18.96923828125,36.92877197265625,0.26909762620925903,-1,-1,-1
746,488,2924.29638671875,524.5494384765625,19.102294921875,36.68109130859375,0.28805795311927795,-1,-1,-1
747,488,2923.471923828125,524.2574462890625,19.12646484375,36.15972900390625,0.2622376084327698,-1,-1,-1
748,488,2923.38037109375,523.6434326171875,19.06787109375,36.36456298828125,0.2813926041126251,-1,-1,-1
749,488,2923.177978515625,522.7798461914062,19.34716796875,37.22625732421875,0.26886576414108276,-1,-1,-1
749,474,2854.484619140625,560.5983276367188,21.322021484375,48.53546142578125,0.3886379599571228,-1,-1,-1
750,488,2922.81982421875,520.9100341796875,19.59130859375,39.16473388671875,0.30981743335723877,-1,-1,-1
750,474,2853.53857421875,560.519287109375,20.54443359375,48.984130859375,0.42267775535583496,-1,-1,-1
