1,1,4029.929931640625,794.6090087890625,39.79345703125,105.6595458984375,0.7406129837036133,-1,-1,-1
1,2,5253.85693359375,849.3895874023438,68.091796875,109.482177734375,0.72788006067276,-1,-1,-1
1,3,3085.32421875,505.07000732421875,21.333251953125,38.52227783203125,0.3855137228965759,-1,-1,-1
1,4,3009.18701171875,539.208251953125,16.022705078125,32.2889404296875,0.3469507694244385,-1,-1,-1
2,1,4028.4287109375,794.8653564453125,41.0361328125,105.82965087890625,0.7210221290588379,-1,-1,-1
2,2,5250.94677734375,850.25048828125,70.3310546875,108.95245361328125,0.7133114337921143,-1,-1,-1
2,3,3085.417236328125,505.145751953125,21.822265625,38.36456298828125,0.3816293179988861,-1,-1,-1
2,4,3008.192138671875,538.4428100585938,16.9072265625,32.4580078125,0.3687453866004944,-1,-1,-1
3,1,4027.346923828125,795.2313232421875,42.03515625,105.756103515625,0.7269474864006042,-1,-1,-1
3,2,5245.44580078125,850.24169921875,76.58251953125,107.7213134765625,0.7196204662322998,-1,-1,-1
3,3,3085.928955078125,504.10540771484375,22.062744140625,36.95123291015625,0.3891482949256897,-1,-1,-1
3,4,3007.38330078125,537.994384765625,17.38525390625,31.79010009765625,0.3866441249847412,-1,-1,-1
4,1,4026.354248046875,795.6253051757812,42.44091796875,105.54339599609375,0.7293456792831421,-1,-1,-1
4,2,5241.46875,849.047119140625,81.40185546875,108.277587890625,0.6864744424819946,-1,-1,-1
4,3,3087.44580078125,503.1324768066406,21.672607421875,35.867950439453125,0.4221692681312561,-1,-1,-1
4,4,3006.897216796875,537.5684814453125,17.6591796875,32.60870361328125,0.4158848226070404,-1,-1,-1
5,1,4025.6494140625,795.787109375,42.10400390625,105.98394775390625,0.7365480065345764,-1,-1,-1
5,2,5237.34228515625,849.3649291992188,87.3359375,108.4114990234375,0.6934807300567627,-1,-1,-1
5,3,3088.49560546875,501.9355163574219,21.42431640625,36.032196044921875,0.43938297033309937,-1,-1,-1
5,4,3006.703857421875,538.3875732421875,17.538330078125,31.7088623046875,0.37352558970451355,-1,-1,-1
6,1,4024.234619140625,796.4476318359375,43.315185546875,105.43609619140625,0.7439608573913574,-1,-1,-1
6,2,5232.48681640625,849.9794311523438,93.8505859375,108.27001953125,0.7098848819732666,-1,-1,-1
6,3,3088.6953125,501.2475891113281,22.640380859375,37.758819580078125,0.38682791590690613,-1,-1,-1
6,4,3008.293212890625,540.1751708984375,15.5849609375,31.10400390625,0.3589164614677429,-1,-1,-1
7,1,4024.800048828125,797.23583984375,41.515625,105.12109375,0.7348995804786682,-1,-1,-1
7,2,5229.0341796875,850.929443359375,98.537109375,105.35943603515625,0.7026052474975586,-1,-1,-1
7,3,3089.357421875,501.5905456542969,23.49169921875,38.545989990234375,0.4149453938007355,-1,-1,-1
7,4,3008.356201171875,540.5458374023438,15.142822265625,31.239501953125,0.3620033860206604,-1,-1,-1
8,1,4025.137451171875,797.9293212890625,40.38623046875,104.5660400390625,0.7403497099876404,-1,-1,-1
8,2,5224.3974609375,851.3981323242188,101.10693359375,104.6085205078125,0.701915442943573,-1,-1,-1
8,3,3089.011962890625,502.2895812988281,23.19580078125,37.505340576171875,0.3867969214916229,-1,-1,-1
8,4,3006.634765625,539.4874267578125,16.5986328125,32.7220458984375,0.3415714502334595,-1,-1,-1
8,6,3224.514404296875,521.1011352539062,18.796630859375,57.12841796875,0.3432134687900543,-1,-1,-1
9,1,4025.26806640625,798.0222778320312,40.70556640625,103.7188720703125,0.7503935694694519,-1,-1,-1
9,2,5221.3642578125,851.1509399414062,101.83447265625,104.830078125,0.6827164888381958,-1,-1,-1
9,3,3088.72265625,502.3284606933594,24.19140625,39.575286865234375,0.3644239604473114,-1,-1,-1
9,4,3005.7158203125,539.1079711914062,17.319091796875,33.6378173828125,0.3018006384372711,-1,-1,-1
9,6,3224.781982421875,523.3418579101562,20.749267578125,56.32073974609375,0.28310734033584595,-1,-1,-1
10,1,4025.720458984375,798.9362182617188,39.615966796875,103.93585205078125,0.7441352605819702,-1,-1,-1
10,2,5217.17333984375,851.5416259765625,102.23486328125,103.8441162109375,0.6915119886398315,-1,-1,-1
10,3,3089.561279296875,502.5647888183594,27.094970703125,38.552276611328125,0.2899567484855652,-1,-1,-1
10,4,3006.44140625,540.4229736328125,16.453369140625,32.69781494140625,0.3114682734012604,-1,-1,-1
10,6,3226.241455078125,526.8687744140625,19.255126953125,52.359375,0.312752902507782,-1,-1,-1
11,1,4025.674560546875,798.9559936523438,39.22119140625,104.05694580078125,0.7426348924636841,-1,-1,-1
11,2,5213.767578125,851.5846557617188,102.4423828125,102.82354736328125,0.7320085167884827,-1,-1,-1
11,3,3089.75830078125,502.3054504394531,26.90869140625,37.959014892578125,0.26975247263908386,-1,-1,-1
11,4,3006.669921875,540.024169921875,16.2607421875,33.267822265625,0.3683164119720459,-1,-1,-1
11,6,3227.226318359375,523.6541748046875,20.563232421875,55.9820556640625,0.4101852476596832,-1,-1,-1
12,1,4025.303955078125,799.0280151367188,39.041015625,103.8643798828125,0.7439780235290527,-1,-1,-1
12,2,5211.6171875,851.64990234375,101.84326171875,103.88116455078125,0.7726889252662659,-1,-1,-1
12,4,3005.796630859375,538.7750244140625,17.244873046875,34.61328125,0.34512487053871155,-1,-1,-1
12,6,3229.2001953125,523.9407348632812,19.731689453125,56.72918701171875,0.4434587359428406,-1,-1,-1
13,1,4024.8779296875,799.3506469726562,39.3671875,103.65948486328125,0.7541851997375488,-1,-1,-1
13,2,5209.732421875,851.5869140625,97.44140625,104.53033447265625,0.7729938626289368,-1,-1,-1
13,4,3005.612548828125,538.4810180664062,17.460205078125,34.90777587890625,0.3515070080757141,-1,-1,-1
13,6,3230.642578125,523.6923828125,18.999267578125,56.976318359375,0.4074128270149231,-1,-1,-1
14,1,4024.3740234375,799.53955078125,39.624755859375,103.78021240234375,0.7479135990142822,-1,-1,-1
14,2,5208.81005859375,851.552001953125,89.6328125,105.1351318359375,0.7650618553161621,-1,-1,-1
14,4,3005.22802734375,537.8190307617188,17.641845703125,36.506591796875,0.4066374897956848,-1,-1,-1
14,6,3231.771240234375,522.4089965820312,19.90380859375,57.87017822265625,0.42777320742607117,-1,-1,-1
15,1,4024.13330078125,799.5662231445312,39.691162109375,103.77264404296875,0.7413060665130615,-1,-1,-1
15,2,5207.0703125,850.9360961914062,84.3583984375,105.012451171875,0.7092575430870056,-1,-1,-1
15,4,3005.654296875,538.7636108398438,16.961669921875,35.71466064453125,0.3919035494327545,-1,-1,-1
16,1,4024.544677734375,799.2954711914062,39.091796875,102.8795166015625,0.7372312545776367,-1,-1,-1
16,2,5203.24267578125,849.9938354492188,82.04638671875,106.1536865234375,0.6548791527748108,-1,-1,-1
16,4,3005.859375,539.5191650390625,16.50244140625,34.9510498046875,0.3625553846359253,-1,-1,-1
17,1,4025.09521484375,799.3616943359375,38.3994140625,102.8443603515625,0.7286863327026367,-1,-1,-1
17,2,5200.99365234375,849.9697875976562,78.15576171875,106.16619873046875,0.6743109822273254,-1,-1,-1
17,4,3005.229736328125,541.6327514648438,16.79736328125,34.08660888671875,0.3739606738090515,-1,-1,-1
18,1,4025.138916015625,799.11669921875,38.342529296875,102.84588623046875,0.7412051558494568,-1,-1,-1
18,2,5200.1640625,850.1689453125,71.74169921875,102.92852783203125,0.329280823469162,-1,-1,-1
18,4,3004.027099609375,542.81494140625,17.779296875,33.32904052734375,0.35960525274276733,-1,-1,-1
19,1,4025.13525390625,798.7599487304688,38.3330078125,102.8115234375,0.7430195212364197,-1,-1,-1
19,2,5198.3603515625,850.266845703125,69.40283203125,103.0426025390625,0.35873642563819885,-1,-1,-1
19,4,3003.882568359375,543.5238647460938,17.83837890625,32.9415283203125,0.3278875946998596,-1,-1,-1
20,1,4025.01513671875,798.6741943359375,38.436767578125,102.48663330078125,0.7448625564575195,-1,-1,-1
20,2,5195.333984375,849.6278686523438,68.88818359375,103.56524658203125,0.4317423105239868,-1,-1,-1
20,4,3003.81103515625,544.33056640625,17.85595703125,33.306884765625,0.33193618059158325,-1,-1,-1
21,1,4025.041259765625,798.5576782226562,38.407470703125,102.32012939453125,0.7326173782348633,-1,-1,-1
21,2,5191.55908203125,848.9448852539062,69.8779296875,104.25115966796875,0.49483785033226013,-1,-1,-1
21,4,3003.1640625,544.6734008789062,18.293701171875,33.52105712890625,0.2636975347995758,-1,-1,-1
22,1,4025.302978515625,798.4104614257812,38.322265625,102.0081787109375,0.7257872819900513,-1,-1,-1
22,2,5186.69921875,849.8665771484375,71.1396484375,104.3802490234375,0.6143492460250854,-1,-1,-1
22,4,3002.51025390625,545.1539916992188,18.729248046875,33.93328857421875,0.29358094930648804,-1,-1,-1
23,1,4025.31640625,798.3564453125,38.304443359375,101.59234619140625,0.7029718160629272,-1,-1,-1
23,2,5181.662109375,850.3685913085938,71.77734375,105.1712646484375,0.7843862771987915,-1,-1,-1
23,4,3001.65771484375,545.40234375,19.43994140625,32.2889404296875,0.2548298239707947,-1,-1,-1
24,1,4025.78662109375,798.4282836914062,37.996337890625,101.4600830078125,0.6920516490936279,-1,-1,-1
24,2,5175.544921875,850.3706665039062,74.44482421875,105.5831298828125,0.7967705130577087,-1,-1,-1
24,4,3000.2841796875,545.6963500976562,20.7119140625,32.71954345703125,0.281931608915329,-1,-1,-1
25,1,4026.51171875,798.236328125,37.651123046875,100.73846435546875,0.6913565397262573,-1,-1,-1
25,2,5170.97705078125,849.5125732421875,78.1767578125,105.7672119140625,0.7944040894508362,-1,-1,-1
25,4,2999.32373046875,545.9575805664062,21.599609375,33.34503173828125,0.27657410502433777,-1,-1,-1
26,1,4027.0390625,798.1597900390625,37.23388671875,99.951171875,0.6935378313064575,-1,-1,-1
26,2,5168.47900390625,848.423583984375,79.73193359375,106.7222900390625,0.7968602180480957,-1,-1,-1
26,4,2999.2763671875,545.796875,21.6103515625,34.726318359375,0.30453285574913025,-1,-1,-1
27,1,4027.697509765625,798.1787719726562,36.551513671875,99.54205322265625,0.7038114666938782,-1,-1,-1
27,2,5167.08740234375,847.9095458984375,78.4697265625,108.46661376953125,0.7908638119697571,-1,-1,-1
27,4,2999.7841796875,545.7001342773438,21.060791015625,35.49468994140625,0.3025505542755127,-1,-1,-1
28,1,4028.326416015625,798.2896118164062,35.75244140625,99.6199951171875,0.7069128155708313,-1,-1,-1
28,2,5166.4033203125,847.4335327148438,76.8203125,108.9510498046875,0.807556688785553,-1,-1,-1
28,4,2999.20556640625,546.2234497070312,21.562255859375,35.80218505859375,0.2725101709365845,-1,-1,-1
28,6,3252.518310546875,525.4375,17.70263671875,54.008544921875,0.3121638596057892,-1,-1,-1
29,1,4028.863525390625,798.133056640625,35.748046875,100.31939697265625,0.692894458770752,-1,-1,-1
29,2,5167.21728515625,846.7247314453125,73.7431640625,108.01092529296875,0.7397155165672302,-1,-1,-1
29,6,3253.278564453125,526.0411987304688,17.177978515625,52.08941650390625,0.33535435795783997,-1,-1,-1
30,1,4029.099365234375,797.9509887695312,35.753662109375,99.18463134765625,0.6982740759849548,-1,-1,-1
30,2,5167.30224609375,846.177490234375,69.22021484375,105.57977294921875,0.6964554190635681,-1,-1,-1
30,6,3254.042724609375,526.1517944335938,17.9677734375,53.04010009765625,0.34993645548820496,-1,-1,-1
31,1,4029.23095703125,797.9254760742188,35.594970703125,98.56304931640625,0.7031616568565369,-1,-1,-1
31,2,5166.33984375,845.6800537109375,66.02490234375,105.54144287109375,0.7097916603088379,-1,-1,-1
31,6,3253.468017578125,525.886962890625,19.484130859375,57.185302734375,0.31556403636932373,-1,-1,-1
32,1,4029.458984375,798.2583618164062,35.225830078125,99.24822998046875,0.7030542492866516,-1,-1,-1
32,2,5165.61328125,845.2305908203125,63.79052734375,105.3955078125,0.7038360834121704,-1,-1,-1
32,6,3253.669189453125,526.5953979492188,20.388427734375,57.775390625,0.2963901460170746,-1,-1,-1
33,1,4029.3828125,798.81982421875,35.251708984375,99.29486083984375,0.7088679075241089,-1,-1,-1
33,2,5164.57373046875,844.0093994140625,62.51025390625,107.54241943359375,0.7161063551902771,-1,-1,-1
33,6,3253.983154296875,526.8572998046875,21.3779296875,57.15435791015625,0.28357288241386414,-1,-1,-1
34,1,4029.267578125,798.8870849609375,35.542724609375,99.70404052734375,0.686273455619812,-1,-1,-1
34,2,5161.123046875,842.9710083007812,64.9658203125,109.29388427734375,0.773709237575531,-1,-1,-1
34,6,3254.430419921875,527.974365234375,21.501708984375,54.3997802734375,0.3134795129299164,-1,-1,-1
34,12,3092.760009765625,502.28680419921875,15.4462890625,30.6112060546875,0.32583993673324585,-1,-1,-1
35,1,4029.076904296875,798.8978271484375,36.24169921875,99.03302001953125,0.682905375957489,-1,-1,-1
35,2,5157.70703125,842.0598754882812,67.37646484375,110.5322265625,0.7805656790733337,-1,-1,-1
35,6,3255.650390625,527.4053344726562,21.07080078125,55.9437255859375,0.34994471073150635,-1,-1,-1
35,12,3093.320556640625,500.9015197753906,15.38720703125,28.300018310546875,0.3036993443965912,-1,-1,-1
36,1,4029.029052734375,798.9866943359375,37.076416015625,100.05389404296875,0.7243155241012573,-1,-1,-1
36,2,5154.0068359375,842.177978515625,70.99462890625,110.7457275390625,0.762819766998291,-1,-1,-1
36,6,3256.64111328125,529.1063232421875,21.38671875,54.7637939453125,0.29920947551727295,-1,-1,-1
36,12,3093.380615234375,500.58575439453125,15.95703125,28.0074462890625,0.28200817108154297,-1,-1,-1
37,1,4029.1484375,798.9755859375,37.747314453125,101.25079345703125,0.7311643362045288,-1,-1,-1
37,2,5150.66845703125,842.5941772460938,73.7958984375,111.69647216796875,0.7620319724082947,-1,-1,-1
37,6,3257.9423828125,529.688720703125,20.9287109375,54.81195068359375,0.31788432598114014,-1,-1,-1
37,12,3093.982421875,501.966064453125,15.46435546875,26.9677734375,0.2753719091415405,-1,-1,-1
38,1,4029.46923828125,799.07861328125,38.227294921875,101.58428955078125,0.7423904538154602,-1,-1,-1
38,2,5146.63916015625,843.6668090820312,77.63525390625,110.755615234375,0.7502597570419312,-1,-1,-1
38,6,3259.781005859375,530.5266723632812,20.732666015625,53.70489501953125,0.2832656800746918,-1,-1,-1
38,12,3094.270751953125,501.4356384277344,15.62109375,26.415008544921875,0.29411932826042175,-1,-1,-1
39,1,4029.666259765625,799.3607177734375,39.115234375,101.5858154296875,0.7349671125411987,-1,-1,-1
39,2,5143.943359375,843.8492431640625,81.37744140625,110.65545654296875,0.7645265460014343,-1,-1,-1
39,12,3094.9140625,501.4014892578125,15.71240234375,27.065185546875,0.30121690034866333,-1,-1,-1
39,4,2996.031494140625,549.361328125,19.16650390625,39.70721435546875,0.2906941771507263,-1,-1,-1
40,1,4028.908447265625,799.435302734375,41.0966796875,101.7911376953125,0.7335246205329895,-1,-1,-1
40,2,5139.6904296875,844.599365234375,86.78271484375,109.1837158203125,0.7495696544647217,-1,-1,-1
40,12,3095.760009765625,502.15264892578125,15.15234375,25.67242431640625,0.2719888687133789,-1,-1,-1
40,4,2995.53466796875,550.4596557617188,19.01611328125,38.67608642578125,0.28451329469680786,-1,-1,-1
41,1,4028.31103515625,799.2982177734375,42.508056640625,102.42083740234375,0.7345362305641174,-1,-1,-1
41,2,5134.9013671875,846.7384033203125,89.7060546875,106.87664794921875,0.7484812140464783,-1,-1,-1
41,12,3096.41015625,502.9930114746094,14.79541015625,25.311553955078125,0.27707287669181824,-1,-1,-1
42,1,4026.822998046875,799.0226440429688,44.505126953125,103.1590576171875,0.737492024898529,-1,-1,-1
42,2,5131.4306640625,847.5630493164062,91.21484375,106.36029052734375,0.7651252746582031,-1,-1,-1
42,12,3096.677734375,502.97210693359375,14.599853515625,25.444580078125,0.30007582902908325,-1,-1,-1
42,4,2994.476806640625,549.953125,19.579833984375,39.4007568359375,0.2527596056461334,-1,-1,-1
43,1,4026.65625,799.0685424804688,44.68798828125,103.203125,0.7327070236206055,-1,-1,-1
43,2,5128.95751953125,847.6803588867188,90.14013671875,105.71343994140625,0.7711876630783081,-1,-1,-1
43,12,3096.68994140625,503.73052978515625,14.60205078125,24.821533203125,0.29035842418670654,-1,-1,-1
43,4,2993.759521484375,549.8284912109375,19.885986328125,39.94232177734375,0.25135543942451477,-1,-1,-1
44,1,4025.921142578125,799.2730712890625,45.386474609375,103.04248046875,0.7240078449249268,-1,-1,-1
44,2,5126.076171875,847.580810546875,89.93603515625,105.491943359375,0.7741327881813049,-1,-1,-1
44,12,3096.7529296875,504.0841369628906,14.623046875,24.508270263671875,0.31021881103515625,-1,-1,-1
44,4,2993.349365234375,549.3895874023438,20.17431640625,40.9754638671875,0.26440316438674927,-1,-1,-1
45,1,4025.423095703125,799.4264526367188,46.2587890625,103.28302001953125,0.7273109555244446,-1,-1,-1
45,2,5122.96923828125,847.6852416992188,88.76904296875,105.99169921875,0.7274524569511414,-1,-1,-1
45,12,3096.69140625,503.85589599609375,14.70068359375,24.92266845703125,0.3327776789665222,-1,-1,-1
45,4,2992.820068359375,549.3992309570312,20.14306640625,42.1307373046875,0.33958759903907776,-1,-1,-1
46,1,4026.070556640625,798.3361206054688,47.47314453125,105.03436279296875,0.7206960320472717,-1,-1,-1
46,2,5118.7109375,846.8606567382812,87.32568359375,106.64813232421875,0.7598199248313904,-1,-1,-1
46,12,3096.523193359375,503.7607421875,14.758056640625,25.01416015625,0.29849186539649963,-1,-1,-1
46,4,2992.65966796875,550.2817993164062,19.954345703125,41.33880615234375,0.28976497054100037,-1,-1,-1
47,1,4026.289794921875,797.4349365234375,47.946533203125,106.15350341796875,0.7149651646614075,-1,-1,-1
47,2,5115.53125,846.3909912109375,85.220703125,106.842529296875,0.7443404197692871,-1,-1,-1
47,12,3096.352294921875,503.95989990234375,15.08251953125,24.96893310546875,0.3139464855194092,-1,-1,-1
47,4,2992.099365234375,551.1519775390625,19.841552734375,40.90374755859375,0.2757278084754944,-1,-1,-1
48,1,4026.444580078125,796.9088134765625,48.384033203125,106.97027587890625,0.7313916683197021,-1,-1,-1
48,2,5112.28955078125,845.8341064453125,81.609375,106.4874267578125,0.7109046578407288,-1,-1,-1
48,12,3096.62890625,503.84423828125,14.656005859375,25.1402587890625,0.345733106136322,-1,-1,-1
48,4,2991.519775390625,551.5712280273438,18.336181640625,41.12213134765625,0.351240336894989,-1,-1,-1
49,1,4026.527587890625,796.7345581054688,48.939208984375,106.90802001953125,0.7339003682136536,-1,-1,-1
49,2,5111.55419921875,845.1906127929688,76.201171875,107.408447265625,0.6822032928466797,-1,-1,-1
49,12,3096.578369140625,503.90106201171875,14.86572265625,25.5198974609375,0.3676759600639343,-1,-1,-1
49,4,2991.293212890625,553.2862548828125,17.55908203125,39.709228515625,0.3485945463180542,-1,-1,-1
49,13,3929.908935546875,515.8383178710938,18.11962890625,28.81219482421875,0.3414365351200104,-1,-1,-1
50,1,4026.833251953125,796.4218139648438,49.52978515625,107.45068359375,0.7506739497184753,-1,-1,-1
50,2,5108.54345703125,844.5267333984375,74.861328125,108.1558837890625,0.6446500420570374,-1,-1,-1
50,12,3096.68701171875,504.2464294433594,14.43505859375,25.350189208984375,0.33804619312286377,-1,-1,-1
50,4,2991.208984375,553.8536376953125,17.208251953125,39.4017333984375,0.35319799184799194,-1,-1,-1
50,13,3930.949951171875,515.4252319335938,18.158935546875,29.301513671875,0.3625831604003906,-1,-1,-1
51,1,4027.44384765625,796.1533813476562,49.58544921875,107.72833251953125,0.755461573600769,-1,-1,-1
51,2,5108.173828125,844.5783081054688,71.3310546875,105.41705322265625,0.5031210780143738,-1,-1,-1
51,12,3096.72216796875,504.0240478515625,14.2607421875,25.52301025390625,0.34453412890434265,-1,-1,-1
51,4,2991.02587890625,554.0267333984375,16.6201171875,39.49090576171875,0.3981095552444458,-1,-1,-1
51,13,3931.494140625,516.0162963867188,18.718505859375,28.3836669921875,0.3758893311023712,-1,-1,-1
52,1,4028.491455078125,796.2114868164062,49.76806640625,107.6553955078125,0.7514039874076843,-1,-1,-1
52,2,5106.66748046875,843.425537109375,68.9921875,107.24359130859375,0.5961714386940002,-1,-1,-1
52,12,3096.976318359375,504.0252380371094,14.21142578125,25.371795654296875,0.3576282262802124,-1,-1,-1
52,4,2990.87939453125,553.902587890625,15.9658203125,40.64569091796875,0.466740220785141,-1,-1,-1
52,13,3931.952880859375,516.5609130859375,18.60888671875,27.5926513671875,0.35856983065605164,-1,-1,-1
53,1,4029.30029296875,797.7861328125,50.491943359375,105.086181640625,0.7397008538246155,-1,-1,-1
53,2,5104.623046875,843.5742797851562,68.11279296875,106.05303955078125,0.658172070980072,-1,-1,-1
53,12,3097.106201171875,504.27410888671875,14.131103515625,25.010986328125,0.3609904944896698,-1,-1,-1
53,4,2990.7724609375,553.8269653320312,15.611328125,42.390380859375,0.4679906964302063,-1,-1,-1
53,13,3932.598876953125,516.60009765625,17.90283203125,27.931396484375,0.429038941860199,-1,-1,-1
54,1,4030.120849609375,798.8268432617188,49.937255859375,104.77423095703125,0.737957775592804,-1,-1,-1
54,2,5101.115234375,844.0928955078125,67.4453125,105.30328369140625,0.7182848453521729,-1,-1,-1
54,12,3096.968994140625,504.2141418457031,13.9833984375,25.298797607421875,0.3531893789768219,-1,-1,-1
54,4,2990.643310546875,553.3250732421875,15.429443359375,42.40374755859375,0.5022425651550293,-1,-1,-1
54,13,3933.086181640625,515.6669921875,17.52392578125,29.17828369140625,0.4396498203277588,-1,-1,-1
55,1,4031.180419921875,799.0541381835938,49.46826171875,104.90484619140625,0.7584418058395386,-1,-1,-1
55,2,5095.25341796875,843.3853149414062,70.42138671875,106.513671875,0.675773024559021,-1,-1,-1
55,12,3096.97265625,505.1575927734375,13.8095703125,24.79931640625,0.3222530484199524,-1,-1,-1
55,4,2990.648193359375,553.7680053710938,15.18310546875,40.486572265625,0.4649055004119873,-1,-1,-1
55,13,3933.56787109375,514.8439331054688,17.921875,29.86016845703125,0.35547614097595215,-1,-1,-1
56,1,4032.454833984375,799.4140625,49.2138671875,104.73779296875,0.7624470591545105,-1,-1,-1
56,2,5087.1884765625,842.6658325195312,76.3203125,107.27532958984375,0.7441591024398804,-1,-1,-1
56,12,3097.082763671875,505.54150390625,13.80029296875,24.33038330078125,0.3392373323440552,-1,-1,-1
56,4,2990.7021484375,554.544677734375,14.827880859375,38.63946533203125,0.43341442942619324,-1,-1,-1
56,13,3935.732666015625,513.2286987304688,16.56591796875,31.4266357421875,0.3175692558288574,-1,-1,-1
57,1,4033.30078125,799.9243774414062,49.0087890625,104.31304931640625,0.7410520315170288,-1,-1,-1
57,2,5081.21728515625,843.5926513671875,79.05859375,106.46722412109375,0.7815123796463013,-1,-1,-1
57,12,3097.266845703125,505.7861328125,13.5947265625,23.92431640625,0.3658159077167511,-1,-1,-1
57,4,2990.5537109375,555.6621704101562,14.808349609375,37.45782470703125,0.4161842167377472,-1,-1,-1
57,13,3936.71533203125,512.521240234375,16.0166015625,32.0814208984375,0.30576959252357483,-1,-1,-1
58,1,4034.703857421875,800.3114624023438,48.063232421875,103.59271240234375,0.7305495738983154,-1,-1,-1
58,2,5076.70654296875,844.0006713867188,81.48388671875,105.83251953125,0.8029665946960449,-1,-1,-1
58,12,3097.393798828125,505.58355712890625,13.50537109375,23.6624755859375,0.32033148407936096,-1,-1,-1
58,4,2989.59326171875,556.3641967773438,15.801513671875,36.9072265625,0.4136416018009186,-1,-1,-1
58,13,3936.916259765625,511.76788330078125,16.24853515625,32.8734130859375,0.250253826379776,-1,-1,-1
59,1,4036.23291015625,800.3302001953125,47.039306640625,103.5841064453125,0.7177560925483704,-1,-1,-1
59,2,5074.65283203125,843.9969482421875,81.91552734375,106.07696533203125,0.7775192260742188,-1,-1,-1
59,12,3097.675048828125,505.5831298828125,13.792236328125,24.2882080078125,0.302994966506958,-1,-1,-1
59,4,2989.097412109375,558.0809936523438,16.572998046875,34.7825927734375,0.31352928280830383,-1,-1,-1
59,22,3157.6611328125,510.3663330078125,15.954833984375,32.0782470703125,0.3172706067562103,-1,-1,-1
60,1,4038.142578125,800.10791015625,45.59375,103.98992919921875,0.6921851634979248,-1,-1,-1
60,2,5073.29345703125,843.9915771484375,80.7802734375,106.08331298828125,0.7714357972145081,-1,-1,-1
60,12,3097.767822265625,505.7993469238281,14.015869140625,24.235076904296875,0.31880009174346924,-1,-1,-1
60,4,2989.255859375,557.7794799804688,16.3193359375,36.66851806640625,0.3917813003063202,-1,-1,-1
60,22,3158.0654296875,510.4176025390625,15.613525390625,31.302734375,0.3110891282558441,-1,-1,-1
61,1,4039.593994140625,799.9719848632812,44.661376953125,104.34112548828125,0.6875506043434143,-1,-1,-1
61,2,5072.1513671875,843.2005004882812,78.908203125,106.68359375,0.7505113482475281,-1,-1,-1
61,12,3097.885986328125,505.8680114746094,14.254150390625,24.187103271484375,0.3204936683177948,-1,-1,-1
61,4,2989.3369140625,558.0038452148438,16.355224609375,38.14471435546875,0.3829810321331024,-1,-1,-1
61,22,3158.8466796875,510.10198974609375,15.037841796875,31.2589111328125,0.32839155197143555,-1,-1,-1
62,1,4041.79248046875,799.91845703125,43.3603515625,103.66766357421875,0.6783286333084106,-1,-1,-1
62,2,5071.958984375,842.3212280273438,73.64990234375,107.7830810546875,0.7672468423843384,-1,-1,-1
62,12,3098.181884765625,505.6497497558594,14.65771484375,24.422149658203125,0.29968950152397156,-1,-1,-1
62,4,2989.182861328125,557.5460205078125,16.4091796875,39.28729248046875,0.3983457684516907,-1,-1,-1
62,22,3159.712890625,509.37445068359375,14.42041015625,32.2261962890625,0.3430028557777405,-1,-1,-1
63,1,4042.83154296875,799.089599609375,42.230712890625,105.2818603515625,0.6812308430671692,-1,-1,-1
63,2,5072.86083984375,841.4640502929688,68.2822265625,108.02813720703125,0.7572399377822876,-1,-1,-1
63,12,3098.3720703125,505.188720703125,14.765625,24.9962158203125,0.33283528685569763,-1,-1,-1
63,4,2988.585205078125,557.8880615234375,16.903076171875,40.200927734375,0.42752063274383545,-1,-1,-1
63,22,3160.879150390625,508.784423828125,13.416259765625,31.9267578125,0.33095690608024597,-1,-1,-1
63,13,3938.045654296875,511.5247497558594,15.9169921875,33.317596435546875,0.2863118648529053,-1,-1,-1
64,1,4044.60498046875,798.8662719726562,40.1826171875,105.73779296875,0.6949364542961121,-1,-1,-1
64,2,5072.44091796875,841.05029296875,62.65380859375,106.72393798828125,0.7542378902435303,-1,-1,-1
64,12,3098.630126953125,504.6472473144531,14.615966796875,25.854766845703125,0.35300412774086,-1,-1,-1
64,4,2988.567626953125,558.1802368164062,16.795654296875,40.792724609375,0.47118720412254333,-1,-1,-1
64,22,3162.250244140625,508.4294128417969,12.712158203125,31.879241943359375,0.3079756498336792,-1,-1,-1
64,25,3580.30126953125,559.14306640625,20.368896484375,32.16766357421875,0.3527212142944336,-1,-1,-1
64,13,3938.16552734375,511.62298583984375,16.6845703125,32.9560546875,0.2563178241252899,-1,-1,-1
65,1,4045.8720703125,799.3629760742188,39.779052734375,104.34906005859375,0.6885003447532654,-1,-1,-1
65,2,5071.9755859375,840.095458984375,61.1181640625,108.8048095703125,0.7763287425041199,-1,-1,-1
65,12,3098.84033203125,504.3603820800781,14.76171875,26.251373291015625,0.36942580342292786,-1,-1,-1
65,4,2988.187255859375,558.7593994140625,16.93701171875,41.07672119140625,0.4629729688167572,-1,-1,-1
65,22,3163.493896484375,508.5863342285156,12.352783203125,31.888519287109375,0.27434197068214417,-1,-1,-1
65,25,3580.023681640625,560.1170043945312,20.847412109375,31.5478515625,0.37320253252983093,-1,-1,-1
66,1,4046.7978515625,799.438720703125,39.343505859375,104.71429443359375,0.7141125798225403,-1,-1,-1
66,2,5071.5634765625,839.3886108398438,58.04638671875,108.32861328125,0.7612560987472534,-1,-1,-1
66,12,3099.0859375,504.4740295410156,15.318603515625,27.294647216796875,0.39098572731018066,-1,-1,-1
66,4,2987.412841796875,558.5570678710938,17.431640625,42.29107666015625,0.4943094253540039,-1,-1,-1
66,25,3581.38818359375,558.810302734375,20.2216796875,33.8133544921875,0.3738037049770355,-1,-1,-1
67,1,4047.51220703125,799.3097534179688,39.281494140625,103.97662353515625,0.6916027665138245,-1,-1,-1
67,2,5068.853515625,839.2986450195312,58.90869140625,108.12591552734375,0.7709863781929016,-1,-1,-1
67,12,3099.13427734375,504.6283264160156,15.34765625,27.394989013671875,0.4051378667354584,-1,-1,-1
67,4,2987.774169921875,558.924072265625,17.1650390625,42.0736083984375,0.5113285779953003,-1,-1,-1
67,25,3583.08837890625,558.6237182617188,18.66259765625,31.7413330078125,0.2929019331932068,-1,-1,-1
68,1,4047.540771484375,799.033203125,39.582275390625,103.5750732421875,0.6874473690986633,-1,-1,-1
68,2,5066.0234375,839.3648071289062,60.57763671875,106.88861083984375,0.7999510169029236,-1,-1,-1
68,12,3099.068603515625,505.22186279296875,15.28369140625,27.56884765625,0.3935937285423279,-1,-1,-1
68,4,2985.591552734375,560.5870971679688,19.135498046875,40.28662109375,0.40753141045570374,-1,-1,-1
69,1,4047.849853515625,799.3095092773438,40.046142578125,105.53533935546875,0.659379243850708,-1,-1,-1
69,2,5063.11328125,840.1124877929688,61.79248046875,106.17523193359375,0.7663669586181641,-1,-1,-1
69,12,3098.962158203125,505.0582580566406,15.370849609375,27.325897216796875,0.36742299795150757,-1,-1,-1
69,4,2985.189208984375,561.5543212890625,19.591796875,40.30450439453125,0.4065541923046112,-1,-1,-1
70,1,4048.294677734375,799.3765258789062,39.979248046875,104.33636474609375,0.6884485483169556,-1,-1,-1
70,2,5058.197265625,839.8643798828125,65.76611328125,105.9666748046875,0.7401134967803955,-1,-1,-1
70,12,3098.993408203125,505.4269714355469,15.2646484375,28.036163330078125,0.3449181914329529,-1,-1,-1
70,4,2985.7568359375,562.1476440429688,18.89306640625,40.22393798828125,0.40314018726348877,-1,-1,-1
71,1,4048.876708984375,799.4666137695312,39.735107421875,104.63482666015625,0.69605553150177,-1,-1,-1
71,2,5052.22021484375,839.0292358398438,70.888671875,106.85919189453125,0.7692064046859741,-1,-1,-1
71,12,3099.02294921875,505.28369140625,15.4931640625,28.6937255859375,0.35918259620666504,-1,-1,-1
71,4,2986.442626953125,562.0515747070312,18.513671875,41.185302734375,0.4312342405319214,-1,-1,-1
72,1,4049.157470703125,799.7843017578125,39.523681640625,106.032470703125,0.7276777625083923,-1,-1,-1
72,2,5046.6103515625,839.2955932617188,75.400390625,107.46002197265625,0.7770367860794067,-1,-1,-1
72,12,3099.07275390625,505.2403869628906,15.76123046875,29.160919189453125,0.386769562959671,-1,-1,-1
72,4,2987.54931640625,561.7002563476562,17.558837890625,41.9241943359375,0.4572831094264984,-1,-1,-1
72,29,3307.380859375,510.7774353027344,22.89501953125,63.263519287109375,0.3600348234176636,-1,-1,-1
73,1,4049.04345703125,800.0808715820312,39.548583984375,106.5787353515625,0.7328324913978577,-1,-1,-1
73,2,5041.236328125,840.0844116210938,78.90625,106.68511962890625,0.7002280950546265,-1,-1,-1
73,12,3099.09375,504.6931457519531,15.911376953125,28.950164794921875,0.3911181390285492,-1,-1,-1
73,4,2987.82666015625,561.341796875,17.026611328125,42.6634521484375,0.44474634528160095,-1,-1,-1
73,29,3307.737060546875,512.4617309570312,23.6943359375,62.81683349609375,0.3129965364933014,-1,-1,-1
74,1,4048.88037109375,799.99609375,39.642822265625,106.05865478515625,0.7310876846313477,-1,-1,-1
74,2,5036.1201171875,840.90478515625,82.9794921875,105.81195068359375,0.7458627820014954,-1,-1,-1
74,12,3099.1376953125,504.5211181640625,15.934814453125,27.8504638671875,0.3980056047439575,-1,-1,-1
74,4,2988.047607421875,561.2540283203125,16.855224609375,43.04058837890625,0.4742608368396759,-1,-1,-1
75,1,4048.60498046875,799.7817993164062,39.829345703125,105.62054443359375,0.7458312511444092,-1,-1,-1
75,2,5032.2548828125,841.6980590820312,83.97900390625,105.1669921875,0.7677831649780273,-1,-1,-1
75,12,3099.24462890625,504.738525390625,16.181884765625,27.3861083984375,0.36201339960098267,-1,-1,-1
75,4,2988.23095703125,561.042236328125,16.896240234375,44.38604736328125,0.461697518825531,-1,-1,-1
75,29,3308.537841796875,512.9177856445312,27.516357421875,63.87445068359375,0.25092729926109314,-1,-1,-1
76,1,4048.31640625,799.6923828125,40.358642578125,106.16351318359375,0.7356292605400085,-1,-1,-1
76,2,5028.326171875,841.5874633789062,84.8623046875,104.65716552734375,0.781692624092102,-1,-1,-1
76,12,3099.3291015625,505.3611755371094,16.625,28.593292236328125,0.3568967878818512,-1,-1,-1
76,4,2987.9248046875,561.1965942382812,17.224853515625,45.08349609375,0.4517599642276764,-1,-1,-1
77,1,4048.048828125,799.4954223632812,41.16455078125,107.0281982421875,0.7555850744247437,-1,-1,-1
77,2,5025.05419921875,840.2921752929688,83.92138671875,105.095703125,0.7929003834724426,-1,-1,-1
77,12,3099.49462890625,505.7159423828125,17.060302734375,28.7655029296875,0.33837929368019104,-1,-1,-1
77,4,2987.455322265625,561.783935546875,17.822509765625,44.03009033203125,0.4683144688606262,-1,-1,-1
78,1,4047.700439453125,799.3370971679688,42.0947265625,108.064208984375,0.7399813532829285,-1,-1,-1
78,2,5024.05908203125,840.0120849609375,78.8359375,104.4930419921875,0.7250694036483765,-1,-1,-1
78,12,3099.569091796875,506.1905822753906,17.475830078125,28.457427978515625,0.2971181869506836,-1,-1,-1
78,4,2986.758544921875,563.0255737304688,18.30224609375,42.48858642578125,0.3825952708721161,-1,-1,-1
79,1,4046.898193359375,799.1724243164062,43.91455078125,109.09625244140625,0.7230224013328552,-1,-1,-1
79,2,5022.8515625,839.3986206054688,73.62744140625,104.59173583984375,0.7231578230857849,-1,-1,-1
79,12,3099.587646484375,506.1524963378906,17.70361328125,28.631317138671875,0.33102014660835266,-1,-1,-1
79,4,2986.84619140625,564.0214233398438,18.81005859375,41.37213134765625,0.4673088490962982,-1,-1,-1
80,1,4046.59228515625,799.002685546875,45.400146484375,109.47589111328125,0.7201516032218933,-1,-1,-1
80,2,5021.6142578125,839.8150634765625,68.7294921875,102.813720703125,0.7184060215950012,-1,-1,-1
80,12,3099.509521484375,506.1044921875,18.009765625,29.24542236328125,0.34370875358581543,-1,-1,-1
80,4,2987.3837890625,564.6360473632812,19.0419921875,41.1959228515625,0.4727248251438141,-1,-1,-1
81,1,4045.83154296875,798.6063842773438,46.652099609375,110.1046142578125,0.6798962354660034,-1,-1,-1
81,2,5017.69189453125,839.9080200195312,67.47802734375,102.764892578125,0.7107482552528381,-1,-1,-1
81,12,3099.510498046875,505.4326477050781,18.302001953125,29.851348876953125,0.35807526111602783,-1,-1,-1
81,4,2988.032958984375,564.640625,18.598876953125,41.64892578125,0.47954535484313965,-1,-1,-1
82,1,4045.348388671875,797.3771362304688,47.9619140625,110.40411376953125,0.6025143265724182,-1,-1,-1
82,2,5014.3515625,839.4064331054688,66.2236328125,103.62493896484375,0.7012082934379578,-1,-1,-1
82,12,3099.537841796875,504.8020324707031,18.622802734375,30.014373779296875,0.3009576201438904,-1,-1,-1
82,4,2987.68212890625,564.5172119140625,19.396484375,42.36968994140625,0.47722774744033813,-1,-1,-1
83,1,4045.013671875,797.2835083007812,48.3125,109.61151123046875,0.5927865505218506,-1,-1,-1
83,2,5012.40576171875,839.086181640625,64.49658203125,103.543212890625,0.6510154008865356,-1,-1,-1
83,12,3099.572265625,504.9120788574219,19.185791015625,29.863433837890625,0.3020903170108795,-1,-1,-1
83,4,2987.336181640625,564.4695434570312,20.067138671875,43.03521728515625,0.48461297154426575,-1,-1,-1
84,1,4045.591064453125,798.3289794921875,48.0126953125,109.5545654296875,0.6219331622123718,-1,-1,-1
84,2,5007.76904296875,838.9515991210938,64.7490234375,102.30059814453125,0.6032264232635498,-1,-1,-1
84,12,3099.57568359375,505.3219909667969,19.7158203125,29.714080810546875,0.27522987127304077,-1,-1,-1
84,4,2987.151611328125,564.4153442382812,20.3525390625,43.8748779296875,0.46553730964660645,-1,-1,-1
85,1,4045.959716796875,799.1078491210938,47.66552734375,109.275146484375,0.6703336238861084,-1,-1,-1
85,2,5002.4560546875,839.2293090820312,66.71923828125,101.01580810546875,0.6904930472373962,-1,-1,-1
85,12,3099.669189453125,505.6950988769531,20.015625,29.473358154296875,0.27842143177986145,-1,-1,-1
85,4,2987.393310546875,564.393310546875,19.83740234375,44.33001708984375,0.4905267655849457,-1,-1,-1
86,1,4046.279541015625,799.534423828125,48.013671875,110.01019287109375,0.7106557488441467,-1,-1,-1
86,2,4996.595703125,839.8211669921875,68.7060546875,100.40545654296875,0.7792380452156067,-1,-1,-1
86,12,3099.744140625,505.7015380859375,20.2880859375,29.7177734375,0.27798253297805786,-1,-1,-1
86,4,2988.0537109375,564.6641845703125,18.61279296875,44.65850830078125,0.4666743576526642,-1,-1,-1
87,1,4046.809814453125,798.9486083984375,48.606689453125,109.64361572265625,0.7083783149719238,-1,-1,-1
87,2,4988.5537109375,839.643798828125,74.76708984375,102.322021484375,0.8261678814888,-1,-1,-1
87,12,3099.72802734375,505.8746337890625,19.996337890625,29.8145751953125,0.30595648288726807,-1,-1,-1
87,4,2988.119140625,566.650390625,18.114990234375,42.90313720703125,0.5196310877799988,-1,-1,-1
88,1,4046.922607421875,799.2364501953125,49.015869140625,108.53271484375,0.7056488394737244,-1,-1,-1
88,2,4983.01904296875,839.810302734375,77.6142578125,102.8499755859375,0.8044251203536987,-1,-1,-1
88,12,3099.70361328125,505.9992980957031,19.765625,29.704864501953125,0.3129509389400482,-1,-1,-1
88,4,2988.76611328125,568.2371215820312,17.4248046875,40.7301025390625,0.5118172764778137,-1,-1,-1
89,1,4048.04736328125,799.3859252929688,48.66845703125,108.20782470703125,0.6932761073112488,-1,-1,-1
89,2,4978.4609375,839.6912841796875,78.693359375,102.2506103515625,0.7556644678115845,-1,-1,-1
89,4,2988.9423828125,569.2566528320312,17.326171875,39.66131591796875,0.5424317717552185,-1,-1,-1
90,1,4049.115234375,800.8045654296875,47.703125,108.37237548828125,0.6952661871910095,-1,-1,-1
90,2,4975.5888671875,840.219482421875,79.05517578125,101.15667724609375,0.7445642948150635,-1,-1,-1
90,4,2989.547119140625,570.0418701171875,16.05322265625,39.0867919921875,0.5131468176841736,-1,-1,-1
91,1,4052.076904296875,801.2318115234375,45.021728515625,109.43817138671875,0.6916213035583496,-1,-1,-1
91,2,4973.93359375,839.2081298828125,79.4599609375,102.13946533203125,0.7323015928268433,-1,-1,-1
91,4,2990.16552734375,570.6331176757812,14.97412109375,38.56982421875,0.5111464858055115,-1,-1,-1
92,1,4056.09814453125,801.2283325195312,41.65478515625,109.799560546875,0.663455605506897,-1,-1,-1
92,2,4973.33154296875,837.9863891601562,77.18408203125,102.97332763671875,0.7116640210151672,-1,-1,-1
92,4,2990.89990234375,571.6114501953125,13.867919921875,38.147705078125,0.5072464942932129,-1,-1,-1
93,1,4058.806640625,801.2406005859375,39.4150390625,109.928466796875,0.6487084031105042,-1,-1,-1
93,2,4975.373046875,837.5413208007812,70.02734375,102.5213623046875,0.6708326935768127,-1,-1,-1
93,4,2991.19580078125,571.0997924804688,14.1162109375,39.9622802734375,0.5268120765686035,-1,-1,-1
94,1,4061.003173828125,801.3963623046875,37.355224609375,109.49566650390625,0.6281878352165222,-1,-1,-1
94,2,4975.9951171875,837.0220336914062,63.59619140625,104.1278076171875,0.6872115731239319,-1,-1,-1
94,4,2991.3505859375,570.462890625,14.830322265625,41.70758056640625,0.5083081126213074,-1,-1,-1
95,1,4063.269775390625,801.5838012695312,35.405517578125,109.2265625,0.61363285779953,-1,-1,-1
95,2,4975.17724609375,836.790283203125,61.4794921875,104.2298583984375,0.729707658290863,-1,-1,-1
95,4,2991.534423828125,570.1015625,15.462158203125,43.85198974609375,0.47587352991104126,-1,-1,-1
95,45,3956.96630859375,516.18408203125,15.0986328125,28.3411865234375,0.3220742642879486,-1,-1,-1
96,1,4064.442626953125,801.6148681640625,34.415283203125,107.50799560546875,0.6739278435707092,-1,-1,-1
96,2,4973.9619140625,836.7282104492188,60.1884765625,104.3323974609375,0.7580529451370239,-1,-1,-1
96,4,2991.548583984375,569.8311157226562,15.60986328125,44.532958984375,0.49576231837272644,-1,-1,-1
96,45,3957.29443359375,515.6904907226562,14.7744140625,29.2037353515625,0.3658592700958252,-1,-1,-1
96,46,3607.27392578125,557.989501953125,22.0546875,33.88812255859375,0.4046928286552429,-1,-1,-1
97,1,4064.990478515625,801.5756225585938,34.153564453125,107.92626953125,0.684222936630249,-1,-1,-1
97,2,4972.6748046875,836.7169189453125,58.85791015625,104.58343505859375,0.7386858463287354,-1,-1,-1
97,4,2991.556640625,570.1224365234375,15.70458984375,43.839111328125,0.5253869891166687,-1,-1,-1
97,45,3958.238037109375,515.0333251953125,14.292724609375,30.142578125,0.3412478566169739,-1,-1,-1
97,46,3607.07568359375,558.5885620117188,21.437255859375,32.34283447265625,0.42127060890197754,-1,-1,-1
98,1,4065.381103515625,801.785888671875,34.172607421875,108.3631591796875,0.6504115462303162,-1,-1,-1
98,2,4971.4091796875,835.369873046875,58.208984375,105.84521484375,0.7227527499198914,-1,-1,-1
98,4,2991.54833984375,570.4100952148438,16.87158203125,43.54254150390625,0.48973533511161804,-1,-1,-1
98,45,3958.94384765625,514.691162109375,14.012451171875,30.25634765625,0.31315869092941284,-1,-1,-1
98,46,3607.603759765625,558.976318359375,20.984619140625,30.3955078125,0.3901934325695038,-1,-1,-1
99,1,4065.79638671875,801.9679565429688,34.03515625,107.68634033203125,0.6135857701301575,-1,-1,-1
99,2,4969.10693359375,835.2280883789062,58.9521484375,105.63653564453125,0.7345267534255981,-1,-1,-1
99,4,2991.626953125,570.8170166015625,18.31787109375,43.9669189453125,0.46105408668518066,-1,-1,-1
99,45,3959.219970703125,514.951171875,14.1865234375,29.51763916015625,0.28460320830345154,-1,-1,-1
99,46,3610.571044921875,558.7533569335938,17.998291015625,30.0487060546875,0.38548165559768677,-1,-1,-1
100,1,4066.064697265625,802.0520629882812,33.871826171875,107.02520751953125,0.5420847535133362,-1,-1,-1
100,2,4965.34912109375,835.0859375,62.19287109375,106.11102294921875,0.7435697913169861,-1,-1,-1
100,4,2991.617431640625,572.0552978515625,19.074462890625,42.9932861328125,0.41890910267829895,-1,-1,-1
100,45,3959.47119140625,515.81103515625,14.409912109375,28.35101318359375,0.29286786913871765,-1,-1,-1
101,1,4066.264892578125,801.54296875,33.712158203125,107.81951904296875,0.5080150961875916,-1,-1,-1
101,2,4961.9150390625,835.4525146484375,64.4638671875,105.84326171875,0.7623287439346313,-1,-1,-1
101,4,2991.671142578125,572.57568359375,19.870361328125,43.5126953125,0.4044438898563385,-1,-1,-1
101,45,3959.47802734375,516.5387573242188,14.71826171875,27.48095703125,0.2954404950141907,-1,-1,-1
102,1,4066.409423828125,801.167236328125,33.765869140625,108.8924560546875,0.46416428685188293,-1,-1,-1
102,2,4958.546875,836.3407592773438,67.166015625,106.61138916015625,0.763979434967041,-1,-1,-1
102,4,2991.53857421875,572.1722412109375,20.34375,44.02587890625,0.3961237072944641,-1,-1,-1
102,45,3959.33349609375,516.724365234375,15.3447265625,27.4691162109375,0.32529905438423157,-1,-1,-1
103,1,4066.38427734375,800.7742919921875,34.205078125,110.43865966796875,0.4224444627761841,-1,-1,-1
103,2,4953.46484375,837.2321166992188,71.19970703125,104.9735107421875,0.7024694681167603,-1,-1,-1
103,4,2992.0751953125,571.76513671875,20.234375,44.4957275390625,0.3874763250350952,-1,-1,-1
103,45,3959.62939453125,517.4490356445312,15.38427734375,26.8265380859375,0.3239609897136688,-1,-1,-1
104,1,4065.860107421875,800.9263916015625,36.306396484375,110.05218505859375,0.6324179768562317,-1,-1,-1
104,2,4948.71337890625,837.7996826171875,74.77880859375,104.76953125,0.720442533493042,-1,-1,-1
104,4,2992.956787109375,570.9286499023438,20.109130859375,45.71661376953125,0.4160911738872528,-1,-1,-1
104,45,3960.04052734375,517.5450439453125,15.17919921875,26.65283203125,0.28299710154533386,-1,-1,-1
105,1,4065.808837890625,800.8087768554688,37.523193359375,109.81524658203125,0.5672552585601807,-1,-1,-1
105,2,4945.2109375,838.0422973632812,77.11865234375,103.94073486328125,0.7288743257522583,-1,-1,-1
105,4,2993.775634765625,570.7313232421875,19.785888671875,46.378662109375,0.3335613012313843,-1,-1,-1
105,45,3960.23388671875,517.2944946289062,15.0869140625,26.83148193359375,0.2553710341453552,-1,-1,-1
106,1,4065.619384765625,800.8856201171875,38.940185546875,110.25762939453125,0.6772587299346924,-1,-1,-1
106,2,4942.01513671875,838.5963745117188,80.5224609375,103.20709228515625,0.779075562953949,-1,-1,-1
106,4,2994.5966796875,571.25830078125,20.263916015625,46.1754150390625,0.3941419720649719,-1,-1,-1
106,45,3960.53466796875,516.7168579101562,15.39111328125,27.53375244140625,0.2751779556274414,-1,-1,-1
107,1,4065.571533203125,800.8135375976562,39.687255859375,110.78570556640625,0.7031547427177429,-1,-1,-1
107,2,4939.787109375,838.8804931640625,80.998046875,103.0888671875,0.7443936467170715,-1,-1,-1
107,4,2994.90283203125,572.135498046875,20.4326171875,46.14691162109375,0.3708854615688324,-1,-1,-1
107,45,3960.865234375,516.2001953125,15.95068359375,28.33935546875,0.2796144187450409,-1,-1,-1
108,1,4065.273193359375,800.7372436523438,40.538330078125,110.42974853515625,0.6897372007369995,-1,-1,-1
108,2,4937.36376953125,839.1431884765625,81.978515625,103.15557861328125,0.6692712306976318,-1,-1,-1
108,4,2995.214111328125,573.2282104492188,21.04541015625,47.66607666015625,0.4274294972419739,-1,-1,-1
108,45,3961.170654296875,515.7854614257812,16.628173828125,28.98931884765625,0.2575560212135315,-1,-1,-1
109,1,4064.511962890625,800.5173950195312,42.155029296875,111.20916748046875,0.6886767745018005,-1,-1,-1
109,2,4936.712890625,838.1170654296875,79.466796875,104.416015625,0.6505090594291687,-1,-1,-1
109,4,2996.211181640625,574.05224609375,20.84716796875,48.57794189453125,0.4034756124019623,-1,-1,-1
109,45,3961.854248046875,515.6322021484375,16.433349609375,29.43304443359375,0.28620439767837524,-1,-1,-1
110,1,4063.657958984375,800.321044921875,44.233154296875,111.94085693359375,0.6945117712020874,-1,-1,-1
110,2,4934.59521484375,837.6743774414062,79.01171875,103.922607421875,0.6587343811988831,-1,-1,-1
110,4,2996.88134765625,575.3181762695312,20.859375,49.0521240234375,0.40139099955558777,-1,-1,-1
110,45,3962.713623046875,515.4918823242188,16.123046875,29.62359619140625,0.27063295245170593,-1,-1,-1
111,1,4062.943115234375,800.1222534179688,46.276611328125,112.49578857421875,0.709576427936554,-1,-1,-1
111,2,4933.44287109375,837.6815795898438,74.49853515625,104.8193359375,0.6852822303771973,-1,-1,-1
111,4,2998.468017578125,574.6021118164062,20.269775390625,50.67236328125,0.45474231243133545,-1,-1,-1
111,45,3963.7890625,515.4243774414062,14.83642578125,29.6307373046875,0.3231334090232849,-1,-1,-1
111,58,3624.190673828125,527.2369995117188,21.8232421875,39.755859375,0.350235253572464,-1,-1,-1
112,1,4062.66650390625,800.63916015625,47.923828125,112.9307861328125,0.7095770239830017,-1,-1,-1
112,2,4930.94140625,837.55859375,72.8916015625,105.50048828125,0.6944684386253357,-1,-1,-1
112,4,2999.586669921875,573.7130126953125,19.5673828125,51.9468994140625,0.4446149468421936,-1,-1,-1
112,45,3964.52197265625,515.776611328125,13.963134765625,29.37457275390625,0.32971423864364624,-1,-1,-1
112,58,3624.475341796875,527.2000122070312,22.048828125,40.3162841796875,0.3209749758243561,-1,-1,-1
113,1,4064.37890625,801.4867553710938,47.54833984375,112.19952392578125,0.7101473212242126,-1,-1,-1
113,2,4928.86962890625,837.8910522460938,70.109375,106.0845947265625,0.6981675028800964,-1,-1,-1
113,4,3000.650390625,573.7263793945312,19.386962890625,51.8958740234375,0.4047929346561432,-1,-1,-1
113,45,3964.781005859375,516.5592651367188,13.851806640625,28.47412109375,0.3015086352825165,-1,-1,-1
113,58,3626.975830078125,527.5153198242188,19.983154296875,42.4029541015625,0.2704079747200012,-1,-1,-1
114,1,4065.783203125,801.37353515625,46.361328125,112.20281982421875,0.6835852265357971,-1,-1,-1
114,2,4926.06201171875,838.1813354492188,68.9140625,106.166748046875,0.7047330141067505,-1,-1,-1
114,4,3000.432373046875,573.6592407226562,20.765380859375,51.88427734375,0.465505987405777,-1,-1,-1
114,45,3964.735107421875,515.9691772460938,13.78759765625,28.84539794921875,0.2740458846092224,-1,-1,-1
115,1,4066.60498046875,801.7158813476562,45.78271484375,111.9036865234375,0.6544902324676514,-1,-1,-1
115,2,4922.67919921875,837.745361328125,68.52685546875,105.76141357421875,0.6257719397544861,-1,-1,-1
115,4,3001.53759765625,573.9220581054688,20.35107421875,52.25885009765625,0.47667670249938965,-1,-1,-1
115,45,3964.96923828125,515.3868408203125,13.7841796875,29.67376708984375,0.2547231912612915,-1,-1,-1
116,1,4066.087890625,802.598876953125,46.59228515625,111.23602294921875,0.7050278782844543,-1,-1,-1
116,2,4919.76904296875,837.1748657226562,68.0625,106.02935791015625,0.7055367231369019,-1,-1,-1
116,4,3002.629638671875,574.8086547851562,19.79248046875,51.526123046875,0.5219547152519226,-1,-1,-1
116,45,3965.12646484375,514.7069702148438,13.85400390625,30.596435546875,0.2604891061782837,-1,-1,-1
117,1,4066.396484375,803.0100708007812,47.0185546875,111.35223388671875,0.725091814994812,-1,-1,-1
117,2,4916.63720703125,837.2769775390625,68.82763671875,106.01959228515625,0.7236512303352356,-1,-1,-1
117,4,3004.02392578125,575.5084838867188,19.02685546875,51.09991455078125,0.5241976380348206,-1,-1,-1
117,45,3964.993408203125,514.337890625,14.1025390625,31.38238525390625,0.26165783405303955,-1,-1,-1
118,1,4068.224365234375,803.3068237304688,45.696533203125,111.13043212890625,0.6829851865768433,-1,-1,-1
118,2,4913.1005859375,837.6098022460938,69.8798828125,106.3863525390625,0.7312611937522888,-1,-1,-1
118,4,3005.25439453125,575.9210815429688,18.211669921875,51.00689697265625,0.5716899037361145,-1,-1,-1
118,45,3964.83203125,514.1885375976562,14.193115234375,31.982421875,0.31367412209510803,-1,-1,-1
119,1,4068.490478515625,804.0779418945312,46.378173828125,110.60772705078125,0.7561119794845581,-1,-1,-1
119,2,4909.14599609375,838.493408203125,71.04541015625,106.9078369140625,0.7004303932189941,-1,-1,-1
119,4,3006.170166015625,578.494140625,17.888671875,48.100830078125,0.5600583553314209,-1,-1,-1
119,45,3964.719482421875,513.925048828125,14.31982421875,32.30157470703125,0.31902825832366943,-1,-1,-1
120,1,4069.179931640625,804.702392578125,46.585205078125,110.31329345703125,0.7468252778053284,-1,-1,-1
120,2,4906.91650390625,839.8992309570312,70.80859375,106.49127197265625,0.7178937196731567,-1,-1,-1
120,4,3006.839599609375,581.2509765625,17.748291015625,45.06707763671875,0.5415395498275757,-1,-1,-1
120,45,3964.6845703125,513.966552734375,14.23291015625,32.20196533203125,0.3226202726364136,-1,-1,-1
121,1,4068.503662109375,805.3115844726562,48.224365234375,109.8311767578125,0.7582252025604248,-1,-1,-1
121,2,4906.3740234375,840.030029296875,68.65673828125,106.72882080078125,0.7332474589347839,-1,-1,-1
121,4,3007.44873046875,582.2799682617188,18.133544921875,44.16583251953125,0.5386670827865601,-1,-1,-1
121,45,3964.813232421875,513.89990234375,14.132080078125,32.04144287109375,0.34113189578056335,-1,-1,-1
122,1,4068.459716796875,805.5858154296875,50.043212890625,109.40118408203125,0.7708988189697266,-1,-1,-1
122,2,4905.8779296875,839.8086547851562,67.79052734375,106.94049072265625,0.7553539872169495,-1,-1,-1
122,4,3008.651611328125,582.4176025390625,17.665771484375,44.4423828125,0.5298778414726257,-1,-1,-1
122,45,3964.85400390625,513.791259765625,14.160400390625,32.15338134765625,0.3551211655139923,-1,-1,-1
123,1,4068.7666015625,805.9482421875,52.39697265625,109.2509765625,0.7907701134681702,-1,-1,-1
123,2,4905.2607421875,839.4636840820312,66.728515625,107.56365966796875,0.7538900971412659,-1,-1,-1
123,4,3009.670166015625,582.3396606445312,18.18408203125,44.175537109375,0.5433290004730225,-1,-1,-1
123,45,3964.87353515625,513.5226440429688,14.357177734375,32.3519287109375,0.34060630202293396,-1,-1,-1
124,1,4068.53662109375,806.3780517578125,54.86865234375,108.649169921875,0.7597414255142212,-1,-1,-1
124,2,4903.96044921875,839.2752075195312,64.58154296875,105.60784912109375,0.7593014240264893,-1,-1,-1
124,4,3010.6513671875,581.5782470703125,18.979736328125,45.55499267578125,0.5524905323982239,-1,-1,-1
124,45,3964.861328125,513.298095703125,14.47607421875,32.45703125,0.3209712505340576,-1,-1,-1
125,1,4069.61181640625,806.685791015625,55.47998046875,108.10626220703125,0.7728162407875061,-1,-1,-1
125,2,4903.04931640625,839.5419311523438,63.21826171875,104.9837646484375,0.7438483834266663,-1,-1,-1
125,4,3011.12158203125,581.09814453125,19.50146484375,46.88641357421875,0.5496043562889099,-1,-1,-1
125,45,3964.83056640625,513.2588500976562,14.50048828125,32.380126953125,0.3058556318283081,-1,-1,-1
126,1,4071.48583984375,807.134033203125,54.904296875,106.73388671875,0.7013700604438782,-1,-1,-1
126,2,4902.0419921875,839.4423828125,62.48779296875,104.44342041015625,0.6992990374565125,-1,-1,-1
126,4,3012.021484375,581.9479370117188,19.701904296875,46.14501953125,0.5467938184738159,-1,-1,-1
126,45,3964.7646484375,513.671630859375,14.392333984375,31.86090087890625,0.3145921230316162,-1,-1,-1
127,1,4072.72265625,807.3662719726562,55.375,105.01141357421875,0.7261340022087097,-1,-1,-1
127,2,4899.880859375,839.4260864257812,62.814453125,104.62005615234375,0.7037206888198853,-1,-1,-1
127,4,3012.469970703125,582.4632568359375,20.046630859375,45.37109375,0.5365350246429443,-1,-1,-1
127,45,3964.734130859375,513.6638793945312,14.35888671875,31.7901611328125,0.30424442887306213,-1,-1,-1
127,75,3099.1708984375,507.9863586425781,15.6728515625,26.796539306640625,0.3379802703857422,-1,-1,-1
128,1,4074.16162109375,806.8980712890625,55.88232421875,105.29901123046875,0.6952661275863647,-1,-1,-1
128,2,4897.52392578125,839.4586181640625,63.98681640625,105.288818359375,0.6997985243797302,-1,-1,-1
128,4,3014.596923828125,582.4158935546875,18.224609375,44.15771484375,0.5121734738349915,-1,-1,-1
128,45,3964.721435546875,513.70458984375,14.28857421875,31.6900634765625,0.30831286311149597,-1,-1,-1
128,75,3099.003662109375,507.7533874511719,15.328857421875,28.096405029296875,0.35255923867225647,-1,-1,-1
129,1,4076.290283203125,807.5208129882812,55.021240234375,103.5791015625,0.7212705016136169,-1,-1,-1
129,2,4894.53173828125,840.0289306640625,66.8271484375,104.81805419921875,0.6878960132598877,-1,-1,-1
129,4,3016.2080078125,582.9484252929688,17.284912109375,45.1749267578125,0.4994441568851471,-1,-1,-1
129,45,3964.747314453125,513.5499267578125,14.215576171875,31.85406494140625,0.3083914518356323,-1,-1,-1
129,75,3098.94677734375,507.8345642089844,15.098876953125,29.083465576171875,0.3577938377857208,-1,-1,-1
130,1,4079.421142578125,806.190673828125,52.872802734375,104.84716796875,0.7541620135307312,-1,-1,-1
130,2,4892.40234375,839.9944458007812,68.64501953125,104.86029052734375,0.7101510167121887,-1,-1,-1
130,4,3017.57958984375,582.510986328125,18.363037109375,46.1181640625,0.373416930437088,-1,-1,-1
130,45,3964.767333984375,513.4181518554688,14.066650390625,31.97271728515625,0.3183955252170563,-1,-1,-1
130,75,3098.912109375,508.6098937988281,14.987548828125,28.515655517578125,0.3116529881954193,-1,-1,-1
131,1,4082.9111328125,805.7614135742188,50.08349609375,105.23406982421875,0.7684710025787354,-1,-1,-1
131,2,4889.77685546875,839.508056640625,70.46728515625,105.5115966796875,0.7380805015563965,-1,-1,-1
131,4,3018.135498046875,582.7645263671875,19.254638671875,46.2777099609375,0.35099664330482483,-1,-1,-1
131,45,3964.88134765625,512.9976806640625,14.000244140625,32.28985595703125,0.301442950963974,-1,-1,-1
131,75,3098.705810546875,509.24359130859375,15.05517578125,27.9306640625,0.3030730187892914,-1,-1,-1
132,1,4086.736572265625,804.6453247070312,47.731689453125,106.0928955078125,0.779837429523468,-1,-1,-1
132,2,4887.66552734375,839.4378051757812,71.173828125,109.111083984375,0.7209987044334412,-1,-1,-1
132,4,3018.411376953125,582.810546875,21.3984375,48.44525146484375,0.4277392327785492,-1,-1,-1
132,45,3964.994873046875,512.447509765625,13.835205078125,32.7972412109375,0.35366445779800415,-1,-1,-1
132,75,3098.5458984375,508.9913024902344,14.8779296875,27.684661865234375,0.37289220094680786,-1,-1,-1
133,1,4088.903564453125,804.5402221679688,46.622314453125,106.4482421875,0.7706311941146851,-1,-1,-1
133,2,4885.1875,839.850830078125,73.39013671875,110.06439208984375,0.7267082929611206,-1,-1,-1
133,45,3964.9892578125,511.7794189453125,13.897705078125,33.4796142578125,0.3746527433395386,-1,-1,-1
133,75,3098.025146484375,508.3560791015625,14.741455078125,27.90625,0.3409157693386078,-1,-1,-1
134,1,4091.70751953125,804.3396606445312,44.60791015625,107.37841796875,0.7910082936286926,-1,-1,-1
134,2,4882.89599609375,840.4686889648438,75.26025390625,109.271484375,0.734577476978302,-1,-1,-1
134,45,3964.83203125,511.37701416015625,13.93408203125,33.95465087890625,0.386607825756073,-1,-1,-1
134,75,3097.21435546875,507.47210693359375,14.181884765625,28.220947265625,0.3380855619907379,-1,-1,-1
135,1,4092.3779296875,804.8909301757812,44.076171875,107.42822265625,0.7831684947013855,-1,-1,-1
135,2,4879.95849609375,840.8771362304688,77.93603515625,109.05865478515625,0.7287349104881287,-1,-1,-1
135,45,3964.976806640625,511.4711608886719,13.80419921875,33.781707763671875,0.3662150204181671,-1,-1,-1
135,75,3097.13134765625,508.0379638671875,13.6787109375,27.298095703125,0.3554422855377197,-1,-1,-1
136,1,4093.46337890625,805.2437744140625,43.1767578125,107.0179443359375,0.7763960361480713,-1,-1,-1
136,2,4877.732421875,841.8577880859375,79.09326171875,108.378662109375,0.7153024673461914,-1,-1,-1
136,45,3965.08740234375,511.3294677734375,13.8125,33.8798828125,0.36806780099868774,-1,-1,-1
136,75,3096.897216796875,508.539794921875,13.84716796875,26.9617919921875,0.3797427713871002,-1,-1,-1
136,4,3023.304931640625,583.0542602539062,24.49853515625,49.79217529296875,0.34289997816085815,-1,-1,-1
137,1,4093.642333984375,805.6736450195312,43.226318359375,106.27349853515625,0.7419568300247192,-1,-1,-1
137,2,4875.0302734375,842.8896484375,80.595703125,108.54193115234375,0.7269147634506226,-1,-1,-1
137,45,3965.166259765625,511.4407653808594,13.740234375,33.736602783203125,0.37569618225097656,-1,-1,-1
137,75,3094.884521484375,509.56915283203125,14.0947265625,25.93707275390625,0.38237351179122925,-1,-1,-1
137,4,3024.64990234375,582.9076538085938,24.371337890625,51.6318359375,0.4183295965194702,-1,-1,-1
138,1,4094.289306640625,806.041748046875,43.031982421875,105.150146484375,0.7238908410072327,-1,-1,-1
138,2,4872.88330078125,843.7308349609375,81.6337890625,108.816650390625,0.7565204501152039,-1,-1,-1
138,45,3965.171630859375,511.4654846191406,13.73681640625,33.583770751953125,0.38669490814208984,-1,-1,-1
138,75,3093.8095703125,509.0216979980469,14.46142578125,26.269378662109375,0.4531942903995514,-1,-1,-1
138,4,3025.814453125,583.4978637695312,23.644775390625,49.9659423828125,0.4654906988143921,-1,-1,-1
139,1,4094.600341796875,805.8744506835938,43.593994140625,104.5863037109375,0.7551630139350891,-1,-1,-1
139,2,4869.71044921875,844.1159057617188,80.82958984375,109.238525390625,0.7621090412139893,-1,-1,-1
139,45,3965.133544921875,511.1094970703125,13.75830078125,33.84228515625,0.37047678232192993,-1,-1,-1
139,75,3093.193115234375,507.8146667480469,15.389892578125,26.993499755859375,0.425857275724411,-1,-1,-1
139,4,3027.9931640625,584.0869140625,21.881591796875,49.94720458984375,0.5497881174087524,-1,-1,-1
140,1,4094.954345703125,805.5597534179688,43.898193359375,104.42718505859375,0.7468883395195007,-1,-1,-1
140,2,4866.4091796875,844.5062255859375,81.572265625,108.98895263671875,0.7606143355369568,-1,-1,-1
140,45,3965.05810546875,510.8973388671875,13.81005859375,33.8626708984375,0.328249454498291,-1,-1,-1
140,75,3092.99365234375,506.88006591796875,14.97265625,27.886962890625,0.438442587852478,-1,-1,-1
140,4,3030.60791015625,587.0852661132812,19.481689453125,45.76727294921875,0.47588005661964417,-1,-1,-1
141,1,4095.350341796875,805.4846801757812,45.091552734375,103.49468994140625,0.7478623986244202,-1,-1,-1
141,2,4862.984375,844.671875,81.0498046875,109.0684814453125,0.7312390208244324,-1,-1,-1
141,45,3965.045166015625,511.003173828125,13.804443359375,33.849365234375,0.35592517256736755,-1,-1,-1
141,75,3092.675048828125,507.0270690917969,14.194580078125,28.900238037109375,0.45945459604263306,-1,-1,-1
141,4,3032.237060546875,587.9940185546875,18.379638671875,45.097900390625,0.5116143822669983,-1,-1,-1
142,1,4096.2236328125,805.7181396484375,45.77001953125,102.12835693359375,0.7719780206680298,-1,-1,-1
142,2,4861.09521484375,844.4749755859375,77.85791015625,109.30548095703125,0.7115137577056885,-1,-1,-1
142,45,3965.08056640625,511.22894287109375,13.861083984375,33.7574462890625,0.38214075565338135,-1,-1,-1
142,75,3092.19189453125,508.3582763671875,13.64013671875,28.42132568359375,0.4248743951320648,-1,-1,-1
142,4,3033.03955078125,589.5671997070312,18.1845703125,45.17437744140625,0.48808395862579346,-1,-1,-1
143,1,4097.42626953125,805.0808715820312,45.64501953125,101.9869384765625,0.7815858721733093,-1,-1,-1
143,2,4859.4248046875,844.2525634765625,74.16064453125,109.63983154296875,0.7436964511871338,-1,-1,-1
143,45,3965.03759765625,511.2103576660156,13.905517578125,33.832244873046875,0.38873133063316345,-1,-1,-1
143,75,3091.538818359375,510.205322265625,14.267822265625,27.06793212890625,0.44276556372642517,-1,-1,-1
143,4,3033.6044921875,589.1238403320312,18.85498046875,46.42449951171875,0.5445573329925537,-1,-1,-1
144,1,4098.4228515625,804.5197143554688,45.00341796875,102.095458984375,0.7818780541419983,-1,-1,-1
144,2,4856.98486328125,845.031982421875,72.0107421875,108.695068359375,0.7320797443389893,-1,-1,-1
144,45,3964.998046875,511.0962829589844,14.01318359375,33.997222900390625,0.41226863861083984,-1,-1,-1
144,75,3089.883544921875,509.82342529296875,15.5185546875,28.13800048828125,0.46229463815689087,-1,-1,-1
144,4,3034.2119140625,588.8851318359375,20.004638671875,48.701416015625,0.5546940565109253,-1,-1,-1
145,1,4099.4130859375,804.5577392578125,44.7216796875,101.42852783203125,0.7642673254013062,-1,-1,-1
145,2,4855.4345703125,845.17431640625,69.646484375,107.3780517578125,0.7183483839035034,-1,-1,-1
145,45,3964.959716796875,511.1105651855469,14.055908203125,34.034759521484375,0.41685307025909424,-1,-1,-1
145,75,3089.1376953125,509.2575378417969,15.760498046875,28.741363525390625,0.448187917470932,-1,-1,-1
145,4,3034.9169921875,588.4526977539062,20.748291015625,49.3133544921875,0.5528944134712219,-1,-1,-1
146,1,4100.68310546875,804.052734375,44.16259765625,101.42230224609375,0.7304842472076416,-1,-1,-1
146,2,4855.0087890625,845.4022827148438,66.0068359375,106.869384765625,0.7107161283493042,-1,-1,-1
146,45,3964.87939453125,511.2055969238281,14.087158203125,33.886383056640625,0.42256420850753784,-1,-1,-1
146,75,3088.438232421875,509.7956848144531,16.344970703125,27.509429931640625,0.4095253050327301,-1,-1,-1
146,4,3035.644775390625,587.7410888671875,22.760009765625,50.0216064453125,0.5884265899658203,-1,-1,-1
147,1,4101.20263671875,803.6798095703125,45.21875,101.8768310546875,0.7098402976989746,-1,-1,-1
147,2,4854.2265625,845.8920288085938,63.31494140625,104.46826171875,0.7281622886657715,-1,-1,-1
147,45,3964.9375,511.2310485839844,14.074462890625,33.863739013671875,0.4022285044193268,-1,-1,-1
147,75,3087.78955078125,510.5909118652344,16.736083984375,26.273712158203125,0.36484506726264954,-1,-1,-1
147,4,3037.41455078125,587.5532836914062,22.792236328125,51.55548095703125,0.5939390063285828,-1,-1,-1
148,1,4101.7197265625,803.2619018554688,47.10791015625,102.8199462890625,0.710548996925354,-1,-1,-1
148,2,4849.732421875,845.7948608398438,65.6279296875,105.494140625,0.77310711145401,-1,-1,-1
148,45,3964.939208984375,511.30572509765625,14.05517578125,33.74029541015625,0.3814677298069,-1,-1,-1
148,75,3086.454345703125,511.30499267578125,17.765380859375,25.4786376953125,0.3471031188964844,-1,-1,-1
148,4,3038.438720703125,587.7639770507812,23.287841796875,52.71368408203125,0.5371233224868774,-1,-1,-1
149,1,4101.29443359375,803.5086669921875,49.04638671875,102.84124755859375,0.7006475329399109,-1,-1,-1
149,2,4845.9990234375,845.7537231445312,67.71630859375,104.961181640625,0.7500360012054443,-1,-1,-1
149,45,3964.951904296875,511.2785339355469,14.072509765625,33.788116455078125,0.3866683542728424,-1,-1,-1
149,75,3085.54638671875,511.4390563964844,18.292724609375,25.538787841796875,0.3168693482875824,-1,-1,-1
149,4,3041.060546875,588.9642944335938,20.6923828125,52.73724365234375,0.5770553350448608,-1,-1,-1
150,1,4103.0234375,802.8709106445312,48.36328125,103.104248046875,0.702569842338562,-1,-1,-1
150,2,4842.60107421875,845.4745483398438,69.228515625,105.03253173828125,0.7725231647491455,-1,-1,-1
150,45,3964.9453125,510.9707336425781,14.072021484375,34.039031982421875,0.3708373010158539,-1,-1,-1
150,75,3085.402587890625,511.1545715332031,17.932373046875,26.309600830078125,0.25854429602622986,-1,-1,-1
150,4,3043.97314453125,591.4190063476562,19.328857421875,50.1551513671875,0.5329059958457947,-1,-1,-1
151,1,4106.8369140625,802.895263671875,46.1591796875,102.71722412109375,0.7280991673469543,-1,-1,-1
151,2,4837.9775390625,846.1651000976562,72.482421875,105.1688232421875,0.7380656003952026,-1,-1,-1
151,45,3964.837890625,510.9002990722656,14.14453125,34.076019287109375,0.3769250214099884,-1,-1,-1
151,4,3044.74755859375,590.1836547851562,20.74169921875,52.55169677734375,0.39589163661003113,-1,-1,-1
152,1,4108.01220703125,803.0780639648438,47.11328125,102.45819091796875,0.6982261538505554,-1,-1,-1
152,2,4835.79736328125,846.783447265625,72.45849609375,105.00103759765625,0.7544376850128174,-1,-1,-1
152,45,3964.81103515625,510.89947509765625,14.2109375,34.0672607421875,0.38100382685661316,-1,-1,-1
152,4,3044.94677734375,588.5955810546875,22.455078125,54.76123046875,0.5487790703773499,-1,-1,-1
152,75,3084.657958984375,510.27166748046875,18.187744140625,27.2369384765625,0.2510983645915985,-1,-1,-1
153,1,4109.11181640625,803.265625,48.44287109375,102.5804443359375,0.7204318642616272,-1,-1,-1
153,2,4836.7841796875,846.6146240234375,68.31005859375,105.89630126953125,0.7501137852668762,-1,-1,-1
153,45,3964.7666015625,510.92730712890625,14.144287109375,34.02001953125,0.3833119869232178,-1,-1,-1
153,4,3045.452392578125,588.1605224609375,22.775390625,55.58184814453125,0.5682068467140198,-1,-1,-1
154,1,4111.33154296875,802.91943359375,48.18896484375,102.8740234375,0.7171639800071716,-1,-1,-1
154,2,4839.14013671875,846.0518188476562,63.634765625,106.47821044921875,0.6989771127700806,-1,-1,-1
154,45,3964.716064453125,510.8734130859375,14.137451171875,34.01324462890625,0.3899276852607727,-1,-1,-1
154,4,3046.734375,587.6010131835938,23.0810546875,56.00946044921875,0.5451279878616333,-1,-1,-1
155,1,4113.7470703125,802.1910400390625,48.22216796875,103.61065673828125,0.7329989075660706,-1,-1,-1
155,2,4838.71044921875,845.1254272460938,61.1875,107.165771484375,0.7469747066497803,-1,-1,-1
155,45,3964.724609375,511.0013122558594,14.1494140625,33.930816650390625,0.39693090319633484,-1,-1,-1
155,4,3048.61376953125,586.7171630859375,22.640380859375,57.22052001953125,0.5350466966629028,-1,-1,-1
156,1,4114.7646484375,803.1876220703125,50.18603515625,102.5750732421875,0.7402954697608948,-1,-1,-1
156,2,4837.72265625,844.319580078125,60.08984375,107.7525634765625,0.7742506861686707,-1,-1,-1
156,45,3964.76513671875,511.34844970703125,14.13818359375,33.65673828125,0.36980417370796204,-1,-1,-1
156,4,3051.75732421875,586.7614135742188,21.892333984375,57.9586181640625,0.5264238119125366,-1,-1,-1
157,1,4115.65771484375,803.7098388671875,52.9326171875,103.0091552734375,0.7335851192474365,-1,-1,-1
157,2,4836.34912109375,843.3641967773438,58.3232421875,109.9759521484375,0.7685813903808594,-1,-1,-1
157,45,3964.794677734375,511.27215576171875,14.256591796875,33.75189208984375,0.3878810703754425,-1,-1,-1
157,4,3053.51513671875,588.0140991210938,21.139892578125,56.6715087890625,0.45777979493141174,-1,-1,-1
158,1,4116.779296875,803.791015625,54.0947265625,103.2979736328125,0.6712665557861328,-1,-1,-1
158,2,4832.90234375,842.8163452148438,60.90087890625,111.99310302734375,0.7642442584037781,-1,-1,-1
158,45,3964.803955078125,511.1884460449219,14.35302734375,33.812896728515625,0.41045504808425903,-1,-1,-1
158,4,3053.7080078125,589.7401123046875,22.7109375,55.05157470703125,0.4660203754901886,-1,-1,-1
159,1,4117.41748046875,804.6336059570312,54.6298828125,102.96435546875,0.635263204574585,-1,-1,-1
159,2,4830.18798828125,842.3910522460938,61.77294921875,115.87628173828125,0.7518274784088135,-1,-1,-1
159,45,3964.776123046875,511.0101013183594,14.390380859375,33.993499755859375,0.41811034083366394,-1,-1,-1
159,4,3055.287109375,591.3370971679688,21.89306640625,53.50909423828125,0.4877680838108063,-1,-1,-1
160,1,4118.73095703125,804.724609375,54.08251953125,102.9490966796875,0.618070662021637,-1,-1,-1
160,2,4827.2568359375,841.9192504882812,62.921875,116.160400390625,0.7109575271606445,-1,-1,-1
160,45,3964.7509765625,510.8180847167969,14.42919921875,34.149932861328125,0.4146174490451813,-1,-1,-1
160,4,3058.046875,593.919677734375,20.054443359375,50.94287109375,0.5821295380592346,-1,-1,-1
161,1,4121.080078125,805.7658081054688,53.47412109375,101.80938720703125,0.6614891886711121,-1,-1,-1
161,2,4823.49169921875,841.771728515625,66.427734375,116.068359375,0.6975171566009521,-1,-1,-1
161,45,3964.78857421875,510.7808837890625,14.431884765625,34.23004150390625,0.4104642868041992,-1,-1,-1
161,4,3059.542724609375,595.5264892578125,19.919677734375,48.7484130859375,0.6079201698303223,-1,-1,-1
162,1,4122.90966796875,805.879150390625,53.82080078125,101.77215576171875,0.6290757060050964,-1,-1,-1
162,2,4820.7021484375,841.8724975585938,69.54541015625,116.3450927734375,0.7284561395645142,-1,-1,-1
162,45,3964.811279296875,510.8607177734375,14.418212890625,34.10205078125,0.40209904313087463,-1,-1,-1
162,4,3061.335693359375,595.3643798828125,19.7783203125,48.7723388671875,0.6110981702804565,-1,-1,-1
163,1,4123.82763671875,805.3217163085938,55.869140625,101.849853515625,0.7011082768440247,-1,-1,-1
163,2,4817.40869140625,843.0984497070312,71.970703125,114.38848876953125,0.7235388159751892,-1,-1,-1
163,45,3964.83544921875,510.8544616699219,14.43115234375,34.111053466796875,0.4033766984939575,-1,-1,-1
163,4,3063.572021484375,595.7733764648438,18.82666015625,49.0277099609375,0.6408802270889282,-1,-1,-1
164,1,4127.15283203125,804.8229370117188,56.0947265625,102.87860107421875,0.7289720177650452,-1,-1,-1
164,2,4812.41259765625,845.235107421875,75.5517578125,110.582275390625,0.7451298236846924,-1,-1,-1
164,45,3964.8583984375,510.888671875,14.4130859375,34.04974365234375,0.3950272798538208,-1,-1,-1
164,4,3064.44091796875,595.6837768554688,19.20703125,49.650146484375,0.6375967264175415,-1,-1,-1
165,1,4131.85400390625,804.3530883789062,54.46142578125,102.87744140625,0.75191330909729,-1,-1,-1
165,2,4808.2060546875,846.2050170898438,77.93017578125,108.51202392578125,0.742476761341095,-1,-1,-1
165,45,3964.868896484375,510.93487548828125,14.401611328125,34.0067138671875,0.37510305643081665,-1,-1,-1
165,4,3065.613037109375,594.9898681640625,19.81494140625,51.90679931640625,0.6395401954650879,-1,-1,-1
166,1,4137.15234375,804.94921875,52.09033203125,101.97735595703125,0.7847822904586792,-1,-1,-1
166,2,4804.140625,847.009765625,78.51953125,106.59088134765625,0.7445279359817505,-1,-1,-1
166,45,3964.86669921875,511.0284729003906,14.39697265625,33.888946533203125,0.36208951473236084,-1,-1,-1
166,4,3066.643798828125,595.5750122070312,19.96142578125,50.9013671875,0.6002166271209717,-1,-1,-1
167,1,4144.1005859375,804.8320922851562,47.2236328125,102.34185791015625,0.7986389398574829,-1,-1,-1
167,2,4800.37939453125,847.4136962890625,80.3564453125,105.81231689453125,0.7434216737747192,-1,-1,-1
167,45,3964.907958984375,510.8663330078125,14.329345703125,34.004638671875,0.3837910294532776,-1,-1,-1
167,4,3067.906494140625,595.9116821289062,19.35498046875,51.58892822265625,0.5673596858978271,-1,-1,-1
168,1,4149.56494140625,804.7717895507812,44.419921875,103.85089111328125,0.7885143160820007,-1,-1,-1
168,2,4796.79931640625,847.5458984375,81.8408203125,106.07537841796875,0.7608194351196289,-1,-1,-1
168,45,3964.921630859375,510.6837463378906,14.273681640625,34.272308349609375,0.3782918453216553,-1,-1,-1
168,4,3070.540283203125,596.9534912109375,17.548095703125,49.2156982421875,0.4960279166698456,-1,-1,-1
169,1,4153.6875,805.2479858398438,44.7177734375,103.80810546875,0.7783485651016235,-1,-1,-1
169,2,4794.58203125,848.17626953125,79.6005859375,106.14312744140625,0.7484815120697021,-1,-1,-1
169,45,3964.939453125,510.6241760253906,14.29443359375,34.331329345703125,0.3795354664325714,-1,-1,-1
169,4,3072.100341796875,597.3094482421875,17.447998046875,49.6669921875,0.5344079732894897,-1,-1,-1
170,1,4155.673828125,805.7836303710938,45.0419921875,103.6251220703125,0.806452214717865,-1,-1,-1
170,2,4792.482421875,848.0790405273438,76.20458984375,106.2220458984375,0.7137889862060547,-1,-1,-1
170,45,3964.909423828125,510.58203125,14.353515625,34.3385009765625,0.3626686930656433,-1,-1,-1
170,4,3072.826416015625,596.8456420898438,18.217529296875,50.564453125,0.5906504392623901,-1,-1,-1
171,1,4155.72802734375,805.8192138671875,47.00634765625,103.27740478515625,0.79737788438797,-1,-1,-1
171,2,4790.5302734375,848.1635131835938,73.47705078125,105.1937255859375,0.7043752670288086,-1,-1,-1
171,45,3964.9169921875,510.4576416015625,14.41552734375,34.40509033203125,0.37204107642173767,-1,-1,-1
171,4,3073.20849609375,596.7902221679688,20.1103515625,51.2548828125,0.4956859350204468,-1,-1,-1
172,1,4156.14697265625,806.2252197265625,48.93017578125,103.48028564453125,0.8113394975662231,-1,-1,-1
172,2,4786.98486328125,847.1790771484375,71.24169921875,105.08642578125,0.7186883091926575,-1,-1,-1
172,45,3964.898193359375,510.2978820800781,14.527099609375,34.509735107421875,0.35173389315605164,-1,-1,-1
172,4,3073.37939453125,596.0120239257812,21.42822265625,53.35723876953125,0.41017356514930725,-1,-1,-1
173,1,4156.3193359375,807.8484497070312,50.08251953125,102.53643798828125,0.7981005907058716,-1,-1,-1
173,2,4783.845703125,846.3956909179688,67.59375,103.7530517578125,0.6643961668014526,-1,-1,-1
173,45,3964.9306640625,510.55413818359375,14.572509765625,34.0142822265625,0.3331623077392578,-1,-1,-1
174,1,4157.06640625,807.9954833984375,52.56591796875,102.5469970703125,0.7980549931526184,-1,-1,-1
174,2,4781.7392578125,845.72509765625,66.43408203125,102.87091064453125,0.7229076027870178,-1,-1,-1
174,45,3964.980224609375,510.8956604003906,14.71875,33.480010986328125,0.3279890716075897,-1,-1,-1
174,75,3072.110107421875,508.5724182128906,16.6181640625,30.906585693359375,0.30066758394241333,-1,-1,-1
175,1,4157.44580078125,809.1106567382812,55.9697265625,100.8826904296875,0.7778869867324829,-1,-1,-1
175,2,4780.5673828125,845.1925048828125,62.93505859375,103.55499267578125,0.7238633632659912,-1,-1,-1
175,45,3965.049072265625,510.7931823730469,15.001220703125,33.549530029296875,0.3368041217327118,-1,-1,-1
175,75,3071.931884765625,508.5887145996094,16.498046875,30.541168212890625,0.28399136662483215,-1,-1,-1
175,4,3078.6337890625,596.227294921875,23.166015625,55.03216552734375,0.3532794713973999,-1,-1,-1
176,1,4161.65771484375,809.7552490234375,52.96826171875,98.51910400390625,0.7667645215988159,-1,-1,-1
176,2,4777.3681640625,844.7188110351562,61.2587890625,103.90399169921875,0.6653140187263489,-1,-1,-1
176,45,3965.125244140625,510.73260498046875,15.297607421875,33.55059814453125,0.33751577138900757,-1,-1,-1
176,75,3071.66650390625,508.72119140625,16.189697265625,31.66748046875,0.3121282458305359,-1,-1,-1
176,83,3662.134033203125,513.958984375,26.3671875,64.1317138671875,0.3356333076953888,-1,-1,-1
176,4,3080.2978515625,596.2214965820312,22.920654296875,55.66204833984375,0.5146079063415527,-1,-1,-1
177,1,4168.083984375,808.0532836914062,49.7099609375,100.3038330078125,0.7130388021469116,-1,-1,-1
177,2,4773.66162109375,844.8895874023438,60.86376953125,104.8099365234375,0.6826423406600952,-1,-1,-1
177,45,3965.322998046875,510.61138916015625,15.769287109375,33.6904296875,0.3381534218788147,-1,-1,-1
177,75,3071.5458984375,509.7064514160156,16.002685546875,30.897186279296875,0.2659201920032501,-1,-1,-1
177,83,3661.2080078125,513.9296875,27.24658203125,65.9932861328125,0.3666733205318451,-1,-1,-1
177,4,3081.2373046875,596.58154296875,22.49853515625,55.52020263671875,0.5451138019561768,-1,-1,-1
178,1,4173.7822265625,807.5070190429688,45.54248046875,101.61572265625,0.6796386241912842,-1,-1,-1
178,2,4769.974609375,844.3021850585938,61.33544921875,105.2235107421875,0.7365249991416931,-1,-1,-1
178,45,3965.44873046875,510.5584716796875,16.220703125,33.78900146484375,0.34728825092315674,-1,-1,-1
178,75,3071.43017578125,510.2583923339844,15.876220703125,30.263946533203125,0.2943549156188965,-1,-1,-1
178,83,3662.07666015625,514.3107299804688,27.581298828125,66.84515380859375,0.28537389636039734,-1,-1,-1
178,4,3082.794677734375,596.4412231445312,21.443603515625,56.03143310546875,0.70479416847229,-1,-1,-1
179,1,4177.95947265625,806.7584228515625,42.37158203125,102.00250244140625,0.6947949528694153,-1,-1,-1
179,2,4766.744140625,843.7565307617188,61.49853515625,105.9140625,0.7328190207481384,-1,-1,-1
179,45,3965.505126953125,510.9307556152344,16.290771484375,33.592315673828125,0.3543917238712311,-1,-1,-1
179,75,3071.429443359375,510.3211669921875,15.756103515625,29.909912109375,0.27999791502952576,-1,-1,-1
179,4,3085.283203125,597.000732421875,19.6943359375,56.2401123046875,0.7057357430458069,-1,-1,-1
180,1,4180.78955078125,806.935791015625,43.99462890625,102.45257568359375,0.7081338167190552,-1,-1,-1
180,2,4760.28173828125,844.9061279296875,64.58447265625,106.01885986328125,0.6876845955848694,-1,-1,-1
180,45,3965.55712890625,511.5871276855469,16.318603515625,33.094207763671875,0.3531762957572937,-1,-1,-1
180,75,3071.499267578125,509.828857421875,15.55322265625,30.24249267578125,0.2938765585422516,-1,-1,-1
180,4,3086.482177734375,597.6796264648438,18.942626953125,56.209228515625,0.6801062822341919,-1,-1,-1
181,1,4186.92333984375,806.7196655273438,39.46923828125,103.624755859375,0.7222868204116821,-1,-1,-1
181,2,4753.16845703125,845.2000122070312,68.78173828125,106.89569091796875,0.7426559329032898,-1,-1,-1
181,45,3965.530029296875,511.4579772949219,16.369384765625,33.279510498046875,0.3365376591682434,-1,-1,-1
181,75,3071.553466796875,509.6297302246094,15.420654296875,30.458221435546875,0.3156093657016754,-1,-1,-1
181,4,3087.310302734375,597.5331420898438,20.082763671875,56.480712890625,0.6914970278739929,-1,-1,-1
182,1,4189.59765625,806.89599609375,40.11328125,104.07647705078125,0.7519245147705078,-1,-1,-1
182,2,4746.69384765625,845.1445922851562,71.9951171875,107.73876953125,0.781145453453064,-1,-1,-1
182,45,3965.481201171875,511.22308349609375,16.85693359375,33.4835205078125,0.31939858198165894,-1,-1,-1
182,75,3071.60693359375,508.7665710449219,15.284423828125,31.153228759765625,0.3246288597583771,-1,-1,-1
182,4,3087.966796875,598.6251831054688,20.5087890625,56.29229736328125,0.6700527667999268,-1,-1,-1
183,1,4191.458984375,806.6259765625,40.54052734375,105.30328369140625,0.770524799823761,-1,-1,-1
183,2,4743.337890625,845.36279296875,72.73095703125,106.8472900390625,0.7875403165817261,-1,-1,-1
183,45,3965.529296875,511.4054260253906,17.295166015625,33.211151123046875,0.2919328808784485,-1,-1,-1
183,75,3071.65283203125,508.3559875488281,15.316162109375,31.158477783203125,0.3793215751647949,-1,-1,-1
183,4,3090.12646484375,600.2340698242188,19.767333984375,55.1151123046875,0.6934669613838196,-1,-1,-1
184,1,4192.322265625,807.5123291015625,43.0498046875,103.73687744140625,0.802505373954773,-1,-1,-1
184,2,4742.056640625,845.255615234375,72.947265625,106.9365234375,0.7782196402549744,-1,-1,-1
184,45,3965.53173828125,511.8617248535156,17.4580078125,33.046722412109375,0.3151669502258301,-1,-1,-1
184,75,3071.7646484375,508.56134033203125,15.566162109375,31.17584228515625,0.33832013607025146,-1,-1,-1
184,4,3091.68310546875,600.8485717773438,19.230224609375,55.36376953125,0.7010048031806946,-1,-1,-1
185,1,4193.150390625,808.106201171875,45.18994140625,102.36083984375,0.7969815731048584,-1,-1,-1
185,2,4741.7666015625,845.716552734375,72.728515625,106.00811767578125,0.7792326211929321,-1,-1,-1
185,45,3966.75048828125,512.9656982421875,18.7900390625,33.3251953125,0.3434804081916809,-1,-1,-1
185,75,3071.838134765625,508.5328369140625,15.6845703125,31.46673583984375,0.35180142521858215,-1,-1,-1
185,4,3092.619384765625,600.1773071289062,19.6083984375,56.22540283203125,0.7314222455024719,-1,-1,-1
186,1,4192.70849609375,809.9910278320312,48.79248046875,101.85125732421875,0.7521420121192932,-1,-1,-1
186,2,4740.78662109375,845.2929077148438,71.224609375,106.352783203125,0.7354300618171692,-1,-1,-1
186,45,3968.178466796875,513.4691162109375,18.419677734375,33.0948486328125,0.3488997519016266,-1,-1,-1
186,75,3071.83349609375,508.5667419433594,15.83203125,31.747344970703125,0.31297430396080017,-1,-1,-1
186,4,3093.962158203125,599.8839721679688,19.165771484375,55.82232666015625,0.6775927543640137,-1,-1,-1
187,1,4191.8935546875,811.3259887695312,53.03662109375,102.57550048828125,0.7563642263412476,-1,-1,-1
187,2,4740.91748046875,844.5682373046875,66.67529296875,106.69842529296875,0.6775321364402771,-1,-1,-1
187,45,3969.312255859375,513.3557739257812,17.67529296875,33.420654296875,0.26761895418167114,-1,-1,-1
187,75,3071.796142578125,509.0743408203125,15.888427734375,31.34442138671875,0.2884567379951477,-1,-1,-1
187,4,3094.914794921875,599.4014282226562,18.758056640625,56.6866455078125,0.6849445700645447,-1,-1,-1
188,1,4192.21435546875,811.9617919921875,55.375,101.97198486328125,0.7494881749153137,-1,-1,-1
188,2,4740.46435546875,843.2745971679688,60.3330078125,104.98046875,0.6514227390289307,-1,-1,-1
188,45,3970.35302734375,513.1239624023438,16.659912109375,33.66888427734375,0.26360654830932617,-1,-1,-1
188,4,3095.8408203125,599.7654418945312,18.0009765625,56.6610107421875,0.6186121106147766,-1,-1,-1
189,1,4192.83154296875,812.759765625,56.7890625,102.00311279296875,0.7369510531425476,-1,-1,-1
189,2,4736.49462890625,842.2002563476562,60.22119140625,106.08172607421875,0.6869933009147644,-1,-1,-1
189,45,3970.932373046875,513.5039672851562,16.200439453125,33.26190185546875,0.3255019187927246,-1,-1,-1
189,4,3097.58203125,599.931640625,16.544921875,57.03460693359375,0.6278381943702698,-1,-1,-1
190,1,4193.57470703125,812.7777099609375,58.65673828125,102.08990478515625,0.7294580936431885,-1,-1,-1
190,2,4733.294921875,841.443603515625,60.7119140625,106.8262939453125,0.6891676783561707,-1,-1,-1
190,45,3972.180908203125,514.4719848632812,15.684326171875,31.7540283203125,0.31124070286750793,-1,-1,-1
190,4,3098.731201171875,600.2059936523438,15.733154296875,56.3367919921875,0.6978411078453064,-1,-1,-1
191,1,4194.16845703125,812.46337890625,60.6982421875,102.89617919921875,0.7361900210380554,-1,-1,-1
191,2,4724.54150390625,840.3347778320312,66.7626953125,108.1055908203125,0.7651795744895935,-1,-1,-1
191,4,3099.339111328125,601.8290405273438,15.709716796875,55.1021728515625,0.4730883240699768,-1,-1,-1
192,1,4197.39892578125,811.892822265625,59.10791015625,104.05596923828125,0.7375948429107666,-1,-1,-1
192,2,4719.98095703125,840.0603637695312,70.37939453125,108.110595703125,0.7085310816764832,-1,-1,-1
192,4,3100.414794921875,602.4886474609375,17.63330078125,55.6654052734375,0.454216331243515,-1,-1,-1
193,1,4202.36083984375,812.8638916015625,56.78271484375,102.98760986328125,0.7188661098480225,-1,-1,-1
193,2,4716.3056640625,839.22802734375,71.193359375,110.232177734375,0.7285991311073303,-1,-1,-1
193,4,3101.272705078125,602.1503295898438,18.742431640625,56.46380615234375,0.5604844093322754,-1,-1,-1
194,1,4208.21484375,814.3248901367188,55.38525390625,101.63671875,0.7457676529884338,-1,-1,-1
194,2,4709.85693359375,838.892333984375,75.11767578125,109.75689697265625,0.7067704796791077,-1,-1,-1
194,4,3101.44775390625,600.90478515625,19.367919921875,57.5863037109375,0.5564080476760864,-1,-1,-1
195,1,4214.95849609375,814.950439453125,52.11865234375,101.70977783203125,0.7453370094299316,-1,-1,-1
195,2,4695.482421875,838.2715454101562,87.810546875,111.7840576171875,0.7023189067840576,-1,-1,-1
195,4,3101.994384765625,600.3382568359375,19.63330078125,58.4195556640625,0.598154604434967,-1,-1,-1
196,1,4220.892578125,814.4393920898438,47.2763671875,102.75469970703125,0.7287098169326782,-1,-1,-1
196,2,4689.32421875,838.3895874023438,93.43701171875,112.26806640625,0.697761058807373,-1,-1,-1
196,4,3103.136962890625,600.3592529296875,19.60498046875,58.92962646484375,0.6346946954727173,-1,-1,-1
196,75,3070.785888671875,511.4071044921875,15.3720703125,27.578857421875,0.25265568494796753,-1,-1,-1
197,1,4227.7578125,813.1919555664062,41.400390625,103.4984130859375,0.7085808515548706,-1,-1,-1
197,2,4683.39990234375,838.5045166015625,98.07958984375,112.29638671875,0.6530879735946655,-1,-1,-1
197,4,3103.907958984375,600.7068481445312,19.83935546875,59.1583251953125,0.6438779234886169,-1,-1,-1
198,1,4233.96142578125,811.656494140625,36.54833984375,106.1307373046875,0.6810421943664551,-1,-1,-1
198,2,4677.71875,839.0778198242188,101.0126953125,111.58251953125,0.6950555443763733,-1,-1,-1
198,4,3105.375732421875,602.059326171875,19.489501953125,58.58758544921875,0.6443485021591187,-1,-1,-1
199,1,4236.76806640625,811.5210571289062,34.81884765625,105.945068359375,0.6972090005874634,-1,-1,-1
199,2,4667.69873046875,839.8186645507812,108.37890625,110.59625244140625,0.7385109066963196,-1,-1,-1
199,4,3107.601806640625,603.2288208007812,18.27978515625,58.0040283203125,0.6086916327476501,-1,-1,-1
200,1,4238.4404296875,812.0714721679688,36.62158203125,105.941162109375,0.7356517314910889,-1,-1,-1
200,2,4672.130859375,840.4757080078125,101.55224609375,108.41522216796875,0.7256333827972412,-1,-1,-1
200,4,3108.29541015625,604.3639526367188,17.899169921875,58.40179443359375,0.5911296010017395,-1,-1,-1
201,1,4238.31494140625,812.8568115234375,38.65625,105.676513671875,0.7376242280006409,-1,-1,-1
201,2,4666.935546875,840.253173828125,102.79833984375,107.8162841796875,0.6972408890724182,-1,-1,-1
201,4,3108.766845703125,606.236083984375,18.21142578125,56.84149169921875,0.6069049835205078,-1,-1,-1
202,1,4237.50732421875,812.9813232421875,43.748046875,106.07781982421875,0.7585932016372681,-1,-1,-1
202,2,4659.78515625,841.115478515625,106.94091796875,106.85308837890625,0.7246547341346741,-1,-1,-1
202,4,3109.20068359375,608.9927368164062,18.06982421875,53.44329833984375,0.585201621055603,-1,-1,-1
202,45,3978.74169921875,516.4367065429688,18.406494140625,29.1326904296875,0.3135761618614197,-1,-1,-1
203,1,4237.82470703125,812.4033813476562,46.6875,106.58935546875,0.7595039010047913,-1,-1,-1
203,2,4654.0595703125,841.0808715820312,107.26416015625,106.1063232421875,0.717370867729187,-1,-1,-1
203,4,3112.091796875,610.0955810546875,17.23486328125,53.5009765625,0.38152387738227844,-1,-1,-1
203,45,3979.91650390625,515.49609375,17.7978515625,29.789306640625,0.2564280927181244,-1,-1,-1
204,1,4237.52490234375,812.8518676757812,50.25244140625,104.99285888671875,0.771052360534668,-1,-1,-1
204,2,4652.443359375,840.45068359375,101.90576171875,105.643310546875,0.6292833685874939,-1,-1,-1
204,4,3113.317138671875,610.39697265625,17.218994140625,56.05389404296875,0.48263758420944214,-1,-1,-1
204,45,3980.62255859375,515.1748657226562,17.2998046875,30.4967041015625,0.2660350203514099,-1,-1,-1
204,75,3069.678466796875,509.20458984375,15.109619140625,34.87738037109375,0.2646949291229248,-1,-1,-1
205,1,4237.884765625,813.2279052734375,53.033203125,104.6041259765625,0.7821123600006104,-1,-1,-1
205,2,4651.65380859375,840.1563110351562,96.92333984375,103.11199951171875,0.5673782229423523,-1,-1,-1
205,4,3114.09375,610.7723388671875,17.57958984375,57.53643798828125,0.5263994336128235,-1,-1,-1
206,1,4238.69482421875,814.2975463867188,56.06591796875,105.51678466796875,0.7487854361534119,-1,-1,-1
206,2,4664.41650390625,839.5498657226562,79.8291015625,103.6292724609375,0.5295746326446533,-1,-1,-1
206,4,3114.798828125,610.2833862304688,17.814697265625,57.67694091796875,0.5023458003997803,-1,-1,-1
207,1,4240.73193359375,815.0518798828125,56.87939453125,105.5399169921875,0.7839230298995972,-1,-1,-1
207,2,4663.94287109375,838.9041137695312,77.7578125,104.7445068359375,0.5457484126091003,-1,-1,-1
207,4,3115.234375,610.3789672851562,18.527099609375,57.62896728515625,0.5470255017280579,-1,-1,-1
207,45,3983.077880859375,515.6053466796875,15.843505859375,30.17816162109375,0.2606794834136963,-1,-1,-1
207,75,3069.428955078125,509.7160339355469,15.1103515625,31.357025146484375,0.25764185190200806,-1,-1,-1
208,1,4246.8671875,815.6643676757812,54.13134765625,104.8411865234375,0.785373330116272,-1,-1,-1
208,2,4655.4873046875,838.4072875976562,82.6474609375,106.032470703125,0.5394735932350159,-1,-1,-1
208,4,3115.392333984375,610.35595703125,19.146484375,58.3953857421875,0.6025921106338501,-1,-1,-1
208,45,3983.7021484375,515.1661376953125,15.62353515625,30.71240234375,0.2968728840351105,-1,-1,-1
208,75,3069.38037109375,509.8160400390625,15.33740234375,30.28338623046875,0.28206562995910645,-1,-1,-1
209,1,4252.22998046875,815.9591674804688,53.13818359375,104.58203125,0.7538027763366699,-1,-1,-1
209,2,4664.60498046875,838.9170532226562,69.7421875,105.48162841796875,0.5890830755233765,-1,-1,-1
209,4,3116.380126953125,609.7942504882812,19.707275390625,58.21435546875,0.6306033134460449,-1,-1,-1
209,45,3984.34521484375,514.8245849609375,15.588623046875,31.40313720703125,0.36285266280174255,-1,-1,-1
209,75,3069.219970703125,509.8758239746094,15.600341796875,30.633514404296875,0.3033074140548706,-1,-1,-1
210,1,4259.31787109375,815.199462890625,50.1845703125,106.56695556640625,0.7948490381240845,-1,-1,-1
210,2,4668.50634765625,839.447509765625,62.638671875,105.053955078125,0.6171054244041443,-1,-1,-1
210,4,3117.3955078125,610.0647583007812,19.711669921875,57.99139404296875,0.6362307071685791,-1,-1,-1
210,45,3984.59619140625,514.7649536132812,15.69970703125,31.5626220703125,0.3110424280166626,-1,-1,-1
210,75,3069.13525390625,509.7409362792969,15.7373046875,31.326690673828125,0.3130955100059509,-1,-1,-1
211,1,4264.556640625,815.175048828125,47.74658203125,106.55841064453125,0.799002468585968,-1,-1,-1
211,2,4665.927734375,839.5740356445312,61.890625,105.31036376953125,0.7305269837379456,-1,-1,-1
211,4,3118.201904296875,609.153564453125,19.97607421875,58.712890625,0.6840418577194214,-1,-1,-1
211,45,3985.65771484375,515.1323852539062,15.6142578125,31.26629638671875,0.3495199680328369,-1,-1,-1
211,75,3069.220703125,509.61199951171875,15.621826171875,31.18743896484375,0.3039563000202179,-1,-1,-1
212,1,4269.5478515625,815.2301025390625,44.39208984375,106.14569091796875,0.7869344353675842,-1,-1,-1
212,2,4658.189453125,839.15625,67.14501953125,106.0264892578125,0.7665812969207764,-1,-1,-1
212,4,3119.200439453125,608.0045166015625,19.96728515625,60.3701171875,0.7272249460220337,-1,-1,-1
212,45,3986.68994140625,516.6193237304688,15.4677734375,29.97845458984375,0.40619680285453796,-1,-1,-1
212,75,3069.200927734375,509.6899108886719,15.599609375,30.911529541015625,0.29705578088760376,-1,-1,-1
213,1,4274.58544921875,814.3910522460938,42.8076171875,106.13897705078125,0.7613233923912048,-1,-1,-1
213,2,4649.48291015625,838.695068359375,73.6689453125,106.42022705078125,0.7186775207519531,-1,-1,-1
213,4,3120.1318359375,609.2195434570312,19.678466796875,60.14581298828125,0.6606377959251404,-1,-1,-1
213,45,3987.22607421875,516.859130859375,16.007568359375,29.3812255859375,0.40909940004348755,-1,-1,-1
213,75,3069.19921875,509.56793212890625,15.358642578125,30.73480224609375,0.2751905024051666,-1,-1,-1
214,1,4277.1513671875,813.4286499023438,46.40673828125,108.547607421875,0.7588048577308655,-1,-1,-1
214,2,4643.74365234375,838.5040893554688,76.89208984375,106.29888916015625,0.7048639059066772,-1,-1,-1
214,4,3120.656982421875,609.0713500976562,19.76318359375,61.16131591796875,0.6869803667068481,-1,-1,-1
214,45,3987.3828125,516.6756591796875,16.91162109375,29.0308837890625,0.35322490334510803,-1,-1,-1
214,75,3069.193115234375,509.4923095703125,15.240478515625,30.71197509765625,0.2887776494026184,-1,-1,-1
215,1,4278.59912109375,814.05126953125,47.48876953125,108.0076904296875,0.7622979283332825,-1,-1,-1
215,2,4633.11767578125,838.0296630859375,85.4765625,106.7130126953125,0.7044702768325806,-1,-1,-1
215,4,3120.692626953125,609.0206298828125,19.930419921875,61.3125,0.7036139965057373,-1,-1,-1
215,45,3987.4951171875,516.3468627929688,16.64013671875,29.99945068359375,0.4257657527923584,-1,-1,-1
215,75,3068.97021484375,509.5765686035156,15.434326171875,31.527862548828125,0.298299103975296,-1,-1,-1
216,1,4279.029296875,814.7516479492188,51.1357421875,108.5062255859375,0.7728229761123657,-1,-1,-1
216,2,4634.16064453125,837.2845458984375,81.8359375,107.100830078125,0.6781362295150757,-1,-1,-1
216,4,3121.49072265625,608.682861328125,20.043701171875,61.56036376953125,0.6835318207740784,-1,-1,-1
216,45,3988.306640625,517.1654052734375,16.515625,29.22467041015625,0.41690942645072937,-1,-1,-1
216,75,3068.9267578125,509.608642578125,15.420166015625,32.26873779296875,0.31993117928504944,-1,-1,-1
217,1,4279.7900390625,815.9043579101562,51.84326171875,107.69000244140625,0.7728005647659302,-1,-1,-1
217,2,4627.388671875,837.3305053710938,85.6083984375,107.00018310546875,0.6635955572128296,-1,-1,-1
217,4,3122.396728515625,608.94140625,21.118408203125,61.39190673828125,0.6928582191467285,-1,-1,-1
217,45,3988.7685546875,516.7535400390625,16.6669921875,29.45721435546875,0.37819045782089233,-1,-1,-1
217,75,3068.984375,509.7448425292969,15.1923828125,32.914642333984375,0.3290368616580963,-1,-1,-1
218,1,4281.31884765625,818.0275268554688,55.51953125,107.47711181640625,0.8178749680519104,-1,-1,-1
218,2,4627.6845703125,836.9898681640625,82.6318359375,106.71466064453125,0.6427309513092041,-1,-1,-1
218,4,3123.88818359375,608.4863891601562,21.420166015625,61.94927978515625,0.6807013154029846,-1,-1,-1
218,45,3989.355712890625,516.2685546875,16.53857421875,29.58856201171875,0.37491509318351746,-1,-1,-1
218,75,3068.9716796875,509.93939208984375,15.117919921875,32.970703125,0.3476705551147461,-1,-1,-1
219,1,4281.201171875,819.20458984375,60.181640625,106.714111328125,0.8449718952178955,-1,-1,-1
219,2,4614.1162109375,837.9860229492188,92.18701171875,106.30419921875,0.6389449834823608,-1,-1,-1
219,4,3123.93896484375,608.518310546875,23.95703125,62.20306396484375,0.7204952836036682,-1,-1,-1
219,45,3990.520751953125,515.8955078125,15.64599609375,29.9189453125,0.4006243348121643,-1,-1,-1
219,75,3069.28515625,510.34423828125,14.757080078125,32.83343505859375,0.35194092988967896,-1,-1,-1
220,1,4281.68994140625,819.4735107421875,62.380859375,107.91412353515625,0.8005585074424744,-1,-1,-1
220,2,4610.3671875,837.4855346679688,91.7841796875,106.54638671875,0.6514133214950562,-1,-1,-1
220,4,3124.661865234375,608.9463500976562,25.31005859375,60.7373046875,0.5931788682937622,-1,-1,-1
220,45,3991.76953125,515.5520629882812,15.33154296875,30.2421875,0.3914417028427124,-1,-1,-1
220,75,3069.605224609375,510.661865234375,14.599609375,32.4375,0.32882604002952576,-1,-1,-1
221,1,4279.54345703125,820.8342895507812,67.15380859375,106.87969970703125,0.8025528192520142,-1,-1,-1
221,2,4604.66796875,837.2509155273438,94.21630859375,106.62713623046875,0.6465781331062317,-1,-1,-1
221,4,3125.481689453125,609.4735107421875,25.844482421875,60.47882080078125,0.47912463545799255,-1,-1,-1
221,45,3992.354736328125,515.1316528320312,15.609375,31.51531982421875,0.3551977276802063,-1,-1,-1
221,75,3070.559814453125,510.44647216796875,14.496826171875,33.32452392578125,0.3136303722858429,-1,-1,-1
222,1,4280.83740234375,821.8335571289062,66.57177734375,105.3194580078125,0.7513680458068848,-1,-1,-1
222,2,4606.6484375,836.8875732421875,89.91943359375,107.68133544921875,0.6548410654067993,-1,-1,-1
222,4,3126.296630859375,609.8450317382812,25.62158203125,60.95587158203125,0.4035120904445648,-1,-1,-1
222,45,3992.723876953125,514.8457641601562,17.240478515625,32.17425537109375,0.31594738364219666,-1,-1,-1
222,75,3071.11279296875,510.6500549316406,14.5380859375,33.348480224609375,0.34135815501213074,-1,-1,-1
223,1,4284.26025390625,822.0563354492188,65.81591796875,105.03411865234375,0.742607057094574,-1,-1,-1
223,2,4596.17724609375,836.2005004882812,98.6484375,108.48980712890625,0.6672139167785645,-1,-1,-1
223,4,3128.52685546875,609.7514038085938,26.970947265625,61.3045654296875,0.25616589188575745,-1,-1,-1
223,45,3992.853271484375,513.5433959960938,17.522705078125,34.14984130859375,0.3531217575073242,-1,-1,-1
223,75,3071.54541015625,511.3393859863281,14.339111328125,33.362701416015625,0.3582940697669983,-1,-1,-1
224,1,4287.68994140625,822.9385375976562,62.84130859375,104.524658203125,0.760357141494751,-1,-1,-1
224,2,4587.43017578125,837.1873779296875,106.1708984375,108.2269287109375,0.7349591851234436,-1,-1,-1
224,4,3130.224365234375,610.5579833984375,26.781494140625,60.54791259765625,0.4273476004600525,-1,-1,-1
224,45,3992.886474609375,511.99945068359375,18.065185546875,35.65301513671875,0.34051281213760376,-1,-1,-1
224,75,3071.63916015625,512.0414428710938,14.531005859375,32.8983154296875,0.3536019027233124,-1,-1,-1
225,1,4290.7939453125,822.3937377929688,60.2373046875,104.3192138671875,0.724236249923706,-1,-1,-1
225,2,4582.2763671875,838.0692138671875,111.01953125,107.3773193359375,0.7145053148269653,-1,-1,-1
225,4,3131.947998046875,611.2542724609375,25.80615234375,59.359375,0.44338011741638184,-1,-1,-1
225,45,3993.00927734375,512.283935546875,18.41259765625,35.98199462890625,0.33687496185302734,-1,-1,-1
225,75,3071.7353515625,512.6746215820312,14.68701171875,32.27081298828125,0.3456803262233734,-1,-1,-1
226,1,4295.90966796875,821.6211547851562,59.072265625,104.27691650390625,0.7318227291107178,-1,-1,-1
226,2,4577.20556640625,838.8976440429688,116.1025390625,106.504638671875,0.7191347479820251,-1,-1,-1
226,4,3134.2109375,611.2067260742188,23.579345703125,57.74383544921875,0.3044070601463318,-1,-1,-1
226,45,3993.257080078125,512.0374755859375,19.769775390625,36.762939453125,0.260823130607605,-1,-1,-1
226,75,3071.912109375,513.059326171875,14.7763671875,31.87921142578125,0.307796835899353,-1,-1,-1
227,1,4303.396484375,820.95361328125,57.68603515625,104.43170166015625,0.7818410992622375,-1,-1,-1
227,2,4574.34130859375,839.4544677734375,119.087890625,104.19012451171875,0.7184712886810303,-1,-1,-1
227,4,3136.32568359375,611.0670776367188,21.519775390625,57.40069580078125,0.35358765721321106,-1,-1,-1
227,75,3071.95361328125,513.3314208984375,14.861083984375,31.53009033203125,0.29885393381118774,-1,-1,-1
228,1,4310.28857421875,819.4617919921875,52.13427734375,105.8179931640625,0.7515059113502502,-1,-1,-1
228,2,4573.7822265625,839.5502319335938,117.98291015625,105.5970458984375,0.734352707862854,-1,-1,-1
228,4,3138.306396484375,610.8272094726562,19.713134765625,58.066650390625,0.4675406515598297,-1,-1,-1
228,75,3072.09619140625,512.4266357421875,15.064453125,32.117919921875,0.3267381489276886,-1,-1,-1
229,1,4316.951171875,818.4745483398438,48.28955078125,107.17303466796875,0.7435715198516846,-1,-1,-1
229,2,4569.58056640625,839.1078491210938,120.56982421875,106.33123779296875,0.6893281936645508,-1,-1,-1
229,4,3140.232666015625,610.8865966796875,18.095947265625,56.9620361328125,0.42956626415252686,-1,-1,-1
229,75,3072.184814453125,511.85418701171875,15.235595703125,32.3250732421875,0.3170788288116455,-1,-1,-1
230,1,4319.740234375,817.5994873046875,48.28125,108.7713623046875,0.7483257055282593,-1,-1,-1
230,2,4568.2998046875,838.8969116210938,118.7822265625,106.88751220703125,0.7072950005531311,-1,-1,-1
230,4,3141.5810546875,610.384521484375,17.447998046875,57.544189453125,0.4714820086956024,-1,-1,-1
230,75,3072.1982421875,511.4794616699219,15.45751953125,32.518646240234375,0.29629838466644287,-1,-1,-1
231,1,4320.8271484375,816.82666015625,54.16455078125,108.9722900390625,0.740342378616333,-1,-1,-1
231,2,4565.6826171875,838.4066772460938,117.9638671875,107.56121826171875,0.7555015683174133,-1,-1,-1
231,4,3141.48681640625,610.7362060546875,19.181640625,58.630126953125,0.6082186102867126,-1,-1,-1
231,75,3072.263671875,511.2969665527344,15.531982421875,32.728302001953125,0.34490442276000977,-1,-1,-1
232,1,4321.5751953125,817.8355712890625,58.55126953125,108.52606201171875,0.7238536477088928,-1,-1,-1
232,2,4561.5244140625,837.6023559570312,118.49755859375,108.11297607421875,0.7737323641777039,-1,-1,-1
232,4,3141.62109375,611.0857543945312,20.341796875,58.8895263671875,0.5946270227432251,-1,-1,-1
232,75,3072.31201171875,511.0771789550781,15.558837890625,32.993316650390625,0.34530961513519287,-1,-1,-1
233,1,4323.3828125,818.4737548828125,59.10693359375,107.943603515625,0.7410402894020081,-1,-1,-1
233,2,4557.919921875,837.3897094726562,117.1396484375,107.9254150390625,0.7576665878295898,-1,-1,-1
233,4,3141.938720703125,611.4657592773438,21.710205078125,59.4818115234375,0.6286338567733765,-1,-1,-1
233,75,3072.336669921875,511.12176513671875,15.945068359375,32.85772705078125,0.3082861006259918,-1,-1,-1
234,1,4325.037109375,820.7732543945312,55.5478515625,105.29974365234375,0.7451593279838562,-1,-1,-1
234,2,4553.29052734375,837.0772094726562,116.388671875,107.1314697265625,0.7124202847480774,-1,-1,-1
234,4,3142.419189453125,612.4013671875,22.504638671875,59.42840576171875,0.6146088242530823,-1,-1,-1
234,75,3072.322021484375,511.4385986328125,16.039306640625,32.61541748046875,0.32070669531822205,-1,-1,-1
235,1,4326.56640625,821.5223388671875,55.9658203125,104.59393310546875,0.7881186008453369,-1,-1,-1
235,2,4550.6181640625,837.7783203125,113.36962890625,105.3358154296875,0.6564140319824219,-1,-1,-1
235,4,3143.08984375,613.0699462890625,23.3720703125,59.50927734375,0.6110579967498779,-1,-1,-1
235,75,3072.294189453125,511.41522216796875,16.154541015625,32.40093994140625,0.27604788541793823,-1,-1,-1
235,102,3709.988525390625,502.3493957519531,28.86083984375,50.480377197265625,0.35356026887893677,-1,-1,-1
236,1,4329.11865234375,822.023681640625,52.822265625,103.02825927734375,0.735731303691864,-1,-1,-1
236,2,4548.16015625,838.966796875,109.7890625,103.82977294921875,0.5873289704322815,-1,-1,-1
236,4,3144.86376953125,613.6953125,22.326904296875,58.49420166015625,0.5833980441093445,-1,-1,-1
236,102,3710.716064453125,504.0838317871094,26.249755859375,48.795196533203125,0.3478968143463135,-1,-1,-1
237,1,4331.0078125,822.25537109375,62.283203125,103.85467529296875,0.7500230073928833,-1,-1,-1
237,2,4561.73486328125,838.9725952148438,89.15673828125,103.99359130859375,0.5433685183525085,-1,-1,-1
237,4,3146.070556640625,614.3578491210938,21.913330078125,57.93402099609375,0.585548460483551,-1,-1,-1
237,102,3710.91796875,504.305419921875,27.540283203125,48.69146728515625,0.3107813000679016,-1,-1,-1
238,1,4334.86181640625,822.2071533203125,66.2138671875,102.67095947265625,0.7356884479522705,-1,-1,-1
238,2,4581.52001953125,839.20654296875,63.8037109375,103.95196533203125,0.6223338842391968,-1,-1,-1
238,4,3147.695068359375,614.7738647460938,20.522216796875,57.86151123046875,0.5213556289672852,-1,-1,-1
238,102,3712.659912109375,504.9275207519531,25.984375,43.773712158203125,0.2896020710468292,-1,-1,-1
239,1,4338.00537109375,821.9259033203125,66.265625,101.76312255859375,0.7685544490814209,-1,-1,-1
239,2,4586.43896484375,838.7902221679688,54.85400390625,103.42938232421875,0.7562130689620972,-1,-1,-1
239,4,3150.20849609375,614.1994018554688,18.070556640625,57.93695068359375,0.43783465027809143,-1,-1,-1
240,1,4340.50244140625,822.5969848632812,66.1298828125,101.2425537109375,0.7713165879249573,-1,-1,-1
240,2,4585.98291015625,838.697998046875,52.6171875,103.60540771484375,0.7811853885650635,-1,-1,-1
240,4,3152.410400390625,613.5685424804688,16.716796875,58.3184814453125,0.3824363350868225,-1,-1,-1
241,1,4342.626953125,823.0328369140625,65.0126953125,100.897705078125,0.7223228216171265,-1,-1,-1
241,2,4580.70947265625,838.8739013671875,54.35400390625,104.0977783203125,0.749828577041626,-1,-1,-1
241,4,3153.3271484375,612.9882202148438,16.435546875,57.873779296875,0.4014589190483093,-1,-1,-1
242,1,4344.38916015625,821.706298828125,63.98193359375,103.366455078125,0.7041626572608948,-1,-1,-1
242,2,4570.71923828125,839.1051025390625,61.15673828125,103.42596435546875,0.5872676968574524,-1,-1,-1
242,4,3152.7421875,613.3147583007812,19.880615234375,57.64208984375,0.4899255931377411,-1,-1,-1
242,45,4005.77978515625,515.551025390625,17.88134765625,31.20587158203125,0.3017106354236603,-1,-1,-1
243,1,4346.6376953125,820.6158447265625,63.89453125,105.417724609375,0.7031818628311157,-1,-1,-1
243,2,4563.45849609375,837.8762817382812,64.6552734375,104.83892822265625,0.7220897078514099,-1,-1,-1
243,4,3152.919921875,613.1361083984375,20.93017578125,58.2874755859375,0.5373839735984802,-1,-1,-1
243,107,3412.712646484375,492.1703796386719,22.685302734375,43.389495849609375,0.3246699869632721,-1,-1,-1
243,45,4006.30615234375,515.35546875,17.718994140625,31.419189453125,0.30315834283828735,-1,-1,-1
244,1,4348.3662109375,819.7861938476562,58.97021484375,105.97088623046875,0.696683943271637,-1,-1,-1
244,2,4554.5771484375,838.4598388671875,71.65234375,103.4217529296875,0.7673485279083252,-1,-1,-1
244,4,3153.4130859375,613.1243896484375,22.243408203125,59.2705078125,0.5916597843170166,-1,-1,-1
244,107,3413.29833984375,493.0659484863281,22.91650390625,42.417449951171875,0.2717391848564148,-1,-1,-1
244,45,4006.536376953125,515.7739868164062,18.027587890625,30.385986328125,0.32378098368644714,-1,-1,-1
245,1,4350.31591796875,819.6627807617188,60.08154296875,107.28759765625,0.6976850628852844,-1,-1,-1
245,2,4552.48388671875,838.8663940429688,71.529296875,103.18804931640625,0.7132824063301086,-1,-1,-1
245,4,3154.6943359375,612.8802490234375,22.841796875,60.6810302734375,0.5791389346122742,-1,-1,-1
245,45,4006.690673828125,516.1419067382812,17.90283203125,29.73773193359375,0.3118997812271118,-1,-1,-1
246,1,4351.65087890625,820.4132690429688,58.84814453125,108.95977783203125,0.7098172903060913,-1,-1,-1
246,2,4553.13232421875,838.638916015625,68.4208984375,103.08245849609375,0.7344662547111511,-1,-1,-1
246,4,3156.248291015625,613.1465454101562,23.102294921875,62.17572021484375,0.6170459985733032,-1,-1,-1
246,45,4006.87353515625,516.6008911132812,17.68408203125,29.4755859375,0.2640608847141266,-1,-1,-1
247,1,4352.95703125,822.37841796875,57.908203125,108.95758056640625,0.6878404021263123,-1,-1,-1
247,2,4553.0771484375,838.2171630859375,66.35595703125,103.5477294921875,0.7031444311141968,-1,-1,-1
247,4,3158.24365234375,614.2430419921875,23.880615234375,61.708984375,0.6374737024307251,-1,-1,-1
247,45,4007.619873046875,516.93701171875,18.260986328125,29.40472412109375,0.3881228268146515,-1,-1,-1
248,1,4352.84228515625,822.8617553710938,60.626953125,109.9708251953125,0.6903594732284546,-1,-1,-1
248,2,4554.654296875,838.770751953125,62.85888671875,102.28631591796875,0.7127189636230469,-1,-1,-1
248,4,3159.69775390625,615.1359252929688,24.7646484375,61.6695556640625,0.6588895320892334,-1,-1,-1
248,45,4008.714111328125,516.9088745117188,18.389892578125,29.45233154296875,0.4230009615421295,-1,-1,-1
249,1,4352.65185546875,822.8992919921875,59.92431640625,110.05657958984375,0.7238222360610962,-1,-1,-1
249,2,4555.91845703125,838.7312622070312,56.45263671875,103.38433837890625,0.743418276309967,-1,-1,-1
249,4,3160.94189453125,616.3292846679688,24.282470703125,60.169921875,0.5983164310455322,-1,-1,-1
249,45,4009.09765625,516.9639892578125,18.237548828125,29.1395263671875,0.4137602150440216,-1,-1,-1
250,1,4352.634765625,822.6011962890625,59.80078125,111.0794677734375,0.737027108669281,-1,-1,-1
250,2,4556.6767578125,837.9376220703125,51.05078125,105.00048828125,0.6747815012931824,-1,-1,-1
250,4,3162.689453125,617.4324951171875,23.0927734375,58.72747802734375,0.589033842086792,-1,-1,-1
250,45,4010.601318359375,516.4061889648438,16.6484375,29.12664794921875,0.3649143874645233,-1,-1,-1
251,1,4352.50244140625,823.7879028320312,67.72802734375,109.792236328125,0.7673078179359436,-1,-1,-1
251,2,4518.48583984375,836.1166381835938,87.3974609375,107.6480712890625,0.6118291020393372,-1,-1,-1
251,4,3162.282470703125,617.31884765625,24.094970703125,58.299560546875,0.5850738286972046,-1,-1,-1
251,45,4012.166259765625,516.7788696289062,16.20654296875,29.30706787109375,0.40855085849761963,-1,-1,-1
252,1,4352.92529296875,824.158203125,68.87451171875,109.6103515625,0.7752009034156799,-1,-1,-1
252,2,4505.51904296875,835.1312255859375,98.1103515625,108.10107421875,0.62404865026474,-1,-1,-1
252,4,3163.263671875,617.4208374023438,23.523193359375,58.3291015625,0.63448166847229,-1,-1,-1
252,45,4012.539306640625,517.9100952148438,16.6904296875,28.2431640625,0.37589558959007263,-1,-1,-1
253,1,4353.82666015625,825.1409301757812,66.3515625,108.5137939453125,0.7408498525619507,-1,-1,-1
253,2,4500.0419921875,834.5634765625,101.7197265625,107.884033203125,0.6354048252105713,-1,-1,-1
253,4,3165.15380859375,617.5943603515625,21.43994140625,57.673828125,0.6282398104667664,-1,-1,-1
253,45,4013.68408203125,517.1012573242188,16.48486328125,28.11212158203125,0.3244858980178833,-1,-1,-1
254,1,4355.03173828125,824.9994506835938,62.841796875,108.7493896484375,0.7705081105232239,-1,-1,-1
254,2,4496.6552734375,835.3834838867188,103.51513671875,107.5137939453125,0.6299663782119751,-1,-1,-1
254,4,3167.18603515625,616.9698486328125,19.888671875,58.8092041015625,0.6258159875869751,-1,-1,-1
254,45,4014.477783203125,516.16796875,15.71630859375,29.64215087890625,0.4079558551311493,-1,-1,-1
254,108,4551.68701171875,835.2341918945312,48.3046875,107.60626220703125,0.39677852392196655,-1,-1,-1
255,1,4357.9013671875,824.9639282226562,69.54736328125,108.7691650390625,0.7752746343612671,-1,-1,-1
255,4,3168.34521484375,616.6593627929688,19.0712890625,59.73223876953125,0.6217342019081116,-1,-1,-1
255,45,4015.042724609375,516.015380859375,15.6337890625,28.97027587890625,0.3283410668373108,-1,-1,-1
255,108,4534.56640625,836.1492919921875,62.3876953125,106.86688232421875,0.582511305809021,-1,-1,-1
256,1,4360.12109375,824.598876953125,75.677734375,109.15679931640625,0.7418668270111084,-1,-1,-1
256,4,3169.939453125,616.5616455078125,18.338623046875,58.68701171875,0.6005210876464844,-1,-1,-1
256,45,4017.06689453125,516.1315307617188,14.695068359375,29.6480712890625,0.35771945118904114,-1,-1,-1
256,2,4492.7880859375,836.8798828125,103.7275390625,106.00567626953125,0.5917802453041077,-1,-1,-1
257,1,4365.15234375,823.5223999023438,71.42919921875,110.10150146484375,0.7633668184280396,-1,-1,-1
257,4,3171.581787109375,617.2763061523438,17.362548828125,58.0506591796875,0.6040602922439575,-1,-1,-1
257,45,4018.71728515625,516.638427734375,14.117919921875,29.27197265625,0.35322096943855286,-1,-1,-1
257,108,4512.4482421875,838.3076782226562,81.873046875,104.44952392578125,0.6230822205543518,-1,-1,-1
258,1,4371.17333984375,823.8668823242188,59.9990234375,109.45977783203125,0.7688601613044739,-1,-1,-1
258,4,3172.781982421875,617.9141845703125,17.03271484375,59.532470703125,0.5758424997329712,-1,-1,-1
258,45,4019.578369140625,515.80615234375,14.182861328125,30.00634765625,0.35622790455818176,-1,-1,-1
258,108,4516.30419921875,839.4553833007812,77.1298828125,104.0986328125,0.7026587128639221,-1,-1,-1
259,1,4377.435546875,824.0831298828125,48.94384765625,107.56646728515625,0.7724720239639282,-1,-1,-1
259,4,3174.195556640625,618.7427978515625,17.290283203125,58.03619384765625,0.5944710373878479,-1,-1,-1
259,45,4019.868408203125,515.1319580078125,13.956787109375,30.8330078125,0.33940356969833374,-1,-1,-1
259,108,4511.2724609375,839.5480346679688,80.97216796875,103.66790771484375,0.6969431042671204,-1,-1,-1
260,1,4382.79931640625,823.6430053710938,40.31005859375,107.89013671875,0.7539629340171814,-1,-1,-1
260,4,3174.98388671875,619.7330322265625,18.0732421875,57.0977783203125,0.5691623091697693,-1,-1,-1
260,45,4019.9853515625,515.1508178710938,15.020751953125,30.8671875,0.3452930152416229,-1,-1,-1
260,108,4508.1279296875,839.5187377929688,82.5068359375,103.49554443359375,0.6755744218826294,-1,-1,-1
261,1,4386.7255859375,823.748291015625,38.8115234375,109.3365478515625,0.7306286692619324,-1,-1,-1
261,4,3175.35400390625,620.2943115234375,18.47021484375,56.5081787109375,0.5306816697120667,-1,-1,-1
261,45,4019.9111328125,516.116455078125,15.65869140625,29.7158203125,0.3320966958999634,-1,-1,-1
261,108,4495.46044921875,840.1847534179688,94.00341796875,102.95794677734375,0.6463844180107117,-1,-1,-1
262,1,4388.82763671875,823.6895751953125,39.298828125,110.37298583984375,0.7278293967247009,-1,-1,-1
262,4,3175.998046875,620.5657958984375,19.304443359375,57.3353271484375,0.6464628577232361,-1,-1,-1
262,45,4020.056396484375,515.067626953125,16.064697265625,30.93511962890625,0.34151020646095276,-1,-1,-1
262,108,4490.69921875,839.8004150390625,95.6201171875,104.016357421875,0.6470131278038025,-1,-1,-1
263,1,4390.56396484375,823.7093505859375,40.9267578125,109.50091552734375,0.6984466314315796,-1,-1,-1
263,4,3176.452880859375,621.2721557617188,19.58251953125,57.23773193359375,0.6678746342658997,-1,-1,-1
263,45,4020.252197265625,513.7974853515625,16.396240234375,31.904541015625,0.293983519077301,-1,-1,-1
263,108,4495.541015625,839.6842041015625,87.60791015625,103.63629150390625,0.5806881189346313,-1,-1,-1
264,1,4392.20556640625,823.6539306640625,40.43408203125,108.162353515625,0.7214342355728149,-1,-1,-1
264,4,3176.581787109375,622.0302124023438,19.8583984375,57.14935302734375,0.6212446689605713,-1,-1,-1
264,45,4021.343994140625,513.9788818359375,17.471435546875,32.9449462890625,0.31136563420295715,-1,-1,-1
264,108,4486.9482421875,839.0064086914062,93.56591796875,104.50567626953125,0.5140807628631592,-1,-1,-1
265,1,4393.54248046875,823.9675903320312,40.369140625,107.105224609375,0.7568655014038086,-1,-1,-1
265,4,3176.8623046875,622.8513793945312,19.9521484375,56.67010498046875,0.6455206274986267,-1,-1,-1
265,45,4021.65966796875,514.3203125,18.203857421875,33.0782470703125,0.32831764221191406,-1,-1,-1
265,108,4488.43115234375,837.70068359375,88.8203125,105.283935546875,0.5708284378051758,-1,-1,-1
266,1,4394.73486328125,824.30810546875,38.8720703125,106.54803466796875,0.7530217170715332,-1,-1,-1
266,4,3176.653076171875,623.1822509765625,20.554443359375,56.490966796875,0.6172374486923218,-1,-1,-1
266,45,4022.0927734375,514.9420776367188,18.45458984375,32.83551025390625,0.38614147901535034,-1,-1,-1
266,108,4490.21142578125,837.6902465820312,81.49951171875,104.87286376953125,0.5512962341308594,-1,-1,-1
267,1,4396.61962890625,824.4125366210938,36.55126953125,105.91058349609375,0.7351123094558716,-1,-1,-1
267,4,3177.273681640625,623.2383422851562,20.92041015625,57.1903076171875,0.6462376713752747,-1,-1,-1
267,45,4022.726806640625,515.3958740234375,18.17822265625,32.36578369140625,0.38659247756004333,-1,-1,-1
267,108,4500.95068359375,839.26025390625,65.7041015625,103.5003662109375,0.5710043907165527,-1,-1,-1
268,1,4398.57861328125,824.0511474609375,37.63037109375,107.0201416015625,0.7214474081993103,-1,-1,-1
268,4,3178.227783203125,623.1602172851562,21.15283203125,57.32244873046875,0.6523956060409546,-1,-1,-1
268,45,4023.76318359375,515.1797485351562,16.967529296875,32.3143310546875,0.3834342062473297,-1,-1,-1
268,108,4506.2255859375,839.5228271484375,56.33447265625,103.98150634765625,0.5910817980766296,-1,-1,-1
269,1,4400.1142578125,824.5361938476562,36.7177734375,106.2515869140625,0.7153182625770569,-1,-1,-1
269,4,3179.449951171875,623.197265625,21.08056640625,57.15704345703125,0.6017495393753052,-1,-1,-1
269,45,4024.746337890625,514.8656005859375,15.7880859375,32.31439208984375,0.3503866493701935,-1,-1,-1
269,108,4506.349609375,839.5787353515625,53.61279296875,104.0946044921875,0.6733605861663818,-1,-1,-1
270,1,4401.111328125,824.6327514648438,36.53173828125,104.7371826171875,0.7377663254737854,-1,-1,-1
270,4,3179.5546875,623.1309814453125,21.7138671875,57.56658935546875,0.6295634508132935,-1,-1,-1
270,45,4025.656982421875,514.9712524414062,14.975830078125,32.27398681640625,0.42375144362449646,-1,-1,-1
270,108,4504.98095703125,840.1543579101562,53.037109375,102.5657958984375,0.7395414710044861,-1,-1,-1
271,1,4401.14013671875,825.2078247070312,39.265625,103.7664794921875,0.788731038570404,-1,-1,-1
271,4,3180.011962890625,622.9655151367188,22.3525390625,57.46612548828125,0.6123270988464355,-1,-1,-1
271,45,4026.91845703125,515.2886962890625,14.314453125,31.4005126953125,0.43645474314689636,-1,-1,-1
271,108,4503.3857421875,840.4884033203125,52.52734375,102.73248291015625,0.7736371755599976,-1,-1,-1
272,1,4401.484375,825.9243774414062,40.09423828125,103.9693603515625,0.7834213376045227,-1,-1,-1
272,4,3180.461669921875,623.0668334960938,22.335205078125,57.19635009765625,0.5838142037391663,-1,-1,-1
272,45,4027.671875,515.5506591796875,13.89697265625,31.64654541015625,0.4328264594078064,-1,-1,-1
272,108,4499.15087890625,839.1802978515625,54.91845703125,104.2664794921875,0.7967469096183777,-1,-1,-1
273,1,4402.173828125,825.8486938476562,39.9501953125,105.08599853515625,0.7793999314308167,-1,-1,-1
273,4,3180.633544921875,623.382568359375,22.63525390625,57.42242431640625,0.5494735836982727,-1,-1,-1
273,45,4028.6279296875,515.9930419921875,13.38427734375,31.24700927734375,0.42116212844848633,-1,-1,-1
273,108,4494.71044921875,838.7883911132812,57.3291015625,104.65545654296875,0.7570486068725586,-1,-1,-1
274,1,4402.8291015625,825.5292358398438,40.0390625,105.71966552734375,0.7805215120315552,-1,-1,-1
274,4,3180.8388671875,623.3660278320312,22.70947265625,57.90985107421875,0.5365043878555298,-1,-1,-1
274,45,4029.4951171875,516.2815551757812,12.74609375,31.4725341796875,0.4020709991455078,-1,-1,-1
274,108,4493.1640625,838.9879760742188,57.42626953125,104.45880126953125,0.7717195153236389,-1,-1,-1
275,1,4403.44677734375,825.9627685546875,40.52099609375,106.49591064453125,0.7772098779678345,-1,-1,-1
275,4,3181.100830078125,623.1226806640625,22.859375,58.0172119140625,0.4894721508026123,-1,-1,-1
275,45,4030.367431640625,516.1922607421875,12.23046875,31.63177490234375,0.33322441577911377,-1,-1,-1
275,108,4491.009765625,838.55810546875,57.48583984375,105.05670166015625,0.7341939210891724,-1,-1,-1
276,1,4404.37353515625,826.4952392578125,41.11767578125,106.2796630859375,0.7708169221878052,-1,-1,-1
276,4,3181.22119140625,623.0797119140625,22.71337890625,57.708251953125,0.4622025787830353,-1,-1,-1
276,45,4031.06591796875,515.7175903320312,12.436279296875,31.79949951171875,0.27599072456359863,-1,-1,-1
276,108,4487.1767578125,839.0758056640625,58.32080078125,104.32586669921875,0.7326943874359131,-1,-1,-1
277,1,4405.10791015625,826.199951171875,42.037109375,107.74298095703125,0.7986297607421875,-1,-1,-1
277,4,3181.20556640625,623.1152954101562,22.924560546875,58.44403076171875,0.5171043872833252,-1,-1,-1
277,45,4031.602783203125,515.3799438476562,12.558837890625,32.27020263671875,0.26045942306518555,-1,-1,-1
277,108,4487.79931640625,839.4110107421875,55.65380859375,104.3621826171875,0.7411372065544128,-1,-1,-1
278,1,4405.93359375,826.7311401367188,43.578125,108.3665771484375,0.8020660281181335,-1,-1,-1
278,4,3181.241455078125,623.410400390625,23.23876953125,58.22845458984375,0.5088964700698853,-1,-1,-1
278,108,4489.07177734375,838.9075317382812,53.2880859375,105.6202392578125,0.7427213191986084,-1,-1,-1
279,1,4406.19580078125,826.9288330078125,44.17578125,108.788818359375,0.8079487085342407,-1,-1,-1
279,4,3181.273681640625,623.7377319335938,23.670654296875,58.4193115234375,0.46849316358566284,-1,-1,-1
279,108,4489.71826171875,838.6998901367188,51.65966796875,106.20135498046875,0.7373515367507935,-1,-1,-1
280,1,4406.798828125,828.0423583984375,44.0185546875,108.2735595703125,0.800764262676239,-1,-1,-1
280,4,3181.34765625,624.1091918945312,24.0576171875,58.86175537109375,0.40007874369621277,-1,-1,-1
280,108,4487.11181640625,838.9520874023438,51.8876953125,106.27642822265625,0.738688051700592,-1,-1,-1
281,1,4407.49560546875,828.628173828125,43.849609375,108.6339111328125,0.8069771528244019,-1,-1,-1
281,4,3181.300048828125,624.5730590820312,24.34423828125,58.52276611328125,0.4139699637889862,-1,-1,-1
281,108,4484.9873046875,837.4629516601562,52.087890625,107.14923095703125,0.7673653960227966,-1,-1,-1
282,1,4407.8818359375,829.5872192382812,43.2373046875,108.11614990234375,0.7971111536026001,-1,-1,-1
282,4,3181.26318359375,624.6541137695312,24.359619140625,59.0592041015625,0.4617150127887726,-1,-1,-1
282,108,4484.353515625,836.1342163085938,51.00146484375,108.04742431640625,0.7895354628562927,-1,-1,-1
282,45,4032.5693359375,515.4573974609375,14.47216796875,32.338134765625,0.2530643939971924,-1,-1,-1
283,1,4408.525390625,829.8279418945312,44.9775390625,108.0836181640625,0.7953929901123047,-1,-1,-1
283,4,3181.245361328125,624.512939453125,24.26220703125,59.33740234375,0.458922415971756,-1,-1,-1
283,108,4485.8974609375,836.914306640625,48.78271484375,107.79736328125,0.7994442582130432,-1,-1,-1
283,114,3585.07568359375,537.3397216796875,14.79736328125,37.50927734375,0.3684728145599365,-1,-1,-1
284,1,4408.8037109375,829.7427978515625,45.4423828125,108.791015625,0.785870373249054,-1,-1,-1
284,4,3181.125732421875,624.4124755859375,23.679443359375,59.712646484375,0.5034059882164001,-1,-1,-1
284,108,4483.84423828125,835.1130981445312,49.46728515625,109.10992431640625,0.7942632436752319,-1,-1,-1
284,114,3585.37158203125,536.904541015625,15.141845703125,36.41107177734375,0.2832246422767639,-1,-1,-1
285,1,4409.8310546875,829.6463012695312,45.72900390625,110.169189453125,0.7800205945968628,-1,-1,-1
285,4,3181.02880859375,624.2501220703125,23.601806640625,60.33233642578125,0.5212660431861877,-1,-1,-1
285,108,4482.05322265625,834.7005615234375,49.58203125,109.57684326171875,0.8005092740058899,-1,-1,-1
285,114,3585.904541015625,536.8430786132812,15.517333984375,36.4024658203125,0.3218691945075989,-1,-1,-1
286,1,4410.42041015625,830.166748046875,47.115234375,110.69171142578125,0.7614115476608276,-1,-1,-1
286,4,3180.87353515625,624.138671875,23.596923828125,61.10980224609375,0.5844900608062744,-1,-1,-1
286,108,4482.3291015625,835.1248168945312,48.16748046875,110.12823486328125,0.8045864105224609,-1,-1,-1
286,114,3586.1640625,537.3807983398438,15.784912109375,36.39111328125,0.3062199056148529,-1,-1,-1
287,1,4410.69091796875,829.8865356445312,49.015625,111.5404052734375,0.7395372986793518,-1,-1,-1
287,4,3180.691162109375,624.1337890625,23.687255859375,61.3199462890625,0.5956219434738159,-1,-1,-1
287,108,4482.40234375,835.6654052734375,47.3486328125,111.0750732421875,0.804594874382019,-1,-1,-1
288,1,4411.08984375,830.5200805664062,50.58740234375,111.44696044921875,0.7553802132606506,-1,-1,-1
288,4,3180.42578125,623.7383422851562,24.158447265625,62.1505126953125,0.6032068729400635,-1,-1,-1
288,108,4481.99365234375,836.084228515625,46.4375,111.32080078125,0.7974175810813904,-1,-1,-1
289,1,4410.69189453125,831.0619506835938,51.7138671875,110.166748046875,0.7477638721466064,-1,-1,-1
289,4,3180.2431640625,623.9281005859375,24.599609375,62.111328125,0.5771132111549377,-1,-1,-1
289,108,4481.4501953125,836.822509765625,45.8583984375,111.01171875,0.7913331985473633,-1,-1,-1
289,45,4033.720458984375,516.0232543945312,17.189208984375,29.70855712890625,0.26443803310394287,-1,-1,-1
290,1,4410.890625,830.1116333007812,52.01025390625,110.371337890625,0.7564969062805176,-1,-1,-1
290,4,3180.209228515625,624.5404663085938,24.9130859375,62.239990234375,0.5128377079963684,-1,-1,-1
290,108,4480.42529296875,836.9652709960938,46.017578125,111.27545166015625,0.787731945514679,-1,-1,-1
290,45,4033.791748046875,515.9747314453125,17.341796875,29.693115234375,0.273468941450119,-1,-1,-1
291,1,4410.71923828125,829.4039916992188,51.75830078125,110.45098876953125,0.7614868879318237,-1,-1,-1
291,4,3180.367431640625,624.9483642578125,24.94775390625,62.28082275390625,0.438129723072052,-1,-1,-1
291,108,4479.77734375,837.2210083007812,46.05712890625,110.93292236328125,0.7776378989219666,-1,-1,-1
291,45,4034.4755859375,516.01171875,17.1015625,29.3284912109375,0.2558915913105011,-1,-1,-1
292,1,4410.57080078125,829.3284301757812,52.1904296875,110.79296875,0.7701208591461182,-1,-1,-1
292,4,3180.621337890625,626.0584716796875,25.14794921875,62.43927001953125,0.38333261013031006,-1,-1,-1
292,108,4483.42529296875,838.4610595703125,40.8720703125,109.593505859375,0.7740249037742615,-1,-1,-1
292,45,4035.351806640625,516.044677734375,16.690185546875,29.25592041015625,0.26511266827583313,-1,-1,-1
293,1,4409.82275390625,829.2857055664062,53.36279296875,111.1224365234375,0.7761671543121338,-1,-1,-1
293,4,3180.50439453125,626.7223510742188,26.27490234375,64.5029296875,0.3373311161994934,-1,-1,-1
293,108,4484.833984375,838.9912719726562,38.54345703125,108.41754150390625,0.7696194052696228,-1,-1,-1
294,1,4409.86328125,830.0104370117188,53.546875,110.89154052734375,0.7833989262580872,-1,-1,-1
294,4,3180.2353515625,626.7521362304688,27.152099609375,65.46453857421875,0.3352940082550049,-1,-1,-1
294,108,4484.53515625,839.0938720703125,38.36572265625,108.66748046875,0.7680423855781555,-1,-1,-1
295,1,4409.6591796875,830.5690307617188,54.23193359375,111.09539794921875,0.7871600985527039,-1,-1,-1
295,108,4484.267578125,839.3206176757812,38.3154296875,108.545654296875,0.7702724933624268,-1,-1,-1
296,1,4409.248046875,831.1245727539062,55.71142578125,111.021240234375,0.7897201776504517,-1,-1,-1
296,108,4483.43798828125,839.5648803710938,38.93212890625,108.4337158203125,0.7724860906600952,-1,-1,-1
296,4,3183.01171875,629.0159912109375,27.0546875,62.01995849609375,0.3060590922832489,-1,-1,-1
297,1,4408.943359375,831.6021118164062,56.9150390625,110.30914306640625,0.7947694659233093,-1,-1,-1
297,108,4482.18017578125,839.6576538085938,40.10791015625,108.5230712890625,0.7664198875427246,-1,-1,-1
297,4,3183.82763671875,629.55712890625,26.926025390625,61.0704345703125,0.3874146044254303,-1,-1,-1
297,45,4039.782470703125,515.5009765625,13.875,29.679443359375,0.3215278089046478,-1,-1,-1
298,1,4408.8115234375,831.6873168945312,57.56689453125,110.86688232421875,0.7940464019775391,-1,-1,-1
298,108,4481.22314453125,839.764892578125,41.1953125,108.46221923828125,0.7669050097465515,-1,-1,-1
298,4,3184.366455078125,629.548828125,26.809814453125,60.68011474609375,0.42688441276550293,-1,-1,-1
298,45,4040.455810546875,515.6519165039062,13.73876953125,29.58477783203125,0.35031750798225403,-1,-1,-1
299,1,4408.7802734375,832.1426391601562,57.70263671875,110.82061767578125,0.7971336245536804,-1,-1,-1
299,108,4481.03564453125,839.7593994140625,41.44775390625,108.48431396484375,0.77181476354599,-1,-1,-1
299,4,3184.466552734375,629.4857177734375,26.865234375,60.82916259765625,0.44400039315223694,-1,-1,-1
299,45,4040.9814453125,515.7489624023438,14.01220703125,29.54840087890625,0.3758404552936554,-1,-1,-1
300,1,4408.5625,832.247802734375,56.59912109375,111.3162841796875,0.7937266230583191,-1,-1,-1
300,108,4482.63623046875,839.9044189453125,40.0576171875,108.36395263671875,0.7793776392936707,-1,-1,-1
300,4,3184.48583984375,629.3916625976562,27.015625,61.42181396484375,0.4747186005115509,-1,-1,-1
300,45,4041.287353515625,515.6848754882812,15.06689453125,29.71978759765625,0.39041048288345337,-1,-1,-1
301,1,4408.51806640625,831.6425170898438,55.67138671875,112.38861083984375,0.8013510704040527,-1,-1,-1
301,108,4484.1220703125,840.0756225585938,38.80224609375,108.09063720703125,0.789682924747467,-1,-1,-1
301,4,3184.64453125,629.3229370117188,27.100341796875,61.4976806640625,0.5009417533874512,-1,-1,-1
301,45,4041.507568359375,515.8353881835938,15.572265625,29.70458984375,0.36067232489585876,-1,-1,-1
302,1,4408.4873046875,831.62060546875,54.95751953125,112.62994384765625,0.7999275326728821,-1,-1,-1
302,108,4485.052734375,840.22802734375,37.880859375,107.91168212890625,0.7946558594703674,-1,-1,-1
302,4,3184.6650390625,629.1622314453125,27.196044921875,61.8135986328125,0.5238719582557678,-1,-1,-1
302,45,4041.755126953125,515.9773559570312,15.406494140625,29.66510009765625,0.3771677017211914,-1,-1,-1
303,1,4408.66064453125,831.8120727539062,53.60888671875,112.25531005859375,0.7968120574951172,-1,-1,-1
303,108,4485.45263671875,840.2901000976562,37.56494140625,107.73834228515625,0.8027753233909607,-1,-1,-1
303,4,3184.7373046875,629.62939453125,27.113525390625,61.322509765625,0.5048380494117737,-1,-1,-1
303,45,4042.00537109375,515.871337890625,15.197509765625,29.84515380859375,0.3880332410335541,-1,-1,-1
304,1,4408.30615234375,833.5501098632812,52.943359375,110.22406005859375,0.8030807375907898,-1,-1,-1
304,108,4484.2802734375,840.1907348632812,39.1357421875,107.96044921875,0.810712456703186,-1,-1,-1
304,4,3184.87890625,629.9246215820312,27.10302734375,61.58502197265625,0.5431439280509949,-1,-1,-1
304,45,4042.079345703125,515.7832641601562,15.404296875,29.912353515625,0.3634834587574005,-1,-1,-1
305,1,4407.97314453125,834.6913452148438,52.9833984375,109.1429443359375,0.8020628690719604,-1,-1,-1
305,108,4482.94677734375,840.1830444335938,40.6923828125,108.0489501953125,0.7940706014633179,-1,-1,-1
305,4,3185.379150390625,629.6696166992188,27.192626953125,61.85711669921875,0.5762856006622314,-1,-1,-1
305,45,4042.227783203125,515.5654296875,16.378662109375,30.36163330078125,0.3604173958301544,-1,-1,-1
306,1,4407.78564453125,836.553466796875,51.544921875,106.8583984375,0.8006297945976257,-1,-1,-1
306,108,4482.93603515625,840.412109375,40.818359375,107.84124755859375,0.7980875372886658,-1,-1,-1
306,4,3185.943603515625,629.9442138671875,26.722412109375,61.87921142578125,0.5680713057518005,-1,-1,-1
306,45,4042.421630859375,515.6190185546875,17.406494140625,30.24847412109375,0.3540056049823761,-1,-1,-1
307,1,4407.306640625,836.2456665039062,50.56201171875,106.9228515625,0.7935478091239929,-1,-1,-1
307,108,4483.7451171875,840.6156616210938,40.06640625,107.46771240234375,0.8075472116470337,-1,-1,-1
307,4,3186.115234375,630.0742797851562,26.417236328125,62.4769287109375,0.5361137986183167,-1,-1,-1
307,45,4043.3837890625,515.5546264648438,17.42236328125,30.48980712890625,0.3920142650604248,-1,-1,-1
307,128,3094.107421875,516.31494140625,15.34765625,29.51416015625,0.30565956234931946,-1,-1,-1
308,1,4406.830078125,836.2002563476562,50.2783203125,107.41741943359375,0.7951502799987793,-1,-1,-1
308,108,4484.0576171875,840.7041625976562,39.91064453125,107.3485107421875,0.8129244446754456,-1,-1,-1
308,4,3186.274658203125,631.2782592773438,26.0732421875,62.06231689453125,0.47397559881210327,-1,-1,-1
308,45,4044.199462890625,515.760986328125,17.047119140625,30.3204345703125,0.3982067108154297,-1,-1,-1
308,128,3094.478515625,516.1339111328125,15.476806640625,29.8157958984375,0.3312084674835205,-1,-1,-1
309,1,4406.1728515625,836.09326171875,48.94189453125,108.16436767578125,0.8033055067062378,-1,-1,-1
309,108,4484.7333984375,840.9534301757812,39.2392578125,106.9512939453125,0.8290185928344727,-1,-1,-1
309,4,3186.39453125,632.4531860351562,25.7470703125,60.72430419921875,0.4591434597969055,-1,-1,-1
309,45,4044.749267578125,516.5441284179688,16.317138671875,29.49871826171875,0.4293118715286255,-1,-1,-1
309,128,3094.877685546875,516.1175537109375,15.291748046875,29.9342041015625,0.31910696625709534,-1,-1,-1
310,1,4405.5830078125,835.8682250976562,46.896484375,109.2645263671875,0.8181277513504028,-1,-1,-1
310,108,4484.4619140625,841.1266479492188,39.4130859375,106.7845458984375,0.8307241201400757,-1,-1,-1
310,4,3186.66943359375,633.7567749023438,25.3671875,59.49908447265625,0.4564015865325928,-1,-1,-1
310,45,4045.232421875,517.1348266601562,15.15869140625,28.8828125,0.4126802682876587,-1,-1,-1
310,128,3095.058349609375,516.096435546875,15.208740234375,30.08575439453125,0.3041895925998688,-1,-1,-1
311,1,4405.05224609375,836.628662109375,45.017578125,108.818603515625,0.8301493525505066,-1,-1,-1
311,108,4484.40673828125,841.399658203125,39.306640625,106.47076416015625,0.8336547017097473,-1,-1,-1
311,4,3186.74267578125,634.742431640625,25.356689453125,58.94219970703125,0.4885210394859314,-1,-1,-1
311,45,4045.706298828125,517.3515014648438,14.155517578125,28.59918212890625,0.4093707799911499,-1,-1,-1
311,128,3094.9873046875,516.1244506835938,15.2490234375,29.998046875,0.312810480594635,-1,-1,-1
312,1,4403.2119140625,835.7106323242188,45.23046875,110.0155029296875,0.8406282067298889,-1,-1,-1
312,108,4484.34814453125,841.4691162109375,39.2763671875,106.54559326171875,0.831631600856781,-1,-1,-1
312,4,3186.64013671875,635.5305786132812,25.3857421875,58.77117919921875,0.4659309685230255,-1,-1,-1
312,45,4045.876708984375,517.4329833984375,14.06884765625,28.4462890625,0.42405813932418823,-1,-1,-1
312,128,3095.176513671875,515.9691162109375,15.051513671875,30.1717529296875,0.2866944670677185,-1,-1,-1
313,1,4401.6875,836.388671875,45.478515625,109.34332275390625,0.8367083668708801,-1,-1,-1
313,108,4484.828125,841.5629272460938,38.73828125,106.341552734375,0.8287307024002075,-1,-1,-1
313,4,3186.57373046875,635.850830078125,25.34033203125,59.0958251953125,0.4494706392288208,-1,-1,-1
313,45,4046.08251953125,516.5403442382812,13.46533203125,29.317626953125,0.41832035779953003,-1,-1,-1
313,128,3095.323974609375,515.8187866210938,14.8515625,30.452392578125,0.2750684916973114,-1,-1,-1
314,1,4401.3603515625,836.3677978515625,43.97314453125,109.25286865234375,0.8247423768043518,-1,-1,-1
314,108,4485.32568359375,841.8068237304688,38.02734375,105.92950439453125,0.8307228088378906,-1,-1,-1
314,4,3186.2763671875,635.9195556640625,25.488037109375,59.37518310546875,0.4512152671813965,-1,-1,-1
314,45,4046.1904296875,515.7715454101562,13.634521484375,30.14178466796875,0.3875194191932678,-1,-1,-1
315,1,4401.3017578125,835.9946899414062,42.814453125,109.49652099609375,0.8158822059631348,-1,-1,-1
315,108,4485.46728515625,841.9000244140625,37.6298828125,105.7513427734375,0.8282549977302551,-1,-1,-1
315,4,3186.109375,635.9840698242188,25.5966796875,60.35711669921875,0.45007210969924927,-1,-1,-1
315,45,4046.28857421875,515.0573120117188,13.560791015625,30.93597412109375,0.38409748673439026,-1,-1,-1
315,128,3095.981201171875,515.4638671875,14.187255859375,30.95220947265625,0.25098100304603577,-1,-1,-1
316,1,4400.27978515625,834.4447631835938,42.39013671875,110.70489501953125,0.8270848393440247,-1,-1,-1
316,108,4485.6513671875,841.9636840820312,37.33349609375,105.66387939453125,0.8319543600082397,-1,-1,-1
316,4,3185.9951171875,635.8975219726562,25.702880859375,62.54827880859375,0.49326369166374207,-1,-1,-1
316,45,4046.197998046875,514.6251220703125,13.654052734375,31.5361328125,0.39586347341537476,-1,-1,-1
316,128,3095.829345703125,515.5308227539062,14.49365234375,30.91949462890625,0.2628890573978424,-1,-1,-1
317,1,4399.37060546875,833.3911743164062,42.16845703125,111.4415283203125,0.8216737508773804,-1,-1,-1
317,108,4485.8037109375,842.032470703125,37.11669921875,105.5770263671875,0.8297440409660339,-1,-1,-1
317,4,3186.06884765625,636.0560302734375,25.618408203125,63.2998046875,0.4738747775554657,-1,-1,-1
317,45,4046.318359375,514.6173095703125,13.490478515625,31.6243896484375,0.39611881971359253,-1,-1,-1
317,128,3095.650390625,515.8035888671875,14.81982421875,30.53594970703125,0.2691771686077118,-1,-1,-1
318,1,4398.9013671875,833.0194702148438,41.94189453125,111.97930908203125,0.8198820948600769,-1,-1,-1
318,108,4485.22509765625,842.169921875,37.7548828125,105.69610595703125,0.8306702971458435,-1,-1,-1
318,4,3185.5546875,636.496337890625,26.2109375,63.6605224609375,0.4630790650844574,-1,-1,-1
318,45,4046.435546875,515.3143920898438,14.962646484375,30.93194580078125,0.4288055896759033,-1,-1,-1
319,1,4398.1142578125,832.3536987304688,42.408203125,112.76190185546875,0.8151262998580933,-1,-1,-1
319,108,4484.99951171875,842.2193603515625,37.951171875,105.74151611328125,0.8294510245323181,-1,-1,-1
319,4,3185.343017578125,636.8416137695312,26.4453125,63.4324951171875,0.45339739322662354,-1,-1,-1
319,45,4046.496826171875,515.5760498046875,15.54150390625,30.59014892578125,0.440024733543396,-1,-1,-1
320,1,4397.37109375,831.7779541015625,43.26953125,113.58001708984375,0.8012775778770447,-1,-1,-1
320,108,4485.0791015625,842.2454223632812,37.78662109375,105.69366455078125,0.8299350142478943,-1,-1,-1
320,4,3185.552001953125,637.4826049804688,26.282470703125,62.97039794921875,0.4420190751552582,-1,-1,-1
320,45,4046.5595703125,515.95751953125,16.136474609375,30.21697998046875,0.4475489556789398,-1,-1,-1
321,1,4397.072265625,831.5723266601562,43.52490234375,114.525146484375,0.7967304587364197,-1,-1,-1
321,108,4485.080078125,842.2483520507812,37.71533203125,105.58746337890625,0.8309222459793091,-1,-1,-1
321,4,3185.7509765625,638.4445190429688,26.236572265625,61.8846435546875,0.44679418206214905,-1,-1,-1
321,45,4046.6337890625,516.3982543945312,16.535888671875,29.5877685546875,0.45859163999557495,-1,-1,-1
322,1,4396.93603515625,831.4528198242188,43.68994140625,115.794921875,0.7958766222000122,-1,-1,-1
322,108,4484.9150390625,842.2610473632812,37.92529296875,105.6661376953125,0.832066535949707,-1,-1,-1
322,4,3185.689208984375,638.7243041992188,26.45361328125,63.3760986328125,0.4491810202598572,-1,-1,-1
322,45,4046.603515625,516.5220947265625,16.88330078125,29.46307373046875,0.4651353359222412,-1,-1,-1
323,1,4396.919921875,831.5363159179688,43.68505859375,116.43829345703125,0.8030154705047607,-1,-1,-1
323,108,4484.98681640625,842.2417602539062,37.80712890625,105.51788330078125,0.8319364190101624,-1,-1,-1
323,4,3186.293701171875,638.81884765625,26.00830078125,65.673583984375,0.4607672691345215,-1,-1,-1
323,45,4046.6240234375,516.1673583984375,17.146728515625,29.84649658203125,0.43901383876800537,-1,-1,-1
324,1,4396.80224609375,831.5540771484375,43.818359375,116.93975830078125,0.8074060082435608,-1,-1,-1
324,108,4484.88330078125,842.2290649414062,37.92919921875,105.41473388671875,0.8298003673553467,-1,-1,-1
324,4,3187.097900390625,639.0489501953125,25.441650390625,66.49749755859375,0.5045621395111084,-1,-1,-1
324,45,4046.7041015625,515.8519897460938,17.4755859375,30.55157470703125,0.41697341203689575,-1,-1,-1
324,128,3094.803466796875,516.6286010742188,15.38671875,30.0321044921875,0.2685259282588959,-1,-1,-1
325,1,4395.77880859375,831.6277465820312,44.7646484375,117.6761474609375,0.8133581280708313,-1,-1,-1
325,108,4484.7998046875,842.2096557617188,37.9609375,105.47705078125,0.832253098487854,-1,-1,-1
325,4,3187.66845703125,638.8717041015625,25.2939453125,66.96722412109375,0.5619794130325317,-1,-1,-1
325,45,4046.89501953125,515.2249145507812,17.915283203125,31.4002685546875,0.3451194763183594,-1,-1,-1
325,128,3094.912841796875,516.3843994140625,15.11572265625,30.2354736328125,0.2919465899467468,-1,-1,-1
326,1,4391.55126953125,831.4306030273438,48.9306640625,118.63348388671875,0.8184354305267334,-1,-1,-1
326,108,4484.86572265625,842.2615966796875,37.89111328125,105.535400390625,0.8373138904571533,-1,-1,-1
326,4,3187.951904296875,638.5507202148438,25.49951171875,66.99755859375,0.5817441344261169,-1,-1,-1
326,45,4046.915283203125,515.006591796875,18.259765625,31.83843994140625,0.3686056435108185,-1,-1,-1
326,128,3094.962646484375,516.2293701171875,14.8330078125,30.3905029296875,0.29286056756973267,-1,-1,-1
327,1,4389.998046875,831.5252685546875,50.41943359375,118.65289306640625,0.791644811630249,-1,-1,-1
327,108,4485.00732421875,842.289794921875,37.7373046875,105.5430908203125,0.8364514708518982,-1,-1,-1
327,4,3188.92626953125,638.8682250976562,24.535888671875,65.896240234375,0.5995920896530151,-1,-1,-1
327,45,4046.97265625,515.18017578125,18.38623046875,31.70843505859375,0.3620063364505768,-1,-1,-1
327,128,3095.061767578125,516.0955200195312,14.59130859375,30.51123046875,0.2990599274635315,-1,-1,-1
328,1,4387.84423828125,831.7853393554688,52.4130859375,118.84136962890625,0.7278608679771423,-1,-1,-1
328,108,4484.9462890625,842.3182373046875,37.74365234375,105.4805908203125,0.8382399082183838,-1,-1,-1
328,4,3189.512939453125,640.115234375,23.981201171875,63.3653564453125,0.5872685313224792,-1,-1,-1
328,45,4047.0439453125,515.5474853515625,18.735107421875,31.25701904296875,0.3754160702228546,-1,-1,-1
328,128,3095.19921875,516.1924438476562,14.3369140625,30.3131103515625,0.302693635225296,-1,-1,-1
329,1,4388.49560546875,832.9327392578125,51.8271484375,118.0096435546875,0.6479642987251282,-1,-1,-1
329,108,4484.9677734375,842.2442016601562,37.6962890625,105.60260009765625,0.8398616909980774,-1,-1,-1
329,4,3190.08056640625,640.5314331054688,23.520263671875,62.36492919921875,0.5737597346305847,-1,-1,-1
329,45,4047.07373046875,515.9962768554688,19.127685546875,30.8739013671875,0.3083451986312866,-1,-1,-1
329,128,3095.198974609375,516.0990600585938,14.260986328125,30.36474609375,0.30843958258628845,-1,-1,-1
330,1,4395.841796875,833.6810302734375,44.5126953125,117.180908203125,0.6276806592941284,-1,-1,-1
330,108,4484.8935546875,842.1815795898438,37.78466796875,105.539794921875,0.8414589762687683,-1,-1,-1
330,4,3190.754638671875,640.75537109375,22.96875,62.1685791015625,0.5756321549415588,-1,-1,-1
330,128,3095.17919921875,516.0899047851562,14.3876953125,30.4222412109375,0.3020344078540802,-1,-1,-1
331,1,4400.638671875,836.1647338867188,39.66943359375,114.5548095703125,0.6277954578399658,-1,-1,-1
331,108,4485.0283203125,842.1707763671875,37.63818359375,105.50390625,0.8408567309379578,-1,-1,-1
331,4,3191.024169921875,640.9251098632812,22.945556640625,62.10882568359375,0.5907996892929077,-1,-1,-1
331,128,3095.1357421875,516.0377197265625,14.475830078125,30.4638671875,0.2990066409111023,-1,-1,-1
332,1,4403.09814453125,837.7836303710938,37.29638671875,113.0770263671875,0.666586697101593,-1,-1,-1
332,108,4485.0400390625,842.10498046875,37.6318359375,105.501953125,0.8421352505683899,-1,-1,-1
332,4,3191.261474609375,640.904541015625,23.0712890625,62.77862548828125,0.6073541641235352,-1,-1,-1
332,128,3095.202880859375,516.0375366210938,14.416015625,30.45281982421875,0.2902965545654297,-1,-1,-1
333,1,4403.66650390625,839.0078125,36.73876953125,112.73382568359375,0.6835632920265198,-1,-1,-1
333,108,4485.1474609375,842.1358032226562,37.484375,105.45147705078125,0.8431695699691772,-1,-1,-1
333,4,3191.871337890625,641.28125,22.995361328125,63.08367919921875,0.6150184273719788,-1,-1,-1
333,128,3095.29931640625,516.1045532226562,14.35498046875,30.395751953125,0.29110366106033325,-1,-1,-1
334,1,4404.1318359375,840.3819580078125,36.2314453125,111.7684326171875,0.6785960793495178,-1,-1,-1
334,108,4485.2109375,842.1902465820312,37.4111328125,105.39337158203125,0.8440369963645935,-1,-1,-1
334,4,3192.596435546875,642.0650024414062,23.22265625,63.39434814453125,0.6742904186248779,-1,-1,-1
334,128,3095.315673828125,516.0484619140625,14.396728515625,30.53680419921875,0.27995726466178894,-1,-1,-1
335,1,4404.0517578125,841.4584350585938,36.2998046875,111.39813232421875,0.6795373558998108,-1,-1,-1
335,108,4485.39599609375,842.2511596679688,37.21484375,105.38348388671875,0.8439347147941589,-1,-1,-1
335,4,3193.43408203125,643.0497436523438,22.57275390625,63.2073974609375,0.6969175338745117,-1,-1,-1
335,128,3095.357666015625,516.10498046875,14.370849609375,30.47674560546875,0.28656089305877686,-1,-1,-1
336,1,4403.3759765625,841.96923828125,36.94189453125,111.69970703125,0.6797195672988892,-1,-1,-1
336,108,4485.50537109375,842.3275756835938,37.09814453125,105.4105224609375,0.8452954292297363,-1,-1,-1
336,4,3194.017333984375,643.5204467773438,21.934814453125,63.5679931640625,0.6996673345565796,-1,-1,-1
336,128,3095.600341796875,516.1936645507812,14.12158203125,30.36676025390625,0.26404643058776855,-1,-1,-1
337,1,4403.3701171875,842.488525390625,36.89697265625,111.42041015625,0.6452728509902954,-1,-1,-1
337,108,4485.67578125,842.3872680664062,36.93212890625,105.3681640625,0.8467345237731934,-1,-1,-1
337,4,3194.275390625,644.3995971679688,21.68798828125,63.8831787109375,0.7046419978141785,-1,-1,-1
337,128,3095.63818359375,516.2328491210938,14.155029296875,30.37689208984375,0.2558315694332123,-1,-1,-1
338,1,4403.28369140625,842.5586547851562,36.98583984375,111.7667236328125,0.607161283493042,-1,-1,-1
338,108,4485.63427734375,842.4470825195312,37.01025390625,105.3067626953125,0.8456023931503296,-1,-1,-1
338,4,3194.2802734375,644.8370361328125,21.73779296875,64.4307861328125,0.6990309953689575,-1,-1,-1
338,128,3095.63427734375,516.344482421875,14.35009765625,30.26385498046875,0.25147300958633423,-1,-1,-1
339,1,4402.9150390625,842.5220947265625,37.3740234375,113.28521728515625,0.5872434377670288,-1,-1,-1
339,108,4485.45166015625,842.5137939453125,37.2001953125,105.17578125,0.8457266688346863,-1,-1,-1
339,4,3194.548095703125,644.9717407226562,21.5498046875,64.53912353515625,0.7041520476341248,-1,-1,-1
339,128,3095.523681640625,516.388671875,14.666259765625,30.2796630859375,0.2551971673965454,-1,-1,-1
340,1,4401.1044921875,842.3216552734375,39.1826171875,115.02001953125,0.5808197855949402,-1,-1,-1
340,108,4485.2333984375,842.5755004882812,37.46728515625,105.19720458984375,0.8460909724235535,-1,-1,-1
340,4,3194.6767578125,645.4386596679688,21.150146484375,64.49267578125,0.7011452913284302,-1,-1,-1
340,128,3095.43701171875,516.8232421875,14.931396484375,29.84393310546875,0.26061826944351196,-1,-1,-1
341,1,4400.33203125,842.3660278320312,39.87060546875,114.2677001953125,0.5557370781898499,-1,-1,-1
341,108,4485.14501953125,842.6173095703125,37.6787109375,105.09405517578125,0.8433334827423096,-1,-1,-1
341,4,3194.787109375,645.9249877929688,21.896728515625,64.72064208984375,0.730871856212616,-1,-1,-1
341,128,3095.23974609375,517.1438598632812,15.419189453125,29.48675537109375,0.2563300132751465,-1,-1,-1
342,1,4401.37548828125,841.5037841796875,38.7373046875,114.19500732421875,0.5481339693069458,-1,-1,-1
342,108,4484.85302734375,842.6350708007812,38.10693359375,105.1800537109375,0.841386616230011,-1,-1,-1
342,4,3194.91015625,646.5653686523438,21.5166015625,64.32916259765625,0.7293429374694824,-1,-1,-1
343,1,4385.43115234375,839.5521850585938,52.96337890625,114.177490234375,0.54501873254776,-1,-1,-1
343,108,4484.62548828125,842.6112670898438,38.515625,105.28302001953125,0.8417028784751892,-1,-1,-1
343,4,3194.958984375,646.9901733398438,21.2900390625,63.9901123046875,0.7309721112251282,-1,-1,-1
344,1,4390.60693359375,840.679443359375,47.42333984375,114.4169921875,0.5640193819999695,-1,-1,-1
344,108,4484.7451171875,842.638671875,38.68017578125,105.3837890625,0.8398730158805847,-1,-1,-1
344,4,3194.952392578125,647.0198974609375,21.184326171875,64.13153076171875,0.7199951410293579,-1,-1,-1
344,148,3634.218017578125,536.4329833984375,17.47265625,41.691650390625,0.33280426263809204,-1,-1,-1
345,1,4392.16943359375,840.2828979492188,44.7509765625,115.48681640625,0.5560988783836365,-1,-1,-1
345,108,4484.27880859375,842.6593627929688,39.2587890625,105.48272705078125,0.8441150188446045,-1,-1,-1
345,4,3194.7470703125,646.9561767578125,21.7421875,64.97955322265625,0.7226659655570984,-1,-1,-1
345,148,3633.770751953125,535.9407958984375,17.81689453125,42.57855224609375,0.3563668131828308,-1,-1,-1
346,1,4384.2734375,839.16748046875,51.54638671875,114.787109375,0.5464202761650085,-1,-1,-1
346,108,4484.1689453125,842.6701049804688,39.3779296875,105.53631591796875,0.8405871987342834,-1,-1,-1
346,4,3194.4716796875,646.8057250976562,22.360107421875,65.17742919921875,0.7153205275535583,-1,-1,-1
346,148,3635.298828125,536.1612548828125,17.884521484375,41.6119384765625,0.33090147376060486,-1,-1,-1
347,1,4384.39208984375,839.2643432617188,50.78125,113.5518798828125,0.5579262375831604,-1,-1,-1
347,108,4484.29833984375,842.6572875976562,39.22119140625,105.5582275390625,0.8411867618560791,-1,-1,-1
347,4,3193.85302734375,646.912841796875,22.98486328125,65.422119140625,0.7048025131225586,-1,-1,-1
347,148,3636.188720703125,535.8101806640625,17.930419921875,41.68548583984375,0.3498271107673645,-1,-1,-1
348,1,4383.72705078125,839.5254516601562,50.6669921875,112.904296875,0.5498232841491699,-1,-1,-1
348,108,4484.498046875,842.726318359375,38.99609375,105.57696533203125,0.8369979858398438,-1,-1,-1
348,4,3193.721435546875,647.5284423828125,22.877197265625,65.05816650390625,0.6918764710426331,-1,-1,-1
348,148,3636.61328125,535.188232421875,17.822021484375,42.09722900390625,0.3316929042339325,-1,-1,-1
349,1,4380.0478515625,840.2962646484375,53.60693359375,111.92950439453125,0.5605586767196655,-1,-1,-1
349,108,4485.0087890625,842.8473510742188,38.609375,105.55255126953125,0.8315728902816772,-1,-1,-1
349,4,3193.968994140625,648.3175048828125,22.669189453125,65.1602783203125,0.7010754942893982,-1,-1,-1
349,148,3636.880126953125,536.0089111328125,18.274658203125,40.85137939453125,0.36801788210868835,-1,-1,-1
349,128,3095.724853515625,515.908203125,15.485595703125,31.35430908203125,0.26427900791168213,-1,-1,-1
350,1,4387.03515625,839.5516357421875,43.873046875,112.21929931640625,0.5705021619796753,-1,-1,-1
350,108,4485.5966796875,842.9530639648438,38.1357421875,105.4718017578125,0.8248170614242554,-1,-1,-1
350,4,3193.859619140625,649.4739379882812,23.433837890625,66.966796875,0.6977230906486511,-1,-1,-1
350,148,3637.1240234375,536.6197509765625,18.239501953125,40.691162109375,0.349097341299057,-1,-1,-1
350,128,3095.946044921875,515.7767944335938,15.47216796875,31.09442138671875,0.252511203289032,-1,-1,-1
351,1,4385.8056640625,839.1796264648438,42.93310546875,112.71673583984375,0.5857516527175903,-1,-1,-1
351,108,4486.0166015625,843.0654907226562,37.81591796875,105.58917236328125,0.8175618648529053,-1,-1,-1
351,4,3193.636962890625,650.1926879882812,24.200439453125,67.71038818359375,0.6778649091720581,-1,-1,-1
351,148,3637.9501953125,535.92138671875,17.15234375,40.7452392578125,0.39400777220726013,-1,-1,-1
351,128,3096.27880859375,515.6740112304688,15.4560546875,31.03759765625,0.2674531042575836,-1,-1,-1
352,1,4385.6201171875,838.5240478515625,41.34912109375,113.36474609375,0.6444401741027832,-1,-1,-1
352,108,4486.134765625,843.1890869140625,37.89794921875,105.540283203125,0.8171611428260803,-1,-1,-1
352,4,3193.8203125,650.663330078125,24.323486328125,67.57928466796875,0.7071254849433899,-1,-1,-1
352,148,3638.03955078125,534.8703002929688,17.2412109375,41.6866455078125,0.4124411642551422,-1,-1,-1
352,128,3096.490966796875,515.9717407226562,15.549072265625,30.7720947265625,0.30520832538604736,-1,-1,-1
353,1,4385.82958984375,837.942626953125,39.83154296875,113.470947265625,0.6397836804389954,-1,-1,-1
353,108,4486.2109375,843.3572387695312,38.044921875,105.34930419921875,0.810981273651123,-1,-1,-1
353,4,3194.273193359375,651.4237060546875,23.90771484375,66.42718505859375,0.7255890369415283,-1,-1,-1
353,148,3638.251953125,535.0469360351562,17.81982421875,41.15069580078125,0.3156515061855316,-1,-1,-1
353,128,3096.821533203125,515.8636474609375,14.890380859375,30.56622314453125,0.2898945212364197,-1,-1,-1
354,1,4385.04248046875,837.8345336914062,39.70751953125,113.3055419921875,0.6716606020927429,-1,-1,-1
354,108,4486.298828125,843.355712890625,38.35595703125,105.45147705078125,0.8123626708984375,-1,-1,-1
354,4,3194.46337890625,651.4234619140625,23.95361328125,66.5867919921875,0.7372631430625916,-1,-1,-1
354,128,3097.370849609375,515.8734741210938,14.330810546875,30.0211181640625,0.3337762951850891,-1,-1,-1
355,1,4382.49658203125,837.9833374023438,41.51806640625,113.223388671875,0.6830436587333679,-1,-1,-1
355,108,4486.47607421875,843.4727172851562,38.71044921875,105.1253662109375,0.8083099126815796,-1,-1,-1
355,4,3194.333984375,651.0245971679688,24.09228515625,66.20721435546875,0.7104091644287109,-1,-1,-1
355,128,3097.49951171875,515.7325439453125,14.75634765625,29.97491455078125,0.36205270886421204,-1,-1,-1
356,1,4376.994140625,838.5066528320312,45.919921875,112.55670166015625,0.702423095703125,-1,-1,-1
356,108,4486.69091796875,843.6204833984375,38.6845703125,104.95684814453125,0.8021679520606995,-1,-1,-1
356,4,3194.4931640625,651.0767211914062,24.27490234375,65.3150634765625,0.6906716823577881,-1,-1,-1
356,128,3097.9873046875,515.4105224609375,15.031005859375,30.4139404296875,0.3833351135253906,-1,-1,-1
357,1,4377.078125,838.8134765625,44.02490234375,111.92291259765625,0.6844708919525146,-1,-1,-1
357,108,4486.68408203125,843.7499389648438,38.88671875,104.833984375,0.8146005868911743,-1,-1,-1
357,4,3194.598388671875,651.9039916992188,25.269287109375,64.32952880859375,0.7138475179672241,-1,-1,-1
357,128,3098.2265625,515.494873046875,15.27490234375,30.0281982421875,0.3050101697444916,-1,-1,-1
357,148,3639.20751953125,535.3054809570312,18.010986328125,37.2265625,0.2562645673751831,-1,-1,-1
358,1,4376.6611328125,839.2543334960938,42.04638671875,110.71484375,0.6734018921852112,-1,-1,-1
358,108,4486.5595703125,843.8489379882812,39.27587890625,104.98455810546875,0.8177263140678406,-1,-1,-1
358,4,3194.716064453125,652.1751098632812,25.89892578125,64.25091552734375,0.7251495718955994,-1,-1,-1
358,128,3098.778564453125,515.3848876953125,15.30419921875,29.66436767578125,0.29403600096702576,-1,-1,-1
359,1,4374.57666015625,839.9666748046875,41.81689453125,110.0321044921875,0.6462931036949158,-1,-1,-1
359,108,4486.19287109375,843.9635620117188,39.9443359375,105.12274169921875,0.8160743713378906,-1,-1,-1
359,4,3194.935546875,652.4552001953125,26.0634765625,64.09942626953125,0.7264214158058167,-1,-1,-1
359,128,3099.278564453125,515.4461059570312,15.172119140625,29.25946044921875,0.3515591025352478,-1,-1,-1
359,148,3639.65625,535.08544921875,18.50927734375,41.394775390625,0.2738982141017914,-1,-1,-1
360,1,4374.00341796875,839.97900390625,40.46875,109.02935791015625,0.6219368577003479,-1,-1,-1
360,108,4486.08837890625,844.1007080078125,40.6884765625,105.3162841796875,0.8125180006027222,-1,-1,-1
360,4,3195.02734375,652.5284423828125,26.046142578125,63.8228759765625,0.7270833849906921,-1,-1,-1
360,128,3099.51953125,514.6561279296875,15.49755859375,30.0303955078125,0.34057801961898804,-1,-1,-1
361,1,4368.4833984375,840.1796264648438,45.212890625,107.90289306640625,0.59088534116745,-1,-1,-1
361,108,4486.41943359375,844.4144897460938,40.9853515625,105.4803466796875,0.8067079782485962,-1,-1,-1
361,4,3195.019775390625,652.3899536132812,26.073974609375,64.09912109375,0.7294555902481079,-1,-1,-1
361,128,3099.79052734375,514.0615844726562,16.463134765625,30.52520751953125,0.2681880295276642,-1,-1,-1
362,1,4369.00439453125,840.0662231445312,43.998046875,107.60772705078125,0.5599315762519836,-1,-1,-1
362,108,4486.68505859375,844.9044799804688,41.8984375,106.07135009765625,0.7989250421524048,-1,-1,-1
362,4,3195.0,652.4173583984375,26.196533203125,65.3043212890625,0.7367206811904907,-1,-1,-1
362,128,3101.12255859375,514.5560913085938,16.982421875,30.71759033203125,0.3008526861667633,-1,-1,-1
363,1,4353.86083984375,839.087646484375,57.10595703125,109.2529296875,0.603615939617157,-1,-1,-1
363,108,4486.98193359375,845.29736328125,42.6484375,106.11187744140625,0.7942748069763184,-1,-1,-1
363,4,3194.99560546875,652.5011596679688,26.02294921875,66.58892822265625,0.7440130710601807,-1,-1,-1
364,1,4348.369140625,838.2252807617188,61.40283203125,110.84173583984375,0.6679470539093018,-1,-1,-1
364,108,4486.8994140625,845.2261352539062,43.6728515625,105.86102294921875,0.7843640446662903,-1,-1,-1
364,4,3194.933837890625,652.7129516601562,25.817138671875,66.8551025390625,0.7381892204284668,-1,-1,-1
364,128,3101.9345703125,515.3634033203125,17.464599609375,30.0653076171875,0.3079685568809509,-1,-1,-1
365,1,4345.25048828125,837.635009765625,63.65576171875,111.57958984375,0.7128335237503052,-1,-1,-1
365,108,4487.1806640625,845.1842651367188,44.47802734375,105.82513427734375,0.7705983519554138,-1,-1,-1
365,4,3194.767822265625,652.7277221679688,25.868896484375,66.8341064453125,0.7214238047599792,-1,-1,-1
365,128,3102.428955078125,515.6755981445312,17.55908203125,28.78173828125,0.34571704268455505,-1,-1,-1
366,1,4345.03857421875,837.6929321289062,62.9873046875,111.22467041015625,0.709954023361206,-1,-1,-1
366,108,4487.7919921875,844.50634765625,46.06201171875,107.9588623046875,0.7803398370742798,-1,-1,-1
366,4,3194.79150390625,652.8472900390625,24.588623046875,67.41680908203125,0.7313286066055298,-1,-1,-1
366,128,3102.8671875,515.5047607421875,17.0556640625,29.67376708984375,0.38216373324394226,-1,-1,-1
367,1,4349.33984375,837.4015502929688,58.92431640625,112.0302734375,0.7254858016967773,-1,-1,-1
367,108,4489.46875,844.1038208007812,45.8740234375,108.7646484375,0.7920631766319275,-1,-1,-1
367,4,3194.555419921875,652.8253784179688,23.797119140625,67.75396728515625,0.7282356023788452,-1,-1,-1
367,128,3103.53759765625,515.14111328125,16.2294921875,30.2274169921875,0.41358792781829834,-1,-1,-1
368,1,4349.7578125,837.7904052734375,58.0625,112.00201416015625,0.7347070574760437,-1,-1,-1
368,108,4490.205078125,844.65380859375,46.46484375,108.4111328125,0.7850956320762634,-1,-1,-1
368,4,3193.944091796875,652.8499755859375,23.715576171875,69.155029296875,0.7221032381057739,-1,-1,-1
368,128,3104.6123046875,514.4110717773438,15.374755859375,31.72100830078125,0.4313541054725647,-1,-1,-1
369,1,4350.28759765625,838.582275390625,56.77294921875,110.72955322265625,0.7066787481307983,-1,-1,-1
369,108,4490.65576171875,845.0673828125,47.02099609375,108.1614990234375,0.7816226482391357,-1,-1,-1
369,4,3193.409912109375,652.7787475585938,24.27099609375,70.58001708984375,0.7202983498573303,-1,-1,-1
369,128,3106.05029296875,514.2720947265625,14.822509765625,30.94232177734375,0.422096312046051,-1,-1,-1
370,1,4351.01025390625,838.5375366210938,55.74658203125,111.21337890625,0.6720739603042603,-1,-1,-1
370,108,4491.119140625,845.5322265625,47.2529296875,107.92901611328125,0.7800644040107727,-1,-1,-1
370,4,3193.002197265625,652.6531372070312,23.726318359375,71.89727783203125,0.723341166973114,-1,-1,-1
370,128,3106.310546875,515.3195190429688,15.509765625,28.82659912109375,0.4023398160934448,-1,-1,-1
371,1,4347.91259765625,838.6240844726562,55.7021484375,110.24737548828125,0.65702885389328,-1,-1,-1
371,108,4491.8837890625,846.7152099609375,47.27197265625,106.6917724609375,0.7776090502738953,-1,-1,-1
371,4,3192.341552734375,652.9436645507812,23.218994140625,71.48199462890625,0.6912142038345337,-1,-1,-1
371,128,3106.40625,516.0446166992188,16.059814453125,28.4884033203125,0.42197126150131226,-1,-1,-1
372,1,4345.70556640625,837.6151733398438,56.478515625,110.88812255859375,0.6573503017425537,-1,-1,-1
372,108,4492.51904296875,847.362548828125,47.63525390625,106.57354736328125,0.7836669087409973,-1,-1,-1
372,4,3191.1806640625,653.1177368164062,22.99560546875,71.419677734375,0.6557713150978088,-1,-1,-1
372,128,3106.936767578125,516.4585571289062,15.88671875,28.6123046875,0.4375240206718445,-1,-1,-1
373,1,4344.2626953125,835.9720458984375,57.396484375,112.3494873046875,0.6607950329780579,-1,-1,-1
373,108,4492.87744140625,847.8470458984375,48.64208984375,106.2095947265625,0.8117446303367615,-1,-1,-1
373,4,3189.9638671875,653.7703247070312,23.881591796875,70.661865234375,0.6625469326972961,-1,-1,-1
373,128,3108.1767578125,515.8709106445312,16.0947265625,29.54754638671875,0.38178685307502747,-1,-1,-1
374,1,4343.43505859375,834.98291015625,57.09033203125,112.54388427734375,0.6905160546302795,-1,-1,-1
374,108,4493.1455078125,847.9227294921875,49.75,106.73272705078125,0.8300419449806213,-1,-1,-1
374,4,3188.89794921875,654.5560913085938,24.697998046875,69.7874755859375,0.6620936989784241,-1,-1,-1
374,128,3108.479248046875,516.3316650390625,17.193115234375,28.61065673828125,0.3219698667526245,-1,-1,-1
375,1,4342.81494140625,833.802490234375,55.6943359375,113.1064453125,0.6786457896232605,-1,-1,-1
375,108,4493.845703125,848.733642578125,50.3876953125,107.6549072265625,0.825667142868042,-1,-1,-1
375,4,3187.865966796875,655.0410766601562,25.4619140625,68.79461669921875,0.6264898777008057,-1,-1,-1
375,128,3108.928466796875,516.423583984375,17.140625,27.51153564453125,0.3001686930656433,-1,-1,-1
376,1,4341.0771484375,833.5942993164062,56.6533203125,113.020751953125,0.701415479183197,-1,-1,-1
376,108,4494.708984375,849.9613037109375,50.5625,107.6605224609375,0.8331319093704224,-1,-1,-1
376,4,3187.2451171875,655.38818359375,26.03173828125,69.94622802734375,0.6327553391456604,-1,-1,-1
376,128,3109.69384765625,516.0283203125,16.28759765625,28.15863037109375,0.32294416427612305,-1,-1,-1
377,1,4339.47705078125,832.7200927734375,55.03466796875,113.5181884765625,0.6888480186462402,-1,-1,-1
377,108,4494.232421875,850.4481811523438,52.12646484375,107.96575927734375,0.8370580077171326,-1,-1,-1
377,4,3186.911865234375,655.8902587890625,25.831298828125,70.46954345703125,0.6212968230247498,-1,-1,-1
377,128,3110.2578125,514.7206420898438,16.577392578125,29.72503662109375,0.28481507301330566,-1,-1,-1
378,1,4337.54296875,831.7758178710938,54.21435546875,114.05816650390625,0.721014678478241,-1,-1,-1
378,108,4494.56884765625,850.94482421875,53.37353515625,108.07171630859375,0.8230916261672974,-1,-1,-1
378,4,3185.896240234375,655.5527954101562,26.859375,71.93212890625,0.6449270844459534,-1,-1,-1
378,128,3110.872802734375,514.3623046875,17.609375,29.86669921875,0.2611102759838104,-1,-1,-1
379,1,4335.7119140625,831.09765625,53.69482421875,114.269775390625,0.6891754865646362,-1,-1,-1
379,108,4494.39404296875,850.41162109375,55.30322265625,109.0462646484375,0.8102800250053406,-1,-1,-1
379,4,3184.023681640625,656.3897705078125,28.830322265625,73.034423828125,0.569832444190979,-1,-1,-1
380,1,4335.10107421875,831.0491333007812,51.8134765625,114.54833984375,0.721980631351471,-1,-1,-1
380,108,4494.5615234375,849.8264770507812,56.7822265625,109.38043212890625,0.7773787975311279,-1,-1,-1
380,4,3183.0703125,657.4012451171875,29.7314453125,72.29351806640625,0.5411476492881775,-1,-1,-1
381,1,4336.62939453125,829.7066040039062,49.701171875,115.0274658203125,0.7035126686096191,-1,-1,-1
381,108,4495.19775390625,849.2127685546875,57.2109375,109.8443603515625,0.7628216743469238,-1,-1,-1
381,4,3182.31103515625,657.591064453125,30.3056640625,72.59527587890625,0.5060605406761169,-1,-1,-1
382,1,4338.89599609375,829.6376342773438,44.5888671875,113.6785888671875,0.6966282725334167,-1,-1,-1
382,108,4496.3056640625,849.4253540039062,56.94970703125,109.88970947265625,0.77145916223526,-1,-1,-1
382,4,3180.6123046875,656.848876953125,28.95654296875,73.94036865234375,0.5188015699386597,-1,-1,-1
383,1,4336.4521484375,829.2474975585938,44.24169921875,112.15460205078125,0.6660146713256836,-1,-1,-1
383,108,4497.49609375,849.781982421875,57.26953125,109.9385986328125,0.7860409021377563,-1,-1,-1
383,4,3180.052734375,657.4727783203125,27.408203125,73.7119140625,0.5652512907981873,-1,-1,-1
384,1,4335.88232421875,827.8690185546875,43.35498046875,114.14361572265625,0.6543105840682983,-1,-1,-1
384,108,4498.8486328125,850.1752319335938,57.580078125,109.7418212890625,0.7940506339073181,-1,-1,-1
384,4,3179.880615234375,657.8525390625,26.205322265625,72.46240234375,0.6027168035507202,-1,-1,-1
384,128,3115.8740234375,513.0833740234375,15.933837890625,29.23272705078125,0.28060731291770935,-1,-1,-1
385,1,4330.35400390625,825.488037109375,47.39111328125,116.106689453125,0.6498281359672546,-1,-1,-1
385,108,4501.1103515625,850.1577758789062,57.0810546875,110.14599609375,0.7896373271942139,-1,-1,-1
385,4,3179.717529296875,657.462890625,25.52978515625,72.825439453125,0.709004282951355,-1,-1,-1
385,128,3116.283447265625,513.1512451171875,15.720458984375,28.62060546875,0.2710125148296356,-1,-1,-1
386,1,4328.1142578125,825.6139526367188,48.1767578125,115.865966796875,0.6503452658653259,-1,-1,-1
386,108,4504.5791015625,850.4103393554688,56.49169921875,110.34027099609375,0.7643136978149414,-1,-1,-1
386,4,3178.837158203125,657.3612060546875,25.30322265625,73.08990478515625,0.7813791632652283,-1,-1,-1
387,1,4333.33447265625,827.0711669921875,40.833984375,111.5133056640625,0.6584165096282959,-1,-1,-1
387,108,4508.7158203125,851.079833984375,54.263671875,110.24932861328125,0.740614652633667,-1,-1,-1
387,4,3178.138671875,657.9105224609375,24.906982421875,72.07098388671875,0.767646312713623,-1,-1,-1
387,128,3117.16357421875,512.7919311523438,14.942138671875,29.00299072265625,0.275470495223999,-1,-1,-1
388,1,4331.89111328125,828.0969848632812,39.8701171875,109.2608642578125,0.691063642501831,-1,-1,-1
388,108,4512.88818359375,849.8910522460938,52.197265625,111.1634521484375,0.7362555265426636,-1,-1,-1
388,4,3177.812744140625,658.3350830078125,25.16015625,71.55029296875,0.7700352668762207,-1,-1,-1
388,128,3117.681396484375,512.5803833007812,14.587158203125,29.16082763671875,0.27291229367256165,-1,-1,-1
389,1,4322.73583984375,827.30029296875,49.12060546875,109.08416748046875,0.701125979423523,-1,-1,-1
389,108,4517.8671875,851.289306640625,49.8916015625,111.0616455078125,0.7578983306884766,-1,-1,-1
389,4,3177.355224609375,658.6563720703125,26.134521484375,73.006591796875,0.7706984281539917,-1,-1,-1
389,128,3117.957763671875,512.5818481445312,14.41357421875,29.6654052734375,0.26289886236190796,-1,-1,-1
390,1,4318.33544921875,827.8207397460938,52.1171875,108.04864501953125,0.6793690323829651,-1,-1,-1
390,108,4520.208984375,852.231689453125,49.05322265625,110.14501953125,0.7661092877388,-1,-1,-1
390,4,3176.753662109375,658.9691162109375,26.476318359375,73.3385009765625,0.773432731628418,-1,-1,-1
390,128,3118.189697265625,512.547607421875,14.36181640625,29.94793701171875,0.26282456517219543,-1,-1,-1
391,1,4314.57421875,826.6405639648438,55.46337890625,108.97430419921875,0.7124178409576416,-1,-1,-1
391,108,4522.23193359375,853.1386108398438,48.33154296875,108.60186767578125,0.7962669730186462,-1,-1,-1
391,4,3175.9375,659.1594848632812,27.06494140625,74.0126953125,0.7817348837852478,-1,-1,-1
391,128,3118.11328125,512.6852416992188,15.081787109375,30.517822265625,0.2653944492340088,-1,-1,-1
392,1,4311.08203125,826.3522338867188,58.17626953125,108.96759033203125,0.7129971385002136,-1,-1,-1
392,108,4524.26806640625,853.5029907226562,47.37451171875,109.33099365234375,0.8288546800613403,-1,-1,-1
392,4,3175.4326171875,659.231689453125,26.90625,73.56463623046875,0.7865652441978455,-1,-1,-1
393,1,4308.70263671875,827.1498413085938,59.1435546875,108.28070068359375,0.7274293303489685,-1,-1,-1
393,108,4527.15185546875,854.0982055664062,46.08447265625,109.9202880859375,0.8122867345809937,-1,-1,-1
393,4,3174.869873046875,659.472900390625,27.044921875,74.2403564453125,0.7727498412132263,-1,-1,-1
393,128,3118.76513671875,511.9811096191406,14.72705078125,31.868499755859375,0.27919691801071167,-1,-1,-1
394,1,4308.00830078125,826.9871215820312,57.8271484375,108.19049072265625,0.7204685211181641,-1,-1,-1
394,108,4530.0,854.9637451171875,46.6474609375,110.43231201171875,0.8096284866333008,-1,-1,-1
394,4,3174.564453125,659.7456665039062,27.383056640625,74.1446533203125,0.7560790777206421,-1,-1,-1
394,128,3119.45166015625,511.72796630859375,14.562744140625,32.3582763671875,0.2822401523590088,-1,-1,-1
395,1,4306.81298828125,827.1878662109375,58.47998046875,109.24273681640625,0.7146837711334229,-1,-1,-1
395,108,4531.5283203125,855.783935546875,49.19970703125,111.30377197265625,0.8349820375442505,-1,-1,-1
395,4,3174.471923828125,660.3676147460938,26.88671875,73.60076904296875,0.7581358551979065,-1,-1,-1
395,128,3119.80615234375,512.061279296875,14.408935546875,32.06744384765625,0.2837432026863098,-1,-1,-1
396,1,4306.16259765625,826.0379028320312,56.384765625,110.91937255859375,0.7165576219558716,-1,-1,-1
396,108,4531.83984375,856.3251342773438,52.375,111.49468994140625,0.8493148684501648,-1,-1,-1
396,4,3174.1337890625,660.6677856445312,26.1201171875,73.32025146484375,0.7647550702095032,-1,-1,-1
396,128,3120.18896484375,513.5765991210938,14.216064453125,30.56671142578125,0.2579973340034485,-1,-1,-1
397,1,4306.23046875,825.4759521484375,53.73193359375,110.65618896484375,0.7410145401954651,-1,-1,-1
397,108,4530.44091796875,857.592041015625,56.72607421875,110.69921875,0.835207462310791,-1,-1,-1
397,4,3173.7802734375,660.6636962890625,26.4716796875,73.2972412109375,0.7855983376502991,-1,-1,-1
397,128,3120.221435546875,513.9203491210938,14.232177734375,30.12811279296875,0.2681700885295868,-1,-1,-1
398,1,4306.2685546875,825.4571533203125,51.73828125,110.0743408203125,0.7342126369476318,-1,-1,-1
398,108,4529.50634765625,858.7095336914062,61.5712890625,111.560791015625,0.7837173342704773,-1,-1,-1
398,4,3173.3994140625,660.5714721679688,26.4521484375,73.514404296875,0.782569169998169,-1,-1,-1
398,128,3120.85595703125,513.3031616210938,13.944580078125,30.84991455078125,0.28528910875320435,-1,-1,-1
399,1,4306.1708984375,825.4071044921875,49.96484375,109.04779052734375,0.7280443906784058,-1,-1,-1
399,108,4529.05810546875,859.1869506835938,64.18359375,112.2711181640625,0.7686960697174072,-1,-1,-1
399,4,3173.347900390625,661.0213623046875,26.185791015625,73.1446533203125,0.770952045917511,-1,-1,-1
399,128,3121.24560546875,513.0020141601562,13.874755859375,31.20245361328125,0.28382015228271484,-1,-1,-1
400,1,4305.6513671875,825.8971557617188,48.69140625,107.63873291015625,0.7217549085617065,-1,-1,-1
400,108,4528.087890625,860.0177001953125,66.2275390625,111.17242431640625,0.7439777851104736,-1,-1,-1
400,4,3173.35205078125,661.2520141601562,25.388427734375,72.4715576171875,0.752147376537323,-1,-1,-1
400,128,3121.390380859375,512.8290405273438,13.80517578125,31.4285888671875,0.2751728892326355,-1,-1,-1
401,1,4302.76171875,826.7394409179688,49.76318359375,106.255859375,0.723613977432251,-1,-1,-1
401,108,4528.67138671875,860.3252563476562,66.6689453125,110.53021240234375,0.740115225315094,-1,-1,-1
401,4,3172.783203125,662.1907958984375,25.166748046875,71.5767822265625,0.7573234438896179,-1,-1,-1
401,128,3121.525390625,512.4937744140625,13.91845703125,31.80828857421875,0.2813957631587982,-1,-1,-1
402,1,4300.78125,827.0072021484375,48.0625,105.15582275390625,0.7536317110061646,-1,-1,-1
402,108,4529.2626953125,861.6676025390625,67.69677734375,108.708251953125,0.7333818674087524,-1,-1,-1
402,4,3171.712158203125,662.7774047851562,25.318115234375,71.14215087890625,0.7784549593925476,-1,-1,-1
402,128,3121.51220703125,512.175048828125,14.084228515625,32.19293212890625,0.27882692217826843,-1,-1,-1
403,1,4299.6181640625,826.6182250976562,46.8681640625,104.7979736328125,0.7684047818183899,-1,-1,-1
403,108,4533.07373046875,862.4318237304688,65.3056640625,107.79473876953125,0.7393452525138855,-1,-1,-1
403,4,3170.47265625,662.8618774414062,25.518310546875,70.5679931640625,0.7698211073875427,-1,-1,-1
403,128,3121.51025390625,511.72076416015625,14.289306640625,32.71234130859375,0.2808888852596283,-1,-1,-1
404,1,4297.1083984375,826.60009765625,47.373046875,104.6953125,0.7679578065872192,-1,-1,-1
404,108,4537.62890625,862.7571411132812,61.86767578125,108.7626953125,0.741960346698761,-1,-1,-1
404,4,3169.529052734375,663.1494750976562,26.05419921875,70.68994140625,0.7713128328323364,-1,-1,-1
404,128,3121.484619140625,511.45068359375,14.472900390625,33.0230712890625,0.2705517113208771,-1,-1,-1
405,1,4294.08447265625,825.8001098632812,48.681640625,106.13690185546875,0.779523491859436,-1,-1,-1
405,108,4542.78271484375,863.8603515625,58.6728515625,109.07171630859375,0.7277814149856567,-1,-1,-1
405,4,3168.681396484375,663.733642578125,25.99462890625,70.7247314453125,0.744751513004303,-1,-1,-1
405,180,3655.353271484375,538.7172241210938,19.935791015625,39.53509521484375,0.3322548270225525,-1,-1,-1
406,1,4292.56103515625,825.4956665039062,49.19091796875,106.79034423828125,0.7814156413078308,-1,-1,-1
406,108,4548.056640625,863.8294677734375,55.88525390625,108.76629638671875,0.7493570446968079,-1,-1,-1
406,4,3167.760986328125,664.23583984375,25.450439453125,70.842529296875,0.7384777069091797,-1,-1,-1
406,180,3655.92626953125,538.3141479492188,19.370849609375,39.7955322265625,0.3528535068035126,-1,-1,-1
407,1,4291.9755859375,825.7455444335938,49.0400390625,106.32977294921875,0.7756300568580627,-1,-1,-1
407,108,4551.2626953125,864.2372436523438,54.54931640625,107.75958251953125,0.7413586378097534,-1,-1,-1
407,4,3165.863525390625,664.319580078125,26.9208984375,71.20147705078125,0.7668907046318054,-1,-1,-1
407,180,3656.99853515625,538.4613037109375,18.26220703125,38.7718505859375,0.36054521799087524,-1,-1,-1
408,1,4291.3583984375,825.3046875,48.86962890625,106.63720703125,0.776320219039917,-1,-1,-1
408,108,4554.61865234375,864.2999877929688,53.1748046875,110.01519775390625,0.7142489552497864,-1,-1,-1
408,4,3163.17138671875,664.7448120117188,29.617919921875,71.1614990234375,0.7402281761169434,-1,-1,-1
408,180,3657.486328125,537.8436889648438,17.823974609375,39.2779541015625,0.36303356289863586,-1,-1,-1
409,1,4290.47705078125,824.5891723632812,48.69189453125,106.8587646484375,0.7760375142097473,-1,-1,-1
409,108,4558.31298828125,864.746337890625,51.62939453125,111.30255126953125,0.7146885395050049,-1,-1,-1
409,4,3160.900634765625,665.3423461914062,30.234619140625,71.31707763671875,0.7168040871620178,-1,-1,-1
409,180,3657.718017578125,537.1320190429688,17.71533203125,40.0438232421875,0.36999648809432983,-1,-1,-1
410,1,4288.5126953125,823.638427734375,49.45166015625,108.04168701171875,0.7824478149414062,-1,-1,-1
410,108,4562.07763671875,864.2711791992188,52.556640625,108.71990966796875,0.7148141264915466,-1,-1,-1
410,4,3159.587890625,665.7633056640625,30.704345703125,70.84027099609375,0.7041269540786743,-1,-1,-1
410,180,3658.213623046875,536.7855224609375,17.731689453125,40.22662353515625,0.35035887360572815,-1,-1,-1
410,128,3122.7626953125,510.3986511230469,13.492919921875,35.165985107421875,0.2504618167877197,-1,-1,-1
411,1,4287.57568359375,822.6336059570312,48.7958984375,108.9024658203125,0.7969084978103638,-1,-1,-1
411,108,4564.92724609375,864.5769653320312,54.07470703125,108.73834228515625,0.7064411640167236,-1,-1,-1
411,4,3159.0576171875,666.8237915039062,30.394775390625,69.57720947265625,0.6790443062782288,-1,-1,-1
411,180,3658.525634765625,536.8226318359375,17.87841796875,39.866943359375,0.3364512324333191,-1,-1,-1
412,1,4286.40283203125,821.5068359375,48.54541015625,109.7867431640625,0.7953763604164124,-1,-1,-1
412,108,4568.35791015625,864.5975952148438,54.009765625,114.9091796875,0.7061759829521179,-1,-1,-1
412,4,3158.3515625,667.0805053710938,30.279541015625,69.7076416015625,0.6658915877342224,-1,-1,-1
412,180,3658.774658203125,536.7206420898438,18.012451171875,39.8775634765625,0.32416677474975586,-1,-1,-1
413,1,4284.88916015625,820.6370239257812,48.78759765625,110.20001220703125,0.7951026558876038,-1,-1,-1
413,108,4571.583984375,864.7066650390625,54.7294921875,120.379638671875,0.7332350611686707,-1,-1,-1
413,4,3157.095703125,666.7384643554688,30.737548828125,70.715087890625,0.6778852343559265,-1,-1,-1
413,180,3659.213134765625,536.7958374023438,17.83349609375,40.8385009765625,0.36182841658592224,-1,-1,-1
414,1,4284.72119140625,819.7136840820312,47.78466796875,110.4013671875,0.7774742841720581,-1,-1,-1
414,108,4573.125,865.4177856445312,55.9619140625,124.482421875,0.7211525440216064,-1,-1,-1
414,4,3156.610107421875,666.9069213867188,30.235107421875,70.77362060546875,0.657592236995697,-1,-1,-1
414,180,3659.73583984375,537.1529541015625,17.84765625,40.62109375,0.3549851179122925,-1,-1,-1
415,1,4282.6767578125,819.2117309570312,49.16943359375,110.45355224609375,0.7633215188980103,-1,-1,-1
415,108,4573.84375,865.3021850585938,59.00341796875,128.5128173828125,0.7169161438941956,-1,-1,-1
415,4,3155.8232421875,665.259521484375,29.601318359375,72.67071533203125,0.6327663064002991,-1,-1,-1
415,180,3660.2568359375,537.4583129882812,18.094482421875,40.01275634765625,0.32000216841697693,-1,-1,-1
416,1,4282.12060546875,818.9010620117188,49.50439453125,110.3134765625,0.773956835269928,-1,-1,-1
416,108,4572.03662109375,865.9066162109375,63.6630859375,126.60992431640625,0.7156720161437988,-1,-1,-1
416,4,3154.574462890625,664.206787109375,30.4208984375,73.8026123046875,0.650246262550354,-1,-1,-1
416,180,3660.615234375,537.388427734375,18.35888671875,39.3612060546875,0.3068787753582001,-1,-1,-1
417,1,4281.3740234375,818.5776977539062,49.61279296875,109.81512451171875,0.7711238861083984,-1,-1,-1
417,108,4571.623046875,866.60400390625,67.12158203125,126.71063232421875,0.7400379776954651,-1,-1,-1
417,4,3153.740478515625,664.660400390625,30.967041015625,73.4820556640625,0.6283398866653442,-1,-1,-1
417,180,3660.586669921875,537.4817504882812,18.737060546875,38.63275146484375,0.2801046669483185,-1,-1,-1
418,1,4280.4833984375,818.1070556640625,49.61083984375,109.59930419921875,0.7796998023986816,-1,-1,-1
418,108,4573.7763671875,867.7918090820312,64.83544921875,123.106201171875,0.749895453453064,-1,-1,-1
418,4,3153.248046875,665.0850219726562,31.011962890625,72.988525390625,0.6141785383224487,-1,-1,-1
418,180,3660.568603515625,537.2576904296875,19.0205078125,38.53326416015625,0.2798641324043274,-1,-1,-1
419,1,4279.8544921875,818.0146484375,49.421875,109.36102294921875,0.7586316466331482,-1,-1,-1
419,108,4573.12939453125,868.3507690429688,68.685546875,125.0037841796875,0.7532281279563904,-1,-1,-1
419,4,3153.0244140625,665.274658203125,29.404541015625,72.83856201171875,0.574569046497345,-1,-1,-1
419,180,3660.26513671875,536.9385986328125,19.410400390625,38.65106201171875,0.26293736696243286,-1,-1,-1
420,1,4279.45703125,818.7479248046875,48.98681640625,109.13140869140625,0.7521057724952698,-1,-1,-1
420,108,4573.38232421875,868.9739379882812,71.43310546875,125.9813232421875,0.7618408799171448,-1,-1,-1
420,4,3152.853759765625,665.7252807617188,27.66064453125,72.5224609375,0.5354648232460022,-1,-1,-1
420,180,3660.428466796875,537.075927734375,19.44287109375,38.7933349609375,0.2866329252719879,-1,-1,-1
421,1,4278.88720703125,818.950439453125,48.927734375,107.75408935546875,0.7655476927757263,-1,-1,-1
421,108,4575.03759765625,868.5387573242188,70.87744140625,126.5999755859375,0.7802610397338867,-1,-1,-1
421,4,3152.316162109375,666.78955078125,27.42529296875,71.88909912109375,0.5448427796363831,-1,-1,-1
421,180,3661.2470703125,537.2067260742188,19.144775390625,39.15966796875,0.35440927743911743,-1,-1,-1
422,1,4276.9990234375,818.8170166015625,49.90283203125,108.49664306640625,0.7896602153778076,-1,-1,-1
422,108,4576.41259765625,869.0353393554688,71.125,126.09442138671875,0.7784883379936218,-1,-1,-1
422,4,3151.952392578125,667.4326171875,27.17724609375,71.10418701171875,0.5563130378723145,-1,-1,-1
422,180,3662.159912109375,537.1115112304688,18.328857421875,39.77435302734375,0.41085749864578247,-1,-1,-1
423,1,4276.25244140625,818.7542724609375,49.44873046875,107.64080810546875,0.777546226978302,-1,-1,-1
423,108,4578.11767578125,869.4362182617188,71.49658203125,125.4542236328125,0.7752398252487183,-1,-1,-1
423,4,3152.421142578125,667.1663208007812,26.120849609375,70.28118896484375,0.5175672173500061,-1,-1,-1
423,180,3662.448974609375,536.6487426757812,19.0791015625,40.560302734375,0.40087947249412537,-1,-1,-1
424,1,4274.73583984375,818.5076904296875,50.419921875,107.6732177734375,0.7821002006530762,-1,-1,-1
424,108,4584.595703125,870.2490234375,66.484375,124.42120361328125,0.7855076789855957,-1,-1,-1
424,4,3152.150146484375,668.8473510742188,26.00830078125,68.1348876953125,0.47917115688323975,-1,-1,-1
424,180,3662.416259765625,536.746337890625,19.010986328125,39.9989013671875,0.3477966785430908,-1,-1,-1
425,1,4273.79052734375,818.2395629882812,50.759765625,106.79534912109375,0.7801309823989868,-1,-1,-1
425,108,4595.64794921875,870.9129638671875,56.91015625,123.8154296875,0.7797623872756958,-1,-1,-1
425,4,3151.23779296875,670.05419921875,26.14453125,67.04425048828125,0.4419056177139282,-1,-1,-1
425,180,3662.81689453125,536.7207641601562,18.66015625,38.8480224609375,0.30157169699668884,-1,-1,-1
426,1,4272.84228515625,816.8167114257812,51.3251953125,108.0963134765625,0.7770815491676331,-1,-1,-1
426,108,4602.828125,871.2071533203125,50.77099609375,124.9365234375,0.7679430246353149,-1,-1,-1
426,4,3150.0078125,670.0228271484375,26.8037109375,67.13116455078125,0.3434661328792572,-1,-1,-1
426,180,3663.357666015625,536.52294921875,18.142333984375,39.349609375,0.3554597496986389,-1,-1,-1
427,1,4271.2802734375,816.3609008789062,51.814453125,107.841796875,0.7579739093780518,-1,-1,-1
427,108,4607.73779296875,871.7671508789062,47.81982421875,123.3663330078125,0.7348881363868713,-1,-1,-1
427,4,3148.72216796875,669.9284057617188,27.574951171875,68.49932861328125,0.45348936319351196,-1,-1,-1
427,180,3664.526123046875,536.5708618164062,17.554931640625,39.32818603515625,0.34215131402015686,-1,-1,-1
428,1,4270.8125,816.3963623046875,51.49951171875,106.48199462890625,0.7480310797691345,-1,-1,-1
428,108,4612.9912109375,872.3079833984375,45.43994140625,122.00518798828125,0.7374217510223389,-1,-1,-1
428,4,3148.0693359375,670.4212036132812,27.2578125,69.52374267578125,0.4612043499946594,-1,-1,-1
428,180,3665.249267578125,536.6571044921875,17.56005859375,38.89990234375,0.28534257411956787,-1,-1,-1
429,1,4271.11279296875,816.6246337890625,50.80322265625,105.35565185546875,0.7401196956634521,-1,-1,-1
429,108,4616.896484375,872.0905151367188,44.10986328125,122.32232666015625,0.7614598274230957,-1,-1,-1
429,4,3147.22900390625,670.6900024414062,27.048095703125,70.40771484375,0.5043269395828247,-1,-1,-1
430,1,4271.20166015625,816.308349609375,50.80224609375,104.66717529296875,0.75066739320755,-1,-1,-1
430,108,4619.21826171875,872.9188842773438,44.8046875,124.0364990234375,0.7813980579376221,-1,-1,-1
430,4,3146.51904296875,670.818603515625,27.307373046875,71.87103271484375,0.5639362931251526,-1,-1,-1
431,1,4270.189453125,815.5438842773438,51.95703125,104.1705322265625,0.7597363591194153,-1,-1,-1
431,108,4620.474609375,873.747314453125,47.361328125,123.71942138671875,0.7793572545051575,-1,-1,-1
431,4,3145.952392578125,670.86767578125,26.697265625,71.76123046875,0.6190003156661987,-1,-1,-1
432,1,4269.90869140625,814.6519165039062,52.2490234375,105.03839111328125,0.7535659074783325,-1,-1,-1
432,108,4621.1123046875,875.089599609375,50.4892578125,122.22723388671875,0.757486879825592,-1,-1,-1
432,4,3145.21142578125,670.9214477539062,26.17626953125,73.12310791015625,0.651447057723999,-1,-1,-1
433,1,4269.154296875,813.6219482421875,52.7529296875,105.68780517578125,0.743000328540802,-1,-1,-1
433,108,4621.8779296875,873.1995239257812,51.67236328125,124.393310546875,0.777229905128479,-1,-1,-1
433,4,3144.42333984375,671.1737670898438,25.555908203125,74.03668212890625,0.7046229839324951,-1,-1,-1
434,1,4269.318359375,813.12353515625,52.451171875,104.78021240234375,0.7322838306427002,-1,-1,-1
434,108,4622.74462890625,872.8224487304688,53.4638671875,124.77813720703125,0.7866380214691162,-1,-1,-1
434,4,3143.147705078125,670.9876708984375,25.857666015625,74.81256103515625,0.7247211337089539,-1,-1,-1
434,180,3666.12158203125,535.46875,18.72802734375,41.3238525390625,0.2741842269897461,-1,-1,-1
435,1,4268.03466796875,812.8277587890625,53.337890625,104.6517333984375,0.7332927584648132,-1,-1,-1
435,108,4621.68505859375,875.7808837890625,58.9560546875,121.743408203125,0.7844096422195435,-1,-1,-1
435,4,3142.307373046875,670.8819580078125,25.709228515625,75.4371337890625,0.7097867727279663,-1,-1,-1
435,180,3666.13525390625,535.2991943359375,18.999755859375,41.97503662109375,0.2780122756958008,-1,-1,-1
436,1,4268.3203125,812.9850463867188,52.42236328125,103.7685546875,0.717615008354187,-1,-1,-1
436,108,4621.607421875,877.1568603515625,62.76953125,120.63653564453125,0.7993518114089966,-1,-1,-1
436,4,3141.289306640625,671.117431640625,25.839111328125,75.91717529296875,0.6787744760513306,-1,-1,-1
436,180,3666.093017578125,535.064453125,19.239501953125,42.69537353515625,0.27929699420928955,-1,-1,-1
437,1,4268.96337890625,812.6514892578125,51.44921875,104.60516357421875,0.7394922375679016,-1,-1,-1
437,108,4621.2607421875,878.363037109375,66.716796875,119.6275634765625,0.7891066074371338,-1,-1,-1
437,4,3140.479736328125,670.8896484375,26.3017578125,76.166259765625,0.7125055193901062,-1,-1,-1
437,180,3666.42822265625,534.969482421875,20.13818359375,43.3194580078125,0.3236728310585022,-1,-1,-1
438,1,4268.61083984375,812.923095703125,51.54638671875,104.1395263671875,0.7525984644889832,-1,-1,-1
438,108,4621.01318359375,880.0304565429688,69.9033203125,118.20703125,0.7506870031356812,-1,-1,-1
438,4,3140.120361328125,671.3101196289062,26.3310546875,74.6103515625,0.70210862159729,-1,-1,-1
438,180,3666.71435546875,534.5972900390625,20.95751953125,44.5335693359375,0.3106015622615814,-1,-1,-1
439,1,4268.19873046875,813.5463256835938,51.244140625,103.26251220703125,0.7723105549812317,-1,-1,-1
439,108,4620.21875,881.0968627929688,72.41015625,117.54547119140625,0.7431994676589966,-1,-1,-1
439,4,3139.959228515625,671.52685546875,25.999267578125,73.7259521484375,0.7096869945526123,-1,-1,-1
439,180,3666.701416015625,534.417236328125,22.0810546875,44.75311279296875,0.26389506459236145,-1,-1,-1
440,1,4267.63623046875,813.9237670898438,51.0859375,103.2435302734375,0.7719793915748596,-1,-1,-1
440,108,4621.3828125,881.7847290039062,72.283203125,117.021484375,0.7580227255821228,-1,-1,-1
440,4,3139.92822265625,671.604736328125,25.061279296875,73.89068603515625,0.7016865611076355,-1,-1,-1
440,180,3666.72607421875,534.6441650390625,22.680908203125,44.640869140625,0.2597407400608063,-1,-1,-1
441,1,4267.7109375,812.7924194335938,50.7958984375,105.5999755859375,0.7646028995513916,-1,-1,-1
441,108,4622.28466796875,881.6968994140625,73.28369140625,117.1531982421875,0.7794956564903259,-1,-1,-1
441,4,3138.9326171875,672.199951171875,24.498046875,73.203125,0.58980393409729,-1,-1,-1
441,180,3666.761962890625,535.3206176757812,23.10595703125,43.9617919921875,0.2702052891254425,-1,-1,-1
442,1,4267.3115234375,811.712158203125,50.7529296875,106.5203857421875,0.7619295120239258,-1,-1,-1
442,108,4627.36328125,881.7948608398438,69.548828125,116.91595458984375,0.7864649295806885,-1,-1,-1
442,4,3137.51220703125,672.6901245117188,24.73974609375,73.712158203125,0.44661277532577515,-1,-1,-1
442,180,3666.846435546875,535.6611328125,22.64111328125,43.98028564453125,0.28311049938201904,-1,-1,-1
443,1,4265.82080078125,812.1604614257812,50.8671875,105.2781982421875,0.7555496692657471,-1,-1,-1
443,108,4634.14404296875,882.527099609375,64.2333984375,115.90087890625,0.7963243126869202,-1,-1,-1
444,1,4264.34326171875,811.7896728515625,51.42578125,105.3172607421875,0.7605997920036316,-1,-1,-1
444,108,4641.75830078125,882.0364990234375,58.2373046875,116.19134521484375,0.8047617673873901,-1,-1,-1
445,1,4262.86083984375,811.2033081054688,51.96484375,105.85308837890625,0.7571156024932861,-1,-1,-1
445,108,4646.48876953125,880.8597412109375,54.74658203125,117.3702392578125,0.7972070574760437,-1,-1,-1
446,1,4261.90185546875,810.0597534179688,52.68603515625,107.3189697265625,0.723743736743927,-1,-1,-1
446,108,4653.1513671875,880.4781494140625,50.48583984375,117.3167724609375,0.7416186928749084,-1,-1,-1
446,4,3132.86865234375,672.1110229492188,26.8212890625,76.21337890625,0.29156604409217834,-1,-1,-1
447,1,4261.841796875,809.3710327148438,51.7509765625,107.54815673828125,0.7476814389228821,-1,-1,-1
447,108,4657.5087890625,880.9431762695312,47.57958984375,116.565185546875,0.737716555595398,-1,-1,-1
447,4,3130.9140625,671.6649780273438,28.35693359375,77.17437744140625,0.4893783628940582,-1,-1,-1
448,1,4262.1767578125,809.2044067382812,50.79443359375,107.2969970703125,0.7764647006988525,-1,-1,-1
448,108,4660.84375,880.6290893554688,45.10205078125,116.56231689453125,0.7388483881950378,-1,-1,-1
448,4,3130.048583984375,671.7728271484375,28.751708984375,77.44732666015625,0.39486753940582275,-1,-1,-1
449,1,4262.5029296875,809.0045166015625,49.58447265625,106.8795166015625,0.7554659843444824,-1,-1,-1
449,108,4663.3779296875,881.2073364257812,45.25439453125,116.0965576171875,0.7762939929962158,-1,-1,-1
449,4,3128.271728515625,671.7229614257812,30.038818359375,78.45855712890625,0.4378509521484375,-1,-1,-1
450,1,4261.14013671875,807.3611450195312,49.1591796875,108.63970947265625,0.7514284253120422,-1,-1,-1
450,108,4666.03515625,882.2510375976562,44.9765625,115.44390869140625,0.8146201372146606,-1,-1,-1
450,4,3125.57958984375,671.7659912109375,31.540283203125,79.894775390625,0.4463833272457123,-1,-1,-1
451,1,4262.75634765625,806.709716796875,46.357421875,109.055908203125,0.7779102921485901,-1,-1,-1
451,108,4667.77685546875,883.131103515625,46.1396484375,115.21063232421875,0.8056342601776123,-1,-1,-1
451,4,3123.9716796875,674.3455810546875,30.9814453125,78.73291015625,0.5547077655792236,-1,-1,-1
452,1,4263.49853515625,806.4196166992188,44.86181640625,108.97552490234375,0.7800812721252441,-1,-1,-1
452,108,4670.21337890625,884.6117553710938,47.26513671875,114.20684814453125,0.8187509775161743,-1,-1,-1
452,4,3122.84619140625,676.30712890625,30.248046875,76.694091796875,0.5504423975944519,-1,-1,-1
453,1,4263.08740234375,805.4835815429688,44.09765625,109.10748291015625,0.7857580780982971,-1,-1,-1
453,108,4672.384765625,885.093017578125,47.91943359375,113.95782470703125,0.8041612505912781,-1,-1,-1
453,4,3121.088623046875,678.1296997070312,30.18701171875,75.0189208984375,0.6320488452911377,-1,-1,-1
454,1,4261.447265625,804.7731323242188,44.53076171875,109.28387451171875,0.786859929561615,-1,-1,-1
454,108,4673.4716796875,885.0345458984375,49.45068359375,113.98248291015625,0.7857727408409119,-1,-1,-1
454,4,3119.748291015625,678.0013427734375,30.6943359375,75.4581298828125,0.6949827075004578,-1,-1,-1
455,1,4260.99951171875,804.1542358398438,44.43212890625,109.41357421875,0.7968845963478088,-1,-1,-1
455,108,4674.8271484375,885.4931640625,50.46826171875,113.3885498046875,0.7650130391120911,-1,-1,-1
455,4,3118.902099609375,677.708984375,31.442138671875,76.4776611328125,0.7184522151947021,-1,-1,-1
456,1,4260.443359375,803.7112426757812,45.03076171875,109.65106201171875,0.7982234954833984,-1,-1,-1
456,108,4676.859375,884.4585571289062,51.30419921875,114.62127685546875,0.7751848101615906,-1,-1,-1
456,4,3118.459228515625,677.2863159179688,31.30419921875,77.3343505859375,0.7106272578239441,-1,-1,-1
457,1,4260.5185546875,803.3013305664062,45.0888671875,109.195556640625,0.7862292528152466,-1,-1,-1
457,108,4676.8251953125,883.7815551757812,55.0087890625,115.03741455078125,0.7989035844802856,-1,-1,-1
457,4,3117.80419921875,676.7471313476562,31.453857421875,77.78997802734375,0.7530467510223389,-1,-1,-1
458,1,4259.41650390625,802.962158203125,46.28125,109.2967529296875,0.7722097635269165,-1,-1,-1
458,108,4677.39501953125,882.4628295898438,56.90673828125,116.518310546875,0.8003107905387878,-1,-1,-1
458,4,3116.97412109375,676.1484985351562,30.99658203125,76.52734375,0.7546288371086121,-1,-1,-1
459,1,4257.64208984375,803.0087890625,47.94873046875,107.823486328125,0.7455728054046631,-1,-1,-1
459,108,4677.1650390625,881.5889892578125,58.73779296875,117.32763671875,0.7988212704658508,-1,-1,-1
459,4,3116.356689453125,675.8832397460938,30.78662109375,76.2655029296875,0.7665867805480957,-1,-1,-1
460,1,4256.5498046875,803.0526123046875,48.83642578125,106.74835205078125,0.7261875867843628,-1,-1,-1
460,108,4677.74853515625,882.2902221679688,59.626953125,116.48291015625,0.7858067154884338,-1,-1,-1
460,4,3115.553466796875,675.895751953125,30.39111328125,76.16259765625,0.777066171169281,-1,-1,-1
461,1,4255.841796875,803.1975708007812,49.27880859375,106.357666015625,0.722348153591156,-1,-1,-1
461,108,4677.12109375,883.9236450195312,63.0126953125,113.78717041015625,0.795716404914856,-1,-1,-1
461,4,3114.3662109375,674.4745483398438,30.0625,77.26177978515625,0.7844445109367371,-1,-1,-1
462,1,4254.7080078125,803.4068603515625,50.25830078125,107.05157470703125,0.721322238445282,-1,-1,-1
462,108,4677.826171875,884.842529296875,66.162109375,112.7872314453125,0.7895936965942383,-1,-1,-1
462,4,3113.57373046875,673.5839233398438,29.175048828125,78.04669189453125,0.735986053943634,-1,-1,-1
463,1,4254.16015625,803.3716430664062,50.46630859375,107.614501953125,0.7189021706581116,-1,-1,-1
463,108,4678.7919921875,885.2415771484375,68.04638671875,112.18585205078125,0.7916298508644104,-1,-1,-1
463,4,3113.285400390625,673.8947143554688,27.973388671875,77.472412109375,0.6114927530288696,-1,-1,-1
464,1,4254.05517578125,803.1797485351562,50.41943359375,108.14202880859375,0.7149682641029358,-1,-1,-1
464,108,4680.3720703125,884.814453125,67.67041015625,112.2344970703125,0.7962662577629089,-1,-1,-1
464,4,3113.366455078125,674.8297729492188,26.560546875,75.6878662109375,0.6351410746574402,-1,-1,-1
465,1,4254.359375,802.8209838867188,49.95556640625,108.7330322265625,0.7200841307640076,-1,-1,-1
465,108,4682.79638671875,884.346435546875,67.478515625,113.0224609375,0.7904230356216431,-1,-1,-1
465,4,3113.318115234375,675.373291015625,25.459716796875,75.1063232421875,0.6915440559387207,-1,-1,-1
466,1,4254.6904296875,802.5098876953125,49.62548828125,109.28289794921875,0.7221284508705139,-1,-1,-1
466,108,4685.40087890625,883.7518310546875,66.3525390625,113.7706298828125,0.7770230770111084,-1,-1,-1
466,4,3112.762939453125,675.3701171875,24.509765625,75.65679931640625,0.6558429002761841,-1,-1,-1
467,1,4255.083984375,802.1494750976562,49.107421875,109.63153076171875,0.723868727684021,-1,-1,-1
467,108,4686.72412109375,883.4667358398438,66.3095703125,113.47967529296875,0.7822914123535156,-1,-1,-1
467,4,3111.787109375,675.5542602539062,24.832275390625,75.3656005859375,0.6358568668365479,-1,-1,-1
468,1,4255.50537109375,801.8388061523438,48.82275390625,109.6048583984375,0.7350797057151794,-1,-1,-1
468,108,4688.56298828125,883.3981323242188,66.1953125,113.35662841796875,0.7813141942024231,-1,-1,-1
468,4,3110.826904296875,675.9180908203125,25.453125,74.8553466796875,0.600108802318573,-1,-1,-1
469,1,4255.49560546875,801.7814331054688,48.94287109375,109.3963623046875,0.7456402778625488,-1,-1,-1
469,108,4689.99462890625,883.2223510742188,66.36572265625,113.23907470703125,0.7824629545211792,-1,-1,-1
469,4,3110.642578125,676.2012329101562,24.540771484375,74.069580078125,0.48115918040275574,-1,-1,-1
470,1,4255.67578125,801.6492919921875,48.85888671875,109.2625732421875,0.7577271461486816,-1,-1,-1
470,108,4691.52490234375,883.2196044921875,66.09033203125,114.13909912109375,0.7777807712554932,-1,-1,-1
470,4,3109.17724609375,676.1754150390625,25.325439453125,74.06011962890625,0.5956006050109863,-1,-1,-1
471,1,4255.80810546875,801.6103515625,48.7578125,109.08319091796875,0.7599323391914368,-1,-1,-1
471,108,4692.5078125,882.99658203125,66.17724609375,114.60382080078125,0.7834281921386719,-1,-1,-1
471,4,3107.689697265625,676.1148681640625,26.14453125,74.73699951171875,0.6246731281280518,-1,-1,-1
471,192,3156.69091796875,511.60272216796875,15.959716796875,29.30914306640625,0.3134670853614807,-1,-1,-1
472,1,4256.03857421875,801.6631469726562,48.73583984375,108.9146728515625,0.7580286264419556,-1,-1,-1
472,108,4693.07421875,882.7708129882812,66.599609375,114.97882080078125,0.7786035537719727,-1,-1,-1
472,4,3106.25,676.1553344726562,26.91162109375,75.14129638671875,0.5629687905311584,-1,-1,-1
472,192,3156.61669921875,511.612548828125,16.135498046875,28.95477294921875,0.3101305663585663,-1,-1,-1
473,1,4256.509765625,801.7255859375,48.4541015625,108.951416015625,0.7681752443313599,-1,-1,-1
473,108,4693.3896484375,882.0911254882812,67.7666015625,114.49517822265625,0.7870426177978516,-1,-1,-1
473,4,3105.641845703125,675.490478515625,27.796875,75.74322509765625,0.5163947343826294,-1,-1,-1
473,192,3156.3720703125,511.1780700683594,16.3896484375,29.450469970703125,0.31314608454704285,-1,-1,-1
474,1,4257.1015625,801.7236938476562,48.12255859375,109.2811279296875,0.7760342359542847,-1,-1,-1
474,108,4693.04296875,881.4234619140625,68.845703125,114.3834228515625,0.7743062376976013,-1,-1,-1
474,4,3105.672607421875,675.3790283203125,27.93017578125,75.840576171875,0.5463256239891052,-1,-1,-1
474,192,3156.351806640625,511.37725830078125,16.49560546875,29.15191650390625,0.3019436299800873,-1,-1,-1
475,1,4257.23095703125,801.5393676757812,49.01904296875,109.49285888671875,0.7845121026039124,-1,-1,-1
475,108,4692.93408203125,880.9382934570312,69.99365234375,114.76177978515625,0.7764652371406555,-1,-1,-1
475,4,3105.120849609375,675.2054443359375,27.577392578125,75.783935546875,0.6247416138648987,-1,-1,-1
475,192,3156.340087890625,511.51116943359375,16.533935546875,29.06231689453125,0.30349525809288025,-1,-1,-1
476,1,4258.30126953125,801.692626953125,48.6337890625,109.24725341796875,0.7786526083946228,-1,-1,-1
476,108,4693.2294921875,880.4428100585938,70.43359375,114.97747802734375,0.7844794988632202,-1,-1,-1
476,4,3104.8076171875,674.7102661132812,27.416748046875,76.5240478515625,0.6514689922332764,-1,-1,-1
476,192,3156.32666015625,511.7312927246094,16.567138671875,28.587432861328125,0.3008006513118744,-1,-1,-1
477,1,4258.69775390625,801.5125122070312,49.0234375,109.13677978515625,0.7672180533409119,-1,-1,-1
477,108,4693.2294921875,879.8731689453125,70.77978515625,115.355224609375,0.7635172009468079,-1,-1,-1
477,4,3104.840576171875,672.878173828125,27.412353515625,78.25445556640625,0.5797376036643982,-1,-1,-1
477,192,3156.241455078125,511.7767639160156,16.761474609375,28.557281494140625,0.2813436985015869,-1,-1,-1
478,1,4258.78515625,801.17041015625,49.69580078125,109.50140380859375,0.7556604146957397,-1,-1,-1
478,108,4693.8359375,878.744384765625,69.83154296875,118.04241943359375,0.7674787044525146,-1,-1,-1
478,4,3104.7294921875,672.4231567382812,26.89599609375,78.39581298828125,0.4613313674926758,-1,-1,-1
479,1,4258.79150390625,801.0145263671875,49.76611328125,109.8438720703125,0.736907422542572,-1,-1,-1
479,108,4695.48828125,878.1307983398438,68.306640625,119.08544921875,0.7831448912620544,-1,-1,-1
479,4,3103.927001953125,672.2429809570312,27.3671875,77.7967529296875,0.5544998049736023,-1,-1,-1
480,1,4258.451171875,800.857177734375,50.1689453125,110.03668212890625,0.7089461088180542,-1,-1,-1
480,108,4697.47021484375,877.775634765625,66.7568359375,119.59552001953125,0.7780583500862122,-1,-1,-1
480,4,3103.711669921875,671.9365234375,27.055419921875,76.68682861328125,0.5830905437469482,-1,-1,-1
480,192,3155.836181640625,511.4898681640625,17.080810546875,28.6318359375,0.2766651213169098,-1,-1,-1
481,1,4258.0439453125,801.1207275390625,51.10400390625,109.5653076171875,0.6818071007728577,-1,-1,-1
481,108,4700.0,877.2568969726562,65.3369140625,119.56317138671875,0.7566832304000854,-1,-1,-1
481,4,3102.40966796875,671.7600708007812,27.45361328125,77.5909423828125,0.533165693283081,-1,-1,-1
481,192,3155.577880859375,511.2084655761719,17.344482421875,28.950836181640625,0.2536703050136566,-1,-1,-1
482,1,4257.9326171875,801.334716796875,52.2861328125,109.4603271484375,0.6993582248687744,-1,-1,-1
482,108,4704.0185546875,877.018798828125,62.43505859375,119.71478271484375,0.758550763130188,-1,-1,-1
482,4,3102.2490234375,671.6008911132812,27.13525390625,76.9183349609375,0.5484706163406372,-1,-1,-1
482,192,3155.457275390625,510.919189453125,17.378173828125,29.3167724609375,0.288604736328125,-1,-1,-1
483,1,4258.44140625,801.7518920898438,52.6494140625,109.0810546875,0.7287022471427917,-1,-1,-1
483,108,4707.6220703125,876.7650146484375,59.7626953125,119.79290771484375,0.7621984481811523,-1,-1,-1
483,4,3101.523193359375,671.3251342773438,27.412841796875,77.04931640625,0.6182360053062439,-1,-1,-1
483,192,3155.34521484375,510.71307373046875,17.415283203125,29.53326416015625,0.35297080874443054,-1,-1,-1
483,201,4071.279052734375,518.8331909179688,16.57568359375,28.1295166015625,0.33349156379699707,-1,-1,-1
484,1,4259.01953125,802.1889038085938,52.9697265625,109.08636474609375,0.7569584846496582,-1,-1,-1
484,108,4709.3056640625,877.590087890625,58.58349609375,118.8343505859375,0.7553752660751343,-1,-1,-1
484,4,3101.0185546875,670.1781005859375,27.343017578125,77.7633056640625,0.6189351081848145,-1,-1,-1
484,192,3155.287353515625,510.68402099609375,17.48583984375,29.76800537109375,0.31727245450019836,-1,-1,-1
484,201,4071.428955078125,518.6605224609375,16.080810546875,28.2408447265625,0.3240111172199249,-1,-1,-1
485,1,4259.56201171875,802.8602905273438,53.15234375,108.622802734375,0.7573085427284241,-1,-1,-1
485,108,4710.40625,877.9971313476562,58.07958984375,118.1302490234375,0.747073233127594,-1,-1,-1
485,4,3099.548583984375,669.2743530273438,27.9326171875,78.27203369140625,0.5866487622261047,-1,-1,-1
485,192,3155.14306640625,510.3038330078125,17.741943359375,30.02099609375,0.3373383581638336,-1,-1,-1
485,201,4071.17431640625,518.2193603515625,15.995849609375,28.82049560546875,0.341167151927948,-1,-1,-1
486,1,4260.1533203125,803.1024169921875,52.8740234375,107.69500732421875,0.7471778392791748,-1,-1,-1
486,108,4711.02978515625,877.974853515625,58.60888671875,118.07574462890625,0.7387493848800659,-1,-1,-1
486,4,3097.26416015625,669.3761596679688,30.6171875,78.28729248046875,0.6406647562980652,-1,-1,-1
486,192,3155.055908203125,510.0396728515625,17.855712890625,30.49224853515625,0.34842461347579956,-1,-1,-1
486,201,4071.571044921875,518.741455078125,15.78662109375,28.3724365234375,0.31614479422569275,-1,-1,-1
487,1,4260.84814453125,803.1456298828125,52.57373046875,107.6595458984375,0.7204813361167908,-1,-1,-1
487,108,4711.830078125,877.8075561523438,58.89892578125,118.12335205078125,0.7330828905105591,-1,-1,-1
487,4,3095.90380859375,669.298828125,31.4619140625,77.79046630859375,0.6437488794326782,-1,-1,-1
487,192,3155.055908203125,509.7825622558594,17.989013671875,30.982391357421875,0.35624322295188904,-1,-1,-1
487,201,4072.34521484375,519.5354614257812,15.388427734375,27.66229248046875,0.2996005713939667,-1,-1,-1
488,1,4261.13623046875,803.1187744140625,52.53857421875,107.463623046875,0.7208185195922852,-1,-1,-1
488,108,4713.037109375,876.8851318359375,60.2119140625,118.60113525390625,0.718041718006134,-1,-1,-1
488,4,3094.168701171875,669.2125854492188,32.016845703125,77.75018310546875,0.6793442964553833,-1,-1,-1
488,192,3154.916015625,509.7867126464844,18.076904296875,30.999725341796875,0.3479098975658417,-1,-1,-1
488,201,4072.669677734375,519.8877563476562,15.16064453125,27.223876953125,0.29354992508888245,-1,-1,-1
489,1,4261.349609375,803.154541015625,52.48193359375,107.3204345703125,0.6976122260093689,-1,-1,-1
489,108,4714.1865234375,877.495361328125,60.388671875,115.40716552734375,0.7200912237167358,-1,-1,-1
489,4,3092.65771484375,668.8780517578125,32.439453125,77.79681396484375,0.6625573635101318,-1,-1,-1
489,192,3154.943359375,509.99932861328125,18.093017578125,30.955810546875,0.33295854926109314,-1,-1,-1
489,201,4072.994140625,520.8181762695312,15.42431640625,26.492431640625,0.28179627656936646,-1,-1,-1
490,1,4261.1962890625,803.1427001953125,52.724609375,107.28765869140625,0.6861944198608398,-1,-1,-1
490,108,4714.97998046875,877.54541015625,61.4853515625,114.833740234375,0.7398850917816162,-1,-1,-1
490,4,3091.874755859375,668.5828247070312,32.46826171875,77.6351318359375,0.6416692137718201,-1,-1,-1
490,192,3154.6533203125,510.1936950683594,18.30078125,30.352813720703125,0.25690117478370667,-1,-1,-1
490,201,4073.30712890625,521.1204223632812,15.68310546875,26.1583251953125,0.28886306285858154,-1,-1,-1
491,1,4261.1142578125,803.0380859375,52.9375,107.184814453125,0.6982980370521545,-1,-1,-1
491,108,4715.71533203125,877.7054443359375,62.99072265625,114.54779052734375,0.7458545565605164,-1,-1,-1
491,4,3091.299072265625,668.3314208984375,32.077392578125,77.67413330078125,0.6639317870140076,-1,-1,-1
491,192,3154.390380859375,509.8866882324219,18.460205078125,30.838836669921875,0.30648255348205566,-1,-1,-1
491,201,4073.338134765625,520.8641357421875,16.013671875,26.46807861328125,0.31747058033943176,-1,-1,-1
492,1,4261.17529296875,803.0978393554688,52.955078125,106.89276123046875,0.6967909932136536,-1,-1,-1
492,108,4716.59228515625,877.7149658203125,64.560546875,114.74346923828125,0.7675209641456604,-1,-1,-1
492,4,3090.299072265625,668.0861206054688,32.7451171875,78.389404296875,0.6802679300308228,-1,-1,-1
492,192,3154.121337890625,509.785888671875,18.630126953125,30.65484619140625,0.281899094581604,-1,-1,-1
492,201,4073.45947265625,520.9246826171875,16.35498046875,26.477783203125,0.3031999170780182,-1,-1,-1
493,1,4261.5712890625,803.2244262695312,52.58740234375,106.96563720703125,0.6894201636314392,-1,-1,-1
493,108,4716.88427734375,876.985107421875,66.9990234375,115.07550048828125,0.748828649520874,-1,-1,-1
493,4,3090.1044921875,668.3890991210938,31.968017578125,78.23028564453125,0.7138773202896118,-1,-1,-1
493,201,4073.52685546875,520.8511962890625,16.727294921875,26.5225830078125,0.28031203150749207,-1,-1,-1
494,1,4261.978515625,803.1058349609375,52.14794921875,106.98114013671875,0.6871129274368286,-1,-1,-1
494,108,4716.9990234375,875.1600341796875,69.46826171875,116.77166748046875,0.7423248887062073,-1,-1,-1
494,4,3090.2353515625,669.2291259765625,30.08056640625,76.345458984375,0.7030727863311768,-1,-1,-1
494,201,4073.526611328125,521.1957397460938,17.285400390625,26.0318603515625,0.2714049816131592,-1,-1,-1
495,1,4262.38330078125,803.0867309570312,51.6171875,106.488525390625,0.7002050876617432,-1,-1,-1
495,108,4717.7421875,873.5322875976562,70.47802734375,118.94256591796875,0.7526121139526367,-1,-1,-1
495,4,3090.117431640625,669.0364990234375,29.7734375,76.68280029296875,0.7050949335098267,-1,-1,-1
495,201,4073.51708984375,521.5042724609375,17.71484375,25.62774658203125,0.26285460591316223,-1,-1,-1
496,1,4262.939453125,803.0971069335938,50.94580078125,106.92071533203125,0.7179599404335022,-1,-1,-1
496,108,4719.49951171875,872.7406616210938,70.2919921875,118.9554443359375,0.7550090551376343,-1,-1,-1
496,4,3089.298583984375,667.901123046875,29.63525390625,78.05120849609375,0.709805428981781,-1,-1,-1
496,201,4073.499267578125,521.8899536132812,17.83935546875,25.16436767578125,0.26938584446907043,-1,-1,-1
497,1,4263.34375,803.0787353515625,50.5439453125,106.86474609375,0.7315293550491333,-1,-1,-1
497,108,4721.5458984375,873.6324462890625,69.65185546875,116.66680908203125,0.7489136457443237,-1,-1,-1
497,4,3088.740966796875,667.3159790039062,28.62744140625,78.27166748046875,0.7556410431861877,-1,-1,-1
497,201,4073.3583984375,522.3161010742188,17.852294921875,24.60565185546875,0.27569353580474854,-1,-1,-1
498,1,4263.88232421875,803.0834350585938,49.86279296875,106.39447021484375,0.7354784607887268,-1,-1,-1
498,108,4724.1328125,872.2766723632812,68.59423828125,117.747802734375,0.7511240243911743,-1,-1,-1
498,4,3088.328369140625,667.2592163085938,28.542236328125,78.4986572265625,0.7552597522735596,-1,-1,-1
498,201,4073.29345703125,522.5680541992188,18.118408203125,24.302978515625,0.2773900032043457,-1,-1,-1
499,1,4264.4599609375,802.973876953125,49.1845703125,105.92926025390625,0.7353842854499817,-1,-1,-1
499,108,4727.044921875,873.3882446289062,67.8046875,115.6131591796875,0.7835561633110046,-1,-1,-1
499,4,3086.940673828125,667.3375854492188,29.994140625,79.2955322265625,0.7736576795578003,-1,-1,-1
499,201,4073.321533203125,522.7608032226562,18.382568359375,24.0921630859375,0.2745200991630554,-1,-1,-1
500,1,4265.29150390625,802.8988647460938,48.27392578125,105.3314208984375,0.727380633354187,-1,-1,-1
500,108,4731.20458984375,873.9434814453125,65.78466796875,114.42578125,0.7714242339134216,-1,-1,-1
500,4,3085.444580078125,667.0177612304688,31.5390625,80.30224609375,0.7877514362335205,-1,-1,-1
500,201,4073.376708984375,522.7942504882812,18.40087890625,24.07696533203125,0.2757931351661682,-1,-1,-1
501,1,4266.32763671875,802.9686279296875,46.84765625,105.2388916015625,0.7126134634017944,-1,-1,-1
501,108,4734.81689453125,873.2220458984375,64.24169921875,115.0721435546875,0.7738602757453918,-1,-1,-1
501,4,3084.4619140625,665.665771484375,32.537353515625,81.23187255859375,0.77689129114151,-1,-1,-1
501,201,4073.09814453125,522.00732421875,18.286376953125,24.86126708984375,0.2761422395706177,-1,-1,-1
502,1,4267.09814453125,803.1697387695312,45.896484375,105.44244384765625,0.7197192907333374,-1,-1,-1
502,108,4737.2158203125,872.6613159179688,63.23974609375,115.8282470703125,0.749238133430481,-1,-1,-1
502,4,3084.523193359375,665.0311279296875,31.097900390625,80.67376708984375,0.7644054293632507,-1,-1,-1
502,201,4072.97119140625,521.608154296875,18.431396484375,25.335693359375,0.2585826814174652,-1,-1,-1
502,192,3156.3251953125,510.12811279296875,16.18310546875,29.6337890625,0.27800482511520386,-1,-1,-1
503,1,4267.55126953125,803.280029296875,45.13330078125,105.5966796875,0.7326489686965942,-1,-1,-1
503,108,4739.4345703125,871.822998046875,62.50439453125,116.8424072265625,0.7184277176856995,-1,-1,-1
503,4,3085.07080078125,664.9902954101562,29.6591796875,79.97998046875,0.7438457012176514,-1,-1,-1
504,1,4267.9306640625,803.3442993164062,44.48388671875,106.30242919921875,0.7492187023162842,-1,-1,-1
504,108,4741.26318359375,871.66796875,63.0830078125,117.37255859375,0.7124588489532471,-1,-1,-1
504,4,3085.131103515625,664.6541137695312,29.116943359375,79.66314697265625,0.7587299346923828,-1,-1,-1
505,1,4268.09912109375,803.5335083007812,44.05078125,106.32073974609375,0.7616915702819824,-1,-1,-1
505,108,4742.9296875,871.7615966796875,63.35107421875,116.9794921875,0.7098351716995239,-1,-1,-1
505,4,3084.90869140625,664.9552612304688,28.6982421875,78.91302490234375,0.7252427935600281,-1,-1,-1
506,1,4267.93798828125,803.3391723632812,44.017578125,106.0633544921875,0.7640235424041748,-1,-1,-1
506,108,4744.92333984375,871.8225708007812,63.34716796875,116.34423828125,0.701639711856842,-1,-1,-1
506,4,3084.38427734375,665.3846435546875,28.57861328125,77.94671630859375,0.6903111934661865,-1,-1,-1
507,1,4267.77734375,803.4179077148438,43.82470703125,108.21820068359375,0.7756710648536682,-1,-1,-1
507,108,4746.421875,871.6726684570312,63.08203125,116.22650146484375,0.691339373588562,-1,-1,-1
507,4,3084.22998046875,665.662109375,28.417236328125,77.481201171875,0.7047365307807922,-1,-1,-1
507,201,4073.187255859375,520.2422485351562,18.627197265625,26.5533447265625,0.25997063517570496,-1,-1,-1
508,1,4267.5986328125,803.685302734375,43.40771484375,108.9407958984375,0.7786099910736084,-1,-1,-1
508,108,4747.93994140625,871.8541870117188,63.68017578125,115.916748046875,0.715456485748291,-1,-1,-1
508,4,3083.656494140625,665.7724609375,28.879638671875,77.40789794921875,0.6991146206855774,-1,-1,-1
509,1,4267.48388671875,803.8823852539062,42.822265625,108.89654541015625,0.7862023115158081,-1,-1,-1
509,108,4749.4833984375,872.120849609375,62.9716796875,115.2626953125,0.7260128855705261,-1,-1,-1
509,4,3083.2919921875,665.8634643554688,29.03369140625,77.30963134765625,0.6989670395851135,-1,-1,-1
510,1,4267.47705078125,803.8636474609375,42.0263671875,109.30743408203125,0.7901169061660767,-1,-1,-1
510,108,4751.54736328125,871.1519165039062,62.6640625,115.013916015625,0.7063537836074829,-1,-1,-1
510,4,3082.420654296875,665.5315551757812,30.107666015625,77.5047607421875,0.6966320872306824,-1,-1,-1
511,1,4266.986328125,803.6393432617188,41.98291015625,110.0440673828125,0.7796321511268616,-1,-1,-1
511,108,4753.17724609375,870.3709716796875,62.2890625,114.88641357421875,0.7442628145217896,-1,-1,-1
511,4,3082.060791015625,665.0997314453125,30.624755859375,77.7684326171875,0.6986287236213684,-1,-1,-1
512,1,4266.47802734375,803.5125732421875,42.1748046875,110.18804931640625,0.7810888886451721,-1,-1,-1
512,108,4755.1474609375,869.8641967773438,61.32861328125,114.2430419921875,0.7700067162513733,-1,-1,-1
512,4,3081.845947265625,664.5894165039062,31.171630859375,78.06842041015625,0.6986311674118042,-1,-1,-1
512,210,3773.695556640625,545.6074829101562,16.98046875,41.8443603515625,0.32606789469718933,-1,-1,-1
513,1,4265.3759765625,803.4332885742188,42.7998046875,110.188232421875,0.7756127715110779,-1,-1,-1
513,108,4757.9150390625,869.7716064453125,59.9521484375,112.27203369140625,0.7580706477165222,-1,-1,-1
513,4,3081.61669921875,664.0139770507812,31.73193359375,78.95361328125,0.7079627513885498,-1,-1,-1
513,210,3772.888427734375,545.638671875,17.731689453125,42.373046875,0.3513197600841522,-1,-1,-1
514,1,4265.06640625,803.238037109375,42.79931640625,109.67974853515625,0.778428316116333,-1,-1,-1
514,108,4760.05859375,869.4104614257812,59.2568359375,110.86639404296875,0.7614402770996094,-1,-1,-1
514,4,3081.972412109375,663.4801025390625,31.291259765625,78.74969482421875,0.7064148187637329,-1,-1,-1
514,210,3772.1767578125,545.8070068359375,18.38916015625,42.5257568359375,0.3202621638774872,-1,-1,-1
515,1,4265.2275390625,803.5088500976562,42.1533203125,109.0032958984375,0.7835402488708496,-1,-1,-1
515,108,4761.6611328125,869.1290283203125,59.62841796875,109.695068359375,0.7620305418968201,-1,-1,-1
515,4,3081.912353515625,662.7152709960938,30.97900390625,78.6480712890625,0.7122011184692383,-1,-1,-1
515,210,3771.59326171875,545.9972534179688,18.98779296875,43.10736083984375,0.336018830537796,-1,-1,-1
516,1,4264.63232421875,803.517333984375,42.72021484375,108.73614501953125,0.7813432812690735,-1,-1,-1
516,108,4764.486328125,868.638427734375,58.77587890625,110.10150146484375,0.7417494654655457,-1,-1,-1
516,4,3081.434326171875,662.0230102539062,32.59033203125,78.56036376953125,0.7106912732124329,-1,-1,-1
516,210,3770.93212890625,545.9192504882812,19.672119140625,43.52593994140625,0.3623812794685364,-1,-1,-1
517,1,4263.466796875,803.644287109375,43.77197265625,108.583251953125,0.7801898717880249,-1,-1,-1
517,108,4765.7841796875,866.9108276367188,59.3173828125,112.6651611328125,0.7325162887573242,-1,-1,-1
517,4,3081.151611328125,661.551025390625,33.269775390625,78.3753662109375,0.7109153270721436,-1,-1,-1
517,210,3770.8818359375,545.9254150390625,19.753173828125,43.56884765625,0.3750271797180176,-1,-1,-1
518,1,4260.66455078125,803.8333740234375,45.96142578125,108.38623046875,0.7740069031715393,-1,-1,-1
518,108,4767.35791015625,865.6754760742188,59.68408203125,114.46356201171875,0.7205291390419006,-1,-1,-1
518,4,3080.964111328125,660.9937744140625,33.034423828125,77.41583251953125,0.7063446640968323,-1,-1,-1
518,210,3770.93701171875,546.2840576171875,19.623291015625,43.08251953125,0.37477338314056396,-1,-1,-1
519,1,4259.36083984375,804.1023559570312,47.0302734375,108.35687255859375,0.7744022011756897,-1,-1,-1
519,108,4770.47314453125,866.0916748046875,59.07177734375,115.48162841796875,0.7116304039955139,-1,-1,-1
519,4,3080.904541015625,660.2825927734375,32.9873046875,77.2630615234375,0.7125006318092346,-1,-1,-1
519,210,3770.531494140625,546.1552734375,19.94580078125,42.89471435546875,0.3445577919483185,-1,-1,-1
520,1,4258.25439453125,804.1976928710938,48.12353515625,108.63958740234375,0.7696115970611572,-1,-1,-1
520,108,4772.81298828125,866.2557373046875,59.05908203125,117.51104736328125,0.731086254119873,-1,-1,-1
520,4,3080.3466796875,659.6559448242188,33.22216796875,76.94061279296875,0.7037437558174133,-1,-1,-1
520,210,3770.74658203125,546.189453125,19.68798828125,42.71240234375,0.31118375062942505,-1,-1,-1
521,1,4258.10400390625,804.2879028320312,48.16845703125,108.71551513671875,0.76844722032547,-1,-1,-1
521,108,4774.953125,866.0155639648438,58.68359375,119.40338134765625,0.7498093843460083,-1,-1,-1
521,4,3080.2724609375,659.5205688476562,32.90771484375,76.37420654296875,0.677266001701355,-1,-1,-1
522,1,4258.810546875,804.2720336914062,47.34375,108.83526611328125,0.7707448601722717,-1,-1,-1
522,108,4775.7890625,866.1908569335938,60.28125,119.48345947265625,0.7740839123725891,-1,-1,-1
522,4,3079.951171875,659.5762939453125,33.573486328125,75.91363525390625,0.6846848130226135,-1,-1,-1
523,1,4259.66943359375,804.2355346679688,46.36767578125,108.8331298828125,0.7748608589172363,-1,-1,-1
523,108,4776.15234375,866.0523681640625,63.4208984375,120.54608154296875,0.7848649024963379,-1,-1,-1
523,4,3080.404541015625,659.5942993164062,32.959716796875,75.49078369140625,0.6852427124977112,-1,-1,-1
524,1,4260.455078125,804.37060546875,45.29638671875,108.76812744140625,0.7816875576972961,-1,-1,-1
524,108,4776.1259765625,866.8452758789062,66.52099609375,119.93084716796875,0.77935791015625,-1,-1,-1
524,4,3080.63720703125,659.3298950195312,32.22705078125,74.84283447265625,0.6923538446426392,-1,-1,-1
525,1,4260.5615234375,804.6249389648438,45.03173828125,108.656005859375,0.7793090343475342,-1,-1,-1
525,108,4776.33251953125,867.5985717773438,68.07177734375,119.38134765625,0.7635279893875122,-1,-1,-1
525,4,3080.620849609375,659.4622802734375,31.46630859375,74.85009765625,0.6838365793228149,-1,-1,-1
526,1,4260.90478515625,804.7310791015625,44.54833984375,108.83843994140625,0.7783633470535278,-1,-1,-1
526,108,4777.056640625,868.6848754882812,68.66650390625,117.969482421875,0.782947838306427,-1,-1,-1
526,4,3080.760498046875,659.5082397460938,30.80810546875,74.6937255859375,0.6904119253158569,-1,-1,-1
527,1,4261.23291015625,804.7489624023438,44.16357421875,108.8985595703125,0.7837145924568176,-1,-1,-1
527,108,4778.51708984375,869.78125,68.15478515625,116.33740234375,0.787100076675415,-1,-1,-1
527,4,3080.826904296875,659.6091918945312,30.498291015625,74.52789306640625,0.7044269442558289,-1,-1,-1
528,1,4260.701171875,804.822998046875,44.62548828125,108.816650390625,0.7817529439926147,-1,-1,-1
528,108,4779.52294921875,870.1559448242188,70.04541015625,115.99261474609375,0.7888498306274414,-1,-1,-1
528,4,3080.787841796875,659.7140502929688,30.25634765625,74.454833984375,0.7080333828926086,-1,-1,-1
529,1,4259.27099609375,804.85009765625,45.92919921875,108.76513671875,0.770796537399292,-1,-1,-1
529,108,4781.08349609375,870.4144287109375,71.38720703125,115.9715576171875,0.7808007597923279,-1,-1,-1
529,4,3081.006103515625,659.8983764648438,29.6640625,74.217529296875,0.7068806886672974,-1,-1,-1
530,1,4258.11865234375,804.823974609375,47.037109375,108.58544921875,0.7655248641967773,-1,-1,-1
530,108,4782.58984375,869.86572265625,73.5048828125,117.17388916015625,0.7600956559181213,-1,-1,-1
530,4,3081.131591796875,659.9313354492188,29.27490234375,73.91357421875,0.7105870842933655,-1,-1,-1
531,1,4257.74755859375,804.7989501953125,47.4609375,108.27099609375,0.7612732648849487,-1,-1,-1
531,108,4786.61181640625,869.5713500976562,73.2431640625,118.1824951171875,0.7258039712905884,-1,-1,-1
531,4,3081.09326171875,659.795166015625,29.091552734375,74.15496826171875,0.6971014142036438,-1,-1,-1
532,1,4257.62744140625,804.9329223632812,47.5927734375,108.07891845703125,0.7619585394859314,-1,-1,-1
532,108,4794.00390625,870.8261108398438,68.40625,116.3668212890625,0.757351279258728,-1,-1,-1
532,4,3080.411376953125,659.490234375,29.811767578125,74.979736328125,0.6898331046104431,-1,-1,-1
533,1,4257.7099609375,805.1796264648438,47.6005859375,107.7041015625,0.7595301270484924,-1,-1,-1
533,108,4800.796875,869.8248291015625,63.505859375,117.2158203125,0.7669351696968079,-1,-1,-1
533,4,3079.97314453125,658.9996948242188,30.33984375,75.21441650390625,0.694468080997467,-1,-1,-1
534,1,4258.03857421875,805.3775024414062,47.328125,107.55908203125,0.7624625563621521,-1,-1,-1
534,108,4808.05859375,869.7283935546875,59.2666015625,115.89410400390625,0.798435389995575,-1,-1,-1
534,4,3080.096923828125,658.5859375,30.11474609375,75.13714599609375,0.6907486915588379,-1,-1,-1
535,1,4258.04833984375,805.5221557617188,47.47119140625,107.3880615234375,0.7540091872215271,-1,-1,-1
535,108,4814.423828125,870.4144897460938,55.23974609375,115.0977783203125,0.7770412564277649,-1,-1,-1
535,4,3080.83740234375,657.9828491210938,29.405029296875,74.95196533203125,0.7048031687736511,-1,-1,-1
536,1,4258.251953125,805.5680541992188,47.62646484375,107.530029296875,0.761875569820404,-1,-1,-1
536,108,4817.34765625,871.055908203125,55.22265625,114.347900390625,0.775231659412384,-1,-1,-1
536,4,3081.538330078125,657.8895874023438,28.5703125,73.6990966796875,0.697149395942688,-1,-1,-1
537,1,4258.564453125,805.7496337890625,47.66064453125,107.61553955078125,0.7697383165359497,-1,-1,-1
537,108,4819.44140625,871.2003173828125,57.22216796875,115.07366943359375,0.7546113729476929,-1,-1,-1
537,4,3082.480224609375,657.7473754882812,27.72607421875,72.6773681640625,0.7022467255592346,-1,-1,-1
538,1,4258.580078125,805.9108276367188,48.07568359375,107.973388671875,0.7841262221336365,-1,-1,-1
538,108,4820.56689453125,871.2181396484375,60.1083984375,113.96234130859375,0.7333834171295166,-1,-1,-1
538,4,3082.56201171875,657.520751953125,27.9326171875,73.1085205078125,0.7185098528862,-1,-1,-1
539,1,4258.3974609375,806.0977172851562,48.85009765625,107.930908203125,0.7890039086341858,-1,-1,-1
539,108,4820.240234375,872.9580078125,62.27490234375,113.616455078125,0.7095831036567688,-1,-1,-1
539,4,3083.3857421875,657.202880859375,27.233154296875,72.523193359375,0.714396595954895,-1,-1,-1
540,1,4258.12109375,806.36181640625,49.55224609375,108.08258056640625,0.7938364744186401,-1,-1,-1
540,108,4821.84228515625,873.0033569335938,65.01416015625,115.00152587890625,0.6990363597869873,-1,-1,-1
540,4,3084.0615234375,656.7764892578125,27.10400390625,72.77142333984375,0.7439492344856262,-1,-1,-1
541,1,4258.0673828125,806.5360107421875,49.89453125,108.281982421875,0.7963996529579163,-1,-1,-1
541,108,4824.14892578125,874.6844482421875,66.822265625,113.70831298828125,0.7164322733879089,-1,-1,-1
541,4,3084.862548828125,656.8410034179688,26.69921875,72.45587158203125,0.7418206334114075,-1,-1,-1
542,1,4258.23291015625,806.5272827148438,50.00390625,108.548095703125,0.7974563837051392,-1,-1,-1
542,108,4826.1103515625,874.9842529296875,67.439453125,114.31829833984375,0.7224770784378052,-1,-1,-1
542,4,3085.230712890625,656.6854248046875,26.661865234375,71.96783447265625,0.7395709753036499,-1,-1,-1
543,1,4258.43798828125,806.3757934570312,49.962890625,108.8338623046875,0.7985788583755493,-1,-1,-1
543,108,4827.79150390625,874.5867309570312,68.36376953125,116.531982421875,0.6923316121101379,-1,-1,-1
543,4,3085.544677734375,656.3504028320312,26.1005859375,72.01641845703125,0.7123591899871826,-1,-1,-1
544,1,4259.12353515625,806.1765747070312,49.849609375,109.21624755859375,0.80350661277771,-1,-1,-1
544,108,4831.23291015625,873.6303100585938,65.83056640625,117.34967041015625,0.6929596662521362,-1,-1,-1
544,4,3085.905029296875,655.8793334960938,26.201904296875,72.04974365234375,0.7197778224945068,-1,-1,-1
545,1,4259.38623046875,806.2275390625,50.24267578125,109.2579345703125,0.80484938621521,-1,-1,-1
545,108,4834.927734375,871.9788818359375,63.36279296875,117.93719482421875,0.6941943764686584,-1,-1,-1
545,4,3086.200927734375,655.4185791015625,26.734130859375,72.612548828125,0.7314609885215759,-1,-1,-1
546,1,4259.65869140625,806.2342529296875,51.041015625,109.3533935546875,0.7982649803161621,-1,-1,-1
546,108,4839.59375,871.0469360351562,60.08203125,116.7802734375,0.722334623336792,-1,-1,-1
546,4,3086.57666015625,654.9942626953125,26.88330078125,73.26702880859375,0.7309510111808777,-1,-1,-1
547,1,4259.94970703125,806.4573364257812,51.7255859375,109.0501708984375,0.7959423065185547,-1,-1,-1
547,108,4843.96142578125,869.6944580078125,59.3818359375,115.25347900390625,0.7249812483787537,-1,-1,-1
547,4,3087.19970703125,655.5919799804688,26.8251953125,72.5439453125,0.6922779679298401,-1,-1,-1
548,1,4259.82275390625,806.7453002929688,52.5478515625,108.71258544921875,0.7808077931404114,-1,-1,-1
548,108,4846.27734375,869.1572875976562,59.9990234375,116.17047119140625,0.7285581231117249,-1,-1,-1
548,4,3087.319580078125,655.376708984375,27.1171875,73.2178955078125,0.7033660411834717,-1,-1,-1
549,1,4260.47119140625,807.0289306640625,52.3505859375,108.50848388671875,0.7709728479385376,-1,-1,-1
549,108,4848.646484375,870.0559692382812,60.67041015625,113.6395263671875,0.7123872637748718,-1,-1,-1
549,4,3087.37939453125,654.4679565429688,28.21142578125,73.96728515625,0.7831220030784607,-1,-1,-1
550,1,4261.2041015625,807.34375,52.064453125,108.2821044921875,0.7651681303977966,-1,-1,-1
550,108,4853.70947265625,870.9002685546875,58.68212890625,110.05328369140625,0.707994282245636,-1,-1,-1
550,4,3088.104248046875,653.8719482421875,29.7431640625,73.92254638671875,0.7882099747657776,-1,-1,-1
551,1,4261.5830078125,807.4281005859375,52.30712890625,108.53509521484375,0.7594109773635864,-1,-1,-1
551,108,4857.86376953125,871.2674560546875,57.86572265625,109.18707275390625,0.6558664441108704,-1,-1,-1
551,4,3089.02392578125,653.9292602539062,29.909912109375,73.91033935546875,0.7835135459899902,-1,-1,-1
552,1,4262.27880859375,807.613525390625,52.1640625,108.52410888671875,0.7563877701759338,-1,-1,-1
552,108,4860.6259765625,871.7384033203125,57.7119140625,112.9271240234375,0.669775664806366,-1,-1,-1
552,4,3089.5634765625,653.6131591796875,28.649169921875,72.49822998046875,0.7775556445121765,-1,-1,-1
553,1,4262.7177734375,807.8954467773438,52.0712890625,108.38677978515625,0.7573840022087097,-1,-1,-1
553,108,4861.29443359375,872.0184326171875,60.6806640625,115.60528564453125,0.6841830015182495,-1,-1,-1
553,4,3090.403076171875,653.4458618164062,28.13818359375,71.93341064453125,0.7991458177566528,-1,-1,-1
554,1,4263.45166015625,807.8271484375,51.77783203125,108.4483642578125,0.759351372718811,-1,-1,-1
554,108,4862.419921875,872.868408203125,61.66064453125,115.34381103515625,0.6753998398780823,-1,-1,-1
554,4,3091.121337890625,652.4505004882812,27.539794921875,72.14306640625,0.7871719598770142,-1,-1,-1
555,1,4263.9697265625,807.953857421875,51.4814453125,108.25384521484375,0.7566890716552734,-1,-1,-1
555,108,4861.3896484375,874.859130859375,68.17138671875,115.95361328125,0.6360524892807007,-1,-1,-1
555,4,3092.399658203125,652.5242919921875,26.999755859375,71.54156494140625,0.7806397676467896,-1,-1,-1
556,1,4265.53125,808.410400390625,50.66748046875,105.21002197265625,0.749656081199646,-1,-1,-1
556,108,4860.90087890625,874.4222412109375,75.49609375,117.9815673828125,0.7082945704460144,-1,-1,-1
556,4,3094.27197265625,652.5146484375,25.617431640625,70.48193359375,0.7874131202697754,-1,-1,-1
557,1,4267.16162109375,808.7737426757812,49.29150390625,103.6947021484375,0.7613562345504761,-1,-1,-1
557,108,4860.55078125,875.1678466796875,82.49853515625,118.34814453125,0.755901038646698,-1,-1,-1
557,4,3096.19970703125,652.34765625,24.4375,70.08734130859375,0.7702769041061401,-1,-1,-1
558,1,4267.9052734375,809.0906982421875,48.708984375,103.22589111328125,0.7705447673797607,-1,-1,-1
558,108,4861.35107421875,876.1210327148438,82.49560546875,118.374267578125,0.7435803413391113,-1,-1,-1
558,4,3097.219482421875,652.3600463867188,24.013427734375,69.64013671875,0.7581972479820251,-1,-1,-1
559,1,4267.783203125,808.5496215820312,48.45068359375,105.7978515625,0.7808965444564819,-1,-1,-1
559,108,4862.79052734375,876.5220336914062,82.34716796875,118.528076171875,0.7754002809524536,-1,-1,-1
559,4,3097.26513671875,652.4352416992188,25.03759765625,69.868896484375,0.7609235048294067,-1,-1,-1
560,1,4267.14599609375,808.1943969726562,49.20849609375,106.89886474609375,0.7868849039077759,-1,-1,-1
560,108,4865.7451171875,876.6656494140625,81.3974609375,118.19696044921875,0.758724570274353,-1,-1,-1
560,4,3098.002685546875,652.62548828125,24.7861328125,69.40093994140625,0.7445555329322815,-1,-1,-1
561,1,4267.11279296875,808.035888671875,49.40869140625,107.71533203125,0.7689948678016663,-1,-1,-1
561,108,4871.81005859375,876.0670776367188,77.10400390625,117.62188720703125,0.7349551320075989,-1,-1,-1
561,4,3098.41748046875,652.6965942382812,25.2041015625,69.07366943359375,0.7045867443084717,-1,-1,-1
562,1,4268.1181640625,808.0350341796875,49.470703125,106.50372314453125,0.7535344958305359,-1,-1,-1
562,108,4875.9677734375,875.2554321289062,74.263671875,117.3145751953125,0.7229682803153992,-1,-1,-1
562,4,3098.6787109375,652.1608276367188,24.51025390625,68.7667236328125,0.6158833503723145,-1,-1,-1
563,1,4268.85400390625,806.5770263671875,48.16845703125,109.30450439453125,0.7478863596916199,-1,-1,-1
563,108,4878.55322265625,873.7960815429688,74.69091796875,118.19915771484375,0.6949225664138794,-1,-1,-1
563,4,3098.796630859375,651.9321899414062,24.46044921875,68.74749755859375,0.5979074239730835,-1,-1,-1
564,1,4269.2099609375,805.9124145507812,47.76904296875,110.51416015625,0.7514139413833618,-1,-1,-1
564,108,4883.451171875,872.6080322265625,73.01416015625,118.72442626953125,0.7158952355384827,-1,-1,-1
564,4,3099.837890625,651.103271484375,25.447265625,69.15606689453125,0.5925167202949524,-1,-1,-1
564,246,3666.47998046875,531.2024536132812,19.28662109375,34.90789794921875,0.3267471492290497,-1,-1,-1
565,1,4269.5244140625,805.2615356445312,47.52978515625,111.08563232421875,0.7568736672401428,-1,-1,-1
565,108,4889.06201171875,872.1993408203125,70.341796875,119.32586669921875,0.7231981754302979,-1,-1,-1
565,4,3101.0791015625,650.4622192382812,25.971435546875,68.7919921875,0.6562498211860657,-1,-1,-1
565,246,3666.466552734375,531.1793212890625,19.28369140625,34.619873046875,0.32183268666267395,-1,-1,-1
566,1,4269.65576171875,804.6077270507812,47.02099609375,111.68011474609375,0.7633033990859985,-1,-1,-1
566,108,4894.48779296875,872.319091796875,67.74560546875,120.31829833984375,0.7217245697975159,-1,-1,-1
566,4,3102.091552734375,649.394775390625,26.7216796875,68.76141357421875,0.6899308562278748,-1,-1,-1
566,246,3666.676025390625,530.3435668945312,18.8818359375,35.18658447265625,0.34378424286842346,-1,-1,-1
567,1,4270.0283203125,804.376953125,46.5,110.9158935546875,0.762147068977356,-1,-1,-1
567,108,4897.3173828125,872.1558837890625,66.4267578125,120.95745849609375,0.7479328513145447,-1,-1,-1
567,4,3102.810302734375,648.6845703125,27.362060546875,70.63885498046875,0.7066203951835632,-1,-1,-1
567,246,3666.87451171875,529.1102905273438,18.612548828125,36.444580078125,0.39573177695274353,-1,-1,-1
568,1,4270.7216796875,804.5701904296875,45.23974609375,111.80682373046875,0.7695255279541016,-1,-1,-1
568,108,4899.345703125,871.6331787109375,66.18505859375,121.90447998046875,0.7577183842658997,-1,-1,-1
568,4,3104.334716796875,649.1224975585938,26.322509765625,69.4451904296875,0.6452147960662842,-1,-1,-1
568,246,3666.703369140625,525.8829956054688,18.4365234375,39.537109375,0.42688482999801636,-1,-1,-1
569,1,4271.56201171875,804.8853759765625,43.15087890625,111.79376220703125,0.766804039478302,-1,-1,-1
569,108,4900.25732421875,871.4431762695312,67.14501953125,123.05377197265625,0.7268214225769043,-1,-1,-1
569,4,3105.39453125,647.6516723632812,25.875244140625,69.58856201171875,0.6745898127555847,-1,-1,-1
569,246,3666.65673828125,524.7349243164062,18.397705078125,40.5732421875,0.4321461319923401,-1,-1,-1
570,1,4272.10693359375,805.1307373046875,41.08740234375,111.8046875,0.7889906167984009,-1,-1,-1
570,108,4901.0556640625,871.3359985351562,67.7666015625,123.59234619140625,0.7372916340827942,-1,-1,-1
570,4,3107.6328125,646.498291015625,23.803466796875,68.21929931640625,0.674688994884491,-1,-1,-1
570,246,3666.677001953125,523.9780883789062,18.439208984375,41.18438720703125,0.4433477818965912,-1,-1,-1
571,1,4272.052734375,805.4971923828125,40.4384765625,111.60760498046875,0.7922506928443909,-1,-1,-1
571,108,4901.7626953125,871.29150390625,69.14404296875,123.15380859375,0.7311639189720154,-1,-1,-1
571,4,3110.89501953125,646.1502075195312,21.446044921875,68.4686279296875,0.7057425379753113,-1,-1,-1
571,246,3666.607177734375,523.1773071289062,18.829833984375,42.0908203125,0.47609373927116394,-1,-1,-1
572,1,4271.91455078125,805.6146850585938,40.40087890625,111.57928466796875,0.7806584239006042,-1,-1,-1
572,108,4902.66943359375,871.252197265625,69.8349609375,122.08892822265625,0.7241942286491394,-1,-1,-1
572,4,3113.509033203125,645.6967163085938,19.348388671875,67.919677734375,0.7164809703826904,-1,-1,-1
572,246,3666.558349609375,522.7406005859375,18.9404296875,42.35296630859375,0.45266565680503845,-1,-1,-1
573,1,4272.13330078125,806.0853881835938,39.6103515625,109.62957763671875,0.748810887336731,-1,-1,-1
573,108,4904.14013671875,871.3474731445312,69.9013671875,120.85430908203125,0.6835876107215881,-1,-1,-1
573,4,3114.370849609375,645.434814453125,19.698486328125,67.77447509765625,0.727985680103302,-1,-1,-1
573,246,3666.522705078125,522.6366577148438,19.0283203125,42.08966064453125,0.4263315200805664,-1,-1,-1
574,1,4271.32958984375,806.3560180664062,39.95263671875,110.229248046875,0.755393385887146,-1,-1,-1
574,108,4905.48779296875,871.390625,69.525390625,119.90032958984375,0.7061095833778381,-1,-1,-1
574,4,3114.689208984375,645.81640625,20.265869140625,67.2646484375,0.7296612858772278,-1,-1,-1
574,246,3666.5009765625,522.6376953125,19.187744140625,41.86767578125,0.42116546630859375,-1,-1,-1
575,1,4270.56298828125,806.8117065429688,39.708984375,110.097900390625,0.7906660437583923,-1,-1,-1
575,108,4906.2880859375,871.4193725585938,69.8427734375,119.439697265625,0.713901698589325,-1,-1,-1
575,4,3115.467529296875,645.4990844726562,20.977783203125,66.91241455078125,0.7123310565948486,-1,-1,-1
575,246,3666.523193359375,522.7965087890625,19.17431640625,41.69610595703125,0.4000013768672943,-1,-1,-1
576,1,4270.1474609375,806.9913940429688,39.22607421875,109.82666015625,0.801753580570221,-1,-1,-1
576,108,4908.02099609375,870.4884643554688,69.466796875,119.91876220703125,0.7260450720787048,-1,-1,-1
576,4,3115.930419921875,645.3196411132812,23.225341796875,66.2940673828125,0.7180091142654419,-1,-1,-1
576,246,3666.49853515625,523.0718994140625,19.202880859375,41.25616455078125,0.3747574985027313,-1,-1,-1
577,1,4269.49365234375,806.9007568359375,39.48193359375,109.75250244140625,0.7983977794647217,-1,-1,-1
577,108,4910.3505859375,868.5266723632812,68.27587890625,121.823974609375,0.7459467053413391,-1,-1,-1
577,4,3116.425537109375,645.2427368164062,25.784912109375,65.5589599609375,0.7387484908103943,-1,-1,-1
577,246,3666.564697265625,523.4550170898438,19.138916015625,41.12872314453125,0.3883320987224579,-1,-1,-1
577,252,3228.49560546875,506.55145263671875,17.474853515625,32.62701416015625,0.3614148497581482,-1,-1,-1
578,1,4268.11181640625,806.454833984375,39.986328125,110.04571533203125,0.8024280071258545,-1,-1,-1
578,108,4912.83154296875,867.4761962890625,67.12841796875,121.94775390625,0.7550134062767029,-1,-1,-1
578,4,3118.039306640625,645.1904296875,26.1025390625,64.2210693359375,0.70795077085495,-1,-1,-1
578,246,3666.630615234375,524.3280029296875,19.044189453125,40.158447265625,0.3674125671386719,-1,-1,-1
578,252,3228.817138671875,506.7607116699219,17.740966796875,31.665435791015625,0.31751886010169983,-1,-1,-1
579,1,4267.63134765625,806.9058837890625,39.38671875,109.6473388671875,0.7970946431159973,-1,-1,-1
579,108,4914.9404296875,866.9737548828125,66.224609375,121.64349365234375,0.7665959596633911,-1,-1,-1
579,4,3118.345703125,645.1946411132812,27.5810546875,63.76641845703125,0.7402451038360596,-1,-1,-1
579,246,3666.80224609375,523.8995971679688,19.6767578125,40.73577880859375,0.38767290115356445,-1,-1,-1
579,252,3229.999755859375,507.4429626464844,17.9169921875,30.967254638671875,0.2949005365371704,-1,-1,-1
580,1,4267.09619140625,807.0944213867188,38.8564453125,109.35675048828125,0.8014966249465942,-1,-1,-1
580,108,4917.32373046875,866.5777587890625,67.0712890625,121.33282470703125,0.7879287600517273,-1,-1,-1
580,4,3118.97509765625,645.2310180664062,27.7744140625,63.28302001953125,0.7268730401992798,-1,-1,-1
580,246,3666.960205078125,523.6521606445312,20.08935546875,41.1383056640625,0.3816821873188019,-1,-1,-1
580,252,3230.171630859375,506.38922119140625,19.112548828125,32.08563232421875,0.3024207651615143,-1,-1,-1
581,1,4266.87353515625,807.6507568359375,38.73486328125,108.83740234375,0.7978882789611816,-1,-1,-1
581,108,4919.01708984375,866.3516235351562,66.80615234375,121.41058349609375,0.7945399284362793,-1,-1,-1
581,4,3119.53466796875,644.3181762695312,28.910400390625,63.7080078125,0.7247768044471741,-1,-1,-1
581,246,3667.0927734375,523.4994506835938,20.498291015625,41.5389404296875,0.3765810430049896,-1,-1,-1
581,252,3230.9130859375,507.7189025878906,19.40380859375,29.909515380859375,0.2560688555240631,-1,-1,-1
582,1,4266.63671875,808.28173828125,38.7841796875,108.3707275390625,0.8097004294395447,-1,-1,-1
582,108,4918.7880859375,866.6793212890625,68.638671875,119.78167724609375,0.8092734217643738,-1,-1,-1
582,4,3119.874755859375,643.0087280273438,30.0703125,64.02532958984375,0.6914922595024109,-1,-1,-1
582,246,3667.247314453125,523.1700439453125,20.99267578125,41.9080810546875,0.3755202889442444,-1,-1,-1
583,1,4265.44287109375,808.3089599609375,39.89111328125,108.38519287109375,0.8280861377716064,-1,-1,-1
583,108,4919.57275390625,866.6367797851562,69.56005859375,118.973388671875,0.8180338740348816,-1,-1,-1
583,4,3120.710693359375,641.7635498046875,30.26708984375,64.69482421875,0.6156743764877319,-1,-1,-1
583,246,3667.283447265625,523.2442016601562,21.149658203125,41.85211181640625,0.3884209096431732,-1,-1,-1
584,1,4263.92626953125,808.0759887695312,41.357421875,108.483642578125,0.8332637548446655,-1,-1,-1
584,108,4920.32666015625,866.3116455078125,69.3623046875,118.941162109375,0.8069337606430054,-1,-1,-1
584,4,3120.5859375,641.1139526367188,32.085693359375,65.13720703125,0.5470535159111023,-1,-1,-1
584,246,3667.296142578125,523.1893310546875,21.204345703125,41.3497314453125,0.37594616413116455,-1,-1,-1
585,1,4262.30419921875,808.1593627929688,42.68115234375,108.43988037109375,0.8329392075538635,-1,-1,-1
585,108,4920.978515625,866.1426391601562,68.5,118.99658203125,0.8012376427650452,-1,-1,-1
585,4,3122.85791015625,640.3133544921875,30.75146484375,65.39105224609375,0.5472025275230408,-1,-1,-1
585,246,3667.32080078125,523.2020263671875,21.083740234375,41.24517822265625,0.38553982973098755,-1,-1,-1
586,1,4261.21337890625,808.472900390625,43.13037109375,107.8944091796875,0.8292092084884644,-1,-1,-1
586,108,4921.4814453125,866.1776123046875,68.10986328125,118.428466796875,0.7998329997062683,-1,-1,-1
586,4,3127.684814453125,639.2620239257812,28.9169921875,66.36639404296875,0.50221186876297,-1,-1,-1
586,246,3667.316650390625,523.2625122070312,20.85400390625,41.03057861328125,0.3720247149467468,-1,-1,-1
587,1,4259.83251953125,808.8652954101562,43.93017578125,107.3541259765625,0.8287166357040405,-1,-1,-1
587,108,4922.34814453125,865.7581176757812,67.0703125,118.79364013671875,0.7847159504890442,-1,-1,-1
587,4,3130.152099609375,638.5455932617188,27.624755859375,65.61541748046875,0.5115843415260315,-1,-1,-1
587,246,3667.48974609375,522.57275390625,20.6142578125,40.785400390625,0.32848337292671204,-1,-1,-1
588,1,4258.609375,809.3677978515625,44.830078125,106.60321044921875,0.8286840915679932,-1,-1,-1
588,108,4922.61376953125,865.4277954101562,66.89990234375,119.06341552734375,0.7846614718437195,-1,-1,-1
588,4,3132.565185546875,637.546875,26.060546875,64.87542724609375,0.5654113292694092,-1,-1,-1
588,246,3667.594970703125,522.07421875,20.384033203125,40.41729736328125,0.31702131032943726,-1,-1,-1
589,1,4256.822265625,809.6013793945312,46.244140625,106.17572021484375,0.8162137269973755,-1,-1,-1
589,108,4923.22412109375,865.1287231445312,66.82763671875,119.106201171875,0.7835010886192322,-1,-1,-1
589,4,3134.99365234375,636.502197265625,24.8916015625,64.93896484375,0.6235975027084351,-1,-1,-1
589,246,3667.663818359375,521.5269775390625,20.322265625,40.18218994140625,0.2871791422367096,-1,-1,-1
590,1,4254.6416015625,810.0997314453125,48.1240234375,105.65277099609375,0.7982639074325562,-1,-1,-1
590,108,4923.763671875,864.6287231445312,66.92919921875,117.91876220703125,0.7879608273506165,-1,-1,-1
590,4,3137.4697265625,636.4248657226562,23.26025390625,62.75726318359375,0.6058084964752197,-1,-1,-1
590,246,3667.6748046875,521.5013427734375,20.50927734375,40.10955810546875,0.2701215147972107,-1,-1,-1
591,1,4252.763671875,810.5695190429688,49.71240234375,105.1248779296875,0.7882512807846069,-1,-1,-1
591,108,4924.02734375,864.31689453125,67.1796875,116.1024169921875,0.7880811095237732,-1,-1,-1
591,4,3139.3564453125,636.3275146484375,22.281982421875,60.3685302734375,0.6209861636161804,-1,-1,-1
591,246,3667.64697265625,522.134033203125,20.43701171875,39.67901611328125,0.2620118260383606,-1,-1,-1
592,1,4251.14453125,810.5286865234375,51.22412109375,104.86273193359375,0.7832703590393066,-1,-1,-1
592,108,4924.51953125,863.143310546875,67.10009765625,117.47021484375,0.7928552627563477,-1,-1,-1
592,4,3140.466064453125,636.2150268554688,22.25634765625,60.39410400390625,0.6457983255386353,-1,-1,-1
592,246,3667.565673828125,523.517822265625,20.7060546875,38.772216796875,0.2600734829902649,-1,-1,-1
593,1,4250.744140625,810.8333740234375,51.513671875,104.31640625,0.7798463702201843,-1,-1,-1
593,108,4924.95751953125,861.8095703125,67.27685546875,118.39404296875,0.7926531434059143,-1,-1,-1
593,4,3141.214111328125,635.906005859375,23.44140625,60.95257568359375,0.7040817141532898,-1,-1,-1
594,1,4250.56591796875,811.0492553710938,51.44775390625,104.01654052734375,0.7812168598175049,-1,-1,-1
594,108,4925.51904296875,860.5675659179688,67.7138671875,116.26727294921875,0.8005895614624023,-1,-1,-1
594,4,3142.33056640625,635.7052612304688,23.26123046875,61.28369140625,0.7056070566177368,-1,-1,-1
595,1,4251.1396484375,811.1827392578125,50.607421875,103.87060546875,0.7868501543998718,-1,-1,-1
595,108,4925.68115234375,859.6006469726562,68.27587890625,115.05841064453125,0.7904478311538696,-1,-1,-1
595,4,3144.28515625,636.1109008789062,22.423828125,60.117431640625,0.7160950303077698,-1,-1,-1
596,1,4251.88427734375,811.27197265625,49.46728515625,103.7401123046875,0.7902984023094177,-1,-1,-1
596,108,4926.07568359375,858.6903076171875,68.0361328125,113.5677490234375,0.80124431848526,-1,-1,-1
596,4,3144.876953125,635.94287109375,22.951416015625,60.7161865234375,0.6554421782493591,-1,-1,-1
596,259,3248.527587890625,504.57135009765625,18.60693359375,33.77593994140625,0.3435705304145813,-1,-1,-1
597,1,4252.28564453125,811.3871459960938,48.689453125,103.66436767578125,0.7907834053039551,-1,-1,-1
597,108,4926.8623046875,858.0537719726562,67.2890625,111.5806884765625,0.7899826169013977,-1,-1,-1
597,4,3145.30810546875,636.1296997070312,23.457275390625,59.6287841796875,0.6853007674217224,-1,-1,-1
598,1,4252.55322265625,811.4134521484375,48.38671875,103.6357421875,0.7898765802383423,-1,-1,-1
598,108,4927.60595703125,857.6700439453125,66.39208984375,111.02728271484375,0.7871186137199402,-1,-1,-1
598,4,3146.772705078125,635.1325073242188,21.9697265625,60.00518798828125,0.5880884528160095,-1,-1,-1
599,1,4253.06103515625,811.484130859375,47.72119140625,103.586669921875,0.7850494384765625,-1,-1,-1
599,108,4928.19775390625,857.1494750976562,65.02490234375,111.6712646484375,0.7757898569107056,-1,-1,-1
599,4,3148.369384765625,633.5878295898438,21.978759765625,60.74993896484375,0.6505753397941589,-1,-1,-1
600,1,4253.8681640625,811.4244384765625,46.83642578125,103.59423828125,0.7872655987739563,-1,-1,-1
600,108,4928.82275390625,856.52685546875,64.08203125,112.2520751953125,0.7738159894943237,-1,-1,-1
600,4,3150.23779296875,632.9462280273438,22.70556640625,60.7279052734375,0.7098585367202759,-1,-1,-1
601,1,4254.21044921875,811.3230590820312,46.38037109375,103.63958740234375,0.7787821292877197,-1,-1,-1
601,108,4929.8603515625,856.045166015625,62.931640625,112.3287353515625,0.7828788757324219,-1,-1,-1
601,4,3151.228515625,632.0464477539062,23.94287109375,61.668212890625,0.746239960193634,-1,-1,-1
602,1,4254.56787109375,811.0848388671875,46.123046875,103.8411865234375,0.7849145531654358,-1,-1,-1
602,108,4930.2900390625,855.820556640625,62.64453125,112.54644775390625,0.7761183381080627,-1,-1,-1
602,4,3151.967041015625,631.5975341796875,25.248046875,61.62860107421875,0.6979758739471436,-1,-1,-1
603,1,4254.67724609375,810.8534545898438,46.2158203125,104.091796875,0.7910979390144348,-1,-1,-1
603,108,4930.85546875,855.6952514648438,62.4814453125,112.70843505859375,0.7567740082740784,-1,-1,-1
603,4,3152.57080078125,631.4078369140625,25.87451171875,61.7052001953125,0.6358405947685242,-1,-1,-1
603,267,4073.263427734375,518.5912475585938,17.52294921875,28.61016845703125,0.33343422412872314,-1,-1,-1
604,1,4255.02880859375,810.4839477539062,46.099609375,104.402099609375,0.7953524589538574,-1,-1,-1
604,108,4931.4208984375,855.38916015625,62.6953125,112.94403076171875,0.7480049729347229,-1,-1,-1
604,4,3152.753662109375,630.7664184570312,26.794677734375,63.95819091796875,0.5739025473594666,-1,-1,-1
604,267,4073.407958984375,518.6190795898438,17.037353515625,28.8203125,0.3449426591396332,-1,-1,-1
605,1,4254.8759765625,810.247802734375,46.4453125,104.67724609375,0.8014785647392273,-1,-1,-1
605,108,4931.9658203125,855.2518920898438,62.41162109375,113.0760498046875,0.7348525524139404,-1,-1,-1
605,4,3153.57861328125,630.8724975585938,27.685791015625,64.40838623046875,0.592838704586029,-1,-1,-1
605,267,4073.36083984375,518.3223266601562,16.816650390625,29.2060546875,0.35150134563446045,-1,-1,-1
606,1,4255.037109375,810.458251953125,46.173828125,104.33026123046875,0.7983120083808899,-1,-1,-1
606,108,4932.23486328125,855.1213989257812,62.35595703125,113.0299072265625,0.7198449373245239,-1,-1,-1
606,4,3154.378173828125,630.6275024414062,28.035888671875,64.946044921875,0.6192219257354736,-1,-1,-1
606,267,4073.33935546875,518.197265625,16.687255859375,29.4464111328125,0.3554954528808594,-1,-1,-1
607,1,4255.14111328125,810.7627563476562,46.09716796875,103.93292236328125,0.799875795841217,-1,-1,-1
607,108,4932.7802734375,854.856689453125,61.8779296875,112.7021484375,0.7091863751411438,-1,-1,-1
607,4,3155.655029296875,630.3875122070312,27.998291015625,65.192626953125,0.6033108830451965,-1,-1,-1
607,267,4073.3115234375,518.2257080078125,16.510009765625,29.55859375,0.36238163709640503,-1,-1,-1
608,1,4255.1103515625,810.9842529296875,46.05810546875,103.70257568359375,0.797019362449646,-1,-1,-1
608,108,4933.072265625,854.6338500976562,62.7587890625,112.52606201171875,0.7028347849845886,-1,-1,-1
608,4,3156.54638671875,631.3845825195312,27.612548828125,64.27716064453125,0.6138883233070374,-1,-1,-1
608,267,4073.248046875,518.4667358398438,16.478759765625,29.7452392578125,0.3767421245574951,-1,-1,-1
609,1,4255.22509765625,811.2615966796875,45.8134765625,103.46063232421875,0.7943136096000671,-1,-1,-1
609,108,4933.5185546875,853.4577026367188,63.4560546875,112.48541259765625,0.7022578120231628,-1,-1,-1
609,4,3157.230224609375,631.4512939453125,26.8359375,64.33135986328125,0.5998649597167969,-1,-1,-1
609,267,4073.175048828125,518.7021484375,16.450439453125,29.91839599609375,0.3767193853855133,-1,-1,-1
610,1,4255.26171875,811.405029296875,45.541015625,103.40289306640625,0.7868445515632629,-1,-1,-1
610,108,4934.10400390625,852.9786376953125,64.59521484375,112.5767822265625,0.7032588124275208,-1,-1,-1
610,4,3157.679443359375,632.0833740234375,26.047119140625,63.64971923828125,0.5495937466621399,-1,-1,-1
610,267,4073.03662109375,518.825439453125,16.3037109375,29.80169677734375,0.35428953170776367,-1,-1,-1
611,1,4255.11328125,811.3428955078125,45.25,103.4671630859375,0.780441164970398,-1,-1,-1
611,108,4935.1533203125,852.1380615234375,64.056640625,112.16644287109375,0.7083683013916016,-1,-1,-1
611,4,3158.5654296875,631.545166015625,25.241943359375,63.13714599609375,0.5727373361587524,-1,-1,-1
611,267,4073.021728515625,519.0973510742188,16.04931640625,29.24078369140625,0.34641680121421814,-1,-1,-1
612,1,4254.796875,811.1536865234375,45.21875,103.4085693359375,0.7728922963142395,-1,-1,-1
612,108,4935.53955078125,850.732177734375,64.52783203125,112.1575927734375,0.7190187573432922,-1,-1,-1
612,4,3158.9052734375,630.246826171875,24.886962890625,64.0506591796875,0.6276972889900208,-1,-1,-1
612,267,4073.094482421875,519.3612060546875,15.35205078125,28.49798583984375,0.3574576675891876,-1,-1,-1
613,1,4254.75,811.3806762695312,44.900390625,103.0546875,0.7670059204101562,-1,-1,-1
613,108,4936.5439453125,848.5700073242188,65.0400390625,110.5654296875,0.7255346179008484,-1,-1,-1
613,4,3158.684326171875,628.8594360351562,24.919677734375,65.44964599609375,0.6449508666992188,-1,-1,-1
613,267,4073.072998046875,519.4835815429688,15.082763671875,28.01312255859375,0.3504377603530884,-1,-1,-1
614,1,4254.65234375,811.8137817382812,44.92333984375,102.47088623046875,0.7632076144218445,-1,-1,-1
614,108,4937.15869140625,846.8709106445312,65.37451171875,110.24322509765625,0.748730480670929,-1,-1,-1
614,4,3158.17431640625,628.7562255859375,25.32275390625,65.91204833984375,0.6441455483436584,-1,-1,-1
614,267,4073.127685546875,519.813232421875,14.81689453125,27.30682373046875,0.3375920057296753,-1,-1,-1
615,1,4254.56689453125,812.2197265625,44.86376953125,102.12750244140625,0.7576318979263306,-1,-1,-1
615,108,4937.64208984375,845.6375122070312,65.60205078125,110.9171142578125,0.7699207067489624,-1,-1,-1
615,4,3157.390625,628.93408203125,25.4697265625,65.69354248046875,0.632420539855957,-1,-1,-1
615,267,4073.156005859375,520.0196533203125,14.56494140625,27.08966064453125,0.3490912914276123,-1,-1,-1
616,1,4254.27392578125,812.1148681640625,45.07275390625,102.50982666015625,0.7675774097442627,-1,-1,-1
616,108,4937.962890625,844.8063354492188,66.2822265625,110.79608154296875,0.7707556486129761,-1,-1,-1
616,4,3156.603271484375,629.2899780273438,26.212890625,64.8729248046875,0.6152260899543762,-1,-1,-1
616,267,4073.168701171875,520.21923828125,14.38818359375,26.8424072265625,0.3644340932369232,-1,-1,-1
617,1,4254.04833984375,812.1561889648438,45.19775390625,102.5328369140625,0.7656840682029724,-1,-1,-1
617,108,4938.318359375,844.3984985351562,66.5986328125,111.10772705078125,0.7691788673400879,-1,-1,-1
617,4,3155.662109375,630.23291015625,26.85888671875,63.745849609375,0.5847358703613281,-1,-1,-1
617,267,4073.188720703125,520.6397705078125,14.04052734375,26.611083984375,0.38574010133743286,-1,-1,-1
618,1,4253.736328125,812.03271484375,45.2421875,103.00872802734375,0.7727879881858826,-1,-1,-1
618,108,4938.73876953125,844.7734375,67.1533203125,110.06451416015625,0.7603026032447815,-1,-1,-1
618,4,3154.89306640625,631.2323608398438,27.214599609375,62.65325927734375,0.5511234998703003,-1,-1,-1
618,267,4073.136962890625,520.9487915039062,13.87890625,26.38079833984375,0.3774464428424835,-1,-1,-1
619,1,4253.37109375,812.1404418945312,45.38037109375,103.3135986328125,0.7748733162879944,-1,-1,-1
619,108,4939.4716796875,844.7487182617188,67.8603515625,109.70513916015625,0.7591716647148132,-1,-1,-1
619,4,3154.43701171875,632.419677734375,26.8740234375,60.74615478515625,0.49216264486312866,-1,-1,-1
619,267,4072.914794921875,520.7172241210938,14.14111328125,26.4500732421875,0.35282421112060547,-1,-1,-1
620,1,4252.333984375,812.1370849609375,46.2841796875,103.69415283203125,0.7583739757537842,-1,-1,-1
620,108,4939.8779296875,844.0480346679688,69.486328125,110.60504150390625,0.7559815645217896,-1,-1,-1
620,4,3153.0419921875,633.2405395507812,27.6767578125,59.93292236328125,0.44879505038261414,-1,-1,-1
620,267,4072.1025390625,520.8599243164062,15.289794921875,26.08416748046875,0.31973889470100403,-1,-1,-1
621,1,4251.97900390625,812.2520751953125,46.3408203125,103.8402099609375,0.7544808387756348,-1,-1,-1
621,108,4940.47509765625,843.92236328125,69.6123046875,110.5467529296875,0.741601288318634,-1,-1,-1
621,4,3151.5205078125,633.0386962890625,27.64599609375,58.76287841796875,0.6372199654579163,-1,-1,-1
621,267,4071.372802734375,520.8199462890625,15.947021484375,26.15240478515625,0.35024914145469666,-1,-1,-1
622,1,4251.62060546875,811.81982421875,46.515625,104.55621337890625,0.748188853263855,-1,-1,-1
622,108,4941.46435546875,844.6416625976562,70.66455078125,110.862548828125,0.7238080501556396,-1,-1,-1
622,4,3149.731689453125,634.0553588867188,29.026123046875,59.53216552734375,0.7444697618484497,-1,-1,-1
622,267,4070.669921875,520.6315307617188,16.097412109375,26.25384521484375,0.3566577732563019,-1,-1,-1
622,277,3682.126220703125,512.5866088867188,34.1728515625,51.9117431640625,0.34880152344703674,-1,-1,-1
623,1,4251.6455078125,811.66796875,46.29248046875,104.6021728515625,0.7421935200691223,-1,-1,-1
623,108,4942.28125,845.3391723632812,70.740234375,110.31829833984375,0.7337868809700012,-1,-1,-1
623,4,3148.317138671875,635.2443237304688,29.510986328125,59.413818359375,0.7545947432518005,-1,-1,-1
623,267,4069.84228515625,520.6817016601562,16.209228515625,26.15350341796875,0.3204563856124878,-1,-1,-1
623,277,3682.608154296875,512.3933715820312,33.81591796875,52.83026123046875,0.3769682049751282,-1,-1,-1
624,1,4250.74462890625,811.44580078125,47.17578125,104.8389892578125,0.7623789310455322,-1,-1,-1
624,108,4944.25830078125,845.7593383789062,69.34130859375,109.4127197265625,0.754339873790741,-1,-1,-1
624,4,3147.201171875,636.094970703125,30.73974609375,59.10809326171875,0.7475691437721252,-1,-1,-1
624,267,4069.200439453125,520.7412109375,16.301513671875,25.9232177734375,0.34991782903671265,-1,-1,-1
624,277,3682.76708984375,513.0983276367188,33.92431640625,53.21435546875,0.4454691410064697,-1,-1,-1
625,1,4250.58935546875,811.57861328125,47.1064453125,104.68109130859375,0.7585521936416626,-1,-1,-1
625,108,4945.66162109375,846.5889892578125,69.2138671875,108.890380859375,0.763299286365509,-1,-1,-1
625,4,3146.63037109375,636.0911865234375,29.78662109375,58.5386962890625,0.7167173624038696,-1,-1,-1
625,267,4069.044921875,521.6006469726562,15.882080078125,25.00848388671875,0.3167725205421448,-1,-1,-1
625,277,3683.26708984375,513.6456298828125,32.731689453125,52.260498046875,0.36632782220840454,-1,-1,-1
626,1,4250.69775390625,811.7630615234375,46.6806640625,103.923828125,0.7443361282348633,-1,-1,-1
626,108,4947.60498046875,845.483642578125,69.09375,109.83062744140625,0.7720620632171631,-1,-1,-1
626,4,3145.9208984375,636.2091064453125,29.637451171875,58.5672607421875,0.7188379764556885,-1,-1,-1
626,267,4069.03955078125,522.0942993164062,15.499755859375,24.371826171875,0.3027080297470093,-1,-1,-1
626,277,3683.134765625,512.1920166015625,31.89990234375,52.65704345703125,0.25242355465888977,-1,-1,-1
627,1,4250.68994140625,811.4940185546875,46.54296875,103.90460205078125,0.7477453351020813,-1,-1,-1
627,108,4949.212890625,844.3400268554688,69.10009765625,111.39385986328125,0.7582749128341675,-1,-1,-1
627,4,3143.8681640625,636.1229858398438,30.954833984375,59.044189453125,0.7121568918228149,-1,-1,-1
627,267,4068.693603515625,522.1660766601562,15.59765625,24.2672119140625,0.32747745513916016,-1,-1,-1
627,277,3684.28857421875,511.57891845703125,30.41552734375,52.59130859375,0.35261270403862,-1,-1,-1
628,1,4250.43359375,810.966064453125,46.77197265625,104.0491943359375,0.7565618753433228,-1,-1,-1
628,108,4950.81787109375,843.3897094726562,68.77880859375,112.20904541015625,0.759318470954895,-1,-1,-1
628,4,3142.54296875,636.3920288085938,29.67626953125,58.459228515625,0.6737605333328247,-1,-1,-1
628,267,4068.266357421875,521.7326049804688,15.85595703125,24.63812255859375,0.34489181637763977,-1,-1,-1
628,277,3685.353515625,511.73870849609375,29.677490234375,51.8739013671875,0.312138170003891,-1,-1,-1
629,1,4249.0693359375,810.9219360351562,48.1708984375,103.50836181640625,0.7334916591644287,-1,-1,-1
629,108,4952.439453125,842.7229614257812,68.56884765625,112.82037353515625,0.7669785022735596,-1,-1,-1
629,4,3140.906982421875,636.7770385742188,29.958251953125,58.255126953125,0.6138102412223816,-1,-1,-1
629,267,4067.75439453125,520.76708984375,16.4033203125,25.7637939453125,0.36174139380455017,-1,-1,-1
629,277,3685.606689453125,511.3128662109375,28.64453125,53.11016845703125,0.36083802580833435,-1,-1,-1
630,1,4248.86865234375,810.7757568359375,48.22265625,103.3992919921875,0.7245243191719055,-1,-1,-1
630,108,4954.49853515625,842.467041015625,67.6689453125,112.52972412109375,0.7770904898643494,-1,-1,-1
630,4,3139.88525390625,637.0995483398438,27.349609375,55.8798828125,0.579656183719635,-1,-1,-1
630,267,4067.447509765625,520.2476806640625,16.530029296875,26.64703369140625,0.38090017437934875,-1,-1,-1
630,277,3685.41357421875,510.7842102050781,28.87255859375,55.065643310546875,0.3484432101249695,-1,-1,-1
631,1,4248.85009765625,810.7078247070312,47.8671875,103.12957763671875,0.7031570076942444,-1,-1,-1
631,108,4956.2470703125,842.4959106445312,67.04736328125,112.0892333984375,0.769634485244751,-1,-1,-1
631,4,3137.989990234375,637.011474609375,25.159423828125,55.65576171875,0.5240272879600525,-1,-1,-1
631,267,4067.2626953125,520.277587890625,16.35400390625,26.75189208984375,0.3983529508113861,-1,-1,-1
631,277,3685.83935546875,511.6202087402344,27.694091796875,54.458831787109375,0.4138299226760864,-1,-1,-1
632,1,4248.9013671875,810.6785888671875,47.26611328125,102.79290771484375,0.68851238489151,-1,-1,-1
632,108,4958.41748046875,842.8165893554688,66.55712890625,110.36602783203125,0.7798527479171753,-1,-1,-1
632,4,3137.165283203125,636.8367919921875,23.6220703125,55.6016845703125,0.5309521555900574,-1,-1,-1
632,267,4066.782470703125,520.43896484375,16.44384765625,26.39190673828125,0.3517395257949829,-1,-1,-1
632,277,3685.32470703125,511.5651550292969,27.57080078125,53.662628173828125,0.33883142471313477,-1,-1,-1
633,1,4248.78369140625,810.5757446289062,47.08740234375,102.81591796875,0.7010308504104614,-1,-1,-1
633,108,4960.1806640625,842.7566528320312,66.0791015625,109.85400390625,0.7739050984382629,-1,-1,-1
633,4,3134.390625,636.1972045898438,24.920654296875,58.69873046875,0.5216487050056458,-1,-1,-1
633,267,4066.01611328125,520.4852905273438,16.73876953125,26.534912109375,0.3559541702270508,-1,-1,-1
633,277,3684.270263671875,510.8791198730469,28.483642578125,53.814971923828125,0.36693814396858215,-1,-1,-1
634,1,4248.51416015625,810.2244873046875,47.1240234375,103.2149658203125,0.7139170169830322,-1,-1,-1
634,108,4961.32861328125,842.7689208984375,66.26416015625,109.748291015625,0.7610599994659424,-1,-1,-1
634,4,3132.6884765625,636.1670532226562,25.75390625,60.03851318359375,0.5268716216087341,-1,-1,-1
634,267,4065.401123046875,520.717041015625,16.97705078125,27.2698974609375,0.3632616400718689,-1,-1,-1
634,277,3683.49853515625,510.8826599121094,28.480712890625,53.184661865234375,0.3177282214164734,-1,-1,-1
635,1,4248.083984375,809.762939453125,47.22900390625,103.38787841796875,0.6988475322723389,-1,-1,-1
635,108,4962.21337890625,842.673095703125,66.18798828125,110.1126708984375,0.7454836368560791,-1,-1,-1
635,4,3131.444091796875,636.9507446289062,25.9443359375,59.0416259765625,0.41803205013275146,-1,-1,-1
635,267,4064.747802734375,520.8004150390625,17.258056640625,26.6121826171875,0.2895357608795166,-1,-1,-1
636,1,4247.85693359375,809.5293579101562,47.34521484375,103.71038818359375,0.7154155373573303,-1,-1,-1
636,108,4963.142578125,842.8917236328125,67.01171875,110.15069580078125,0.7064993977546692,-1,-1,-1
636,4,3128.992431640625,637.3484497070312,27.9365234375,59.24456787109375,0.4496855139732361,-1,-1,-1
636,267,4064.482666015625,520.7860717773438,17.08447265625,26.39141845703125,0.2636801302433014,-1,-1,-1
636,277,3682.695556640625,512.222900390625,28.7626953125,50.89825439453125,0.2717464566230774,-1,-1,-1
637,1,4247.9462890625,809.5081176757812,46.80224609375,103.761962890625,0.7099543809890747,-1,-1,-1
637,108,4963.93212890625,842.6842651367188,67.6787109375,109.88446044921875,0.6972306370735168,-1,-1,-1
637,277,3682.068603515625,512.220703125,29.209716796875,50.8880615234375,0.25463494658470154,-1,-1,-1
638,1,4247.93505859375,809.3197021484375,45.88720703125,103.889404296875,0.7053049802780151,-1,-1,-1
638,108,4966.70263671875,842.718017578125,67.3486328125,108.82989501953125,0.7219055891036987,-1,-1,-1
638,277,3682.65869140625,512.2029418945312,28.0927734375,50.809326171875,0.34642791748046875,-1,-1,-1
638,4,3126.3720703125,637.4859008789062,25.61865234375,62.7862548828125,0.46513596177101135,-1,-1,-1
639,1,4247.578125,808.6370239257812,45.556640625,104.8192138671875,0.7184402942657471,-1,-1,-1
639,108,4968.3349609375,842.9984741210938,66.873046875,107.60211181640625,0.7176398038864136,-1,-1,-1
639,277,3683.30322265625,512.1622924804688,27.22607421875,50.28173828125,0.39195334911346436,-1,-1,-1
639,4,3125.66650390625,638.2915649414062,24.326904296875,62.66943359375,0.5841984152793884,-1,-1,-1
640,1,4247.162109375,808.0013427734375,45.51953125,105.71832275390625,0.7115216255187988,-1,-1,-1
640,108,4970.09130859375,842.8982543945312,66.41650390625,105.76654052734375,0.7067391872406006,-1,-1,-1
640,277,3683.4462890625,512.6539916992188,27.044921875,50.09246826171875,0.3933568298816681,-1,-1,-1
640,4,3123.4619140625,638.214599609375,24.922119140625,63.79486083984375,0.6543410420417786,-1,-1,-1
641,1,4247.4775390625,806.075439453125,43.9775390625,108.24688720703125,0.726333737373352,-1,-1,-1
641,108,4972.0146484375,842.0052490234375,65.66748046875,105.383544921875,0.6697353720664978,-1,-1,-1
641,277,3682.3876953125,513.7654418945312,27.289306640625,49.214111328125,0.3627762794494629,-1,-1,-1
641,4,3120.500244140625,638.6939086914062,26.635498046875,63.08062744140625,0.6863604784011841,-1,-1,-1
642,1,4247.54150390625,805.6190185546875,43.162109375,108.90106201171875,0.7386448383331299,-1,-1,-1
642,108,4973.14111328125,841.3572998046875,65.85498046875,105.11236572265625,0.7073277235031128,-1,-1,-1
642,277,3682.537841796875,514.6630859375,25.74560546875,48.1173095703125,0.40777480602264404,-1,-1,-1
642,4,3118.721923828125,638.603515625,27.5087890625,64.0074462890625,0.7007460594177246,-1,-1,-1
642,267,4062.37890625,523.3128051757812,17.40087890625,26.07183837890625,0.2662678360939026,-1,-1,-1
643,1,4247.1611328125,805.3070678710938,42.099609375,108.6785888671875,0.7575481534004211,-1,-1,-1
643,108,4974.4462890625,841.2166137695312,66.0166015625,104.8265380859375,0.7181317210197449,-1,-1,-1
643,277,3681.76220703125,515.2269897460938,25.497802734375,47.0814208984375,0.4129403531551361,-1,-1,-1
643,4,3116.37353515625,639.3729858398438,28.60400390625,64.18609619140625,0.690044105052948,-1,-1,-1
643,267,4062.1142578125,523.3923950195312,17.226318359375,26.24041748046875,0.25463157892227173,-1,-1,-1
644,1,4246.77392578125,805.1185302734375,41.7763671875,108.66571044921875,0.7181730270385742,-1,-1,-1
644,108,4976.501953125,840.6339111328125,66.28173828125,104.4454345703125,0.7311758399009705,-1,-1,-1
644,277,3681.664794921875,515.2788696289062,24.361328125,46.46417236328125,0.4068761467933655,-1,-1,-1
644,4,3114.777099609375,640.5269775390625,29.8994140625,64.16656494140625,0.6528497934341431,-1,-1,-1
644,267,4061.9638671875,523.8384399414062,17.14892578125,26.03436279296875,0.2593468725681305,-1,-1,-1
645,1,4245.91796875,804.6665649414062,41.6640625,108.87451171875,0.7068668007850647,-1,-1,-1
645,108,4978.69775390625,839.3106079101562,65.9833984375,106.19873046875,0.7392666339874268,-1,-1,-1
645,277,3681.03564453125,514.8038330078125,23.5908203125,47.293212890625,0.4321586489677429,-1,-1,-1
645,4,3114.02978515625,642.7930908203125,27.7236328125,62.46258544921875,0.6554886102676392,-1,-1,-1
646,1,4244.966796875,804.3306884765625,41.6923828125,108.5950927734375,0.7021937966346741,-1,-1,-1
646,108,4980.63525390625,837.4494018554688,65.6123046875,108.91607666015625,0.7395901679992676,-1,-1,-1
646,277,3680.846435546875,514.6982421875,23.0078125,48.29095458984375,0.44134530425071716,-1,-1,-1
646,4,3113.358154296875,644.0279541015625,23.3251953125,62.73577880859375,0.7192758917808533,-1,-1,-1
647,1,4244.56103515625,803.289794921875,40.51171875,107.55987548828125,0.7148682475090027,-1,-1,-1
647,108,4982.197265625,836.4949340820312,65.7802734375,110.5565185546875,0.7279254198074341,-1,-1,-1
647,277,3680.43701171875,515.3223876953125,21.514892578125,47.1966552734375,0.39756330847740173,-1,-1,-1
647,4,3112.388916015625,644.8961791992188,20.08984375,61.89111328125,0.6489318609237671,-1,-1,-1
648,1,4244.01806640625,802.4215087890625,40.27392578125,107.05767822265625,0.7134457230567932,-1,-1,-1
648,108,4983.35546875,835.8683471679688,66.52734375,112.06854248046875,0.742918848991394,-1,-1,-1
648,277,3680.52783203125,515.3654174804688,20.19921875,45.71392822265625,0.3731713891029358,-1,-1,-1
648,4,3108.8359375,643.3960571289062,21.9716796875,63.4320068359375,0.6171229481697083,-1,-1,-1
648,267,4061.347900390625,522.3137817382812,17.18359375,27.7022705078125,0.25483933091163635,-1,-1,-1
649,1,4244.0341796875,801.8402709960938,38.19287109375,105.54095458984375,0.7204943895339966,-1,-1,-1
649,108,4985.251953125,835.235107421875,66.14892578125,112.3565673828125,0.757282555103302,-1,-1,-1
649,277,3680.31298828125,515.5657958984375,19.868408203125,45.23712158203125,0.35845786333084106,-1,-1,-1
649,4,3106.2294921875,642.2017822265625,23.190673828125,65.40997314453125,0.5530725121498108,-1,-1,-1
650,1,4243.0576171875,801.1705932617188,37.83349609375,105.98382568359375,0.68597811460495,-1,-1,-1
650,108,4986.82080078125,835.5108032226562,65.9287109375,111.701171875,0.7918696403503418,-1,-1,-1
650,277,3679.752197265625,516.4515380859375,19.66357421875,45.38079833984375,0.34360527992248535,-1,-1,-1
650,4,3104.52978515625,640.9970703125,23.13525390625,67.45611572265625,0.6687110066413879,-1,-1,-1
651,1,4243.13818359375,801.4202270507812,35.259765625,103.7989501953125,0.6949955821037292,-1,-1,-1
651,108,4988.29296875,836.5198364257812,65.65185546875,110.44659423828125,0.794688880443573,-1,-1,-1
651,277,3679.216796875,516.9840087890625,19.628662109375,45.053466796875,0.3110741972923279,-1,-1,-1
651,4,3102.35595703125,641.37109375,23.090576171875,69.0574951171875,0.6794399619102478,-1,-1,-1
652,1,4241.93505859375,802.6792602539062,34.400390625,102.45660400390625,0.6851301789283752,-1,-1,-1
652,108,4989.748046875,836.9632568359375,66.53369140625,109.7554931640625,0.7949835658073425,-1,-1,-1
652,277,3678.9853515625,517.840087890625,19.67578125,42.0313720703125,0.27064865827560425,-1,-1,-1
652,4,3099.9580078125,641.7929077148438,22.649658203125,69.50286865234375,0.6642639636993408,-1,-1,-1
653,1,4240.28173828125,802.140869140625,34.5849609375,103.02740478515625,0.6927581429481506,-1,-1,-1
653,108,4990.94384765625,837.457763671875,68.55810546875,108.93505859375,0.7977376580238342,-1,-1,-1
653,277,3678.34765625,517.7366333007812,20.061767578125,41.51251220703125,0.2618491053581238,-1,-1,-1
653,4,3098.567138671875,643.7169189453125,22.947998046875,69.76812744140625,0.619917094707489,-1,-1,-1
654,1,4239.220703125,801.0637817382812,34.853515625,104.97589111328125,0.6918009519577026,-1,-1,-1
654,108,4991.95556640625,837.8948974609375,70.31640625,108.31591796875,0.8432480692863464,-1,-1,-1
654,4,3097.46728515625,647.6525268554688,23.238525390625,67.09942626953125,0.7475307583808899,-1,-1,-1
655,1,4237.6787109375,800.5010986328125,35.01416015625,106.55023193359375,0.687261164188385,-1,-1,-1
655,108,4993.69189453125,838.5759887695312,70.38671875,107.2724609375,0.8399665355682373,-1,-1,-1
655,4,3096.951416015625,650.3029174804688,22.012939453125,64.93896484375,0.735720157623291,-1,-1,-1
656,1,4237.50341796875,800.0952758789062,32.79833984375,105.26617431640625,0.6642601490020752,-1,-1,-1
656,108,4994.86669921875,838.9141235351562,70.70654296875,106.82330322265625,0.8431770205497742,-1,-1,-1
656,4,3094.9736328125,651.882080078125,20.885009765625,63.5718994140625,0.7308751344680786,-1,-1,-1
657,1,4236.3994140625,799.0963745117188,33.40966796875,106.364013671875,0.6176586747169495,-1,-1,-1
657,108,4995.3896484375,839.1046142578125,70.92919921875,106.57537841796875,0.824931800365448,-1,-1,-1
657,4,3092.243408203125,652.156005859375,21.34228515625,63.988037109375,0.697141170501709,-1,-1,-1
658,1,4234.099609375,798.699951171875,33.9052734375,106.11090087890625,0.6088349223136902,-1,-1,-1
658,108,4996.5439453125,839.354736328125,70.3017578125,106.14947509765625,0.816994845867157,-1,-1,-1
658,4,3090.447265625,652.1204223632812,22.7705078125,64.73004150390625,0.7427880167961121,-1,-1,-1
659,1,4230.134765625,798.2409057617188,37.41650390625,106.1881103515625,0.6308911442756653,-1,-1,-1
659,108,4998.470703125,838.8863525390625,69.4814453125,106.6138916015625,0.8099300861358643,-1,-1,-1
659,4,3087.643310546875,652.0848999023438,24.424072265625,66.42291259765625,0.7389466166496277,-1,-1,-1
660,1,4225.720703125,799.0573120117188,41.57763671875,104.72406005859375,0.6655241250991821,-1,-1,-1
660,108,5000.50830078125,837.80029296875,68.494140625,107.64117431640625,0.7929805517196655,-1,-1,-1
660,4,3086.243408203125,651.56494140625,23.4716796875,68.0006103515625,0.7262345552444458,-1,-1,-1
661,1,4222.59130859375,799.9944458007812,44.61279296875,103.50244140625,0.7031471729278564,-1,-1,-1
661,108,5002.61767578125,836.75537109375,67.92724609375,108.69171142578125,0.7804566621780396,-1,-1,-1
661,4,3085.490478515625,651.2481689453125,21.401611328125,70.55322265625,0.7513872981071472,-1,-1,-1
662,1,4220.18798828125,800.5018920898438,46.97412109375,102.072998046875,0.7314743995666504,-1,-1,-1
662,108,5005.341796875,836.889404296875,66.29833984375,108.42901611328125,0.7726204991340637,-1,-1,-1
662,4,3082.02099609375,651.1199951171875,23.120361328125,71.66455078125,0.6854978203773499,-1,-1,-1
663,1,4219.1630859375,801.1699829101562,48.0146484375,100.85833740234375,0.7396566867828369,-1,-1,-1
663,108,5007.85009765625,835.99560546875,65.09228515625,109.0682373046875,0.7741749882698059,-1,-1,-1
663,4,3079.8369140625,651.6931762695312,24.1455078125,72.39361572265625,0.613776445388794,-1,-1,-1
664,1,4217.97412109375,800.9613647460938,48.72705078125,100.19073486328125,0.7567768692970276,-1,-1,-1
664,108,5010.6064453125,835.4617309570312,63.89697265625,109.105712890625,0.7679668068885803,-1,-1,-1
664,4,3077.2958984375,652.7985229492188,26.063720703125,72.62158203125,0.5886259078979492,-1,-1,-1
665,1,4215.7080078125,800.7302856445312,50.41455078125,99.63037109375,0.7435091733932495,-1,-1,-1
665,108,5013.0966796875,835.11572265625,62.6435546875,109.15447998046875,0.7618457674980164,-1,-1,-1
665,4,3075.16796875,655.2889404296875,27.30126953125,71.2548828125,0.44023069739341736,-1,-1,-1
666,1,4214.095703125,800.5410766601562,50.5791015625,100.2923583984375,0.7337917685508728,-1,-1,-1
666,108,5015.4052734375,834.9483032226562,62.20556640625,108.2659912109375,0.7567325830459595,-1,-1,-1
666,4,3072.46435546875,658.2771606445312,26.455322265625,68.8551025390625,0.46387797594070435,-1,-1,-1
666,280,3665.175537109375,515.188720703125,22.75048828125,52.4912109375,0.354610800743103,-1,-1,-1
667,1,4213.01220703125,800.230712890625,48.31005859375,99.99969482421875,0.6814883947372437,-1,-1,-1
667,108,5016.84912109375,834.6976318359375,62.5869140625,107.88360595703125,0.7304225564002991,-1,-1,-1
667,4,3071.167724609375,658.6814575195312,25.738037109375,69.34375,0.6365952491760254,-1,-1,-1
667,280,3665.013427734375,515.280029296875,22.224853515625,50.92041015625,0.3497544825077057,-1,-1,-1
668,1,4211.01806640625,800.15234375,47.49951171875,99.53167724609375,0.7103217244148254,-1,-1,-1
668,108,5018.20556640625,834.726806640625,62.63037109375,107.0191650390625,0.7422291040420532,-1,-1,-1
668,4,3069.860595703125,657.8607177734375,25.5703125,72.7218017578125,0.7178650498390198,-1,-1,-1
668,280,3663.97998046875,514.5017700195312,22.62158203125,47.197021484375,0.34809860587120056,-1,-1,-1
669,1,4208.02978515625,800.4288330078125,47.00537109375,100.67425537109375,0.7232249975204468,-1,-1,-1
669,108,5018.96240234375,834.784912109375,62.9873046875,106.997314453125,0.7543104290962219,-1,-1,-1
669,4,3068.609375,657.61083984375,24.7919921875,74.394287109375,0.7403408288955688,-1,-1,-1
669,280,3663.1953125,514.0382690429688,23.412109375,45.91064453125,0.41214606165885925,-1,-1,-1
670,1,4204.513671875,800.5283203125,44.76513671875,100.271728515625,0.7131311297416687,-1,-1,-1
670,108,5019.12060546875,834.4816284179688,63.87451171875,107.44024658203125,0.747743546962738,-1,-1,-1
670,4,3066.61474609375,658.7811889648438,24.831298828125,74.77587890625,0.71421217918396,-1,-1,-1
670,280,3661.941162109375,513.829833984375,24.724365234375,48.029296875,0.43930602073669434,-1,-1,-1
671,1,4201.91162109375,800.357421875,42.931640625,100.3970947265625,0.7006814479827881,-1,-1,-1
671,108,5019.26513671875,834.1895141601562,64.826171875,107.7030029296875,0.7501143217086792,-1,-1,-1
671,4,3064.13232421875,661.5156860351562,25.30615234375,72.3990478515625,0.7152547836303711,-1,-1,-1
671,280,3661.412109375,513.1696166992188,25.0751953125,47.66680908203125,0.40396079421043396,-1,-1,-1
672,1,4199.09521484375,799.8430786132812,43.43359375,100.43792724609375,0.6863027215003967,-1,-1,-1
672,108,5019.44970703125,833.7447509765625,65.50341796875,108.01373291015625,0.7453469634056091,-1,-1,-1
672,4,3061.41650390625,662.2037963867188,26.703369140625,72.5406494140625,0.738192617893219,-1,-1,-1
672,280,3660.72314453125,513.1397705078125,25.263916015625,55.98077392578125,0.49051573872566223,-1,-1,-1
673,1,4200.83740234375,798.8295288085938,39.6494140625,102.33837890625,0.7025486826896667,-1,-1,-1
673,108,5019.5673828125,833.5161743164062,66.08935546875,108.01495361328125,0.742326557636261,-1,-1,-1
673,4,3059.7607421875,664.088134765625,26.960693359375,70.84295654296875,0.7264167666435242,-1,-1,-1
673,280,3659.848876953125,513.1302490234375,25.19873046875,50.96588134765625,0.47038114070892334,-1,-1,-1
674,1,4195.24365234375,797.0592651367188,43.09228515625,103.65997314453125,0.6923136115074158,-1,-1,-1
674,108,5020.42724609375,832.7999267578125,66.19091796875,108.4150390625,0.7324304580688477,-1,-1,-1
674,4,3058.974609375,664.6815795898438,25.65771484375,70.280517578125,0.7177761793136597,-1,-1,-1
674,280,3659.14111328125,512.4852905273438,26.189697265625,52.99127197265625,0.5332373380661011,-1,-1,-1
675,1,4188.0732421875,796.082275390625,49.13037109375,104.2108154296875,0.7226208448410034,-1,-1,-1
675,108,5021.669921875,831.4849243164062,65.99169921875,109.8695068359375,0.7357359528541565,-1,-1,-1
675,4,3058.01806640625,665.1813354492188,24.827880859375,69.6380615234375,0.6854440569877625,-1,-1,-1
675,280,3659.60205078125,512.4943237304688,25.552490234375,50.198974609375,0.5455418825149536,-1,-1,-1
676,1,4185.8603515625,798.3961791992188,49.1708984375,102.371826171875,0.7352734208106995,-1,-1,-1
676,108,5022.7373046875,831.118896484375,66.49169921875,110.72723388671875,0.7460734844207764,-1,-1,-1
676,4,3055.738037109375,665.9169921875,24.662109375,69.44439697265625,0.6806604862213135,-1,-1,-1
676,280,3659.637939453125,512.6607055664062,25.26416015625,52.80596923828125,0.5686708688735962,-1,-1,-1
676,281,3179.5546875,521.472412109375,15.966552734375,29.89263916015625,0.5085129737854004,-1,-1,-1
677,1,4184.28173828125,799.368408203125,49.93701171875,100.3282470703125,0.7268871665000916,-1,-1,-1
677,108,5024.65380859375,830.3233032226562,64.65625,110.3714599609375,0.7451406121253967,-1,-1,-1
677,4,3053.31884765625,666.4639282226562,25.341064453125,69.153076171875,0.6041920781135559,-1,-1,-1
677,280,3659.063720703125,512.5357055664062,25.7060546875,52.62109375,0.5646951794624329,-1,-1,-1
677,281,3175.8310546875,521.2852172851562,17.49267578125,31.52532958984375,0.4936370849609375,-1,-1,-1
678,1,4184.34375,800.1318969726562,48.509765625,99.49041748046875,0.7444483637809753,-1,-1,-1
678,108,5025.48828125,829.4025268554688,64.8974609375,109.40875244140625,0.7392216920852661,-1,-1,-1
678,4,3050.835693359375,666.56689453125,26.905517578125,69.74395751953125,0.5546762347221375,-1,-1,-1
678,280,3658.38427734375,512.466064453125,26.313720703125,51.67529296875,0.5161852240562439,-1,-1,-1
678,281,3174.630126953125,520.22509765625,17.753662109375,29.3077392578125,0.5079222321510315,-1,-1,-1
679,1,4180.82373046875,799.2482299804688,50.822265625,100.77996826171875,0.6876006126403809,-1,-1,-1
679,108,5026.34765625,828.2352905273438,65.36181640625,109.05157470703125,0.7601692080497742,-1,-1,-1
679,4,3049.177490234375,666.3385620117188,27.61474609375,71.9576416015625,0.5493960380554199,-1,-1,-1
679,280,3657.976318359375,513.0169677734375,26.0439453125,52.66693115234375,0.5248330235481262,-1,-1,-1
679,281,3171.776123046875,519.7403564453125,17.26416015625,32.27447509765625,0.4363716244697571,-1,-1,-1
680,1,4178.93212890625,799.3414916992188,51.62744140625,100.91717529296875,0.6492956876754761,-1,-1,-1
680,108,5026.705078125,827.4332885742188,65.4951171875,108.89556884765625,0.7670055627822876,-1,-1,-1
680,4,3046.580810546875,665.6557006835938,29.265625,75.2066650390625,0.6425061821937561,-1,-1,-1
680,280,3657.94140625,513.1873168945312,26.2099609375,57.3526611328125,0.5419597625732422,-1,-1,-1
680,281,3167.29052734375,520.5977172851562,17.86962890625,32.52777099609375,0.4073856472969055,-1,-1,-1
681,1,4177.64404296875,799.6018676757812,52.53173828125,100.441650390625,0.6339799761772156,-1,-1,-1
681,108,5026.88037109375,826.6185302734375,65.93310546875,108.95391845703125,0.7849540710449219,-1,-1,-1
681,4,3044.937744140625,666.80322265625,29.078857421875,77.085693359375,0.5932719707489014,-1,-1,-1
681,280,3657.765869140625,513.2760620117188,26.36767578125,62.3291015625,0.5552631616592407,-1,-1,-1
681,281,3165.8037109375,521.8038940429688,17.81201171875,31.818603515625,0.2892342507839203,-1,-1,-1
682,1,4169.50927734375,800.3517456054688,58.70703125,100.712646484375,0.6680060029029846,-1,-1,-1
682,108,5026.6953125,826.0882568359375,66.58740234375,110.14984130859375,0.7891384363174438,-1,-1,-1
682,4,3044.293701171875,668.7012329101562,28.015380859375,76.606689453125,0.5789811015129089,-1,-1,-1
682,280,3657.0859375,513.3425903320312,26.983154296875,64.38427734375,0.5637947916984558,-1,-1,-1
682,281,3162.750732421875,520.968505859375,15.947021484375,32.85638427734375,0.29085445404052734,-1,-1,-1
683,1,4167.22900390625,799.58837890625,59.83251953125,102.01025390625,0.7530304193496704,-1,-1,-1
683,108,5026.6826171875,825.7750854492188,66.7958984375,111.0626220703125,0.7846313714981079,-1,-1,-1
683,4,3043.185791015625,672.1643676757812,27.29833984375,72.619384765625,0.6552444696426392,-1,-1,-1
683,280,3656.610595703125,513.7509155273438,27.913818359375,65.091796875,0.5284962058067322,-1,-1,-1
684,1,4165.15673828125,798.3597412109375,57.6982421875,102.61151123046875,0.7469840049743652,-1,-1,-1
684,108,5028.14208984375,826.4539794921875,66.80859375,109.8670654296875,0.7894083261489868,-1,-1,-1
684,4,3042.639892578125,674.04345703125,26.462646484375,70.91888427734375,0.6864205002784729,-1,-1,-1
684,280,3656.33349609375,514.0314331054688,29.013916015625,64.36639404296875,0.5123424530029297,-1,-1,-1
685,1,4163.15087890625,796.05615234375,56.3720703125,103.89581298828125,0.7357994914054871,-1,-1,-1
685,108,5029.6435546875,827.0419311523438,66.54638671875,108.0179443359375,0.7988062500953674,-1,-1,-1
685,4,3041.2021484375,675.0982055664062,26.816162109375,71.63916015625,0.7441394329071045,-1,-1,-1
685,280,3655.5146484375,514.6940307617188,30.35888671875,63.52996826171875,0.5248451828956604,-1,-1,-1
685,281,3151.63037109375,521.3775024414062,17.984375,35.08868408203125,0.49304601550102234,-1,-1,-1
686,1,4167.95361328125,794.4661865234375,47.30322265625,105.7418212890625,0.6728433966636658,-1,-1,-1
686,108,5031.712890625,827.3536987304688,65.31494140625,107.36407470703125,0.8001407980918884,-1,-1,-1
686,4,3039.13671875,674.2034301757812,28.04541015625,74.18267822265625,0.7474409937858582,-1,-1,-1
686,280,3653.83154296875,514.74951171875,32.102783203125,63.7384033203125,0.5320154428482056,-1,-1,-1
686,281,3148.5595703125,520.8289184570312,18.402099609375,34.18280029296875,0.3912835121154785,-1,-1,-1
687,1,4169.15478515625,793.7615356445312,43.041015625,106.7293701171875,0.696622371673584,-1,-1,-1
687,108,5033.80908203125,827.6304321289062,63.8603515625,106.65008544921875,0.7816809415817261,-1,-1,-1
687,4,3037.767333984375,674.1632080078125,27.954833984375,76.420166015625,0.7536147236824036,-1,-1,-1
687,280,3651.28076171875,514.0694580078125,34.5546875,66.4007568359375,0.46449095010757446,-1,-1,-1
687,281,3144.7939453125,520.8117065429688,18.634765625,33.74078369140625,0.4026497006416321,-1,-1,-1
688,1,4174.76171875,794.6942749023438,33.47216796875,105.2371826171875,0.7152758240699768,-1,-1,-1
688,108,5035.173828125,827.80615234375,63.05859375,106.09832763671875,0.7795207500457764,-1,-1,-1
688,4,3036.66357421875,674.232666015625,28.6787109375,78.0184326171875,0.7835906744003296,-1,-1,-1
688,280,3650.779541015625,514.9887084960938,35.085693359375,68.297119140625,0.528626561164856,-1,-1,-1
688,281,3141.5244140625,521.3078002929688,18.393798828125,34.2147216796875,0.33281779289245605,-1,-1,-1
689,1,4171.2626953125,795.9559936523438,34.0576171875,104.66168212890625,0.7290341854095459,-1,-1,-1
689,108,5035.9765625,828.1045532226562,63.16162109375,105.44622802734375,0.7779461145401001,-1,-1,-1
689,4,3034.677978515625,675.4905395507812,30.00634765625,78.7841796875,0.8051528334617615,-1,-1,-1
689,280,3650.859375,514.682373046875,34.2783203125,70.71905517578125,0.5653054118156433,-1,-1,-1
689,281,3138.864501953125,521.0316162109375,18.18896484375,35.86224365234375,0.2509680986404419,-1,-1,-1
690,1,4172.7734375,796.9407958984375,30.80908203125,103.08447265625,0.6837086081504822,-1,-1,-1
690,108,5036.3916015625,828.2061157226562,63.69775390625,105.3499755859375,0.7542011141777039,-1,-1,-1
690,4,3033.994384765625,676.0740356445312,29.026611328125,79.89483642578125,0.7894328236579895,-1,-1,-1
690,280,3650.066650390625,514.853271484375,35.06640625,71.60223388671875,0.521251380443573,-1,-1,-1
691,1,4165.8662109375,797.1571044921875,34.4208984375,102.820556640625,0.6256954073905945,-1,-1,-1
691,108,5037.1494140625,828.1591186523438,63.341796875,105.37823486328125,0.7540010809898376,-1,-1,-1
691,4,3033.549560546875,677.0270385742188,28.358642578125,79.67352294921875,0.7569342255592346,-1,-1,-1
691,280,3649.029052734375,514.4967041015625,35.455810546875,70.33343505859375,0.4970598816871643,-1,-1,-1
692,1,4160.96435546875,797.5496826171875,37.39453125,102.76214599609375,0.5714185833930969,-1,-1,-1
692,108,5038.19189453125,828.1869506835938,64.05322265625,105.3212890625,0.7557903528213501,-1,-1,-1
692,4,3033.176513671875,678.7616577148438,27.220947265625,78.22784423828125,0.7682232856750488,-1,-1,-1
692,280,3648.014892578125,514.5510864257812,35.874755859375,69.37249755859375,0.4533088803291321,-1,-1,-1
693,1,4149.23974609375,797.934814453125,47.11279296875,103.364990234375,0.6149799227714539,-1,-1,-1
693,108,5039.09814453125,827.8211059570312,65.8291015625,105.3944091796875,0.7691830396652222,-1,-1,-1
693,4,3032.029296875,679.1085815429688,27.434814453125,77.62017822265625,0.7600407004356384,-1,-1,-1
693,280,3649.461181640625,514.8434448242188,34.2763671875,68.46002197265625,0.4641234874725342,-1,-1,-1
694,1,4142.23876953125,798.45068359375,52.62548828125,103.36181640625,0.7293552160263062,-1,-1,-1
694,108,5040.60107421875,827.304931640625,66.51025390625,105.21746826171875,0.7814797163009644,-1,-1,-1
694,4,3031.061279296875,679.7359008789062,27.05419921875,78.03643798828125,0.768688976764679,-1,-1,-1
694,280,3648.2890625,514.6176147460938,35.280517578125,67.220947265625,0.4060926139354706,-1,-1,-1
694,281,3121.81884765625,524.4051513671875,17.9375,33.3043212890625,0.4186019003391266,-1,-1,-1
695,1,4139.68017578125,798.0342407226562,53.63623046875,104.4957275390625,0.7389073967933655,-1,-1,-1
695,108,5041.33935546875,826.6782836914062,67.78955078125,104.80206298828125,0.7679672837257385,-1,-1,-1
695,4,3030.958984375,680.378662109375,26.22607421875,78.007080078125,0.7435160279273987,-1,-1,-1
695,280,3648.556396484375,514.5104370117188,34.88232421875,69.8778076171875,0.37033534049987793,-1,-1,-1
695,281,3117.751220703125,525.1478271484375,18.498046875,34.62213134765625,0.4357387125492096,-1,-1,-1
696,1,4138.693359375,798.5767822265625,54.1591796875,103.79541015625,0.7121250629425049,-1,-1,-1
696,108,5041.98095703125,826.267578125,68.06298828125,104.79364013671875,0.748622715473175,-1,-1,-1
696,4,3030.01171875,680.5147094726562,25.791748046875,78.7684326171875,0.7162222266197205,-1,-1,-1
696,280,3648.4384765625,514.7789306640625,34.78857421875,68.53106689453125,0.33216989040374756,-1,-1,-1
696,281,3113.71142578125,527.05126953125,18.6083984375,32.749755859375,0.355503648519516,-1,-1,-1
697,1,4138.9736328125,797.90625,52.57568359375,103.9354248046875,0.5983139276504517,-1,-1,-1
697,108,5043.0576171875,826.135498046875,67.6513671875,104.7554931640625,0.7181404232978821,-1,-1,-1
697,4,3028.582275390625,680.9172973632812,25.95947265625,80.272705078125,0.7159530520439148,-1,-1,-1
697,280,3649.216064453125,514.87939453125,33.369140625,66.8941650390625,0.3137379586696625,-1,-1,-1
698,1,4139.9287109375,797.7576293945312,50.47265625,103.59735107421875,0.6204081177711487,-1,-1,-1
698,108,5044.3212890625,825.7020263671875,66.25927734375,105.53497314453125,0.7184100151062012,-1,-1,-1
698,4,3027.80712890625,682.4724731445312,24.811767578125,79.731201171875,0.619455099105835,-1,-1,-1
698,280,3649.353759765625,514.4026489257812,32.767578125,67.02886962890625,0.33342650532722473,-1,-1,-1
699,1,4142.9443359375,797.7866821289062,43.6220703125,102.62066650390625,0.45438456535339355,-1,-1,-1
699,108,5046.09912109375,826.0205688476562,65.42138671875,104.58819580078125,0.6491038203239441,-1,-1,-1
699,4,3024.875244140625,684.490966796875,26.32958984375,79.56005859375,0.5216581225395203,-1,-1,-1
699,280,3650.75,514.0639038085938,31.121337890625,68.1268310546875,0.29998382925987244,-1,-1,-1
700,1,4144.564453125,797.8759155273438,38.609375,101.7496337890625,0.5263571739196777,-1,-1,-1
700,108,5047.216796875,825.995361328125,65.392578125,103.9373779296875,0.6517471671104431,-1,-1,-1
700,4,3022.738037109375,688.1637573242188,27.91064453125,78.1226806640625,0.602158784866333,-1,-1,-1
700,280,3650.81884765625,514.0514526367188,30.8388671875,69.7841796875,0.33134227991104126,-1,-1,-1
701,1,4145.89501953125,797.4749755859375,34.5869140625,100.660888671875,0.34499192237854004,-1,-1,-1
701,108,5048.61767578125,825.5046997070312,64.53857421875,104.62890625,0.6724309921264648,-1,-1,-1
701,4,3021.431396484375,690.9925537109375,28.4560546875,76.2496337890625,0.5378249287605286,-1,-1,-1
701,280,3653.080078125,514.4017944335938,28.694580078125,71.921630859375,0.3093014657497406,-1,-1,-1
702,1,4145.94189453125,797.0855102539062,32.2041015625,101.21502685546875,0.3568480908870697,-1,-1,-1
702,108,5050.40966796875,825.1240234375,63.3798828125,105.40966796875,0.5615215301513672,-1,-1,-1
702,4,3020.663330078125,691.9646606445312,28.906494140625,76.800537109375,0.5416061878204346,-1,-1,-1
702,280,3654.63720703125,514.6629638671875,27.245849609375,74.39666748046875,0.33358120918273926,-1,-1,-1
702,281,3092.2119140625,528.3087158203125,17.454345703125,33.3623046875,0.3873434364795685,-1,-1,-1
703,1,4143.578125,798.4722900390625,31.66650390625,98.79486083984375,0.3547814190387726,-1,-1,-1
703,108,5052.22216796875,824.9248046875,61.6123046875,105.7999267578125,0.5507626533508301,-1,-1,-1
703,4,3019.3935546875,692.4531860351562,29.72119140625,76.78948974609375,0.4641660749912262,-1,-1,-1
703,280,3655.081787109375,515.0291137695312,26.316650390625,74.0281982421875,0.32761693000793457,-1,-1,-1
703,281,3087.90625,527.3177490234375,17.110107421875,35.1026611328125,0.4337659180164337,-1,-1,-1
704,1,4141.51416015625,798.83984375,32.076171875,99.594970703125,0.5411304831504822,-1,-1,-1
704,108,5053.40869140625,824.66455078125,60.62451171875,106.061279296875,0.6272577047348022,-1,-1,-1
704,4,3018.60302734375,692.8570556640625,30.26953125,79.17510986328125,0.5465588569641113,-1,-1,-1
704,280,3656.949951171875,515.6701049804688,24.714599609375,69.523193359375,0.29370608925819397,-1,-1,-1
704,281,3084.699951171875,527.6119995117188,17.609375,34.7171630859375,0.3609539866447449,-1,-1,-1
705,1,4138.20654296875,797.7420654296875,33.94287109375,102.415771484375,0.544157087802887,-1,-1,-1
705,108,5054.37939453125,824.38916015625,59.9091796875,105.96337890625,0.6344915628433228,-1,-1,-1
705,4,3018.037353515625,693.1998901367188,30.86083984375,80.10736083984375,0.5879107713699341,-1,-1,-1
705,280,3658.162109375,515.9598388671875,24.046142578125,64.34857177734375,0.25892889499664307,-1,-1,-1
706,1,4135.982421875,797.3019409179688,36.828125,105.02947998046875,0.5769189596176147,-1,-1,-1
706,108,5055.14111328125,824.304443359375,59.626953125,105.938720703125,0.5844869613647461,-1,-1,-1
706,4,3017.1904296875,693.8059692382812,31.85009765625,82.083740234375,0.6176369786262512,-1,-1,-1
706,280,3659.055908203125,515.83203125,23.570068359375,64.67352294921875,0.33036813139915466,-1,-1,-1
707,1,4133.6826171875,797.447509765625,37.4736328125,104.51409912109375,0.5984860062599182,-1,-1,-1
707,108,5056.14697265625,824.145751953125,59.5068359375,105.19866943359375,0.5711643099784851,-1,-1,-1
707,4,3016.571044921875,694.4024047851562,31.375732421875,83.5286865234375,0.5597086548805237,-1,-1,-1
707,280,3659.7724609375,515.8065795898438,22.850830078125,60.7669677734375,0.3498481810092926,-1,-1,-1
708,1,4129.0361328125,797.6456909179688,40.74755859375,103.73980712890625,0.6049370169639587,-1,-1,-1
708,108,5058.197265625,823.9869995117188,59.63037109375,103.9586181640625,0.5856322646141052,-1,-1,-1
708,4,3015.9833984375,694.401123046875,31.3037109375,84.2431640625,0.6399152874946594,-1,-1,-1
708,280,3660.84130859375,515.5092163085938,21.6259765625,53.22528076171875,0.31590506434440613,-1,-1,-1
709,1,4125.9453125,797.8292846679688,41.7705078125,104.30938720703125,0.38946548104286194,-1,-1,-1
709,108,5059.17431640625,823.8828125,60.05615234375,102.80682373046875,0.5496141314506531,-1,-1,-1
709,4,3015.796875,695.5517578125,31.2431640625,84.74560546875,0.6547053456306458,-1,-1,-1
709,280,3661.064697265625,515.515625,21.395751953125,45.68719482421875,0.3238012492656708,-1,-1,-1
709,281,3068.53466796875,530.0827026367188,16.7177734375,36.62701416015625,0.29821425676345825,-1,-1,-1
710,1,4119.630859375,798.3441772460938,45.7529296875,102.62744140625,0.48229849338531494,-1,-1,-1
710,108,5059.853515625,823.8500366210938,60.330078125,102.3155517578125,0.622453510761261,-1,-1,-1
710,4,3015.07080078125,696.4669799804688,31.49755859375,85.04071044921875,0.7169656157493591,-1,-1,-1
710,280,3661.26416015625,515.3927612304688,21.531494140625,43.37359619140625,0.34939971566200256,-1,-1,-1
710,281,3064.57275390625,530.5093994140625,18.218505859375,38.41522216796875,0.42344045639038086,-1,-1,-1
711,1,4115.5224609375,797.905029296875,48.90380859375,102.86260986328125,0.5078195929527283,-1,-1,-1
711,108,5060.05126953125,823.5320434570312,61.34375,102.4036865234375,0.6539592146873474,-1,-1,-1
711,4,3014.5205078125,697.5658569335938,32.10546875,85.06097412109375,0.7370548248291016,-1,-1,-1
711,280,3659.7412109375,515.1759643554688,22.5,43.46954345703125,0.40895313024520874,-1,-1,-1
711,281,3061.751953125,530.5350952148438,18.06298828125,37.07208251953125,0.44060850143432617,-1,-1,-1
712,1,4111.02587890625,797.2719116210938,52.541015625,104.01373291015625,0.49805518984794617,-1,-1,-1
712,108,5060.2470703125,823.2945556640625,62.86181640625,102.6162109375,0.6768206357955933,-1,-1,-1
712,4,3013.966064453125,698.4573364257812,32.544189453125,84.7193603515625,0.729335367679596,-1,-1,-1
712,280,3658.587158203125,514.9849853515625,22.729248046875,43.06634521484375,0.389631450176239,-1,-1,-1
712,281,3058.243896484375,530.9183349609375,18.929443359375,35.8291015625,0.43584954738616943,-1,-1,-1
713,1,4105.779296875,797.0729370117188,56.3095703125,103.592529296875,0.6070929169654846,-1,-1,-1
713,108,5060.81591796875,823.273681640625,64.50927734375,101.667724609375,0.6666020154953003,-1,-1,-1
713,4,3013.574462890625,699.13720703125,32.540283203125,83.75390625,0.7392809391021729,-1,-1,-1
713,280,3658.890380859375,515.1127319335938,22.250244140625,41.5086669921875,0.3719436228275299,-1,-1,-1
713,281,3054.279296875,531.5621948242188,20.84521484375,34.8565673828125,0.3239772617816925,-1,-1,-1
714,1,4102.48779296875,796.964111328125,57.484375,102.2579345703125,0.6205489635467529,-1,-1,-1
714,108,5061.0595703125,823.0548706054688,65.650390625,101.37152099609375,0.6857130527496338,-1,-1,-1
714,4,3013.02587890625,699.1546630859375,32.430908203125,83.83746337890625,0.7653682231903076,-1,-1,-1
714,280,3658.5078125,514.9125366210938,22.21044921875,41.03741455078125,0.3408767879009247,-1,-1,-1
715,1,4101.0595703125,797.3269653320312,58.10107421875,101.50396728515625,0.7005386352539062,-1,-1,-1
715,108,5061.37744140625,822.976318359375,66.771484375,101.26824951171875,0.7250963449478149,-1,-1,-1
715,4,3012.37109375,699.578369140625,32.053955078125,83.47271728515625,0.7554185390472412,-1,-1,-1
715,280,3657.48388671875,514.7402954101562,22.843017578125,40.92901611328125,0.3755578398704529,-1,-1,-1
716,1,4099.85498046875,797.7293090820312,58.62548828125,101.7288818359375,0.677061915397644,-1,-1,-1
716,108,5062.69775390625,822.0966796875,66.8115234375,101.906494140625,0.7263091802597046,-1,-1,-1
716,4,3011.88525390625,700.3757934570312,32.486083984375,82.65679931640625,0.7590376138687134,-1,-1,-1
716,280,3656.60009765625,515.5565795898438,23.79345703125,39.3311767578125,0.4422980844974518,-1,-1,-1
717,1,4098.775390625,797.8491821289062,58.1962890625,102.07977294921875,0.6777044534683228,-1,-1,-1
717,108,5063.30078125,821.5308837890625,67.564453125,102.5963134765625,0.7320154309272766,-1,-1,-1
717,4,3011.567138671875,700.4991455078125,32.706787109375,83.495361328125,0.7808277606964111,-1,-1,-1
717,280,3656.072998046875,515.8135986328125,24.402587890625,38.779052734375,0.4494403004646301,-1,-1,-1
718,1,4099.13037109375,797.2008056640625,54.69091796875,102.1641845703125,0.6452010273933411,-1,-1,-1
718,108,5063.7490234375,821.0789794921875,68.22119140625,103.46331787109375,0.7528837323188782,-1,-1,-1
718,4,3011.3984375,702.5723266601562,31.460693359375,81.69921875,0.7693709135055542,-1,-1,-1
718,280,3656.456298828125,516.42529296875,24.53662109375,37.53045654296875,0.4059476852416992,-1,-1,-1
719,1,4098.13671875,796.5027465820312,53.1259765625,102.668212890625,0.6893752813339233,-1,-1,-1
719,108,5062.67822265625,822.28173828125,70.31982421875,102.143310546875,0.7541680335998535,-1,-1,-1
719,4,3010.446044921875,703.495849609375,32.055419921875,81.4749755859375,0.7617524862289429,-1,-1,-1
719,280,3657.022216796875,516.5203247070312,24.28369140625,37.43194580078125,0.3662987947463989,-1,-1,-1
720,1,4097.38720703125,795.6469116210938,50.349609375,102.76092529296875,0.6562011241912842,-1,-1,-1
720,108,5063.763671875,823.7737426757812,69.984375,100.53460693359375,0.7386912107467651,-1,-1,-1
720,4,3009.216064453125,704.2190551757812,33.14013671875,83.2794189453125,0.718223512172699,-1,-1,-1
720,280,3657.6962890625,516.6931762695312,23.419189453125,37.64581298828125,0.3187998831272125,-1,-1,-1
720,281,3035.11572265625,528.8192749023438,18.6484375,36.95831298828125,0.3919915556907654,-1,-1,-1
721,1,4096.205078125,794.4935302734375,48.3798828125,102.77935791015625,0.6710107922554016,-1,-1,-1
721,108,5066.12646484375,824.93798828125,68.166015625,99.35003662109375,0.7415839433670044,-1,-1,-1
721,4,3008.51806640625,704.5011596679688,33.06689453125,84.0462646484375,0.7444137334823608,-1,-1,-1
721,280,3657.703125,516.3605346679688,23.281982421875,38.2994384765625,0.3201802670955658,-1,-1,-1
721,281,3032.03857421875,525.9581298828125,19.845947265625,38.58795166015625,0.3831023871898651,-1,-1,-1
722,1,4095.808349609375,795.8509521484375,47.342041015625,101.1776123046875,0.624255895614624,-1,-1,-1
722,108,5068.2333984375,825.8455200195312,66.8125,98.32513427734375,0.7341688275337219,-1,-1,-1
722,4,3007.32958984375,704.0123901367188,33.458984375,85.11676025390625,0.7755407094955444,-1,-1,-1
722,280,3657.601806640625,516.031494140625,23.8203125,36.791748046875,0.378130167722702,-1,-1,-1
722,281,3028.212158203125,523.9644775390625,20.78759765625,41.65362548828125,0.3402968645095825,-1,-1,-1
723,1,4095.427734375,796.0735473632812,46.97119140625,99.54132080078125,0.6236807703971863,-1,-1,-1
723,108,5069.76513671875,825.853759765625,67.14794921875,98.18670654296875,0.7460528016090393,-1,-1,-1
723,4,3005.703369140625,703.7936401367188,34.339599609375,86.175537109375,0.7712580561637878,-1,-1,-1
723,280,3657.767333984375,515.699462890625,23.486328125,36.7158203125,0.3614090085029602,-1,-1,-1
723,281,3024.623046875,523.2860107421875,23.053466796875,44.45794677734375,0.25708848237991333,-1,-1,-1
724,1,4096.17333984375,795.7216186523438,44.36328125,101.65350341796875,0.5760891437530518,-1,-1,-1
724,108,5071.29638671875,825.3988647460938,67.2861328125,98.499755859375,0.7287684082984924,-1,-1,-1
724,4,3004.04150390625,704.1307983398438,35.5947265625,86.166259765625,0.7411401271820068,-1,-1,-1
724,280,3658.16845703125,515.54248046875,22.988037109375,37.35272216796875,0.3812418282032013,-1,-1,-1
724,308,4064.1845703125,521.7283325195312,16.1513671875,30.15386962890625,0.3594013452529907,-1,-1,-1
725,1,4096.16064453125,795.2709350585938,42.87890625,101.9881591796875,0.6053528189659119,-1,-1,-1
725,108,5072.9619140625,823.7365112304688,68.06689453125,98.84478759765625,0.7086126804351807,-1,-1,-1
725,4,3003.48291015625,704.310791015625,35.629150390625,86.24896240234375,0.7748478055000305,-1,-1,-1
725,280,3658.4208984375,515.57568359375,22.419189453125,36.91058349609375,0.3595542013645172,-1,-1,-1
725,308,4064.32666015625,521.2945556640625,16.143310546875,31.0401611328125,0.36151331663131714,-1,-1,-1
726,1,4096.087890625,795.882080078125,40.91357421875,101.1522216796875,0.6346821784973145,-1,-1,-1
726,108,5074.27099609375,823.0321655273438,68.46044921875,98.8665771484375,0.7385640144348145,-1,-1,-1
726,4,3002.953369140625,705.1862182617188,35.25439453125,85.9986572265625,0.7779014706611633,-1,-1,-1
726,280,3658.42919921875,515.813720703125,22.4033203125,38.172607421875,0.3867877423763275,-1,-1,-1
726,308,4064.568115234375,521.334228515625,16.074462890625,30.77349853515625,0.32382577657699585,-1,-1,-1
727,1,4096.03759765625,796.347412109375,39.5771484375,101.08251953125,0.6016121506690979,-1,-1,-1
727,108,5075.87744140625,822.525634765625,68.61328125,99.76983642578125,0.7538213133811951,-1,-1,-1
727,4,3002.0751953125,705.4366455078125,34.617919921875,85.82574462890625,0.7692817449569702,-1,-1,-1
727,280,3658.090087890625,516.1951904296875,23.18212890625,38.73681640625,0.3733096420764923,-1,-1,-1
727,308,4065.47900390625,521.2667236328125,15.435791015625,29.76068115234375,0.2694627046585083,-1,-1,-1
728,1,4096.2333984375,796.365234375,38.49462890625,101.962158203125,0.5871678590774536,-1,-1,-1
728,108,5077.3095703125,821.7211303710938,68.6123046875,100.39935302734375,0.7723388671875,-1,-1,-1
728,4,3000.81591796875,705.9141235351562,34.3896484375,85.83441162109375,0.7799240946769714,-1,-1,-1
728,280,3657.947509765625,516.6849365234375,23.1259765625,38.81561279296875,0.34615516662597656,-1,-1,-1
728,310,3014.569091796875,539.78759765625,18.472900390625,33.005615234375,0.41177403926849365,-1,-1,-1
729,1,4096.41162109375,796.09814453125,37.4677734375,103.187744140625,0.5660160183906555,-1,-1,-1
729,108,5079.6845703125,821.5300903320312,67.7685546875,100.27703857421875,0.7507619857788086,-1,-1,-1
729,4,3000.288818359375,706.3284912109375,33.87646484375,85.83758544921875,0.7750741839408875,-1,-1,-1
729,280,3657.6982421875,516.9091186523438,23.408203125,38.8419189453125,0.3335230350494385,-1,-1,-1
729,310,3013.50439453125,541.2994995117188,18.60498046875,31.184326171875,0.3102039098739624,-1,-1,-1
730,1,4094.643798828125,796.0258178710938,37.549560546875,103.26507568359375,0.5268542766571045,-1,-1,-1
730,108,5082.71533203125,821.9545288085938,66.3525390625,100.853515625,0.7449377775192261,-1,-1,-1
730,4,3000.1640625,707.0601806640625,33.484619140625,85.14910888671875,0.7444366812705994,-1,-1,-1
730,280,3657.196533203125,516.5929565429688,23.909423828125,38.548583984375,0.36006295680999756,-1,-1,-1
730,310,3009.750244140625,538.426513671875,20.68408203125,34.52239990234375,0.37335336208343506,-1,-1,-1
731,1,4093.963623046875,797.3981323242188,37.093994140625,101.900146484375,0.5389838218688965,-1,-1,-1
731,108,5085.6640625,820.888427734375,65.1826171875,102.46881103515625,0.7656351327896118,-1,-1,-1
731,4,2999.5771484375,706.4060668945312,33.708251953125,85.29486083984375,0.7255756855010986,-1,-1,-1
731,280,3656.475341796875,516.0818481445312,24.79541015625,37.8236083984375,0.4079332947731018,-1,-1,-1
731,310,3007.5087890625,537.5936279296875,19.617919921875,34.53173828125,0.36315447092056274,-1,-1,-1
732,1,4094.2353515625,798.0400390625,35.67724609375,101.23876953125,0.5040486454963684,-1,-1,-1
732,108,5087.9951171875,820.09130859375,63.83984375,102.4505615234375,0.7159695625305176,-1,-1,-1
732,4,2999.92724609375,707.0843505859375,32.32373046875,84.7159423828125,0.6780443787574768,-1,-1,-1
732,280,3655.901123046875,515.7841186523438,25.38916015625,37.208984375,0.395664244890213,-1,-1,-1
732,310,3004.655029296875,536.947998046875,20.786376953125,35.1114501953125,0.30903786420822144,-1,-1,-1
733,1,4095.5771484375,798.37548828125,33.4482421875,100.64752197265625,0.4772576093673706,-1,-1,-1
733,108,5090.30517578125,819.4492797851562,63.06787109375,102.758544921875,0.6445415616035461,-1,-1,-1
733,4,2999.71142578125,707.4305419921875,32.704345703125,84.3385009765625,0.6545014977455139,-1,-1,-1
733,280,3655.581787109375,515.6288452148438,25.57275390625,36.71331787109375,0.3774316608905792,-1,-1,-1
733,310,3003.079345703125,534.2420654296875,20.773681640625,37.50738525390625,0.326892226934433,-1,-1,-1
734,1,4095.343017578125,798.636962890625,32.634033203125,100.25482177734375,0.49899137020111084,-1,-1,-1
734,108,5091.705078125,819.4476318359375,62.71533203125,102.69384765625,0.5822371244430542,-1,-1,-1
734,4,2999.935791015625,708.03857421875,32.4599609375,83.87628173828125,0.6276361346244812,-1,-1,-1
734,280,3655.656982421875,515.7495727539062,25.407470703125,37.09466552734375,0.37156009674072266,-1,-1,-1
734,310,3000.105224609375,532.8233642578125,22.75927734375,39.15093994140625,0.2524351477622986,-1,-1,-1
735,1,4095.168701171875,798.5894165039062,32.396240234375,99.86181640625,0.5033136010169983,-1,-1,-1
735,108,5092.1884765625,819.767578125,63.517578125,102.25885009765625,0.7175919413566589,-1,-1,-1
735,4,3000.4306640625,708.5593872070312,31.922119140625,83.841064453125,0.6554797887802124,-1,-1,-1
735,280,3656.147705078125,516.1963500976562,24.653564453125,37.05487060546875,0.32488319277763367,-1,-1,-1
736,1,4094.597900390625,798.5029296875,32.530029296875,99.84515380859375,0.5349535942077637,-1,-1,-1
736,108,5092.2421875,820.4596557617188,65.0234375,102.8319091796875,0.6857669949531555,-1,-1,-1
736,4,3000.69091796875,708.9038696289062,31.815673828125,84.347900390625,0.6719074845314026,-1,-1,-1
736,280,3656.327392578125,516.5313720703125,24.407470703125,35.0174560546875,0.3027482032775879,-1,-1,-1
737,1,4092.10791015625,798.6448974609375,34.451171875,99.79290771484375,0.5375231504440308,-1,-1,-1
737,108,5093.5595703125,820.70703125,64.9130859375,102.82086181640625,0.674868643283844,-1,-1,-1
737,4,3001.095947265625,709.47900390625,31.6884765625,84.91351318359375,0.6667540073394775,-1,-1,-1
737,280,3655.9013671875,516.1561279296875,25.02392578125,34.634033203125,0.3536927103996277,-1,-1,-1
738,1,4089.641357421875,798.5713500976562,36.728271484375,99.27099609375,0.6066032648086548,-1,-1,-1
738,108,5094.302734375,820.7796630859375,65.6728515625,103.2333984375,0.7008588314056396,-1,-1,-1
738,4,3001.187744140625,709.802978515625,32.0341796875,86.24395751953125,0.7186394929885864,-1,-1,-1
738,280,3655.9873046875,516.036865234375,24.9208984375,35.0474853515625,0.34976205229759216,-1,-1,-1
739,1,4086.982666015625,798.2857055664062,38.861572265625,99.49847412109375,0.5973955988883972,-1,-1,-1
739,108,5094.99853515625,820.8855590820312,66.666015625,103.19146728515625,0.6984376311302185,-1,-1,-1
739,4,3001.28857421875,710.1883544921875,32.448974609375,87.04766845703125,0.735864520072937,-1,-1,-1
739,280,3655.909423828125,515.8912353515625,24.8525390625,34.744384765625,0.315942645072937,-1,-1,-1
740,1,4081.443115234375,798.4641723632812,43.667724609375,99.7919921875,0.6403890252113342,-1,-1,-1
740,108,5096.4677734375,820.5974731445312,66.73876953125,103.70843505859375,0.7322216629981995,-1,-1,-1
740,4,3001.181884765625,710.8218383789062,32.9716796875,88.97796630859375,0.7674946784973145,-1,-1,-1
740,280,3655.880615234375,515.6716918945312,24.509033203125,34.45953369140625,0.3257273733615875,-1,-1,-1
741,1,4077.001708984375,797.8300170898438,47.104248046875,100.30413818359375,0.6668986082077026,-1,-1,-1
741,108,5098.26611328125,820.5408325195312,66.3544921875,103.14605712890625,0.7480620741844177,-1,-1,-1
741,4,3001.53955078125,711.2396240234375,32.823486328125,89.3125,0.7863137125968933,-1,-1,-1
741,280,3655.513427734375,515.3380126953125,24.3525390625,34.9208984375,0.32951486110687256,-1,-1,-1
742,1,4074.28466796875,797.9285888671875,48.8525390625,100.2877197265625,0.6763769388198853,-1,-1,-1
742,108,5100.24853515625,819.9650268554688,65.28759765625,103.24688720703125,0.7619945406913757,-1,-1,-1
742,4,3002.2353515625,711.7627563476562,32.43505859375,90.03173828125,0.784351646900177,-1,-1,-1
742,280,3655.27880859375,515.1666870117188,24.073974609375,35.3543701171875,0.3014548122882843,-1,-1,-1
742,316,3612.69921875,543.9682006835938,20.005126953125,33.97760009765625,0.3662809729576111,-1,-1,-1
743,1,4071.239501953125,798.1578369140625,50.775146484375,99.2901611328125,0.6646836996078491,-1,-1,-1
743,108,5101.732421875,819.1101684570312,64.6083984375,103.43389892578125,0.7673662900924683,-1,-1,-1
743,4,3003.88916015625,711.834716796875,31.084716796875,90.11944580078125,0.7936793565750122,-1,-1,-1
743,280,3655.109619140625,515.415771484375,23.834716796875,36.755126953125,0.3122508227825165,-1,-1,-1
743,316,3612.816162109375,544.3731689453125,19.802490234375,34.54327392578125,0.38107234239578247,-1,-1,-1
744,1,4070.063232421875,798.5414428710938,50.740966796875,98.44049072265625,0.6474279761314392,-1,-1,-1
744,108,5103.05615234375,818.08740234375,65.5947265625,103.61602783203125,0.7555665969848633,-1,-1,-1
744,4,3004.7197265625,711.599365234375,30.668701171875,90.49810791015625,0.7901943922042847,-1,-1,-1
744,280,3655.429931640625,515.5925903320312,23.64208984375,37.60760498046875,0.3228706419467926,-1,-1,-1
744,316,3612.495361328125,545.1019897460938,18.533935546875,34.921875,0.3767775297164917,-1,-1,-1
745,1,4071.877197265625,798.9537963867188,48.587158203125,98.1317138671875,0.6017897725105286,-1,-1,-1
745,108,5104.3408203125,817.88671875,65.947265625,100.4208984375,0.7289831042289734,-1,-1,-1
745,4,3005.13671875,711.340576171875,30.774658203125,90.70654296875,0.7955654859542847,-1,-1,-1
745,280,3655.671875,515.7630004882812,23.6240234375,37.75927734375,0.33595937490463257,-1,-1,-1
745,316,3612.091064453125,544.7299194335938,17.705078125,36.51983642578125,0.3893163800239563,-1,-1,-1
746,1,4075.9541015625,798.9974975585938,44.517578125,98.4173583984375,0.5863152146339417,-1,-1,-1
746,108,5105.8359375,818.53759765625,67.37548828125,97.5179443359375,0.6834996342658997,-1,-1,-1
746,4,3005.35986328125,711.481689453125,31.17333984375,90.8740234375,0.7932068109512329,-1,-1,-1
746,280,3655.73486328125,515.5023193359375,23.934326171875,37.8065185546875,0.3542752265930176,-1,-1,-1
746,316,3612.0771484375,545.2850341796875,17.133056640625,34.8372802734375,0.37371063232421875,-1,-1,-1
747,1,4080.102294921875,798.6366577148438,40.454833984375,99.566162109375,0.6169323325157166,-1,-1,-1
747,108,5107.38720703125,818.6060791015625,67.62353515625,96.9014892578125,0.7037999033927917,-1,-1,-1
747,4,3005.68896484375,711.6268310546875,31.482666015625,90.927978515625,0.799042284488678,-1,-1,-1
747,280,3656.1005859375,515.5800170898438,24.15478515625,37.61181640625,0.33508190512657166,-1,-1,-1
747,316,3612.19580078125,545.763671875,16.334228515625,33.6478271484375,0.4012942314147949,-1,-1,-1
747,327,3650.703125,570.294921875,19.08349609375,35.8665771484375,0.3299129903316498,-1,-1,-1
748,1,4082.117431640625,798.4410400390625,38.549560546875,100.4366455078125,0.5904775261878967,-1,-1,-1
748,108,5109.17822265625,818.2353515625,67.48681640625,97.20635986328125,0.753715991973877,-1,-1,-1
748,4,3006.036865234375,711.5126953125,31.793212890625,91.00823974609375,0.7891693115234375,-1,-1,-1
748,280,3655.90625,515.3983154296875,24.832763671875,38.92926025390625,0.35482409596443176,-1,-1,-1
748,316,3610.706787109375,544.8921508789062,17.231689453125,34.97796630859375,0.478812038898468,-1,-1,-1
748,327,3650.589599609375,570.8234252929688,19.69775390625,35.47088623046875,0.3332562744617462,-1,-1,-1
748,330,3448.44482421875,576.5015869140625,18.034423828125,47.31610107421875,0.38242149353027344,-1,-1,-1
749,1,4082.43798828125,798.3604125976562,38.8935546875,101.00091552734375,0.6407795548439026,-1,-1,-1
749,108,5110.25830078125,817.86474609375,67.74560546875,98.33941650390625,0.8074564933776855,-1,-1,-1
749,4,3006.253662109375,711.3216552734375,31.929931640625,90.85693359375,0.8080862760543823,-1,-1,-1
749,280,3655.6337890625,515.4877319335938,25.072998046875,40.1241455078125,0.34832024574279785,-1,-1,-1
749,316,3609.610107421875,544.6463623046875,17.69970703125,35.279296875,0.451640248298645,-1,-1,-1
749,327,3650.6484375,571.4102172851562,20.264892578125,34.45751953125,0.30781054496765137,-1,-1,-1
749,330,3448.155029296875,577.612548828125,18.047119140625,45.67913818359375,0.36860156059265137,-1,-1,-1
750,1,4082.328125,798.3084106445312,39.33935546875,101.28314208984375,0.6385161280632019,-1,-1,-1
750,108,5111.015625,817.546142578125,68.09912109375,99.138671875,0.8110939860343933,-1,-1,-1
750,4,3006.39599609375,712.445556640625,32.408203125,89.21533203125,0.796663761138916,-1,-1,-1
750,280,3655.219970703125,515.6536254882812,25.744873046875,40.64715576171875,0.346599280834198,-1,-1,-1
750,316,3609.1884765625,543.4732666015625,17.163330078125,36.50958251953125,0.40966087579727173,-1,-1,-1
750,327,3650.526123046875,570.7943725585938,20.896484375,35.59246826171875,0.3221057057380676,-1,-1,-1
750,330,3447.059326171875,578.42578125,18.9306640625,44.7191162109375,0.3179195821285248,-1,-1,-1
